x	y	clickSelects
0.124827217335922	1.60160902608236	303
-0.0805589371062001	1.84613526640617	277
0.033513138225597	1.61407484481095	277
0.085392882870286	1.75356697758792	277
0.029108205434681	1.75075101218613	277
0.054466484041012	1.65666034954509	277
-0.02728163734167	1.52991365889819	277
-0.0412765787391101	1.56775167075008	2607
0.053381128789081	1.26083574100242	2607
-0.0388390638268701	1.30474129627112	195
0.047204620328153	0.888570081666864	195
-0.0110503298681699	1.05228525683578	195
0.07749121150744	0.987833301845648	195
-0.0650072265525901	1.22641055090973	11
-0.09846540747724	1.4043812005392	11
0.026681511498178	0.80144909405065	11
-0.09009760096681	0.433044194580148	748
-0.0795551844448199	0.437888103951723	46
-0.07873368363514	0.437267399904014	11
-0.0839712171632601	0.449870593625882	11
-0.0835952057059299	0.440934741563414	154
-0.07873368363514	0.437267399904014	85
-0.0847376579245101	0.443187509430843	528
-0.08802298405304	0.441732681372279	282
0.043539893377465	1.55942843235792	303
-0.06184597202353	1.22511772159412	277
-0.03549636815757	1.30354156244777	2607
-0.00851275712710997	0.61354748271596	195
-0.116673863314	0.896148732855653	11
0.0657961315572561	0.938489104096584	11
-0.11079215497652	0.898516354961322	11
-0.0480403279114201	0.508210777506954	11
-0.1233512943642	1.12918468111675	11
-0.0418312673641199	0.524827463430202	153
0.120908709163402	1.27588949897052	282
0.0500859264817211	1.77946870679615	165
-0.08000589726884	0.982641278908438	303
0.013966119406251	0.695978417377093	277
-0.0626206647127601	1.41280691035504	277
0.04520888805422	1.85139479691584	2607
0.106383880014134	2.23848011724989	2607
0.0274243308248709	0.799181255435252	195
-0.00999343694712995	0.616311997528901	195
0.00935522647415399	0.793012961260156	11
0.031459433237645	1.10447733382078	11
0.010672541527866	0.721207145040859	11
-0.08339961147969	0.449912801072639	129
-0.0141658663071	0.636131368860485	874
-0.08263415510565	0.440810040931567	817
0.0513919210485601	1.66503610050546	165
-0.10583932661689	1.4277070440177	277
0.018902999547157	1.4831153820334	277
0.091953510279909	1.42301819535356	277
-0.08339961147969	0.449912801072639	195
0.068311206199356	1.34609882760071	11
-0.0902286802455501	0.442796457168006	11
-0.0839712171632601	0.449870593625882	748
0.008150444457516	0.713993476874511	11
-0.0434494397473899	0.526301806327481	148
-0.0782175166938699	0.964071857239262	154
-0.116673863314	0.896148732855653	154
-0.08225708155965	0.440651859148283	766
-0.04349881772075	0.524875300649614	817
-0.0849328478214499	0.439666242547024	143
-0.08354621936757	0.433132994371309	143
-0.0896567125124801	0.444185066405388	2178
-0.00993287621392991	1.31482292338033	277
0.00378208978235695	0.671020327151875	195
0.00465240525615296	0.711521637765876	11
-0.0199180480279599	1.07861921015672	11
-0.04023726103457	0.532071905598909	11
-0.04640844622843	0.524136870578357	748
0.084715903941362	0.947727666994559	11
-0.01770758392529	0.636395030944036	11
-0.1107145393266	0.870668453159516	11
-0.0828282330019501	0.447536675757059	874
-0.08339961147969	0.449912801072639	205
-0.0820625103739601	0.438548633351736	143
-0.00095173218866007	0.731352076059627	282
0.046849745419843	0.863646504500033	277
0.05001522457998	0.883114224509739	195
-0.04660565258621	1.04136195292122	11
-0.08339961147969	0.449912801072639	11
-0.08769592055931	0.443128295111818	11
-0.01483102303606	0.625720094927289	11
-0.04190488481787	0.532097436853938	291
-0.04508939812617	0.536570361539162	129
0.0800785981292	1.45877232245533	282
-0.0513056301852599	0.529470942787389	11
-0.01747823780304	0.638703861156956	11
-0.0899832473002999	0.443323500784371	11
-0.0835952057059299	0.440934741563414	148
-0.0839712171632601	0.449870593625882	85
-0.0882674333937401	0.4493671857593	85
-0.0874512885030001	0.440341507795725	85
-0.0839712171632601	0.449870593625882	129
-0.0847376579245101	0.443187509430843	541
-0.08339961147969	0.449912801072639	1081
0.040429149353772	1.84226851810581	1511
-0.0469271420385899	1.03192432234443	11
0.10246417098667	1.18153624774799	11
-0.08339961147969	0.449912801072639	11
-0.06204731260814	0.898558254280853	11
-0.03779226621182	0.529764234894303	11
-0.0415391643929499	0.532442587454713	11
-0.04668070981074	0.529201385416899	343
-0.0839712171632601	0.449870593625882	71
0.123533268454474	1.33316048331773	11
-0.0839712171632601	0.449870593625882	11
-0.08263415510565	0.440810040931567	148
-0.0420966554519799	0.533523570317544	171
-0.0828282330019501	0.447536675757059	528
-0.0847376579245101	0.443187509430843	528
-0.0828282330019501	0.447536675757059	370
-0.0796540914131001	0.961755582427628	282
0.05816418327589	0.949881042328255	165
-0.0560176345663901	1.49339319480121	277
0.075485696612245	2.33201742924174	130
-0.0307238707439299	2.02793930278023	35
0.077095246378557	0.988772158719453	11
-0.08069537196201	0.440116845810827	11
0.031499730977181	0.787129422281318	11
0.00645704691098104	0.722690446439502	11
-0.08769592055931	0.443128295111818	139
-0.08859489217438	0.440362791867803	148
-0.08339961147969	0.449912801072639	154
0.059061678186373	1.67606463798311	165
0.123810696004282	2.26458247889439	277
0.029968526733977	1.61559435206986	130
0.024450359112169	0.827183179638671	11
0.039350698089561	0.887253084335613	11
-0.0410341816703299	0.533474616548942	11
-0.03779226621182	0.529764234894303	46
-0.07873368363514	0.437267399904014	280
-0.0415898413734299	0.53533960532776	280
-0.0914800529776101	0.429011934815006	1895
-0.09366718920928	0.442877737696081	205
0.028918841896451	2.07515409263293	277
0.046910801867584	1.15986877272299	11
-0.11279952382017	0.879074762294699	11
-0.04289644472161	1.02283330262722	11
0.039271490258651	1.20316962844205	11
-0.0491581727020001	0.517804232435349	46
0.039666986313688	0.888776437954561	15
-0.01886583271164	0.636407563237505	15
-0.04620448466252	0.536608976382641	15
-0.08339961147969	0.449912801072639	11
-0.0888391586933801	0.4508252570074	11
-0.0138139264753201	0.622777268222821	11
-0.08416631831041	0.443221456385249	139
-0.0894110966111701	0.449371905243613	154
-0.08225708155965	0.440651859148283	154
-0.0186374849983799	0.634542088394341	1480
-0.0890849574443899	0.442779062356145	129
-0.0934304582107299	0.43432110080072	280
-0.07873368363514	0.437267399904014	370
-0.11298573078767	1.83093217292679	651
0.113800779928545	1.07713706522488	35
0.015854848431728	1.41132870417403	195
0.058719580361669	0.941874277306381	195
0.053689919139021	1.26249010933853	11
-0.00932001255627002	0.624593242837036	11
-0.0147463991193599	0.635127371419127	11
-0.04644239766996	0.539076693252376	11
-0.00359226448187	0.717532363900315	1480
-0.0470000309021299	0.538015295293504	1480
-0.04214570367606	0.535342942693353	1375
-0.09481395107848	0.4380494553542	171
-0.0847376579245101	0.443187509430843	71
-0.01280606481266	2.06301415382703	165
0.06057637841219	1.64491574607013	2123
0.082296090075237	1.76133578971154	2123
0.007774024135624	0.736734922075439	11
-0.08069537196201	0.440116845810827	46
0.00618321991402804	0.716589531198459	11
0.11653321654281	1.1765697685135	35
-0.00917005450194996	0.608391374544382	11
-0.11903987918241	0.887803051386023	11
-0.11930793736121	0.877317807899844	11
-0.02205796217548	0.630725685621424	1179
-0.04190488481787	0.532097436853938	11
-0.0896567125124801	0.444185066405388	11
-0.0366806187001201	0.527923961424208	139
-0.0847376579245101	0.443187509430843	139
-0.0820625103739601	0.438548633351736	148
-0.0812657829261201	0.437827870598466	148
-0.0437367514837499	0.522416873180864	171
-0.0429427649110099	0.526631978550759	171
-0.08263415510565	0.440810040931567	280
-0.08416631831041	0.443221456385249	71
-0.08802298405304	0.441732681372279	71
-0.0440372945466101	1.54089296612661	303
0.109281086226694	1.12107473595195	2123
0.117449090479134	1.07722467915578	1511
0.08907933009535	1.43310858166664	651
0.020405147255545	1.48335820825466	35
-0.0890849574443899	0.442779062356145	11
-0.01264111594303	0.624327543930029	11
0.018863874372678	0.82015114889828	11
-0.01310302295245	0.625689696138887	11
-0.0847376579245101	0.443187509430843	1664
-0.0874512885030001	0.440341507795725	650
0.055624244723907	1.26138645869655	165
0.038450550820668	0.882251164120996	165
0.00101557420601095	0.712102185389399	130
0.0105926698734889	1.07962295337705	35
-0.03236839838621	1.24932080391344	11
-0.0513056301852599	0.529470942787389	207
-0.0119521653151999	0.615882260322795	11
-0.0882674333937401	0.4493671857593	11
-0.016439850367	0.620096393027354	2933
-0.08769592055931	0.443128295111818	171
0.029723084620817	1.11709294866557	165
0.099597463704312	1.57548740654503	2123
0.095004403699724	1.57193619563108	1511
0.110490995791162	1.60476774008103	11
-0.0385887385682699	0.523619715148681	11
-0.0753323592405499	1.48714607397392	11
0.011414212546577	1.07715346016626	11
0.068702901557735	0.993128072870126	11
0.02620885966575	0.80083210011663	11
-0.00816589135177992	0.714922220097261	11
-0.112550505665	0.903037608449827	11
-0.0867536167495999	0.420209972594639	15
-0.0276433586990401	0.606383423845197	11
-0.0547838124503	1.24138500960512	277
-0.0288168038141601	2.29469721975605	195
0.064879849732	0.945544756287569	11
0.049342083805051	0.878487335255734	11
-0.0423869148386	0.526619845453516	11
-0.0427017687176201	0.533496839580061	71
-0.08339961147969	0.449912801072639	586
-0.0847376579245101	0.443187509430843	71
-0.0770994829637099	1.46364371499139	165
-0.09282409694954	1.37400645818399	35
0.006702023014866	0.719017358943274	207
-0.0894110966111701	0.449371905243613	11
-0.0885134148882401	0.436781131204268	11
-0.0853092247183001	0.440870040390586	11
-0.08550437421179	0.44105759483041	465
-0.08526070911993	0.439070474109434	71
-0.0902286802455501	0.442796457168006	650
0.103169740404282	1.6111132567241	195
-0.0505114265283899	0.528123565409429	273
0.006680830652116	0.739353805979997	273
0.076827689461439	0.977469390311138	11
-0.02205796217548	0.630725685621424	11
-0.11109742027456	0.881741064297753	11
-0.08339961147969	0.449912801072639	1412
0.025126927136304	1.46439588632245	11
-0.03692160811732	0.517915559980738	447
-0.08377812694658	0.438490822098262	87
-0.04214570367606	0.535342942693353	11
0.027110419170259	0.796529597385019	1470
-0.0839712171632601	0.449870593625882	1412
-0.0172490849448299	0.633240042584173	118
-0.0888391586933801	0.4508252570074	180
-0.08416631831041	0.443221456385249	872
0.118349366528136	1.23944862338409	1511
0.074029397478098	0.982534847900865	1511
0.064324315237821	0.92531272057481	11
-0.0415391643929499	0.532442587454713	87
-0.02481866845702	0.612096255316949	1949
-0.08339961147969	0.449912801072639	1054
-0.0399961913692599	0.523182957130856	150
-0.0890849574443899	0.442779062356145	8
-0.0888391586933801	0.4508252570074	8
-0.07870814045373	1.67669116300727	35
-0.04126463723421	1.31183583581588	11
-0.01975195670879	1.06617581940161	11
-0.0168989611330499	0.63768506013358	11
-0.04047872442752	0.529369191086344	11
-0.0896567125124801	0.444185066405388	150
-0.08416631831041	0.443221456385249	150
-0.0890849574443899	0.442779062356145	8
-0.01334796753269	0.634727772666367	8
-0.0839712171632601	0.449870593625882	8
0.0279561330810471	0.824399239801763	303
-0.11682680058715	1.1438581381797	35
0.073860894559046	1.41074758111738	35
-0.0122959363917601	0.626907648606974	1470
-0.0841175036472801	0.439048351278814	118
-0.08263415510565	0.440810040931567	180
-0.04313034093042	1.02403972357466	11
-0.0955668316764	1.4123972904446	111
-0.0334404200485501	0.509675477895747	11
-0.0459669727063701	0.522562379305363	150
-0.0415898413734299	0.53533960532776	180
-0.04668070981074	0.529201385416899	8
-0.08416631831041	0.443221456385249	650
0.00388402621708805	0.725382733121518	303
0.034100311849748	2.09390786613708	130
-0.0144719179827999	1.37619620379917	35
0.10089910061617	1.4503824865127	35
0.09106655781373	1.40242604566118	35
0.020919108468918	1.77690450060591	35
0.08178369257602	1.43260859349501	35
-0.0103558067398699	0.616976650154314	1485
-0.11782409212978	0.89678566429257	11
-0.02598898696571	0.617457640225507	125
-0.11018579547792	0.893735907853436	1470
-0.0355697810620299	0.515299546267547	68
-0.01310302295245	0.625689696138887	11
-0.04023726103457	0.532071905598909	118
-0.0888391586933801	0.4508252570074	299
-0.07873368363514	0.437267399904014	8
-0.08339961147969	0.449912801072639	650
0.044592525604175	1.59160593269817	195
0.026502292177107	0.794768096489639	11
0.00835000491165905	1.10189488770323	46
-0.0853092247183001	0.440870040390586	2481
-0.0828282330019501	0.447536675757059	118
-0.08377812694658	0.438490822098262	6
-0.05403298157477	0.505393436962393	6
-0.05018742228395	0.526788101329724	167
0.041872280821125	0.893556422317752	111
0.043153866173731	0.880867736728673	273
-0.0095494150976001	0.625960478288904	11
-0.0415391643929499	0.532442587454713	288
0.040274856518078	0.888889672107296	68
-0.08339961147969	0.449912801072639	68
-0.08416631831041	0.443221456385249	68
-0.0122959363917601	0.626907648606974	68
-0.0424611649862601	0.52807596193656	601
-0.0418312673641199	0.524827463430202	180
-0.04134880752939	0.533932250298231	8
0.088184410512342	1.02994049730138	111
-0.0703760750845901	0.960269627844152	11
-0.04108499373166	1.01048911705722	11
-0.00130305145712994	0.729913256815751	11
-0.0902286802455501	0.442796457168006	118
-0.0418594420659999	0.524622310687519	118
-0.08339961147969	0.449912801072639	299
-0.07930364216305	0.43952339662747	6
-0.016439850367	0.620096393027354	11
-0.0115100749260999	0.615335638167134	11
-0.0095494150976001	0.625960478288904	68
-0.0874512885030001	0.440341507795725	977
-0.08320602723969	0.440778558585673	38
-0.09481395107848	0.4380494553542	8
-0.0894110966111701	0.449371905243613	6
-0.0839712171632601	0.449870593625882	6
-0.0888391586933801	0.4508252570074	2671
-0.0132868957107499	1.07275775849136	474
0.0199037599861071	1.44777413118065	983
0.061275382729883	0.919086161736225	273
-0.04023726103457	0.532071905598909	288
-0.04644239766996	0.539076693252376	288
-0.00897235753809	0.624202531181679	118
-0.0835952057059299	0.440934741563414	118
-0.04532774256562	0.53443210023667	38
-0.0429427649110099	0.526631978550759	38
-0.0124782307090401	1.54187602041205	130
-0.0442940011055399	0.525777013659969	1485
-0.11757838700518	1.37797860133431	111
0.097100792678415	1.09010202899132	111
-0.10178866866242	0.8329119419158	273
0.08315463742795	0.986554864375909	11
-0.0846890001804901	0.440436789011498	11
-0.0853092247183001	0.440870040390586	6
-0.0839712171632601	0.449870593625882	71
-0.08302431994092	0.434317282051412	2411
0.051466882108574	2.02893151956015	35
-0.07930364216305	0.43952339662747	1485
0.0873933315159811	1.98791365898221	111
0.065507556465216	0.925266917495208	11
-0.0715419661415799	1.47260591237728	11
-0.0888391586933801	0.4508252570074	977
-0.0801251725187899	0.440149143612608	8
-0.0845430502229201	0.447449092200893	6
-0.08339961147969	0.449912801072639	71
-0.08339961147969	0.449912801072639	170
0.064164909894272	2.07439379018383	165
-0.0304951156523401	0.97089898957263	303
0.084032572516499	0.98709215481393	474
-0.0451964763095301	1.75885803237285	35
0.089522234371849	2.15068347058549	1485
-0.0894110966111701	0.449371905243613	127
-0.08320602723969	0.440778558585673	323
0.027448737802755	0.783719357443896	11
0.019474975531746	0.820230448338019	914
0.124335306638133	0.664821407161169	125
-0.0120645818045699	0.624316992425343	68
-0.01747823780304	0.638703861156956	38
-0.0839712171632601	0.449870593625882	601
-0.08416631831041	0.443221456385249	170
-0.0853092247183001	0.440870040390586	93
-0.0210557347910501	1.09483630297648	63
-0.0511691881313201	1.76471393420621	195
-0.11219517903459	0.880214498782699	1485
-0.0260660546116001	2.2833826564787	983
-0.0245561502315499	1.58788424349498	983
0.00404166771388903	1.6529602052704	983
-0.08859489217438	0.440362791867803	127
0.085278318490833	0.972847167375874	11
-0.06183540413633	1.24511838730254	11
-0.0415898413734299	0.53533960532776	87
-0.08416631831041	0.443221456385249	288
-0.08416631831041	0.443221456385249	6
-0.0472381272717699	0.53026010584977	1209
-0.08069537196201	0.440116845810827	2193
-0.08339961147969	0.449912801072639	275
-0.08320602723969	0.440778558585673	264
0.00873760191676598	0.732123055081606	273
0.091748482473562	1.04639889382835	11
-0.0835952057059299	0.440934741563414	288
0.054276325003972	0.84875102036671	118
-0.0770976160735299	0.423874341730427	38
-0.08339961147969	0.449912801072639	1416
-0.0828282330019501	0.447536675757059	63
0.022824105450478	0.796108095261389	130
-0.0444974380874701	1.02916470044526	474
0.072806343456194	1.80989620946584	474
0.124050972249826	1.59203863024421	130
-0.0999615153226301	1.4216818706735	195
-0.0114882766698701	0.622576785239537	127
-0.07672868733434	1.66696878857346	11
-0.08654106197727	1.22499259835334	11
-0.0839712171632601	0.449870593625882	11
-0.08069537196201	0.440116845810827	8
-0.08302431994092	0.434317282051412	8
0.081167660111279	0.984811811297577	474
0.076814946525978	1.41190478063945	983
-0.0470000309021299	0.538015295293504	127
-0.02039658870823	0.602549232731736	982
-0.0470000309021299	0.538015295293504	273
-0.04620448466252	0.536608976382641	323
-0.0843615337316199	0.433737138698786	323
-0.01812188325735	1.07606923087325	11
-0.0938522096712999	1.20255458168681	914
-0.01555402361667	0.62586113788589	68
0.00813367011441901	0.737671439998039	8
-0.08320602723969	0.440778558585673	8
-0.04644239766996	0.539076693252376	71
-0.04668070981074	0.529201385416899	741
-0.04508939812617	0.536570361539162	474
-0.0269989019617201	1.77562430853887	35
0.027708252030799	1.21415473761475	35
0.024000965712872	0.809830456552952	35
0.051133056153849	0.927568674883522	35
0.02369614517615	1.1810178064268	35
-0.0944785647572799	0.436597847592178	195
-0.07502862560269	0.979480198489828	35
0.00272025362422801	1.37427572466842	189
-0.00872620766344001	1.29525000999871	1485
-0.00180309411699997	0.733259348127935	111
-0.0934304582107299	0.43432110080072	273
-0.0750154416044699	0.957368600264688	11
-0.0413017350958	0.525612837394245	11
-0.0845430502229201	0.447449092200893	131
-0.0950518689173301	0.436649812703456	1416
0.06456446751099	0.94930562688619	165
0.044649356425025	0.894110737223483	63
-0.12255909694196	1.61635199637784	165
0.092820766196947	1.00199357556635	165
0.012185125110696	1.11782047517781	130
-0.10761545668695	0.879342462129138	474
-0.04194009200433	0.971400020755144	474
0.057012799555906	1.26921649916178	474
0.124335306638133	0.664821407161169	195
0.019474975531746	0.820230448338019	35
-0.03644003104857	0.521913518182784	35
-0.04696771316681	0.524180112219831	35
-0.11546099437312	0.898808677892746	983
-0.0845430502229201	0.447449092200893	323
-0.04349881772075	0.524875300649614	250
-0.000345093519849904	0.733622030598307	63
-0.01160809825826	0.624754510358716	63
-0.08069537196201	0.440116845810827	681
-0.08802298405304	0.441732681372279	35
-0.0236382533800801	1.06850069838275	130
-0.0399961913692599	0.523182957130856	35
-0.0894110966111701	0.449371905243613	35
-0.07380777102392	0.966524002278105	195
-0.03779226621182	0.529764234894303	983
-0.04134880752939	0.533932250298231	111
0.086250427724581	0.966006453832395	165
-0.000590425059669997	0.735573048390692	130
-0.0383483940184799	0.527958376075913	474
0.012400539834607	0.701805948497409	474
-0.0585627007214	0.494006175954152	195
-0.0860761130554599	0.43968755301716	111
-0.08893075483696	0.947803959295404	63
-0.08225708155965	0.440651859148283	165
-0.08225708155965	0.440651859148283	35
-0.01114454574487	0.617039693514411	63
-0.01310302295245	0.625689696138887	63
0.0434698720629561	0.871440908834166	130
-0.11953037286822	1.37405105072293	35
0.04148990261258	0.882781846161877	35
-0.07652743337902	0.425974547647625	11
-0.0894110966111701	0.449371905243613	125
-0.0845430502229201	0.447449092200893	36
-0.0839712171632601	0.449870593625882	11
-0.0841175036472801	0.439048351278814	11
-0.0677367366560999	1.69896690715538	130
-0.08416631831041	0.443221456385249	127
-0.0839712171632601	0.449870593625882	323
0.00062126586878597	0.728636886060639	125
0.045867922120311	0.859321085104824	36
0.00610029237330501	0.715399232337074	36
-0.00144167471072998	0.73225124077251	988
-0.00408340971694998	0.726069251448291	11
-0.01344824157513	0.628678882560934	119
-0.02428639367858	0.616823839372459	73
-0.0882674333937401	0.4493671857593	1915
-0.01287197458432	0.628672543229893	108
-0.08069537196201	0.440116845810827	429
-0.0888391586933801	0.4508252570074	6
-0.0812657829261201	0.437827870598466	1099
0.076865946255018	1.4734835808375	474
0.0471765462949429	0.890969203975803	11
0.066680561436496	0.943131562168184	11
-0.00932001255627002	0.624593242837036	73
-0.0164662975807099	0.616021269439636	73
-0.0114882766698701	0.622576785239537	119
-0.04696771316681	0.524180112219831	2826
-0.04620448466252	0.536608976382641	1193
-0.0847376579245101	0.443187509430843	647
-0.04700057162269	1.74888540832326	195
0.078198517625084	1.92863284563289	195
-0.11713402680261	2.27027731151893	983
-0.0413957752570699	1.83389421281419	983
0.121996061438507	1.24128895725142	983
-0.12146170862257	1.17281223866507	983
-0.06407602864385	1.8649756660483	111
-0.0839712171632601	0.449870593625882	127
-0.07873368363514	0.437267399904014	11
0.094717692176148	1.0659029015862	204
-0.01670908692519	0.624702709358128	406
-0.0180577457025499	0.637693946237534	73
-0.08377812694658	0.438490822098262	73
-0.03779226621182	0.529764234894303	358
-0.04214570367606	0.535342942693353	547
-0.08339961147969	0.449912801072639	6
-0.08339961147969	0.449912801072639	57
0.0856853752861521	1.70398082545652	63
0.106200107697117	1.88558571000346	35
-0.0401869325392401	0.521203170173777	127
-0.01949536855547	1.351352540179	204
0.048710669701778	0.876787982076931	11
0.036217634153531	0.877222893007354	125
-0.07930364216305	0.43952339662747	406
-0.08416631831041	0.443221456385249	1088
-0.0845430502229201	0.447449092200893	8
-0.0890849574443899	0.442779062356145	57
0.064989072111674	1.95881408512669	35
0.112768302459966	1.13353880912375	983
-0.0764361794844199	1.43805377891316	947
0.05078822205006	1.22729530522608	111
0.079683958860019	0.96634585798228	11
-0.0902550016205801	1.22348350447763	288
-0.0845430502229201	0.447449092200893	36
-0.0894110966111701	0.449371905243613	119
-0.00797269280120005	0.595900202599523	1193
-0.0410341816703299	0.533474616548942	1363
-0.0849328478214499	0.439666242547024	57
-0.08550437421179	0.44105759483041	580
-0.0410193230298299	1.28570843049337	983
0.011863851542643	1.09426234046527	983
-0.0790567847808199	0.973686626424389	11
-0.01483102303606	0.625720094927289	36
-0.0120645818045699	0.624316992425343	119
-0.0846890001804901	0.440436789011498	1088
-0.04508939812617	0.536570361539162	537
-0.0839712171632601	0.449870593625882	725
-0.0847376579245101	0.443187509430843	1017
-0.04349881772075	0.524875300649614	6
-0.0334404200485501	0.509675477895747	1099
-0.0849328478214499	0.439666242547024	2748
-0.0849328478214499	0.439666242547024	61
-0.0766153724702801	0.985041731658963	983
-0.0796540914131001	0.961755582427628	11
-0.0784581910477	0.950441707079351	11
-0.0828282330019501	0.447536675757059	369
-0.04640844622843	0.524136870578357	108
-0.08225708155965	0.440651859148283	108
-0.0839712171632601	0.449870593625882	725
-0.08263415510565	0.440810040931567	6
0.022877741722384	1.48579144299464	983
0.0296359891846471	1.2082320271887	983
-0.04640844622843	0.524136870578357	11
-0.0839712171632601	0.449870593625882	8
-0.09390547420314	0.431680162066756	6
-0.11288482524186	0.907059098853463	546
0.078529637246764	1.99346831306092	983
-0.11197265370847	0.866856411873268	111
0.033906366813686	1.12822026091638	11
-0.02739144382999	1.28981071081629	11
-0.09158916228805	1.42599512380198	11
0.082216387441269	0.982807029127533	11
-0.08416631831041	0.443221456385249	11
-0.0729042677104199	0.979589472609576	125
-0.0513056301852599	0.529470942787389	18
-0.0427017687176201	0.533496839580061	73
-0.0909067660856999	0.433638564474956	73
-0.08302431994092	0.434317282051412	358
-0.08320602723969	0.440778558585673	8
-0.0369959684733401	0.521928332999433	6
-0.0820625103739601	0.438548633351736	51
0.064287712164719	1.33884477102183	651
-0.09080074039722	1.41753766173026	11
0.029070143478837	0.805944063841635	11
-0.04508939812617	0.536570361539162	734
0.053364474147425	0.865149803934685	36
0.0405916358806801	0.886254045888891	36
-0.0882674333937401	0.4493671857593	515
-0.0828282330019501	0.447536675757059	8
-0.08339961147969	0.449912801072639	8
0.02924060043871	0.779259340217156	6
-0.08339961147969	0.449912801072639	17
-0.0772401498919999	0.962323769442975	130
0.00787468090514998	1.72586666819553	682
-0.11518764756542	0.89277059946641	130
0.014798060113815	1.42503000454489	35
0.00840996933321902	0.719080923852819	11
-0.0259220064771	1.52603398197896	11
0.0246997881851559	0.799115360684625	734
-0.0458493842293	0.521538897834311	18
-0.0860761130554599	0.43968755301716	18
-0.0896567125124801	0.444185066405388	108
-0.0385887385682699	0.523619715148681	858
-0.0795551844448199	0.437888103951723	6
-0.0839712171632601	0.449870593625882	1099
0.027430866720093	2.05092361588541	1484
-0.0194856098642799	0.619141583519784	983
-0.0470000309021299	0.538015295293504	983
-0.0128682444673001	1.31679413384541	983
0.041873408624157	1.18189275357667	27
-0.0847376579245101	0.443187509430843	406
-0.11633975279371	0.90128388498729	36
0.020678308461155	0.815640337206591	36
-0.1102216684057	0.883516427868256	36
-0.01497375952518	0.626815441820046	73
-0.0899832473002999	0.443323500784371	8
-0.04190488481787	0.532097436853938	858
0.078569794522265	0.992455228135385	63
-0.0737413418084001	2.34307178970716	35
0.059084242425219	0.942852115328664	11
0.082397043172864	1.05411721819394	11
-0.02347422026922	1.07832544251875	11
0.0497496844005631	0.87368237072612	36
-0.01497375952518	0.626815441820046	8
-0.0801251725187899	0.440149143612608	8
-0.0839712171632601	0.449870593625882	8
-0.08225708155965	0.440651859148283	1099
0.0000394537091800151	2.30049331303494	35
-0.11500857820775	1.56499512317482	35
0.106905309371858	1.87630764858809	195
-0.0157411008141199	0.628653409550949	983
0.0530782014112881	0.868755715716033	2837
-0.0839712171632601	0.449870593625882	406
0.063601487118969	0.9286289931041	18
-0.0383483940184799	0.527958376075913	18
-0.00989779744189989	0.622866149027712	73
-0.0882674333937401	0.4493671857593	8
-0.0418312673641199	0.524827463430202	8
0.09616498509478	1.10257623678928	63
0.042921699206912	1.21882186806816	546
0.037957614246662	1.19565662621145	1484
0.00505998710734301	1.37000796567676	983
-0.0379806824764699	1.30594354786795	983
0.04504097978005	0.889142402736524	11
-0.09517399380611	1.63095009363605	11
0.059347737020356	0.938265459751189	11
-0.0176328597204001	1.09345878475966	36
-0.00858849284308993	0.607451494864004	36
0.024407364308402	0.796080201315422	18
-0.0798738120136799	0.439491622411154	554
-0.0851151108295401	0.440731287229333	8
-0.0820625103739601	0.438548633351736	168
-0.0874512885030001	0.440341507795725	229
-0.1135648570803	0.881973061522531	63
0.095281528471731	1.03301824940463	983
0.030453052485648	1.79313055270564	983
0.048896946007073	1.55127633037001	983
0.119946845008849	1.2293679871691	11
0.105829374876666	1.13199686069458	11
-0.04265435035125	0.532486819419197	109
0.019026365471383	0.807465288233764	406
0.091163426722539	1.04272540375357	36
0.011663867835752	0.724188682543003	36
0.037469469490987	0.76872528786474	73
0.029540563658328	0.785993316757275	18
-0.08302431994092	0.434317282051412	858
0.023413431801483	0.805137540275702	63
0.018306487236458	1.97893808565982	35
0.109628608189934	1.49125478121066	35
0.081000131774604	1.42503825513674	1484
-0.12057663378289	0.895017884994943	11
0.063950509659452	0.946063765229989	27
-0.04620448466252	0.536608976382641	73
-0.08416631831041	0.443221456385249	554
-0.00677997784668993	0.60832027966255	8
-0.0407929329814201	0.533927779339571	815
-0.08320602723969	0.440778558585673	514
-0.0846890001804901	0.440436789011498	514
-0.12344235945761	0.882713993217099	546
-0.07721500906353	0.923123697910513	983
-0.0222784408078101	2.28889036367644	983
-0.0995173652700101	1.98501947960169	983
-0.0483535738310099	0.525937365155936	983
-0.10734260619032	0.86569633718039	11
-0.01425479430582	0.627452816338297	225
0.00752949533425196	0.740809655079528	36
-0.04508939812617	0.536570361539162	73
-0.04620448466252	0.536608976382641	18
0.00111132443022099	0.728448124575483	18
-0.04620448466252	0.536608976382641	18
-0.00897235753809	0.624202531181679	73
-0.08802298405304	0.441732681372279	73
-0.0795551844448199	0.437888103951723	554
-0.11349180150988	0.904463976117637	181
-0.08550437421179	0.44105759483041	181
-0.0839712171632601	0.449870593625882	8
-0.01666930892366	0.634228759091904	168
-0.08550437421179	0.44105759483041	6
-0.0931269777378601	2.26391077948027	195
-0.00816513234476002	0.622832413652728	109
0.00692507740109505	0.741800165038779	109
-0.08416631831041	0.443221456385249	18
-0.0853092247183001	0.440870040390586	73
-0.0874512885030001	0.440341507795725	858
-0.09424046328752	0.44292541463143	445
0.115005219305903	1.10290447393018	983
0.0490907657224861	0.879396118015549	406
0.00579085682948799	1.12674532546783	406
0.0110621403639311	0.725966203683219	73
-0.0151784169815801	0.617179616703876	1181
0.032221171122228	0.780546349303588	181
-0.0383483940184799	0.527958376075913	858
0.007284823126959	0.736234203032087	6
-0.0513056301852599	0.529470942787389	168
-0.05018742228395	0.526788101329724	445
-0.09009760096681	0.433044194580148	57
-0.08664806450542	0.433954956347628	1462
0.123679116891098	1.39597238759015	111
-0.0781947763078501	1.46917385302973	983
0.035671861978701	1.78820286528631	11
0.051978600151217	0.862273309928336	27
0.051227845612147	0.879452217645056	406
-0.01368574201731	0.619396354090671	73
-0.0896567125124801	0.444185066405388	18
-0.08339961147969	0.449912801072639	18
-0.0903336927395999	0.433585250414818	18
-0.0410341816703299	0.533474616548942	1181
-0.0896567125124801	0.444185066405388	181
-0.08416631831041	0.443221456385249	8
-0.08320602723969	0.440778558585673	858
0.006320416139589	0.740719023640293	858
-0.0885134148882401	0.436781131204268	6
-0.04042479323382	0.520705494649999	445
-0.08263415510565	0.440810040931567	51
-0.0418594420659999	0.524622310687519	57
-0.0380328258583	0.523605992889401	17
0.018730391347038	1.4879201277365	35
0.074767604023092	1.3757214670986	983
-0.000590542091279955	1.39312256288246	983
-0.0574851745384899	1.21608163799001	983
0.049605858068989	0.879175509954293	111
-0.0944785647572799	0.436597847592178	18
-0.0847376579245101	0.443187509430843	108
-0.0950518689173301	0.436649812703456	181
-0.0888391586933801	0.4508252570074	181
-0.08339961147969	0.449912801072639	858
-0.09385735201841	1.21388082477539	546
0.035519639266959	0.880941677009881	546
0.12057252967395	1.17390693990125	705
0.058810702519982	1.24668794538467	983
-0.0371893889255499	1.56008435263936	983
0.104828433706462	1.12080090777669	983
-0.11307108575396	0.882598641285895	27
-0.0021565696916499	0.728500375181151	27
-0.0458849682712701	0.537978785932862	532
-0.0470000309021299	0.538015295293504	109
-0.0882674333937401	0.4493671857593	406
-0.0839712171632601	0.449870593625882	18
-0.0101267021939599	0.625968597531391	73
-0.08802298405304	0.441732681372279	73
-0.08339961147969	0.449912801072639	6
0.035594696527334	1.22774465903834	35
0.06095314789386	1.30997300505471	983
-0.07933886337013	1.48163313229672	11
-0.08339961147969	0.449912801072639	201
-0.08302431994092	0.434317282051412	446
-0.08339961147969	0.449912801072639	17
0.07345390901157	1.33403459953748	546
0.118277600027477	1.16889655527704	111
0.0379824518812461	1.49977232288613	983
-0.00896369832753008	2.10985760714395	983
-0.0419689164506401	1.03897909757743	983
-0.03312450250298	0.508315290661536	406
-0.0418594420659999	0.524622310687519	1452
-0.0510708496702199	0.525594149866758	18
-0.0860761130554599	0.43968755301716	18
-0.0839712171632601	0.449870593625882	73
-0.0496286255926099	0.519316767536416	201
-0.0995157872799	1.64286193263659	195
0.075253771430625	1.00413178857119	983
-0.0120645818045699	0.624316992425343	532
-0.04131615324709	1.03812980224271	406
-0.0790525425747299	0.96764647555507	406
-0.0902286802455501	0.442796457168006	3
-0.03692160811732	0.517915559980738	6
-0.0874512885030001	0.440341507795725	6
0.034702052264914	1.49637690518504	331
0.0873847177996639	1.9089025505701	546
0.084459318835492	1.0462387399597	35
0.0959727800506121	1.14344803752787	566
-0.0531345098962299	1.02598165744847	195
0.101759735319231	1.14615775350701	983
-0.0458849682712701	0.537978785932862	33
-0.08802298405304	0.441732681372279	109
-0.04971740243025	0.517852988714535	109
0.08248809835704	0.97583051014928	406
-0.12046795187138	0.895114143146138	406
-0.09481395107848	0.4380494553542	73
0.000494633413342993	0.72357049601941	201
-0.0415898413734299	0.53533960532776	271
-0.0429427649110099	0.526631978550759	511
-0.0342045991570901	0.492148346355883	168
-0.0515408168641001	0.521092044791624	168
-0.0882674333937401	0.4493671857593	507
-0.0292320712362799	1.35844474405838	35
-0.0459669727063701	0.522562379305363	33
-0.00156661910648004	1.09579082829498	109
0.052197335548313	0.86540522899554	406
-0.0853092247183001	0.440870040390586	73
-0.07502862560269	0.979480198489828	3
-0.0845430502229201	0.447449092200893	3
0.00980849675941897	1.09102092482543	3
0.00316572629087997	0.735698687776546	73
-0.01310302295245	0.625689696138887	70
-0.08069537196201	0.440116845810827	446
-0.08263415510565	0.440810040931567	507
-0.00238477281492	1.38852446098077	331
0.092338698060104	2.26444116832028	566
-0.0258800821727101	1.60581365570241	195
-0.0782175166938699	0.964071857239262	27
0.003526850011218	0.737148457298255	109
-0.113946470651	0.878472393128135	406
-0.0798738120136799	0.439491622411154	73
-0.0459669727063701	0.522562379305363	73
0.010704144956816	0.719304421544552	73
-0.07873368363514	0.437267399904014	73
-0.0839712171632601	0.449870593625882	95
-0.0882674333937401	0.4493671857593	6
-0.0839712171632601	0.449870593625882	6
-0.0795551844448199	0.437888103951723	6
0.053506763137591	0.861738529944045	331
-0.0154464170511901	1.88744425549343	195
0.104392721932085	1.49343435591907	2111
-0.0168989611330499	0.63768506013358	983
-0.0885134148882401	0.436781131204268	11
0.012120642049181	0.793382248624846	352
-0.04214570367606	0.535342942693353	3
0.00694685757049696	0.708740213487118	3
-0.11085512219538	0.876623013273336	130
-0.0101829582714801	1.54103297582112	130
0.0338642338655421	1.14523180344205	195
0.045288493654874	1.66886765056094	705
-0.01264111594303	0.624327543930029	983
-0.04349881772075	0.524875300649614	983
0.044207143348411	0.860363730066223	613
0.019440901451007	0.824291425270061	406
0.00840996933321902	0.719080923852819	18
-0.1157947829432	0.887180600119916	18
-0.1113678535505	0.869993995655945	18
-0.01460146260907	0.62327084144453	3
-0.04508939812617	0.536570361539162	70
-0.01753491949699	0.62603856911165	549
-0.0835952057059299	0.440934741563414	549
0.047782510962632	0.885998159783822	63
0.049701143142228	0.860145182333328	331
0.084645259267087	1.3568925795593	546
0.112368373539245	1.13040882045102	35
-0.08987426296368	1.21730765792506	705
-0.07726726374808	1.20055698357482	983
-0.10552171574317	1.44667236530763	983
-0.08160778489229	1.18090335456057	983
0.026996181916317	0.813530833972648	33
-0.1107145393266	0.870668453159516	33
-0.04600256227608	1.02903189601448	613
0.0551077312339911	0.922896616626006	109
0.081527939191137	0.993136045762682	27
-0.07873368363514	0.437267399904014	406
-0.04047872442752	0.529369191086344	3
-0.0407442319670399	0.524564494719229	201
-0.0890849574443899	0.442779062356145	1941
-0.04668070981074	0.529201385416899	70
-0.07930364216305	0.43952339662747	549
-0.00119663723387009	0.73554238720933	546
-0.04689956057725	1.98550182976866	705
0.0431288270147689	0.87920467311355	705
-0.0340644308517299	2.08660464462658	983
0.121410182467666	1.25299017825484	33
-0.01172012683329	0.623206831910485	406
-0.00932001255627002	0.624593242837036	18
0.00268337345509595	0.710327899057156	18
-0.0415898413734299	0.53533960532776	3
-0.04134880752939	0.533932250298231	3
0.026755815234615	0.819970776633727	3
-0.04134880752939	0.533932250298231	271
-0.0798738120136799	0.439491622411154	549
-0.0894110966111701	0.449371905243613	57
0.116440417593212	2.13606582867561	35
0.067133438785245	1.58144656915921	35
-0.0703980470708601	0.963750647856294	192
-0.08402947488403	1.20319281827997	613
0.010817594342552	0.722831600491766	27
-0.0820625103739601	0.438548633351736	318
-0.07691739262355	0.950700088065561	18
-0.0122959363917601	0.626907648606974	3
-0.0845430502229201	0.447449092200893	70
-0.0839712171632601	0.449870593625882	117
0.081914199917658	0.98917933100464	63
0.09086852124511	1.04308410861663	130
0.103939120769145	1.58600043762563	705
-0.0828282330019501	0.447536675757059	983
-0.11790153505396	1.95595582845292	192
-0.04127582234834	0.520891331474052	406
-0.0894110966111701	0.449371905243613	318
-0.11870169263763	0.879663701945981	73
0.012761347448244	0.697629796272974	73
-0.08339961147969	0.449912801072639	18
-0.11186331837717	0.878676879069364	18
-0.04508939812617	0.536570361539162	3
-0.0141658663071	0.636131368860485	3
-0.0458849682712701	0.537978785932862	152
-0.0845430502229201	0.447449092200893	70
-0.08069537196201	0.440116845810827	271
-0.0835952057059299	0.440934741563414	271
-0.0801251725187899	0.440149143612608	117
0.0110621403639311	0.725966203683219	331
0.05294577696067	0.941739119867393	130
0.083745509751023	0.987545996114556	130
-0.00915028559491993	1.31972753275741	192
-0.0837232208515299	1.18971899967368	33
0.045963925851809	0.894699890713679	613
0.011785767372639	1.09930824125383	109
-0.0415391643929499	0.532442587454713	406
0.00401704682451198	0.73714457427436	3
-0.01287197458432	0.628672543229893	152
-0.0458849682712701	0.537978785932862	201
-0.04190488481787	0.532097436853938	201
-0.08069537196201	0.440116845810827	117
-0.0853092247183001	0.440870040390586	1400
-0.0896567125124801	0.444185066405388	2398
0.055602910701637	0.855371966599709	192
-0.05690521681993	1.4044554076779	192
0.024467143022878	0.811862888941878	73
0.00572109551715205	0.717476086263197	73
-0.04214570367606	0.535342942693353	3
-0.07873368363514	0.437267399904014	41
-0.0801251725187899	0.440149143612608	271
-0.08320602723969	0.440778558585673	117
-0.0839712171632601	0.449870593625882	549
-0.0828282330019501	0.447536675757059	17
-0.08104873289146	1.18777211222561	130
-0.0149922534173299	1.04554694040405	33
-0.01190261046388	1.33379607268019	33
0.047328397694001	0.869807363936936	33
-0.12300141860269	1.14031828008131	406
-0.0112819656579299	0.620590988718012	73
-0.0418312673641199	0.524827463430202	73
-0.08859489217438	0.440362791867803	95
-0.0123667010863999	1.32428229166411	33
0.00868107249603101	1.13151174909123	613
0.030205197521135	0.809265462004279	613
-0.0475328251554401	1.03055744933133	613
-0.0500283791871701	1.0313576378608	406
-0.04508939812617	0.536570361539162	37
-0.0375521086466399	0.520197028531698	201
-0.08302431994092	0.434317282051412	6
-0.0845430502229201	0.447449092200893	191
0.045187842996861	1.64148380454613	130
0.09956868810529	1.46682849346985	2111
0.078898017497424	1.39326424539215	195
0.099409258661177	1.5150466033866	983
0.123156477214134	1.27814735937768	192
0.011193463980731	0.68815143420709	1291
-0.03779226621182	0.529764234894303	27
-0.02010909150193	0.617255140788831	109
0.121253187371868	0.637960355618357	406
-0.0853092247183001	0.440870040390586	73
-0.08416631831041	0.443221456385249	18
-0.0845430502229201	0.447449092200893	3
-0.01608976433914	0.633222464434009	37
-0.0888391586933801	0.4508252570074	2521
-0.04400732657007	0.523009444422784	378
-0.04676233382347	0.533151878536671	378
-0.08263415510565	0.440810040931567	123
-0.07816393627825	0.430741179771204	12
-0.00196744302425	1.91029762519651	35
0.019770814931423	0.820118912705726	33
-0.0472381272717699	0.53026010584977	613
-0.04190488481787	0.532097436853938	406
-0.0154074806876201	0.622083506007154	73
-0.08225708155965	0.440651859148283	123
-0.0882674333937401	0.4493671857593	123
-0.07930364216305	0.43952339662747	6
-0.04508939812617	0.536570361539162	271
-0.08550437421179	0.44105759483041	117
-0.0888391586933801	0.4508252570074	117
-0.0902286802455501	0.442796457168006	117
-0.04696771316681	0.524180112219831	203
0.037171418930356	1.21955850452494	2111
0.00813367011441901	0.737671439998039	556
0.003526850011218	0.737148457298255	983
-0.0963772631619599	1.21726554542649	192
0.088522257156019	1.46211559498425	33
-0.01811793072039	0.628343556195295	33
-0.0845430502229201	0.447449092200893	613
-0.0781089904529999	0.960051781147594	613
-0.0890849574443899	0.442779062356145	1291
-0.08069537196201	0.440116845810827	1291
0.051415915462891	1.21977073904716	109
-0.08526070911993	0.439070474109434	406
-0.0400735093587199	1.02998050048031	73
-0.00696584036836989	1.05977563374854	709
-0.07379157626564	1.24962104393686	378
-0.02598898696571	0.617457640225507	117
-0.01532716407378	0.63199053771025	57
-0.0888391586933801	0.4508252570074	191
-0.0801251725187899	0.440149143612608	17
0.0415479053222521	1.17412806315137	331
-0.0507464237676401	0.529431002369629	546
0.074220033415598	0.997308964698051	35
0.014733290723755	1.46449122907333	35
-0.08416631831041	0.443221456385249	556
-0.04134880752939	0.533932250298231	705
0.0218767705719	0.815590215563866	705
-0.08802298405304	0.441732681372279	983
-0.0918743525119501	1.23567113063259	192
0.007284823126959	0.736234203032087	192
-0.0493931953311599	0.525452688176468	33
0.022064569772132	0.814309291300627	109
0.079629764655854	0.990627339832285	37
0.00516549683480205	1.667465111818	123
-0.01344824157513	0.628678882560934	57
-0.0407442319670399	0.524564494719229	17
0.063318206691366	0.950084311450321	983
-0.0409465956308199	1.56661041676622	192
-0.0801251725187899	0.440149143612608	109
-0.0839712171632601	0.449870593625882	709
0.027764933845324	0.800921546256481	41
-0.08544496343037	1.22340830866102	123
-0.0424611649862601	0.52807596193656	84
-0.0839712171632601	0.449870593625882	57
-0.0909067660856999	0.433638564474956	197
-0.0853092247183001	0.440870040390586	17
-0.08339961147969	0.449912801072639	298
0.12225111585352	1.21837431134349	546
0.08121680023483	1.04832176954171	566
-0.0147463991193599	0.635127371419127	396
-0.03644003104857	0.521913518182784	983
-0.11552237273702	0.905536216377752	33
0.023893419062727	0.817546120557475	27
-0.09366718920928	0.442877737696081	27
-0.04508939812617	0.536570361539162	1236
-0.01666930892366	0.634228759091904	37
-0.0835952057059299	0.440934741563414	123
-0.07753798240666	0.970133820845941	271
0.00401974207952405	0.723977944951658	117
-0.08044419333862	0.437208628709902	117
-0.0847376579245101	0.443187509430843	72
-0.0496286255926099	0.519316767536416	197
-0.04214570367606	0.535342942693353	197
-0.08377812694658	0.438490822098262	17
-0.11019025713647	1.52583601588116	130
-0.11159107230729	0.879309614612605	195
-0.04047872442752	0.529369191086344	983
0.00231957292606499	0.737073069212579	983
-0.00816589135177992	0.714922220097261	192
-0.0894110966111701	0.449371905243613	27
0.035810697332478	0.876196871111412	613
-0.0828282330019501	0.447536675757059	1236
-0.0405520781777	0.523197585425661	73
-0.0894110966111701	0.449371905243613	37
-0.1193973326016	1.16762598792623	117
-0.0470000309021299	0.538015295293504	117
-0.08320602723969	0.440778558585673	12
-0.0798738120136799	0.439491622411154	57
-0.0515408168641001	0.521092044791624	17
-0.0840427620450299	0.970551930646441	705
0.113102910104244	1.80898296988601	192
-0.0654547977879501	0.936318637758929	192
-0.0410341816703299	0.533474616548942	33
-0.11963429905343	1.16035401955192	637
0.042708574083533	1.2484646803624	109
-0.0541061164479899	1.49609984938309	73
-0.01670908692519	0.624702709358128	41
-0.04214570367606	0.535342942693353	84
-0.01264111594303	0.624327543930029	84
-0.04023726103457	0.532071905598909	84
-0.09366718920928	0.442877737696081	1126
-0.11349180150988	0.904463976117637	57
-0.08069537196201	0.440116845810827	72
-0.0488343869933101	0.518019295592227	245
0.076307175930734	1.00005224560134	192
0.00666804632281803	1.12368634203993	637
0.0511629806814991	1.16637492951396	637
-0.04640844622843	0.524136870578357	949
-0.0818364055633001	0.431458594045257	37
-0.0847376579245101	0.443187509430843	37
-0.0882674333937401	0.4493671857593	41
-0.0845430502229201	0.447449092200893	41
-0.08526070911993	0.439070474109434	123
-0.0847376579245101	0.443187509430843	84
-0.0470000309021299	0.538015295293504	84
-0.0798738120136799	0.439491622411154	57
0.115352537229296	1.44951792553101	33
-0.0218116025149899	0.614104556431757	33
0.00292333280754398	0.738125469204026	27
-0.0075880366883001	0.6191624618462	73
-0.0835952057059299	0.440934741563414	37
-0.04265435035125	0.532486819419197	72
-0.00936324266418009	1.40552494816428	546
0.105870198904129	1.43519223895523	983
0.059178889386673	1.5873668770756	33
0.00231957292606499	0.737073069212579	33
0.017501047540695	0.815319858822683	33
-0.10786339121957	0.862353436946689	637
0.118195436723072	0.651298727749643	637
0.050253933940478	1.18568922492296	637
0.069163914229406	0.938236656821658	109
0.009824499655396	0.711401947148473	37
-0.0845430502229201	0.447449092200893	41
0.043050255348271	0.868464751029096	84
0.010460171586169	0.725941471205943	84
-0.0851151108295401	0.440731287229333	12
0.01384406153831	1.37008738823907	192
-0.0789854075883401	0.431346581185206	37
-0.0420966554519799	0.533523570317544	37
-0.0828282330019501	0.447536675757059	37
-0.04453216046969	0.533041849233932	37
-0.0374771157543901	0.521824911856895	41
-0.000345093519849904	0.733622030598307	84
-0.04644239766996	0.539076693252376	84
-0.12464256560747	0.888973930521604	84
-0.09009760096681	0.433044194580148	439
0.108753775551215	1.23926210657805	192
-0.0839712171632601	0.449870593625882	73
-0.0888391586933801	0.4508252570074	2117
0.015501024691434	0.685672778462165	2117
-0.08320602723969	0.440778558585673	202
-0.0845430502229201	0.447449092200893	84
-0.0845430502229201	0.447449092200893	84
-0.0420725239414499	0.50484754890368	84
-0.06518945454248	1.43168440732135	396
0.024153355289202	0.827246986349835	33
-0.00718259688260003	1.06933835185782	33
-0.0163199155255001	0.634508999177419	37
-0.0847376579245101	0.443187509430843	2117
-0.0839712171632601	0.449870593625882	72
-0.0142277184710999	1.29321950346758	983
0.00610506157518997	1.66983199594712	983
0.067082381375015	1.36258905070779	192
0.042368199109513	0.852735673064921	33
0.02814693796767	0.803779064780349	33
-0.0254383092194099	1.06123234141108	33
-0.11782287520233	0.888069337058749	33
0.085894141224473	1.04499570830555	637
-0.00778784707461	0.699043187499468	2420
-0.01402473752858	0.626932956746913	365
-0.00800716510036992	0.604579984282223	1042
-0.03644003104857	0.521913518182784	72
-0.1073495909404	1.64223118895691	35
0.115030650012918	2.01877290241502	192
-0.04233427790024	0.526246015540468	33
0.00413012471173901	0.73406738959323	33
0.0471765462949429	0.890969203975803	1042
-0.0894110966111701	0.449371905243613	202
-0.05163047803098	0.518361894411427	202
-0.01666930892366	0.634228759091904	57
0.003526850011218	0.737148457298255	72
-0.0888391586933801	0.4508252570074	72
-0.08550437421179	0.44105759483041	72
-0.08320602723969	0.440778558585673	1635
-0.0903336927395999	0.433585250414818	17
-0.02999549218155	1.78641036641507	331
-0.0874512885030001	0.440341507795725	546
-0.1103835723582	0.871056905753648	35
-0.08550437421179	0.44105759483041	556
-0.0405520781777	0.523197585425661	396
-0.0835952057059299	0.440934741563414	983
-0.04540911157631	0.525834512267542	833
-0.0165502585625401	0.627420124921955	192
0.055721821337218	0.952960002362927	33
-0.11082691566235	0.87790550179987	33
-0.0985156912420599	0.429384504027668	33
-0.0124374723673	1.3914296299359	637
0.064879849732	0.945544756287569	41
0.058161511142605	0.838251790046065	1042
-0.0583487994195	1.23879258920206	84
-0.0605889377953299	1.26460709633604	84
0.00964796593698203	1.28940905282662	84
-0.0458849682712701	0.537978785932862	72
-0.0385471557258701	0.513603582225241	72
0.00910653590034305	0.715456117104211	72
-0.01753491949699	0.62603856911165	72
-0.0847376579245101	0.443187509430843	17
0.002063740560306	0.539798880349366	35
-0.05370426604219	0.507145916797052	263
-0.11398156421395	2.29656890528813	195
-0.08952455779399	0.432990598450214	556
-0.02072907265365	1.29643703903724	833
-0.04325803663749	0.529452184094882	33
-0.0361250987164401	0.523894155684842	33
-0.01324801927826	1.04154579377145	33
-0.0795551844448199	0.437888103951723	1016
0.016973828617893	1.1608055478385	1016
-0.03570535833884	0.981813608577465	37
-0.11606730899907	0.89865877380911	981
-0.03779226621182	0.529764234894303	10
-0.00393733713751998	1.28719456525929	84
-0.0902286802455501	0.442796457168006	72
-0.01460942486768	1.08510345156457	72
0.00547211648694002	0.739268510034326	72
-0.04233427790024	0.526246015540468	72
0.043115079242452	0.896808652242477	72
-0.0415898413734299	0.53533960532776	72
0.0402845607924009	1.55470356737667	546
0.00195211365229298	0.737918734888957	546
-0.04453216046969	0.533041849233932	546
-0.0185877970519199	1.35137893517882	263
-0.0399234695059201	0.520610579831946	396
-0.08687980537133	0.434412883343461	192
-0.08339961147969	0.449912801072639	33
-0.0999360902096999	1.82540735729941	637
0.0614864463243871	0.936445171999925	637
-0.0515518260866601	1.22541426062897	37
0.102707500366456	1.15099923869992	37
-0.0405520781777	0.523197585425661	1042
0.039581338970421	1.21064042462669	1042
0.00910653590034305	0.715456117104211	84
-0.04349881772075	0.524875300649614	84
0.048129022272216	0.878283178615134	84
-0.09574824109125	1.20486177806489	117
-0.09575793609647	0.424204071007655	72
-0.03152550723925	1.26647231175765	45
-0.05018742228395	0.526788101329724	833
0.120041968422416	1.28841328372804	33
-0.04668070981074	0.529201385416899	33
-0.08377812694658	0.438490822098262	637
0.0676466549517421	0.939124597254135	637
-0.11288482524186	0.907059098853463	406
0.020666744771323	0.824469230092613	37
0.00837862446542803	0.73575476857031	1042
0.00618321991402804	0.716589531198459	84
0.022064569772132	0.814309291300627	72
-0.0801251725187899	0.440149143612608	2601
-0.11188376931043	0.855731491721965	45
-0.0890849574443899	0.442779062356145	192
-0.08339961147969	0.449912801072639	33
-0.08339961147969	0.449912801072639	33
-0.0899832473002999	0.443323500784371	33
0.032347384727857	1.22899077323891	637
0.044041262672503	0.891852054006119	136
-0.04620448466252	0.536608976382641	365
0.041183152636749	0.898471206221809	981
-0.03760431771696	1.27698901180372	84
-0.02407446451662	1.07931493309832	72
-0.0497124168849601	1.02581407514685	72
-0.01287197458432	0.628672543229893	72
-0.0410341816703299	0.533474616548942	72
-0.0438504233514401	1.00361181842524	2601
0.026755815234615	0.819970776633727	2601
-0.0231163432227599	1.36151901581377	45
0.000261300300467005	0.733650932383704	546
-0.12108911079586	1.35025968892423	35
0.00388402621708805	0.725382733121518	983
-0.11268277242977	0.880062223992955	192
-0.0334404200485501	0.509675477895747	33
-0.08263415510565	0.440810040931567	33
-0.08263415510565	0.440810040931567	33
0.015371373154073	1.42142087755887	637
0.006680830652116	0.739353805979997	406
-0.0888391586933801	0.4508252570074	37
-0.02893178130598	1.21653363961393	1042
-0.07479457007623	0.972681636892159	1042
-0.07930364216305	0.43952339662747	981
-0.04620448466252	0.536608976382641	981
0.085465278435178	0.965247312610949	84
-0.0766314822124301	0.964730004529082	84
-0.01425479430582	0.627452816338297	72
-0.11809706249839	0.893199150333662	72
-0.0818364055633001	0.431458594045257	142
-0.02404758338196	0.622293860773147	17
-0.0907598896970001	1.22450555390438	35
-0.00897235753809	0.624202531181679	263
0.038450550820668	0.882251164120996	833
0.089092759079632	1.04229918861183	33
-0.01747823780304	0.638703861156956	33
-0.0795551844448199	0.437888103951723	140
-0.0888391586933801	0.4508252570074	1104
0.059320777790312	0.938040060695449	637
0.00108897673240005	1.00732518631716	37
0.0108073135940669	1.48107546208107	37
0.0913609547705	1.13659184763962	37
-0.0902286802455501	0.442796457168006	41
0.062400976961836	0.931990956442197	41
0.076163155999505	1.40947734217772	1042
0.000506926021772047	0.726653323544268	84
-0.05446398780022	1.69418493912453	84
0.030570556831614	1.45264642025436	117
-0.08069537196201	0.440116845810827	17
-0.00316001018413004	1.39880479740661	55
-0.0359947574205	1.3063308934796	55
0.00730351251538997	0.720787258709906	33
0.063318817007935	0.930345509113375	140
0.027130583542296	0.795742955786566	140
-0.01506077422381	0.616879709205282	1104
0.107810377027999	1.19770286806881	637
-0.0839712171632601	0.449870593625882	136
0.00450639358334204	0.719605976057293	136
-0.0882674333937401	0.4493671857593	1773
-0.11234638472661	0.882231246334477	37
-0.08339961147969	0.449912801072639	41
-0.04129841918155	1.00440419725008	1042
0.00654852117634996	0.720286006594847	1042
-0.0615420044060999	1.25139508683943	84
-0.01367879433265	0.627444750848743	117
0.025689788316191	2.02776808642135	33
0.0255370345100751	0.823894916479017	33
-0.01344824157513	0.628678882560934	33
0.00694685757049696	0.708740213487118	140
-0.0762321866359399	0.959224091030356	1104
-0.0207491057270801	1.33325260845199	637
-0.03733125888797	0.978319816959997	73
-0.0903336927395999	0.433585250414818	136
-0.03588429623291	0.520141328636766	37
-0.0427017687176201	0.533496839580061	981
0.101325912021819	1.11087073511117	546
0.049605858068989	0.879175509954293	546
-0.0512265870011599	1.76608490255116	983
-0.0839712171632601	0.449870593625882	140
-0.12395861961474	1.18667009940121	140
-0.09932502302256	1.20878891447678	1042
0.05660152105607	0.940443005862543	1042
-0.0336693981479299	1.29900336739402	84
0.033417636077112	0.793926441102835	117
-0.08263415510565	0.440810040931567	12
-0.0798738120136799	0.439491622411154	142
-0.03644003104857	0.521913518182784	142
0.00401704682451198	0.73714457427436	263
0.016617680770092	0.688031106651184	950
0.053863847430409	0.94072402751294	1496
-0.000646569899529936	1.10415298210997	983
0.00510072910406301	2.09992814495874	33
-0.0139095364401101	0.615172056212574	33
0.120074710209059	1.25634701769578	637
0.059215405883999	1.31120809840746	73
0.010460171586169	0.725941471205943	73
0.00111350143442501	0.726674085071397	1042
0.025970095796605	0.817087172147937	1042
-0.0888391586933801	0.4508252570074	981
-0.0818657581953901	0.972531766574768	84
-0.0894110966111701	0.449371905243613	17
0.034239917995788	1.85704544648311	950
-0.12165180115334	0.88103190599273	33
0.062447756770308	0.943547771827656	33
-0.0413017350958	0.525612837394245	73
-0.0835952057059299	0.440934741563414	136
-0.08377812694658	0.438490822098262	136
-0.0499522084623301	0.52808272926503	136
-0.0415898413734299	0.53533960532776	1037
-0.00907371699217996	1.03725836825944	1042
-0.07350142786345	0.970988693826264	981
0.025831739425761	0.826455524286242	981
-0.07315665673379	0.922179974423353	117
-0.00990141281627999	1.85364700308246	331
-0.0806175718036499	0.982425940925705	331
-0.0839712171632601	0.449870593625882	2566
0.00122663568020398	0.721434215784162	2566
-0.09932083531964	0.42365625165409	2566
0.07503055504161	0.99793203877001	546
-0.0504962867855401	0.504249451421368	35
-0.0155104510239701	0.63009460930382	35
-0.0458849682712701	0.537978785932862	950
-0.08044419333862	0.437208628709902	950
-0.0380328258583	0.523605992889401	192
-0.08339961147969	0.449912801072639	192
-0.0463084524966799	1.50974615403834	55
-0.0921670456678201	1.23761517143528	661
-0.0151145966169	0.607326240880851	962
-0.08416631831041	0.443221456385249	637
-0.0372363411521699	0.529756725870944	136
-0.0423869148386	0.526619845453516	136
-0.0369959684733401	0.521928332999433	136
-0.08416631831041	0.443221456385249	136
-0.0427017687176201	0.533496839580061	1037
0.00525419359066404	0.71727164791225	1037
-0.08377812694658	0.438490822098262	1037
-0.04214570367606	0.535342942693353	41
-0.0828282330019501	0.447536675757059	981
-0.08416631831041	0.443221456385249	84
0.115619471212732	1.94970259601773	950
0.083138932135819	0.985292764912932	192
0.074781745354789	1.28623004334823	637
0.00176911840824001	1.37447023318068	136
0.081336684889935	0.966209775095594	136
-0.08263415510565	0.440810040931567	136
-0.01506077422381	0.616879709205282	1037
0.00101557420601095	0.712102185389399	981
-0.04325803663749	0.529452184094882	559
-0.03944050716349	0.521411014837193	12
-0.08687980537133	0.434412883343461	12
0.102760190582667	1.14996171152775	263
-0.11121952764265	1.6461024632293	192
-0.01019844269628	1.07757433934989	33
0.09660211010021	1.09891157787746	33
0.015854848431728	1.41132870417403	1030
0.11791008140986	1.17533744538307	637
-0.0483535738310099	0.525937365155936	637
-0.0114882766698701	0.622576785239537	136
-0.0839712171632601	0.449870593625882	136
-0.0420966554519799	0.533523570317544	136
0.04917132411613	0.865021797590387	41
-0.11082691566235	0.87790550179987	981
-0.0839712171632601	0.449870593625882	2305
-0.0835952057059299	0.440934741563414	12
-0.0885134148882401	0.436781131204268	72
-0.12105341961024	1.39249138097683	661
-0.08859489217438	0.440362791867803	661
0.124798818732487	1.31810190062897	33
0.085926014135737	1.4458744818929	637
-0.0168989611330499	0.63768506013358	637
-0.11811552587602	1.15862124431671	637
-0.0441052145162399	1.02032046968308	136
-0.07814661934364	0.967692543942443	1037
-0.08104873289146	1.18777211222561	41
-0.07873368363514	0.437267399904014	30
-0.0194856098642799	0.619141583519784	1125
-0.0888391586933801	0.4508252570074	835
-0.04134880752939	0.533932250298231	72
-0.08377812694658	0.438490822098262	142
-0.04325803663749	0.529452184094882	142
-0.01770758392529	0.636395030944036	33
0.020696461985206	0.813709113816019	637
-0.0903336927395999	0.433585250414818	637
0.012572113014114	1.40399943788574	73
0.10450447669363	1.03024906012731	136
-0.0122959363917601	0.626907648606974	1037
0.0279990121079931	1.1266310213752	1037
-0.0950518689173301	0.436649812703456	84
-0.0442940011055399	0.525777013659969	12
-0.0415898413734299	0.53533960532776	12
-0.08550437421179	0.44105759483041	2241
-0.00400743417092997	1.39565215889701	950
0.01250710415302	0.808536639576938	983
-0.09534298438505	1.19349105976149	2418
-0.0136127569465401	1.08352828656248	1030
-0.0499522084623301	0.52808272926503	73
-0.0366806187001201	0.527923961424208	136
-0.10700867618887	0.874771139999286	136
0.043166193990144	1.18201503091702	136
-0.10183794592063	1.42876259625725	41
0.023578894374733	0.812913870439742	2898
-0.08339961147969	0.449912801072639	30
-0.0418312673641199	0.524827463430202	84
-0.07816393627825	0.430741179771204	12
-0.08320602723969	0.440778558585673	72
-0.0801251725187899	0.440149143612608	142
-0.08263415510565	0.440810040931567	590
0.090924293731339	1.57215449148616	35
-0.03775273476946	0.513259358436778	55
0.095017530789376	1.09731321313979	33
0.0774367742002881	1.02257891205085	73
0.0870250263154791	1.0265375895232	73
-0.0101267021939599	0.625968597531391	136
0.093487302124363	1.0367266566083	136
0.04687226512707	1.24210184725084	136
-0.0769295804990999	0.970323005188983	136
0.043220309390269	0.879945385580044	136
-0.04023726103457	0.532071905598909	136
-0.0135855654694099	0.63511527145969	2898
-0.04586577741197	0.967331446437318	981
-0.08339961147969	0.449912801072639	80
-0.0424611649862601	0.52807596193656	12
-0.0458849682712701	0.537978785932862	12
-0.0839712171632601	0.449870593625882	72
-0.0828282330019501	0.447536675757059	520
0.079871365869969	1.71204158173816	396
0.088529834833098	1.36342769917659	33
-0.0894110966111701	0.449371905243613	81
-0.11219517903459	0.880214498782699	136
-0.0507464237676401	0.529431002369629	136
-0.0706729643289099	0.952983039305642	136
-0.01402473752858	0.626932956746913	136
-0.04644239766996	0.539076693252376	41
-0.08377812694658	0.438490822098262	1352
-0.0073550288767601	1.05099125994896	1037
-0.07930364216305	0.43952339662747	10
-0.01608976433914	0.633222464434009	981
-0.05186504167767	0.526927006246468	981
-0.0458493842293	0.521538897834311	84
-0.04325803663749	0.529452184094882	326
-0.04134880752939	0.533932250298231	686
-0.0845430502229201	0.447449092200893	686
-0.08263415510565	0.440810040931567	2241
0.038111973759053	2.16218877490309	33
0.06285846269242	1.3380228984495	33
0.063363260116705	0.945288382768863	140
-0.11424264821803	1.57195577962896	140
-0.0656137372979699	1.26064176651181	1030
0.039150012970029	1.69848196034256	637
0.073408591281087	1.31004834351793	637
-0.0513056301852599	0.529470942787389	136
-0.0470000309021299	0.538015295293504	136
-0.04532774256562	0.53443210023667	136
0.0497496844005631	0.87368237072612	1037
0.010817594342552	0.722831600491766	2898
-0.0493931953311599	0.525452688176468	84
-0.0513056301852599	0.529470942787389	72
-0.0798738120136799	0.439491622411154	72
-0.04134880752939	0.533932250298231	72
-0.08550437421179	0.44105759483041	17
0.060259071837545	0.933395176638675	950
0.058929414997115	1.24642606172672	55
-0.10114243536458	2.16973851096444	983
0.100454593999759	1.08769600304758	33
0.027051065664253	0.826641597364987	140
0.028878273958861	0.810437970578781	1030
-0.01283414692192	1.3777680133579	73
0.04749377792765	0.893767762847988	136
-0.0475328251554401	1.03055744933133	136
-0.0440550734072001	0.521014171260255	10
0.024502560412329	0.814602618855292	981
-0.02516097468456	0.613418899818317	117
-0.08320602723969	0.440778558585673	72
-0.08583263061852	0.433351951566663	626
-0.07816393627825	0.430741179771204	626
-0.0507464237676401	0.529431002369629	12
-0.0472381272717699	0.53026010584977	1152
-0.08320602723969	0.440778558585673	1
-0.0401869325392401	0.521203170173777	142
-0.0839712171632601	0.449870593625882	523
0.113398053985345	1.37430423175688	33
-0.00392612619151	0.579668776515105	33
-0.12079526598643	1.34546589973812	637
0.010101509525396	0.715651452718219	2246
-0.0048522536650899	0.604991787472886	81
0.050278982481048	1.30112061721295	81
-0.0141658663071	0.636131368860485	41
-0.01367879433265	0.627444750848743	1305
-0.0828282330019501	0.447536675757059	84
-0.08339961147969	0.449912801072639	332
-0.04508939812617	0.536570361539162	941
-0.0894110966111701	0.449371905243613	626
0.111877852580477	1.11837439910552	55
-0.0865269274426801	2.06145065566036	55
0.057990756123565	1.82677868240072	33
-0.0146826657757999	1.07288819448506	2418
0.091033089344839	1.32929305202332	81
-0.08149109287402	0.432007277207344	136
-0.01425479430582	0.627452816338297	44
-0.11843125657761	0.8891930564993	136
-0.0458849682712701	0.537978785932862	30
-0.04386683866727	1.01719184255501	84
-0.02848857837131	0.594088536527444	84
0.084118117035882	1.02426680321338	84
-0.08320602723969	0.440778558585673	418
-0.08339961147969	0.449912801072639	686
-0.0839712171632601	0.449870593625882	142
-0.0845430502229201	0.447449092200893	1
-0.11707674523009	0.88756191050055	55
-0.06918082290192	0.961872345699767	140
-0.0820353716786999	1.21395281953538	73
-0.08339961147969	0.449912801072639	136
-0.0833844936552499	0.962343402991099	1058
0.00432561811717203	1.11769265029495	1058
0.022695047472391	0.809615782501144	415
-0.0839712171632601	0.449870593625882	590
-0.08302431994092	0.434317282051412	1843
0.020619845217445	1.47356935081612	55
-0.07930364216305	0.43952339662747	73
-0.03635919742803	1.02249218213945	81
-0.0423869148386	0.526619845453516	1305
0.102927024002781	1.08551024902694	950
0.03235396353388	2.01682092531607	55
-0.0685584067165099	2.15318465582311	192
0.0289793509312259	1.15748473706629	55
0.063320916065583	0.913004773807294	55
-0.000693514420490038	1.11045690690263	140
-0.04644239766996	0.539076693252376	1448
0.00752949533425196	0.740809655079528	41
-0.03692160811732	0.517915559980738	1149
-0.01944530380524	0.633278680554206	30
0.00645704691098104	0.722690446439502	1305
-0.0407929329814201	0.533927779339571	84
-0.0410341816703299	0.533474616548942	12
-0.08859489217438	0.440362791867803	859
-0.0407929329814201	0.533927779339571	13
-0.0839712171632601	0.449870593625882	1448
-0.10840735807319	0.887101622841248	41
-0.08802298405304	0.441732681372279	1149
-0.0109328260851	0.61699456761795	30
-0.0141658663071	0.636131368860485	1305
-0.0470000309021299	0.538015295293504	12
-0.0461234960414401	0.525800598809957	415
-0.0845430502229201	0.447449092200893	732
-0.0843975139297899	1.38759373134002	950
0.124652750427122	1.33160440952037	55
-0.10882973786542	0.881364447947826	55
0.023284040282443	0.818460352139769	2418
0.033099049559834	1.56373204390216	73
0.099557513580943	1.19167736570672	81
-0.0228831302883199	0.629485464726004	23
-0.0909067660856999	0.433638564474956	10
0.0250151442827971	0.796119204584263	30
-0.0125881707725499	1.08077889472666	950
-0.12093443998547	2.00026122434465	55
-0.11552237273702	0.905536216377752	922
0.050065923085846	0.875252960489577	73
0.059057363802868	1.34052438475307	73
-0.0835952057059299	0.440934741563414	12
0.019354545965924	0.794279647084098	12
-0.0760056097800299	0.98138239039991	950
-0.00781893036985992	0.614379871273526	950
0.108976487910687	1.09406600956693	55
-0.10665367371685	0.862550424414433	192
-0.0888391586933801	0.4508252570074	55
-0.0828282330019501	0.447536675757059	44
-0.03386749106426	1.55101230590734	41
0.024207399471569	0.809537092044099	30
0.0443669327581691	0.881068462346148	84
0.00147335410308003	0.726746429859875	12
-0.0894110966111701	0.449371905243613	590
-0.07652743337902	0.425974547647625	964
0.052871999933998	0.858994264078015	950
-0.0458849682712701	0.537978785932862	55
-0.0369959684733401	0.521928332999433	55
-0.01483102303606	0.625720094927289	55
-0.01886583271164	0.636407563237505	73
-0.0407929329814201	0.533927779339571	637
0.089431180791327	0.961145117626752	81
-0.04508939812617	0.536570361539162	44
-0.04508939812617	0.536570361539162	41
-0.03755993028671	1.00655984778008	10
0.057075139654752	1.31766865836579	309
-0.0795551844448199	0.437888103951723	30
0.072359965739428	1.27788890973856	84
0.023893419062727	0.817546120557475	65
-0.0183602113852801	0.617152864378996	45
-0.00512802907858001	1.39660000557723	263
-0.0874512885030001	0.440341507795725	263
-0.03779226621182	0.529764234894303	950
-0.01555402361667	0.62586113788589	55
-0.0930941286896301	0.437769494838604	55
-0.0383483940184799	0.527958376075913	55
0.078661030834323	1.32020564574046	192
-0.0846890001804901	0.440436789011498	55
-0.0802377761711099	1.19338138317338	10
-0.09981669147347	1.79186868162775	309
0.048325350713183	1.4406144626964	309
-0.0891670130201401	0.43463066378636	84
-0.0894110966111701	0.449371905243613	2265
0.078514038199648	1.00002948230224	2265
0.012805649386347	0.805880644944586	65
0.00207901443866498	0.718929944009512	65
-0.08320602723969	0.440778558585673	859
-0.0410341816703299	0.533474616548942	1
-0.0849328478214499	0.439666242547024	45
-0.00781893036985992	0.614379871273526	263
-0.0458849682712701	0.537978785932862	263
-0.0874512885030001	0.440341507795725	55
0.103650460649378	1.06653603106617	55
-0.0361250987164401	0.523894155684842	55
-0.0372363411521699	0.529756725870944	73
-0.0380328258583	0.523605992889401	13
0.029595488455711	0.810173198826364	30
-0.0932129239786601	1.41462012156029	4
0.008150444457516	0.713993476874511	1009
-0.04265435035125	0.532486819419197	859
0.124151005738536	1.39293547910026	55
-0.11288482524186	0.907059098853463	55
-0.08769592055931	0.443128295111818	13
-0.08320602723969	0.440778558585673	41
0.049408568217326	0.882043230697502	309
-0.08263415510565	0.440810040931567	1131
-0.01160809825826	0.624754510358716	30
0.020582031994781	1.47248504095933	30
0.000790391236636046	1.12714547781682	30
-0.0812657829261201	0.437827870598466	4
-0.08339961147969	0.449912801072639	4
0.006702023014866	0.719017358943274	65
-0.0828282330019501	0.447536675757059	13
-0.08339961147969	0.449912801072639	13
-0.0845430502229201	0.447449092200893	13
-0.0399961913692599	0.523182957130856	13
-0.0847376579245101	0.443187509430843	41
-0.08687980537133	0.434412883343461	309
-0.0917586246704201	1.16071017584616	309
-0.0410341816703299	0.533474616548942	1131
-0.0147463991193599	0.635127371419127	30
0.062494259565941	0.928879135855904	241
-0.04891160321011	0.518077121765615	635
-0.0839712171632601	0.449870593625882	12
-0.0369959684733401	0.521928332999433	65
-0.113946470651	0.878472393128135	65
0.043287430870149	0.858894969923192	859
0.02832937798186	1.16892857398061	859
0.038946350312588	0.878121997851552	859
-0.04676233382347	0.533151878536671	24
-0.0813439004298	0.426945976833447	79
-0.03826071532153	1.03065358980626	328
-0.0409818770336801	0.52895975036012	396
-0.00816513234476002	0.622832413652728	396
-0.04233427790024	0.526246015540468	55
-0.0366806187001201	0.527923961424208	55
0.003526850011218	0.737148457298255	55
-0.12089855476975	1.16672628757616	55
0.030579507587247	0.807677932535016	55
-0.09828655585577	0.42489080808806	55
-0.06948011361368	0.955655922338299	55
-0.11170256328304	0.876169601065574	55
-0.01886583271164	0.636407563237505	1031
-0.0845430502229201	0.447449092200893	13
-0.0420966554519799	0.533523570317544	13
0.10796041081127	1.13408881015062	23
-0.0372363411521699	0.529756725870944	41
-0.0972332595974199	1.45247730126854	309
0.054728432149924	2.03857954672247	30
-0.01229088494151	1.08630656414809	65
-0.07350501263208	0.929808991804465	65
-0.0775360379959	0.977910755527107	859
0.0120199601962619	0.713335560228821	45
0.00328117600044697	0.73075894862611	263
0.00776660655919703	0.688184513644733	950
-0.0380328258583	0.523605992889401	396
0.03963327057484	2.04315274640463	55
0.02729564561564	1.82121084655461	55
0.052514768408653	0.859004401361085	55
-0.02205796217548	0.630725685621424	13
0.106047630537755	1.12998555023909	23
0.0177222910274401	1.18798242214876	309
-0.10811477381603	1.32974742578572	623
0.013263122091807	1.09693308940436	65
-0.0375521086466399	0.520197028531698	12
-0.0483208868547	0.51588730050072	24
-0.01811793072039	0.628343556195295	24
-0.03890041854464	1.02555729159981	45
-0.01608976433914	0.633222464434009	55
-0.01828659280719	0.637408799626532	55
0.030205197521135	0.809265462004279	55
-0.08859489217438	0.440362791867803	1031
-0.0854319397452601	1.68713028269504	23
-0.0882674333937401	0.4493671857593	309
0.044143265121312	0.885317259836878	623
-0.0765832015226799	0.964735225111555	65
0.031720277572627	0.807746241332326	24
-0.0429427649110099	0.526631978550759	79
-0.0187011771535901	0.628365955808405	457
-0.0458493842293	0.521538897834311	1256
0.012772205636156	1.11993460095345	55
0.025367627749041	1.13086324020171	55
0.043153866173731	0.880867736728673	55
-0.0372363411521699	0.529756725870944	13
-0.03312450250298	0.508315290661536	13
0.06056958905023	0.922792952447615	309
-0.0367326291063901	1.01444711488038	309
-0.08263415510565	0.440810040931567	736
-0.01438272446961	1.06121458217159	623
0.029793253834332	1.14022039310613	30
0.01521485889511	1.42004455054624	241
0.014754672301568	0.81157236773432	241
-0.08320602723969	0.440778558585673	4
0.029677894539443	0.804218634581408	65
0.00377238768801402	0.736155181552724	65
-0.0874512885030001	0.440341507795725	1025
0.070929984323617	0.909369641586511	45
0.057211182670544	1.31925933396407	55
-0.0882674333937401	0.4493671857593	55
0.000261300300467005	0.733650932383704	55
-0.0374771157543901	0.521824911856895	476
-0.01367879433265	0.627444750848743	623
-0.0728977735488501	0.932812648557151	623
0.0104552419370511	1.12587798758316	65
-0.03810845170787	0.516388058780168	12
0.00937041953597095	0.712879709135159	859
-0.03177306193871	0.504276641898962	296
-0.0399961913692599	0.523182957130856	1
0.111974135965844	1.60710576820688	55
0.026755815234615	0.819970776633727	55
0.123146587459158	1.21155689984507	81
-0.00478658544809996	1.6362492260482	241
-0.01402473752858	0.626932956746913	4
0.027853932005522	0.804055750006742	12
-0.01081628909648	0.610134697032394	1
-0.112550505665	0.903037608449827	55
0.00522579546141699	0.728096651468587	55
0.061481904482667	0.939856103583997	55
0.013804936093731	0.687749867935079	73
0.010310157656977	0.719618592297068	55
0.096349599127841	1.15825075818247	81
0.025862462990588	1.21560600690523	81
-0.0839712171632601	0.449870593625882	23
0.025307841545661	0.80089891976776	309
0.038370681524325	0.885928914509662	623
0.11885993528655	1.16617275065472	30
-0.0503601109418199	1.00262219593635	241
-0.11546099437312	0.898808677892746	4
-0.0888391586933801	0.4508252570074	65
-0.0150044303749499	1.06558341814393	65
0.032809169467013	0.792155623069649	65
0.124548690893311	0.566515415696065	65
-0.04508939812617	0.536570361539162	296
0.111869863905787	1.2411600178234	396
0.071334705371692	0.920033427591796	55
-0.10068698380371	1.20684957418642	55
-0.11779635806216	1.15412769231853	55
-0.000328439275329995	0.724697617251016	13
-0.08416631831041	0.443221456385249	736
-0.0477642500886699	1.00088257516634	623
-0.1172179836611	0.896930928853002	241
-0.08263415510565	0.440810040931567	12
0.00437608728086003	0.735181569303056	65
-0.01450904547982	0.630605838191072	65
0.084983701507716	1.09385131467911	45
-0.0986310297878199	2.34579005683981	55
0.086585277471404	1.43419610898305	55
-0.0831305426851201	0.970628601239581	73
0.023370305513098	1.38582978916007	81
-0.0420966554519799	0.533523570317544	13
0.00850576878534504	0.719061663301607	13
-0.1236059244111	1.17406149095598	562
-0.04214570367606	0.535342942693353	562
-0.0143937272006001	0.625828596617096	309
-0.0196733460476901	0.625505824073248	309
-0.0772253711547399	0.986094795170816	30
-0.0853092247183001	0.440870040390586	736
-0.0839712171632601	0.449870593625882	736
-0.02147580141318	0.63070465748399	30
-0.01392838988394	0.633728780764842	241
-0.0847376579245101	0.443187509430843	236
-0.0795551844448199	0.437888103951723	12
-0.08339961147969	0.449912801072639	457
0.073410302574966	0.909057928594485	55
-0.0095494150976001	0.625960478288904	55
0.049706601536872	1.29334264092444	81
0.0646066809222941	0.941040167937413	73
-0.0415898413734299	0.53533960532776	13
-0.08339961147969	0.449912801072639	13
-0.0500283791871701	1.0313576378608	309
-0.04047872442752	0.529369191086344	30
-0.0847376579245101	0.443187509430843	2419
-0.0745077438381501	0.951547431702254	241
-0.04023726103457	0.532071905598909	65
-0.0894110966111701	0.449371905243613	433
-0.0141266498912001	1.06094436621206	328
-0.02481866845702	0.612096255316949	45
0.109403684170117	1.10896994796762	45
-0.08339961147969	0.449912801072639	396
-0.04047872442752	0.529369191086344	55
-0.0271567154268499	1.52741245548101	55
-0.07873368363514	0.437267399904014	55
-0.04508939812617	0.536570361539162	55
-0.04508939812617	0.536570361539162	55
-0.08544496343037	1.22340830866102	73
-0.0882674333937401	0.4493671857593	13
-0.08339961147969	0.449912801072639	2218
0.038126179889699	1.21338043230933	309
-0.01264111594303	0.624327543930029	30
0.00765893691924202	0.720959264537532	623
0.00413012471173901	0.73406738959323	236
0.00341018149030503	0.739413252492397	65
-0.04134880752939	0.533932250298231	79
-0.0342558942789599	0.988096858019398	328
0.027660372406348	0.82360864791508	328
-0.08263415510565	0.440810040931567	55
-0.0130054964384301	0.631951082829438	55
-0.0789854075883401	0.431346581185206	55
-0.11417445601243	0.87802332858226	55
-0.04640844622843	0.524136870578357	55
-0.0894110966111701	0.449371905243613	55
0.050065923085846	0.875252960489577	636
-0.0458849682712701	0.537978785932862	13
0.070325050926888	0.996668253032067	925
0.00380695649267704	0.708505261954033	433
0.078223914518341	1.00063271598799	328
-0.11661211455539	0.894728067650379	55
-0.0888881093274201	1.40943506741045	55
0.062717175236581	0.95405797849032	55
0.018843367159051	0.801842443459444	307
-0.0133449120848299	2.13097295829028	59
-0.0143174672689701	0.570491098276766	55
0.0737362777806621	0.963678927221013	73
-0.0448514544229	0.526824859365411	13
-0.0211382079814	0.622139179961649	623
-0.0137989669234899	1.04942587100489	623
-0.01942812407645	1.31546048533476	30
-0.0926774698801001	1.21884365085286	241
-0.01532716407378	0.63199053771025	241
0.045957992116577	0.871935240122125	65
-0.05948568609134	1.25333187563655	65
0.00304695997314297	0.732109635587651	65
0.046147117356197	0.876976731259027	45
-0.0183602113852801	0.617152864378996	55
0.022206928332003	0.784708297087043	55
-0.0896567125124801	0.444185066405388	55
0.0274243308248709	0.799181255435252	55
-0.0415898413734299	0.53533960532776	55
-0.05805580673844	1.23053223628164	23
-0.0725948907376199	0.975543184927757	49
-0.0853092247183001	0.440870040390586	79
-0.0759574619947601	0.425991937161154	79
-0.0105039182123601	1.03477535597064	45
-0.01828659280719	0.637408799626532	45
-0.11301066457781	0.853420722691976	55
0.020000667369221	0.670879585345476	55
0.121408371527215	2.46302932539571	55
-0.0080820608860499	1.06932648477987	55
-0.02205796217548	0.630725685621424	238
0.0127498569554591	1.11051441158742	73
-0.0828282330019501	0.447536675757059	13
-0.1136254966726	1.31220290526558	309
-0.0841175036472801	0.439048351278814	49
-0.0375521086466399	0.520197028531698	2890
0.084032572516499	0.98709215481393	296
-0.1103835723582	0.871056905753648	328
-0.0147463991193599	0.635127371419127	55
-0.05018742228395	0.526788101329724	55
0.017949233551159	0.673161288129523	55
-0.0133607289701301	0.607201128653768	55
-0.0846890001804901	0.440436789011498	59
-0.08952455779399	0.432990598450214	115
-0.0410341816703299	0.533474616548942	23
-0.0798738120136799	0.439491622411154	2890
0.124352854662433	1.19623165750115	30
0.005110362929308	0.73190395487558	65
-0.08859489217438	0.440362791867803	296
-0.0888391586933801	0.4508252570074	296
-0.0143937272006001	0.625828596617096	79
0.041205354367312	1.21192112540326	45
0.119672610534338	2.17220294204885	55
0.011908690614126	0.721112190663837	557
0.00705811224273401	0.722708613725652	309
-0.12403194149219	0.891938904130135	309
-0.0949316728249101	1.41489522781502	309
-0.0890849574443899	0.442779062356145	2890
-0.0472381272717699	0.53026010584977	30
-0.04127582234834	0.520891331474052	30
-0.11349180150988	0.904463976117637	65
-0.0405520781777	0.523197585425661	1734
0.05893460607211	1.90783147610164	59
0.018863874372678	0.82015114889828	324
-0.04724609687048	1.02090197807429	557
0.030265775685651	0.80720002367129	55
-0.01722281271337	1.35202042156994	55
0.11681684991928	1.29835526815342	81
-0.0904835857394299	1.89788550278308	81
-0.08069537196201	0.440116845810827	362
-0.08550437421179	0.44105759483041	2427
-0.0882674333937401	0.4493671857593	23
-0.04190488481787	0.532097436853938	23
-0.12098447501265	1.39440033857419	44
0.075053700330843	0.984827001351983	23
0.068840400534627	0.994889832099063	309
0.013097344521521	1.4227168327115	30
-0.0597659613736401	1.27292975721276	241
-0.0226391327250499	0.615363151720597	241
-0.0948867856330999	1.22083563975235	65
0.081612381930976	0.989600880287266	65
-0.0351120322782501	0.974910086756684	1734
-0.09366718920928	0.442877737696081	24
-0.0171288058990899	0.633238517465677	55
-0.04168168712702	1.04049632389709	55
-0.0820625103739601	0.438548633351736	59
-0.12418794162367	1.38120377580571	557
-0.0845430502229201	0.447449092200893	13
0.022799584782657	1.15327722577093	23
0.091121868425302	1.04414959178135	44
0.109493801352538	1.14128392310218	23
0.011908690614126	0.721112190663837	23
-0.00346657366770997	0.594012745706635	30
0.092905890190037	1.04490269266554	226
-0.12456125096111	1.18374226366011	226
-0.0930941286896301	0.437769494838604	24
-0.03644003104857	0.521913518182784	113
0.043087799468544	0.891680467719723	55
-0.0807726040138199	0.425649401043504	55
-0.0407929329814201	0.533927779339571	55
-0.0860761130554599	0.43968755301716	557
-0.0407929329814201	0.533927779339571	362
0.124341898578763	1.19515121885622	23
-0.00989779744189989	0.622866149027712	236
-0.0157411008141199	0.628653409550949	810
-0.09080086079681	0.436993524149018	102
-0.0505114265283899	0.528123565409429	55
-0.12477776049849	1.7888091561106	59
-0.0795551844448199	0.437888103951723	59
-0.0903336927395999	0.433585250414818	59
-0.02181492774125	0.624204523551512	238
-0.0415898413734299	0.53533960532776	13
-0.0888391586933801	0.4508252570074	13
-0.000436373111500021	1.43063688410817	23
0.060425615340204	1.21377400469355	309
-0.0273481747956901	1.86944606453398	309
-0.0820625103739601	0.438548633351736	2546
0.11177120643786	1.17630444964645	236
-0.05281845794163	1.01896329040409	226
-0.0841175036472801	0.439048351278814	113
-0.0843615337316199	0.433737138698786	79
0.016367768672337	1.63471380014546	45
0.041916209336415	0.882817864187478	55
-0.11098720347089	0.876309703314576	324
-0.0849328478214499	0.439666242547024	238
-0.0801869698117501	1.81770781856857	309
-0.0878681750019901	1.23414203530637	49
-0.01049930577026	1.0744510006584	241
-0.08550437421179	0.44105759483041	236
0.007896201334465	1.11435846776857	65
0.021900407917764	0.813627851752125	65
-0.0401869325392401	0.521203170173777	12
0.00207474882526204	0.734772380611915	24
-0.0413017350958	0.525612837394245	174
0.034344632953915	2.47870805691812	55
0.094295771450384	2.09990128300952	55
0.0814134658874241	1.81288343732673	59
-0.01770758392529	0.636395030944036	13
0.061256866968347	0.902261029441048	362
-0.00591013700558007	0.72224327563631	23
-0.01344824157513	0.628678882560934	44
0.00692507740109505	0.741800165038779	30
0.040617434138434	0.855946124889345	236
-0.0168989611330499	0.63768506013358	241
0.00292333280754398	0.738125469204026	241
-0.08302431994092	0.434317282051412	236
-0.01091614467597	0.599550126317523	236
-0.08344113005333	0.96229252266809	65
0.038315992067485	0.757321536992323	65
-0.0882674333937401	0.4493671857593	24
-0.0853092247183001	0.440870040390586	308
0.06354937186943	1.34566807841883	55
0.060664466167033	2.42433456129924	59
0.073335215598528	1.00949899137991	59
0.115712356813484	1.11092096418178	59
0.100444256077363	1.13383177033548	238
0.027708424221916	1.12768224011104	13
-0.0874512885030001	0.440341507795725	362
-0.0379170227735399	1.00036535701931	362
0.089963781557753	0.996927124203975	362
0.012761347448244	0.697629796272974	44
0.00850576878534504	0.719061663301607	23
-0.08339961147969	0.449912801072639	236
-0.08149109287402	0.432007277207344	236
-0.04508939812617	0.536570361539162	236
-0.0120645818045699	0.624316992425343	65
-0.0505114265283899	0.528123565409429	65
-0.08339961147969	0.449912801072639	472
0.083348715023444	1.97772764132876	328
0.079839823165662	0.997207224292398	55
0.110344858883598	1.13622142512201	55
0.039958340851932	0.88529162639212	59
-0.0173963353009201	1.0447998229576	59
-0.07722742916438	0.968202447263605	238
-0.08004716870695	0.967201622703019	238
-0.0198232496461901	0.613690280706512	13
-0.0372363411521699	0.529756725870944	115
-0.04023726103457	0.532071905598909	115
0.019179381685971	0.813052510429886	746
0.0648323490673301	0.912737007672212	236
-0.0163199155255001	0.634508999177419	236
-0.0882674333937401	0.4493671857593	236
0.01006740418667	0.722158414523233	364
-0.07816393627825	0.430741179771204	24
-0.0845430502229201	0.447449092200893	113
-0.0119551269392	1.64763417032494	59
-0.0551181258348901	1.25518965020041	81
-0.01286705574124	1.04203834743364	81
0.000737520135528968	0.730781620421921	23
-0.01619994707723	1.05930161858108	23
-0.11767496985177	0.863320075176652	23
0.057273494362406	0.942454120729549	49
-0.0700789447696599	0.958577161875453	236
-0.0139721291776	1.3340337414143	236
-0.08320602723969	0.440778558585673	236
-0.0888391586933801	0.4508252570074	236
-0.0853092247183001	0.440870040390586	65
-0.04644239766996	0.539076693252376	65
-0.0221474362207199	1.0783120737881	65
-0.0860740235164199	1.85894545030186	59
-0.0272584930614299	1.27798842932664	59
-0.0983452371825899	1.75829797180639	238
0.079450983670879	0.996685748278928	81
-0.11734918970865	0.900997300524232	13
-0.000345093519849904	0.733622030598307	23
0.097312949818306	1.02256801860904	236
-0.08044419333862	0.437208628709902	236
-0.0839712171632601	0.449870593625882	236
0.043405384545251	1.21055210247827	59
0.082144438157286	1.42679340673433	59
-0.04018315984605	2.21169765134775	59
-0.0761857383704301	1.61857118722374	59
0.046009538389422	1.19417743561042	238
0.077546626569447	1.43531180456475	13
-0.0379238863184199	1.00100560940391	13
0.054389837822824	0.855224883389904	362
-0.1199219016434	0.896718972370451	362
-0.0568652867034201	1.26200208915949	236
-0.04349881772075	0.524875300649614	236
0.00328117600044697	0.73075894862611	236
-0.08339961147969	0.449912801072639	1167
-0.0399961913692599	0.523182957130856	1167
-0.11991442170679	0.872626798362823	364
-0.08377812694658	0.438490822098262	364
-0.10929976143346	2.04694874207511	55
0.00578170604246997	1.13539004385179	59
0.120367910432502	1.26268493870475	13
-0.04564683947696	0.537663415923297	362
-0.00989720171294994	1.07337723127954	362
-0.0407929329814201	0.533927779339571	236
-0.0104758124014199	0.619240254692831	364
-0.04265435035125	0.532486819419197	364
-0.10444563741961	0.848011907143829	364
-0.08225708155965	0.440651859148283	364
-0.0888391586933801	0.4508252570074	65
-0.01425479430582	0.627452816338297	113
-0.1233562109724	1.18703012143087	55
-0.04400732657007	0.523009444422784	145
-0.00008368936486991	0.729953973573213	55
-0.01928465896777	0.626113648694458	59
-0.01334796753269	0.634727772666367	59
0.015055272061814	0.705470816297987	13
-0.04214570367606	0.535342942693353	13
0.028803779116849	1.44553004278186	362
0.062115922018614	0.955942312065567	290
-0.0780182671391301	1.91014014726299	23
0.014652754920552	0.694105481832348	1419
-0.0388850254211699	0.517522669528724	364
-0.01239213515422	1.08334753712608	145
-0.00461637257563008	2.11733609656095	59
0.0547169519984541	0.860181510181081	59
-0.01310302295245	0.625689696138887	238
-0.0940882024302701	1.2374069902338	238
0.0122789559197189	1.43720882274809	238
-0.0561638928488399	2.18470736461236	81
-0.0115100749260999	0.615335638167134	13
-0.0820625103739601	0.438548633351736	362
0.078312561304927	1.02579351370118	23
0.00695783409977202	1.41786449936982	23
-0.0405520781777	0.523197585425661	23
-0.0845430502229201	0.447449092200893	49
-0.0846890001804901	0.440436789011498	1419
0.00889699929886001	1.35698688882786	236
-0.0766314822124301	0.964730004529082	236
0.0184747090837279	1.17647616823281	65
-0.0894110966111701	0.449371905243613	2935
-0.08771930128378	0.956038560958499	12
0.010817594342552	0.722831600491766	24
0.10324421601007	1.85329221094322	55
0.088217133477473	1.05153780352458	55
0.036055278399581	1.22724565254434	81
-0.0335708149043199	1.60352480919547	81
0.067848612623712	1.72525464948668	81
0.086233266218863	0.962572101886215	362
-0.0632631898331399	1.25480358570336	362
-0.0379682491070801	0.986843339497168	362
-0.11315689933131	0.905297134411837	1419
-0.0459521779730001	1.03280265025388	236
-0.0890849574443899	0.442779062356145	236
0.071332123211368	0.912121357487363	236
-0.08550437421179	0.44105759483041	236
-0.08377812694658	0.438490822098262	65
0.095951546961127	1.8017697227258	55
0.038628300456519	0.868021564753684	55
0.070445440501969	1.26836246286688	59
-0.05042304195554	0.511384543442458	59
0.0154594311052561	1.73456516943769	324
0.100376871730319	1.08705473115834	238
0.109990338136701	1.97623793324622	238
-0.03045257121481	1.53439207435396	238
0.00522857739327298	0.728026473449889	238
-0.04172941381048	1.28836847905153	380
0.046887355745125	0.894631081992712	1419
-0.00583965609029002	0.704146914320265	236
-0.0789854075883401	0.431346581185206	236
-0.0424611649862601	0.52807596193656	236
-0.0493512450579701	1.01206320245432	236
-0.01460146260907	0.62327084144453	236
-0.08000589726884	0.982641278908438	141
-0.07355550720643	1.64618067930832	141
-0.00646076853195998	1.80721044760428	238
0.046326253050882	1.54647581147491	362
-0.0644518917938199	1.25513026359755	23
0.11270565609727	1.29017855632519	23
0.080944032146491	1.05287576338511	236
0.032515055827272	0.792610511904512	236
-0.0234652395661199	0.627240642016611	236
-0.12281142121705	0.889363976431826	55
-0.08619168734963	0.957987417760027	238
-0.04321224923135	0.529080422746638	13
-0.00000602317712994349	1.66779297492622	362
-0.0839712171632601	0.449870593625882	290
-0.03798961439757	0.512601432328371	267
0.024257270446674	1.12979693958594	1419
0.031168395717348	0.799583522910877	236
-0.00095173218866007	0.731352076059627	236
0.020363232755353	0.799791646331364	236
-0.0839712171632601	0.449870593625882	662
0.023839029717782	0.827088410921153	585
-0.0825375941972999	1.19628456181138	362
-0.0418312673641199	0.524827463430202	290
-0.0444230253672699	1.02550234880581	23
-0.03912652438739	0.519275278473544	23
-0.0288155435747	1.29728696066789	23
-0.0881709295555999	1.22699594964117	380
0.099145177344142	1.14497319236118	1419
-0.0458849682712701	0.537978785932862	1419
-0.11606730899907	0.89865877380911	236
0.022808522535244	0.804338854702614	236
-0.0383483940184799	0.527958376075913	236
0.04329170085885	1.19682963605417	55
-0.0835952057059299	0.440934741563414	141
0.102453730241971	1.07046816459754	585
0.110658631461114	1.19353350099136	13
0.00485873934155201	1.42211716467741	23
-0.0890849574443899	0.442779062356145	23
-0.0795551844448199	0.437888103951723	23
0.00462428134845005	0.727016583577766	1419
-0.06154531876573	1.23026637600383	236
-0.01287197458432	0.628672543229893	236
-0.08769592055931	0.443128295111818	24
-0.0427017687176201	0.533496839580061	1981
-0.0913392996681399	2.05244527903834	55
-0.0126219242296	1.33324027407771	324
0.083021975413025	1.04289238682219	141
-0.0658428259224699	1.61721203028251	324
-0.12492362314863	1.15867158177888	362
-0.07159003131048	0.9599304087116	1035
-0.0766195276147801	0.963790667727285	23
0.00260302334843798	0.685504080407177	380
0.080285767835068	0.946162020526261	380
0.00730351251538997	0.720787258709906	1419
-0.01367879433265	0.627444750848743	236
-0.07873368363514	0.437267399904014	236
-0.0950518689173301	0.436649812703456	600
-0.0903336927395999	0.433585250414818	172
-0.08069537196201	0.440116845810827	906
0.10472657538344	2.14968202367306	55
-0.08974040105196	2.22268406798154	55
-0.0199180480279599	1.07861921015672	141
0.09522207355558	1.00978561651845	238
-0.02453187398749	1.80409833837458	585
0.014515400309507	1.6860280327898	585
-0.0141103322532199	1.32128360802835	13
0.00262488578752196	1.36583995181455	23
-0.00932001255627002	0.624593242837036	380
-0.01787591743762	0.627022689041809	267
-0.0125240914609399	0.623311606547272	903
-0.01402473752858	0.626932956746913	2904
-0.0180577457025499	0.637693946237534	236
-0.0472021713972299	0.51824957851751	24
-0.0841175036472801	0.439048351278814	24
-0.0458849682712701	0.537978785932862	24
-0.04214570367606	0.535342942693353	906
0.117280674510906	1.18373799548913	324
-0.11403493326266	1.35452290183102	585
-0.1042712485019	1.84521040452932	585
-0.12019497111803	0.900587158521544	13
0.108251119166841	1.17554061853733	23
0.0657961315572561	0.938489104096584	23
0.00645704691098104	0.722690446439502	267
0.092864040454044	1.03464607250651	49
0.020664437951153	0.802686534310503	236
-0.0708647346292799	1.48021106170922	236
0.015683724446692	0.810377989652927	24
-0.0729042677104199	0.979589472609576	24
-0.00897235753809	0.624202531181679	680
-0.0413017350958	0.525612837394245	24
-0.0902286802455501	0.442796457168006	906
0.081245660222139	1.75660228432981	55
0.02194424989618	1.44927113704019	55
0.023542298306412	0.829415292501695	141
0.085921769611454	1.0435399428715	141
0.031476147366014	1.14087979136863	324
0.102794043298265	2.00690662258166	141
0.075912340213478	1.72031696055477	324
0.0927056045994929	1.47032812933069	141
-0.03779226621182	0.529764234894303	13
0.103381003701663	1.14406032786586	362
0.06793591572363	0.926070356944614	362
-0.12300141860269	1.14031828008131	362
-0.0867302542166599	1.17077060671895	380
0.00705811224273401	0.722708613725652	300
-0.0896567125124801	0.444185066405388	24
-0.0839712171632601	0.449870593625882	24
0.099141184444278	1.33996039424061	145
0.020071721073424	1.48778701958698	585
0.011309433738577	1.11561968417364	585
-0.12388976185155	1.14690736712879	13
0.115470650618977	1.16380715922793	1035
0.022224582128382	1.14962808867319	362
-0.095690258838	1.35741426563541	23
-0.0208938750685601	0.628393138754877	267
-0.11755241557882	0.898605754812482	236
0.007548771654592	0.712270536783271	236
-0.01532716407378	0.63199053771025	300
-0.0882674333937401	0.4493671857593	236
-0.03588429623291	0.520141328636766	1570
-0.0888391586933801	0.4508252570074	24
0.101341581032427	1.08394319412473	55
-0.0896567125124801	0.444185066405388	931
-0.10961665983391	0.88683942339324	585
-0.0890849574443899	0.442779062356145	269
-0.0116934772029	1.08448623577658	362
-0.01172012683329	0.623206831910485	23
0.031481660247313	0.80552388919026	23
-0.0603854144606	1.24549318357152	23
-0.09838717359941	1.43939366321509	903
-0.08550437421179	0.44105759483041	49
-0.0839712171632601	0.449870593625882	236
0.043444541137438	0.883583126611875	236
0.028203121015411	0.790030940833786	236
-0.08320602723969	0.440778558585673	236
-0.0496133018743099	1.71799775750587	55
0.023284040282443	0.818460352139769	141
-0.08320602723969	0.440778558585673	585
0.06240159398169	0.948309070741146	269
0.025970095796605	0.817087172147937	13
-0.10792154848584	0.848986605159289	13
0.063694907593628	1.26039679276009	362
-0.1126126724524	0.898054384120593	362
-0.04289644472161	1.02283330262722	49
-0.0196204445842301	1.07436643227964	236
-0.0470000309021299	0.538015295293504	258
0.0201483170183669	1.07864112908404	141
0.010460171586169	0.725941471205943	585
0.033657111939841	1.47645151158762	13
-0.04644239766996	0.539076693252376	23
0.081625488859694	0.983542934915968	23
-0.0896567125124801	0.444185066405388	49
0.046302840665401	1.18163018563974	267
0.00745325771985705	1.11052112023552	903
-0.0220527665889201	0.614082658396717	49
0.00645704691098104	0.722690446439502	236
-0.08339961147969	0.449912801072639	24
-0.0156349113141701	1.81388696831069	141
0.124552913137388	1.33110625110995	362
-0.0618146068360099	1.44235168425848	362
0.055023845171753	1.338240077589	362
-0.11606730899907	0.89865877380911	24
-0.0888391586933801	0.4508252570074	24
0.120305582546927	1.31366922226436	145
-0.11627910658765	0.866013680592053	141
-0.0828282330019501	0.447536675757059	141
0.023898186774839	1.1726887760056	141
-0.0399961913692599	0.523182957130856	585
0.00800890383945396	0.708503806894153	269
0.04810258108535	0.874637556125102	13
-0.01310302295245	0.625689696138887	290
0.0590068948354751	0.929049178342515	290
-0.0600685987304299	1.2478950521256	23
0.044041262672503	0.891852054006119	183
-0.03914485402372	0.521877417475447	236
0.012126117187219	0.716700690137453	236
0.011825981258491	2.02247366873958	55
-0.0930941286896301	0.437769494838604	2478
0.00135863636934697	1.11461442194353	585
-0.11106533562573	0.900098780567663	585
0.056297884558386	1.244445878565	362
-0.11488452208101	0.872731172701731	23
0.01006740418667	0.722158414523233	267
-0.01334796753269	0.634727772666367	49
-0.08149109287402	0.432007277207344	853
-0.04676233382347	0.533151878536671	236
-0.11334257226358	0.877571649578502	236
-0.0812657829261201	0.437827870598466	539
-0.05283933384078	1.01649996418424	55
-0.12281142121705	0.889363976431826	141
-0.01670908692519	0.624702709358128	2478
0.058472522888716	1.70297019039827	413
0.064606603426094	1.29488878642117	13
0.093341883816529	1.09737527918941	362
-0.08320602723969	0.440778558585673	50
-0.0410341816703299	0.533474616548942	50
0.066421795762449	0.926904917128494	23
0.0000155425823600286	0.733344988057263	50
-0.0423869148386	0.526619845453516	183
-0.0427017687176201	0.533496839580061	300
-0.0168989611330499	0.63768506013358	236
-0.04668070981074	0.529201385416899	141
0.0788871026243611	1.03477571205922	585
-0.04233427790024	0.526246015540468	2335
-0.0882674333937401	0.4493671857593	23
-0.0888391586933801	0.4508252570074	2478
-0.07597136241777	0.96492625080881	269
-0.08416631831041	0.443221456385249	269
-0.12427435317432	1.37957041003349	23
-0.0896567125124801	0.444185066405388	290
-0.08416631831041	0.443221456385249	50
-0.0180577457025499	0.637693946237534	23
-0.11349180150988	0.904463976117637	183
-0.01483102303606	0.625720094927289	300
-0.0204059823774001	0.613727199391636	236
-0.04190488481787	0.532097436853938	236
-0.04508939812617	0.536570361539162	24
0.114084017220683	1.91428764901739	55
-0.0448514544229	0.526824859365411	585
0.038742823835433	0.887143496387261	269
0.014767212313884	1.43375121373449	290
0.096335178704863	1.0138459297935	362
-0.05186504167767	0.526927006246468	23
-0.0845430502229201	0.447449092200893	50
0.039666986313688	0.888776437954561	49
-0.00180309411699997	0.733259348127935	300
-0.0415898413734299	0.53533960532776	24
0.093115246023877	1.56264813927149	55
0.034215110741589	1.2256367028963	145
0.0117402683443379	1.40091673001705	141
0.093562864257959	1.67842483315398	141
0.034076410951937	1.52078216040981	585
-0.0424611649862601	0.52807596193656	2335
-0.05455175858963	1.23164175654451	290
-0.0553416664450299	1.52002581348201	290
-0.11605840161178	1.58722706227242	23
0.00937091588304595	1.08610852616773	23
-0.0847376579245101	0.443187509430843	50
0.061829831174644	0.935248376023704	23
-0.016439850367	0.620096393027354	183
-0.0268164482790401	0.616288657244323	49
-0.11119500709359	0.868311892206194	141
-0.02049741409178	2.09072827730155	141
-0.12360221715897	1.13592017508496	269
0.104979422464118	1.13844093792106	290
-0.0812657829261201	0.437827870598466	300
-0.0853092247183001	0.440870040390586	718
0.010567357067031	1.09073841636067	141
-0.0888391586933801	0.4508252570074	2478
0.031455264003693	0.855984016464749	2478
0.045994826956906	1.18333262903693	2478
0.030944932644434	1.46019953407681	141
0.071614240477642	0.918817754882602	585
0.030068739026525	1.14324560019522	290
-0.05977820697624	1.24479132983848	362
-0.0927937808119299	1.20427107941183	290
-0.04564683947696	0.537663415923297	183
0.00705811224273401	0.722708613725652	49
-0.0839712171632601	0.449870593625882	1066
-0.08339961147969	0.449912801072639	1066
-0.08339961147969	0.449912801072639	236
-0.0383483940184799	0.527958376075913	24
0.00392195772019099	1.9399831603999	145
0.071620816409712	1.34665566380407	145
0.00957868955985297	1.12896429628634	141
-0.09744554115073	1.43257972276546	141
0.095676835252911	1.08669537278145	141
0.101134777807474	1.44845038592198	585
0.010704144956816	0.719304421544552	290
-0.08320602723969	0.440778558585673	696
-0.0208938750685601	0.628393138754877	50
-0.00224370392980999	1.03242844802137	1466
-0.06129286148956	0.493214566765247	236
-0.08263415510565	0.440810040931567	236
-0.12146109324511	0.893150095581582	411
-0.0839712171632601	0.449870593625882	24
0.044372900690568	2.00754449847907	141
0.115276644334712	1.17636934781566	141
-0.00343310402760011	1.960354011984	141
0.057761347508663	1.23086310207631	141
-0.0432147008986901	1.02379865371081	290
-0.0168270330942799	1.07620513750824	696
0.025600769441674	0.799045002441323	50
-0.08225708155965	0.440651859148283	407
-0.0890849574443899	0.442779062356145	49
-0.08416631831041	0.443221456385249	236
-0.0410341816703299	0.533474616548942	236
-0.08526070911993	0.439070474109434	236
-0.01506077422381	0.616879709205282	141
0.014905986589557	1.4235750908413	141
-0.06679145937205	1.4611854607353	585
-0.11314863604673	0.876393920233676	585
0.052802598746144	1.5221425899416	290
0.062400976961836	0.931990956442197	290
0.118279532238767	1.29152742178155	290
-0.07851779197464	0.963201554122897	290
-0.0472381272717699	0.53026010584977	49
-0.0846890001804901	0.440436789011498	236
-0.0839712171632601	0.449870593625882	24
-0.0434494397473899	0.526301806327481	585
0.015249432744642	1.40245261988725	290
0.121004948105091	1.23283087995574	290
0.071510895181737	0.992999752567853	290
-0.04820125687538	1.03504223145039	290
0.0676466549517421	0.939124597254135	23
-0.04564683947696	0.537663415923297	1466
-0.0888391586933801	0.4508252570074	49
-0.10910182712616	0.883445266813691	419
-0.0902286802455501	0.442796457168006	1738
-0.0835952057059299	0.440934741563414	20
-0.11167159246897	0.904952163699411	290
0.045746698315113	1.54506221658039	290
0.033731206674982	0.790970813301723	50
-0.0420966554519799	0.533523570317544	23
-0.11227808895133	0.907224587851398	1466
-0.02147580141318	0.63070465748399	217
0.023284040282443	0.818460352139769	49
-0.0424611649862601	0.52807596193656	419
-0.04134880752939	0.533932250298231	236
-0.0407929329814201	0.533927779339571	236
-0.04190488481787	0.532097436853938	1738
-0.0874512885030001	0.440341507795725	1738
-0.0847376579245101	0.443187509430843	24
-0.0798738120136799	0.439491622411154	161
0.0241483986726569	2.3214182929534	55
-0.05414892424414	1.83308196221948	585
0.07214917256464	1.00512437499478	585
0.048129022272216	0.878283178615134	585
0.098796376243183	1.12621880058453	290
-0.0385887385682699	0.523619715148681	791
-0.0385471557258701	0.513603582225241	236
-0.0820625103739601	0.438548633351736	341
-0.01344824157513	0.628678882560934	141
0.063634115542508	0.917441959103298	585
0.037119796022697	0.888179457837074	290
-0.1215186381138	1.18173366337682	882
-0.0839712171632601	0.449870593625882	157
-0.08320602723969	0.440778558585673	49
-0.08339961147969	0.449912801072639	419
0.091226184315538	1.4738522102214	25
0.085035127304054	1.37229749869609	145
-0.00817242437682997	1.05516798760904	141
0.040612310639634	1.52983781034663	585
-0.01241193608908	1.55463047909236	290
0.060463794334363	1.61290957218792	585
-0.0160089826192	1.09342642947513	2974
-0.0119904164962199	1.08305765242443	290
0.059073418993039	0.957394173432593	290
0.0405916358806801	0.886254045888891	696
0.020666744771323	0.824469230092613	882
-0.0475578681084099	0.534538158001918	157
-0.07873368363514	0.437267399904014	791
-0.0896567125124801	0.444185066405388	419
-0.0423869148386	0.526619845453516	1807
-0.08416631831041	0.443221456385249	236
-0.08802298405304	0.441732681372279	236
-0.0481725887400599	1.70484750373687	141
0.121464219310478	1.3153511538818	141
-0.0791971285380999	1.67648419368017	413
0.00775550103143996	1.10343719848032	585
0.044076748310809	0.874342802960975	1367
-0.12240235996683	1.18445894767191	290
0.04749377792765	0.893767762847988	290
0.055590691805005	0.838443821488013	290
-0.01276777825725	0.633715143783669	23
-0.04644239766996	0.539076693252376	49
-0.0894110966111701	0.449371905243613	217
-0.0845430502229201	0.447449092200893	49
0.025516388779701	0.815626630742962	49
-0.0168989611330499	0.63768506013358	300
-0.04620448466252	0.536608976382641	236
-0.0902286802455501	0.442796457168006	1810
-0.10941646518708	2.41201036567674	145
-0.000233240389029943	2.33431590112746	2176
0.062012981226501	1.46227063096184	141
-0.01797680237115	1.82048821928353	413
0.104264296040248	1.50539254329146	585
0.088184410512342	1.02994049730138	585
-0.11905964753838	2.05679250177945	585
0.027809519185086	1.14703233857068	585
0.027051065664253	0.826641597364987	1367
-0.0172490849448299	0.633240042584173	290
-0.0209481210068001	1.08105008566586	696
0.015055272061814	0.705470816297987	217
-0.0839712171632601	0.449870593625882	24
0.118440725943764	1.17394218827729	25
0.013124274503422	1.93179698630138	141
0.0384316539089991	1.19634111756278	518
-0.00598117358984007	1.8672724012361	585
0.00457982087020104	1.12849842653165	2974
-0.11207331394216	0.881432722730098	290
-0.00254847524183011	1.02580212876309	696
-0.0185221141075	1.32428869556314	50
-0.06918082290192	0.961872345699767	23
0.040997316584194	1.19157018760264	268
-0.03394344891354	0.99561001706317	268
-0.0141658663071	0.636131368860485	217
-0.0801251725187899	0.440149143612608	217
-0.03962983667209	0.513242765100549	217
-0.08583263061852	0.433351951566663	918
-0.07873368363514	0.437267399904014	410
-0.08339961147969	0.449912801072639	236
-0.08416631831041	0.443221456385249	236
-0.0399961913692599	0.523182957130856	236
0.016553119862607	1.47546223834704	145
-0.10409820452265	2.16369503837613	141
-0.00419699963240006	1.85195754952361	141
-0.0117311422958	2.19376730970208	141
0.024186515820331	1.18013401815067	864
0.117867086699385	1.3254001702537	141
0.04734177139107	1.4502515771258	141
0.020867123895693	0.812375764171826	290
0.048417688647165	0.888804410693833	23
0.042522633415133	0.881972615896553	50
-0.0839712171632601	0.449870593625882	50
0.046887355745125	0.894631081992712	217
-0.04727563008519	1.03508044273142	49
-0.03914485402372	0.521877417475447	49
0.00961426451669201	0.724577455791917	918
-0.0801251725187899	0.440149143612608	69
-0.04190488481787	0.532097436853938	64
-0.0434494397473899	0.526301806327481	236
-0.03532876388716	0.516252791424743	24
0.011478037809424	1.63156829988234	2176
-0.0809979691724301	2.12258841442272	141
-0.0600964984557999	1.24089398798257	585
0.00488285566247004	1.13319759071424	290
0.029228138440443	0.785992856451949	290
0.00267808359461696	0.733803783768796	696
-0.02322573661579	0.614175521254198	268
-0.04676233382347	0.533151878536671	217
0.0273465537513971	0.825328925186567	49
-0.0874512885030001	0.440341507795725	64
-0.04640844622843	0.524136870578357	64
-0.0849328478214499	0.439666242547024	64
0.023105425349234	1.46014069681558	25
0.080205933955684	0.976062793768397	2176
0.00749192494908202	1.12204453478953	141
0.0885131882297	1.03864920517189	141
-0.09140773982682	1.66746818568807	585
0.00875187615245698	0.714002231936963	585
-0.03853674111721	0.981642636014453	50
-0.0685568934993801	0.944664315724747	882
-0.0763152741789099	0.983449044697822	268
0.087964662740984	1.04772914275245	49
-0.08416631831041	0.443221456385249	918
-0.08044419333862	0.437208628709902	64
-0.0839712171632601	0.449870593625882	161
0.00841658440008997	1.44135160640197	2176
0.038165365705695	1.22357320917695	141
-0.1191024808488	0.852051870152882	585
0.006702023014866	0.719017358943274	1367
-0.10556394974251	0.862128586805375	1367
0.05874594374855	0.93622148556763	882
0.016015956821049	0.696259473287985	217
-0.11930793736121	0.877317807899844	217
0.00898298150271604	0.73266072852705	217
0.07535224151901	0.984521819940324	217
-0.07498648176094	0.917715246697801	49
-0.08339961147969	0.449912801072639	161
-0.0786892443826199	1.67189828582897	2176
0.111215151275626	1.24129085182841	141
0.017155939080209	1.47824677534933	585
0.059085656266901	1.59028528111934	585
-0.0415898413734299	0.53533960532776	696
0.024502560412329	0.814602618855292	881
-0.0878681750019901	1.23414203530637	50
-0.0828282330019501	0.447536675757059	268
-0.10988784990673	0.886211300650325	78
-0.08320602723969	0.440778558585673	936
-0.08339961147969	0.449912801072639	64
-0.0888391586933801	0.4508252570074	64
-0.0890849574443899	0.442779062356145	64
-0.0415898413734299	0.53533960532776	24
-0.04791864987745	1.00408809965884	141
0.037072968106859	1.79270937456025	585
-0.0407442319670399	0.524564494719229	585
-0.08416631831041	0.443221456385249	290
-0.04134880752939	0.533932250298231	290
-0.08339961147969	0.449912801072639	217
-0.0843615337316199	0.433737138698786	69
-0.07930364216305	0.43952339662747	64
-0.08339961147969	0.449912801072639	611
-0.04564683947696	0.537663415923297	64
-0.04508939812617	0.536570361539162	64
-0.08416631831041	0.443221456385249	161
-0.0839712171632601	0.449870593625882	161
0.063442744865311	1.29165265272745	2176
0.0181091746977951	2.0376712714153	141
0.028888356846865	1.46528602818117	141
-0.01344824157513	0.628678882560934	585
-0.00970213412271992	1.31857349986549	198
0.03533342939913	1.23186599698523	290
-0.04508939812617	0.536570361539162	49
0.00328117600044697	0.73075894862611	49
0.02147666924127	0.813414773503289	78
-0.0488343869933101	0.518019295592227	300
-0.0882674333937401	0.4493671857593	419
-0.08802298405304	0.441732681372279	300
-0.0990903081739101	0.432932243141053	64
-0.04134880752939	0.533932250298231	64
-0.04214570367606	0.535342942693353	611
-0.0882674333937401	0.4493671857593	325
-0.0415898413734299	0.53533960532776	325
0.106560029227378	1.80969425672109	141
0.007284823126959	0.736234203032087	141
-0.01043590081183	1.40493189395395	141
-0.05449737349067	1.24029425765185	290
0.117449090479134	1.07722467915578	290
0.0253916201312691	1.15248726704075	50
-0.0902286802455501	0.442796457168006	419
-0.0496286255926099	0.519316767536416	936
-0.09080086079681	0.436993524149018	64
-0.0226403575257901	0.6284641210512	64
-0.0839712171632601	0.449870593625882	64
-0.0141658663071	0.636131368860485	24
0.088217133477473	1.05153780352458	141
0.00561104759139797	0.719519471651356	671
0.015055272061814	0.705470816297987	217
-0.0470000309021299	0.538015295293504	325
-0.0839712171632601	0.449870593625882	1269
-0.00309519795117996	1.36829595033058	2176
0.00556984207085398	2.01582839258898	585
0.003526850011218	0.737148457298255	290
0.0456738193594251	0.890413961889281	50
0.04340535642951	0.899292715308918	290
0.00117960351848201	1.60980862040978	671
0.044947063232842	0.860580329084873	268
-0.03968179154958	0.527987796228352	217
-0.08416631831041	0.443221456385249	69
-0.0372363411521699	0.529756725870944	64
-0.0279871414389401	0.611161801332538	64
-0.0888391586933801	0.4508252570074	161
-0.08859489217438	0.440362791867803	258
-0.10882973786542	0.881364447947826	290
-0.0833593998503299	1.21711055971222	290
-0.11139875419233	0.90075774822453	881
-0.01367879433265	0.627444750848743	2406
0.025600769441674	0.799045002441323	49
-0.03826071532153	1.03065358980626	49
0.018945274079104	1.08338790507992	49
-0.0828282330019501	0.447536675757059	155
0.00168530435291203	1.13471272710461	141
0.063919016523147	0.943904410283944	864
-0.000781855581909907	1.34695170526832	141
-0.08939847641103	1.18384278377197	585
-0.0939843953544699	1.19888240396189	198
0.033286027911217	1.84563098319816	290
0.00961426451669201	0.724577455791917	122
-0.11455060693817	0.877345015517857	671
-0.04540911157631	0.525834512267542	217
-0.09366718920928	0.442877737696081	397
-0.04508939812617	0.536570361539162	776
0.024864012337164	0.805382290149893	2129
-0.08416631831041	0.443221456385249	155
-0.0795551844448199	0.437888103951723	64
-0.08339961147969	0.449912801072639	325
0.095135203961791	1.08544735290685	290
0.00716686820954204	0.696276945308192	2406
-0.0220527665889201	0.614082658396717	49
-0.033996611409	0.508049740034175	776
-0.08416631831041	0.443221456385249	69
-0.08859489217438	0.440362791867803	2129
-0.11131875011251	0.871560792250847	936
0.066680561436496	0.943131562168184	50
-0.11694596438106	0.901131245827369	529
-0.11640411588518	0.903608441091311	671
-0.01425479430582	0.627452816338297	49
-0.0828282330019501	0.447536675757059	64
0.079905647259629	1.22722755278637	864
0.062009763401408	1.63714486779508	141
0.015090174548329	1.35796077220036	141
0.0733420023110361	0.97353108801622	290
-0.0163199155255001	0.634508999177419	122
0.028218920845144	0.811510298977064	217
-0.04214570367606	0.535342942693353	217
-0.0839712171632601	0.449870593625882	69
-0.08526070911993	0.439070474109434	69
0.028829932100315	0.807110732980277	69
-0.0470000309021299	0.538015295293504	64
-0.07227648623067	1.43168974980279	145
0.029755556627708	1.16032050114354	145
0.00994473728799505	0.707910435966617	864
-0.07907670718453	1.64163348352848	122
-0.07652743337902	0.425974547647625	290
0.022064569772132	0.814309291300627	50
-0.09366718920928	0.442877737696081	671
-0.08044419333862	0.437208628709902	397
-0.0861807755364601	0.420148959690814	397
-0.03944050716349	0.521411014837193	69
-0.0410341816703299	0.533474616548942	2129
-0.0847376579245101	0.443187509430843	69
0.071111496030682	1.34157943043264	141
-0.1050984664385	1.42950399768017	141
-0.0831303025152901	1.19400315108856	198
-0.04214570367606	0.535342942693353	671
-0.0104758124014199	0.619240254692831	397
-0.0423869148386	0.526619845453516	397
-0.0437703522325901	0.521019516086407	397
-0.04644239766996	0.539076693252376	397
-0.0405520781777	0.523197585425661	300
-0.000345093519849904	0.733622030598307	69
-0.0882674333937401	0.4493671857593	161
0.112157073189431	1.65043973676377	145
0.00422626201956899	2.35285768478805	266
0.111034171763576	1.1173260856672	141
0.100950273022725	1.50807107037485	198
-0.09227412339472	1.42109032065903	122
0.00316844527761195	0.735109901351412	217
-0.0703980470708601	0.963750647856294	217
-0.11700881762528	0.874691234690189	217
-0.0499522084623301	0.52808272926503	397
-0.01310302295245	0.625689696138887	1057
-0.01367879433265	0.627444750848743	64
-0.08339961147969	0.449912801072639	161
-0.0890849574443899	0.442779062356145	1782
-0.0069306448581099	1.83169184628177	141
-0.0860761130554599	0.43968755301716	397
-0.08377812694658	0.438490822098262	49
-0.0841175036472801	0.439048351278814	69
-0.0795551844448199	0.437888103951723	258
-0.05918304339755	1.25703835415002	266
0.016587115087401	1.06197357857191	266
0.017205607266466	0.811844699874223	266
-0.02033109680734	1.08119931627037	146
-0.08320602723969	0.440778558585673	146
-0.0867019593285601	1.17571998990065	49
0.029363695951851	0.809358655624564	290
-0.0210544844959699	1.073456437274	122
0.061228026466423	0.946695756052429	290
-0.11273891160873	0.87459275734232	217
-0.0801251725187899	0.440149143612608	397
-0.08320602723969	0.440778558585673	161
-0.08320602723969	0.440778558585673	1232
-0.0181517176812001	1.05079663046106	25
0.00365449760649395	0.734407086137184	266
-0.0470000309021299	0.538015295293504	146
-0.0383483940184799	0.527958376075913	122
0.0273465537513971	0.825328925186567	630
-0.0420966554519799	0.533523570317544	69
-0.03798961439757	0.512601432328371	69
-0.0795551844448199	0.437888103951723	69
-0.0458849682712701	0.537978785932862	579
0.078628938612047	0.957362494502647	703
-0.0120645818045699	0.624316992425343	122
-0.0488805523442399	0.508974300343622	290
0.026816713405696	0.800879221774753	529
0.00741297249772099	0.714221900995866	52
-0.113946470651	0.878472393128135	52
-0.00508113751681005	0.595710642105285	397
-0.01310302295245	0.625689696138887	397
-0.0839712171632601	0.449870593625882	151
-0.0934304582107299	0.43432110080072	69
-0.0896567125124801	0.444185066405388	56
0.120515720382942	1.15709187105049	266
0.122181620669337	1.22841828721829	864
0.091766311841109	1.63977993116065	141
0.00638380524768001	1.89474765682737	146
-0.1199219016434	0.896718972370451	290
0.023284040282443	0.818460352139769	290
0.0427974856175401	0.899159067743154	290
-0.1178876916875	0.883343366205239	52
-0.0437367514837499	0.522416873180864	397
-0.0141658663071	0.636131368860485	397
-0.04047872442752	0.529369191086344	397
-0.00543060268769002	0.606643421548384	579
-0.0820625103739601	0.438548633351736	579
-0.08263415510565	0.440810040931567	64
0.0751127072137	1.00068739183848	25
-0.03922571284081	1.29544258410714	864
0.026229995599209	0.79099241954806	141
0.086474064497587	1.04793656718224	290
-0.09882650089779	1.43875958050664	290
0.055721821337218	0.952960002362927	529
-0.04214570367606	0.535342942693353	52
0.028218920845144	0.811510298977064	392
-0.0820625103739601	0.438548633351736	397
-0.0847376579245101	0.443187509430843	69
-0.08416631831041	0.443221456385249	69
-0.10957967552736	0.886062893829804	69
0.00606862798104702	1.13416314403976	64
0.088499771030263	1.53643888583397	266
0.113094642695941	1.1151720144941	141
0.080049230467972	1.04232464981015	141
0.079445158032822	1.68528569629762	146
-0.01086670559785	1.54594432111203	146
0.0812618940737671	1.37459745994055	198
-0.04478549008333	1.04210213239282	290
-0.04023726103457	0.532071905598909	529
-0.0368751427157501	0.501866272385461	529
-0.08416631831041	0.443221456385249	64
-0.08339961147969	0.449912801072639	64
0.043072093701145	0.867304036310998	266
0.07762147269327	1.00087969321797	266
0.021279306503346	0.820812498311511	146
-0.121950249384	1.33715821043548	491
0.072811835318085	0.914033208017604	491
0.0215863554836651	0.806317764470045	290
-0.0839712171632601	0.449870593625882	74
0.00954057654737495	1.12840581952908	266
-0.0691480431929501	1.7329276173271	141
0.065519590053689	0.945472631476364	146
-0.0420129341494	1.27235103734522	491
0.040025305632071	1.22325453952538	290
0.014235004085983	1.11709860184632	529
-0.04564683947696	0.537663415923297	397
-0.0374322767743001	0.509411594960534	69
-0.07930364216305	0.43952339662747	69
-0.0882674333937401	0.4493671857593	74
-0.0874512885030001	0.440341507795725	64
-0.07813289945437	0.961880039269525	25
0.00967602613151597	0.687404992025496	146
-0.0441604122366599	1.02253454639112	703
-0.03529069132389	1.29254601788021	290
-0.00591013700558007	0.72224327563631	529
-0.0409814267092801	1.00053210551126	397
-0.08859489217438	0.440362791867803	258
-0.0163141677551999	1.57570955854166	25
-0.0451114611589301	1.0220313136933	266
-0.10339094930087	1.79385050984322	141
0.106517950619496	1.13509910627179	141
0.05509668641421	1.24972252359405	146
0.0335045069282069	0.774920801125697	146
-0.12046795187138	0.895114143146138	491
-0.01747823780304	0.638703861156956	49
-0.08320602723969	0.440778558585673	74
-0.08416631831041	0.443221456385249	1332
-0.04134880752939	0.533932250298231	74
-0.08320602723969	0.440778558585673	361
0.010975077001577	1.68929247720931	25
0.041174192850554	1.82470098116155	25
-0.0000654272566900094	1.14094358696002	141
0.080322821945044	1.04307050083939	141
-0.03759331301794	1.29087628232574	141
0.117667813265459	1.36576752805118	198
-0.05571279812346	1.52787101345637	146
0.039988251879134	1.20898489951357	491
0.089087706115913	1.05231715511889	491
-0.04233427790024	0.526246015540468	49
-0.0131048000068801	0.622369034308302	397
0.00328117600044697	0.73075894862611	40
-0.0847376579245101	0.443187509430843	56
-0.07930364216305	0.43952339662747	74
0.100081914501402	1.09362714497998	25
0.060237608923446	1.31789663542128	25
-0.09051294870948	1.83840772442934	25
0.025061449683617	0.825023802625538	141
0.0614864463243871	0.936445171999925	141
0.0607111396058721	1.68969783556092	146
-0.1102216684057	0.883516427868256	491
-0.0778472153219301	0.951974794597968	529
-0.0885134148882401	0.436781131204268	69
-0.016439850367	0.620096393027354	74
-0.0366806187001201	0.527923961424208	161
0.111721783288275	1.19702259242804	25
0.117319286975474	1.24230417881044	49
-0.01842252158359	1.07908334269155	491
-0.0295277484251999	1.28445665559767	703
-0.12141205021891	0.895037621468689	49
-0.11870510117519	0.897009427248201	1321
-0.0828282330019501	0.447536675757059	56
-0.0888391586933801	0.4508252570074	56
-0.0411081677282401	0.521466138461708	74
-0.0845430502229201	0.447449092200893	64
0.025061449683617	0.825023802625538	64
-0.08320602723969	0.440778558585673	161
-0.0828282330019501	0.447536675757059	453
0.043087799468544	0.891680467719723	86
0.038406781041449	1.51414916703777	141
0.045076311505294	1.5488288364911	141
0.025111464495573	0.809479791397622	146
0.085889777450401	1.05788834283487	703
0.070619729074491	0.992330484085882	703
-0.10104766209432	1.64621352454316	529
0.070530549793079	1.00530620919004	529
-0.04321224923135	0.529080422746638	529
-0.0650354778467099	1.25270243654683	529
-0.03532876388716	0.516252791424743	49
0.032401453496177	0.790387002017153	1321
-0.0442940011055399	0.525777013659969	28
-0.07873368363514	0.437267399904014	397
0.00705811224273401	0.722708613725652	679
-0.0888391586933801	0.4508252570074	69
-0.08802298405304	0.441732681372279	74
0.101867547834061	1.49386758248342	146
0.024764173639883	0.822681983180362	146
-0.04453216046969	0.533041849233932	146
-0.10112279600852	1.99117690910338	146
0.080055998057651	1.05668742221703	146
-0.0761925945425499	1.45721467469634	703
0.123027747729088	1.22125211558849	703
-0.08550437421179	0.44105759483041	529
0.00741313904188601	0.717712844027316	1170
-0.0415898413734299	0.53533960532776	74
-0.11159107230729	0.879309614612605	2925
-0.0847376579245101	0.443187509430843	435
-0.0891670130201401	0.43463066378636	435
0.024161839887444	1.1673532759832	266
-0.0075880366883001	0.6191624618462	266
0.0279212912432431	0.805721099994587	146
-0.0474566574009701	2.0084937327106	49
-0.0688218120147699	1.24916922470742	703
-0.0839712171632601	0.449870593625882	529
0.090255255211398	1.03336991324659	49
0.010460171586169	0.725941471205943	49
-0.0463621012633899	1.01407420482325	49
-0.1201333515011	0.86806152074652	1321
-0.0472021713972299	0.51824957851751	28
0.00752949533425196	0.740809655079528	1422
-0.0882674333937401	0.4493671857593	110
-0.0818364055633001	0.431458594045257	74
-0.0845430502229201	0.447449092200893	64
0.00602333923884002	1.69729529052546	25
-0.07157850932292	1.9090009190549	86
-0.0734661131322201	0.936699321737084	86
-0.0120525773439499	1.66804677829934	146
0.069483218670214	0.881596837827767	703
-0.01747823780304	0.638703861156956	49
-0.08859489217438	0.440362791867803	28
-0.01367879433265	0.627444750848743	1422
-0.0095494150976001	0.625960478288904	1170
-0.0789854075883401	0.431346581185206	110
-0.09366718920928	0.442877737696081	110
-0.0853092247183001	0.440870040390586	74
-0.02725532359914	1.83622969592735	146
0.012693362517195	1.43283583893982	146
0.090198117547723	1.48259636575162	146
0.044149807407174	1.20430392184519	1587
-0.0459987043699399	1.04418018531913	529
0.024797960236317	0.813055536600585	529
-0.02205796217548	0.630725685621424	487
-0.08339961147969	0.449912801072639	161
-0.07930364216305	0.43952339662747	161
-0.08339961147969	0.449912801072639	161
-0.0497373799687699	1.02728031627551	25
0.121052050833117	1.31368978102932	266
-0.04805757888687	1.4762511537202	146
0.04749377792765	0.893767762847988	290
0.00730351251538997	0.720787258709906	529
0.022695047472391	0.809615782501144	529
0.00377238768801402	0.736155181552724	49
0.042522633415133	0.881972615896553	529
-0.00932001255627002	0.624593242837036	28
-0.0890849574443899	0.442779062356145	64
0.016971241466334	2.39320574876831	25
0.000675129711348976	1.36349568939898	25
0.109600476604809	1.13695146585967	141
-0.0929460721625699	1.42943295790126	703
-0.0157089282082801	1.08682059634498	49
0.027607670839235	0.813608137260401	529
0.066736745234799	0.920877695916726	529
-0.04644239766996	0.539076693252376	28
-0.04127582234834	0.520891331474052	397
-0.08263415510565	0.440810040931567	1170
-0.0894110966111701	0.449371905243613	1170
0.00171983203612203	0.724498336283735	74
-0.0950518689173301	0.436649812703456	56
-0.08320602723969	0.440778558585673	473
-0.0331704045544801	1.51397923612227	25
-0.10543087183181	2.27431597014274	266
-0.11265282043051	1.3266095380414	141
0.043760514780387	0.881914155401476	529
-0.06762127446523	1.16839335245965	397
-0.08086275235817	0.942645112191082	487
-0.0429427649110099	0.526631978550759	110
-0.03256893145776	0.504626169331245	74
0.014209336504985	0.706974507676776	64
-0.04229240071231	1.02092839759469	25
-0.0101267021939599	0.625968597531391	141
0.0000155425823600286	0.733344988057263	146
-0.0442940011055399	0.525777013659969	703
-0.07930364216305	0.43952339662747	529
0.017996453597894	1.3817339539809	28
-0.0234098059536501	1.18892694688359	74
0.017166708075006	0.66028519372781	74
0.044331043870415	0.899234937651405	74
0.032313739283598	0.790132805599058	74
-0.08922840759093	1.18792655818627	74
-0.0141658663071	0.636131368860485	64
-0.07208845496624	1.44925437665368	25
0.04749377792765	0.893767762847988	145
0.054356701769706	0.857079149451422	145
-0.12243821299891	1.16858206927443	145
0.052133048570407	0.864554616774214	25
0.066721984019554	0.943752253384583	25
-0.0122959363917601	0.626907648606974	266
-0.04134880752939	0.533932250298231	146
0.00850576878534504	0.719061663301607	146
-0.04640844622843	0.524136870578357	49
-0.11397553002244	0.88758586715198	703
-0.01811793072039	0.628343556195295	529
-0.0383483940184799	0.527958376075913	529
-0.09755007683967	1.40655999459567	529
0.123083377776102	1.25270739558131	28
-0.0914462026179199	1.17133560478613	28
-0.0890849574443899	0.442779062356145	161
-0.06306679430316	1.51181722950067	141
0.099046185335922	1.02047049413371	141
0.11659713362987	1.39662171492636	146
0.052801849305546	0.860085474209882	146
0.064267045290228	0.933618887611218	529
-0.1181591065561	0.893583053317127	529
-0.0855638630739799	1.21564278710395	529
-0.01241044811472	0.609915581546824	529
0.048099969640793	0.890895563793563	28
-0.0853092247183001	0.440870040390586	110
-0.07930364216305	0.43952339662747	110
-0.0415898413734299	0.53533960532776	607
0.06442411736457	1.30725127532502	146
-0.10325760790148	1.42192934100556	146
0.010722969699096	1.43637309095806	703
0.029657478564697	0.805350316370712	703
-0.07910036186378	0.940261917641924	703
-0.00771700486571003	1.05685395427384	49
0.049144707296775	0.875347436860508	28
-0.02147580141318	0.63070465748399	28
-0.0426318521784099	0.504904443961632	28
-0.00144167471072998	0.73225124077251	28
-0.0147463991193599	0.635127371419127	221
-0.08044419333862	0.437208628709902	64
-0.08339961147969	0.449912801072639	161
-0.05538821000696	1.48535880185601	25
0.079453203731067	1.04435962864355	266
0.059921753471625	0.932086062030531	141
-0.02788690465322	1.27514853187818	141
-0.0505114265283899	0.528123565409429	146
0.006702023014866	0.719017358943274	49
0.013937994080506	1.10658417750637	529
-0.01334796753269	0.634727772666367	529
0.024477583319713	1.37355240523857	529
-0.05204757040199	1.72761796519429	28
-0.12250508181919	1.38721180363653	215
-0.11935459860484	0.89821105164059	110
-0.08339961147969	0.449912801072639	64
0.061276343022017	1.33019966566713	25
0.11828615138086	1.14801588902991	141
0.039733442835868	1.50375792330383	141
-0.0862503676008699	1.22305695723603	146
-0.0732141611102799	0.96722264573569	146
-0.11458170800799	0.88976006693039	49
0.00437608728086003	0.735181569303056	529
0.00525419359066404	0.71727164791225	529
-0.0845430502229201	0.447449092200893	28
-0.0853092247183001	0.440870040390586	28
-0.0902286802455501	0.442796457168006	215
-0.0703760750845901	0.960269627844152	1775
-0.06917398710429	1.44827351967737	141
-0.00964786180795008	1.39092747322013	146
-0.0369425815368201	1.30645220361554	49
0.052603052103974	1.68464234662161	529
0.113971536861125	1.11155969934193	49
0.102320747604298	1.12721996180012	529
-0.00658799235428997	0.6050764424136	215
-0.0888391586933801	0.4508252570074	215
0.00645704691098104	0.722690446439502	110
-0.0423869148386	0.526619845453516	221
0.00645704691098104	0.722690446439502	56
-0.00917005450194996	0.608391374544382	74
-0.0896567125124801	0.444185066405388	607
-0.04620448466252	0.536608976382641	1143
0.076651425746835	2.07058290952056	266
-0.00615461828621999	0.722844719065942	529
0.094357492834748	1.03648298338257	529
-0.11200559329448	0.900601091266222	1021
0.00739948558291204	0.718774941205892	1425
-0.0410341816703299	0.533474616548942	1425
0.00292333280754398	0.738125469204026	110
-0.03644003104857	0.521913518182784	110
-0.0304962856359401	0.600831632781256	56
-0.0894110966111701	0.449371905243613	56
0.011573837488921	2.14159721548289	266
0.11252449797692	1.19071918149564	141
0.020867123895693	0.812375764171826	49
0.084108683419399	1.03616584070288	529
0.00316572629087997	0.735698687776546	529
-0.0187203892339101	1.07906756910884	529
0.047618763334465	0.870004125339141	529
-0.08339961147969	0.449912801072639	1021
-0.08302431994092	0.434317282051412	1021
-0.00816513234476002	0.622832413652728	286
-0.0803162565358599	0.976867428318503	215
-0.08526070911993	0.439070474109434	607
-0.0888391586933801	0.4508252570074	64
-0.08550437421179	0.44105759483041	161
0.0900789589627971	2.26152945953113	25
-0.05459736506167	2.08648981055838	266
0.11025227582849	1.12086732570039	146
-0.05825898063056	1.25568220402766	146
-0.06126261681454	1.23240465606554	703
-0.0897650941741299	1.94192836310038	699
0.031585739234082	1.14098240274583	49
0.085388473479419	0.929789315854653	28
-0.08377812694658	0.438490822098262	74
-0.09424046328752	0.44292541463143	161
-0.0595596197652699	1.86058467599477	266
-0.0760886591880401	0.937773630621098	141
0.022799584782657	1.15327722577093	141
0.113000492229445	1.63797797357735	146
0.064879849732	0.945544756287569	146
0.06610709914555	0.927019748920958	529
0.070483138615585	0.98077438265935	529
0.060572321738406	0.937268256962825	28
-0.0143937272006001	0.625828596617096	1021
0.0453572697703	0.893591351132242	28
-0.04676233382347	0.533151878536671	110
0.00365449760649395	0.734407086137184	482
-0.03256893145776	0.504626169331245	64
-0.09424046328752	0.44292541463143	64
0.056461427370361	1.64410156894586	25
0.068572933538075	1.60198987155495	25
-0.0930482601995599	1.43337527070523	266
0.00816697398792399	0.711155753503252	49
0.0603080133110639	0.94634445131363	670
-0.0144850411380699	0.616860274942388	1021
-0.08416631831041	0.443221456385249	286
-0.01367879433265	0.627444750848743	64
-0.0125274800012301	0.622011314921455	182
-0.07816393627825	0.430741179771204	64
-0.08225708155965	0.440651859148283	735
0.05800024804598	1.99843970349995	25
0.044620403766421	0.892994921819032	25
-0.01529936517104	0.608995933088354	266
-0.00487866261830994	1.63825142437903	146
0.017537178794649	1.48738866089187	146
0.026066452347588	1.73782864309094	146
0.105396853072139	1.93535726566814	146
-0.01288850753647	1.08606579686888	49
0.075083227877413	1.03300945751081	670
-0.0107042189922899	0.624233143555952	64
-0.08320602723969	0.440778558585673	367
0.019344036477292	0.807305661381382	25
0.042867410066447	1.18916140862543	146
-0.00499256988770003	1.35748968171974	146
-0.09677475334175	1.43584723663828	49
-0.01532716407378	0.63199053771025	49
-0.0286133416860499	1.26125379909441	670
-0.06908605380052	0.937486341622669	28
0.00561104759139797	0.719519471651356	28
-0.12459693135855	1.19130181198843	28
-0.08242155818202	1.1957404248694	25
0.0425067493268499	0.892293066855638	25
-0.0368516911371499	1.29983294531671	266
-0.0839712171632601	0.449870593625882	266
0.022023526750605	0.825630936382844	141
-0.04121993084735	0.514863830368429	146
-0.0427017687176201	0.533496839580061	49
0.055825695823841	1.23994938736403	670
0.042252995129357	1.16968918925593	529
-0.11548584585921	1.38446899582543	49
-0.0500283791871701	1.0313576378608	28
0.00850576878534504	0.719061663301607	28
-0.11658365133299	1.16440516325872	28
0.025600769441674	0.799045002441323	28
-0.08802298405304	0.441732681372279	425
-0.08339961147969	0.449912801072639	64
-0.07571348113364	0.963833318133207	266
-0.12344235945761	0.882713993217099	266
0.022495342638692	1.16021527212904	141
0.021900407917764	0.813627851752125	146
0.10024152667417	1.89762114437241	188
-0.0137861724447099	1.08386521383619	49
0.012772205636156	1.11993460095345	670
0.123430263231354	0.66444693227631	28
-0.01264111594303	0.624327543930029	28
-0.01460146260907	0.62327084144453	607
-0.0424611649862601	0.52807596193656	64
0.096011895755688	1.68055330691088	701
0.093204404509695	1.69531284826229	25
-0.0828282330019501	0.447536675757059	146
0.069138366667112	0.992495956643831	49
-0.0276433586990401	0.606383423845197	529
-0.02598898696571	0.617457640225507	807
-0.0753877017693301	0.423893214407256	266
0.012486492273831	0.704841373275571	266
0.056033306782584	2.30620840920442	266
-0.00772863749182995	1.92711515899332	146
0.040165325911325	1.54972608830949	146
-0.0324981330219201	1.27990378817187	49
0.031366896427293	1.8405564016766	49
-0.08687980537133	0.434412883343461	199
-0.00450351696343998	0.590129543311239	807
-0.0423869148386	0.526619845453516	2297
-0.0801251725187899	0.440149143612608	735
0.024816031093943	0.801915298705262	266
0.100273958980435	1.08734104234288	141
0.007284823126959	0.736234203032087	146
-0.0172490849448299	0.633240042584173	146
-0.11839655525938	1.15383496920501	699
-0.0159081613382299	0.62621969634957	49
-0.12119968379699	1.18516406821652	807
0.00195211365229298	0.737918734888957	469
0.027110419170259	0.796529597385019	146
-0.12028253810674	1.13271163255391	188
0.033694700681865	1.55975419897423	49
-0.0839712171632601	0.449870593625882	243
-0.0894110966111701	0.449371905243613	56
-0.04190488481787	0.532097436853938	64
-0.0858810188624299	0.434424518190996	64
-0.11468270503739	0.871276950381511	141
-0.11433396582227	1.37430471255063	28
-0.01886583271164	0.636407563237505	807
-0.0839712171632601	0.449870593625882	218
0.085048439796828	1.50449451027864	49
-0.08339961147969	0.449912801072639	199
-0.08377812694658	0.438490822098262	64
-0.0415898413734299	0.53533960532776	64
0.034231312540588	1.20734091682949	141
0.059675874055358	0.956459306300832	146
-0.0439843656678101	0.502981896567173	146
0.055372063171562	1.29520552321678	49
-0.08263415510565	0.440810040931567	699
-0.0558507751772801	0.507018589741565	49
-0.1085227456579	1.59177626111685	670
-0.0372751015223201	1.01634041621037	1164
0.077632048866184	1.00048837453481	49
-0.04047872442752	0.529369191086344	28
0.124851644390337	0.658469734691125	807
-0.0385887385682699	0.523619715148681	218
-0.0369906843877299	1.01279917763223	25
-0.07479457007623	0.972681636892159	25
-0.0475271851861501	0.521687255361744	266
0.0615309580104641	0.920436195341999	266
-0.04845692610371	1.02851262926508	47
-0.0513056301852599	0.529470942787389	47
-0.01828659280719	0.637408799626532	188
0.07998324011543	0.980674375523387	188
0.018426356878733	1.42107134951748	188
0.059634915505517	0.94105321873312	188
0.107299544827647	1.88775002188618	146
0.120251656885326	1.77970743066242	146
-0.11139875419233	0.90075774822453	49
-0.00999343694712995	0.616311997528901	28
-0.03249419411762	0.563207444560164	28
-0.0888391586933801	0.4508252570074	218
-0.08320602723969	0.440778558585673	266
0.076654002435826	1.00055576164559	188
0.095622356619333	1.08888323129083	146
-0.0101267021939599	0.625968597531391	699
0.052584041655486	0.864053772561818	28
-0.08339961147969	0.449912801072639	56
0.010802195526183	1.11494244070268	25
0.094792407789309	1.82629379108734	47
-0.0801251725187899	0.440149143612608	146
0.071614240477642	0.918817754882602	146
-0.04453216046969	0.533041849233932	699
-0.04214570367606	0.535342942693353	49
0.051274998159083	1.58830957920013	670
0.017774354788573	1.09996830765079	28
0.0197513125976641	0.792919432254639	28
-0.09481395107848	0.4380494553542	56
-0.08339961147969	0.449912801072639	90
-0.0399961913692599	0.523182957130856	188
0.086663161373451	1.37893336129067	146
-0.1136144254131	1.5703151720602	49
-0.0116895700006201	1.07271283652574	699
-0.0847376579245101	0.443187509430843	49
-0.12019497111803	0.900587158521544	49
-0.0000998943788999007	0.724442019505051	49
0.010460171586169	0.725941471205943	28
-0.08377812694658	0.438490822098262	76
-0.0888391586933801	0.4508252570074	156
0.071079799999813	1.95832195092536	141
0.11861665000697	1.29115072782303	47
0.00665890309269701	2.03828389347049	188
-0.0607315368122701	1.93012690842048	146
-0.03422134711541	1.29753616700213	146
0.122540169335105	1.2792508343139	670
0.099259999613265	1.07028026765823	49
0.022380081494542	0.818504804253295	49
-0.08320602723969	0.440778558585673	90
-0.08263415510565	0.440810040931567	91
0.0544312313918131	1.58200024561169	141
-0.03247619739199	1.97864270367785	141
0.093284135202714	1.47565469718647	141
0.013542739846125	1.92165756670887	188
0.078056883362632	1.39742378769641	49
-0.07410793843313	0.966070616484654	699
0.042973861425345	0.856114763366131	49
0.12359792038168	1.24843281337026	49
0.046280702940114	0.893519834292698	1164
-0.0407929329814201	0.533927779339571	243
-0.0380328258583	0.523605992889401	28
0.011908690614126	0.721112190663837	28
0.096447927706219	2.24406269488225	967
-0.0916029841714701	1.38660167282862	141
0.063665454119174	0.931580083306194	699
0.040047265187975	0.880123324077444	49
0.0425067493268499	0.892293066855638	49
0.02571956339574	1.21037808909264	49
-0.0839712171632601	0.449870593625882	28
0.124926855667532	0.661074784687018	824
-0.0909067660856999	0.433638564474956	793
0.039271360400125	0.891119765760375	188
-0.0798738120136799	0.439491622411154	49
-0.0753262850102101	0.977404260373485	49
-0.0594746187947199	1.27225470916412	28
-0.04620448466252	0.536608976382641	28
-0.0682727595108199	0.955313626606852	56
0.045418230079826	0.865602631915814	1649
-0.1113678535505	0.869993995655945	16
0.098766316181095	1.09316105052095	188
-0.0166630585096901	1.83592580153048	699
-0.07756728508144	0.967948977483854	1164
0.082974496594598	1.05282388846121	28
-0.04608427569325	0.508603183608259	28
0.00523004265725802	0.724331858644716	90
0.012158598779639	0.696008709975074	90
-0.0226403575257901	0.6284641210512	16
-0.0896567125124801	0.444185066405388	793
0.112377599960794	1.02856364438917	47
-0.0664898117653701	1.24846977315574	47
0.041979431679576	1.567384168129	366
0.094587385813326	1.40760233516237	699
0.022319467782029	0.826962686240661	49
0.063707603283353	0.909654909390918	28
0.00195211365229298	0.737918734888957	28
-0.04233427790024	0.526246015540468	28
-0.08802298405304	0.441732681372279	56
-0.04564683947696	0.537663415923297	64
-0.0407929329814201	0.533927779339571	64
-0.0899832473002999	0.443323500784371	91
-0.0063958224371401	1.54665790862449	141
-0.0388899701065399	1.56805390661746	47
-0.0899530087486	1.23313603596343	47
-0.07260531411585	0.969687168701437	366
-0.0531305766774299	1.68988001589226	49
-0.0507464237676401	0.529431002369629	28
-0.0858810188624299	0.434424518190996	28
-0.0766314822124301	0.964730004529082	28
-0.08293353234449	1.21382298165792	28
0.039666986313688	0.888776437954561	28
-0.01613451964247	0.622856474966444	56
-0.0902286802455501	0.442796457168006	16
0.00994473728799505	0.707910435966617	266
-0.0656137372979699	1.26064176651181	188
-0.0407929329814201	0.533927779339571	28
-0.0888391586933801	0.4508252570074	90
-0.08687980537133	0.434412883343461	266
-0.06762634857272	1.2521790203332	47
-0.12447510378604	1.37601886676152	47
0.068240528207004	1.41256121265212	366
-0.11268277242977	0.880062223992955	699
-0.11464009927988	0.899150916899222	49
-0.08263415510565	0.440810040931567	366
-0.01535448391459	0.603441227476913	28
-0.0429427649110099	0.526631978550759	28
0.119469188640259	0.543870357510086	266
-0.0835952057059299	0.440934741563414	47
-0.08339961147969	0.449912801072639	28
-0.09366718920928	0.442877737696081	28
0.022064569772132	0.814309291300627	28
-0.04023726103457	0.532071905598909	64
-0.0890849574443899	0.442779062356145	1749
0.112075617948839	1.63441206784078	25
-0.11076329175112	0.871097955874569	266
-0.08123516304179	1.18957196241914	47
0.04000354993144	1.27393124242792	188
-0.0839712171632601	0.449870593625882	699
-0.02844759866188	1.35209367561737	49
-0.11186331837717	0.878676879069364	366
0.115854939886781	1.17710911109396	49
-0.0903336927395999	0.433585250414818	28
0.00730351251538997	0.720787258709906	49
-0.04564683947696	0.537663415923297	28
-0.11488452208101	0.872731172701731	16
0.09129389748328	1.77959899473757	25
0.013003714165153	0.705279440391151	25
-0.0415898413734299	0.53533960532776	47
-0.0500048851907	1.50442312560533	28
0.013070471598134	1.11626503702635	28
-0.000590425059669997	0.735573048390692	28
0.061459345772487	0.926372780286779	29
0.074326491260569	0.9042406871301	29
-0.04265435035125	0.532486819419197	469
0.056950245301055	0.938494511917394	47
-0.000590425059669997	0.735573048390692	47
0.06022079271283	1.9535541097311	49
0.02267442390715	0.817393250491238	28
0.120354017992878	0.553052248620315	28
-0.0888391586933801	0.4508252570074	1749
-0.10780306454874	0.884027077484832	266
-0.11520221124832	1.57973024899482	366
-0.11186331837717	0.878676879069364	366
-0.01989399298353	1.5542220228686	49
-0.00932001255627002	0.624593242837036	28
-0.0839712171632601	0.449870593625882	28
-0.08004716870695	0.967201622703019	16
-0.0860761130554599	0.43968755301716	1749
-0.04668070981074	0.529201385416899	266
0.11194001583487	1.19022212183955	47
-0.0475328251554401	1.03055744933133	28
-0.0789854075883401	0.431346581185206	90
-0.08416631831041	0.443221456385249	1749
-0.10957967552736	0.886062893829804	266
-0.0688703510563899	0.919973965778583	366
-0.0853092247183001	0.440870040390586	28
-0.08339961147969	0.449912801072639	28
-0.04987932419636	1.44536895689618	28
0.044012995761183	0.897265539528461	544
-0.0944785647572799	0.436597847592178	56
-0.03944050716349	0.521411014837193	90
0.003526850011218	0.737148457298255	266
-0.00300961362681007	0.716817205619893	266
0.00986948759401396	1.32218375371384	29
0.020664437951153	0.802686534310503	366
0.122560250184218	1.32436232239736	366
-0.0000978968769500543	0.704772049281003	28
-0.11843044013019	0.894299849214185	56
-0.0410341816703299	0.533474616548942	206
-0.0475578681084099	0.534538158001918	16
-0.11045931825249	0.892305938848905	29
0.057983533968179	0.966028653674028	366
-0.0966940417389599	1.40970062679868	28
-0.05186504167767	0.526927006246468	16
0.078801558503648	2.11105165897777	1275
0.11025227582849	1.12086732570039	47
0.038046743643666	0.885678366473203	366
-0.0882674333937401	0.4493671857593	28
0.0443669327581691	0.881068462346148	28
-0.0851151108295401	0.440731287229333	28
-0.0409544821587899	0.495734633774551	645
-0.04668070981074	0.529201385416899	1111
-0.04384951904259	1.00817436224147	47
0.110438974885696	1.17302131519998	47
-0.0130054964384301	0.631951082829438	2235
-0.01678079236039	0.605874714177134	2235
0.015380364694785	1.77274229095756	366
-0.08802298405304	0.441732681372279	28
-0.0867536167495999	0.420209972594639	28
-0.0868737186856301	1.19907367913879	28
0.072402474728766	0.990228463848479	28
-0.0843504543973801	0.432123239733558	645
-0.0882674333937401	0.4493671857593	16
-0.08550437421179	0.44105759483041	16
0.114070527124603	1.50768809087587	29
-0.08339961147969	0.449912801072639	29
-0.0254037093189701	0.616175115456778	266
0.00147117151786602	0.733738465649372	366
0.081524767193015	1.05707545976919	366
-0.08149109287402	0.432007277207344	28
-0.01608976433914	0.633222464434009	28
-0.08069537196201	0.440116845810827	99
-0.0896567125124801	0.444185066405388	90
-0.0894110966111701	0.449371905243613	90
-0.0424611649862601	0.52807596193656	2741
-0.0874512885030001	0.440341507795725	16
-0.0894110966111701	0.449371905243613	16
0.118188019494184	1.28248369775537	47
0.1201756245399	1.21375748684526	366
-0.08687980537133	0.434412883343461	366
-0.0756191828331201	1.42299430344489	28
-0.0439751263671799	0.524676317559812	28
-0.0888391586933801	0.4508252570074	29
-0.0860761130554599	0.43968755301716	266
-0.0429035379245799	1.71579206041479	366
0.018573458444338	1.16796794374831	28
-0.10998065635986	0.870739451144652	28
-0.0757052466152801	0.982399206343614	1180
0.00273548616119301	1.09310498767653	28
-0.08225708155965	0.440651859148283	1064
-0.0934304582107299	0.43432110080072	591
-0.0847376579245101	0.443187509430843	16
0.056316338280342	2.08030750734997	366
-0.00245386256895008	1.84766039866781	366
0.11791008140986	1.17533744538307	49
0.027404356893441	0.785904810025475	49
0.00462191352531605	0.729055530484757	49
-0.01811793072039	0.628343556195295	28
0.049293055549669	1.59444533566613	28
-0.11633975279371	0.90128388498729	677
-0.0427017687176201	0.533496839580061	677
-0.0835952057059299	0.440934741563414	99
-0.0930941286896301	0.437769494838604	16
-0.10047034459635	0.42395524313214	591
0.012265354174866	0.720501690302207	702
-0.0897608327853801	0.428722411770156	702
0.105898576417416	1.0784620993045	29
0.016595903397902	1.77200325340179	29
-0.0431913855013499	0.502645686628425	49
-0.0801251725187899	0.440149143612608	49
0.054343975243721	1.29724747569054	28
-0.08526070911993	0.439070474109434	929
0.018433270345762	0.672703253755197	29
-0.0912058885042999	1.40547325389587	366
0.057610252315304	1.64349950961998	366
-0.0505114265283899	0.528123565409429	677
-0.0798738120136799	0.439491622411154	99
0.00861476792844795	0.712104740466421	47
-0.12364404631874	1.15363362239663	366
0.048322398876595	1.74780232588692	366
0.018249900959833	2.2359052363308	366
-0.05429029040411	1.20322789586128	19
0.0657961315572561	0.938489104096584	28
0.0752915772931621	1.32809616960781	366
-0.0944179514268999	1.89836587440286	366
-0.01828659280719	0.637408799626532	19
0.108566387206864	1.2861173757304	19
-0.00909703702631992	1.3729798503096	28
-0.07936459894528	0.955654576058196	28
-0.08859489217438	0.440362791867803	677
0.00832532703273003	1.10295713116654	246
0.122120239265932	1.13375453851024	28
-0.11197265370847	0.866856411873268	28
-0.12391891878709	1.14341167503215	1171
0.065243870961077	0.923675545633105	28
-0.0125274800012301	0.622011314921455	56
-0.07001412065724	0.900684881320749	677
0.00643644051131398	0.724070385066682	99
-0.0372363411521699	0.529756725870944	99
-0.08859489217438	0.440362791867803	99
-0.0505114265283899	0.528123565409429	90
-0.0896567125124801	0.444185066405388	90
0.00756488924162302	0.707636705665515	16
0.082290114914672	2.1036265401483	29
-0.0962551339617801	2.0551498420116	366
0.086761309722611	1.05490623209131	366
0.044620403766421	0.892994921819032	366
0.092743326923889	1.08364610807805	366
-0.07930364216305	0.43952339662747	28
0.00462191352531605	0.729055530484757	28
-0.0394577794561299	0.994291022268373	175
-0.03968179154958	0.527987796228352	16
-0.0198232496461901	0.613690280706512	16
-0.0858810188624299	0.434424518190996	16
-0.00816513234476002	0.622832413652728	16
-0.0152799934727299	0.62005235785616	246
0.1201211517882	1.39748215144385	366
0.095720370331866	1.48146086008082	366
-0.05869265099596	1.89328855359992	366
0.109457108581179	1.12478235285714	28
0.00473315708358602	0.728624208236053	28
0.053476755063119	0.855636581396175	28
0.027561155402028	0.791900176833218	694
-0.0144850411380699	0.616860274942388	56
0.023542298306412	0.829415292501695	16
-0.04620448466252	0.536608976382641	16
-0.08416631831041	0.443221456385249	16
-0.08802298405304	0.441732681372279	16
-0.0859607625586201	2.43877582945431	47
0.042063258691424	1.21781258456085	366
0.123462756477488	1.16000882916175	366
0.102190313467917	1.51116915712303	366
-0.11512804777477	0.894306898621112	28
-0.03755993028671	1.00655984778008	28
-0.11903987918241	0.887803051386023	175
0.022380081494542	0.818504804253295	175
-0.08802298405304	0.441732681372279	912
-0.0103558067398699	0.616976650154314	16
-0.08802298405304	0.441732681372279	16
-0.0324394151218901	1.29691876377493	47
-0.0932571026958799	1.20990947620847	366
0.041707652718191	1.8754514852648	1180
-0.0519441855654199	1.93771366152966	28
0.079142797285075	1.02994685057433	28
-0.0122959363917601	0.626907648606974	28
0.070133091011628	0.925588039781532	19
-0.0264033600733999	1.26272305859861	16
-0.00380081902810003	0.708627187128892	16
-0.0845430502229201	0.447449092200893	16
-0.0534884719623601	1.50300238502136	246
0.034590346509718	0.883398361830769	29
0.105442604932755	1.89730165540641	47
0.045241697443784	2.13991973738836	366
-0.0468198716605	1.48897728149308	28
0.12287396123571	1.27409991722561	28
-0.0200250062548	0.627521698022836	28
-0.0399961913692599	0.523182957130856	28
-0.08535216197638	1.82265390863779	28
-0.0360757102792799	1.02352120341975	16
0.056026634215127	0.841993934844895	206
0.113131072377298	0.636079124716001	16
-0.04214570367606	0.535342942693353	773
-0.0890849574443899	0.442779062356145	16
0.101963010305008	1.08508367586163	366
0.075554298623455	0.999313033005083	1180
-0.08339961147969	0.449912801072639	19
0.123399828567927	1.27344156842137	366
0.026736736701259	0.824217994059167	912
-0.0819160210938299	0.953896064740101	99
0.066421795762449	0.926904917128494	16
-0.08263415510565	0.440810040931567	53
0.080775205865014	0.98480639021207	29
-0.01497375952518	0.626815441820046	366
0.083528856716646	0.973970151687295	366
-0.0470000309021299	0.538015295293504	366
0.114789649589329	1.18606329273843	366
-0.0847376579245101	0.443187509430843	421
-0.0835952057059299	0.440934741563414	28
-0.07930364216305	0.43952339662747	694
-0.0209819492391601	0.573089844850773	16
0.06484942470385	0.944061105271193	16
0.071613867310473	1.45942392011397	19
0.071015112616748	0.918728811724093	16
0.060263955994625	0.929969605891464	16
-0.00897235753809	0.624202531181679	16
-0.04620448466252	0.536608976382641	16
-0.08802298405304	0.441732681372279	16
-0.07460405096482	1.47302975038808	47
0.00730351251538997	0.720787258709906	254
0.042886193639551	0.848533498740719	366
-0.0944921258143501	1.42884520704248	366
0.090830532824803	1.04269404825318	19
0.064233342524767	0.915910616910541	19
-0.08550437421179	0.44105759483041	28
0.058719580361669	0.941874277306381	912
-0.11246708315968	0.881690821040802	16
-0.0415898413734299	0.53533960532776	16
-0.01828659280719	0.637408799626532	29
-0.01823221589574	1.09083763666998	254
0.094110526169636	1.57836358885439	366
0.123135571182548	1.36726144797821	1180
-0.01673509852318	1.09004750393843	366
-0.10743979143432	2.05046987280079	19
0.063886719940465	0.922097246336185	19
0.093487302124363	1.0367266566083	421
-0.12363493793648	1.14369075512219	912
-0.11478209829437	1.57449561413129	912
-0.05802972894585	1.23817633380843	16
0.00595876163522602	0.727009043269021	16
-0.04349881772075	0.524875300649614	16
-0.0950518689173301	0.436649812703456	16
-0.08416631831041	0.443221456385249	16
0.04870593103753	0.88591683032625	47
0.023893419062727	0.817546120557475	29
-0.0846542702537601	0.970361484120337	366
-0.0609317785972601	1.26558426411834	1180
-0.10548432303528	2.42441607057815	19
-0.00851275712710997	0.61354748271596	16
0.00255904249269001	0.737954524085429	29
-0.0391398217382799	0.980615114716357	366
-0.08802298405304	0.441732681372279	28
-0.01195459219245	1.30641029633322	34
0.100999277822161	1.45010907179863	366
-0.0927499995807799	1.43730658902155	19
0.0963429965389599	1.00178757213488	16
-0.10795507442042	1.65489133072333	16
0.00945996874253596	0.703012252739236	16
-0.11879699179151	1.15620623647773	194
0.100846738069289	1.16870994538662	19
0.069446420328714	0.931124590548846	16
-0.0407487118496599	1.02655021324892	16
-0.0522843908910999	1.94775174842964	194
0.119057496293138	2.00033272777639	47
0.06437177221718	1.28932587398192	366
-0.12420011540006	1.57351645671417	19
-0.0509154108630501	1.65019735277369	366
0.0347774899544721	1.14450047082594	19
0.11705209598627	1.13003172164166	654
-0.08792202305769	2.06563836340985	654
0.0719481263052441	0.992722594705665	654
-0.0525263747793801	1.02751766661713	654
-0.10673548319207	0.863620758799209	28
0.000523597491737027	1.14235676878466	654
0.029300167396193	0.796554499455874	654
-0.11845143217587	1.16149595681258	1344
0.07771021951091	1.04399289539007	19
0.046338419459978	0.863178267760515	16
0.124657615698514	0.662346269094065	16
-0.04190488481787	0.532097436853938	16
0.065389109690665	2.29466110539955	366
-0.0885134148882401	0.436781131204268	19
-0.08339961147969	0.449912801072639	19
-0.0470000309021299	0.538015295293504	654
-0.11809081347037	1.38689084674253	654
-0.04971740243025	0.517852988714535	16
-0.08416631831041	0.443221456385249	16
-0.0180577457025499	0.637693946237534	16
-0.04229240071231	1.02092839759469	16
-0.0866809194245901	1.22258868008262	47
0.00280307097455601	0.739374824087584	366
-0.08764688517785	1.79817755978569	366
0.083282509875758	0.962152204672627	366
0.115562029084395	2.38206449348666	366
-0.12287320897703	0.878040782832848	366
0.010941871518615	0.650215510321507	366
-0.07632141346128	0.968252134340187	654
-0.04023726103457	0.532071905598909	1344
-0.0163199155255001	0.634508999177419	1344
0.0296366555283431	0.764553570019026	187
-0.0712795597809699	0.955892947030445	16
-0.0839712171632601	0.449870593625882	16
-0.04644239766996	0.539076693252376	16
-0.09539550615367	1.89588093192065	246
-0.02650005032405	1.98727412526168	399
-0.0820625103739601	0.438548633351736	366
0.058962701283486	1.91424644137284	366
0.089623047102644	2.12199914252877	366
-0.0396628500596301	0.509592976965192	34
0.0279561330810471	0.824399239801763	739
0.108643355401435	1.05162789439474	366
-0.07441983937331	0.982027694795947	366
0.051833810587721	0.87459023668929	366
-0.0845430502229201	0.447449092200893	19
0.081131417945455	1.69868519293212	654
0.064820084711177	1.34101746350035	654
-0.08225708155965	0.440651859148283	34
0.089635752171256	1.00304442136518	187
-0.0391398217382799	0.980615114716357	16
0.010460171586169	0.725941471205943	513
0.071246492429376	0.909652786155849	246
-0.01139287714584	1.08329450950399	29
0.097600696786992	1.97756066428053	366
0.063934465706491	0.936930947333037	366
-0.00781893036985992	0.614379871273526	366
-0.04042847797268	1.01895191401337	366
0.078343283511926	1.40002590037924	19
-0.0373364345582901	1.01853338227645	654
-0.0347584811474999	1.27366657482531	654
0.072540555509645	0.992846890231631	1344
-0.04676233382347	0.533151878536671	19
-0.0363882692480499	1.00799732880374	187
0.042681540445746	0.853636057404754	16
-0.0798738120136799	0.439491622411154	792
0.100454593999759	1.08769600304758	366
0.092767842270396	1.42294553044277	366
0.00695346735151403	1.30776901162751	366
0.013697889423976	1.42835135201028	366
-0.0171288058990899	0.633238517465677	19
-0.0744184139930799	0.96261734358292	654
-0.11903987918241	0.887803051386023	654
0.0645196048718359	0.935300179639369	1344
0.046472248524436	0.887996666468688	713
-0.08526070911993	0.439070474109434	16
-0.0902286802455501	0.442796457168006	193
0.052449225813632	1.26482174011884	1120
0.078846705568365	0.965032908905466	366
-0.0423869148386	0.526619845453516	19
0.087628003827242	1.04372403477644	19
-0.0372363411521699	0.529756725870944	739
0.106321712394729	1.23750922112057	194
-0.0667300165247899	1.51648341618629	194
0.058839632320298	1.31989220504306	47
-0.06191513250732	1.51576220417992	54
-0.04353269365357	1.01771429451685	366
-0.0950740093500599	1.21203734620385	366
0.046501947030067	0.867076697750293	366
0.049113429085596	2.19704878852547	366
0.0201483170183669	1.07864112908404	366
-0.0845430502229201	0.447449092200893	654
-0.0424611649862601	0.52807596193656	19
-0.03011281004073	1.29201091484124	527
-0.0475271851861501	0.521687255361744	19
-0.0138444333930501	1.05216714023923	724
0.115021788841758	2.26274668294232	493
0.00283978767503501	1.11363013785809	29
0.112244450492544	1.11852357558525	29
-0.12413252702446	1.98863313380659	366
-0.08225708155965	0.440651859148283	654
-0.0906958509565401	1.42691613587965	2329
-0.0925945376175501	1.23169579962393	724
-0.01199369971236	1.07838891298276	187
0.030579507587247	0.807677932535016	187
0.115824001162344	1.28491970854421	366
-0.08284103504939	1.19980252592231	19
0.0125106011873251	0.719357063093003	19
0.04624765468216	0.885388039132911	19
-0.00735734110113007	0.611841065008845	2329
-0.0472381272717699	0.53026010584977	34
-0.04042479323382	0.520705494649999	187
0.0351674715468741	1.70180255966532	246
-0.11065650157847	0.865505236318425	246
0.033309490408616	1.80761448198781	194
-0.0372363411521699	0.529756725870944	493
-0.0149313688116499	0.624330804062855	493
-0.01793290103252	1.09675350542407	366
0.089423561508575	1.09203364353958	366
0.046772272382772	1.5977833346446	366
0.067651830211803	0.914206843823466	19
-0.0839712171632601	0.449870593625882	19
-0.07930364216305	0.43952339662747	2329
0.0415810489366431	0.892365312433899	187
-0.0847376579245101	0.443187509430843	739
-0.0882674333937401	0.4493671857593	193
0.040958112204956	1.38876417926995	246
0.065436554251058	0.93267592363319	246
0.072595081754001	1.35096867186619	493
0.00825952111305095	0.717336893564833	29
0.020415798083504	1.4674872625088	668
-0.0172490849448299	0.633240042584173	366
-0.0085578301759901	1.91520905648908	366
-0.0417770025947	0.522867086199588	366
-0.12142189969971	1.14650885401735	19
-0.0407929329814201	0.533927779339571	724
0.030147509725075	0.77830388867797	187
0.063007968341501	0.902351362079983	366
0.04530693508508	1.18319433028275	29
-0.07930364216305	0.43952339662747	366
0.089431334321524	1.02788262001298	366
0.079629546530522	0.944524680850711	19
0.00244055896959805	0.712939003408081	19
0.02620885966575	0.80083210011663	187
-0.04139503180194	1.02587739012406	194
0.102292027938963	1.35679671756182	493
-0.03576478778526	1.5273689674808	366
0.080264166913445	1.45638464528543	366
0.09869527008615	1.07246059316093	366
-0.0798738120136799	0.439491622411154	724
0.0422155900996331	0.871009010478547	149
0.110972745515924	1.18941607796107	493
-0.10425435412906	1.84634225673275	493
0.035043573163317	1.20955885813366	366
0.00520397464131706	2.21649215188853	366
-0.03344395523685	2.18240389653127	366
-0.12168434479432	0.89483300203277	19
-0.0641828094544099	1.96849934289895	493
0.070174484753697	1.33751419774613	366
-0.00709892244367993	2.0852763472953	194
0.120642039733058	1.84730272812992	194
-0.0798737205539499	1.46444521784881	366
0.047003347676062	1.59518805647406	29
-0.0414922170425001	1.75920542452473	366
-0.0983892553089301	1.83469484811695	366
-0.0540108320718	1.4844247218762	366
0.050065923085846	0.875252960489577	366
0.051011893649005	1.26122912314686	19
0.063634230190615	0.95134447272885	134
-0.11098720347089	0.876309703314576	19
-0.08550437421179	0.44105759483041	19
-0.0853092247183001	0.440870040390586	187
-0.02032938070665	1.0856328044033	29
0.100498043143921	1.0136763178832	366
-0.10937384110438	0.868646361639009	366
0.030999338486101	1.16236653461362	366
-0.08320602723969	0.440778558585673	366
-0.0477614265859501	0.518297645277021	366
0.114788906653822	1.21812193924617	366
-0.04532774256562	0.53443210023667	366
0.109343606952791	1.1731516031048	19
-0.0122959363917601	0.626907648606974	19
-0.04214570367606	0.535342942693353	149
0.091987694935698	1.03402973935214	246
0.077029861195875	1.0045778228193	246
-0.00958870461807004	1.40108775416366	493
0.017201296586478	0.817508482379208	366
-0.00008368936486991	0.729953973573213	19
-0.0902286802455501	0.442796457168006	187
-0.07563764710722	0.974524480833208	149
-0.06500103169647	1.27835522130446	493
-0.0470000309021299	0.538015295293504	1060
-0.11551957421312	1.5855813242523	366
0.108744992814648	1.06120317806637	366
-0.01402473752858	0.626932956746913	187
-0.0462879384141099	1.03022039996629	366
0.049776985930137	0.868598691510449	19
-0.08149109287402	0.432007277207344	19
-0.00816513234476002	0.622832413652728	187
-0.0121878218885501	0.630563399541744	594
-0.0511761354354301	1.50006635401146	493
0.117402554611551	1.2903165979868	366
-0.0815670665121799	0.968678329558117	1060
-0.08339961147969	0.449912801072639	366
0.010701060792556	1.12199518250707	134
0.00462191352531605	0.729055530484757	19
-0.08037537493193	1.18049139588744	19
0.0409086793166	0.877540525578407	19
-0.11246708315968	0.881690821040802	355
-0.0156367358612799	0.615236033321568	138
-0.00816789427259002	1.39803119209918	366
-0.01613451964247	0.622856474966444	134
0.00790476104792204	0.720803703626155	134
-0.01081628909648	0.610134697032394	187
-0.11606730899907	0.89865877380911	187
-0.0418312673641199	0.524827463430202	138
0.0143971411224501	1.70514106530381	493
0.006320416139589	0.740719023640293	29
0.020867123895693	0.812375764171826	1060
0.054394006540661	1.60419517075812	366
0.088545410063584	1.44013421418436	19
-0.0180577457025499	0.637693946237534	1260
-0.0843615337316199	0.433737138698786	261
-0.08416631831041	0.443221456385249	261
-0.0477614265859501	0.518297645277021	138
0.052959654251147	1.69132351614419	668
-0.04023726103457	0.532071905598909	366
-0.0451587066841499	1.28810130947476	366
-0.01592775023404	1.34898243289216	134
-0.00874245757901004	0.624584069093106	134
-0.00941216187556004	0.61534987398897	1647
-0.000590425059669997	0.735573048390692	594
-0.10917639845816	2.09412552443719	493
-0.10369134430988	1.64937499057694	366
0.035272651782158	1.20395597680503	366
0.065511377776699	0.918971912547507	19
0.00813367011441901	0.737671439998039	19
-0.04508939812617	0.536570361539162	89
-0.03968179154958	0.527987796228352	19
0.092587531985208	1.10390429670425	134
0.079709048511167	0.989915674517106	134
-0.12168434479432	0.89483300203277	134
-0.0423869148386	0.526619845453516	19
-0.0470000309021299	0.538015295293504	187
-0.04668070981074	0.529201385416899	187
0.025772486656309	0.806757307869338	187
-0.0554032735635901	2.08899126477465	194
0.075125536005471	1.34829246914297	29
0.019606822079919	1.1624369040098	493
0.095773829643142	1.39631170571211	366
-0.0441040534035599	1.03952373416498	366
-0.11288482524186	0.907059098853463	366
0.00226859315196803	1.13802006974354	134
-0.08416631831041	0.443221456385249	19
0.017051650080391	0.799751511180651	120
0.063634230190615	0.95134447272885	120
0.00462191352531605	0.729055530484757	187
-0.08416631831041	0.443221456385249	193
0.054381879017134	1.25128551031293	366
-0.09117197499269	1.21174299297242	366
-0.01608976433914	0.633222464434009	366
-0.0112045785197601	2.02323456888279	19
-0.04199979778222	1.03455159901298	134
0.029971719981404	0.809420526547902	19
-0.0902286802455501	0.442796457168006	121
0.083835429636219	1.45522224454035	29
0.108742097170869	1.21826710259627	366
0.00261635899095603	1.11409113068574	19
-0.00556584006957994	1.04881283582807	193
0.040274856518078	0.888889672107296	54
-0.08000589726884	0.982641278908438	54
0.028201320699073	1.53166517678085	19
0.082659617850338	1.0419808180386	366
0.10021394990014	1.06497086539047	187
-0.0888556839528001	1.21764324828656	187
-0.11436400853339	1.13483049415306	193
0.082397043172864	1.05411721819394	194
0.112120972180297	1.23261049402867	194
-0.10541482873639	1.64164137127593	194
0.113370206996657	1.54332475667281	29
0.063033012216099	0.953221526735063	54
-0.00204770518585007	0.732225508631615	54
-0.0134014513598399	1.58171525038331	366
-0.0341544095608399	2.24445954558078	366
-0.10547959771721	1.62316293511333	366
-0.0348565865372601	1.53502109604755	366
0.103402199024689	1.15191451014033	19
-0.0882674333937401	0.4493671857593	75
0.08136645044437	0.987528593466415	120
-0.07378817827481	0.946206301503199	19
0.00765893691924202	0.720959264537532	187
-0.0252756029266801	1.0739880303502	193
-0.0719870440110599	0.968337629194377	193
0.041473084305512	0.894097862088579	194
0.00118345229852501	0.691686852998235	194
-0.0407442319670399	0.524564494719229	54
0.012265354174866	0.720501690302207	366
-0.02147580141318	0.63070465748399	366
-0.0425916747759401	0.992856415357899	366
-0.11079215497652	0.898516354961322	366
0.083227370767571	0.97171910983737	366
0.0706479328545781	0.914614307903962	366
0.116878621691001	1.74822749490133	366
-0.0801251725187899	0.440149143612608	134
-0.1107145393266	0.870668453159516	134
-0.08339961147969	0.449912801072639	409
-0.0469271420385899	1.03192432234443	187
-0.0860761130554599	0.43968755301716	187
-0.11750536073176	1.16747342750893	193
0.0446566919724341	0.875986582657024	193
0.024764173639883	0.822681983180362	194
-0.0163199155255001	0.634508999177419	194
-0.0860761130554599	0.43968755301716	54
-0.0787008771486399	1.66142071200962	196
-0.0874512885030001	0.440341507795725	134
-0.04668070981074	0.529201385416899	194
0.0497496844005631	0.87368237072612	194
-0.0835952057059299	0.440934741563414	54
0.070069373546492	2.22374400726215	366
0.0125106011873251	0.719357063093003	366
-0.0415898413734299	0.53533960532776	366
-0.0841175036472801	0.439048351278814	366
-0.03914485402372	0.521877417475447	196
-0.04134880752939	0.533932250298231	196
-0.03826071532153	1.03065358980626	134
-0.08339961147969	0.449912801072639	134
-0.0845430502229201	0.447449092200893	75
0.076608927311375	0.993937980063985	121
-0.0212249494617101	0.612827909771799	194
0.041728618223793	0.858318108816339	29
-0.0407442319670399	0.524564494719229	538
-0.01483102303606	0.625720094927289	366
-0.04644239766996	0.539076693252376	366
-0.0374771157543901	0.521824911856895	196
-0.0896567125124801	0.444185066405388	134
-0.09424046328752	0.44292541463143	134
-0.04644239766996	0.539076693252376	194
0.00232591800375703	0.719910237079376	538
0.090000624034335	1.23825956138582	54
0.101175291040222	1.62550087848026	366
0.116450032905252	1.8610421329257	196
-0.04134880752939	0.533932250298231	134
0.013112270488135	0.71572177791087	193
-0.07753798240666	0.970133820845941	121
-0.11682680058715	1.1438581381797	366
0.102985411918905	1.08046403923224	366
0.070150314986721	1.2669272910408	366
0.044076748310809	0.874342802960975	1273
-0.0932414951919001	1.43046779544126	19
-0.0255048245469001	0.596664053404257	984
-0.08859489217438	0.440362791867803	193
-0.1134288949396	0.887238347391028	186
0.066438437147557	0.940306260406256	366
0.060263955994625	0.929969605891464	19
-0.00262033365967995	0.720465832372142	19
0.015959634666977	1.09584621418534	2130
-0.0124542905348199	1.33350720572807	2130
-0.0896567125124801	0.444185066405388	355
0.00692507740109505	0.741800165038779	121
0.063511711429686	1.35470440667009	29
-0.07912717505692	0.969442995307273	54
0.0887963198964929	1.04808192577488	366
0.050909362141097	0.870961907927307	366
-0.0909067660856999	0.433638564474956	19
-0.04265435035125	0.532486819419197	19
0.080685068064615	1.31456110482595	120
0.117927176564971	0.534528650016066	193
0.0279561330810471	0.824399239801763	194
0.017231576896281	1.35882834760774	538
0.0940625214758341	1.03616439551421	54
0.018655529592738	1.9927478121845	366
-0.0820353716786999	1.21395281953538	366
0.102882594042377	1.11650576382757	196
-0.0470000309021299	0.538015295293504	19
-0.04620448466252	0.536608976382641	19
0.05602327707057	0.922081649550833	120
-0.04229952706551	1.28209112938596	19
-0.08263415510565	0.440810040931567	19
-0.02004765103143	1.06849848624456	261
-0.11870510117519	0.897009427248201	121
-0.09656955008186	1.42609057920035	88
-0.0410341816703299	0.533474616548942	194
0.066421795762449	0.926904917128494	194
-0.01172012683329	0.623206831910485	54
0.0304007049898249	1.44876013373701	1273
-0.09007955364312	1.23497971899604	409
-0.09366718920928	0.442877737696081	409
0.0655129429865809	1.62815103511471	19
-0.0370682812655601	1.50768832407944	19
-0.0828282330019501	0.447536675757059	261
-0.0372363411521699	0.529756725870944	193
0.01985625238476	1.1838848628773	194
-0.03980790302591	0.987732515278939	391
-0.08849371307482	1.19505098794464	19
0.025831739425761	0.826455524286242	2433
-0.0399961913692599	0.523182957130856	2433
-0.0399961913692599	0.523182957130856	261
0.038341017498399	0.891177299228561	261
-0.08263415510565	0.440810040931567	363
-0.0410341816703299	0.533474616548942	121
-0.0536958047296201	1.38064561822114	88
0.056876971853944	0.93594881383519	29
0.039958340851932	0.88529162639212	54
0.112159019369953	1.17276556407735	54
-0.0919241479173101	1.42987116675524	54
0.0454525827001731	1.20235925612985	366
0.018949675285067	1.68233541783967	19
-0.05459399497762	0.504079210672905	121
0.016901806878466	0.811408365480154	88
0.02657581701766	0.789595313937791	501
-0.0800362817333	0.969381950220763	54
0.00479279427024104	1.89967119647392	391
-0.11837116009707	0.88877473439403	196
0.00607659516383896	0.740340046843304	19
0.00752949533425196	0.740809655079528	409
-0.05042304195554	0.511384543442458	261
-0.0753262850102101	0.977404260373485	501
0.00328117600044697	0.73075894862611	54
-0.08859489217438	0.440362791867803	196
-0.01276777825725	0.633715143783669	19
0.05912416864743	1.23771604590139	2130
0.061609502375745	1.74748010149374	19
0.0963426829691319	1.00206342965643	2341
-0.11701271174396	0.90476788579374	196
0.040025305632071	1.22325453952538	196
-0.0597618084325	2.19416587393157	19
0.100774929119367	2.32900691566988	19
0.123873085705666	2.27730093571522	120
-0.06136806181566	1.7069323449571	120
0.093687655956793	0.993140975165012	2341
0.00730351251538997	0.720787258709906	120
0.009431275884625	1.486046443907	19
-0.04877484864522	1.02180651635868	193
-0.0420725239414499	0.50484754890368	29
-0.0374771157543901	0.521824911856895	1418
-0.04265227465196	1.31242448214154	391
0.054356701769706	0.857079149451422	196
0.063934465706491	0.936930947333037	196
-0.0899447730565599	2.45422600281126	196
-0.08339961147969	0.449912801072639	19
-0.0888391586933801	0.4508252570074	19
0.087347044419622	1.04660485141036	88
-0.11787747384966	0.856978407508681	88
-0.0415898413734299	0.53533960532776	29
-0.05098182701414	0.518552458220434	1418
-0.11495719171748	0.86747402071484	391
-0.0839712171632601	0.449870593625882	196
-0.04644239766996	0.539076693252376	196
0.020372273824967	1.07735793858754	19
-0.0484984821896	1.02871068265721	19
0.030265775685651	0.80720002367129	120
0.00994652456189204	0.699516086113477	120
-0.0085570777758599	1.10705976941825	19
-0.09816450185487	1.20526201674453	19
0.058415433283824	1.23051735360526	261
-0.04349881772075	0.524875300649614	193
-0.0448514544229	0.526824859365411	1374
0.047398901916114	0.877743353547803	29
0.079538756074612	0.997314856294682	391
0.052128764212467	2.35242813434367	196
-0.0894110966111701	0.449371905243613	676
-0.00932001255627002	0.624593242837036	19
-0.10901188977902	0.888021826223524	261
0.00788857276340804	0.730720244678488	602
-0.0424295656909901	1.76712413843682	19
0.116677473726494	1.69704699022722	19
-0.0627023181391599	1.24964852226694	261
0.072248888587702	0.902011468426625	88
-0.01001437400755	1.11261205736409	88
-0.0088311205001399	0.612393238869622	29
-0.0197496699965101	1.07457612567529	196
-0.11606730899907	0.89865877380911	19
-0.0926622070721099	1.21486350101772	120
-0.12109375201701	1.36470869282952	261
-0.0772997324247	0.940412631651931	261
-0.05592546954337	1.51843155434384	261
0.112801126100243	1.12818907789402	602
-0.11930865813395	1.17002091182437	88
0.043780676480869	1.21542053864862	88
0.090010913217371	1.03528783665799	29
0.065589108325905	1.34806221380261	196
-0.0846890001804901	0.440436789011498	676
-0.0429427649110099	0.526631978550759	676
-0.01203146948351	1.88120691133866	261
-0.03918451428923	1.03642710805653	32
0.047912582444656	1.62065451765475	475
0.00493839802287499	1.13310686364329	261
0.00765893691924202	0.720959264537532	32
-0.05670469769618	2.24182816646804	88
-0.03341173690662	1.56013302054631	88
-0.0143869263024201	1.29394697084974	29
0.110014444736294	1.12269786539452	54
0.025615800764342	1.73723918922517	19
-0.07632141346128	0.968252134340187	19
-0.04075825706029	1.03470712367497	19
0.091299205472523	1.41326503994032	120
-0.0144850411380699	0.616860274942388	261
0.026816713405696	0.800879221774753	32
-0.0585111715231199	1.70160089399402	602
0.068783294709383	2.36774020096607	88
0.03151808618009	1.78471696781289	19
-0.08069537196201	0.440116845810827	475
-0.0366806187001201	0.527923961424208	193
0.00585574075125295	0.720909842842317	32
-0.10123404437278	2.08694684507935	88
-0.0399234695059201	0.520610579831946	29
-0.04632168709921	1.0309982501258	366
0.006702023014866	0.719017358943274	54
-0.0305135563939301	1.54566867784417	29
-0.0753262850102101	0.977404260373485	29
0.00910653590034305	0.715456117104211	391
-0.02010909150193	0.617255140788831	196
0.117268563217781	1.88615699774322	19
0.00585574075125295	0.720909842842317	475
-0.00427413496157003	0.601549835285122	120
-0.06126261681454	1.23240465606554	32
0.00656689000132305	0.701722411457824	29
0.032943074747072	1.15130359627106	29
-0.07930364216305	0.43952339662747	521
-0.0415898413734299	0.53533960532776	521
-0.01608976433914	0.633222464434009	475
-0.0860761130554599	0.43968755301716	475
-0.04971740243025	0.517852988714535	32
-0.04325803663749	0.529452184094882	32
-0.11694596438106	0.901131245827369	196
0.010222673075752	2.43422462335124	196
-0.07873368363514	0.437267399904014	521
0.007284823126959	0.736234203032087	521
-0.04532774256562	0.53443210023667	521
-0.0382903159249	1.00896729591212	19
-0.04134880752939	0.533932250298231	475
-0.0828282330019501	0.447536675757059	32
0.07345074262235	0.913918191435208	29
-0.0186584885872501	0.606769661076133	29
-0.0466431211468501	0.515725246657059	521
-0.08526070911993	0.439070474109434	120
-0.0888391586933801	0.4508252570074	32
0.025915658449836	0.800945294116096	32
-0.0803466486382001	0.974017856848043	196
0.0632146018117991	1.87974954270143	19
-0.03644003104857	0.521913518182784	475
-0.0820625103739601	0.438548633351736	120
-0.08687980537133	0.434412883343461	1926
0.022023526750605	0.825630936382844	32
-0.12053066377591	0.89263456615138	354
0.080407433445817	1.49449063132965	54
-0.07817229615445	0.965768974766609	196
-0.0885134148882401	0.436781131204268	196
0.034906031882679	1.85984628319864	196
0.050918088291552	1.27135863528122	196
-0.11573378064785	0.89905585343089	19
-0.0248624626365299	1.25316158261817	802
-0.03983796776952	1.3176795591084	29
0.041152128933393	1.55861104977797	19
0.022634788811604	0.825721532186746	32
-0.0766153724702801	0.985041731658963	354
-0.08550437421179	0.44105759483041	193
-0.01029627221072	1.07947325940295	32
-0.0801251725187899	0.440149143612608	26
0.073843413914395	0.999018833525449	29
-0.0828282330019501	0.447536675757059	193
0.101706280010226	1.63097492228385	88
-0.0189429363779501	0.619379993722418	196
0.121492739547954	1.54266379844263	196
0.086627065948377	1.89373465198776	196
-0.0843615337316199	0.433737138698786	354
0.064890496940525	0.937725268572399	54
-0.0728596498896701	2.08436109530101	196
-0.02013238795987	2.27520179707217	196
-0.0371951812663001	0.512257462484115	19
0.00207474882526204	0.734772380611915	475
-0.0820625103739601	0.438548633351736	32
-0.04243993102539	1.56989772559088	29
0.071284933400361	1.67336052048158	1263
-0.07260531411585	0.969687168701437	475
-0.0472381272717699	0.53026010584977	120
-0.04321224923135	0.529080422746638	32
-0.0939613324014901	1.2249671318927	1805
0.0443669327581691	0.881068462346148	54
0.0119372367948311	2.0018446811327	196
-0.0828282330019501	0.447536675757059	276
-0.06725624873874	1.45747931335451	1263
-0.0157411008141199	0.628653409550949	475
0.117901742039225	1.22705733569711	1805
-0.06916305387181	0.952194084711621	354
0.105776056274224	1.14686620106157	19
-0.01344824157513	0.628678882560934	475
-0.02147580141318	0.63070465748399	120
-0.11186331837717	0.878676879069364	19
0.122616769368693	0.655677894513564	475
-0.0847376579245101	0.443187509430843	32
0.07412920373446	1.41041898475436	196
-0.1208183209545	1.15071379586512	475
-0.0407442319670399	0.524564494719229	120
-0.04620448466252	0.536608976382641	120
0.028565474854276	0.821379674499088	475
-0.09424046328752	0.44292541463143	475
-0.00781893036985992	0.614379871273526	475
-0.0525263747793801	1.02751766661713	1805
-0.0223012553783	0.629462786316559	54
-0.0458849682712701	0.537978785932862	54
-0.01425479430582	0.627452816338297	276
0.077467621130453	1.34836851342346	1263
-0.04620448466252	0.536608976382641	32
-0.0366797502270899	1.02545248935754	29
-0.06066961594865	1.24361855900947	29
-0.0685674892655299	0.948467242243237	1805
-0.0410341816703299	0.533474616548942	391
-0.0430757028520401	1.57016463249073	391
0.033186867224745	0.748826298171769	19
-0.0427017687176201	0.533496839580061	475
0.041939876460811	0.87295693848796	193
-0.08416631831041	0.443221456385249	32
-0.01816518287948	2.02427308676935	19
0.063759774665049	1.36023206619105	19
-0.0360757102792799	1.02352120341975	19
-0.01392838988394	0.633728780764842	193
-0.0888391586933801	0.4508252570074	32
-0.00551951959107999	2.07280731835159	196
-0.0122959363917601	0.626907648606974	94
0.042111639958353	0.893519896743898	94
-0.11870510117519	0.897009427248201	475
-0.04344823951445	1.02448254016932	193
-0.08263415510565	0.440810040931567	32
0.028031712086482	0.795669845805189	32
-0.01828659280719	0.637408799626532	32
0.022739986923428	2.01745297467517	54
0.058757921757534	0.954656206340249	1018
-0.000328439275329995	0.724697617251016	94
-0.0809567394580999	0.9725958607084	94
-0.12189050209345	1.60198527092418	483
0.107030983968946	1.09427078235536	19
-0.11782409212978	0.89678566429257	910
-0.0853092247183001	0.440870040390586	32
-0.07349161910011	0.949082221264222	32
-0.0846603637035599	1.17744024238458	29
-0.11334257226358	0.877571649578502	1018
0.089593534945663	1.08481099640764	797
0.023598530773651	0.814652113632104	2766
-0.0894110966111701	0.449371905243613	94
-0.0428917569043099	0.527299057914923	483
0.114930004732081	1.22988129463077	19
-0.04214570367606	0.535342942693353	1271
-0.0130054964384301	0.631951082829438	1271
-0.0847376579245101	0.443187509430843	32
-0.00505620006342999	0.720432782244404	32
-0.08339961147969	0.449912801072639	32
0.082893744310367	1.37449978084241	29
0.02293100252594	0.829318123743961	29
-0.0554049094147999	1.51440256101944	196
0.108143942443435	1.61362769045522	54
0.114652988494204	1.18193910480326	196
0.01990042580021	1.15622290288129	19
0.051865594620135	0.872342858963578	1271
0.087315819115372	1.03121995583151	32
-0.0845430502229201	0.447449092200893	32
0.090005560427557	1.01197511925369	354
0.0217705005847419	0.817440223719013	94
0.038390357946742	0.765577206929127	19
-0.08416631831041	0.443221456385249	132
-0.0419689164506401	1.03897909757743	32
-0.0890849574443899	0.442779062356145	32
0.062485124851988	1.33248702304136	29
0.028252132091826	0.817341858387509	2766
-0.0882674333937401	0.4493671857593	94
0.095519202821988	1.45770062297495	483
-0.10970898514317	0.883312583404822	19
-0.0851151108295401	0.440731287229333	910
0.078947613097812	0.998057816720548	1072
-0.04127582234834	0.520891331474052	797
-0.0902286802455501	0.442796457168006	94
-0.06960960774133	1.57880268756867	483
-0.01747823780304	0.638703861156956	193
-0.04644239766996	0.539076693252376	132
-0.0839712171632601	0.449870593625882	32
-0.11479594173018	0.871283683987636	19
-0.09228418369207	0.429404818618512	43
0.087964662740984	1.04772914275245	1072
-0.0286131273533401	1.60671837789022	1072
-0.0448514544229	0.526824859365411	94
-0.08802298405304	0.441732681372279	94
-0.0172490849448299	0.633240042584173	193
-0.0391807104650901	1.03090962250774	797
-0.0135855654694099	0.63511527145969	797
-0.04134880752939	0.533932250298231	132
-0.01923526953913	1.53869734808182	196
-0.04620448466252	0.536608976382641	248
0.089635752171256	1.00304442136518	32
-0.05284663823661	0.996835152551267	32
0.054070040161284	0.861894816396615	1438
0.025788088450776	1.46857197738846	196
-0.0795551844448199	0.437888103951723	94
-0.0159081613382299	0.62621969634957	132
-0.09074404523376	1.20485780390011	193
-0.0380328258583	0.523605992889401	193
-0.07930364216305	0.43952339662747	193
-0.04105038968869	1.00194002107408	32
-0.11674000916652	0.905214416236071	32
-0.12117996548117	1.17913164417047	132
-0.0180577457025499	0.637693946237534	43
0.088028889072452	1.62239758007703	29
-0.0384455306454099	2.2885784811754	196
-0.0827662796240001	1.21017096465984	94
0.043873021919716	1.27538767841495	19
-0.0392141871701299	0.991456706828483	193
-0.00037109302400995	1.39531648669516	483
-0.04034144978628	0.996221307484852	32
-0.07679435995815	2.11764190448605	42
-0.10001232272333	1.83429356276139	42
0.102322324109597	1.61990160723387	794
0.060670107006918	1.57291330000196	196
-0.04668070981074	0.529201385416899	94
-0.07930364216305	0.43952339662747	391
-0.0899832473002999	0.443323500784371	94
-0.0846890001804901	0.440436789011498	94
0.032384353012727	0.797927436711919	132
-0.0853092247183001	0.440870040390586	132
-0.000273564775119972	1.38386183288459	193
0.114404360962143	1.58892335922404	29
-0.04023726103457	0.532071905598909	94
-0.0470000309021299	0.538015295293504	94
-0.0413017350958	0.525612837394245	132
-0.0399961913692599	0.523182957130856	193
0.016844420207916	1.40516385701849	29
0.011786795748112	1.94587196301711	797
-0.03059004562766	1.28074806240774	196
-0.01241667490847	1.07963331839825	132
-0.08104873289146	1.18777211222561	43
-0.0612274889798601	1.4356895614326	608
-0.0458493842293	0.521538897834311	94
-0.0828282330019501	0.447536675757059	19
-0.0885134148882401	0.436781131204268	19
-0.00949341330559994	2.10094581653701	483
-0.03830766100832	1.28830847009496	483
-0.11809706249839	0.893199150333662	483
0.00292333280754398	0.738125469204026	43
0.00951685894883703	1.09853932665375	281
0.056341986944565	2.00750370235507	281
0.0845516066093	1.37029879094365	281
-0.0610084505790101	2.12672437115607	797
-0.12455154347271	1.13476500179309	608
-0.0150287821330699	1.07317485837261	196
0.00313349935807705	1.6776537297727	483
0.0332048184710531	1.77424929788398	483
0.0923178623591751	1.03355600878617	19
-0.0847376579245101	0.443187509430843	132
-0.09625122364186	1.62193649220927	193
0.00050683546570196	0.719958568000943	43
0.081009852877314	0.972734690089968	608
0.067596739473281	0.936092371636998	132
-0.0208807468865	0.600424132703269	43
-0.116673863314	0.896148732855653	19
0.113898097283898	1.21739268323241	193
-0.0202525490661101	0.622530483975652	2421
0.09243546617871	1.08292773350202	193
-0.0517549634312899	1.66498794144938	29
0.057633690982014	2.11523439898225	196
-0.04508939812617	0.536570361539162	132
-0.0470000309021299	0.538015295293504	43
-0.0372363411521699	0.529756725870944	43
-0.01608976433914	0.633222464434009	608
-0.0458849682712701	0.537978785932862	94
-0.07813289945437	0.961880039269525	483
-0.0794370486612801	0.968601087025114	132
-0.08416631831041	0.443221456385249	2421
0.0405916358806801	0.886254045888891	391
0.039473658247256	2.06688347767468	196
-0.04564683947696	0.537663415923297	132
-0.0162129262144599	0.611772138067561	132
-0.0798738120136799	0.439491622411154	132
-0.0353488128239601	0.504807207659499	193
-0.01425479430582	0.627452816338297	193
-0.0812556967103999	0.973950237211732	43
-0.04779574856499	0.529254256235449	608
-0.0801251725187899	0.440149143612608	608
-0.12088046727941	1.17939257208356	729
0.0475485829614321	0.861628874007681	43
-0.0171288058990899	0.633238517465677	54
0.023912476851813	0.797085671144988	132
-0.0845430502229201	0.447449092200893	729
0.00426178974137104	0.734439738957798	729
0.0298898089016419	1.73111678070105	196
-0.04508939812617	0.536570361539162	196
0.0758585909467711	2.39296923980303	196
-0.02986042650525	0.97555350300409	19
0.04870593103753	0.88591683032625	1336
0.088505484785371	1.03792961412078	1336
0.095876262307615	1.02063454806775	1336
-0.0125382511266401	1.03224458788752	54
-0.01862732244194	1.34598231083557	19
-0.0334404200485501	0.509675477895747	19
-0.01613451964247	0.622856474966444	19
-0.0812556967103999	0.973950237211732	19
-0.0839712171632601	0.449870593625882	729
0.065944957294364	1.35369834343555	54
0.113016680845997	1.25015726232605	391
0.013577598102187	1.74687280884773	19
0.042637142107752	1.55693625689714	54
0.010103829252607	1.87955614475907	19
0.094341921573879	1.08827140210138	19
-0.0774679960781399	1.45576533855982	132
-0.08025420827381	0.944889648596114	1336
0.079186087771102	1.05013451010627	608
-0.02471295276785	1.7552549456156	196
-0.0398373078926999	1.96861149924504	19
-0.0269231701239101	1.84107892791682	19
-0.01334796753269	0.634727772666367	1019
-0.0859475892799799	1.22645196841222	729
-0.0415898413734299	0.53533960532776	43
-0.02564670206048	0.610958398345075	196
-0.0843615337316199	0.433737138698786	31
-0.0888391586933801	0.4508252570074	1019
-0.0108063326115799	1.31095790823356	729
-0.08820212919968	1.18976054929849	729
-0.0554100898288601	1.25837607120704	1336
0.112736578747497	1.71366788007749	54
0.00574042591048296	2.00064585614993	54
-0.0835952057059299	0.440934741563414	54
-0.07655042785248	1.65661540998273	196
0.058810702519982	1.24668794538467	196
-0.0410341816703299	0.533474616548942	196
-0.07816393627825	0.430741179771204	196
0.058787949867942	1.36395882379437	29
0.041066427232189	2.14260452843247	1311
0.00460566218383296	1.14154260864409	31
-0.01738062618721	1.85192570828698	31
0.041264174119145	0.891317498411062	193
0.02338749551113	1.13809270844527	729
-0.02111101545563	1.06653376256245	43
-0.0828282330019501	0.447536675757059	1633
-0.06738883078402	2.32831372850303	2600
0.010460171586169	0.725941471205943	54
0.038077903949832	0.768738451388174	608
-0.0709696130522901	0.930943059044076	196
-0.0163199155255001	0.634508999177419	19
-0.01506077422381	0.616879709205282	19
-0.07401586265229	1.42513215928107	31
0.078719444460664	1.75250980749999	193
-0.0206626763315401	1.30202404394648	31
-0.0661366873621301	1.94088024952632	29
0.085899562935252	1.03610454447704	54
-0.01060422809229	1.32751414156416	1311
0.060631933236789	1.23147183617255	2219
0.011977424926838	1.93350261535547	19
0.100454593999759	1.08769600304758	43
0.051056357193224	0.858792590474856	42
0.045394212976515	0.852994713476018	54
-0.0246377417458501	1.83157957539522	608
0.083605428308846	1.36290933114436	196
-0.11146409725442	0.880316727864724	196
0.00450497062896205	0.723238323836178	196
-0.01782388360774	1.07824305141661	2600
-0.0493931953311599	0.525452688176468	2219
-0.0168989611330499	0.63768506013358	43
0.031788341235432	1.13141347906209	29
-0.0510573482841901	0.502935001315003	29
0.0975671463530881	2.36981008226048	54
0.00692507740109505	0.741800165038779	608
0.120740853872807	0.727674277159928	196
0.014941618562603	2.13228982045505	100
-0.0336479103225	1.25550929649215	2600
-0.03826071532153	1.03065358980626	2600
0.020992846584355	0.818091309882619	1313
-0.0405520781777	0.523197585425661	2219
0.053892318460781	1.24477036415226	31
0.017406865665081	0.658918835654257	31
-0.0405520781777	0.523197585425661	31
0.039243471737623	1.76897119577313	29
-0.04527798226363	1.57264262652263	54
0.0418058706836399	1.21838452423631	608
0.00280835198682206	1.67946114818738	608
-0.0210324486962401	1.89414505877928	54
-0.0724405711443601	1.47924874815157	196
0.054261360192159	1.65843904350952	2600
0.104476999342506	1.1476886247644	2600
-0.0459493611342901	1.02117803059037	1311
0.105457372836565	1.10865595204003	1313
-0.0380544830573499	1.60803325045038	2219
0.053152828949858	1.89855478289655	31
0.09900931620077	1.84292060619139	31
0.00147117151786602	0.733738465649372	31
-0.11958679326406	0.899441132329175	31
0.011663867835752	0.724188682543003	31
0.030761339892722	1.83764290670502	42
-0.08043353477758	1.68647598340919	54
0.068219660506346	0.927197276426513	100
-0.0494467275684301	1.00714364875948	2600
0.00366931928296999	1.37763217847496	1313
0.11785519684257	1.15229796734818	31
0.063555108360184	1.28144084480821	31
-0.0912796453840401	1.23218730059123	31
0.038427026346278	0.880566389322785	31
-0.0400735093587199	1.02998050048031	29
-0.0819081818962999	0.962837531975997	54
-0.10466263933259	1.4540362304075	31
-0.01877734983628	1.65418972209149	31
-0.0405520781777	0.523197585425661	31
0.111836925320868	1.1084341047141	31
0.022085977045413	0.812510471794448	42
0.00595872680887499	1.4345003392899	599
0.04026166261961	0.878673837130998	31
0.017346180409474	0.812845933451497	29
-0.01747823780304	0.638703861156956	391
-0.0756082025229099	0.948762028842696	196
-0.0372363411521699	0.529756725870944	2554
-0.04644239766996	0.539076693252376	1313
-0.09554845268019	2.07010373332443	31
0.114952263002807	1.55256043681863	31
-0.0889517279654399	0.428138656424063	54
-0.00839552935045007	0.620518261333656	54
-0.01928465896777	0.626113648694458	196
-0.0399234695059201	0.520610579831946	19
-0.04532774256562	0.53443210023667	19
-0.08416631831041	0.443221456385249	31
-0.08339961147969	0.449912801072639	31
-0.04532774256562	0.53443210023667	31
-0.0423869148386	0.526619845453516	31
-0.0721825063056101	0.938594554015643	31
0.00715610367584096	0.7181314509952	31
-0.00806288447572001	0.704820677544417	29
0.060259071837545	0.933395176638675	29
-0.0442940011055399	0.525777013659969	54
-0.11287876984726	1.66218143821711	54
-0.08339961147969	0.449912801072639	2554
-0.0463292490221701	0.49176875219618	31
0.119223311352069	1.6312747252996	31
0.044359612706498	0.877217570376969	54
0.097592738823139	1.01579309402159	599
0.01680897502382	2.22967483278981	31
0.10356290811494	1.49323462308003	31
0.04175445049612	1.20513543395666	31
-0.09536399259928	1.61825016326559	31
-0.0624151904385499	1.52865007098296	54
0.039058884465928	0.886585605271011	54
0.115525170864299	1.24322627166678	54
-0.0341118032546901	2.18577670465288	54
-0.06014464177725	1.87527479592881	599
0.0689305900435629	0.923465597860169	599
-0.0571016646178799	1.25229049746621	599
0.087340781044003	1.05219558039558	2554
-0.04478549008333	1.04210213239282	2554
0.119322479431701	1.3275863338724	31
0.045546082587534	0.89292777919739	31
0.048249620276499	0.869701651963981	31
-0.0194513117766599	1.07389412262492	31
0.010715022502334	1.12307899482783	31
0.039168707493517	1.22470135638915	29
-0.0746906710486399	0.940228620562853	54
0.0201973330877629	1.17715019545374	54
-0.0469830093929	1.44720182093611	54
-0.0937360581350899	1.43796924852311	54
0.05342834845121	1.89271841911327	196
-0.0947033362632901	1.80657423444221	100
0.0903802963570099	0.9525550154944	599
-0.0787554914698601	0.962927315873611	599
-0.0168989611330499	0.63768506013358	19
0.029891045902567	0.810526584780981	19
-0.11507760164577	1.12890716440533	2554
0.12496988828249	1.32305626254468	54
-0.0868737186856301	1.19907367913879	599
-0.11167159246897	0.904952163699411	599
0.010704144956816	0.719304421544552	599
-0.0450275285675601	1.02318029883448	599
-0.0143937272006001	0.625828596617096	2554
-0.0626282211201501	2.30909476474364	31
0.121537825503676	1.27198214488064	31
-0.11288482524186	0.907059098853463	31
0.00699235022272005	1.07347079119953	196
-0.11234638472661	0.882231246334477	19
0.084182840608335	1.030667063659	31
0.120902277785827	1.95423234743682	31
0.029373818041101	1.84175886461667	31
0.082893744310367	1.37449978084241	31
0.090790708635591	1.01864725964506	31
-0.01287197458432	0.628672543229893	31
-0.00800375163506994	2.0634607674796	31
-0.0750570409923299	0.958418998996396	54
0.058786308695841	0.950041623595337	54
-0.12158323667431	1.40204938422794	54
0.045320922450253	0.881668662552323	54
0.00813367011441901	0.737671439998039	54
0.0134202807211909	0.808517837454768	1109
-0.0234652395661199	0.627240642016611	19
-0.01780587179261	1.07564775586964	19
-0.0374771157543901	0.521824911856895	1645
-0.0228831302883199	0.629485464726004	31
-0.0434248442129099	0.505241522015267	31
-0.0410341816703299	0.533474616548942	1198
-0.03912652438739	0.519275278473544	54
0.0446566919724341	0.875986582657024	196
-0.03644003104857	0.521913518182784	31
-0.01845968601103	0.624780457614821	31
-0.0759574619947601	0.425991937161154	223
0.087874342115848	2.37312322794386	2709
0.00813367011441901	0.737671439998039	54
0.091833588786526	1.78575732497594	54
-0.0147463991193599	0.635127371419127	1298
-0.0147463991193599	0.635127371419127	1298
-0.11524889832381	0.900302817016126	31
0.048137942391493	1.27571632901191	196
0.0129588218428091	1.10313283987028	287
-0.12117996548117	1.17913164417047	31
0.056922584350772	1.28292918856983	31
-0.01771100214862	1.05807618349738	14
0.030776236943809	1.45854275377646	54
0.114814467237767	1.8302681171788	196
-0.0240492576664499	1.51286105051224	287
-0.12018086728583	1.39779118137495	287
0.022064569772132	0.814309291300627	14
0.112431850110054	1.15771217246469	31
-0.0585592301678799	1.25777359478911	31
0.0215863554836651	0.806317764470045	31
0.05800407767853	2.19372190315204	196
-0.0270177688745601	2.33967920223982	196
0.085884084022928	1.47118603564821	287
0.0988355004829	1.52356515802285	287
0.0484344907712	1.57852330784817	31
0.044955053534391	1.53406448497818	31
-0.0606170606934799	1.71860718251198	31
0.11566801199262	1.24729625724668	31
0.000201412509749033	1.12692259240564	31
-0.12213393981034	1.36760859687786	1331
0.093439301891073	1.08511309231485	1331
0.0305250919278141	1.51968536206059	54
-0.0197426696415	1.57811900849567	196
0.00505998710734301	1.37000796567676	31
0.030938337169792	1.14411934367016	31
-0.0084014808424	1.05558472213857	31
-0.0199443437042399	2.27811678163472	31
0.046472248524436	0.887996666468688	31
0.00437608728086003	0.735181569303056	31
-0.0722907684946199	0.93389160280944	31
0.024149171403839	1.71673937942696	612
0.004139368471066	1.66785775961619	612
-0.00954524778608001	1.67312369772056	612
-0.03264551467522	1.0004193016702	612
0.086931340893486	0.965715386329478	54
0.120959557425122	0.63138134807173	54
-0.0372751015223201	1.01634041621037	287
-0.11315689933131	0.905297134411837	287
0.04749377792765	0.893767762847988	31
-0.04532774256562	0.53443210023667	31
0.064443165793397	1.6759521126518	31
0.068161207882413	1.28037776263706	31
-0.0917899209898101	1.42342794311912	1331
0.033087196119975	1.4502693302111	287
0.00994021014233704	1.08221397660147	287
0.086148924127708	1.03785810853302	287
0.104584250119759	1.56850382430343	31
0.044733264778581	2.31638415559564	1331
-0.11747280283228	2.14444309995648	31
-0.0171442884030399	1.06802593257693	31
-0.11811552587602	1.15862124431671	31
-0.07970431731427	0.979828880411307	31
0.0235597385387341	1.39558754102025	31
0.027051065664253	0.826641597364987	31
-0.04478549008333	1.04210213239282	31
0.089995472810424	1.04395945343633	31
-0.0370815848931101	0.981742998351953	14
0.022899448100777	0.779874515524573	14
0.071043108852396	1.2760648488707	14
0.109767132200172	1.1501867229545	31
-0.12226473024818	1.59742913393245	31
-0.0366806187001201	0.527923961424208	287
-0.0888391586933801	0.4508252570074	287
-0.08416631831041	0.443221456385249	287
0.010127900366883	1.12671754985418	31
0.024407364308402	0.796080201315422	31
0.081702739050554	1.30763665556739	31
0.0606019655283701	1.96443231010099	1331
-0.0896567125124801	0.444185066405388	287
-0.07539608292335	0.974926413232701	31
-0.1234028335931	1.37594030318605	14
0.028252132091826	0.817341858387509	31
0.063033012216099	0.953221526735063	31
0.067667799146492	0.9040037919435	29
-0.02370416580045	0.618957326960963	29
0.00314428155840296	1.10616183431933	287
-0.0801251725187899	0.440149143612608	287
-0.02205796217548	0.630725685621424	31
-0.0731819706988	0.94124295000519	31
0.092896149947851	1.02638034181987	31
-0.0890849574443899	0.442779062356145	14
-0.0839712171632601	0.449870593625882	31
-0.01924075177302	0.611513577421799	31
-0.02481866845702	0.612096255316949	31
0.082348298122541	0.975355881060223	14
-0.08416631831041	0.443221456385249	100
-0.04564683947696	0.537663415923297	100
-0.0890849574443899	0.442779062356145	287
-0.01047674788929	1.04653941322087	31
0.010526287372816	1.0764121250813	31
-0.07347855382248	0.928186396304396	31
-0.08044419333862	0.437208628709902	14
-0.0410341816703299	0.533474616548942	14
0.112985572709401	1.09914086080046	31
0.050147325493644	1.52490587857187	31
-0.0513056301852599	0.529470942787389	31
0.055358599271464	0.938109210911855	29
0.030579507587247	0.807677932535016	31
-0.09633256510585	0.421117294416885	31
0.012761347448244	0.697629796272974	31
0.042848127609923	1.21034519679059	287
0.091079461964933	1.00993627654932	31
-0.00530098122098011	0.726043420954978	14
-0.0807562285086401	2.06019156771445	31
-0.09236809246018	1.21866074928784	54
-0.04121993084735	0.514863830368429	287
0.037728879746737	0.887173050735897	31
-0.04164564540925	0.961722905588488	14
0.002564259874696	0.731983671941149	14
-0.11977951862026	1.38522788302888	14
-0.0415391643929499	0.532442587454713	14
-0.11376353272752	0.905135553311995	14
0.014429861785252	1.18586857736671	14
0.063161230683041	1.2932331521316	31
0.010080994163256	1.74092988495788	31
0.079632548195184	2.21961870625217	31
-0.0857274877579901	1.85704944185636	31
0.112272178548488	1.76635055867664	31
0.071014887711113	1.39866293972937	14
0.121851909961142	1.27053907184308	14
-0.11657321798093	1.73550884353767	31
-0.06974169017174	1.45129370836214	287
0.072108953475731	0.987694100233391	287
-0.11779632083185	1.57468017421439	287
0.0446566919724341	0.875986582657024	31
0.072409942919047	1.57394023206267	287
-0.11063958219773	1.85147294775085	31
0.031736489795314	0.771232483162209	287
-0.0470000309021299	0.538015295293504	14
-0.07502821679094	1.4902336160824	329
-0.0422869388776601	1.04386521639758	54
-0.08339961147969	0.449912801072639	14
-0.0158598060979001	0.621020177973913	31
-0.0930941286896301	0.437769494838604	54
-0.01851563279084	0.625469632832568	287
-0.10855624385304	1.63902739265172	31
-0.1201650673829	1.38908794074376	31
-0.0367068199082401	1.29320115337463	54
0.001987267089684	1.14060527027224	287
0.100213390894604	1.1495019667944	31
0.00377216522401302	0.730927166972349	551
-0.0847376579245101	0.443187509430843	287
-0.0475328251554401	1.03055744933133	31
0.022763079917513	1.67427610431007	31
-0.0704935639842701	1.42887013289727	31
-0.08149109287402	0.432007277207344	287
0.02385659678217	0.819065490204667	31
0.00497954423095004	0.732114785413057	31
-0.0839712171632601	0.449870593625882	14
-0.0172973754400301	0.592551774896576	54
-0.04532774256562	0.53443210023667	54
-0.0410341816703299	0.533474616548942	464
-0.11079215497652	0.898516354961322	31
-0.08416631831041	0.443221456385249	67
-0.11288482524186	0.907059098853463	287
-0.04453216046969	0.533041849233932	31
-0.01172012683329	0.623206831910485	31
-0.11694596438106	0.901131245827369	31
0.017815595655316	0.814912069769007	464
-0.07441983937331	0.982027694795947	31
-0.07319481770966	0.944742843180217	31
-0.0603478144612399	1.26751814720343	31
0.00730351251538997	0.720787258709906	14
0.00328117600044697	0.73075894862611	31
0.028755435335154	0.807497869048036	14
-0.01828659280719	0.637408799626532	31
0.020992846584355	0.818091309882619	31
-0.0168989611330499	0.63768506013358	54
-0.0910772185539099	1.61306393780837	67
-0.08416631831041	0.443221456385249	67
0.013966119406251	0.695978417377093	287
0.025335335254181	1.43799340475424	31
-0.11015896814269	0.870205331605451	31
-0.12456548718471	1.37970941230493	464
-0.0847376579245101	0.443187509430843	464
-0.0450558349360699	0.514118055005849	67
-0.06817390135719	2.12176486906688	464
-0.01367879433265	0.627444750848743	464
-0.05657774039568	2.16342630239632	464
-0.0742896968706599	2.30819761714392	287
0.087578601591542	2.07149277522142	31
0.01464283555323	1.93818004253545	31
0.111780221892335	1.23126198339059	464
0.057789891036213	2.30526873524581	464
0.026506664932151	1.8841368263367	54
-0.0520923538107401	1.21909549648855	287
0.021803064918554	2.01078804714537	31
0.098353009895193	1.137442297499	31
0.031862715056818	1.65911196214649	287
0.041193069048829	0.882332011900767	31
0.060885824897985	0.935437280302266	62
0.020155131082825	2.16833570790641	464
-0.01044582690009	1.61199068629604	464
0.0807337813207541	1.44666266960029	464
-0.08769592055931	0.443128295111818	287
-0.04373744494875	1.87905705415864	287
-0.07844101069607	1.46674837612888	31
0.034899854442412	1.69971905138871	31
-0.04477072041266	0.526022492423768	31
0.052758742853683	0.872222686216933	31
0.012126117187219	0.716700690137453	31
-0.04265435035125	0.532486819419197	62
-0.0894850132485101	1.23149010415348	1974
0.085366381225754	1.46369070872139	464
-0.02129648236407	1.32648492902894	31
-0.03968179154958	0.527987796228352	287
-0.0168989611330499	0.63768506013358	31
0.071355487429993	0.990778767131724	31
-0.0122959363917601	0.626907648606974	31
0.0686048003101341	1.66567840242158	329
-0.10002375560494	1.62182010123303	464
0.065897551423597	0.922856207964191	464
0.043649682183387	0.882204031777621	464
-0.0882674333937401	0.4493671857593	287
-0.08306381498956	0.965250598631969	31
0.022323813516904	1.88825189128163	464
-0.0509592979322799	0.498284290038462	287
0.121277693858197	2.17639220251599	287
-0.01287197458432	0.628672543229893	287
0.030385062979883	1.1268931144353	464
-0.07652743337902	0.425974547647625	464
-0.0888391586933801	0.4508252570074	287
-0.0439751263671799	0.524676317559812	287
-0.0120645818045699	0.624316992425343	67
0.09510537857382	2.29227466130744	287
0.095648659125201	1.5732590743173	464
-0.0253289312489899	1.33858505666383	464
-0.00477432502728004	0.718808180453663	464
-0.00931244147124	2.09252705398321	31
0.080121188693868	1.44845772081871	31
0.027636502423064	1.3655797661459	67
-0.07668759765348	2.43081405244322	464
-0.10050612431932	2.11361139463097	464
-0.0384953553807501	1.77597367095128	464
0.117857057053456	1.78920967816954	464
-0.0624093930087499	1.2304097819998	54
0.108850408926939	1.11836942077799	54
-0.0800362817333	0.969381950220763	287
-0.00941216187556004	0.61534987398897	287
-0.0374771157543901	0.521824911856895	287
0.08318335531901	1.44804912949552	31
-0.0694604739789499	0.940472650906315	62
-0.0745297840963	1.65013083385739	31
-0.0882674333937401	0.4493671857593	287
0.089370760605755	1.03428339739716	31
-0.0475578681084099	0.534538158001918	31
-0.08550437421179	0.44105759483041	62
-0.0375724209634101	1.25087168740843	329
0.108946286093095	1.14115535387063	464
-0.0838748958216	1.68810482637748	464
0.120226812564605	1.28518008386952	31
-0.07410793843313	0.966070616484654	31
0.108445494290071	2.13532790647455	464
0.098981309380145	1.507470776401	31
0.091003356911159	1.54381497316885	464
-0.0988273247117599	1.64996864012725	233
0.060346676404952	2.09641151964034	329
0.03034646930143	1.13181375581102	329
0.062762696900124	2.18359587537907	67
0.116707001758586	1.08993978331322	464
0.0162777682148521	0.815216650161886	1259
-0.00874245757901004	0.624584069093106	31
0.049119516494553	0.871636913338902	464
0.0273465537513971	0.825328925186567	233
-0.0206500261486899	1.07571785670777	287
-0.07229592116122	0.977466873086605	31
0.101513212332373	2.25779241421779	329
0.0217931960372439	1.40766386862237	464
0.0870273692222811	1.02853437112936	464
0.00991574487163405	1.96326063020624	329
0.02522171960036	0.823250000195916	329
0.030231585980424	1.46224831798742	464
-0.08339961147969	0.449912801072639	1259
-0.0155104510239701	0.63009460930382	31
-0.04023726103457	0.532071905598909	31
-0.10387484759965	2.17921664461926	329
-0.07047115591853	0.925510463630828	31
-0.08302431994092	0.434317282051412	31
-0.0217196146659699	0.62716482195947	62
0.100901455908877	1.90697302571433	62
-0.00724647003654	2.41225737013342	287
0.111333154509749	1.98550969326965	62
0.071015160791424	0.91666993070884	62
0.024450359112169	0.827183179638671	62
-0.05347217435608	0.503927957773452	62
0.073137680223628	0.988676204779773	464
-0.0828204567400099	0.962773439602294	62
0.062505765989145	2.1302843676381	62
0.0856017828537921	1.05461156854802	464
0.038469632794898	1.82948346516302	62
-0.0944055603629499	1.62695224778183	62
0.00551781804574802	1.86424334094999	62
-0.0729658166603799	0.953405000374315	503
0.026755815234615	0.819970776633727	62
0.024502560412329	0.814602618855292	62
-0.03044603471999	1.28230535450042	62
0.070447994061224	1.17230539125833	62
0.049646036064301	1.18766881864347	62
-0.11867048800969	1.39851390934335	621
0.074316586342742	0.982072221703328	503
0.093779211916831	1.03989448662885	62
0.052758742853683	0.872222686216933	62
0.122835289648341	1.25700703923714	62
0.080038929751222	1.74214674464829	62
0.059971665914573	0.936259946252981	62
0.101901951796939	2.09057202797585	464
0.013986508353788	1.5926128146875	62
0.00590537670590896	1.96748478848268	464
-0.0409818770336801	0.52895975036012	503
-0.000590425059669997	0.735573048390692	464
0.010672541527866	0.721207145040859	62
-0.08028368724625	1.34166924434859	62
-0.06987824145792	1.45075013143962	62
0.030615139489159	1.50028976404963	62
0.060160903338097	1.41389156443502	31
-0.03584284622611	1.54413021396818	62
0.027607670839235	0.813608137260401	31
0.044012995761183	0.897265539528461	503
0.088609136152372	0.956879845999482	31
-0.0732029721005001	0.980108788769482	31
-0.0933486780278501	2.26085087813601	464
0.033018534727522	1.15549391539027	464
0.06761169758732	1.28908293364548	464
-0.0849328478214499	0.439666242547024	67
-0.0334776226043201	1.80262264466423	464
0.031481660247313	0.80552388919026	464
0.057847742264459	0.94794349149401	31
0.07827911021936	1.33023580237686	503
-0.07652743337902	0.425974547647625	31
-0.00347535642429997	1.03799286337632	464
0.088800331217374	1.05084668376065	464
0.0474653122469541	0.873417709519395	503
0.11603624736863	1.29546016833544	62
-0.0253859675979	1.343286871387	62
0.044291396379423	1.51785212289164	464
0.076888949352159	1.87092705383302	287
0.06890811483489	0.91813485432948	503
-0.09445196275563	1.63335422348666	503
0.094846774453764	1.08223999367245	31
-0.11424908351226	0.891865280028434	503
-0.0835952057059299	0.440934741563414	31
0.117963446171641	2.30728766968186	31
-0.0491581727020001	0.517804232435349	503
-0.04127582234834	0.520891331474052	62
0.011637903755426	0.695585473374809	62
-0.07816393627825	0.430741179771204	31
-0.11999216391175	0.864622064908669	503
0.027488155737457	0.78454724530957	62
-0.08583263061852	0.433351951566663	176
-0.0760230495852099	0.964911698246629	31
0.09169495179144	1.03330977116547	31
0.051140924242567	1.86232908005434	62
-0.12481440527352	1.41086705350445	62
-0.0459521779730001	1.03280265025388	31
0.056379482683444	1.23796819960761	31
0.044928492855724	1.93374907611008	31
0.086536656317688	0.967311387543837	62
-0.0846890001804901	0.440436789011498	62
-0.0950518689173301	0.436649812703456	62
0.096729068374056	1.09817584809644	31
0.090940685012131	1.42881057868445	31
-0.05598108064727	1.24607073314819	62
-0.10700867618887	0.874771139999286	62
0.020085838014111	0.818125532374396	83
-0.0488960385173201	2.22188047395324	31
-0.04564683947696	0.537663415923297	176
0.063106486601713	1.19787883741003	614
0.076160630251815	1.94894041998957	83
-0.00886893067093997	1.37912496514567	31
-0.12106519444813	1.59561841136182	62
-0.07398016768362	1.47099023860402	614
0.012755700785155	0.706732190773459	83
0.072889487770615	0.909689570071832	287
-0.08339961147969	0.449912801072639	614
-0.0482083930619399	1.0244869494289	83
0.021289289866401	1.18718715955652	31
-0.01686055728088	1.64079127146242	31
0.02886174637788	0.816424325914554	31
0.08110599276199	2.42474429387806	31
0.1183753841317	2.47703470667758	31
0.065701339117015	1.69676494306189	31
0.00859015618012005	1.44332514483272	287
-0.01288850753647	1.08606579686888	176
-0.03779226621182	0.529764234894303	176
0.060816920402707	1.60108238708814	31
0.076242944431557	0.981775504265028	31
0.102254038764723	1.6362815491521	31
0.080205933955684	0.976062793768397	1130
0.118972731136676	1.75182875538741	614
-0.12211775072444	1.14422010348047	31
-0.12458999193038	2.38364537924821	31
-0.0831305426851201	0.970628601239581	62
-0.05453849136501	1.2378436472241	614
0.046425895660586	2.28549196823728	31
-0.0388796840025301	1.5640044046761	31
0.073901822838493	2.2921164628311	31
0.058266290721552	1.90675685687565	31
0.058803537716251	2.2566372614139	31
-0.0846890001804901	0.440436789011498	1618
-0.08550437421179	0.44105759483041	1618
-0.00144167471072998	0.73225124077251	31
-0.0434494397473899	0.526301806327481	31
-0.07873368363514	0.437267399904014	31
-0.08302431994092	0.434317282051412	31
-0.11573378064785	0.89905585343089	62
-0.0311576064306101	0.978970077867013	62
-0.0714728597112	1.47503731754658	162
-0.04532774256562	0.53443210023667	162
-0.0455664858235401	0.517743494766661	31
0.027310313245776	0.810095695211265	31
-0.11382737678387	1.13455059624491	31
-0.03047367244372	1.51374159792085	31
0.083079742042098	0.979603486879795	31
-0.04042479323382	0.520705494649999	62
-0.0515408168641001	0.521092044791624	162
-0.0330852213747199	1.30432005974216	31
0.023169043351478	1.15180953561309	62
-0.0795551844448199	0.437888103951723	1339
0.00812388209126302	1.08758869377155	31
-0.0882674333937401	0.4493671857593	31
-0.05018742228395	0.526788101329724	162
-0.03968179154958	0.527987796228352	31
-0.0428917569043099	0.527299057914923	62
-0.0801251725187899	0.440149143612608	62
0.00800724958208599	0.716627247050004	62
-0.0177777212110399	0.612292647808209	287
-0.04508939812617	0.536570361539162	62
-0.0540907594840001	1.21632532122591	62
0.075229367699933	1.39810988175698	62
-0.09518352157874	0.420818136709408	31
0.035346159956595	1.13568291971845	560
-0.0787832596058999	0.974593966033295	560
0.124167136460105	2.15951166237028	62
-0.00530098122098011	0.726043420954978	62
0.102529525278133	1.91549981933953	62
-0.0688464459508	1.47398840140256	31
-0.07351284923767	0.979380247608846	1813
0.005636851419624	2.16116127806779	31
0.106108897226252	1.75609951092681	31
0.00646720052320504	1.06931154045536	560
0.117920642696702	1.78991555424142	31
0.0252349183105	1.52422648858479	31
-0.07813289945437	0.961880039269525	62
-0.000835888628329951	0.730048046073876	62
0.123096936350946	1.83456881067758	31
-0.0260359972297499	1.51891483186056	560
0.097996788279295	1.67828742028613	560
-0.00816513234476002	0.622832413652728	62
-0.0878681750019901	1.23414203530637	1813
-0.0381211412760401	1.31534123577501	560
0.110632398205967	1.71280148116917	31
0.053173402405131	1.24689056461761	560
-0.11606730899907	0.89865877380911	62
0.058691752604908	1.31101607434317	1825
0.00510913640002197	1.41719632054936	560
-0.11403154158016	0.895295227914519	62
0.0266028858801241	1.43181396197444	560
0.0772465142822391	1.00170556746744	1825
-0.000230346762239986	0.725397172721543	783
0.070363467490995	0.931017401706054	62
0.093726296176724	1.01145223088783	386
0.123427888405971	1.41474719630373	1825
0.091280417572074	2.16826038627759	62
0.090715131886549	1.09886129909819	1825
-0.08097036321507	1.85784037116122	62
0.084092526240631	2.396090912092	1825
0.00970530021660698	1.15272639491969	1825
0.05503602975636	2.35459121839424	1825
-0.0847376579245101	0.443187509430843	62
0.083651091046574	2.17022969921084	62
0.104981982852693	2.0044146593907	62
0.12382700897861	1.31906817286699	62
0.0995024796820601	1.56591038185472	989
0.116120764984786	1.63903387392042	62
-0.01608976433914	0.633222464434009	62
-0.08526070911993	0.439070474109434	62
-0.0385471557258701	0.513603582225241	62
-0.0882674333937401	0.4493671857593	62
