x	y	clickSelects
-0.071358978121718	0.714983891421652	11
-0.106101122953625	0.580317776732624	11
0.0877922749649001	1.26041734891605	11
-0.019483380056088	0.364992627008556	11
0.00125860967541991	0.478929450611341	11
-0.108709386910123	0.578910244903373	46
-0.015407725249235	0.374612111450457	11
-0.015162819971306	0.368930251863414	11
0.00633411963970998	0.486910098036899	11
-0.013796254009245	0.374239917977977	139
-0.013796254009245	0.374239917977977	297
-0.06337193448173	0.251725171025196	1487
-0.06337193448173	0.251725171025196	1476
-0.06337193448173	0.251725171025196	85
-0.064184818666451	0.248202668593162	85
-0.059768736330852	0.24915118819728	129
-0.063050710959763	0.252050724097018	129
-0.064184818666451	0.248202668593162	129
-0.063050710959763	0.252050724097018	284
-0.063050710959763	0.252050724097018	306
-0.063864637384733	0.248516942959805	228
-0.063864637384733	0.248516942959805	228
-0.06337193448173	0.251725171025196	868
-0.059768736330852	0.24915118819728	143
-0.060911334041387	0.24879326226229	114
-0.06337193448173	0.251725171025196	169
0.07912788630889	1.54334854639956	303
-0.00874786618400902	1.25275052451364	277
-0.099196608136111	1.8601845308889	195
-0.107102933285878	0.814944402204386	195
0.07150053026147	1.0284197091249	195
0.00710993469046994	0.486928562916366	345
0.0324523090786799	0.744684611038323	345
0.00260166618848001	0.482983171513586	11
-0.00222931374587199	0.471139432205361	200
-0.064184818666451	0.248202668593162	200
-0.010747801325494	0.37562194001783	46
-0.00109785303634502	0.472212772979448	11
-0.063050710959763	0.252050724097018	11
-0.064184818666451	0.248202668593162	2115
-0.063864637384733	0.248516942959805	485
-0.014601551030983	0.375791928593149	297
-0.062236307052307	0.247947976840952	297
-0.01565454339016	0.363482378748212	297
-0.013796254009245	0.374239917977977	297
0.00499273529976008	0.466392738304132	85
-0.063050710959763	0.252050724097018	129
-0.010747801325494	0.37562194001783	129
-0.06337193448173	0.251725171025196	339
-0.015162819971306	0.368930251863414	284
-0.063864637384733	0.248516942959805	284
-0.013796254009245	0.374239917977977	284
-0.062236307052307	0.247947976840952	228
-0.010185366198267	0.370060244008601	228
-0.064184818666451	0.248202668593162	461
-0.06337193448173	0.251725171025196	143
-0.01435792862882	0.367461216941546	143
-0.059768736330852	0.24915118819728	143
-0.060911334041387	0.24879326226229	114
-0.063864637384733	0.248516942959805	165
0.0325611191822099	1.23639366557771	303
0.0300862584794499	0.725717373704455	195
-0.041908096897078	0.835918731241736	195
-0.111406966681636	0.574452856723041	195
0.00125860967541991	0.478929450611341	195
0.0278251087955099	0.597601585443109	11
-0.080737196420419	0.926133565518171	11
-0.064184818666451	0.248202668593162	200
-0.015407725249235	0.374612111450457	200
-0.014040513680908	0.370182885853567	200
-0.062558574423391	0.247634103026872	200
-0.06058666479856	0.249112320793435	200
-0.064184818666451	0.248202668593162	1218
0.0695796872998	1.09361453145544	11
0.04907373963318	1.31926097819107	11
-0.012748680611254	0.970967381112733	11
0.00538708796886001	1.09411486817342	11
-0.06927156914138	0.244692088421178	297
0.00576901497540994	0.477870986218318	153
-0.063864637384733	0.248516942959805	1549
0.0018238019238801	0.479769479714341	129
-0.063050710959763	0.252050724097018	71
-0.065185218463514	0.245307882708456	384
-0.06337193448173	0.251725171025196	228
-0.059768736330852	0.24915118819728	228
-0.068461558585642	0.248109641550082	143
-0.06927156914138	0.244692088421178	143
-0.063050710959763	0.252050724097018	143
-0.063050710959763	0.252050724097018	114
-0.005091833311056	1.29682668278302	282
0.0526195428740099	1.41939643492816	165
-0.042955847929028	0.843082420744074	195
0.0292733248442201	0.610555982008989	195
-0.018677485850927	0.359607857634117	195
-0.075540576389313	0.698068934149864	195
-0.036453629012938	0.844420204494306	11
-0.062558574423391	0.247634103026872	11
-0.063050710959763	0.252050724097018	11
-0.012121887659061	0.368886497246459	46
-0.015849802059228	0.366673953158452	1218
-0.06058666479856	0.249112320793435	11
-0.00946253055738699	0.983715544420168	139
-0.063050710959763	0.252050724097018	213
-0.063864637384733	0.248516942959805	213
-0.011559321246277	0.375709692754845	297
-0.060911334041387	0.24879326226229	129
-0.063050710959763	0.252050724097018	129
-0.06337193448173	0.251725171025196	129
-0.064184818666451	0.248202668593162	129
-0.063050710959763	0.252050724097018	284
-0.063050710959763	0.252050724097018	71
-0.063050710959763	0.252050724097018	2850
-0.06058666479856	0.249112320793435	228
-0.068461558585642	0.248109641550082	461
-0.014847092696721	0.36904272807662	1641
-0.060911334041387	0.24879326226229	114
-0.063864637384733	0.248516942959805	490
-0.00710181021368705	0.363762511645354	169
-0.063864637384733	0.248516942959805	2489
0.0648663061358801	1.54164502370541	165
0.01253733841455	1.83913840820701	303
-0.0960241456123681	2.46237782009473	277
-0.050378515368864	0.830006820919894	195
-0.078306751983374	0.933070490846844	195
0.0734265252197299	1.6069666403443	11
-0.010747801325494	0.37562194001783	11
-0.013796254009245	0.374239917977977	200
-0.032249702884218	1.16076336498042	46
-0.014847092696721	0.36904272807662	1218
-0.060094454979737	0.248831364854085	1218
-0.0768264760702	0.952132823520902	11
-0.068461558585642	0.248109641550082	416
-0.06058666479856	0.249112320793435	213
-0.063050710959763	0.252050724097018	297
-0.077389036099091	0.713412628514186	1423
-0.014847092696721	0.36904272807662	177
-0.06337193448173	0.251725171025196	129
0.00689901290568007	0.487772154230679	129
-0.064184818666451	0.248202668593162	129
-0.059768736330852	0.24915118819728	306
-0.062558574423391	0.247634103026872	384
-0.059768736330852	0.24915118819728	228
0.0143798364564101	0.448634916380865	1641
-0.062236307052307	0.247947976840952	143
-0.068461558585642	0.248109641550082	1144
-0.00300948850945904	0.470211925284188	1144
-0.063864637384733	0.248516942959805	114
-0.063050710959763	0.252050724097018	114
-0.013796254009245	0.374239917977977	114
-0.063050710959763	0.252050724097018	490
-0.063050710959763	0.252050724097018	2240
0.00281376540922995	0.483094799170805	2489
-0.072820794151489	2.45993232202691	165
-0.05634488043346	2.19669968689782	165
-0.016338490685549	0.953056136104776	195
0.01258599008837	1.08533252007083	195
-0.073874159868905	0.715587915026612	345
0.00853277892399995	0.463090275682605	200
-0.015407725249235	0.374612111450457	200
0.03384138356058	0.726587774646702	46
0.0258779295990701	0.61401603805108	2967
-0.010185366198267	0.370060244008601	11
-0.0804053159739631	0.695890054127516	11
-0.063050710959763	0.252050724097018	1147
0.0133185248312599	0.57682319032845	416
-0.011559321246277	0.375709692754845	416
-0.06337193448173	0.251725171025196	213
-0.0659992118023181	0.245267351805318	297
-0.062558574423391	0.247634103026872	153
-0.04089598620234	0.84601657959386	85
-0.063050710959763	0.252050724097018	129
-0.06058666479856	0.249112320793435	129
-0.064184818666451	0.248202668593162	129
-0.015407725249235	0.374612111450457	306
-0.063050710959763	0.252050724097018	228
-0.062558574423391	0.247634103026872	228
-0.014040513680908	0.370182885853567	228
-0.065185218463514	0.245307882708456	461
-0.062558574423391	0.247634103026872	1144
-0.06337193448173	0.251725171025196	1144
-0.060094454979737	0.248831364854085	114
-0.06927156914138	0.244692088421178	114
-0.063050710959763	0.252050724097018	490
-0.063864637384733	0.248516942959805	490
-0.063050710959763	0.252050724097018	490
-0.030615719575525	1.7106112786559	165
-0.013389271496328	1.47605528877814	195
-0.042074897313356	1.91992725030764	195
-0.072696261596884	1.13562867033801	11
-0.12476930169168	1.3045707540052	345
-0.112136804884204	0.557877629344224	11
0.0239893662870501	0.593132008674988	11
0.04550732163637	0.855252459799178	11
0.0465951348553599	0.86499900345047	200
0.00689901290568007	0.487772154230679	46
0.04748459081066	0.73364016572353	46
-0.105500554576065	0.577638636283058	46
0.0276917441428799	0.61038769991546	1218
-0.06337193448173	0.251725171025196	11
0.00203652309405999	0.482132580662537	11
-0.064184818666451	0.248202668593162	1423
-0.062558574423391	0.247634103026872	533
-0.064184818666451	0.248202668593162	339
-0.057282819831269	0.243626507748643	339
-0.063050710959763	0.252050724097018	339
-0.064184818666451	0.248202668593162	737
-0.06337193448173	0.251725171025196	71
-0.063864637384733	0.248516942959805	71
-0.062558574423391	0.247634103026872	228
-0.06927156914138	0.244692088421178	1641
-0.063050710959763	0.252050724097018	114
-0.064184818666451	0.248202668593162	114
-0.06337193448173	0.251725171025196	490
-0.06337193448173	0.251725171025196	490
-0.10210417302679	0.997413755920775	303
0.04768423024368	0.861434693195072	11
0.0201813834564699	0.609115429201752	11
0.01880929836066	0.605905348375406	46
-0.020534558804063	0.365653528734353	11
0.0206748172787301	0.603427725259077	11
-0.112994604421801	0.577051022550189	11
-0.012121887659061	0.368886497246459	297
-0.011559321246277	0.375709692754845	129
-0.063864637384733	0.248516942959805	129
-0.064184818666451	0.248202668593162	291
-0.015407725249235	0.374612111450457	129
-0.014601551030983	0.375791928593149	339
-0.063050710959763	0.252050724097018	528
-0.064184818666451	0.248202668593162	71
-0.063050710959763	0.252050724097018	71
-0.062236307052307	0.247947976840952	71
-0.01565454339016	0.363482378748212	972
-0.062236307052307	0.247947976840952	306
-0.062558574423391	0.247634103026872	1144
-0.068461558585642	0.248109641550082	143
-0.064184818666451	0.248202668593162	114
-0.060911334041387	0.24879326226229	114
-0.063864637384733	0.248516942959805	490
-0.060094454979737	0.248831364854085	490
0.08529565425236	1.16190626820687	303
-0.040143887707085	0.84817701991123	277
0.0787065659252499	1.13150754503169	277
-0.0989467601013691	1.01702967448567	11
-0.104493564016028	0.578364446679337	46
0.0387437593330899	0.850909196283999	46
-0.010747801325494	0.37562194001783	15
-0.06927156914138	0.244692088421178	73
-0.117818142588566	0.566025923355384	2895
-0.00166347528398902	0.477586917922281	2116
0.00933528379788995	0.46919433604547	2116
-0.06058666479856	0.249112320793435	177
-0.016214771709664	0.368826913345635	85
-0.063050710959763	0.252050724097018	129
-0.063050710959763	0.252050724097018	129
-0.064184818666451	0.248202668593162	129
-0.010996987507142	0.37013610430479	129
-0.062558574423391	0.247634103026872	280
-0.063050710959763	0.252050724097018	737
-0.06337193448173	0.251725171025196	737
-0.063050710959763	0.252050724097018	2290
-0.06337193448173	0.251725171025196	71
-0.064184818666451	0.248202668593162	71
-0.062236307052307	0.247947976840952	71
-0.060094454979737	0.248831364854085	71
-0.063864637384733	0.248516942959805	306
-0.062558574423391	0.247634103026872	306
-0.011559321246277	0.375709692754845	306
-0.06058666479856	0.249112320793435	461
-0.010185366198267	0.370060244008601	143
-0.063864637384733	0.248516942959805	143
-0.064184818666451	0.248202668593162	114
-0.063050710959763	0.252050724097018	490
-0.063050710959763	0.252050724097018	490
-0.060094454979737	0.248831364854085	169
-0.072310234053162	0.956422027964547	303
-0.084710333884348	1.23262403671347	11
-0.072465565393	1.15470555753698	11
-0.101936924454114	0.823847040770093	273
-0.014601551030983	0.375791928593149	11
0.0316381978320901	0.732855288027747	11
0.03886360293226	0.747646652394804	11
0.0352779365981599	0.744244325489695	46
-0.110112774452011	0.580603595945207	46
0.0316381978320901	0.732855288027747	46
-0.073874159868905	0.715587915026612	46
0.02292836747479	0.610240827965514	11
-0.063864637384733	0.248516942959805	73
-0.037246115087987	0.858288425326223	11
-0.068461558585642	0.248109641550082	2116
0.0265351992791101	0.595296241798001	2116
-0.01565454339016	0.363482378748212	213
-0.0113104619411391	0.368812314185007	708
-0.020534558804063	0.365653528734353	297
-0.015407725249235	0.374612111450457	297
0.00380101707179992	0.470235081432366	297
-0.06337193448173	0.251725171025196	177
-0.062558574423391	0.247634103026872	177
-0.013234811295878	0.368702668266516	533
-0.063864637384733	0.248516942959805	129
-0.06337193448173	0.251725171025196	129
-0.062558574423391	0.247634103026872	1015
-0.062236307052307	0.247947976840952	737
-0.06337193448173	0.251725171025196	71
-0.06337193448173	0.251725171025196	71
-0.06337193448173	0.251725171025196	2627
-0.059768736330852	0.24915118819728	972
-0.00993545917815397	0.370795837835066	650
-0.062558574423391	0.247634103026872	228
-0.062236307052307	0.247947976840952	228
-0.062236307052307	0.247947976840952	114
-0.064184818666451	0.248202668593162	114
-0.060094454979737	0.248831364854085	114
-0.059768736330852	0.24915118819728	490
-0.063050710959763	0.252050724097018	490
-0.069972143283744	1.82974614667915	130
0.0812928612914901	1.14853791515175	195
-0.00244286975242403	0.476636030622947	11
0.00203652309405999	0.482132580662537	11
0.01952359851583	0.601400696254642	46
0.0235683506655999	0.603603657070087	11
-0.044202934709181	0.827849582276509	2967
-0.042896754932013	0.826645629649064	11
-0.046906488271504	1.05979831654158	73
0.00989958956300008	0.477748807228473	11
0.0344509957593999	0.741998347171739	11
0.0104636803132701	0.478572690780905	2895
-0.013234811295878	0.368702668266516	11
-0.021907245776903	0.359837676014412	11
-0.063050710959763	0.252050724097018	213
-0.062236307052307	0.247947976840952	316
-0.064184818666451	0.248202668593162	708
-0.015407725249235	0.374612111450457	533
0.00274899041451993	0.481501031441308	533
-0.011559321246277	0.375709692754845	1788
-0.063050710959763	0.252050724097018	129
-0.021098841452168	0.365314824962889	129
-0.062558574423391	0.247634103026872	71
-0.063050710959763	0.252050724097018	737
-0.062236307052307	0.247947976840952	306
-0.06337193448173	0.251725171025196	306
-0.063864637384733	0.248516942959805	143
-0.064184818666451	0.248202668593162	1478
-0.06337193448173	0.251725171025196	114
-0.062558574423391	0.247634103026872	169
-0.06058666479856	0.249112320793435	2240
0.0018238019238801	0.479769479714341	165
-0.066174970394804	1.75508452857006	651
-0.012854355716395	0.980480154075198	11
0.04381572290257	0.862228316154288	11
-0.08016616678907	0.696553090655956	11
-0.00244286975242403	0.476636030622947	46
-0.070502497278776	0.715032686786459	11
-0.114137024726632	0.56809393812802	73
-0.015968589076649	0.367797509628704	213
-0.020534558804063	0.365653528734353	316
-0.010747801325494	0.37562194001783	154
-0.060911334041387	0.24879326226229	129
0.00337885932323001	0.4839478351484	129
-0.060911334041387	0.24879326226229	129
-0.015407725249235	0.374612111450457	737
-0.015162819971306	0.368930251863414	71
-0.063050710959763	0.252050724097018	71
-0.064184818666451	0.248202668593162	228
-0.063050710959763	0.252050724097018	2039
-0.016214771709664	0.368826913345635	228
-0.06337193448173	0.251725171025196	1893
-0.062236307052307	0.247947976840952	1893
-0.064184818666451	0.248202668593162	1893
-0.063050710959763	0.252050724097018	143
-0.0659992118023181	0.245267351805318	114
-0.063864637384733	0.248516942959805	490
-0.067651077705109	0.244147812537135	490
-0.011559321246277	0.375709692754845	169
-0.00976284820659901	2.34162571416581	277
-0.086469218272982	1.39703063575142	651
-0.1181474844305	0.791316207588647	195
-0.012989555341513	1.62138441537642	11
0.0101078199250899	1.088455380766	11
-0.073017476799491	0.714629528542135	11
0.00767477862087995	0.487789621394888	11
-0.073306166681404	0.703170383670318	46
-0.119429816251022	0.56084141264937	11
-0.018112376876336	0.359937617704498	2967
-0.11238767035541	0.826728250965386	73
-0.021098841452168	0.365314824962889	878
-0.014601551030983	0.375791928593149	878
-0.021098841452168	0.365314824962889	316
-0.063050710959763	0.252050724097018	316
-0.063050710959763	0.252050724097018	148
-0.0684675932205821	0.711211185742693	297
-0.059768736330852	0.24915118819728	297
-0.014601551030983	0.375791928593149	129
-0.00456869470666699	0.357174974616491	129
0.04370043914699	0.747345860959608	129
-0.014847092696721	0.36904272807662	129
-0.020290500680645	0.366443091077846	71
-0.06337193448173	0.251725171025196	228
-0.062558574423391	0.247634103026872	228
-0.06337193448173	0.251725171025196	228
-0.068461558585642	0.248109641550082	1893
-0.015968589076649	0.367797509628704	1893
-0.0135539200221591	0.36202414392691	1893
-0.060911334041387	0.24879326226229	969
0.00048002831885996	0.471242688107209	143
-0.020534558804063	0.365653528734353	143
-0.014847092696721	0.36904272807662	143
-0.064184818666451	0.248202668593162	114
-0.062236307052307	0.247947976840952	169
0.10400043705026	2.14509974264458	130
-0.0939344626709801	1.21135845676259	130
-0.124394643987596	1.6229233428049	130
0.04883415697127	1.32707411697159	11
0.0970321822940301	1.32131691856966	11
-0.07651216269712	1.14526691891175	11
-0.010995924086166	1.28893309701711	345
-0.045693034948168	1.04632457674527	273
0.0151205030083801	0.466969935307783	11
-0.112528235053252	0.569885977936437	46
-0.119026480921764	0.786932197371315	11
-0.019483380056088	0.364992627008556	878
-0.10670194634398	0.579256448249235	11
-0.060094454979737	0.248831364854085	2133
-0.014601551030983	0.375791928593149	2133
0.00394374180763002	0.476290650027989	316
-0.062236307052307	0.247947976840952	316
-0.010747801325494	0.37562194001783	297
-0.06058666479856	0.249112320793435	129
-0.021098841452168	0.365314824962889	129
-0.0113104619411391	0.368812314185007	129
-0.06337193448173	0.251725171025196	171
-0.060911334041387	0.24879326226229	129
-0.068461558585642	0.248109641550082	129
-0.063864637384733	0.248516942959805	71
-0.015407725249235	0.374612111450457	71
-0.06337193448173	0.251725171025196	71
-0.062236307052307	0.247947976840952	71
-0.06058666479856	0.249112320793435	71
-0.014847092696721	0.36904272807662	349
-0.062236307052307	0.247947976840952	349
-0.06337193448173	0.251725171025196	71
-0.062558574423391	0.247634103026872	71
-0.06337193448173	0.251725171025196	71
-0.059768736330852	0.24915118819728	650
-0.06337193448173	0.251725171025196	1789
-0.063050710959763	0.252050724097018	228
-0.062236307052307	0.247947976840952	228
-0.060094454979737	0.248831364854085	969
-0.06337193448173	0.251725171025196	143
-0.013796254009245	0.374239917977977	2226
-0.059768736330852	0.24915118819728	114
-0.06058666479856	0.249112320793435	114
-0.060911334041387	0.24879326226229	114
-0.063864637384733	0.248516942959805	114
-0.062236307052307	0.247947976840952	169
-0.104899838306698	1.3992750258913	130
-0.071742520803938	1.81734559943231	651
-0.112994604421801	0.577051022550189	11
0.0207880084018901	1.85734543630185	11
0.0631764138104101	1.02799350065274	525
0.02820616033542	0.732737804205225	11
0.02943265033586	0.724306465205455	11
0.0618097906087001	1.00427409995588	2967
-0.000861730581280029	0.476636133971408	11
-0.01435792862882	0.367461216941546	11
0.02350516387716	0.613901700970229	11
-0.014847092696721	0.36904272807662	177
-0.015968589076649	0.367797509628704	129
-0.013796254009245	0.374239917977977	129
-0.063050710959763	0.252050724097018	129
-0.063864637384733	0.248516942959805	71
-0.06337193448173	0.251725171025196	71
-0.011559321246277	0.375709692754845	71
-0.062236307052307	0.247947976840952	71
-0.064184818666451	0.248202668593162	71
-0.063864637384733	0.248516942959805	71
-0.063050710959763	0.252050724097018	71
-0.010996987507142	0.37013610430479	349
-0.06337193448173	0.251725171025196	972
-0.060911334041387	0.24879326226229	972
-0.063050710959763	0.252050724097018	71
-0.063050710959763	0.252050724097018	71
-0.063050710959763	0.252050724097018	71
-0.06337193448173	0.251725171025196	650
-0.063050710959763	0.252050724097018	143
-0.064184818666451	0.248202668593162	114
-0.06058666479856	0.249112320793435	114
-0.060911334041387	0.24879326226229	114
-0.06337193448173	0.251725171025196	169
-0.117611140677389	1.21836268587337	165
-0.0360589104938061	1.36398521376128	165
-0.076355540588122	0.712120620439406	303
-0.098632586880704	1.4790577802668	303
-0.061365689296106	1.2247607320946	130
-0.107504741496912	0.576964688677173	277
-0.0708582045951081	1.14966742099874	130
0.10767768572143	2.03233305155852	651
-0.06535841308567	1.30908268212112	195
0.0661899271486099	1.54303069409123	195
-0.028906328106498	1.15505985492406	564
-0.070739306181908	0.71820767270688	525
0.0316224396639999	0.74466541513779	2967
-0.060094454979737	0.248831364854085	11
-0.068461558585642	0.248109641550082	87
-0.06337193448173	0.251725171025196	11
-0.015043773016491	0.362117395157622	316
-0.063050710959763	0.252050724097018	177
-0.065185218463514	0.245307882708456	177
-0.015162819971306	0.368930251863414	129
-0.062236307052307	0.247947976840952	129
0.0054960036493299	0.4723060392075	129
-0.06337193448173	0.251725171025196	1978
-0.012366011101711	0.370718641089762	129
0.0237184494057501	0.612525541079298	129
-0.0659992118023181	0.245267351805318	129
-0.015407725249235	0.374612111450457	71
-0.063864637384733	0.248516942959805	71
-0.064184818666451	0.248202668593162	71
-0.06058666479856	0.249112320793435	71
-0.063050710959763	0.252050724097018	71
-0.062236307052307	0.247947976840952	972
-0.06337193448173	0.251725171025196	972
-0.014847092696721	0.36904272807662	71
-0.06058666479856	0.249112320793435	71
-0.064184818666451	0.248202668593162	650
-0.062236307052307	0.247947976840952	650
-0.015407725249235	0.374612111450457	228
-0.06337193448173	0.251725171025196	1893
-0.06058666479856	0.249112320793435	114
-0.015968589076649	0.367797509628704	114
0.0764260569169799	1.14344236791503	303
0.0396903419709	0.751668361652109	303
-0.034686650517807	0.849513399913989	303
0.06824597564558	1.02141915500477	165
-0.01972594299856	0.366783266803632	303
0.0343777142971999	0.735609265667634	130
0.05798866673812	0.994314380340827	130
-0.039000997986029	0.848798287193226	130
0.06256214487668	1.53963718003008	130
-0.030508232050997	1.36490201803226	651
-0.105411463344533	1.68947808870339	651
0.11940008291963	1.58410395019777	651
0.0775787933580501	2.20709357878998	195
0.0566529780396701	0.886870484794341	273
-0.075670143521872	0.713544887277134	564
-0.08206790866398	0.902932964814358	11
0.08327543656406	1.13829647311727	46
-0.113110595596747	0.802804520026592	2967
0.0407346551830301	0.75029940516916	11
0.00633411963970998	0.486910098036899	11
-0.063050710959763	0.252050724097018	2133
0.0296384160154599	0.600156729795566	11
-0.062236307052307	0.247947976840952	158
-0.015968589076649	0.367797509628704	177
-0.06337193448173	0.251725171025196	129
-0.063864637384733	0.248516942959805	129
-0.0113104619411391	0.368812314185007	129
-0.012928170512171	0.36412127909435	129
-0.06337193448173	0.251725171025196	1417
0.0018238019238801	0.479769479714341	1270
-0.016214771709664	0.368826913345635	1270
-0.018918546932261	0.365330461702992	71
-0.063050710959763	0.252050724097018	71
-0.063864637384733	0.248516942959805	756
-0.063050710959763	0.252050724097018	71
-0.060094454979737	0.248831364854085	71
-0.063050710959763	0.252050724097018	71
-0.064184818666451	0.248202668593162	650
-0.060911334041387	0.24879326226229	143
-0.06337193448173	0.251725171025196	143
-0.064184818666451	0.248202668593162	2226
-0.063864637384733	0.248516942959805	2226
-0.063050710959763	0.252050724097018	144
-0.06337193448173	0.251725171025196	169
-0.062236307052307	0.247947976840952	169
0.0347303148553999	0.732265367527609	165
0.0156333304972101	1.15306917460125	303
0.11212138245359	1.50422613923661	303
-0.118419918744815	0.56290634711184	130
0.0397093592492801	2.18146874716363	195
-0.058142188865288	1.8125772330087	195
0.0227766562260501	0.599421920505409	111
0.11713453855361	1.47565639517414	11
0.00689901290568007	0.487772154230679	11
-0.042332693196225	0.844740518247721	46
0.08857864171058	1.26497879368396	2967
-0.010185366198267	0.370060244008601	87
-0.064184818666451	0.248202668593162	87
-0.06337193448173	0.251725171025196	87
-0.014847092696721	0.36904272807662	158
-0.010747801325494	0.37562194001783	129
-0.060911334041387	0.24879326226229	129
-0.013796254009245	0.374239917977977	129
-0.064184818666451	0.248202668593162	129
-0.06058666479856	0.249112320793435	71
-0.059768736330852	0.24915118819728	71
-0.062236307052307	0.247947976840952	71
-0.064184818666451	0.248202668593162	71
-0.063050710959763	0.252050724097018	71
-0.06337193448173	0.251725171025196	650
-0.060911334041387	0.24879326226229	1356
-0.063864637384733	0.248516942959805	2226
-0.060094454979737	0.248831364854085	144
0.00394374180763002	0.476290650027989	11
-0.051263137323773	0.828102986114284	11
0.0999338236165599	1.34919140031765	564
0.0735683095259001	1.01530501922704	46
-0.078954477760479	0.931924003791358	46
0.0223513329004901	0.598489430689452	87
-0.01565454339016	0.363482378748212	87
-0.014601551030983	0.375791928593149	465
-0.062236307052307	0.247947976840952	465
-0.063050710959763	0.252050724097018	465
-0.042592323239096	0.841547773603686	11
0.0018238019238801	0.479769479714341	11
0.0312889044631	0.597635761588556	316
0.00966114808808993	0.472168065993119	158
-0.063050710959763	0.252050724097018	158
-0.062558574423391	0.247634103026872	1863
-0.064184818666451	0.248202668593162	1863
-0.011559321246277	0.375709692754845	71
-0.064184818666451	0.248202668593162	71
-0.06058666479856	0.249112320793435	1373
-0.059768736330852	0.24915118819728	71
-0.06337193448173	0.251725171025196	71
-0.060911334041387	0.24879326226229	1893
-0.062558574423391	0.247634103026872	143
-0.063864637384733	0.248516942959805	2226
-0.060911334041387	0.24879326226229	2226
-0.063050710959763	0.252050724097018	114
-0.099542946560209	1.49349872223486	165
0.0525060283843899	0.877213162147626	303
0.0161776990534299	1.47404821542394	303
-0.078954477760479	0.931924003791358	130
0.03793378667281	0.748283672469665	130
-0.114476240935212	0.811031254453855	130
-0.0934717949930331	1.79564401899202	651
0.02504309057983	1.54166653120817	11
-0.113855465241556	0.811130013077248	273
-0.041829034629183	0.858877587953844	273
-0.046281395587025	1.30179381752712	11
0.05211496091142	0.887863114558448	11
0.0782669087761501	1.14730186887697	11
0.0137544029083401	0.45880956250396	87
-0.010747801325494	0.37562194001783	465
-0.060911334041387	0.24879326226229	129
-0.060911334041387	0.24879326226229	129
-0.015968589076649	0.367797509628704	129
-0.057282819831269	0.243626507748643	129
-0.068461558585642	0.248109641550082	129
0.00281376540922995	0.483094799170805	8
-0.067651077705109	0.244147812537135	1863
-0.062558574423391	0.247634103026872	71
-0.067651077705109	0.244147812537135	71
-0.06058666479856	0.249112320793435	71
-0.013796254009245	0.374239917977977	71
-0.014040513680908	0.370182885853567	71
-0.064184818666451	0.248202668593162	71
-0.064184818666451	0.248202668593162	71
-0.014601551030983	0.375791928593149	650
-0.062236307052307	0.247947976840952	347
-0.060094454979737	0.248831364854085	143
-0.062236307052307	0.247947976840952	2226
-0.068461558585642	0.248109641550082	1411
-0.060094454979737	0.248831364854085	2229
-0.06337193448173	0.251725171025196	114
-0.062236307052307	0.247947976840952	169
-0.06337193448173	0.251725171025196	169
0.04462142519926	0.879654660533345	130
-0.109513550982378	0.577894080505482	130
-0.0704474200255431	0.940241022118654	130
-0.077416498279161	1.47907752890794	130
-0.077060212061083	0.702886625314203	111
-0.08153423935168	0.695131585762165	447
0.09471138646747	1.25558313717883	525
0.05590038783102	0.995917597746931	525
-0.00759793810038301	0.981401823809981	46
0.02508645086572	0.616248210607539	46
-0.078393696104369	0.710531987253253	11
-0.063050710959763	0.252050724097018	11
-0.011559321246277	0.375709692754845	11
-0.015162819971306	0.368930251863414	158
-0.062236307052307	0.247947976840952	129
-0.06337193448173	0.251725171025196	129
-0.063864637384733	0.248516942959805	129
0.00710993469046994	0.486928562916366	129
-0.010747801325494	0.37562194001783	129
-0.060094454979737	0.248831364854085	129
-0.063864637384733	0.248516942959805	1417
-0.060911334041387	0.24879326226229	280
-0.016214771709664	0.368826913345635	8
-0.06337193448173	0.251725171025196	1863
-0.060911334041387	0.24879326226229	1863
-0.064184818666451	0.248202668593162	71
-0.016214771709664	0.368826913345635	105
-0.064184818666451	0.248202668593162	105
-0.059768736330852	0.24915118819728	105
-0.062236307052307	0.247947976840952	264
-0.122222360009096	0.775791470047934	130
0.0376667749331501	2.43435103315332	195
0.0279871806584899	0.727973939062408	111
-0.103863833172207	1.60541021139011	11
-0.062558574423391	0.247634103026872	447
-0.06337193448173	0.251725171025196	447
-0.068852086301375	0.704823698241666	447
0.0271752660326501	1.19319732642378	564
0.0293223277663299	0.592009208701117	46
-0.034077003092313	1.16119168446834	46
-0.101299484714221	0.573845930236427	46
0.0311833845330001	1.20490030144718	11
-0.011559321246277	0.375709692754845	87
-0.102905275652632	0.573535546079533	1470
-0.015849802059228	0.366673953158452	11
0.0214658095009701	0.604380928050667	11
-0.068461558585642	0.248109641550082	129
-0.060094454979737	0.248831364854085	8
-0.014040513680908	0.370182885853567	71
-0.06337193448173	0.251725171025196	1473
-0.064184818666451	0.248202668593162	71
-0.015162819971306	0.368930251863414	71
-0.06337193448173	0.251725171025196	71
0.00689901290568007	0.487772154230679	71
-0.00822857362849905	0.362562427132467	71
-0.067651077705109	0.244147812537135	71
-0.06337193448173	0.251725171025196	105
-0.06337193448173	0.251725171025196	143
0.00194763097309991	0.481455761041027	114
-0.063050710959763	0.252050724097018	264
0.00251330617361001	0.475998850251297	303
-0.055535236657812	1.05696299160627	130
-0.095165605101348	1.38618356237728	130
0.0956591141232599	1.86748783739022	130
-0.112528235053252	0.569885977936437	130
-0.015217375925762	1.95404997187801	651
-0.116107827784944	0.820507063068234	111
-0.0378958069154161	1.54065303579532	11
-0.013234811295878	0.368702668266516	11
0.00274899041451993	0.481501031441308	447
0.0190206567165701	0.59812575190583	447
-0.048607729078014	0.828255048559777	46
-0.111101633366549	0.814039765617208	11
-0.122580034100298	0.800454882756913	11
-0.020290500680645	0.366443091077846	87
-0.012366011101711	0.370718641089762	465
0.02632166290589	0.716447838397199	1470
0.00218308568707992	0.474968732496263	11
0.0324656384440201	0.735861805495666	316
0.00845161371226011	0.48529991152662	158
-0.012121887659061	0.368886497246459	158
-0.010747801325494	0.37562194001783	129
0.00710993469046994	0.486928562916366	71
-0.01435792862882	0.367461216941546	71
-0.06058666479856	0.249112320793435	8
-0.017222465719939	0.36640630680174	1863
-0.063050710959763	0.252050724097018	71
-0.0659992118023181	0.245267351805318	1473
-0.010747801325494	0.37562194001783	71
-0.068461558585642	0.248109641550082	105
-0.062558574423391	0.247634103026872	105
-0.060094454979737	0.248831364854085	1163
-0.063864637384733	0.248516942959805	1163
-0.067651077705109	0.244147812537135	92
-0.0113104619411391	0.368812314185007	92
-0.06337193448173	0.251725171025196	92
-0.014040513680908	0.370182885853567	92
-0.06337193448173	0.251725171025196	144
-0.06058666479856	0.249112320793435	422
-0.112004149084979	0.814967881023394	303
0.00829017042741009	1.67010484287667	130
0.0501752761413701	1.34845751632848	130
0.0237567785355	2.03374522773855	130
-0.117957451595652	1.08418200687918	35
-0.035933366423881	0.850024348438923	11
-0.11481696989322	0.799884819769985	11
-0.122407436801035	0.786211388132061	11
-0.014601551030983	0.375791928593149	87
-0.013234811295878	0.368702668266516	2934
-0.016657069342454	0.366745698422458	1238
0.00472021148483992	0.475342446902082	158
-0.044017307132189	0.848634326634432	124
0.00767477862087995	0.487789621394888	124
-0.012366011101711	0.370718641089762	129
-0.012121887659061	0.368886497246459	129
0.00710993469046994	0.486928562916366	71
-0.063050710959763	0.252050724097018	8
-0.014040513680908	0.370182885853567	71
-0.063864637384733	0.248516942959805	105
-0.063050710959763	0.252050724097018	347
-0.064184818666451	0.248202668593162	143
-0.062558574423391	0.247634103026872	382
-0.063864637384733	0.248516942959805	92
-0.063050710959763	0.252050724097018	92
0.0746248208263001	1.64080798943231	303
0.03876219460484	0.746007754495403	130
0.0232916310981699	0.607299662209699	130
-0.041567225629413	0.85258136773236	130
0.05763336318517	1.00516995024121	130
0.0367150638809299	0.750705796270422	111
0.02609203522528	0.605521551907967	111
-0.080347643338524	0.706815930685772	447
-0.082604738228739	1.29410870318609	525
0.0366853293421501	0.726791522334145	11
-0.10670194634398	0.579256448249235	46
0.0381527650934299	0.749782968649835	11
-0.063050710959763	0.252050724097018	87
-0.014040513680908	0.370182885853567	465
-0.047560574825938	0.848606850112128	1470
-0.109718545214775	0.565275874411577	1470
-0.060094454979737	0.248831364854085	1238
-0.114403998478769	0.574626975473283	1238
0.00251330617361001	0.475998850251297	11
-0.063050710959763	0.252050724097018	158
-0.014601551030983	0.375791928593149	158
-0.021098841452168	0.365314824962889	158
-0.063050710959763	0.252050724097018	124
-0.06337193448173	0.251725171025196	129
-0.065185218463514	0.245307882708456	129
-0.060911334041387	0.24879326226229	129
-0.06337193448173	0.251725171025196	8
-0.014847092696721	0.36904272807662	1863
-0.064184818666451	0.248202668593162	347
-0.06337193448173	0.251725171025196	1163
-0.063050710959763	0.252050724097018	143
-0.062236307052307	0.247947976840952	143
-0.06337193448173	0.251725171025196	264
-0.060911334041387	0.24879326226229	422
0.05836440504927	0.883826647014581	130
0.09862629838575	1.24065935227664	130
-0.013796254009245	0.374239917977977	130
-0.068990929891114	1.92601990775647	130
-0.090447210862864	2.17398712373077	130
-0.018230925907314	0.95212685996222	130
0.0538080966401799	2.02280534569447	195
0.02457149997552	0.602884683593853	111
-0.060911334041387	0.24879326226229	273
-0.064184818666451	0.248202668593162	273
-0.013234811295878	0.368702668266516	273
-0.121569308939022	1.09701294376618	11
-0.111515380645615	0.576516654774689	11
-0.060911334041387	0.24879326226229	87
-0.064184818666451	0.248202668593162	87
-0.059768736330852	0.24915118819728	465
-0.011559321246277	0.375709692754845	465
-0.11091618182046	0.577573488359286	1470
0.03081120065184	0.727571020006904	1470
-0.06337193448173	0.251725171025196	158
-0.060911334041387	0.24879326226229	158
-0.06337193448173	0.251725171025196	124
-0.00791554495459601	0.360329176121624	124
0.0442634351190701	0.86163332267695	124
0.02508645086572	0.616248210607539	129
0.00203652309405999	0.482132580662537	129
-0.014601551030983	0.375791928593149	129
-0.062558574423391	0.247634103026872	8
-0.063050710959763	0.252050724097018	2687
-0.06337193448173	0.251725171025196	71
-0.014847092696721	0.36904272807662	71
-0.062558574423391	0.247634103026872	315
-0.06058666479856	0.249112320793435	143
-0.060094454979737	0.248831364854085	92
-0.06337193448173	0.251725171025196	144
-0.014601551030983	0.375791928593149	264
-0.085827829330749	1.23723477373262	165
0.00689901290568007	0.487772154230679	273
0.00370841139586009	1.07913753169716	447
0.0243541091478501	0.697090703634024	447
0.10317898903974	1.46289206056132	11
0.02487237034421	0.614620167845515	11
-0.116557508448629	0.805248674102806	11
-0.084408655182732	0.680908049304606	11
-0.06058666479856	0.249112320793435	87
-0.064184818666451	0.248202668593162	465
0.00194763097309991	0.481455761041027	11
-0.011559321246277	0.375709692754845	158
-0.062558574423391	0.247634103026872	118
-0.00244286975242403	0.476636030622947	124
0.00114609142745992	0.478921664228091	124
-0.012366011101711	0.370718641089762	129
-0.06058666479856	0.249112320793435	129
-0.062558574423391	0.247634103026872	129
-0.063050710959763	0.252050724097018	8
-0.00166347528398902	0.477586917922281	71
-0.015968589076649	0.367797509628704	71
-0.012928170512171	0.36412127909435	2629
-0.064184818666451	0.248202668593162	71
-0.015407725249235	0.374612111450457	71
-0.015968589076649	0.367797509628704	315
-0.063864637384733	0.248516942959805	315
-0.063050710959763	0.252050724097018	143
-0.063050710959763	0.252050724097018	143
-0.06337193448173	0.251725171025196	143
-0.063864637384733	0.248516942959805	143
-0.060094454979737	0.248831364854085	143
-0.063050710959763	0.252050724097018	382
-0.062236307052307	0.247947976840952	144
-0.068461558585642	0.248109641550082	144
-0.081233349501603	1.80119874419741	130
-0.080767950418552	1.41529896428147	195
0.0616654547689901	1.49470890555416	111
-0.041204175547542	0.858263934565822	11
0.01520043014357	0.595069550560812	426
-0.0405315443589011	0.854903832327653	158
0.00746369492862997	0.48000141001136	158
-0.07268707170669	0.702741898306304	158
-0.063864637384733	0.248516942959805	38
0.0235683506655999	0.603603657070087	129
-0.015849802059228	0.366673953158452	6
0.0031665978000901	0.475356079313665	71
-0.060911334041387	0.24879326226229	71
0.03990725182122	0.751569273902215	71
-0.059768736330852	0.24915118819728	71
-0.06337193448173	0.251725171025196	71
0.00260166618848001	0.482983171513586	71
-0.06337193448173	0.251725171025196	71
-0.063864637384733	0.248516942959805	71
-0.063864637384733	0.248516942959805	71
-0.064184818666451	0.248202668593162	71
-0.06058666479856	0.249112320793435	143
-0.01972594299856	0.366783266803632	143
-0.067651077705109	0.244147812537135	143
-0.06058666479856	0.249112320793435	143
-0.063864637384733	0.248516942959805	143
-0.059768736330852	0.24915118819728	144
-0.020290500680645	0.366443091077846	422
-0.066991774198648	0.714716126112334	130
0.0651342388988301	1.01312734191365	130
-0.121896270100373	1.08372325491849	111
-0.118022981910848	0.563111059818534	111
-0.014440918834854	0.98287993845423	426
0.0483066968042101	0.860815744455203	11
-0.045111871445525	0.847726532009044	46
-0.0673753706613091	0.713295217622768	46
-0.075905320580133	0.940222689956793	914
-0.103707478423235	0.569409210532924	11
-0.064184818666451	0.248202668593162	87
-0.064184818666451	0.248202668593162	87
0.05040615519709	0.877058096743004	11
-0.064184818666451	0.248202668593162	68
0.00767477862087995	0.487789621394888	158
-0.062558574423391	0.247634103026872	158
-0.063050710959763	0.252050724097018	129
-0.010996987507142	0.37013610430479	129
-0.063050710959763	0.252050724097018	237
-0.06337193448173	0.251725171025196	237
0.00499246649183993	0.475418365328242	237
-0.063050710959763	0.252050724097018	71
-0.013796254009245	0.374239917977977	71
-0.064184818666451	0.248202668593162	93
-0.063050710959763	0.252050724097018	71
-0.064184818666451	0.248202668593162	315
-0.062236307052307	0.247947976840952	143
-0.06337193448173	0.251725171025196	143
-0.06337193448173	0.251725171025196	143
-0.0659992118023181	0.245267351805318	143
-0.063864637384733	0.248516942959805	143
-0.063050710959763	0.252050724097018	143
-0.063050710959763	0.252050724097018	143
-0.060094454979737	0.248831364854085	275
-0.06337193448173	0.251725171025196	382
-0.06337193448173	0.251725171025196	144
-0.062236307052307	0.247947976840952	144
-0.00685284755036297	0.365803712769797	144
-0.06337193448173	0.251725171025196	801
-0.062558574423391	0.247634103026872	144
-0.062558574423391	0.247634103026872	422
-0.108864836474243	1.10498956489098	111
-0.089724191236227	1.22755308582556	273
-0.1127147280825	0.819923306257233	11
0.0705233148689199	1.09479142989091	11
-0.040009245073048	0.847289749513007	11
0.0744152331091901	1.10371242456404	46
0.05468174728486	0.883606061481585	11
-0.10829999689777	0.576869907976066	11
0.00845161371226011	0.48529991152662	73
0.00788755005728992	0.484449459186858	158
0.00260166618848001	0.482983171513586	158
0.00048002831885996	0.471242688107209	124
-0.060911334041387	0.24879326226229	129
-0.010996987507142	0.37013610430479	129
-0.00166347528398902	0.477586917922281	237
-0.02134303369576	0.360168617390606	8
-0.06337193448173	0.251725171025196	1863
-0.06927156914138	0.244692088421178	1863
-0.060911334041387	0.24879326226229	2815
-0.062558574423391	0.247634103026872	71
-0.014847092696721	0.36904272807662	755
-0.013574614444501	0.357088586902501	71
-0.063050710959763	0.252050724097018	71
-0.060911334041387	0.24879326226229	71
-0.059768736330852	0.24915118819728	71
-0.06337193448173	0.251725171025196	315
-0.063050710959763	0.252050724097018	315
-0.063050710959763	0.252050724097018	143
-0.015407725249235	0.374612111450457	143
-0.06337193448173	0.251725171025196	143
-0.015407725249235	0.374612111450457	143
-0.027018889395382	0.348950003110945	275
-0.065185218463514	0.245307882708456	144
-0.064184818666451	0.248202668593162	801
-0.063050710959763	0.252050724097018	422
-0.06337193448173	0.251725171025196	422
-0.033618058092531	2.13089160387531	130
-0.101818756753604	2.33490473953991	35
0.0239145806890599	1.56200158004084	195
0.03588748804086	0.750721365893848	11
-0.048795210184344	1.07383865028684	11
0.03207621471612	0.729307043836389	914
0.05137205050905	0.88818394562128	914
-0.113198011556917	0.576600452937492	11
0.0321892095605401	0.714586482832289	87
-0.01565454339016	0.363482378748212	131
0.0681592551319601	1.09119937390844	743
-0.00883952835924096	0.969794543763627	68
-0.063050710959763	0.252050724097018	68
0.02487237034421	0.614620167845515	11
-0.011559321246277	0.375709692754845	158
-0.00166347528398902	0.477586917922281	124
-0.111120444107324	0.569444588192101	38
0.0279871806584899	0.727973939062408	124
0.00337885932323001	0.4839478351484	124
-0.020290500680645	0.366443091077846	124
0.00194763097309991	0.481455761041027	38
0.00555762051878994	0.48434826747026	1863
-0.064184818666451	0.248202668593162	6
-0.016775230989323	0.362275553909264	6
-0.011559321246277	0.375709692754845	2815
-0.067651077705109	0.244147812537135	71
-0.063050710959763	0.252050724097018	71
-0.064184818666451	0.248202668593162	71
-0.064184818666451	0.248202668593162	93
-0.059768736330852	0.24915118819728	335
-0.015968589076649	0.367797509628704	143
-0.068461558585642	0.248109641550082	622
-0.06337193448173	0.251725171025196	275
0.00203652309405999	0.482132580662537	275
-0.06337193448173	0.251725171025196	275
-0.06337193448173	0.251725171025196	144
-0.06337193448173	0.251725171025196	242
-0.111642590767539	2.08278638037922	165
-0.101923118858075	1.18967164676849	303
-0.073874159868905	0.715587915026612	303
-0.081353621949713	0.927445436214495	303
0.0533218043408099	1.85419240391355	130
-0.090025160402445	1.36039167089946	130
0.000905832655540006	1.58121693715253	130
-0.017861394256928	0.972320201606004	130
0.0514451428829801	1.32129138367937	130
-0.084281013192843	1.06984845903916	195
-0.0754034136933091	1.971647460467	195
0.11378217225417	1.57895678724464	127
-0.082247956626092	0.693340943147739	11
0.0282232594243601	1.22579593801836	11
0.05479301289086	0.861482148484593	11
0.0496703633451701	0.883552797040981	11
0.01996366179902	1.10625946398283	11
-0.113481031151155	0.55558602271307	87
-0.06337193448173	0.251725171025196	158
-0.0113104619411391	0.368812314185007	118
-0.068461558585642	0.248109641550082	158
-0.063050710959763	0.252050724097018	237
-0.064184818666451	0.248202668593162	1863
0.0018238019238801	0.479769479714341	6
-0.062236307052307	0.247947976840952	6
-0.010996987507142	0.37013610430479	71
-0.063050710959763	0.252050724097018	71
-0.063050710959763	0.252050724097018	71
-0.063050710959763	0.252050724097018	2161
-0.062236307052307	0.247947976840952	93
-0.063050710959763	0.252050724097018	93
-0.016775230989323	0.362275553909264	93
-0.06337193448173	0.251725171025196	143
-0.06337193448173	0.251725171025196	143
-0.06337193448173	0.251725171025196	275
-0.06337193448173	0.251725171025196	275
-0.062558574423391	0.247634103026872	768
-0.082456162189004	1.12336696917236	165
-0.10126622231678	2.24402620977019	130
-0.12233492804575	0.802131158695603	130
-0.0399065983692219	0.854305112867243	130
-0.03711751689566	1.69069046519653	130
0.0175835713950401	1.390816795515	195
-0.082630725531973	0.698950757913814	195
-0.017201202128355	1.25958402682915	11
0.0594372651181201	1.01763190483107	11
-0.046935950329757	0.848011838437607	11
0.0229870295933501	0.602686113615037	73
0.0215543539930501	0.600574495216401	73
-0.062236307052307	0.247947976840952	118
-0.063050710959763	0.252050724097018	118
-0.064184818666451	0.248202668593162	158
-0.063050710959763	0.252050724097018	38
-0.064184818666451	0.248202668593162	38
-0.060911334041387	0.24879326226229	38
-0.060094454979737	0.248831364854085	38
-0.063050710959763	0.252050724097018	129
0.00260166618848001	0.482983171513586	129
-0.062236307052307	0.247947976840952	6
-0.014601551030983	0.375791928593149	6
-0.063050710959763	0.252050724097018	6
-0.060911334041387	0.24879326226229	2815
-0.059768736330852	0.24915118819728	71
-0.057282819831269	0.243626507748643	71
0.0230494853880501	0.600634486717972	71
-0.015407725249235	0.374612111450457	71
-0.064184818666451	0.248202668593162	71
-0.064184818666451	0.248202668593162	93
-0.063864637384733	0.248516942959805	335
-0.063050710959763	0.252050724097018	143
-0.059768736330852	0.24915118819728	143
-0.067651077705109	0.244147812537135	143
-0.062236307052307	0.247947976840952	143
-0.060094454979737	0.248831364854085	275
-0.015968589076649	0.367797509628704	275
-0.068461558585642	0.248109641550082	242
-0.01974859337087	0.952786025096656	303
0.12458622642192	1.66541324870902	130
-0.100021714601195	1.3068250198586	130
-0.098983286763852	1.02885272253067	130
-0.113807840702492	0.810732975634556	130
-0.111143281610959	0.826301549294193	130
-0.118713086895286	0.806382810144777	130
-0.122245195119969	1.8368353765549	651
-0.013571384204477	0.964487664397664	195
0.0352779365981599	0.744244325489695	111
-0.035256078269742	1.61002948800231	111
-0.095791738001718	1.29105256135137	11
0.06332172232221	1.99055701347627	11
-0.105898681125292	0.579368357893281	11
-0.063050710959763	0.252050724097018	87
-0.010747801325494	0.37562194001783	87
-0.11452995354994	0.564200087408602	131
0.06581957026749	1.01441532446159	131
-0.117216622300766	0.564812810137303	743
0.00716037077005005	0.472808036889522	73
0.00203652309405999	0.482132580662537	158
-0.068461558585642	0.248109641550082	158
-0.063050710959763	0.252050724097018	158
0.000505488824990019	0.468324449883003	2445
0.00472021148483992	0.475342446902082	38
-0.06337193448173	0.251725171025196	1863
-0.062558574423391	0.247634103026872	6
-0.06337193448173	0.251725171025196	2815
0.0212500710722401	0.593523102210172	71
-0.06337193448173	0.251725171025196	71
-0.011559321246277	0.375709692754845	71
-0.065185218463514	0.245307882708456	71
-0.014847092696721	0.36904272807662	71
-0.063050710959763	0.252050724097018	93
-0.059768736330852	0.24915118819728	71
-0.064184818666451	0.248202668593162	335
-0.062558574423391	0.247634103026872	143
-0.062558574423391	0.247634103026872	2378
-0.064184818666451	0.248202668593162	242
-0.00433607035072703	2.00795233954769	303
-0.0579096309100841	1.05188321950794	130
-0.0729057277330431	0.946227478295388	130
-0.00863775990703697	0.979025186931244	130
0.0317030948274399	1.20689562971573	130
0.0203935404511899	0.608228281592439	195
-0.074523796414872	2.13654939214081	195
-0.011559321246277	0.375709692754845	273
-0.06927156914138	0.244692088421178	447
-0.018607004792079	0.947923494210483	11
0.0597845270142501	1.01665584851244	11
0.0256635753294701	0.614655648082237	11
-0.079346595712083	0.695217534240942	11
-0.013796254009245	0.374239917977977	87
0.08101587442971	1.14779709609032	11
-0.118624223900597	0.56431532903668	38
-0.064184818666451	0.248202668593162	38
0.00302507720773004	0.473243084970773	2445
-0.015162819971306	0.368930251863414	6
-0.06337193448173	0.251725171025196	6
0.00120987933622008	0.456715671073329	2815
-0.015407725249235	0.374612111450457	71
-0.063864637384733	0.248516942959805	71
-0.00937275005210902	0.365436274765583	71
-0.068461558585642	0.248109641550082	71
-0.057612008947302	0.243320900521788	335
-0.063864637384733	0.248516942959805	143
-0.062236307052307	0.247947976840952	144
-0.063864637384733	0.248516942959805	275
-0.057282819831269	0.243626507748643	275
-0.063050710959763	0.252050724097018	144
-0.06058666479856	0.249112320793435	264
0.02911397339121	1.20628958799627	303
0.11782611549713	1.46196040340091	130
0.06373407508297	1.01725979504148	130
0.12479952148214	1.79938449982766	130
-0.114292819772149	2.09077908943262	130
-0.093760822960804	1.78787209414755	111
-0.01288119065629	1.91813882083305	111
0.11020935876496	1.57466829412894	11
-0.065185218463514	0.245307882708456	87
-0.075204223580246	0.701044637232552	743
-0.06337193448173	0.251725171025196	38
-0.06337193448173	0.251725171025196	38
-0.00244286975242403	0.476636030622947	38
-0.057282819831269	0.243626507748643	8
-0.06337193448173	0.251725171025196	1863
-0.06337193448173	0.251725171025196	208
-0.063864637384733	0.248516942959805	71
-0.0659992118023181	0.245267351805318	71
-0.064184818666451	0.248202668593162	71
-0.015968589076649	0.367797509628704	71
-0.064184818666451	0.248202668593162	71
-0.06337193448173	0.251725171025196	71
-0.014601551030983	0.375791928593149	93
-0.06337193448173	0.251725171025196	335
-0.062236307052307	0.247947976840952	335
-0.062236307052307	0.247947976840952	143
-0.064184818666451	0.248202668593162	143
-0.06337193448173	0.251725171025196	275
0.0372866368356799	1.29362789204196	130
0.03913895883103	0.731266724426444	474
-0.116098357307045	1.53261451934418	130
0.0691411701495701	2.06626499954524	130
0.12259484466227	1.61040543420828	651
-0.044306962173871	2.39008193566322	195
-0.116806846663935	0.561560655739399	111
-0.117613627103904	0.563019396622119	111
0.0571165789819701	0.880483144948946	111
0.0532193135029799	1.32943694462976	111
0.00493121949831998	0.4797650645224	323
-0.073492868210994	0.709423476791571	447
-0.06058666479856	0.249112320793435	87
0.00710993469046994	0.486928562916366	288
0.02820616033542	0.732737804205225	743
-0.014847092696721	0.36904272807662	38
-0.012121887659061	0.368886497246459	1863
-0.06337193448173	0.251725171025196	1863
-0.06337193448173	0.251725171025196	208
-0.068461558585642	0.248109641550082	71
-0.010747801325494	0.37562194001783	93
-0.0659992118023181	0.245267351805318	71
-0.015162819971306	0.368930251863414	71
-0.012121887659061	0.368886497246459	71
-0.06337193448173	0.251725171025196	71
-0.060094454979737	0.248831364854085	93
-0.06927156914138	0.244692088421178	220
-0.068461558585642	0.248109641550082	275
-0.063864637384733	0.248516942959805	422
0.00158530493840003	1.37981164613723	303
0.0492444516436501	2.23660694259795	651
-0.071541116310285	0.711167816132052	111
-0.024612758083267	0.353777702026822	127
-0.051916919984434	1.25753961174183	11
-0.123172434823314	0.920492522708223	250
0.0603398929693799	1.01995754060231	27
-0.070267559202764	0.714379120791644	914
-0.00243712402679197	1.05757315345087	914
-0.0113104619411391	0.368812314185007	87
-0.073730540397434	0.693507414164409	131
0.02350516387716	0.613901700970229	131
-0.110112774452011	0.580603595945207	131
-0.0703570578178681	0.710783003589882	131
0.00224845991010003	0.474180651822615	131
0.00394374180763002	0.476290650027989	11
0.0316381978320901	0.732855288027747	73
-0.0113104619411391	0.368812314185007	2399
0.02711359131616	0.606800222953852	38
-0.085654520588643	0.678569188138851	108
-0.06337193448173	0.251725171025196	1510
-0.063050710959763	0.252050724097018	38
-0.064184818666451	0.248202668593162	1863
0.00260166618848001	0.482983171513586	71
-0.063864637384733	0.248516942959805	71
-0.063864637384733	0.248516942959805	71
-0.06337193448173	0.251725171025196	220
-0.062236307052307	0.247947976840952	57
-0.06337193448173	0.251725171025196	143
-0.015968589076649	0.367797509628704	143
-0.062236307052307	0.247947976840952	144
-0.060094454979737	0.248831364854085	264
-0.115190920751568	0.796946336167033	130
0.0639504208828101	1.01051867921622	130
-0.021839933273851	0.962854972519882	130
-0.073643267804502	1.52601160384086	474
-0.05665946451222	1.85523759902729	651
0.0759991202652299	1.01864566883813	893
-0.111568936671397	0.998567504019448	983
-0.045885551735093	0.83290375933713	447
-0.113512565499179	1.28079131200077	447
-0.070784111978529	0.944322424087326	27
-0.050376309866024	0.831268314313539	27
-0.114036975973505	0.818085473984286	914
-0.071748313712381	0.713720507519504	11
0.00302507720773004	0.473243084970773	87
-0.015043773016491	0.362117395157622	87
0.01938925710308	0.606835697264097	131
-0.014847092696721	0.36904272807662	73
0.00260166618848001	0.482983171513586	73
-0.011559321246277	0.375709692754845	108
-0.063050710959763	0.252050724097018	1676
-0.060094454979737	0.248831364854085	6
-0.06058666479856	0.249112320793435	71
-0.06337193448173	0.251725171025196	71
-0.015849802059228	0.366673953158452	93
-0.062558574423391	0.247634103026872	93
-0.059768736330852	0.24915118819728	335
-0.06337193448173	0.251725171025196	335
-0.06337193448173	0.251725171025196	335
-0.063050710959763	0.252050724097018	455
-0.063864637384733	0.248516942959805	143
-0.064184818666451	0.248202668593162	144
-0.060911334041387	0.24879326226229	144
-0.06337193448173	0.251725171025196	264
-0.06337193448173	0.251725171025196	422
0.03761491424383	0.706765512256405	303
0.0304991361921501	0.594446481256581	1965
-0.111311983512601	0.574785709956826	130
0.08327543656406	1.13829647311727	474
-0.048599355879879	0.835518636278736	651
0.1245849735104	1.68727548653707	111
-0.00396340777165805	1.30531372903845	983
-0.117292564567894	0.817059398867964	983
-0.010996987507142	0.37013610430479	1293
-0.060094454979737	0.248831364854085	1293
-0.00519122082678702	0.981248453228993	11
-0.015407725249235	0.374612111450457	27
-0.001427582238546	0.470230483315537	11
-0.062236307052307	0.247947976840952	125
-0.06058666479856	0.249112320793435	87
-0.068461558585642	0.248109641550082	131
-0.062236307052307	0.247947976840952	131
-0.015968589076649	0.367797509628704	73
-0.063050710959763	0.252050724097018	73
-0.064184818666451	0.248202668593162	108
-0.060094454979737	0.248831364854085	108
-0.062558574423391	0.247634103026872	108
-0.059768736330852	0.24915118819728	8
-0.064184818666451	0.248202668593162	6
-0.060094454979737	0.248831364854085	6
-0.060911334041387	0.24879326226229	71
-0.064184818666451	0.248202668593162	93
-0.062236307052307	0.247947976840952	71
-0.063050710959763	0.252050724097018	93
-0.062558574423391	0.247634103026872	93
-0.063864637384733	0.248516942959805	335
-0.06337193448173	0.251725171025196	264
0.0737883982077801	1.01726147118546	165
-0.111584428565642	0.572999838415791	165
-0.077206407018379	1.14743330855473	303
-0.011559321246277	0.375709692754845	1965
-0.059768736330852	0.24915118819728	303
0.00260166618848001	0.482983171513586	1591
0.00710993469046994	0.486928562916366	474
0.00415537815398004	0.482946202618562	474
-0.102436351326141	0.55743365754398	35
-0.00821860709122801	0.977581138442673	651
-0.050013923558002	0.831281886454073	651
-0.116204513286125	0.564653711048975	195
0.00555762051878994	0.48434826747026	195
-0.09725053590359	1.01884036292754	195
0.075234865141	1.14031362979455	111
-0.106904197298467	0.578018707124694	111
-0.120524913607668	0.808001835046335	111
-0.06058666479856	0.249112320793435	111
0.00125860967541991	0.478929450611341	111
0.00633411963970998	0.486910098036899	111
0.02487237034421	0.614620167845515	111
0.0175779389878701	0.598051372992414	111
0.00499273529976008	0.466392738304132	11
-0.014601551030983	0.375791928593149	250
-0.06337193448173	0.251725171025196	27
-0.01972594299856	0.366783266803632	27
-0.007665078827225	0.369030086928343	27
0.00845161371226011	0.48529991152662	914
-0.068461558585642	0.248109641550082	11
0.00689901290568007	0.487772154230679	11
-0.060911334041387	0.24879326226229	11
-0.064184818666451	0.248202668593162	108
-0.060911334041387	0.24879326226229	108
-0.062236307052307	0.247947976840952	108
-0.06337193448173	0.251725171025196	108
-0.059768736330852	0.24915118819728	1337
-0.011559321246277	0.375709692754845	8
-0.063050710959763	0.252050724097018	71
-0.06337193448173	0.251725171025196	93
-0.062236307052307	0.247947976840952	93
-0.101885509954921	1.3556255724085	165
-0.057282819831269	0.243626507748643	303
-0.063864637384733	0.248516942959805	1965
-0.068461558585642	0.248109641550082	63
-0.015162819971306	0.368930251863414	130
-0.0113104619411391	0.368812314185007	1591
0.00633411963970998	0.486910098036899	1591
-0.063050710959763	0.252050724097018	1701
-0.06337193448173	0.251725171025196	474
-0.044368529414992	0.837754535306854	35
0.00415537815398004	0.482946202618562	35
0.0517656776433699	0.879263623676848	651
-0.064184818666451	0.248202668593162	893
0.0031665978000901	0.475356079313665	111
-0.062236307052307	0.247947976840952	1368
-0.063864637384733	0.248516942959805	1368
-0.063050710959763	0.252050724097018	250
-0.06927156914138	0.244692088421178	914
-0.06058666479856	0.249112320793435	11
-0.062236307052307	0.247947976840952	131
-0.063050710959763	0.252050724097018	73
-0.062558574423391	0.247634103026872	73
-0.068461558585642	0.248109641550082	8
-0.06337193448173	0.251725171025196	71
-0.065185218463514	0.245307882708456	1195
0.00633411963970998	0.486910098036899	165
-0.021098841452168	0.365314824962889	303
-0.015407725249235	0.374612111450457	303
-0.06058666479856	0.249112320793435	130
-0.06337193448173	0.251725171025196	130
-0.010185366198267	0.370060244008601	1591
-0.063050710959763	0.252050724097018	1591
-0.016214771709664	0.368826913345635	1701
-0.063050710959763	0.252050724097018	130
-0.116709560057718	0.550536546645224	474
-0.06058666479856	0.249112320793435	651
0.00576901497540994	0.477870986218318	651
-0.063050710959763	0.252050724097018	195
-0.010747801325494	0.37562194001783	195
-0.060911334041387	0.24879326226229	983
-0.011559321246277	0.375709692754845	111
-0.014601551030983	0.375791928593149	111
-0.062558574423391	0.247634103026872	111
-0.062236307052307	0.247947976840952	1685
-0.063050710959763	0.252050724097018	273
-0.0659992118023181	0.245267351805318	1368
-0.06058666479856	0.249112320793435	11
-0.062236307052307	0.247947976840952	250
-0.06927156914138	0.244692088421178	913
0.01070192654105	0.479315782088866	11
-0.0180306885927221	0.361678662550968	11
-0.06058666479856	0.249112320793435	1234
-0.06337193448173	0.251725171025196	2827
-0.068461558585642	0.248109641550082	73
-0.086749754720986	1.25174762948241	63
-0.062558574423391	0.247634103026872	658
-0.022345980163063	0.355118536757327	658
-0.00847853869838899	0.365465669998012	165
-0.06337193448173	0.251725171025196	165
-0.015968589076649	0.367797509628704	1155
-0.059768736330852	0.24915118819728	130
-0.06337193448173	0.251725171025196	130
-0.064184818666451	0.248202668593162	130
-0.063050710959763	0.252050724097018	35
-0.06337193448173	0.251725171025196	35
-0.063050710959763	0.252050724097018	651
-0.063050710959763	0.252050724097018	195
-0.060094454979737	0.248831364854085	195
-0.063050710959763	0.252050724097018	195
-0.060094454979737	0.248831364854085	195
-0.060094454979737	0.248831364854085	195
-0.063864637384733	0.248516942959805	195
-0.013796254009245	0.374239917977977	111
-0.0659992118023181	0.245267351805318	11
-0.051002719369456	0.829715358184853	658
-0.007665078827225	0.369030086928343	130
-0.034524840575678	0.8506136487925	130
-0.00652447080601104	1.32609351214936	35
0.0974714550625999	1.35382346787997	35
-0.105500554576065	0.577638636283058	651
0.0631764138104101	1.02799350065274	195
0.04080029507989	1.19607593979771	111
-0.015619644355063	0.987186705976561	111
-0.00791554495459601	0.360329176121624	111
-0.113931286540549	0.568764388230666	111
0.02009932648778	0.604952093835729	894
-0.064184818666451	0.248202668593162	1368
-0.060094454979737	0.248831364854085	1368
0.0413451128590001	0.751684746218672	204
-0.0113104619411391	0.368812314185007	250
-0.015609723265355	0.361785162446201	27
0.03793378667281	0.748283672469665	27
0.00394374180763002	0.476290650027989	574
-0.00300948850945904	0.470211925284188	11
0.00337885932323001	0.4839478351484	36
-0.06337193448173	0.251725171025196	73
-0.06337193448173	0.251725171025196	73
-0.063864637384733	0.248516942959805	73
-0.062236307052307	0.247947976840952	108
-0.063864637384733	0.248516942959805	108
-0.06337193448173	0.251725171025196	1099
-0.06337193448173	0.251725171025196	1099
-0.06337193448173	0.251725171025196	57
-0.063864637384733	0.248516942959805	57
0.0603398929693799	1.01995754060231	130
0.08429396731062	1.63077190665548	130
0.0787065659252499	1.13150754503169	130
-0.083304258741138	0.936126436266516	195
-0.109670519984528	0.826913740215982	111
-0.07991226876752	0.926439471652977	894
0.0434210880480199	0.865697678133295	27
-0.105898681125292	0.579368357893281	11
-0.0135539200221591	0.36202414392691	1288
-0.06337193448173	0.251725171025196	73
-0.0746397670785069	0.931227099427148	73
0.0342886533037801	0.735078750534481	73
0.0284822596307299	0.611748319284534	119
-0.017465568533963	0.362011295139561	73
-0.063050710959763	0.252050724097018	73
0.00359033344675996	0.482097844754184	108
-0.119225721533004	0.561213877650743	8
-0.06058666479856	0.249112320793435	6
-0.010747801325494	0.37562194001783	389
-0.062236307052307	0.247947976840952	389
-0.060094454979737	0.248831364854085	21
-0.063050710959763	0.252050724097018	57
-0.067651077705109	0.244147812537135	57
-0.062236307052307	0.247947976840952	57
-0.064184818666451	0.248202668593162	455
-0.063050710959763	0.252050724097018	2311
-0.06337193448173	0.251725171025196	1406
0.03241014734118	1.60086753882718	130
-0.108118780603002	0.996617149100576	195
-0.077931879533892	1.13983408654198	947
0.11115735325631	1.46854933552492	111
0.0909160062216099	1.13153152568997	11
0.06588851276222	1.03170395446367	11
-0.111406966681636	0.574452856723041	125
-0.025413562035694	0.355107439479372	369
0.00224845991010003	0.474180651822615	36
0.0265351992791101	0.595296241798001	131
-0.0113104619411391	0.368812314185007	73
0.0304300491562901	0.599042225596973	73
0.02724765637636	0.607565859178031	73
-0.013234811295878	0.368702668266516	73
0.00114609142745992	0.478921664228091	108
-0.01972594299856	0.366783266803632	108
-0.06337193448173	0.251725171025196	108
-0.06337193448173	0.251725171025196	8
-0.013796254009245	0.374239917977977	98
-0.015968589076649	0.367797509628704	6
-0.062236307052307	0.247947976840952	6
-0.063864637384733	0.248516942959805	208
-0.059768736330852	0.24915118819728	1017
-0.060911334041387	0.24879326226229	93
-0.0113104619411391	0.368812314185007	57
-0.06337193448173	0.251725171025196	57
-0.059768736330852	0.24915118819728	1045
-0.06337193448173	0.251725171025196	1045
-0.063864637384733	0.248516942959805	455
-0.067651077705109	0.244147812537135	455
-0.063050710959763	0.252050724097018	61
-0.062236307052307	0.247947976840952	816
-0.062558574423391	0.247634103026872	1406
-0.048676169977257	0.818958593910111	130
-0.074348788907006	0.706372312253049	130
-0.110896917031504	0.996795514650243	130
-0.107291246071028	1.60775073369372	130
0.05444895279314	0.886985510500326	130
0.0872734217053901	1.29656358945831	130
-0.00680885573037304	1.53092911406412	111
-0.081454218108405	1.4676788791571	111
0.0459393490865301	1.1835363764101	111
0.00281376540922995	0.483094799170805	11
0.06283003637399	1.01606473940639	11
-0.033071650451024	1.15798576493856	11
0.10736200756367	1.47847832957771	204
0.0837945777255	1.11392102612783	11
-0.112615049249774	0.561139372721083	27
-0.07468233085299	0.692551831084006	27
-0.00109785303634502	0.472212772979448	369
-0.0113104619411391	0.368812314185007	369
-0.109513550982378	0.577894080505482	131
-0.0113104619411391	0.368812314185007	73
0.00845161371226011	0.48529991152662	73
-0.010996987507142	0.37013610430479	73
-0.112116252289781	0.559636395947343	73
0.00555762051878994	0.48434826747026	108
-0.06337193448173	0.251725171025196	108
-0.011559321246277	0.375709692754845	108
-0.015407725249235	0.374612111450457	108
-0.014040513680908	0.370182885853567	108
-0.01972594299856	0.366783266803632	8
-0.014601551030983	0.375791928593149	8
-0.067651077705109	0.244147812537135	1783
-0.060911334041387	0.24879326226229	6
-0.062558574423391	0.247634103026872	208
-0.063864637384733	0.248516942959805	21
-0.06337193448173	0.251725171025196	93
-0.063864637384733	0.248516942959805	57
-0.063864637384733	0.248516942959805	57
-0.064184818666451	0.248202668593162	57
-0.062558574423391	0.247634103026872	57
-0.063050710959763	0.252050724097018	57
-0.062236307052307	0.247947976840952	647
-0.064184818666451	0.248202668593162	455
-0.064184818666451	0.248202668593162	144
0.000661445530010019	1.36210437463624	130
0.08416431597448	1.97963801535464	130
0.0848064088995599	1.63454151049597	195
-0.015677129712113	1.98718247174147	111
-0.014140853438565	0.356764019608497	11
-0.074756933392525	0.959158643707034	11
-0.1043757010423	0.824867892795816	204
-0.001427582238546	0.470230483315537	73
0.0061225630939401	0.485202045359872	73
-0.014601551030983	0.375791928593149	108
0.01126603098318	0.480144308280224	108
-0.010996987507142	0.37013610430479	108
-0.063050710959763	0.252050724097018	108
-0.060094454979737	0.248831364854085	208
-0.063864637384733	0.248516942959805	208
-0.064184818666451	0.248202668593162	208
-0.068461558585642	0.248109641550082	21
-0.063050710959763	0.252050724097018	958
-0.062236307052307	0.247947976840952	93
-0.064184818666451	0.248202668593162	57
-0.062236307052307	0.247947976840952	57
-0.068461558585642	0.248109641550082	57
-0.063050710959763	0.252050724097018	17
-0.063050710959763	0.252050724097018	17
-0.118041068933095	1.86429300264273	35
-0.075893079942822	1.14405701292973	983
-0.022730798564797	0.919762307681867	204
-0.010609657407067	0.962529859261007	2711
-0.00669699037827498	0.98007434466831	27
-0.075586065684243	0.711446691154824	27
0.0242955289820099	0.616215651543523	73
0.0203140262552199	0.602348642368222	36
-0.013796254009245	0.374239917977977	108
-0.013234811295878	0.368702668266516	108
-0.062558574423391	0.247634103026872	842
0.00337885932323001	0.4839478351484	98
-0.0113104619411391	0.368812314185007	98
0.00238878263638997	0.472267485660674	98
-0.00187646353725401	0.471283713101368	208
-0.021907245776903	0.359837676014412	208
-0.068461558585642	0.248109641550082	93
-0.014601551030983	0.375791928593149	126
-0.060911334041387	0.24879326226229	57
-0.014847092696721	0.36904272807662	57
0.02076138565696	0.60051462115845	57
-0.021098841452168	0.365314824962889	444
-0.06337193448173	0.251725171025196	444
-0.062236307052307	0.247947976840952	1049
0.01102755620825	0.471237494290958	627
-0.063050710959763	0.252050724097018	408
-0.030912481672133	2.06052383409762	130
-0.025780948050513	1.83758524149693	130
-0.034058137103656	1.59025080096998	35
-0.113169705755589	1.60818830618213	35
-0.112805176136227	1.7930411306988	195
0.0620519470504199	1.75627557389246	111
-0.107415329271514	0.57022135566435	2711
-0.069025650319202	0.716043969556087	27
-0.047278243155326	0.810060026329322	369
-0.06337193448173	0.251725171025196	73
0.01952359851583	0.601400696254642	73
-0.060911334041387	0.24879326226229	73
0.000580213290600096	0.472460300411501	108
-0.063864637384733	0.248516942959805	108
-0.057282819831269	0.243626507748643	505
0.00689901290568007	0.487772154230679	842
-0.064184818666451	0.248202668593162	842
-0.064184818666451	0.248202668593162	6
-0.063050710959763	0.252050724097018	6
-0.06337193448173	0.251725171025196	21
-0.064184818666451	0.248202668593162	21
-0.015162819971306	0.368930251863414	93
-0.063050710959763	0.252050724097018	93
-0.068461558585642	0.248109641550082	6
0.00633411963970998	0.486910098036899	93
-0.062558574423391	0.247634103026872	93
-0.064184818666451	0.248202668593162	126
-0.06337193448173	0.251725171025196	126
-0.01435792862882	0.367461216941546	57
-0.064184818666451	0.248202668593162	57
-0.06337193448173	0.251725171025196	57
-0.059768736330852	0.24915118819728	985
-0.062558574423391	0.247634103026872	57
-0.060094454979737	0.248831364854085	57
-0.063050710959763	0.252050724097018	57
-0.063050710959763	0.252050724097018	57
-0.063864637384733	0.248516942959805	1192
-0.064184818666451	0.248202668593162	17
-0.06927156914138	0.244692088421178	627
-0.058422891915365	1.42988251798867	130
-0.119471261543483	1.61055388264227	130
0.04027086780236	1.62600323870902	130
-0.0813314182842571	1.86399456752184	195
-0.111276228290183	1.11838179827098	111
-0.017348759699204	1.23757984148207	111
-0.000329426196932991	1.06828443048627	11
-0.119204634574047	0.814272269127365	2711
-0.103437625436588	0.562886350610256	27
0.00415537815398004	0.482946202618562	369
0.00260166618848001	0.482983171513586	406
-0.09911898124184	0.56035998075672	73
0.0310300675023301	0.73152499628637	73
-0.014140853438565	0.356764019608497	73
-0.018918546932261	0.365330461702992	108
-0.01972594299856	0.366783266803632	505
-0.062236307052307	0.247947976840952	842
-0.00993545917815397	0.370795837835066	6
-0.064184818666451	0.248202668593162	21
-0.06337193448173	0.251725171025196	1962
-0.06337193448173	0.251725171025196	126
-0.06337193448173	0.251725171025196	51
-0.062558574423391	0.247634103026872	51
-0.063050710959763	0.252050724097018	1240
-0.015162819971306	0.368930251863414	985
-0.068461558585642	0.248109641550082	57
-0.065185218463514	0.245307882708456	1735
-0.063864637384733	0.248516942959805	1049
0.06033119085247	1.90892928540688	195
-0.107904744617639	0.578068137619514	111
0.11426183822179	1.47300667680635	11
0.0906072655533201	1.24618739649318	204
-0.113053822773795	0.827700396413944	204
0.0167017025207901	1.10377990356053	204
0.0645109879600601	1.01116531394542	27
-0.07473035604801	0.714552043070034	27
0.0216813102987601	0.605000980815751	27
-0.015407725249235	0.374612111450457	369
-0.118022981910848	0.563111059818534	36
0.02052848681269	0.590092081938249	73
0.00147116836126004	0.473251643070176	842
-0.063050710959763	0.252050724097018	98
-0.063864637384733	0.248516942959805	6
-0.062558574423391	0.247634103026872	93
-0.06058666479856	0.249112320793435	1962
-0.064184818666451	0.248202668593162	126
-0.063050710959763	0.252050724097018	57
-0.06058666479856	0.249112320793435	229
-0.060911334041387	0.24879326226229	229
-0.063050710959763	0.252050724097018	1728
0.11022277615336	1.48149480965598	130
0.05886423086897	1.88239582665632	130
-0.039520871182313	0.845999838251744	130
0.0462452301592899	2.1376446404696	111
-0.039000997986029	0.848798287193226	11
-0.090394961480574	1.21900657128472	2711
-0.044081440911281	1.08186130029343	27
-0.115538548012071	0.563597894535064	369
-0.079819938511041	0.68849912856977	36
-0.112322081306381	0.567344755567666	73
-0.013796254009245	0.374239917977977	73
0.00194763097309991	0.481455761041027	108
-0.113332872893189	0.569796657798686	108
-0.06058666479856	0.249112320793435	505
-0.063864637384733	0.248516942959805	21
-0.021098841452168	0.365314824962889	93
-0.020534558804063	0.365653528734353	126
-0.06337193448173	0.251725171025196	1240
-0.01435792862882	0.367461216941546	57
-0.064184818666451	0.248202668593162	985
-0.063050710959763	0.252050724097018	57
-0.067651077705109	0.244147812537135	61
-0.062558574423391	0.247634103026872	1049
-0.052345843758315	1.03740654750656	63
0.08076703667434	1.13100582388867	130
0.01328854380461	1.11486235962514	546
0.00792252718288999	1.08920088759487	651
-0.017545065165913	0.948562768521536	195
0.0324656384440201	0.735861805495666	7
-0.07115522887103	0.943700336589107	111
-0.06337193448173	0.251725171025196	11
-0.095826710102145	1.04612385942762	204
0.0997383874036	1.3720645217075	27
0.08070951039576	1.15732864883671	27
0.0291122250317799	0.586906410034676	406
0.00555762051878994	0.48434826747026	73
-0.117613627103904	0.563019396622119	73
-0.109908644960058	0.580558450510033	73
0.0219261037011	0.59810289204564	73
0.0105358164165299	0.45713227495465	515
-0.012366011101711	0.370718641089762	1831
-0.015162819971306	0.368930251863414	358
-0.013796254009245	0.374239917977977	505
-0.015407725249235	0.374612111450457	951
-0.014601551030983	0.375791928593149	6
-0.06337193448173	0.251725171025196	6
-0.064184818666451	0.248202668593162	6
-0.068461558585642	0.248109641550082	6
-0.013796254009245	0.374239917977977	6
-0.063864637384733	0.248516942959805	6
-0.011559321246277	0.375709692754845	6
-0.064184818666451	0.248202668593162	6
-0.011559321246277	0.375709692754845	1099
0.01102755620825	0.471237494290958	6
-0.068461558585642	0.248109641550082	6
-0.063050710959763	0.252050724097018	985
-0.06337193448173	0.251725171025196	1673
-0.06337193448173	0.251725171025196	229
-0.06058666479856	0.249112320793435	1728
-0.059768736330852	0.24915118819728	17
-0.063864637384733	0.248516942959805	678
-0.0709761032431671	0.715439241927223	130
0.0818910307713301	1.69683814278462	130
0.0333554634142901	1.90033365959203	546
0.0552880806403799	1.43992394795117	195
-0.080834068088214	1.69863091791795	111
-0.029477918282912	1.4321025369041	7
0.0437637854273001	0.877376867218422	111
0.06320129993667	0.979742761186716	111
-0.080597116391694	0.935905273226991	11
0.05309251702959	1.43907196605373	2711
-0.06058666479856	0.249112320793435	369
-0.062558574423391	0.247634103026872	73
-0.112211446006589	0.569541604341421	73
-0.015162819971306	0.368930251863414	108
-0.00628930365803404	0.360669674606016	108
-0.067651077705109	0.244147812537135	108
0.00989958956300008	0.477748807228473	108
-0.011559321246277	0.375709692754845	6
-0.015407725249235	0.374612111450457	6
0.0018238019238801	0.479769479714341	6
-0.015849802059228	0.366673953158452	6
-0.063050710959763	0.252050724097018	285
-0.06337193448173	0.251725171025196	285
-0.063050710959763	0.252050724097018	6
-0.014601551030983	0.375791928593149	6
-0.063864637384733	0.248516942959805	1240
-0.06337193448173	0.251725171025196	1673
-0.063050710959763	0.252050724097018	1673
-0.063050710959763	0.252050724097018	57
-0.060911334041387	0.24879326226229	229
-0.06337193448173	0.251725171025196	1000
-0.063050710959763	0.252050724097018	1112
-0.063050710959763	0.252050724097018	678
-0.064184818666451	0.248202668593162	678
-0.062236307052307	0.247947976840952	678
-0.114575385218656	0.966708830797467	130
-0.07042272767566	1.15660260664877	130
-0.015790476225099	1.47998469857039	983
-0.062236307052307	0.247947976840952	111
-0.01242999051219	0.363226600802154	11
0.0473545902407	0.88442736400174	27
-0.068055233079712	0.957857994910709	27
-0.046673103004187	1.06263588932288	27
0.07942600548419	1.10560811310786	369
-0.111515380645615	0.576516654774689	36
-0.115096246835966	0.557267684706794	73
0.00224845991010003	0.474180651822615	73
-0.014847092696721	0.36904272807662	73
-0.107699683224001	0.577925025102366	73
-0.015849802059228	0.366673953158452	108
-0.108386198598027	0.573618907958307	951
-0.014847092696721	0.36904272807662	6
-0.063050710959763	0.252050724097018	6
-0.00904175842463895	0.359151744703211	285
-0.060911334041387	0.24879326226229	285
-0.062236307052307	0.247947976840952	285
-0.063864637384733	0.248516942959805	285
-0.011559321246277	0.375709692754845	522
-0.06337193448173	0.251725171025196	1216
-0.060911334041387	0.24879326226229	51
-0.064184818666451	0.248202668593162	57
-0.063050710959763	0.252050724097018	1673
-0.059768736330852	0.24915118819728	1192
-0.0659992118023181	0.245267351805318	229
-0.06337193448173	0.251725171025196	229
-0.062558574423391	0.247634103026872	1000
-0.06337193448173	0.251725171025196	1112
-0.11561477833019	0.567085725490189	130
0.0462607924677501	0.835339021725035	130
0.0332385750617299	0.599760855663537	7
-0.047040115203404	0.840114181712527	11
0.0243605957444799	0.604952229999684	1904
-0.086684728417499	0.915934854639075	11
0.05025987459035	1.32803155361878	2711
-0.015968589076649	0.367797509628704	466
-0.113520783036843	0.552059937687159	73
-0.01972594299856	0.366783266803632	73
0.0324523090786799	0.744684611038323	73
0.0181580512213999	0.587220651083953	36
0.00633411963970998	0.486910098036899	73
-0.062236307052307	0.247947976840952	505
-0.063050710959763	0.252050724097018	505
-0.063050710959763	0.252050724097018	1930
-0.063050710959763	0.252050724097018	8
-0.063050710959763	0.252050724097018	6
-0.06337193448173	0.251725171025196	6
-0.060911334041387	0.24879326226229	168
-0.06337193448173	0.251725171025196	285
-0.013796254009245	0.374239917977977	6
-0.062558574423391	0.247634103026872	1296
-0.021098841452168	0.365314824962889	1216
-0.064184818666451	0.248202668593162	57
-0.068461558585642	0.248109641550082	57
-0.062558574423391	0.247634103026872	1673
-0.062558574423391	0.247634103026872	229
-0.059768736330852	0.24915118819728	1000
-0.064184818666451	0.248202668593162	1000
-0.011804084047327	0.365337773621531	1112
-0.064184818666451	0.248202668593162	1112
0.00576901497540994	0.477870986218318	1904
-0.017171009187436	0.982852855039566	11
-0.00362052619679398	1.2955122272673	2711
-0.063050710959763	0.252050724097018	466
0.0073232713923499	0.4755521333808	406
-0.064184818666451	0.248202668593162	406
-0.032294628176902	0.837766604609639	73
-0.11452995354994	0.564200087408602	73
0.000693205735359914	0.470187082369814	73
-0.01435792862882	0.367461216941546	73
0.00710993469046994	0.486928562916366	73
-0.063864637384733	0.248516942959805	108
-0.00300948850945904	0.470211925284188	108
-0.014847092696721	0.36904272807662	108
-0.063864637384733	0.248516942959805	108
0.05320213232033	0.883604410165516	108
-0.063864637384733	0.248516942959805	1930
0.02508645086572	0.616248210607539	8
-0.015407725249235	0.374612111450457	285
-0.019483380056088	0.364992627008556	6
-0.063864637384733	0.248516942959805	6
-0.014040513680908	0.370182885853567	6
-0.021098841452168	0.365314824962889	6
-0.063050710959763	0.252050724097018	1216
-0.015407725249235	0.374612111450457	1046
-0.063050710959763	0.252050724097018	57
-0.063864637384733	0.248516942959805	57
-0.064184818666451	0.248202668593162	57
-0.063050710959763	0.252050724097018	1673
-0.064184818666451	0.248202668593162	57
-0.060911334041387	0.24879326226229	57
-0.060911334041387	0.24879326226229	772
-0.060094454979737	0.248831364854085	1112
-0.060911334041387	0.24879326226229	17
-0.06058666479856	0.249112320793435	17
-0.062558574423391	0.247634103026872	678
-0.063050710959763	0.252050724097018	678
0.03708234666289	0.748909680206358	1904
-0.114004081602794	0.57556542132643	1904
-0.118189584785786	0.789610005728725	27
-0.114207619448291	0.563939768783795	406
0.11229277650345	1.36074616325039	73
-0.042352074459334	0.850106443642302	73
0.0461048298214299	0.88729730860511	73
-0.117818142588566	0.566025923355384	8
0.0519977702593999	0.889832735831039	8
-0.06058666479856	0.249112320793435	285
-0.016214771709664	0.368826913345635	6
0.0242955289820099	0.616215651543523	6
0.00337885932323001	0.4839478351484	6
-0.063864637384733	0.248516942959805	6
-0.063864637384733	0.248516942959805	57
-0.064184818666451	0.248202668593162	229
0.00576901497540994	0.477870986218318	229
-0.063050710959763	0.252050724097018	229
-0.062558574423391	0.247634103026872	229
-0.062558574423391	0.247634103026872	229
-0.062236307052307	0.247947976840952	229
-0.063864637384733	0.248516942959805	2669
-0.062236307052307	0.247947976840952	678
-0.063050710959763	0.252050724097018	678
-0.122958333175841	1.5598438344117	195
0.0126321015823101	0.471458441892728	225
0.03390179002511	0.733211109633264	73
0.0666585247346201	1.00791083855178	36
-0.046528568570068	1.05184890515612	73
-0.060911334041387	0.24879326226229	73
-0.074493399775437	0.712373821252651	8
0.0216813102987601	0.605000980815751	1930
-0.00244286975242403	0.476636030622947	951
-0.012121887659061	0.368886497246459	6
-0.014601551030983	0.375791928593149	6
0.00997002005613989	0.461932679489133	229
-0.063864637384733	0.248516942959805	229
-0.00685284755036297	0.365803712769797	229
-0.067651077705109	0.244147812537135	17
0.0978665333320301	2.03841582154289	63
-0.11403118063494	1.67175844294272	111
-0.090322981145527	1.04144449032806	983
0.0530948254141499	0.8684769646451	27
-0.077872233039717	0.700083270374079	27
0.0262395737713601	1.22427492119432	27
-0.011736666494779	0.968083228763165	11
0.0434210880480199	0.865697678133295	27
-0.117397395792862	0.812558600700289	27
0.0527429699600099	1.32849882727253	27
0.0811123650847201	1.12865409119031	369
-0.073492868210994	0.709423476791571	73
0.04733853551753	0.877237412284614	73
-0.063050710959763	0.252050724097018	73
0.0211864981562599	0.606069380078666	73
0.02869460356138	0.606974279221307	73
-0.013796254009245	0.374239917977977	73
-0.015162819971306	0.368930251863414	108
0.02009932648778	0.604952093835729	181
-0.063050710959763	0.252050724097018	727
-0.057282819831269	0.243626507748643	8
-0.062558574423391	0.247634103026872	2342
-0.014601551030983	0.375791928593149	951
-0.016657069342454	0.366745698422458	6
-0.063050710959763	0.252050724097018	6
-0.060911334041387	0.24879326226229	285
-0.062236307052307	0.247947976840952	6
-0.063050710959763	0.252050724097018	6
-0.06337193448173	0.251725171025196	412
-0.062558574423391	0.247634103026872	57
-0.06058666479856	0.249112320793435	57
-0.06337193448173	0.251725171025196	57
-0.014847092696721	0.36904272807662	57
-0.063864637384733	0.248516942959805	229
-0.063050710959763	0.252050724097018	772
-0.059768736330852	0.24915118819728	772
-0.06337193448173	0.251725171025196	610
0.05161501775537	0.876798679663967	130
-0.108834025825871	1.29646455348924	130
-0.00304688952896703	1.57797143004959	195
-0.022619993242447	1.90608386403566	111
0.06225459077872	1.97618837338794	111
-0.01565454339016	0.363482378748212	1904
-0.114606667759087	0.576842456472694	27
-0.014601551030983	0.375791928593149	225
-0.0113104619411391	0.368812314185007	73
-0.01972594299856	0.366783266803632	108
-0.06058666479856	0.249112320793435	8
-0.015407725249235	0.374612111450457	2342
-0.011559321246277	0.375709692754845	1233
-0.06337193448173	0.251725171025196	1159
-0.063050710959763	0.252050724097018	1159
-0.062236307052307	0.247947976840952	6
-0.06337193448173	0.251725171025196	6
-0.064184818666451	0.248202668593162	6
-0.063864637384733	0.248516942959805	6
-0.060911334041387	0.24879326226229	412
-0.063864637384733	0.248516942959805	845
-0.063864637384733	0.248516942959805	550
-0.063050710959763	0.252050724097018	57
-0.011804084047327	0.365337773621531	229
-0.06337193448173	0.251725171025196	17
-0.064184818666451	0.248202668593162	2469
-0.12345183172266	1.50156870805989	130
-0.017483978399406	1.25245161373068	130
-0.024012459044459	1.18674110599576	546
0.09207361206146	1.27529176445596	983
0.0403771627791301	1.32293011262663	27
0.0475886494764199	0.886487984587308	27
0.08006258128688	1.09599722307567	27
0.0406570689524901	0.731119762479991	27
-0.019483380056088	0.364992627008556	18
0.00415537815398004	0.482946202618562	116
-0.010996987507142	0.37013610430479	116
0.00298424990705004	0.472659496438773	73
-0.015968589076649	0.367797509628704	8
-0.014601551030983	0.375791928593149	6
-0.063864637384733	0.248516942959805	6
-0.015162819971306	0.368930251863414	442
-0.014040513680908	0.370182885853567	6
-0.067651077705109	0.244147812537135	550
-0.063050710959763	0.252050724097018	57
-0.063050710959763	0.252050724097018	57
-0.062236307052307	0.247947976840952	57
-0.063864637384733	0.248516942959805	229
-0.06337193448173	0.251725171025196	583
-0.063864637384733	0.248516942959805	772
-0.062236307052307	0.247947976840952	17
0.09455053080597	1.84579262580274	130
-0.110219013338176	0.993561389875512	111
0.00165080523021	1.28487596562889	111
-0.104818761207216	1.14755508433097	983
0.0487322971315001	1.80331912567388	983
0.1104323334538	1.56865975475141	111
-0.033593319613119	1.36544531028155	11
0.0494377665644701	0.875225636494475	27
-0.0233901779632359	0.946445698136599	27
-0.078393696104369	0.710531987253253	27
-0.02500552315196	0.926826977942189	27
-0.047925616172488	0.839063395439474	27
-0.06337193448173	0.251725171025196	73
-0.079583275968096	0.694641638984068	116
-0.062558574423391	0.247634103026872	181
-0.013234811295878	0.368702668266516	368
-0.063864637384733	0.248516942959805	368
-0.06337193448173	0.251725171025196	368
-0.021098841452168	0.365314824962889	8
-0.0113104619411391	0.368812314185007	442
-0.062236307052307	0.247947976840952	6
-0.06337193448173	0.251725171025196	2080
-0.063864637384733	0.248516942959805	57
-0.062558574423391	0.247634103026872	1004
-0.062236307052307	0.247947976840952	1004
-0.06927156914138	0.244692088421178	583
-0.06337193448173	0.251725171025196	17
-0.062236307052307	0.247947976840952	17
-0.063050710959763	0.252050724097018	2198
-0.060911334041387	0.24879326226229	17
-0.060911334041387	0.24879326226229	17
-0.063050710959763	0.252050724097018	17
-0.059768736330852	0.24915118819728	17
-0.063688277899893	1.34070193381962	546
-0.0505035588892801	1.82280537790535	130
-0.117801734279053	1.10540506945059	195
-0.086733160907051	0.879234526722828	195
-0.0537391201676311	1.20602903106932	195
0.00967882644460993	1.11541663702156	195
0.00754910218719007	1.38452883192193	111
-0.012410109585181	1.52971801485814	111
0.03895174330822	0.711914616681311	27
0.0121019142080501	0.580778831306062	27
0.0512603197472199	0.883970800196813	27
-0.079105958314706	0.704812432181809	27
0.03688686266255	0.732596803381176	27
-0.075670143521872	0.713544887277134	352
0.11690398980962	1.5041329838787	225
-0.00300948850945904	0.470211925284188	73
-0.116204513286125	0.564653711048975	116
-0.011559321246277	0.375709692754845	73
-0.015407725249235	0.374612111450457	73
-0.014097462481512	0.991475320167611	73
-0.063050710959763	0.252050724097018	368
0.02508645086572	0.616248210607539	368
-0.014601551030983	0.375791928593149	943
0.00203652309405999	0.482132580662537	6
-0.106303907887212	0.575364744754194	6
-0.06927156914138	0.244692088421178	6
-0.063050710959763	0.252050724097018	6
-0.059768736330852	0.24915118819728	2
-0.063050710959763	0.252050724097018	6
-0.06337193448173	0.251725171025196	550
-0.06337193448173	0.251725171025196	51
0.0242955289820099	0.616215651543523	51
-0.06337193448173	0.251725171025196	203
-0.062558574423391	0.247634103026872	17
-0.063050710959763	0.252050724097018	17
-0.104884170241693	1.55868341039691	130
-0.060979438577239	1.9342031856606	130
-0.10064653675738	1.71176095696616	130
-0.119462805940147	1.7536897125645	130
-0.07812775204675	1.48143400254985	130
-0.068083961515075	1.33876287455231	195
0.08368437231146	1.24069307249266	192
-0.11481696989322	0.799884819769985	192
0.0510467439428599	0.873422273554225	27
0.00767477862087995	0.487789621394888	27
0.0700509095617701	1.01591930469072	27
0.0316573565590901	0.596407875079667	27
0.0473545902407	0.88442736400174	352
-0.057282819831269	0.243626507748643	2588
-0.015407725249235	0.374612111450457	73
-0.012366011101711	0.370718641089762	368
-0.012366011101711	0.370718641089762	943
-0.016415475166458	0.366334860207041	6
0.00281376540922995	0.483094799170805	6
-0.063050710959763	0.252050724097018	6
-0.062558574423391	0.247634103026872	6
-0.06337193448173	0.251725171025196	2
-0.063050710959763	0.252050724097018	2
-0.063864637384733	0.248516942959805	2
-0.06337193448173	0.251725171025196	51
-0.068461558585642	0.248109641550082	550
-0.011559321246277	0.375709692754845	51
-0.06337193448173	0.251725171025196	57
-0.06337193448173	0.251725171025196	203
-0.012928170512171	0.36412127909435	203
-0.062558574423391	0.247634103026872	583
-0.063050710959763	0.252050724097018	17
-0.06337193448173	0.251725171025196	17
-0.062558574423391	0.247634103026872	17
-0.060094454979737	0.248831364854085	17
-0.062236307052307	0.247947976840952	1471
-0.06337193448173	0.251725171025196	255
-0.124645763836422	1.68336341671641	63
0.0322346180474999	0.749080851454986	130
-0.056358589415586	1.25431344173062	130
0.09488831312917	1.3621656187778	130
-0.046037500867115	1.05867906274903	130
-0.016160250016147	0.964759590959186	130
0.0309536377209001	1.59731711134195	195
-0.101596368142046	1.19354919861088	111
-0.111722917122401	0.807666343998188	192
0.00281376540922995	0.483094799170805	27
-0.0107397549228651	0.993086995604346	27
0.00767477862087995	0.487789621394888	27
-0.010996987507142	0.37013610430479	225
0.0216813102987601	0.605000980815751	73
-0.063050710959763	0.252050724097018	73
-0.015407725249235	0.374612111450457	18
-0.015407725249235	0.374612111450457	73
-0.063864637384733	0.248516942959805	108
-0.06337193448173	0.251725171025196	108
-0.063050710959763	0.252050724097018	368
-0.063864637384733	0.248516942959805	368
-0.020534558804063	0.365653528734353	368
-0.068461558585642	0.248109641550082	943
-0.068461558585642	0.248109641550082	6
-0.020534558804063	0.365653528734353	6
-0.063050710959763	0.252050724097018	6
-0.063050710959763	0.252050724097018	6
-0.06337193448173	0.251725171025196	259
-0.014601551030983	0.375791928593149	6
-0.063050710959763	0.252050724097018	6
-0.065185218463514	0.245307882708456	51
-0.063864637384733	0.248516942959805	51
-0.06058666479856	0.249112320793435	51
-0.014847092696721	0.36904272807662	2438
-0.021907245776903	0.359837676014412	2438
-0.064184818666451	0.248202668593162	2438
-0.064184818666451	0.248202668593162	2438
-0.063050710959763	0.252050724097018	57
-0.059768736330852	0.24915118819728	203
-0.06337193448173	0.251725171025196	583
-0.06337193448173	0.251725171025196	17
-0.063050710959763	0.252050724097018	17
-0.06337193448173	0.251725171025196	17
-0.0659992118023181	0.245267351805318	17
-0.06337193448173	0.251725171025196	17
-0.057612008947302	0.243320900521788	17
-0.063050710959763	0.252050724097018	17
0.0311175547367299	1.21201864873968	111
-0.078127146182206	0.920893978511988	27
-0.119204634574047	0.814272269127365	352
-0.012767481702972	0.360473786402121	225
-0.064184818666451	0.248202668593162	73
0.00281376540922995	0.483094799170805	2588
-0.060911334041387	0.24879326226229	73
-0.06058666479856	0.249112320793435	73
0.0018238019238801	0.479769479714341	108
-0.062558574423391	0.247634103026872	8
-0.015407725249235	0.374612111450457	943
0.00203652309405999	0.482132580662537	6
-0.062236307052307	0.247947976840952	259
-0.063864637384733	0.248516942959805	6
-0.010747801325494	0.37562194001783	6
-0.062236307052307	0.247947976840952	2
-0.063050710959763	0.252050724097018	2438
-0.062558574423391	0.247634103026872	2438
-0.059768736330852	0.24915118819728	57
-0.064184818666451	0.248202668593162	2213
-0.00993545917815397	0.370795837835066	583
-0.063050710959763	0.252050724097018	583
-0.060094454979737	0.248831364854085	2245
-0.06337193448173	0.251725171025196	1471
-0.022532061805645	1.81375308227204	195
-0.107106790881971	0.570502394782155	983
0.0871909127089101	1.16093569994821	27
-0.113901351093169	0.799746943909487	27
0.0158467190071601	1.09034849865268	27
0.00499246649183993	0.475418365328242	225
-0.011559321246277	0.375709692754845	73
-0.014847092696721	0.36904272807662	73
-0.014601551030983	0.375791928593149	73
-0.00943338247870096	0.349328267765754	95
-0.014601551030983	0.375791928593149	95
-0.014601551030983	0.375791928593149	95
-0.010185366198267	0.370060244008601	6
-0.059768736330852	0.24915118819728	6
-0.063050710959763	0.252050724097018	6
-0.063864637384733	0.248516942959805	6
-0.062236307052307	0.247947976840952	6
-0.063050710959763	0.252050724097018	2
-0.06337193448173	0.251725171025196	2
-0.06337193448173	0.251725171025196	1106
-0.018918546932261	0.365330461702992	51
-0.064184818666451	0.248202668593162	57
-0.06337193448173	0.251725171025196	57
-0.063864637384733	0.248516942959805	2213
-0.063050710959763	0.252050724097018	203
-0.063050710959763	0.252050724097018	203
-0.062236307052307	0.247947976840952	17
-0.064184818666451	0.248202668593162	17
-0.06337193448173	0.251725171025196	17
-0.06058666479856	0.249112320793435	304
-0.062236307052307	0.247947976840952	1235
0.0996049648567201	1.23832307598749	27
-0.062236307052307	0.247947976840952	73
-0.063864637384733	0.248516942959805	73
-0.00847853869838899	0.365465669998012	116
0.00591021290372007	0.470486409276391	116
0.01013760708152	0.470701137408648	3
-0.013796254009245	0.374239917977977	73
-0.014847092696721	0.36904272807662	73
0.00331467891625992	0.476050902244085	95
-0.063864637384733	0.248516942959805	95
-0.062236307052307	0.247947976840952	2067
-0.014601551030983	0.375791928593149	6
-0.021098841452168	0.365314824962889	6
-0.062236307052307	0.247947976840952	6
-0.06337193448173	0.251725171025196	6
-0.059768736330852	0.24915118819728	51
-0.063050710959763	0.252050724097018	314
-0.063050710959763	0.252050724097018	57
-0.011559321246277	0.375709692754845	57
-0.062558574423391	0.247634103026872	2213
-0.062558574423391	0.247634103026872	203
-0.00847853869838899	0.365465669998012	17
-0.063050710959763	0.252050724097018	785
-0.06058666479856	0.249112320793435	1235
-0.00545648044390701	0.97606242177424	195
-0.041449691934765	0.843710287778612	192
0.0304783281135099	0.731064287333097	27
0.0564053998940399	0.970719699175253	27
0.02890668843255	0.591710592562627	406
-0.012366011101711	0.370718641089762	73
-0.043601415584916	0.856510850093954	73
-0.063050710959763	0.252050724097018	116
-0.010498393996987	0.364221785460674	116
-0.11561477833019	0.567085725490189	73
-0.064184818666451	0.248202668593162	108
-0.063050710959763	0.252050724097018	95
-0.06337193448173	0.251725171025196	95
0.00689901290568007	0.487772154230679	6
-0.038740784487446	0.841084083298843	6
-0.063050710959763	0.252050724097018	6
-0.062236307052307	0.247947976840952	6
-0.06337193448173	0.251725171025196	6
-0.0659992118023181	0.245267351805318	6
0.0318952824994501	0.582374897079657	6
0.0535932600366	0.888372957108837	6
-0.016775230989323	0.362275553909264	6
-0.062558574423391	0.247634103026872	6
-0.064184818666451	0.248202668593162	259
-0.057612008947302	0.243320900521788	259
-0.063050710959763	0.252050724097018	259
-0.063050710959763	0.252050724097018	2
-0.063050710959763	0.252050724097018	133
-0.06337193448173	0.251725171025196	2369
-0.086223465998061	1.19993375318343	546
-0.043264948892397	1.31446407677636	35
-0.017565999308591	0.951631951478301	195
-0.120662578673132	1.10384210134128	983
0.0266699652481399	0.609097078220878	192
-0.00628930365803404	0.360669674606016	27
0.00203652309405999	0.482132580662537	27
-0.10811013898177	0.569140838201526	352
-0.064184818666451	0.248202668593162	73
-0.063050710959763	0.252050724097018	73
0.0517604908060301	0.858454710904596	73
0.0237789895307501	0.604031248705847	73
-0.059768736330852	0.24915118819728	598
-0.014601551030983	0.375791928593149	95
-0.060094454979737	0.248831364854085	6
-0.068461558585642	0.248109641550082	6
-0.06337193448173	0.251725171025196	6
0.00689901290568007	0.487772154230679	2
-0.06337193448173	0.251725171025196	1316
-0.063050710959763	0.252050724097018	785
-0.06337193448173	0.251725171025196	17
-0.085000994422005	1.46161167946002	130
0.06259009824178	1.5910309476135	130
-0.113800876562018	0.577881755971411	983
0.000875693622760077	1.63419668452771	192
0.05779297384562	1.43535097692554	192
-0.082961699293336	0.940965485877383	192
-0.084545968614065	0.91179631865596	33
-0.066991774198648	0.714716126112334	613
0.03977313475321	0.557146289237906	225
0.00337885932323001	0.4839478351484	73
0.02292836747479	0.610240827965514	73
-0.068461558585642	0.248109641550082	95
0.00478044053762994	0.477032012916802	6
0.00576901497540994	0.477870986218318	6
0.00337885932323001	0.4839478351484	6
-0.063050710959763	0.252050724097018	6
-0.06337193448173	0.251725171025196	259
-0.063864637384733	0.248516942959805	6
-0.014040513680908	0.370182885853567	2
-0.063050710959763	0.252050724097018	314
-0.065185218463514	0.245307882708456	314
-0.063050710959763	0.252050724097018	57
-0.063050710959763	0.252050724097018	203
-0.060094454979737	0.248831364854085	932
-0.067651077705109	0.244147812537135	932
-0.060094454979737	0.248831364854085	932
-0.062558574423391	0.247634103026872	785
-0.06337193448173	0.251725171025196	617
-0.060094454979737	0.248831364854085	17
-0.117000564528922	1.78099280430595	195
0.05151444600016	0.888593432168046	983
-0.00641626284731001	0.972423644218679	192
0.03101000059032	0.730503438050926	27
-0.0745609486782231	1.13481811935544	27
-0.086967032921338	1.21758333422358	27
-0.077150860736775	0.717910438413626	27
-0.081056447645662	0.685920489232674	27
-0.013818769251034	0.989426295509102	27
0.02831964701333	0.586744943289855	73
-0.112010879110906	0.57125757113354	73
-0.010185366198267	0.370060244008601	116
-0.108709386910123	0.578910244903373	95
-0.0135539200221591	0.36202414392691	201
-0.012121887659061	0.368886497246459	95
-0.064184818666451	0.248202668593162	836
-0.012121887659061	0.368886497246459	6
-0.06058666479856	0.249112320793435	259
-0.062558574423391	0.247634103026872	259
-0.014847092696721	0.36904272807662	259
-0.063864637384733	0.248516942959805	2
-0.060094454979737	0.248831364854085	2
-0.06337193448173	0.251725171025196	2
-0.06337193448173	0.251725171025196	314
-0.068461558585642	0.248109641550082	314
-0.060911334041387	0.24879326226229	314
-0.063050710959763	0.252050724097018	314
-0.063050710959763	0.252050724097018	203
-0.060094454979737	0.248831364854085	203
-0.062236307052307	0.247947976840952	203
-0.063050710959763	0.252050724097018	583
-0.063050710959763	0.252050724097018	373
-0.06337193448173	0.251725171025196	373
-0.06927156914138	0.244692088421178	133
-0.063050710959763	0.252050724097018	1235
0.10590798147261	1.39641073186104	130
0.0258397253773	2.02572515095824	331
0.03627828280902	0.74602658165188	130
-0.020213093568231	0.970218594362389	546
-0.061364606047385	1.52156937874518	35
-0.035854725133368	1.35545413016479	192
-0.043838311396992	0.842050279447953	27
0.00965250381286009	1.38367712251934	27
-0.03136194159677	0.848856238424464	27
0.11544005416335	1.48276836615409	352
-0.020534558804063	0.365653528734353	225
-0.01435792862882	0.367461216941546	73
0.00692536266224009	0.468940793527825	73
0.00337885932323001	0.4839478351484	3
-0.014040513680908	0.370182885853567	598
-0.06058666479856	0.249112320793435	73
0.0335131278757199	0.734541196699089	95
0.0237184494057501	0.612525541079298	95
-0.015968589076649	0.367797509628704	95
-0.00937275005210902	0.365436274765583	1939
-0.063050710959763	0.252050724097018	1836
-0.12003103541852	0.557781006623677	6
0.0256635753294701	0.614655648082237	1262
-0.062558574423391	0.247634103026872	1262
-0.067651077705109	0.244147812537135	1262
-0.062236307052307	0.247947976840952	173
0.00355016795453	0.479099766440325	259
-0.059768736330852	0.24915118819728	1244
-0.012366011101711	0.370718641089762	1244
-0.062558574423391	0.247634103026872	2
-0.063050710959763	0.252050724097018	2
-0.057612008947302	0.243320900521788	314
-0.062558574423391	0.247634103026872	57
-0.01435792862882	0.367461216941546	373
-0.06927156914138	0.244692088421178	373
-0.06058666479856	0.249112320793435	2369
-0.108139061366333	0.998956151794492	130
0.0665929642550101	2.27825593004548	566
-0.119575901953927	1.17302259303574	566
0.03172376616031	1.22357338377838	195
-0.105000387278844	0.566821415144527	983
0.00845161371226011	0.48529991152662	192
0.0326590151463799	0.601212489908743	192
0.0407694228050199	1.3161349614664	27
-0.01972594299856	0.366783266803632	109
-0.072398391926856	0.714168570707119	73
0.07236211741548	1.09208569884138	18
-0.063050710959763	0.252050724097018	73
-0.00109785303634502	0.472212772979448	3
-0.067651077705109	0.244147812537135	73
-0.063050710959763	0.252050724097018	95
-0.057282819831269	0.243626507748643	70
-0.063864637384733	0.248516942959805	2718
-0.06337193448173	0.251725171025196	6
-0.062236307052307	0.247947976840952	2
-0.063864637384733	0.248516942959805	2
-0.06337193448173	0.251725171025196	1244
-0.062236307052307	0.247947976840952	1244
-0.015968589076649	0.367797509628704	1244
-0.064184818666451	0.248202668593162	2
-0.063050710959763	0.252050724097018	2
-0.063050710959763	0.252050724097018	57
-0.063050710959763	0.252050724097018	133
-0.064184818666451	0.248202668593162	17
-0.063864637384733	0.248516942959805	17
-0.122490258583952	0.757553667401519	130
-0.027708956860405	1.59420804830308	130
-0.080551049244396	0.677724366091041	546
-0.079303189787599	0.693770266419751	195
0.04449547218385	0.860793802452527	192
-0.117216622300766	0.564812810137303	27
-0.121148522007923	0.808484422703599	27
-0.040507898512512	0.84333077252335	27
0.03290414759593	0.72837374762544	27
0.02350516387716	0.613901700970229	27
0.0109810254620699	1.08513244085179	352
-0.085154471736369	0.902149677719442	109
-0.111310277878545	0.552330967956362	73
-0.106904197298467	0.578018707124694	598
-0.020290500680645	0.366443091077846	3
-0.062236307052307	0.247947976840952	95
-0.064184818666451	0.248202668593162	1836
-0.110710932739296	0.558626568178131	6
-0.062236307052307	0.247947976840952	6
-0.063050710959763	0.252050724097018	173
-0.06058666479856	0.249112320793435	173
-0.112921305165228	0.56282146390105	593
-0.059768736330852	0.24915118819728	549
-0.059768736330852	0.24915118819728	57
-0.068461558585642	0.248109641550082	57
-0.063864637384733	0.248516942959805	17
-0.067651077705109	0.244147812537135	133
-0.063864637384733	0.248516942959805	617
-0.0491292413504481	0.833195571913209	331
0.03000846353607	1.23346482017486	130
-0.012584388598346	1.74433042774069	130
0.0126731248854799	1.11972679919601	130
-0.078974371462059	1.29207057978476	195
-0.111723111259385	0.568370654930087	983
-0.071342076361222	0.940225596053079	983
0.1168173791731	1.63040029668173	983
0.02754838655966	1.19822502328842	192
-0.11091618182046	0.577573488359286	192
0.0155438800780701	1.37390196591457	33
0.02387392910342	1.0891956442878	27
-0.078306751983374	0.933070490846844	27
0.0129986292031199	1.07488987410696	27
-0.056404468625312	1.24910204322644	27
0.11236265034433	1.50103800615306	27
0.05904952392134	0.979305144125111	27
0.00238878263638997	0.472267485660674	73
-0.06058666479856	0.249112320793435	95
-0.06058666479856	0.249112320793435	593
-0.064184818666451	0.248202668593162	2
-0.022345980163063	0.355118536757327	314
-0.063050710959763	0.252050724097018	57
-0.063050710959763	0.252050724097018	57
-0.06058666479856	0.249112320793435	57
-0.063050710959763	0.252050724097018	203
-0.062236307052307	0.247947976840952	203
-0.06927156914138	0.244692088421178	373
-0.06337193448173	0.251725171025196	17
-0.064184818666451	0.248202668593162	617
-0.063050710959763	0.252050724097018	617
-0.06337193448173	0.251725171025196	17
-0.077138010685382	0.939710240381882	130
-0.094342107293079	1.47795002842098	130
0.03542301294664	0.748841846778732	130
-0.119248387755943	1.26753359042166	192
0.04183015875202	1.67507690834508	192
0.10141700450465	1.2770291921942	27
0.10056586976606	1.36194260336571	27
-0.020534558804063	0.365653528734353	109
-0.112528235053252	0.569885977936437	73
0.02319714136402	0.594218984140642	73
0.015413482881	0.59706254804188	73
-0.060094454979737	0.248831364854085	73
0.00337885932323001	0.4839478351484	73
-0.016214771709664	0.368826913345635	95
0.0256635753294701	0.614655648082237	6
0.00394374180763002	0.476290650027989	6
-0.015407725249235	0.374612111450457	593
-0.064184818666451	0.248202668593162	2
-0.068461558585642	0.248109641550082	2
-0.067651077705109	0.244147812537135	57
-0.062558574423391	0.247634103026872	57
-0.068461558585642	0.248109641550082	133
-0.062236307052307	0.247947976840952	617
-0.06927156914138	0.244692088421178	17
-0.065304770755129	0.944065403630038	331
-0.0728696621605181	0.955197129084212	130
-0.120688545975554	1.10221667666465	130
0.0741304316771001	1.63127125960569	33
0.12447059760769	1.83826023896305	27
0.10517224962674	1.38157865781323	27
-0.088383735785971	0.916030973786794	27
-0.118690197408168	0.548380421431091	73
-0.01435792862882	0.367461216941546	95
0.0264553373182601	0.612443961423546	1836
-0.062558574423391	0.247634103026872	1836
-0.062558574423391	0.247634103026872	173
-0.063864637384733	0.248516942959805	2
-0.06337193448173	0.251725171025196	2
-0.015968589076649	0.367797509628704	549
-0.06337193448173	0.251725171025196	2
-0.063050710959763	0.252050724097018	2
-0.062558574423391	0.247634103026872	314
-0.062558574423391	0.247634103026872	203
-0.06337193448173	0.251725171025196	373
-0.06337193448173	0.251725171025196	17
-0.013234811295878	0.368702668266516	17
-0.063050710959763	0.252050724097018	617
-0.022914094460614	1.18188917025073	130
-0.045608281255633	1.60418244306396	130
-0.060803680726796	2.09023624020653	566
-0.067657551807418	2.19559514925779	983
0.09205397602367	1.71507381719653	192
-0.020534558804063	0.365653528734353	844
-0.013051670808107	1.5291764094229	33
0.00591021290372007	0.470486409276391	406
-0.0709761032431671	0.715439241927223	73
-0.06337193448173	0.251725171025196	73
-0.106101122953625	0.580317776732624	73
0.0737128146882899	1.01940869919626	73
-0.111331611382381	0.557983094656818	73
-0.110712251895036	0.579536858192426	821
0.00274899041451993	0.481501031441308	73
-0.0659992118023181	0.245267351805318	95
-0.015968589076649	0.367797509628704	95
-0.060911334041387	0.24879326226229	95
0.0031665978000901	0.475356079313665	1145
-0.018112376876336	0.359937617704498	6
-0.063864637384733	0.248516942959805	173
-0.060911334041387	0.24879326226229	2
-0.060911334041387	0.24879326226229	57
-0.062558574423391	0.247634103026872	909
-0.06337193448173	0.251725171025196	909
-0.062558574423391	0.247634103026872	57
-0.063864637384733	0.248516942959805	57
-0.06337193448173	0.251725171025196	57
-0.062236307052307	0.247947976840952	1582
-0.013796254009245	0.374239917977977	17
-0.06337193448173	0.251725171025196	17
-0.057282819831269	0.243626507748643	133
-0.0529341480582179	1.8539174995015	130
-0.066200100188952	1.15752423897407	130
-0.075680104617912	1.14317843373578	130
-0.056056443594999	2.13523164537004	35
-0.103615003600828	1.46225607712887	195
0.10982223611589	1.38461591495119	195
-0.067814277502144	1.506890565887	195
0.0464961742279	0.884494876085482	192
-0.094365184264413	1.1992135363041	33
0.0785681251347301	1.54687978807141	33
0.01116937588418	1.11038856754059	27
0.02305566843067	1.1718330617924	27
0.0345939996994	0.744797626916635	109
-0.110112774452011	0.580603595945207	73
0.00337885932323001	0.4839478351484	73
0.00633411963970998	0.486910098036899	73
0.03511955519179	0.732934012071415	821
-0.014601551030983	0.375791928593149	95
0.0031665978000901	0.475356079313665	95
-0.06058666479856	0.249112320793435	1145
-0.063864637384733	0.248516942959805	1145
0.00555762051878994	0.48434826747026	6
-0.063050710959763	0.252050724097018	173
-0.060911334041387	0.24879326226229	173
-0.063050710959763	0.252050724097018	117
-0.01299183915577	0.36852659617043	2
-0.06337193448173	0.251725171025196	2
-0.068461558585642	0.248109641550082	2
-0.064184818666451	0.248202668593162	2
-0.007665078827225	0.369030086928343	12
-0.014847092696721	0.36904272807662	2891
-0.060911334041387	0.24879326226229	57
-0.063050710959763	0.252050724097018	203
-0.063864637384733	0.248516942959805	203
-0.063864637384733	0.248516942959805	17
-0.062236307052307	0.247947976840952	17
-0.063864637384733	0.248516942959805	1405
-0.103157432266748	1.38932544574088	331
-0.010672489081675	0.977816755645121	130
0.04244967470421	1.30957290279935	130
-0.051879173143582	1.04003509098326	130
-0.075279671295994	1.99634966860474	130
0.00582369033515007	1.09686413398182	983
0.05320479424785	1.4077487001197	192
0.0496975593918001	0.861515017350447	844
0.0222314093837399	0.574410820579558	109
-0.020290500680645	0.366443091077846	73
-0.01565454339016	0.363482378748212	73
-0.063864637384733	0.248516942959805	73
0.02450908796123	0.612561859438478	821
-0.064184818666451	0.248202668593162	95
-0.064184818666451	0.248202668593162	2
-0.014601551030983	0.375791928593149	2
-0.063050710959763	0.252050724097018	2891
-0.065185218463514	0.245307882708456	57
-0.06337193448173	0.251725171025196	57
-0.06058666479856	0.249112320793435	203
-0.063050710959763	0.252050724097018	17
-0.06337193448173	0.251725171025196	17
-0.057612008947302	0.243320900521788	617
-0.120123473010025	1.66035648648037	130
-0.083725751223842	1.81995101855184	130
0.0335131278757199	0.734541196699089	33
-0.116774826331191	0.817849118172712	33
-0.014128720821854	0.967689933749271	27
0.08105471885655	1.15784420157588	27
-0.102704784400643	0.573870402863623	310
-0.104290741020366	0.572677308858383	73
0.00534543239558993	0.477860464779761	2340
0.00746369492862997	0.48000141001136	73
-0.014847092696721	0.36904272807662	73
0.00788755005728992	0.484449459186858	73
-0.062558574423391	0.247634103026872	73
-0.063864637384733	0.248516942959805	95
-0.00628930365803404	0.360669674606016	95
-0.011559321246277	0.375709692754845	41
-0.060094454979737	0.248831364854085	173
-0.060094454979737	0.248831364854085	1792
-0.06337193448173	0.251725171025196	2
-0.064184818666451	0.248202668593162	2
-0.057282819831269	0.243626507748643	2
-0.060911334041387	0.24879326226229	57
-0.059768736330852	0.24915118819728	314
-0.063050710959763	0.252050724097018	57
-0.015162819971306	0.368930251863414	57
-0.062236307052307	0.247947976840952	57
-0.06337193448173	0.251725171025196	203
-0.065185218463514	0.245307882708456	17
-0.064184818666451	0.248202668593162	17
-0.103934507173167	1.41688335002489	130
-0.095125384551905	1.21443612977682	192
-0.032763160026629	1.71983547258412	192
-0.081890621494297	0.696320413667777	27
0.0623628615915	0.992572001360644	27
0.05628469479442	0.966133608770454	310
0.0206748172787301	0.603427725259077	109
-0.016160250016147	0.964759590959186	73
-0.014040513680908	0.370182885853567	2340
-0.00822857362849905	0.362562427132467	73
-0.016657069342454	0.366745698422458	73
0.03793378667281	0.748283672469665	73
-0.063864637384733	0.248516942959805	73
-0.059768736330852	0.24915118819728	73
0.0206748172787301	0.603427725259077	41
-0.062236307052307	0.247947976840952	173
-0.062236307052307	0.247947976840952	2
-0.016775230989323	0.362275553909264	2
-0.063050710959763	0.252050724097018	12
-0.068461558585642	0.248109641550082	57
-0.068461558585642	0.248109641550082	57
-0.063050710959763	0.252050724097018	203
-0.064184818666451	0.248202668593162	17
-0.063050710959763	0.252050724097018	17
-0.063050710959763	0.252050724097018	17
0.0461718016459001	1.74375276921093	526
0.07490693805817	1.13445263775753	556
-0.080201766407949	0.691609061062253	195
-0.101500693706512	0.572326261647321	195
0.00694772127350007	1.10330053786644	192
-0.090409308353503	1.84653041161439	192
-0.00600802392130295	1.30085099049235	192
-0.00166347528398902	0.477586917922281	27
0.00689901290568007	0.487772154230679	27
-0.00166347528398902	0.477586917922281	27
0.00555762051878994	0.48434826747026	310
0.05383256802139	1.42350432715107	73
-0.063864637384733	0.248516942959805	949
0.00359033344675996	0.482097844754184	95
-0.021098841452168	0.365314824962889	95
0.03450750437612	0.744980698397654	95
-0.064184818666451	0.248202668593162	95
-0.065185218463514	0.245307882708456	95
-0.00993545917815397	0.370795837835066	117
0.0380128647692899	1.18893883770662	117
0.08499055157756	1.14821836596273	117
-0.063050710959763	0.252050724097018	2891
0.02089003658142	0.605909550779579	57
-0.063050710959763	0.252050724097018	203
0.03964512490952	0.74052002884821	130
0.0148829367636101	0.467588206338599	1967
0.00394374180763002	0.476290650027989	983
0.000693205735359914	0.470187082369814	192
-0.001362614556916	0.462359502308337	192
-0.015162819971306	0.368930251863414	27
-0.015407725249235	0.374612111450457	27
-0.013234811295878	0.368702668266516	27
-0.01435792862882	0.367461216941546	310
-0.014847092696721	0.36904272807662	2340
-0.062236307052307	0.247947976840952	73
-0.063050710959763	0.252050724097018	949
0.01142475915119	1.51744138671164	37
-0.060911334041387	0.24879326226229	95
-0.06337193448173	0.251725171025196	95
0.09734183140456	1.26337188838832	95
-0.06337193448173	0.251725171025196	95
-0.079542074438782	0.932677812135447	173
-0.064184818666451	0.248202668593162	1708
-0.064184818666451	0.248202668593162	2
-0.06337193448173	0.251725171025196	2
-0.011559321246277	0.375709692754845	2
-0.064184818666451	0.248202668593162	57
-0.063050710959763	0.252050724097018	203
-0.061537533062633	0.706038698359638	203
-0.063864637384733	0.248516942959805	825
-0.064184818666451	0.248202668593162	17
-0.062558574423391	0.247634103026872	571
0.0865362310253299	1.14865223859418	130
-0.074362294477053	0.939697667546311	130
0.03595089928471	0.728409307245312	130
0.11866605773703	1.76331918409929	566
-0.035049182869075	0.848771411208407	396
-0.066135213595567	0.716025423636435	556
0.0425652512936601	0.734527831548504	396
-0.106101122953625	0.580317776732624	1967
0.0206748172787301	0.603427725259077	983
0.0258779295990701	0.61401603805108	27
-0.067651077705109	0.244147812537135	27
-0.00166347528398902	0.477586917922281	27
-0.059768736330852	0.24915118819728	27
0.00633411963970998	0.486910098036899	27
-0.015162819971306	0.368930251863414	27
-0.014601551030983	0.375791928593149	27
-0.063050710959763	0.252050724097018	949
-0.062558574423391	0.247634103026872	949
-0.014601551030983	0.375791928593149	949
-0.06337193448173	0.251725171025196	37
-0.015407725249235	0.374612111450457	95
-0.064184818666451	0.248202668593162	95
-0.062558574423391	0.247634103026872	95
-0.06337193448173	0.251725171025196	274
-0.062558574423391	0.247634103026872	274
0.00436622402426989	0.478929186272674	117
-0.067651077705109	0.244147812537135	2
-0.062558574423391	0.247634103026872	2
0.02544897367711	0.604302832435375	57
-0.06337193448173	0.251725171025196	17
-0.06927156914138	0.244692088421178	628
-0.062236307052307	0.247947976840952	825
-0.06337193448173	0.251725171025196	825
-0.063050710959763	0.252050724097018	245
-0.06337193448173	0.251725171025196	245
-0.014847092696721	0.36904272807662	17
-0.063864637384733	0.248516942959805	17
-0.109796589394453	0.576891524588272	331
-0.045304903583394	0.800411939216049	130
0.0560475233020601	0.997841153874472	130
0.0421723244215899	0.868401343491109	130
-0.120909648009939	1.10556637164225	130
-0.071595409121072	0.715901328000152	556
0.03207621471612	0.729307043836389	396
0.02797894553011	1.21694765007929	192
0.0134340974393601	0.465714013318898	27
0.0310894160374999	0.719510606591802	27
-0.063050710959763	0.252050724097018	27
-0.063050710959763	0.252050724097018	27
-0.063864637384733	0.248516942959805	109
-0.0659992118023181	0.245267351805318	109
-0.041567225629413	0.85258136773236	109
-0.077895020372201	0.700262932330339	73
-0.060094454979737	0.248831364854085	18
-0.014601551030983	0.375791928593149	73
-0.010185366198267	0.370060244008601	37
-0.013796254009245	0.374239917977977	480
0.0575733141133099	1.00026327167555	41
-0.062558574423391	0.247634103026872	6
-0.060911334041387	0.24879326226229	274
-0.063050710959763	0.252050724097018	274
-0.010185366198267	0.370060244008601	1708
-0.06337193448173	0.251725171025196	2
-0.06058666479856	0.249112320793435	2
-0.063050710959763	0.252050724097018	57
-0.063050710959763	0.252050724097018	57
-0.068461558585642	0.248109641550082	203
-0.062236307052307	0.247947976840952	17
-0.067651077705109	0.244147812537135	1950
0.0104636803132701	0.478572690780905	1950
-0.063864637384733	0.248516942959805	245
-0.063050710959763	0.252050724097018	17
-0.062236307052307	0.247947976840952	17
-0.064184818666451	0.248202668593162	1252
-0.06058666479856	0.249112320793435	571
0.03368152182383	0.719365770473902	130
-0.04600576010466	1.50975727308298	35
0.02730158128515	1.20374496547248	195
0.0152778365731101	0.582577318962232	556
0.0596008333054301	0.988411066296578	1248
-0.073874159868905	0.715587915026612	192
-0.0588634866343311	1.75685893660785	192
-0.019483380056088	0.364992627008556	27
0.01873373413247	0.5984892081278	27
-0.06058666479856	0.249112320793435	613
0.0754797528422799	0.98932135171956	27
-0.063864637384733	0.248516942959805	73
-0.063050710959763	0.252050724097018	73
-0.06337193448173	0.251725171025196	949
-0.011559321246277	0.375709692754845	73
-0.06337193448173	0.251725171025196	73
0.07558292209857	1.1479551512659	37
-0.113539142119442	0.565524016450602	95
-0.062558574423391	0.247634103026872	95
-0.014847092696721	0.36904272807662	117
-0.067651077705109	0.244147812537135	1708
-0.06058666479856	0.249112320793435	2
-0.062558574423391	0.247634103026872	434
-0.063864637384733	0.248516942959805	57
-0.123511830857252	0.531369160277659	57
-0.010498393996987	0.364221785460674	57
-0.06337193448173	0.251725171025196	203
-0.063050710959763	0.252050724097018	17
-0.068461558585642	0.248109641550082	17
0.10517224962674	1.38157865781323	130
0.0108296080966099	1.07893198844622	566
0.04895004141211	1.31872328836892	396
0.07585394410991	1.99159879270277	705
-0.1065000392096	0.57466204982708	396
0.0452466064479	0.887372045765146	983
-0.019589670343534	1.17166430826256	192
0.1086972088983	1.36536801360871	192
0.0227766562260501	0.599421920505409	27
-0.06337193448173	0.251725171025196	613
0.0488154500453499	0.88130367814952	310
0.0590807117751699	0.881322933576619	310
-0.042715480634249	0.858884424710509	109
-0.060911334041387	0.24879326226229	73
-0.06337193448173	0.251725171025196	73
-0.017222465719939	0.36640630680174	95
0.05002982605703	0.891055437206666	274
-0.010185366198267	0.370060244008601	117
-0.059768736330852	0.24915118819728	12
-0.105898681125292	0.579368357893281	57
-0.013234811295878	0.368702668266516	289
-0.068461558585642	0.248109641550082	17
-0.09787801424895	2.30055278622924	130
0.10533203774269	2.1387567436245	130
0.11270692143365	1.65408301832073	130
0.0362194465110099	2.22970151699095	195
-0.00887976797093704	1.29076559375937	1967
0.10889003424556	1.45656927117426	1967
-0.082951325691326	1.09596685263553	192
-0.0634278415496	1.58844978752273	192
-0.122388625094452	1.07581239697387	192
-0.073874159868905	0.715587915026612	33
-0.118078085951505	0.799194997865106	310
-0.016214771709664	0.368826913345635	949
-0.015162819971306	0.368930251863414	73
-0.014847092696721	0.36904272807662	73
-0.014601551030983	0.375791928593149	37
-0.013796254009245	0.374239917977977	41
0.00147116836126004	0.473251643070176	41
-0.01435792862882	0.367461216941546	41
-0.06337193448173	0.251725171025196	274
-0.063050710959763	0.252050724097018	117
-0.06337193448173	0.251725171025196	117
-0.010747801325494	0.37562194001783	159
-0.068461558585642	0.248109641550082	2
-0.065185218463514	0.245307882708456	57
-0.060094454979737	0.248831364854085	57
-0.0000601598249460045	0.473559913940237	57
-0.013796254009245	0.374239917977977	203
-0.064184818666451	0.248202668593162	203
-0.057282819831269	0.243626507748643	245
-0.055786431626072	1.25674149741552	331
-0.103919481486146	2.44502950012341	526
-0.04678938078644	1.03944547053593	983
-0.075539521472542	1.4926085020182	1248
-0.00859430659681204	0.990965592154471	27
0.0836192253002499	1.10003937372777	27
-0.111206206428252	0.573537323607547	27
-0.113053822773795	0.827700396413944	310
0.0454695122933999	0.845134041326018	310
0.0269017783488701	0.606132674911042	109
-0.013796254009245	0.374239917977977	949
-0.015162819971306	0.368930251863414	949
-0.064184818666451	0.248202668593162	73
-0.016214771709664	0.368826913345635	37
-0.013796254009245	0.374239917977977	95
0.0265351992791101	0.595296241798001	41
-0.01565454339016	0.363482378748212	41
-0.013796254009245	0.374239917977977	274
-0.010996987507142	0.37013610430479	274
-0.013796254009245	0.374239917977977	117
-0.0659992118023181	0.245267351805318	159
-0.01299183915577	0.36852659617043	159
0.00499246649183993	0.475418365328242	1708
-0.06058666479856	0.249112320793435	2
-0.063864637384733	0.248516942959805	12
-0.015407725249235	0.374612111450457	434
-0.06337193448173	0.251725171025196	57
0.00147116836126004	0.473251643070176	57
-0.012121887659061	0.368886497246459	57
-0.063864637384733	0.248516942959805	745
-0.00993545917815397	0.370795837835066	826
-0.068461558585642	0.248109641550082	298
-0.06058666479856	0.249112320793435	17
-0.041066034723384	2.27741188807755	35
-0.098439078124052	2.15765832975029	566
0.04607534570179	0.869677984243949	556
-0.099009040437795	1.04298542595163	705
0.07252440394302	1.00436564617318	396
-0.00356154150450305	1.0547310426678	55
-0.024227938366239	1.16081055130399	192
-0.081890621494297	0.696320413667777	192
-0.114986266020603	0.809225836725639	192
0.00575756563615992	1.86677834801261	33
-0.00904175842463895	0.359151744703211	310
-0.00029609514058504	0.47129919810829	73
-0.013796254009245	0.374239917977977	73
-0.015407725249235	0.374612111450457	73
0.00125860967541991	0.478929450611341	73
-0.014601551030983	0.375791928593149	73
-0.063050710959763	0.252050724097018	37
-0.016657069342454	0.366745698422458	37
-0.014601551030983	0.375791928593149	37
-0.116409773721673	0.564925217012969	274
0.00203652309405999	0.482132580662537	274
-0.064184818666451	0.248202668593162	809
-0.006567265050894	0.460795565296129	84
-0.06058666479856	0.249112320793435	1568
-0.064184818666451	0.248202668593162	2
-0.060094454979737	0.248831364854085	2
-0.019483380056088	0.364992627008556	2
-0.06058666479856	0.249112320793435	434
-0.00822857362849905	0.362562427132467	57
0.03540185315307	0.579369399279243	57
-0.011559321246277	0.375709692754845	203
-0.063050710959763	0.252050724097018	203
-0.012121887659061	0.368886497246459	17
-0.063050710959763	0.252050724097018	106
-0.081990256179393	2.03142124073112	331
-0.123409732755993	1.35402558888076	705
-0.111206206428252	0.573537323607547	73
-0.064184818666451	0.248202668593162	73
-0.013796254009245	0.374239917977977	73
-0.014847092696721	0.36904272807662	37
-0.034425665064197	0.850432598969359	95
-0.118022981910848	0.563111059818534	41
-0.063050710959763	0.252050724097018	2
-0.063050710959763	0.252050724097018	2
-0.063050710959763	0.252050724097018	808
-0.107699683224001	0.577925025102366	57
-0.010498393996987	0.364221785460674	203
-0.064184818666451	0.248202668593162	17
-0.038675599197358	1.81365005718543	192
0.02790382265294	0.608145578611075	192
-0.0306883077983831	1.35793424646607	27
-0.024014634889451	1.19342172645774	27
0.0646844359119401	1.44766145094298	310
-0.021839933273851	0.962854972519882	311
0.00635962052428996	0.474131181918633	73
-0.115097270654054	0.807892165984931	73
0.0018238019238801	0.479769479714341	73
-0.063050710959763	0.252050724097018	73
-0.059768736330852	0.24915118819728	771
-0.06337193448173	0.251725171025196	96
-0.00319502100917302	0.46239706800719	37
-0.021907245776903	0.359837676014412	1643
-0.114940690504641	0.564613733038613	1643
0.00260166618848001	0.482983171513586	95
-0.063050710959763	0.252050724097018	1963
-0.015407725249235	0.374612111450457	117
-0.062236307052307	0.247947976840952	2
-0.06337193448173	0.251725171025196	1008
-0.063864637384733	0.248516942959805	2
-0.06927156914138	0.244692088421178	434
-0.014040513680908	0.370182885853567	808
-0.06058666479856	0.249112320793435	57
0.0094040074522701	0.45613241115664	219
-0.064184818666451	0.248202668593162	219
-0.06337193448173	0.251725171025196	203
-0.068461558585642	0.248109641550082	203
-0.059768736330852	0.24915118819728	203
-0.060911334041387	0.24879326226229	203
-0.015162819971306	0.368930251863414	377
-0.062236307052307	0.247947976840952	1472
-0.063864637384733	0.248516942959805	224
-0.063864637384733	0.248516942959805	106
-0.012121887659061	0.368886497246459	106
-0.06337193448173	0.251725171025196	403
0.0858766975155101	1.76360045342937	546
0.05064787616106	2.04833983940006	192
0.0676227145681101	1.01943471394305	27
-0.080804282363502	0.926399149879708	33
0.00853812695000999	1.06621057397436	311
0.015413482881	0.59706254804188	73
-0.114606667759087	0.576842456472694	73
-0.00166347528398902	0.477586917922281	73
0.00989958956300008	0.477748807228473	73
0.00302507720773004	0.473243084970773	73
-0.015407725249235	0.374612111450457	771
-0.013796254009245	0.374239917977977	96
0.0193091799048	0.60200290434792	1643
0.00436622402426989	0.478929186272674	37
0.0061225630939401	0.485202045359872	365
-0.00628930365803404	0.360669674606016	1614
-0.01972594299856	0.366783266803632	1963
-0.020534558804063	0.365653528734353	463
-0.060094454979737	0.248831364854085	164
-0.014847092696721	0.36904272807662	164
-0.063050710959763	0.252050724097018	2
-0.063050710959763	0.252050724097018	1008
-0.015407725249235	0.374612111450457	12
-0.06058666479856	0.249112320793435	57
-0.060911334041387	0.24879326226229	57
-0.063864637384733	0.248516942959805	57
-0.011559321246277	0.375709692754845	219
-0.064184818666451	0.248202668593162	219
-0.063050710959763	0.252050724097018	377
-0.063050710959763	0.252050724097018	377
-0.060911334041387	0.24879326226229	17
-0.06337193448173	0.251725171025196	403
0.0741439149993799	1.10490203286427	396
0.0146880672634699	1.11522685949318	192
-0.11452995354994	0.564200087408602	27
0.05744854664009	1.33136139925609	33
0.0990909974188801	1.34254637779757	310
-0.06337193448173	0.251725171025196	73
0.0237789895307501	0.604031248705847	73
-0.114606667759087	0.576842456472694	73
-0.063864637384733	0.248516942959805	771
-0.011559321246277	0.375709692754845	1643
-0.063864637384733	0.248516942959805	95
-0.06337193448173	0.251725171025196	1042
-0.011804084047327	0.365337773621531	1963
-0.011559321246277	0.375709692754845	463
-0.011804084047327	0.365337773621531	2374
-0.062558574423391	0.247634103026872	2
-0.014601551030983	0.375791928593149	12
-0.063050710959763	0.252050724097018	57
-0.018918546932261	0.365330461702992	57
-0.014601551030983	0.375791928593149	57
-0.0180306885927221	0.361678662550968	219
-0.06337193448173	0.251725171025196	553
-0.06337193448173	0.251725171025196	377
-0.063864637384733	0.248516942959805	17
-0.06337193448173	0.251725171025196	17
-0.062558574423391	0.247634103026872	17
-0.060911334041387	0.24879326226229	17
-0.063050710959763	0.252050724097018	224
-0.063050710959763	0.252050724097018	106
-0.06058666479856	0.249112320793435	106
-0.063050710959763	0.252050724097018	106
-0.064184818666451	0.248202668593162	17
-0.083613079636362	0.688057345573752	130
0.0276548528368701	1.19995882823596	45
0.0403001457873	0.747878328806844	396
0.05040615519709	0.877058096743004	396
0.03588748804086	0.750721365893848	396
-0.00166347528398902	0.477586917922281	396
-0.108006823535783	0.817085371452565	983
-0.016549194933802	0.98020736639168	192
0.0196011405389001	0.608178891650081	27
0.01952359851583	0.601400696254642	27
-0.010185366198267	0.370060244008601	27
-0.021098841452168	0.365314824962889	310
-0.060094454979737	0.248831364854085	73
-0.06337193448173	0.251725171025196	96
-0.063050710959763	0.252050724097018	96
0.0316573565590901	0.596407875079667	37
-0.012528395037975	0.357100488347559	41
-0.014601551030983	0.375791928593149	95
-0.031549513993588	1.34535833843379	117
-0.00321764144646697	0.473496428600933	117
-0.064184818666451	0.248202668593162	12
0.0123060485453199	0.471980078990497	72
-0.064184818666451	0.248202668593162	777
-0.06927156914138	0.244692088421178	377
-0.062558574423391	0.247634103026872	17
0.00746369492862997	0.48000141001136	17
-0.062558574423391	0.247634103026872	17
-0.060094454979737	0.248831364854085	17
-0.0722149756578579	0.712696512660876	526
0.01678487118755	0.598922849949682	45
0.0361053148255299	0.744237532730723	195
-0.012366011101711	0.370718641089762	396
0.00633411963970998	0.486910098036899	396
-0.06058666479856	0.249112320793435	55
-0.06337193448173	0.251725171025196	55
-0.104394541079077	0.565647712615852	55
-0.01299183915577	0.36852659617043	192
-0.02465443840495	1.43082799029285	192
-0.063864637384733	0.248516942959805	27
0.00767477862087995	0.487789621394888	27
-0.060094454979737	0.248831364854085	27
-0.06337193448173	0.251725171025196	33
-0.062558574423391	0.247634103026872	33
-0.063050710959763	0.252050724097018	310
-0.059768736330852	0.24915118819728	310
0.01126603098318	0.480144308280224	310
0.11482742485055	1.53006406479648	73
-0.060911334041387	0.24879326226229	73
-0.06927156914138	0.244692088421178	73
-0.01242999051219	0.363226600802154	73
-0.064184818666451	0.248202668593162	458
-0.064184818666451	0.248202668593162	37
-0.06337193448173	0.251725171025196	41
-0.063050710959763	0.252050724097018	10
-0.020534558804063	0.365653528734353	57
0.06305604415849	1.0034918903762	57
-0.060094454979737	0.248831364854085	377
-0.063050710959763	0.252050724097018	17
-0.063050710959763	0.252050724097018	106
-0.060094454979737	0.248831364854085	106
-0.063050710959763	0.252050724097018	106
0.03973777034774	1.62729345553882	526
-0.015043773016491	0.362117395157622	130
-0.115333548953125	0.562529294221146	35
-0.060094454979737	0.248831364854085	396
-0.010747801325494	0.37562194001783	396
-0.062236307052307	0.247947976840952	396
-0.010996987507142	0.37013610430479	396
-0.015407725249235	0.374612111450457	192
-0.06058666479856	0.249112320793435	27
-0.06058666479856	0.249112320793435	311
-0.0490333621374131	1.0662834997204	73
-0.059768736330852	0.24915118819728	458
0.00337885932323001	0.4839478351484	96
-0.014601551030983	0.375791928593149	96
-0.063864637384733	0.248516942959805	10
-0.063050710959763	0.252050724097018	10
0.03649678113483	0.752114589237099	117
-0.062236307052307	0.247947976840952	12
-0.010996987507142	0.37013610430479	377
-0.075924420574919	1.14752632466875	526
-0.107338848422304	1.1233864699854	526
-0.122903664694054	1.32873278196194	526
-0.067449080594049	0.706945419947008	45
-0.030738533901132	0.846719835059351	45
-0.037895329398966	0.808085269021803	2647
0.0488154500453499	0.88130367814952	195
0.06629159525981	1.02615756235366	195
-0.016584344398248	0.964418544550439	195
-0.078109662982553	0.697857245472971	396
-0.011804084047327	0.365337773621531	396
-0.011559321246277	0.375709692754845	396
-0.014601551030983	0.375791928593149	396
0.0273280401684699	1.79364995493804	983
0.0320167149881001	0.744918242532328	192
-0.013796254009245	0.374239917977977	33
0.00767477862087995	0.487789621394888	27
-0.013796254009245	0.374239917977977	33
-0.074418497763035	0.955232037372901	140
-0.060911334041387	0.24879326226229	310
-0.063864637384733	0.248516942959805	310
-0.013796254009245	0.374239917977977	458
0.0465986075815199	0.880172829013553	458
-0.065185218463514	0.245307882708456	73
-0.068461558585642	0.248109641550082	96
-0.059768736330852	0.24915118819728	240
-0.015968589076649	0.367797509628704	1643
-0.01435792862882	0.367461216941546	41
-0.064184818666451	0.248202668593162	95
-0.084445458928525	0.939513325411277	1042
-0.106810322852584	0.569015912799571	440
-0.067651077705109	0.244147812537135	10
-0.063864637384733	0.248516942959805	10
0.00818823823504999	1.11324019335263	117
-0.016775230989323	0.362275553909264	17
-0.060094454979737	0.248831364854085	17
-0.06337193448173	0.251725171025196	106
-0.011052945490494	0.97801532383265	45
-0.082128977952479	0.691819353051286	35
-0.049692292912243	1.4034650480885	195
0.02487237034421	0.614620167845515	55
-0.00246897482226005	1.9002136308528	55
-0.080201766407949	0.691609061062253	192
0.04501368993496	0.886707703188899	27
0.0253002832123099	0.610366091604657	140
-0.068461558585642	0.248109641550082	310
-0.062558574423391	0.247634103026872	73
-0.038569934876823	1.07869484480118	637
-0.063050710959763	0.252050724097018	458
-0.064184818666451	0.248202668593162	458
-0.0113104619411391	0.368812314185007	458
-0.047166846098361	1.05589822856368	117
-0.068461558585642	0.248109641550082	82
-0.063050710959763	0.252050724097018	12
-0.113332872893189	0.569796657798686	72
-0.06337193448173	0.251725171025196	17
-0.06337193448173	0.251725171025196	17
-0.062558574423391	0.247634103026872	106
-0.059768736330852	0.24915118819728	17
-0.112595403259112	0.567853120197969	45
-0.024480147035849	1.1779500548566	35
0.00472021148483992	0.475342446902082	55
0.00125860967541991	0.478929450611341	192
-0.121445357466634	1.43774210126801	192
-0.015407725249235	0.374612111450457	27
0.00194763097309991	0.481455761041027	27
-0.063864637384733	0.248516942959805	33
0.00331467891625992	0.476050902244085	27
0.0201813834564699	0.609115429201752	73
-0.063864637384733	0.248516942959805	637
-0.015849802059228	0.366673953158452	2623
-0.063050710959763	0.252050724097018	1643
-0.06927156914138	0.244692088421178	41
-0.060911334041387	0.24879326226229	1700
-0.06337193448173	0.251725171025196	10
-0.062558574423391	0.247634103026872	10
-0.062236307052307	0.247947976840952	117
-0.062558574423391	0.247634103026872	82
-0.06337193448173	0.251725171025196	1388
-0.015162819971306	0.368930251863414	72
-0.069797997721194	1.14227540537151	35
-0.034584671704427	1.11541161130793	195
-0.08246592236812	1.08428670501568	192
0.00331467891625992	0.476050902244085	27
0.01894763317945	0.590008410112083	140
0.0381527650934299	0.749782968649835	73
-0.068461558585642	0.248109641550082	73
-0.062236307052307	0.247947976840952	597
0.03754307712039	0.748400114415466	458
-0.063050710959763	0.252050724097018	1643
-0.015407725249235	0.374612111450457	1643
-0.015162819971306	0.368930251863414	10
0.0190206567165701	0.59812575190583	84
-0.063864637384733	0.248516942959805	265
-0.06058666479856	0.249112320793435	265
-0.063864637384733	0.248516942959805	12
-0.062558574423391	0.247634103026872	82
-0.064184818666451	0.248202668593162	82
-0.06337193448173	0.251725171025196	48
-0.062236307052307	0.247947976840952	1292
-0.062236307052307	0.247947976840952	17
-0.06337193448173	0.251725171025196	782
-0.062558574423391	0.247634103026872	782
-0.011559321246277	0.375709692754845	782
-0.06058666479856	0.249112320793435	782
-0.062558574423391	0.247634103026872	257
-0.023876429780944	1.83141947691271	526
-0.070739306181908	0.71820767270688	45
-0.106101122953625	0.580317776732624	546
-0.042955847929028	0.843082420744074	45
0.0317229187632799	1.84241702162128	35
0.06977121980276	1.01719832765238	35
-0.070922186522876	0.706582472364701	396
0.02508645086572	0.616248210607539	396
0.0354932271411701	1.24010400071892	55
-0.077150860736775	0.717910438413626	192
0.0519977702593999	0.889832735831039	192
-0.114809670556923	0.572553732206599	192
-0.047925616172488	0.839063395439474	192
-0.014601551030983	0.375791928593149	27
0.00329622121345996	1.69546878089494	73
-0.014847092696721	0.36904272807662	597
-0.063050710959763	0.252050724097018	458
-0.06058666479856	0.249112320793435	1457
-0.0659992118023181	0.245267351805318	96
-0.014040513680908	0.370182885853567	96
-0.063050710959763	0.252050724097018	37
0.0270878932715799	1.22879621762081	41
-0.017955118532455	0.956279169653381	41
-0.106298477089483	0.561567132191391	84
0.05641489503366	1.41847900213475	117
-0.06337193448173	0.251725171025196	82
-0.063050710959763	0.252050724097018	1388
-0.063864637384733	0.248516942959805	1388
-0.06337193448173	0.251725171025196	1
-0.062236307052307	0.247947976840952	1640
0.015698592004	0.583491195651251	2251
-0.06337193448173	0.251725171025196	2250
0.0164862223753099	0.463049418297501	17
-0.060094454979737	0.248831364854085	17
-0.124657121365046	1.47758704331862	195
-0.114702060003739	0.811489554793555	396
0.0514916139419901	0.883785280212398	27
0.0361053148255299	0.744237532730723	140
-0.047925932360791	0.832845610341248	140
0.07458636986227	1.11757745323459	637
0.00989958956300008	0.477748807228473	458
-0.018918546932261	0.365330461702992	136
-0.068461558585642	0.248109641550082	2623
-0.062236307052307	0.247947976840952	96
-0.014847092696721	0.36904272807662	96
-0.014601551030983	0.375791928593149	37
0.0428739224078001	0.744356227170771	1042
-0.064184818666451	0.248202668593162	981
-0.06337193448173	0.251725171025196	265
-0.062558574423391	0.247634103026872	82
-0.016775230989323	0.362275553909264	82
-0.062236307052307	0.247947976840952	17
-0.063050710959763	0.252050724097018	2250
-0.062558574423391	0.247634103026872	2250
-0.063050710959763	0.252050724097018	782
-0.062558574423391	0.247634103026872	782
-0.063050710959763	0.252050724097018	17
0.0775669993145001	1.56973226426275	192
0.03649678113483	0.752114589237099	140
-0.047795108055223	0.82269645405737	140
-0.06651854039672	0.712131936859477	73
-0.078490935194735	0.69700519494663	73
-0.064184818666451	0.248202668593162	2915
-0.062236307052307	0.247947976840952	136
-0.063050710959763	0.252050724097018	96
-0.059768736330852	0.24915118819728	41
-0.063864637384733	0.248516942959805	41
-0.06337193448173	0.251725171025196	10
-0.063050710959763	0.252050724097018	360
-0.06337193448173	0.251725171025196	117
-0.00710181021368705	0.363762511645354	117
-0.060911334041387	0.24879326226229	265
-0.063050710959763	0.252050724097018	265
-0.059768736330852	0.24915118819728	265
-0.062236307052307	0.247947976840952	82
-0.06058666479856	0.249112320793435	82
-0.010747801325494	0.37562194001783	12
-0.064184818666451	0.248202668593162	48
-0.063864637384733	0.248516942959805	72
-0.063050710959763	0.252050724097018	1534
-0.059768736330852	0.24915118819728	72
-0.110803311756667	0.573204163045635	546
0.04468698076595	1.34259916162272	35
-0.070903977284562	1.5810982722306	195
0.01894763317945	0.590008410112083	396
0.0196011405389001	0.608178891650081	396
0.01205746255895	1.11977303306723	983
0.00337885932323001	0.4839478351484	27
-0.011559321246277	0.375709692754845	27
0.0286182683212199	0.587704743076258	73
-0.016415475166458	0.366334860207041	73
0.00767477862087995	0.487789621394888	136
-0.060911334041387	0.24879326226229	136
-0.01299183915577	0.36852659617043	96
-0.06337193448173	0.251725171025196	96
-0.064184818666451	0.248202668593162	37
-0.05326090027687	1.06329336072861	37
-0.062558574423391	0.247634103026872	37
-0.06337193448173	0.251725171025196	1762
-0.063050710959763	0.252050724097018	1042
-0.060094454979737	0.248831364854085	1042
-0.063864637384733	0.248516942959805	360
-0.012263681208119	0.985316392979178	117
-0.060911334041387	0.24879326226229	82
-0.016657069342454	0.366745698422458	82
-0.113931286540549	0.568764388230666	12
0.00716037077005005	0.472808036889522	72
-0.063050710959763	0.252050724097018	1
-0.06337193448173	0.251725171025196	17
-0.014601551030983	0.375791928593149	782
-0.063050710959763	0.252050724097018	17
-0.112540539599808	1.5431075778824	45
-0.029831046747587	1.17682260357169	396
-0.07173458744238	1.14158218032381	192
0.07085149587599	1.07787398916723	27
-0.077150860736775	0.717910438413626	27
0.06491866994049	1.00771682617917	140
-0.063050710959763	0.252050724097018	73
-0.0754971316934801	0.716990249980719	458
-0.060094454979737	0.248831364854085	2623
-0.015407725249235	0.374612111450457	2623
-0.015407725249235	0.374612111450457	41
-0.06337193448173	0.251725171025196	10
-0.014601551030983	0.375791928593149	360
-0.06337193448173	0.251725171025196	265
-0.063050710959763	0.252050724097018	82
-0.06927156914138	0.244692088421178	48
-0.071692807883327	0.960219754216605	950
0.0780217394490701	1.15400027816863	396
-0.024170160625495	1.16456481504483	396
0.0314188765096901	0.724045176043246	55
-0.034810477741828	1.13322281855297	192
-0.06058666479856	0.249112320793435	33
-0.020290500680645	0.366443091077846	33
-0.066996895088081	1.34372696975886	140
-0.062236307052307	0.247947976840952	458
-0.06337193448173	0.251725171025196	96
-0.00937275005210902	0.365436274765583	96
-0.010747801325494	0.37562194001783	764
-0.062558574423391	0.247634103026872	764
-0.04552886708061	0.847966187359052	37
0.0284249350858199	0.729521649732123	37
-0.014601551030983	0.375791928593149	2285
-0.014040513680908	0.370182885853567	10
-0.063864637384733	0.248516942959805	30
0.00355016795453	0.479099766440325	1175
-0.063864637384733	0.248516942959805	265
-0.015407725249235	0.374612111450457	82
-0.06337193448173	0.251725171025196	82
-0.059768736330852	0.24915118819728	1292
-0.06337193448173	0.251725171025196	72
-0.014040513680908	0.370182885853567	2042
-0.017222465719939	0.36640630680174	1
-0.106610812770633	0.571607751241294	17
-0.00166347528398902	0.477586917922281	17
-0.06337193448173	0.251725171025196	1
0.00668729437263993	0.4775299745135	1
-0.063050710959763	0.252050724097018	216
-0.012366011101711	0.370718641089762	1684
-0.063050710959763	0.252050724097018	257
0.0240817222919201	0.612321078220577	45
-0.014847092696721	0.36904272807662	45
-0.00710181021368705	0.363762511645354	45
0.00555762051878994	0.48434826747026	45
-0.014040513680908	0.370182885853567	195
-0.063864637384733	0.248516942959805	396
-0.062236307052307	0.247947976840952	55
-0.010747801325494	0.37562194001783	396
0.00104526969502006	0.472056239911211	55
0.00114609142745992	0.478921664228091	192
-0.06337193448173	0.251725171025196	192
-0.020290500680645	0.366443091077846	192
-0.059768736330852	0.24915118819728	192
-0.012928170512171	0.36412127909435	27
-0.06337193448173	0.251725171025196	27
-0.06058666479856	0.249112320793435	27
-0.06337193448173	0.251725171025196	33
-0.018918546932261	0.365330461702992	33
-0.059768736330852	0.24915118819728	73
-0.062558574423391	0.247634103026872	73
-0.062236307052307	0.247947976840952	73
-0.063050710959763	0.252050724097018	458
-0.063050710959763	0.252050724097018	458
-0.062558574423391	0.247634103026872	96
-0.063050710959763	0.252050724097018	96
-0.060911334041387	0.24879326226229	37
-0.064184818666451	0.248202668593162	30
-0.068461558585642	0.248109641550082	558
-0.075674952879938	1.65734439236087	45
0.00967882644460993	1.11541663702156	35
-0.060122321464976	1.11134381432973	195
-0.106610812770633	0.571607751241294	192
0.00138173954919996	0.474915836916875	33
0.0506370704713	0.879928318722756	140
0.00909707101219004	0.471365726552448	73
0.02676540566884	0.725530275598379	73
-0.063864637384733	0.248516942959805	73
-0.015407725249235	0.374612111450457	73
-0.019483380056088	0.364992627008556	73
-0.014040513680908	0.370182885853567	37
-0.015968589076649	0.367797509628704	41
-0.063864637384733	0.248516942959805	41
-0.064184818666451	0.248202668593162	1042
-0.063050710959763	0.252050724097018	10
-0.014601551030983	0.375791928593149	10
-0.06927156914138	0.244692088421178	558
-0.063864637384733	0.248516942959805	558
-0.063864637384733	0.248516942959805	660
-0.060094454979737	0.248831364854085	12
-0.06337193448173	0.251725171025196	48
-0.064184818666451	0.248202668593162	48
-0.015407725249235	0.374612111450457	72
-0.063864637384733	0.248516942959805	666
-0.060094454979737	0.248831364854085	572
-0.068461558585642	0.248109641550082	572
-0.064184818666451	0.248202668593162	216
-0.063864637384733	0.248516942959805	216
-0.06337193448173	0.251725171025196	257
-0.094751471028831	1.0265241913967	45
-0.081988914274053	1.12526033880237	55
-0.055591448027895	1.76424988511153	192
-0.102704784400643	0.573870402863623	33
-0.10890264492118	1.26654212804564	140
-0.075301992002896	0.695009706476992	41
-0.060911334041387	0.24879326226229	41
-0.020290500680645	0.366443091077846	41
-0.076169763213924	0.698363228147311	10
-0.059768736330852	0.24915118819728	584
-0.059768736330852	0.24915118819728	1687
-0.068461558585642	0.248109641550082	558
0.0222573655011	0.603482348396715	12
-0.068461558585642	0.248109641550082	12
-0.062236307052307	0.247947976840952	72
-0.014601551030983	0.375791928593149	12
-0.064184818666451	0.248202668593162	1
-0.0659992118023181	0.245267351805318	216
-0.019483380056088	0.364992627008556	216
-0.016775230989323	0.362275553909264	216
-0.063050710959763	0.252050724097018	257
-0.063050710959763	0.252050724097018	257
0.02030473222282	1.49955433534317	45
-0.083485109519263	2.18164267324276	45
-0.114854824607317	1.39931964763571	192
0.00322464968649006	1.30801287641923	192
0.0140810057768299	0.462421441585341	73
-0.068461558585642	0.248109641550082	73
0.00576901497540994	0.477870986218318	73
-0.07319023286335	0.944687627318032	73
-0.010185366198267	0.370060244008601	1355
-0.014601551030983	0.375791928593149	41
-0.0659992118023181	0.245267351805318	41
-0.06337193448173	0.251725171025196	41
-0.074493399775437	0.712373821252651	30
-0.063050710959763	0.252050724097018	558
0.00359033344675996	0.482097844754184	12
-0.012366011101711	0.370718641089762	12
-0.057612008947302	0.243320900521788	12
-0.063050710959763	0.252050724097018	12
-0.019483380056088	0.364992627008556	72
-0.057612008947302	0.243320900521788	12
-0.065185218463514	0.245307882708456	1
-0.013796254009245	0.374239917977977	257
-0.063050710959763	0.252050724097018	257
0.01998317528437	1.0913009556614	45
0.0871909127089101	1.16093569994821	45
0.0395480523806899	1.32435238913884	192
0.11632687604522	1.34289377927965	33
-0.063610488914302	1.28273948743845	1030
-0.06337193448173	0.251725171025196	73
-0.076304376695898	1.11946899050104	73
-0.089663818557332	0.905165778823158	96
-0.114735160271229	0.567066842807043	96
-0.062236307052307	0.247947976840952	1355
0.01126603098318	0.480144308280224	1355
-0.000861730581280029	0.476636133971408	41
-0.063864637384733	0.248516942959805	41
0.0654838711727099	1.01515986688989	41
0.0229870295933501	0.602686113615037	41
-0.057282819831269	0.243626507748643	41
-0.063050710959763	0.252050724097018	41
-0.060094454979737	0.248831364854085	41
-0.060094454979737	0.248831364854085	30
-0.016415475166458	0.366334860207041	48
-0.060094454979737	0.248831364854085	830
-0.063050710959763	0.252050724097018	1
-0.06337193448173	0.251725171025196	216
-0.057272570232672	1.23760221424723	45
-0.019590700019662	0.976639346361302	45
-0.103106120110225	0.566887752420663	45
-0.120725825335708	2.30627013898176	45
0.02089003658142	0.605909550779579	55
0.0616841669319399	1.4157161467592	96
-0.015849802059228	0.366673953158452	1355
0.0330646843917599	0.749094701496654	41
-0.062236307052307	0.247947976840952	41
-0.06927156914138	0.244692088421178	30
-0.059768736330852	0.24915118819728	84
-0.012121887659061	0.368886497246459	695
-0.060911334041387	0.24879326226229	558
-0.01435792862882	0.367461216941546	80
-0.06337193448173	0.251725171025196	417
-0.059768736330852	0.24915118819728	12
-0.00628930365803404	0.360669674606016	12
-0.063864637384733	0.248516942959805	12
-0.06337193448173	0.251725171025196	12
-0.064184818666451	0.248202668593162	1
-0.063050710959763	0.252050724097018	1
-0.063050710959763	0.252050724097018	1
-0.064184818666451	0.248202668593162	800
0.08015886853016	1.15675290529598	45
-0.118056088739365	1.86872816963974	45
0.02009932648778	0.604952093835729	55
0.0104636803132701	0.478572690780905	33
-0.0861774497507	1.20348298511608	140
0.0296505379799801	0.721122354969041	73
0.02508645086572	0.616248210607539	73
-0.056568798863852	1.24113751263384	73
0.0374947128676899	0.826925279470865	96
-0.06337193448173	0.251725171025196	41
0.0264553373182601	0.612443961423546	41
-0.06337193448173	0.251725171025196	41
-0.109567281321116	0.991614334101104	10
-0.10869690647404	0.556169391235058	10
-0.111516749910316	0.564089901462025	30
-0.06058666479856	0.249112320793435	12
-0.06337193448173	0.251725171025196	12
-0.059768736330852	0.24915118819728	12
-0.06337193448173	0.251725171025196	830
-0.067651077705109	0.244147812537135	1
-0.06337193448173	0.251725171025196	590
-0.06337193448173	0.251725171025196	17
0.00576901497540994	0.477870986218318	964
0.0594171086736399	2.29373619147764	45
-0.041879824869294	1.64825569047051	45
-0.02253808316454	0.925741212431814	331
0.02544897367711	0.604302832435375	55
0.0514916139419901	0.883785280212398	192
-0.062558574423391	0.247634103026872	33
-0.102974649479682	1.01065523037765	140
-0.109541616229092	1.01600589289885	140
-0.068406028755558	0.715586690615506	73
-0.010185366198267	0.370060244008601	73
0.0154883418923299	0.590392481358909	73
-0.012748680611254	0.970967381112733	73
-0.045789966412162	0.852925483135462	41
-0.062236307052307	0.247947976840952	41
0.08315614520727	1.15504126564479	10
-0.063864637384733	0.248516942959805	41
0.01070192654105	0.479315782088866	30
0.0237184494057501	0.612525541079298	80
-0.018918546932261	0.365330461702992	80
0.00555762051878994	0.48434826747026	80
-0.0135539200221591	0.36202414392691	12
-0.06337193448173	0.251725171025196	417
-0.011559321246277	0.375709692754845	12
-0.06058666479856	0.249112320793435	12
-0.011559321246277	0.375709692754845	12
-0.013234811295878	0.368702668266516	12
-0.063864637384733	0.248516942959805	12
-0.060094454979737	0.248831364854085	12
-0.000861730581280029	0.476636133971408	590
0.11524854334314	1.47675720884055	195
-0.105094945972287	0.577311399537991	73
0.04648900965383	1.33720629777815	73
0.00114609142745992	0.478921664228091	136
-0.01950373962713	0.946053916189726	96
-0.060094454979737	0.248831364854085	41
-0.063050710959763	0.252050724097018	41
-0.063050710959763	0.252050724097018	10
0.0018238019238801	0.479769479714341	30
0.00218308568707992	0.474968732496263	80
-0.010747801325494	0.37562194001783	80
-0.011559321246277	0.375709692754845	12
-0.0659992118023181	0.245267351805318	1443
-0.018677485850927	0.359607857634117	1
-0.011559321246277	0.375709692754845	1
-0.018918546932261	0.365330461702992	1
-0.063050710959763	0.252050724097018	1
-0.043351195067257	1.72403750392035	45
-0.00983750196080702	0.991691331314134	140
-0.017141775490874	0.975888183371008	41
-0.012366011101711	0.370718641089762	41
-0.077634784493689	0.69707584610857	10
-0.019483380056088	0.364992627008556	41
-0.049236393745394	0.796184686118782	926
-0.018918546932261	0.365330461702992	80
-0.00993545917815397	0.370795837835066	12
-0.010747801325494	0.37562194001783	12
-0.02134303369576	0.360168617390606	12
-0.019483380056088	0.364992627008556	12
-0.06058666479856	0.249112320793435	12
-0.06058666479856	0.249112320793435	12
-0.020290500680645	0.366443091077846	12
0.00767477862087995	0.487789621394888	12
-0.014040513680908	0.370182885853567	12
-0.064184818666451	0.248202668593162	1
-0.015162819971306	0.368930251863414	1
-0.063864637384733	0.248516942959805	1
-0.062558574423391	0.247634103026872	17
-0.063864637384733	0.248516942959805	964
-0.0236431839126871	1.72796009293592	192
-0.090119547798199	1.71358744219897	55
0.0618678132611401	1.02460850868589	140
0.06554193632089	1.00966503901526	73
-0.066833883438471	1.1861799401335	81
-0.013234811295878	0.368702668266516	44
0.02009932648778	0.604952093835729	41
0.00281376540922995	0.483094799170805	41
0.03202629548661	0.711508646198942	10
-0.013796254009245	0.374239917977977	80
-0.06337193448173	0.251725171025196	80
-0.060094454979737	0.248831364854085	12
-0.063864637384733	0.248516942959805	2877
-0.10830706645663	0.57205912649042	12
-0.013796254009245	0.374239917977977	1
-0.06058666479856	0.249112320793435	590
-0.06337193448173	0.251725171025196	257
-0.106501092538938	1.43766160590204	396
-0.0838124636900201	1.54519222160519	55
0.0721776168224599	1.11493701341534	140
-0.124472328075482	1.19675343262974	73
-0.001492874109012	1.62113470146112	73
-0.112734712407713	0.567209662437189	73
-0.010185366198267	0.370060244008601	136
-0.015407725249235	0.374612111450457	10
-0.067651077705109	0.244147812537135	10
-0.011559321246277	0.375709692754845	10
-0.110712251895036	0.579536858192426	10
0.00555868025863004	0.47258947384182	30
-0.064184818666451	0.248202668593162	531
-0.063864637384733	0.248516942959805	117
-0.014601551030983	0.375791928593149	80
-0.06337193448173	0.251725171025196	80
-0.064184818666451	0.248202668593162	12
-0.06337193448173	0.251725171025196	12
-0.062558574423391	0.247634103026872	12
-0.062236307052307	0.247947976840952	12
-0.062558574423391	0.247634103026872	142
0.00337885932323001	0.4839478351484	590
-0.063864637384733	0.248516942959805	590
-0.060911334041387	0.24879326226229	590
-0.06337193448173	0.251725171025196	17
-0.06337193448173	0.251725171025196	257
-0.068461558585642	0.248109641550082	257
0.0417618887198701	2.39551202686027	45
0.0216012210671399	1.46809353996562	396
0.0150972809892	1.41678873857322	396
0.08322373603462	1.15934809650091	73
-0.112322081306381	0.567344755567666	301
0.0274794083812899	0.60462384428213	136
0.03287006759522	0.594899902122698	44
-0.114403998478769	0.574626975473283	41
-0.015407725249235	0.374612111450457	10
0.0123060485453199	0.471980078990497	10
0.0367150638809299	0.750705796270422	30
-0.116669291817991	0.554798185614401	84
-0.016214771709664	0.368826913345635	80
-0.015162819971306	0.368930251863414	596
-0.060094454979737	0.248831364854085	12
-0.062236307052307	0.247947976840952	1
-0.06337193448173	0.251725171025196	1
-0.01242999051219	0.363226600802154	590
-0.063864637384733	0.248516942959805	257
0.00547086075145997	1.36025582222876	45
-0.039429690564554	0.851041776585135	396
0.11263674787199	2.05087261104625	55
-0.071338581168349	0.923644054288052	55
-0.102780998182247	1.03543766733351	192
0.0834006031622301	1.13587586806221	922
0.02110501746394	0.601457060446205	55
-0.047083868658059	0.830640947971076	73
-0.010185366198267	0.370060244008601	73
-0.063050710959763	0.252050724097018	73
-0.00710181021368705	0.363762511645354	44
-0.099108869605589	1.031592624036	41
-0.063050710959763	0.252050724097018	10
-0.015407725249235	0.374612111450457	10
-0.06337193448173	0.251725171025196	432
-0.012366011101711	0.370718641089762	12
-0.082066349114984	0.94418123462548	12
0.0118299205674699	0.472754900281244	596
0.03566944517771	0.749822108884996	12
0.00203652309405999	0.482132580662537	12
-0.06337193448173	0.251725171025196	1
-0.06058666479856	0.249112320793435	1
-0.015407725249235	0.374612111450457	590
-0.063050710959763	0.252050724097018	800
-0.030417047133635	1.8102119144162	45
0.11605424366468	1.64519180685595	396
0.02911397339121	1.20628958799627	55
-0.0575034954813211	1.23820737534819	55
0.0494948577291601	0.863826972320886	192
0.09427556702101	1.26765149067782	73
-0.089938610098143	1.08436477841986	73
0.0240817222919201	0.612321078220577	301
0.00281376540922995	0.483094799170805	44
0.0312487254471501	0.728338599681637	44
0.00654487941528004	0.477901005900799	44
-0.064184818666451	0.248202668593162	41
-0.010996987507142	0.37013610430479	10
-0.063050710959763	0.252050724097018	10
0.02350516387716	0.613901700970229	10
-0.00296238099046298	0.46448221389561	117
0.00260166618848001	0.482983171513586	80
-0.063050710959763	0.252050724097018	534
-0.06337193448173	0.251725171025196	500
-0.063864637384733	0.248516942959805	1319
-0.063864637384733	0.248516942959805	1319
-0.064184818666451	0.248202668593162	12
-0.064184818666451	0.248202668593162	12
-0.102102611025812	0.574908518214491	596
-0.063864637384733	0.248516942959805	596
-0.013234811295878	0.368702668266516	596
-0.063864637384733	0.248516942959805	590
-0.06337193448173	0.251725171025196	590
-0.063050710959763	0.252050724097018	590
-0.063864637384733	0.248516942959805	964
-0.0923353795370661	1.36659927918671	1629
-0.0840709877253461	1.2950771790042	55
0.0934855135460899	1.25526448334902	2418
-0.031457942891718	1.12944828577518	73
0.04526079805441	1.33267033820413	73
-0.0754971316934801	0.716990249980719	44
0.02479176121569	0.708841241331044	10
-0.014601551030983	0.375791928593149	10
-0.062558574423391	0.247634103026872	531
0.0031665978000901	0.475356079313665	394
-0.011559321246277	0.375709692754845	500
-0.00166347528398902	0.477586917922281	500
-0.064184818666451	0.248202668593162	12
-0.016415475166458	0.366334860207041	12
0.00224845991010003	0.474180651822615	12
0.01988438872158	0.600497950698704	1
-0.00244286975242403	0.476636030622947	1
-0.00159826005781905	1.75556968124259	396
0.02934298967495	1.59009978929325	396
-0.034391869113543	1.35436986599399	55
0.02137207545019	1.40548859647612	55
0.0477449418545399	1.31397340173137	140
-0.075840276795873	1.29965318550872	73
-0.107724215664868	0.808605375305554	73
-0.069025650319202	0.716043969556087	73
-0.012928170512171	0.36412127909435	41
0.00281376540922995	0.483094799170805	41
-0.013796254009245	0.374239917977977	41
0.00746369492862997	0.48000141001136	41
0.01952359851583	0.601400696254642	41
0.01070192654105	0.479315782088866	10
0.00845161371226011	0.48529991152662	10
0.00125860967541991	0.478929450611341	10
-0.014040513680908	0.370182885853567	30
-0.112528235053252	0.569885977936437	30
-0.116278056131401	0.809007897303902	4
-0.060911334041387	0.24879326226229	12
-0.010185366198267	0.370060244008601	596
-0.064184818666451	0.248202668593162	1
-0.014601551030983	0.375791928593149	1
-0.063864637384733	0.248516942959805	1
-0.06058666479856	0.249112320793435	590
-0.06337193448173	0.251725171025196	829
-0.010185366198267	0.370060244008601	829
-0.063050710959763	0.252050724097018	1214
-0.054573192564115	1.05140633970203	55
-0.014066373542673	0.974815312175272	922
0.0622136467266601	1.01663583292663	922
0.01160488228093	1.09805569878379	73
-0.004969049754184	1.34379538753831	73
0.00331467891625992	0.476050902244085	73
-0.063864637384733	0.248516942959805	73
-0.070415195176733	0.710656844519084	73
-0.007665078827225	0.369030086928343	136
-0.116014541743588	0.570603179061096	44
-0.060911334041387	0.24879326226229	44
-0.010996987507142	0.37013610430479	44
0.0231411314308401	0.60067857981493	10
0.01093974696818	0.469417733296089	30
-0.015162819971306	0.368930251863414	80
-0.060094454979737	0.248831364854085	394
-0.063864637384733	0.248516942959805	12
0.00194763097309991	0.481455761041027	12
-0.063864637384733	0.248516942959805	12
-0.064184818666451	0.248202668593162	12
-0.06337193448173	0.251725171025196	12
0.0316224396639999	0.74466541513779	12
-0.108504525061959	0.580768896953531	12
-0.00576686912450297	0.459942676170652	12
-0.015849802059228	0.366673953158452	12
-0.0135539200221591	0.36202414392691	1
-0.020534558804063	0.365653528734353	1
-0.06337193448173	0.251725171025196	1
-0.063864637384733	0.248516942959805	1
-0.012121887659061	0.368886497246459	1
-0.062558574423391	0.247634103026872	590
-0.06058666479856	0.249112320793435	1214
0.00449365191014994	1.07361017304909	55
0.0331282424603001	1.20710767201335	55
-0.0135899156750881	1.4191627511677	192
0.06382453705491	0.981593598268191	922
0.0369331304794001	0.741988196133695	55
-0.095826255456382	1.37314867211038	73
-0.081146637264096	0.905399859310755	73
-0.062558574423391	0.247634103026872	73
-0.063864637384733	0.248516942959805	820
-0.064184818666451	0.248202668593162	136
-0.108020594243278	0.567103673014861	44
-0.06337193448173	0.251725171025196	44
-0.06337193448173	0.251725171025196	44
-0.014040513680908	0.370182885853567	44
-0.03272079864518	1.15440373075146	41
0.01865264303554	1.17662283176159	41
-0.064184818666451	0.248202668593162	10
-0.062236307052307	0.247947976840952	10
-0.101996508458205	1.03462656200376	30
-0.060094454979737	0.248831364854085	80
0.0324656384440201	0.735861805495666	12
-0.069645532795163	0.712851479286915	12
-0.063050710959763	0.252050724097018	1
-0.067651077705109	0.244147812537135	1
0.02331833183398	1.09588199720672	45
-0.078195575287233	1.31814960050877	45
-0.057385478494758	1.02865443884925	396
0.05574580731573	0.877226128076432	396
-0.011921294190401	0.989939564026825	55
0.02711359131616	0.606800222953852	55
-0.047688874988093	0.806536103715961	55
-0.113539142119442	0.565524016450602	55
0.0405175119433201	0.752960176079147	55
-0.109908644960058	0.580558450510033	922
0.0242955289820099	0.616215651543523	922
-0.000861730581280029	0.476636133971408	922
0.0392967326103799	0.745116028003933	55
-0.106610812770633	0.571607751241294	73
-0.1031076139519	0.557462858559027	637
-0.110620869554063	0.8171111071556	73
-0.015407725249235	0.374612111450457	73
-0.062558574423391	0.247634103026872	44
-0.069500744326252	0.713051857239002	44
0.02732514623711	0.596592321560001	41
-0.063864637384733	0.248516942959805	10
-0.014601551030983	0.375791928593149	10
-0.0709761032431671	0.715439241927223	10
0.0410888754738401	0.741959018554827	10
0.00689901290568007	0.487772154230679	30
-0.051753849167586	1.04888825283323	117
-0.062558574423391	0.247634103026872	12
0.00520118784220003	1.10363954545106	12
-0.064184818666451	0.248202668593162	12
-0.062558574423391	0.247634103026872	12
0.00411586977403999	0.473731522452391	12
-0.00375657992747402	0.357558188906813	590
-0.059768736330852	0.24915118819728	590
0.0734202371931301	1.1243862256923	45
0.0381527650934299	0.749782968649835	45
0.03138424911063	1.21585904086085	45
0.01213352377663	1.69002437096005	263
-0.074875521243045	0.718336288619453	396
0.0201813834564699	0.609115429201752	396
-0.0689323532259351	0.712764060451152	396
-0.103716022478682	0.803426564654832	396
-0.079910693232905	0.687135954501507	55
-0.109104559929974	0.579703067248731	55
-0.116615357678306	0.556464162441266	55
-0.010185366198267	0.370060244008601	73
0.0544362012689601	1.30330040800137	73
0.00514143395042011	0.471536099890362	73
-0.063050710959763	0.252050724097018	73
-0.113931286540549	0.568764388230666	13
-0.063050710959763	0.252050724097018	44
0.00710993469046994	0.486928562916366	41
0.0877478146383599	1.16148143810095	41
-0.0113104619411391	0.368812314185007	10
0.0264810648418099	1.22639381000656	10
-0.063050710959763	0.252050724097018	30
-0.06337193448173	0.251725171025196	722
0.0774668173842299	1.12715812778622	30
0.0246919596110999	1.21981243675817	4
-0.015407725249235	0.374612111450457	4
-0.06058666479856	0.249112320793435	12
-0.11271454034479	0.56063598254126	12
-0.064184818666451	0.248202668593162	1
-0.010996987507142	0.37013610430479	1
-0.06337193448173	0.251725171025196	1214
0.0476898368426399	1.34092799143492	45
-0.043838311396992	0.842050279447953	45
0.08265610762705	1.14322954863528	45
-0.081389688231287	0.697010478664635	396
-0.014040513680908	0.370182885853567	396
0.0246580429036001	0.602090374745748	396
0.0545507318043199	0.880700054645173	396
-0.064184818666451	0.248202668593162	922
0.00514143395042011	0.471536099890362	55
0.00633411963970998	0.486910098036899	73
-0.011559321246277	0.375709692754845	73
0.02097406769489	0.609164489411388	73
-0.113198011556917	0.576600452937492	73
-0.07319023286335	0.944687627318032	73
-0.013796254009245	0.374239917977977	73
-0.029571116482747	1.35092380827917	13
-0.020290500680645	0.366443091077846	10
-0.062236307052307	0.247947976840952	4
-0.060911334041387	0.24879326226229	12
-0.01972594299856	0.366783266803632	12
0.0380372948159	0.740239718631489	12
-0.014847092696721	0.36904272807662	12
-0.0135539200221591	0.36202414392691	12
-0.06058666479856	0.249112320793435	1
-0.00710181021368705	0.363762511645354	1
-0.013234811295878	0.368702668266516	1
-0.010996987507142	0.37013610430479	1
0.08449712063063	1.13662161011804	45
-0.048035012171182	1.0528583709616	45
-0.099319197633857	1.00460520449839	45
-0.047565478783316	1.06837654170742	45
-0.00321764144646697	0.473496428600933	396
0.00171175334323004	0.473534669612339	396
-0.109104559929974	0.579703067248731	55
0.03048387506791	0.716753724779327	73
-0.01972594299856	0.366783266803632	13
-0.063050710959763	0.252050724097018	13
-0.062558574423391	0.247634103026872	1056
-0.062236307052307	0.247947976840952	1056
-0.06337193448173	0.251725171025196	44
-0.014040513680908	0.370182885853567	44
0.00855530431981011	1.08688477977675	44
-0.109394403433435	0.56685354135761	23
-0.06337193448173	0.251725171025196	10
-0.06337193448173	0.251725171025196	10
-0.063050710959763	0.252050724097018	10
-0.071346834350381	1.15186639628544	10
-0.063864637384733	0.248516942959805	4
-0.063050710959763	0.252050724097018	12
-0.118582056127114	0.819608557470018	2463
-0.063864637384733	0.248516942959805	1580
-0.105898681125292	0.579368357893281	1
0.00767477862087995	0.487789621394888	1
-0.013796254009245	0.374239917977977	829
-0.00847853869838899	0.365465669998012	829
-0.064816999746947	1.14129645422354	45
0.00259687644178008	1.36615097745633	45
0.0434844964613901	0.74069159551604	396
-0.117216622300766	0.564812810137303	396
0.05574580731573	0.877226128076432	396
0.0243605957444799	0.604952229999684	55
0.11056721131083	1.46159311600198	1398
-0.107904744617639	0.578068137619514	922
-0.037246115087987	0.858288425326223	922
-0.070030078571947	0.71911369683598	922
-0.11238767035541	0.826728250965386	922
0.0474556873615399	0.887222181122616	73
0.02487237034421	0.614620167845515	73
-0.010996987507142	0.37013610430479	1056
-0.062558574423391	0.247634103026872	44
-0.064192167165201	1.15497065582382	10
-0.018918546932261	0.365330461702992	10
0.02319714136402	0.594218984140642	10
-0.0113104619411391	0.368812314185007	10
-0.010996987507142	0.37013610430479	30
-0.060911334041387	0.24879326226229	12
-0.015968589076649	0.367797509628704	12
-0.015407725249235	0.374612111450457	12
-0.063864637384733	0.248516942959805	12
0.0789798559123001	1.13373921340532	2463
-0.063864637384733	0.248516942959805	1580
-0.007665078827225	0.369030086928343	1
0.00689901290568007	0.487772154230679	1
-0.064184818666451	0.248202668593162	1
-0.063864637384733	0.248516942959805	1214
-0.064184818666451	0.248202668593162	1214
-0.101241862471458	1.01137890346279	45
0.0228360469437101	1.86144647404055	45
-0.116014541743588	0.570603179061096	396
0.0082394113617501	0.480029165942847	396
0.0539267145598501	0.871505998747978	396
-0.042090650723171	0.85826871418241	55
-0.064038850319425	0.697467937266024	55
-0.00106241605891	1.54757863236113	396
-0.018139647560165	0.974496190727967	1398
-0.05450055207668	1.93233822387396	1398
0.03328262076126	0.74244250270607	55
-0.079198809414355	0.92529119710894	73
-0.0346100920145011	1.50412532110401	73
-0.11059765288481	1.09343374994041	73
-0.06337193448173	0.251725171025196	13
-0.06337193448173	0.251725171025196	10
-0.015407725249235	0.374612111450457	10
-0.012121887659061	0.368886497246459	351
0.03403473771815	1.2380108725397	2463
-0.08110898178976	0.910656217292001	65
-0.062236307052307	0.247947976840952	1
-0.010324283023501	1.27044524726808	45
-0.013901744333258	1.63992883667355	45
-0.043474343199482	0.838417877645451	45
-0.0681072459887661	2.27970301841349	45
-0.081447767519817	0.941734642559733	263
0.00901546251682994	0.477655841456451	396
0.0115370544489	1.10472745708397	396
-0.0745860805594391	0.688409460727398	192
-0.079051328622831	0.687246142066072	55
0.0753070863256	1.1046264643479	73
0.0464961742279	0.884494876085482	73
-0.013850151074993	0.970105406525045	73
-0.00296013954363294	0.968045596936703	73
-0.105898681125292	0.579368357893281	73
-0.06337193448173	0.251725171025196	44
-0.063050710959763	0.252050724097018	44
-0.00321764144646697	0.473496428600933	41
-0.068461558585642	0.248109641550082	10
-0.068461558585642	0.248109641550082	10
-0.109908644960058	0.580558450510033	10
-0.067651077705109	0.244147812537135	1859
-0.116806846663935	0.561560655739399	12
-0.060911334041387	0.24879326226229	12
-0.06337193448173	0.251725171025196	351
-0.059768736330852	0.24915118819728	1
-0.014847092696721	0.36904272807662	1
-0.063864637384733	0.248516942959805	1
-0.063050710959763	0.252050724097018	1
-0.063050710959763	0.252050724097018	1
-0.060911334041387	0.24879326226229	1
-0.0979378469857179	1.72149133616436	45
0.0899563682015301	1.14874588627661	45
0.02947870079356	1.20656279234161	45
0.0701765640904599	1.01185565498784	45
0.0897207390736099	1.27207376968757	45
0.0519977702593999	0.889832735831039	45
0.0390802794320799	0.750281138058264	396
-0.00847853869838899	0.365465669998012	396
-0.016415475166458	0.366334860207041	396
0.10700357167153	1.37957997964148	55
-0.01299183915577	0.36852659617043	55
0.03776412209052	1.20652626258439	73
-0.06058666479856	0.249112320793435	81
-0.064184818666451	0.248202668593162	44
-0.06927156914138	0.244692088421178	44
-0.060094454979737	0.248831364854085	44
-0.063864637384733	0.248516942959805	44
-0.071192440017163	1.1279590996461	41
-0.01242999051219	0.363226600802154	41
-0.062558574423391	0.247634103026872	309
-0.111383115885363	0.818149140083855	10
0.02292836747479	0.610240827965514	10
-0.06927156914138	0.244692088421178	10
-0.063050710959763	0.252050724097018	1859
-0.059768736330852	0.24915118819728	1
0.0018238019238801	0.479769479714341	1
-0.032609534627986	0.841835479596717	1
0.00555868025863004	0.47258947384182	1
-0.063864637384733	0.248516942959805	1
-0.010747801325494	0.37562194001783	1
-0.057282819831269	0.243626507748643	279
0.00425574675660001	1.06822107045173	45
0.01938925710308	0.606835697264097	396
-0.015162819971306	0.368930251863414	922
-0.104037547670398	1.02040473284638	73
-0.015968589076649	0.367797509628704	13
-0.063864637384733	0.248516942959805	13
-0.068461558585642	0.248109641550082	44
0.00394374180763002	0.476290650027989	698
-0.012928170512171	0.36412127909435	44
-0.014847092696721	0.36904272807662	44
-0.0274199025272061	0.891644343288805	44
-0.06337193448173	0.251725171025196	41
-0.06337193448173	0.251725171025196	232
-0.063050710959763	0.252050724097018	629
0.0934196907207501	1.25265392494409	10
-0.063050710959763	0.252050724097018	10
-0.106005526475633	0.570395769846014	10
-0.057612008947302	0.243320900521788	2539
-0.063050710959763	0.252050724097018	65
0.00532326713674003	0.46135485670827	1
-0.007665078827225	0.369030086928343	1
-0.060094454979737	0.248831364854085	1
-0.0901285974357689	1.54179995571861	45
-0.108254805245531	1.24041892735938	45
-0.119820553096702	1.46450667550132	328
0.00749186911989996	1.40300755017612	396
-0.069170232279364	0.717934396807393	396
-0.104104976616588	2.10046239590144	1398
0.06048123992847	1.42387273378925	55
0.0634518000470501	1.54141435262634	73
-0.121087411654838	0.541275294600539	13
0.00281376540922995	0.483094799170805	44
-0.015407725249235	0.374612111450457	698
0.04683107099581	0.85519510665753	44
-0.063864637384733	0.248516942959805	1325
-0.114137024726632	0.56809393812802	4
0.00532326713674003	0.46135485670827	12
-0.020534558804063	0.365653528734353	239
-0.015407725249235	0.374612111450457	239
0.00746289345925999	1.08105379449672	12
-0.063050710959763	0.252050724097018	1
-0.010185366198267	0.370060244008601	1
-0.016415475166458	0.366334860207041	1
-0.064184818666451	0.248202668593162	1
0.0143187773496201	0.46680749706448	1
-0.014601551030983	0.375791928593149	1
-0.057612008947302	0.243320900521788	1
-0.090002502116563	1.03452181841491	45
-0.11231803112632	0.571012633100677	45
-0.106590647661293	1.0113292578577	45
-0.0728696621605181	0.955197129084212	45
-0.074967297267427	0.710989892960599	396
0.0335131278757199	0.734541196699089	396
0.00359033344675996	0.482097844754184	396
-0.08499399086775	0.921214188340029	307
-0.00244286975242403	0.476636030622947	55
0.11762762636527	1.49603825956304	73
-0.010996987507142	0.37013610430479	13
-0.104703281872522	0.820424268322112	13
0.0841017912353299	1.13435783758859	44
-0.062236307052307	0.247947976840952	41
-0.0731651181467951	1.32891019821088	23
-0.014601551030983	0.375791928593149	232
-0.060094454979737	0.248831364854085	1325
-0.06337193448173	0.251725171025196	10
-0.111632181752072	1.28603947095783	30
0.06981118680743	2.00768025528588	4
-0.019347810116384	1.24460131118524	4
0.0320149656369599	0.586066721357006	4
-0.065185218463514	0.245307882708456	4
-0.063050710959763	0.252050724097018	12
-0.060094454979737	0.248831364854085	239
0.00281376540922995	0.483094799170805	239
0.06948798685831	1.00226314314568	65
-0.063050710959763	0.252050724097018	12
-0.0113104619411391	0.368812314185007	1
-0.06337193448173	0.251725171025196	1662
0.05666139834938	1.71487038640095	45
-0.097229437512785	1.02895518613656	45
0.01952359851583	0.601400696254642	396
0.0185195967156599	0.596569532082933	396
0.0622136467266601	1.01663583292663	1398
0.0243605957444799	0.604952229999684	55
-0.039000997986029	0.848798287193226	1091
0.01988438872158	0.600497950698704	1091
-0.113198011556917	0.576600452937492	73
-0.01972594299856	0.366783266803632	13
-0.010996987507142	0.37013610430479	698
-0.071444324080464	1.33596608589952	44
-0.06337193448173	0.251725171025196	232
-0.060094454979737	0.248831364854085	232
-0.06058666479856	0.249112320793435	232
0.0218965722514399	0.598629005320525	30
-0.064184818666451	0.248202668593162	12
-0.060094454979737	0.248831364854085	239
0.00125860967541991	0.478929450611341	24
0.0193091799048	0.60200290434792	24
-0.064184818666451	0.248202668593162	1
-0.062236307052307	0.247947976840952	1
-0.063050710959763	0.252050724097018	1
0.0880265529589499	1.14886814811916	45
0.0432393280772001	1.3083208953258	328
0.10539343319697	1.35457148719425	45
-0.007259112695996	1.25673147905443	396
0.03328262076126	0.74244250270607	396
-0.116819091819862	0.565168240753015	396
0.04160410954684	0.837499563583834	396
0.09613766343162	1.32039187674903	396
0.0540006362773799	0.888065942337844	396
0.06068669837839	1.02154391477896	55
-0.118286265446236	0.558076472277084	324
-0.00921577782745098	0.993648774120872	324
0.0266699652481399	0.609097078220878	324
0.10167048830704	1.37028639164264	55
0.02117749566347	0.680366275824315	1091
0.02402593031342	0.568494084124442	1091
-0.096978113906901	1.02710272522443	73
-0.112844284819689	0.812359631890978	73
0.0240817222919201	0.612321078220577	73
-0.065921512082087	0.947846182974212	73
-0.067651077705109	0.244147812537135	700
-0.071643746364215	0.935846334800706	44
0.09340210971217	1.27076402866909	309
-0.062236307052307	0.247947976840952	10
-0.063864637384733	0.248516942959805	1428
-0.062558574423391	0.247634103026872	12
-0.060094454979737	0.248831364854085	12
-0.059768736330852	0.24915118819728	12
0.02097406769489	0.609164489411388	239
-0.072779757276663	0.708453766342385	239
0.0159923682733201	0.597969848070979	12
-0.067651077705109	0.244147812537135	209
-0.062558574423391	0.247634103026872	209
-0.063050710959763	0.252050724097018	209
-0.106904197298467	0.578018707124694	24
-0.063864637384733	0.248516942959805	619
-0.059768736330852	0.24915118819728	1
-0.064184818666451	0.248202668593162	1
-0.059768736330852	0.24915118819728	1
-0.06337193448173	0.251725171025196	1
-0.0412411187809501	1.77622255699066	45
-0.063745975783759	1.82372110370977	45
0.0219271537037899	2.43173482282535	45
-0.072854348308049	1.13003427931469	396
0.09649705407766	1.25573004628232	396
-0.094882458832099	1.38420458756744	55
0.0978979633435999	1.36748930624121	307
-0.051055148530622	0.813301017049919	324
-0.052203575014397	1.05709995348905	55
-0.076798072273554	0.937082174696243	55
-0.056945144968338	1.22980884420346	55
-0.041914649766181	1.05787999661982	55
0.11009331283471	1.45745669071838	73
-0.014601551030983	0.375791928593149	73
-0.024839564363814	0.933978079206734	1162
-0.048244045405158	0.83324053665517	1162
0.03266978754406	0.728424075617103	13
-0.113800876562018	0.577881755971411	1555
0.0120681982911599	0.478780680380381	700
0.00415537815398004	0.482946202618562	44
-0.013796254009245	0.374239917977977	44
0.05211496091142	0.887863114558448	44
-0.0113104619411391	0.368812314185007	232
-0.046675526745144	0.851857633081395	49
-0.063050710959763	0.252050724097018	12
0.00203652309405999	0.482132580662537	239
-0.020290500680645	0.366443091077846	209
-0.015162819971306	0.368930251863414	209
-0.06337193448173	0.251725171025196	619
-0.06337193448173	0.251725171025196	1
0.06342934744512	2.11804317331388	396
0.10337937403616	1.36472838025684	396
-0.076487181079399	0.932165175434087	396
0.02715057665026	1.98058123718932	55
-0.014752164677989	1.99015467158578	55
-0.010459479189417	0.985158283330915	307
-0.0168122145676221	0.946055952163866	55
0.0578319345535301	0.868302373390782	73
0.0522298852262999	0.891078580098387	73
-0.072398391926856	0.714168570707119	1162
-0.00222931374587199	0.471139432205361	13
0.00281376540922995	0.483094799170805	115
-0.063864637384733	0.248516942959805	115
0.03947320929626	0.743906210198126	13
0.02508645086572	0.616248210607539	44
-0.063864637384733	0.248516942959805	44
0.00689901290568007	0.487772154230679	309
-0.114004081602794	0.57556542132643	49
-0.01565454339016	0.363482378748212	49
-0.019264788715465	0.34621842438617	30
0.00415537815398004	0.482946202618562	30
-0.111515380645615	0.576516654774689	166
0.0242955289820099	0.616215651543523	330
0.00194763097309991	0.481455761041027	12
-0.011559321246277	0.375709692754845	239
-0.06337193448173	0.251725171025196	239
-0.014601551030983	0.375791928593149	209
-0.060911334041387	0.24879326226229	209
-0.060094454979737	0.248831364854085	1
-0.06337193448173	0.251725171025196	1662
-0.010996987507142	0.37013610430479	1662
-0.012755423692388	1.73362887850643	45
-0.046445320459973	1.07896077589129	307
-0.0205989860720121	2.06297260212143	1398
-0.037754582669175	0.848283142638656	324
-0.102486523901565	0.561824984307861	55
0.11466514777918	1.57673266234535	73
-0.020148153626752	1.17463321842882	73
0.01126603098318	0.480144308280224	13
-0.015407725249235	0.374612111450457	1555
-0.00321764144646697	0.473496428600933	44
-0.010747801325494	0.37562194001783	44
-0.060094454979737	0.248831364854085	44
-0.046675526745144	0.851857633081395	44
0.03055275818836	0.711809134220336	44
0.0082394113617501	0.480029165942847	232
0.01213436868853	1.04430379618569	309
-0.013796254009245	0.374239917977977	10
-0.06337193448173	0.251725171025196	12
-0.062236307052307	0.247947976840952	1892
-0.068461558585642	0.248109641550082	209
-0.010747801325494	0.37562194001783	619
-0.062236307052307	0.247947976840952	619
-0.060911334041387	0.24879326226229	1187
-0.016214771709664	0.368826913345635	1
-0.064184818666451	0.248202668593162	1
-0.064184818666451	0.248202668593162	1662
-0.062558574423391	0.247634103026872	308
0.00281376540922995	0.483094799170805	45
0.0298518066470901	0.609022731577824	45
-0.064184818666451	0.248202668593162	396
0.0151205030083801	0.466969935307783	396
0.00668729437263993	0.4775299745135	396
-0.102714166721503	1.63424675009893	55
-0.111515380645615	0.576516654774689	1398
-0.012121887659061	0.368886497246459	324
-0.011559321246277	0.375709692754845	1091
-0.080519477674683	0.940415530555375	73
-0.063050710959763	0.252050724097018	13
-0.014601551030983	0.375791928593149	13
-0.063864637384733	0.248516942959805	1555
-0.109093968349058	1.45562612590482	13
-0.065582387706717	0.687851805090605	115
-0.064184818666451	0.248202668593162	115
-0.062558574423391	0.247634103026872	44
-0.059768736330852	0.24915118819728	44
-0.013796254009245	0.374239917977977	44
-0.063050710959763	0.252050724097018	23
0.0282696579448101	0.608849601470125	30
-0.06058666479856	0.249112320793435	330
-0.06058666479856	0.249112320793435	236
-0.059768736330852	0.24915118819728	1892
-0.062558574423391	0.247634103026872	494
-0.078371465733335	0.681718404683025	65
-0.1065000392096	0.57466204982708	226
-0.075734034317799	0.713450917363109	12
0.02790382265294	0.608145578611075	1
0.00659979857748994	0.945221965672087	45
0.10191174107911	1.28148325085434	45
0.01631433750899	1.39291542363534	45
0.03059212544295	0.715915900397608	396
0.000693205735359914	0.470187082369814	396
0.06055993010081	0.882202016227037	396
0.01988438872158	0.600497950698704	2490
0.0061225630939401	0.485202045359872	2490
0.0196011405389001	0.608178891650081	55
0.0487058663183499	0.884362574784861	307
-0.02057587823993	1.1797228562072	307
0.0179621862193	1.77126562755938	1398
0.0104636803132701	0.478572690780905	324
0.00555762051878994	0.48434826747026	324
-0.109908644960058	0.580558450510033	324
-0.077634784493689	0.69707584610857	55
0.0330646843917599	0.749094701496654	55
0.0203180798061799	1.20141035184262	73
-0.062558574423391	0.247634103026872	115
-0.064184818666451	0.248202668593162	115
0.01880929836066	0.605905348375406	44
-0.068461558585642	0.248109641550082	44
-0.014040513680908	0.370182885853567	44
-0.070889438939005	0.717761146927568	44
0.00555762051878994	0.48434826747026	44
-0.012121887659061	0.368886497246459	44
-0.074576446241546	1.1463212648814	44
0.02487237034421	0.614620167845515	23
-0.062558574423391	0.247634103026872	232
0.01022501031127	0.465084230159899	236
-0.112285181317875	0.817059341306893	239
-0.111311983512601	0.574785709956826	12
-0.06337193448173	0.251725171025196	209
-0.111311983512601	0.574785709956826	209
-0.060094454979737	0.248831364854085	1
-0.00513498080390695	0.974123794014948	45
0.08703791933185	2.23678930590315	45
-0.115411977920757	0.573812439796304	396
0.0373245544279599	0.752097973937251	396
-0.082476847565259	1.81541466046339	324
-0.11281507892542	0.566406696819577	55
-0.01435792862882	0.367461216941546	73
-0.013234811295878	0.368702668266516	362
0.00359033344675996	0.482097844754184	2427
-0.06058666479856	0.249112320793435	2427
0.0243605957444799	0.604952229999684	44
-0.021098841452168	0.365314824962889	49
-0.06337193448173	0.251725171025196	49
0.0215620907648799	0.593725923821041	166
-0.06337193448173	0.251725171025196	12
-0.013234811295878	0.368702668266516	12
-0.068461558585642	0.248109641550082	160
-0.06337193448173	0.251725171025196	952
0.0237184494057501	0.612525541079298	239
0.03649678113483	0.752114589237099	12
-0.0659992118023181	0.245267351805318	209
-0.063050710959763	0.252050724097018	209
-0.06337193448173	0.251725171025196	209
0.00555762051878994	0.48434826747026	619
-0.064184818666451	0.248202668593162	1
-0.063050710959763	0.252050724097018	1
-0.063864637384733	0.248516942959805	174
-0.024633959558656	0.940452509540291	45
0.0165060134930199	1.4650918864485	45
0.00555762051878994	0.48434826747026	45
-0.103707478423235	0.569409210532924	396
0.00654487941528004	0.477901005900799	396
0.10595802309265	1.26550908541108	396
-0.112994604421801	0.577051022550189	307
0.11314226033768	1.34937202248566	55
-0.112994604421801	0.577051022550189	1398
0.00337885932323001	0.4839478351484	324
-0.104493564016028	0.578364446679337	55
-0.017222465719939	0.36640630680174	73
0.00989958956300008	0.477748807228473	13
-0.019483380056088	0.364992627008556	115
-0.0659992118023181	0.245267351805318	44
-0.063050710959763	0.252050724097018	44
-0.105898681125292	0.579368357893281	44
0.03329352255415	0.736844652716179	49
-0.104109318917151	0.567950815927434	30
-0.059768736330852	0.24915118819728	160
-0.122902091240424	0.538993832733916	952
-0.068461558585642	0.248109641550082	1892
0.04370043914699	0.747345860959608	12
0.00989958956300008	0.477748807228473	619
0.00746369492862997	0.48000141001136	1
-0.028556896740209	1.12277017240137	328
-0.042797985328664	1.24597846102391	45
0.0448855096307399	0.861005938670683	45
-0.044486839938778	0.851618094262227	55
-0.10930888883584	0.581628052419297	396
0.0298518066470901	0.609022731577824	2490
0.00689901290568007	0.487772154230679	2490
-0.048336594263787	0.833010107904242	55
-0.053039378267982	1.58168711916886	1398
0.04066087032504	1.16829379598367	55
0.00203652309405999	0.482132580662537	324
0.0952444706651301	1.23968712975876	55
0.03384138356058	0.726587774646702	73
-0.10930888883584	0.581628052419297	73
-0.057282819831269	0.243626507748643	115
-0.010996987507142	0.37013610430479	115
-0.058253053611239	1.24163230396802	23
0.0284822596307299	0.611748319284534	49
-0.062236307052307	0.247947976840952	30
-0.060911334041387	0.24879326226229	12
-0.064184818666451	0.248202668593162	12
-0.063050710959763	0.252050724097018	1892
-0.063864637384733	0.248516942959805	102
-0.062236307052307	0.247947976840952	2040
-0.062236307052307	0.247947976840952	209
-0.06337193448173	0.251725171025196	344
0.00388884768882991	1.08023029197332	45
0.0031665978000901	0.475356079313665	396
-0.115036745218118	0.805955648309951	396
0.03284653594957	0.747221745249462	55
0.0054960036493299	0.4723060392075	55
0.0190945237129301	0.595102552395854	396
-0.010747801325494	0.37562194001783	324
-0.012121887659061	0.368886497246459	73
-0.044203217222024	1.06377708562641	73
-0.010747801325494	0.37562194001783	73
-0.078009956358136	0.7168379985476	23
-0.06337193448173	0.251725171025196	49
-0.063050710959763	0.252050724097018	49
0.0256635753294701	0.614655648082237	49
-0.06058666479856	0.249112320793435	12
-0.06337193448173	0.251725171025196	236
-0.063050710959763	0.252050724097018	102
-0.064420653075876	0.711055893864314	226
-0.018677485850927	0.359607857634117	12
-0.059768736330852	0.24915118819728	209
-0.062236307052307	0.247947976840952	209
-0.063050710959763	0.252050724097018	308
-0.062558574423391	0.247634103026872	308
-0.059768736330852	0.24915118819728	308
0.04064965763187	1.31874180126508	45
-0.078070699418189	1.13060183963078	45
0.10680163716289	1.39047580694918	396
0.08499055157756	1.14821836596273	55
0.0632689033340501	1.01183605247588	55
0.02487237034421	0.614620167845515	324
-0.01537195087484	0.978322998275322	324
0.0120681982911599	0.478780680380381	324
-0.064491297364181	0.707916762907972	324
0.0279871806584899	0.727973939062408	557
0.04904768610783	0.884237922627061	73
-0.115411977920757	0.573812439796304	13
-0.014847092696721	0.36904272807662	2427
-0.060094454979737	0.248831364854085	675
-0.106623321722012	1.0261603907058	44
-0.010747801325494	0.37562194001783	49
-0.062558574423391	0.247634103026872	49
-0.064184818666451	0.248202668593162	160
-0.060094454979737	0.248831364854085	160
-0.064184818666451	0.248202668593162	160
-0.063050710959763	0.252050724097018	160
-0.06058666479856	0.249112320793435	160
-0.063864637384733	0.248516942959805	102
-0.063864637384733	0.248516942959805	308
-0.118862668460604	0.819269767271247	396
-0.113619045804457	0.818821298819742	324
0.0808382404496699	1.11801555534684	238
0.0222573655011	0.603482348396715	73
0.11114096478033	1.39619333008246	13
-0.112104975449173	0.823704700487362	115
0.01126603098318	0.480144308280224	115
-0.062236307052307	0.247947976840952	115
-0.013796254009245	0.374239917977977	2427
0.00415537815398004	0.482946202618562	675
-0.079380818118673	0.694083239711505	23
0.02450908796123	0.612561859438478	1287
-0.00319502100917302	0.46239706800719	232
-0.073255180394303	0.715122366578226	49
0.0126321015823101	0.471458441892728	49
-0.064184818666451	0.248202668593162	160
-0.06058666479856	0.249112320793435	160
-0.063050710959763	0.252050724097018	2903
-0.109501389000236	0.561060326160049	102
-0.118215938140146	0.553157376140868	65
0.00981785998229001	0.470957958600207	12
-0.06337193448173	0.251725171025196	209
-0.00822857362849905	0.362562427132467	2233
-0.063050710959763	0.252050724097018	2365
-0.01242999051219	0.363226600802154	2365
-0.060911334041387	0.24879326226229	786
-0.063864637384733	0.248516942959805	308
0.06336795415814	1.42399255266308	45
-0.0313262391699251	0.844783804656972	45
0.06701750762882	1.01001451211114	396
-0.112734712407713	0.567209662437189	2498
-0.119225721533004	0.561213877650743	396
-0.017955118532455	0.956279169653381	145
0.01624863461321	0.460919783495338	324
-0.043474343199482	0.838417877645451	324
-0.015968589076649	0.367797509628704	115
-0.06337193448173	0.251725171025196	115
-0.015162819971306	0.368930251863414	44
-0.064184818666451	0.248202668593162	232
-0.063864637384733	0.248516942959805	49
-0.063050710959763	0.252050724097018	30
-0.06337193448173	0.251725171025196	160
0.0451383493386399	0.743698742930244	226
-0.06337193448173	0.251725171025196	12
0.0278132639575699	0.715989207695905	12
0.0061225630939401	0.485202045359872	2233
-0.015162819971306	0.368930251863414	1413
-0.063864637384733	0.248516942959805	1
-0.057282819831269	0.243626507748643	308
-0.081890621494297	0.696320413667777	45
0.03063988232944	0.713542065671549	45
-0.114320961631088	0.815239474244897	45
0.0726043405999099	1.01175884796149	55
0.01102755620825	0.471237494290958	557
-0.010747801325494	0.37562194001783	557
-0.075108656267069	0.949065837887347	557
-0.00628930365803404	0.360669674606016	238
-0.063050710959763	0.252050724097018	238
0.0823763726719999	2.11977287594348	73
-0.063864637384733	0.248516942959805	2876
-0.059768736330852	0.24915118819728	2876
-0.064184818666451	0.248202668593162	2876
-0.063864637384733	0.248516942959805	115
-0.063864637384733	0.248516942959805	675
-0.063864637384733	0.248516942959805	675
-0.06058666479856	0.249112320793435	675
-0.068461558585642	0.248109641550082	49
-0.06337193448173	0.251725171025196	49
-0.018918546932261	0.365330461702992	160
-0.062558574423391	0.247634103026872	160
0.01249012726026	1.08265242212175	236
-0.064184818666451	0.248202668593162	102
-0.110112774452011	0.580603595945207	102
0.00125860967541991	0.478929450611341	226
-0.01299183915577	0.36852659617043	12
-0.06337193448173	0.251725171025196	786
0.0569310426291401	0.953025595846538	45
0.11724686330681	1.5117480581218	45
-0.076144793001827	1.1111494191865	45
-0.110317236743718	0.574899161350348	45
0.0425331868837699	0.733893322404091	396
-0.016149830301677	2.16419666965179	396
0.09078396878291	1.26334569499763	55
-0.048599355879879	0.835518636278736	55
-0.113062068082268	1.53914265404853	145
-0.113198011556917	0.576600452937492	324
-0.014040513680908	0.370182885853567	324
-0.063050710959763	0.252050724097018	324
-0.041837146294806	1.2419376121574	557
0.04195531149361	0.747907607866266	557
-0.092689452021524	1.18830140026065	73
-0.109908644960058	0.580558450510033	73
-0.00325059070099798	1.34903362886998	73
0.00238878263638997	0.472267485660674	2472
-0.045521659806281	0.841469883699987	2472
-0.011559321246277	0.375709692754845	675
-0.064184818666451	0.248202668593162	675
-0.057282819831269	0.243626507748643	49
-0.059768736330852	0.24915118819728	30
-0.076441289125495	0.706017024228674	30
-0.057612008947302	0.243320900521788	2072
-0.06337193448173	0.251725171025196	102
-0.113800876562018	0.577881755971411	24
-0.060094454979737	0.248831364854085	313
0.0217329184627599	1.55339636431189	45
-0.0216907913951671	0.944511164697069	45
-0.103731823153479	1.10658202714616	45
0.0829131774010701	1.12690491551947	45
0.0375643918644899	1.67892121802232	45
-0.119155640982531	1.10932044049851	45
-0.077895020372201	0.700262932330339	45
-0.0750492769346	0.701308555220942	2498
0.0432274959549801	1.38046188237152	55
-0.114756592781502	0.811043834753666	145
0.00689901290568007	0.487772154230679	324
-0.076059172577768	0.692776641873543	324
-0.120102693027436	0.549999408759368	557
0.0292907885595199	0.700035039063714	557
-0.123774438012117	0.532266156062633	557
0.0061225630939401	0.485202045359872	2876
-0.00822857362849905	0.362562427132467	2876
-0.014040513680908	0.370182885853567	2472
0.00435116178924	0.472276567864936	115
-0.014601551030983	0.375791928593149	675
0.04713409461092	1.6095670032836	23
-0.00937275005210902	0.365436274765583	1287
-0.064184818666451	0.248202668593162	49
-0.013796254009245	0.374239917977977	49
-0.016214771709664	0.368826913345635	49
-0.01435792862882	0.367461216941546	12
-0.014847092696721	0.36904272807662	209
-0.059768736330852	0.24915118819728	24
0.1239371757299	1.57787029456017	55
0.09780241978556	1.28310096896013	2498
0.0704558359191101	1.02039934261848	145
-0.080873276036435	0.943553054846541	73
-0.00551023245827698	0.991461479411556	362
0.0316381978320901	0.732855288027747	49
-0.115411977920757	0.573812439796304	49
-0.082010076077503	0.70024538568127	49
-0.00791554495459601	0.360329176121624	30
0.0221388420933599	0.605251879255377	30
-0.015968589076649	0.367797509628704	236
-0.060911334041387	0.24879326226229	236
0.00359033344675996	0.482097844754184	102
-0.015407725249235	0.374612111450457	102
-0.063050710959763	0.252050724097018	102
0.0310894160374999	0.719510606591802	226
-0.064184818666451	0.248202668593162	209
-0.06337193448173	0.251725171025196	209
-0.065185218463514	0.245307882708456	308
-0.04821172702063	1.01865876959462	324
-0.112771952059557	1.10633186206113	324
-0.013796254009245	0.374239917977977	73
-0.075586065684243	0.711446691154824	13
0.02869460356138	0.606974279221307	675
0.01678487118755	0.598922849949682	44
0.00147116836126004	0.473251643070176	30
-0.016214771709664	0.368826913345635	30
0.00415537815398004	0.482946202618562	30
-0.014601551030983	0.375791928593149	643
-0.060911334041387	0.24879326226229	102
0.00633411963970998	0.486910098036899	102
-0.017222465719939	0.36640630680174	102
-0.011559321246277	0.375709692754845	226
-0.06058666479856	0.249112320793435	12
-0.016214771709664	0.368826913345635	308
0.05870183802832	0.985314592919122	55
0.0292375210804601	1.19633379843939	145
-0.011508123502855	0.958000086886966	145
0.0143358038905601	1.10082161086538	55
-0.076324349080364	1.76030915627884	55
-0.120590805947177	0.794521459223843	324
0.0837043194306499	0.99890894214831	324
-0.099914885290346	1.03509432558952	238
-0.015162819971306	0.368930251863414	115
-0.102905275652632	0.573535546079533	115
0.00359033344675996	0.482097844754184	290
0.10744977046444	1.37577904101616	23
-0.063050710959763	0.252050724097018	49
0.0320167149881001	0.744918242532328	30
-0.062558574423391	0.247634103026872	236
-0.0107397549228651	0.993086995604346	643
-0.062558574423391	0.247634103026872	102
-0.057282819831269	0.243626507748643	102
-0.062236307052307	0.247947976840952	209
-0.116204513286125	0.564653711048975	624
-0.015162819971306	0.368930251863414	24
-0.06058666479856	0.249112320793435	308
-0.113082425922486	1.26697099749469	145
0.11254898234626	1.44776187502251	73
0.0214615192104599	1.09802525502009	13
-0.016214771709664	0.368826913345635	30
-0.00904175842463895	0.359151744703211	643
-0.063050710959763	0.252050724097018	102
-0.063864637384733	0.248516942959805	12
-0.014847092696721	0.36904272807662	209
-0.063864637384733	0.248516942959805	258
-0.059768736330852	0.24915118819728	258
-0.06006789954023	1.23038297936598	45
0.11636863594394	1.68244269573137	145
-0.069518307354825	1.47950235612253	145
-0.0856816723163431	0.928281997744826	324
-0.123259435850407	1.08168513299447	324
0.0626463915050901	0.987587199677902	2876
0.0941720310468099	1.27857263971729	290
-0.011559321246277	0.375709692754845	49
-0.063864637384733	0.248516942959805	30
-0.10670194634398	0.579256448249235	1167
-0.017465568533963	0.362011295139561	1167
-0.062236307052307	0.247947976840952	1167
-0.024612758083267	0.353777702026822	643
-0.00937275005210902	0.365436274765583	236
0.00689901290568007	0.487772154230679	65
-0.014601551030983	0.375791928593149	209
0.00274899041451993	0.481501031441308	209
-0.063050710959763	0.252050724097018	258
-0.063050710959763	0.252050724097018	308
-0.063050710959763	0.252050724097018	258
0.0544280992364199	1.79380138558205	45
-0.103907233659787	1.00917705386305	324
-0.0883310890077	1.22110941354114	324
-0.038787348387881	1.13523714919402	13
-0.107699683224001	0.577925025102366	362
0.04865664233314	0.870828824430588	675
-0.00847853869838899	0.365465669998012	49
-0.077634784493689	0.69707584610857	49
-0.062236307052307	0.247947976840952	30
-0.00244286975242403	0.476636030622947	236
-0.013796254009245	0.374239917977977	236
-0.063050710959763	0.252050724097018	258
-0.011559321246277	0.375709692754845	258
0.00782998690593995	1.38250776678529	145
0.09294465985508	1.27363905012103	324
0.10147086693957	1.360056384782	238
0.09680564037327	1.23858821712366	13
-0.0484183059125351	0.817536010079502	13
0.03344862367775	0.724409816695451	362
-0.010185366198267	0.370060244008601	362
-0.112595403259112	0.567853120197969	49
-0.100501100071093	1.01671861245779	49
0.0206748172787301	0.603427725259077	49
0.03990725182122	0.751569273902215	49
-0.013796254009245	0.374239917977977	1167
-0.064184818666451	0.248202668593162	236
0.00224845991010003	0.474180651822615	643
-0.013796254009245	0.374239917977977	643
0.00654487941528004	0.477901005900799	102
0.00203652309405999	0.482132580662537	258
-0.01435792862882	0.367461216941546	258
-0.06337193448173	0.251725171025196	1900
-0.062558574423391	0.247634103026872	308
-0.062236307052307	0.247947976840952	308
-0.063864637384733	0.248516942959805	308
0.0462607924677501	0.835339021725035	45
0.0216813102987601	0.605000980815751	45
0.0352327134883901	0.720417896879689	45
0.0726043405999099	1.01175884796149	55
-0.051523389040784	1.07185607082473	145
0.0303372238436199	0.719382867316608	324
0.0332385750617299	0.599760855663537	73
0.00654487941528004	0.477901005900799	13
-0.063864637384733	0.248516942959805	854
-0.015043773016491	0.362117395157622	115
-0.00029609514058504	0.47129919810829	362
0.00555762051878994	0.48434826747026	675
-0.00937275005210902	0.365436274765583	362
-0.063050710959763	0.252050724097018	380
-0.014601551030983	0.375791928593149	49
-0.062236307052307	0.247947976840952	49
-0.01435792862882	0.367461216941546	236
-0.063050710959763	0.252050724097018	236
-0.063864637384733	0.248516942959805	517
-0.063050710959763	0.252050724097018	517
-0.060094454979737	0.248831364854085	102
-0.063050710959763	0.252050724097018	24
-0.062236307052307	0.247947976840952	258
-0.063864637384733	0.248516942959805	258
-0.060094454979737	0.248831364854085	258
-0.121754284917973	1.2519755035776	45
0.0711613437321199	1.02364381601502	45
0.04979671054874	0.894116409477163	55
0.01657101399045	0.589717468264517	145
-0.10930888883584	0.581628052419297	145
-0.083488784725982	0.695250451036164	145
0.02645826144712	0.705364185705977	55
-0.0442791799236	0.851264074512653	324
0.00788755005728992	0.484449459186858	324
-0.015407725249235	0.374612111450457	13
-0.012366011101711	0.370718641089762	854
-0.010185366198267	0.370060244008601	115
-0.015407725249235	0.374612111450457	23
-0.068461558585642	0.248109641550082	49
-0.063050710959763	0.252050724097018	23
-0.059152630577362	1.20661425697011	49
-0.019483380056088	0.364992627008556	49
-0.062558574423391	0.247634103026872	236
-0.013990246099165	0.967170784573008	643
-0.063050710959763	0.252050724097018	517
-0.059768736330852	0.24915118819728	517
-0.06337193448173	0.251725171025196	517
-0.059768736330852	0.24915118819728	13
0.05114826914511	0.87735994563415	115
-0.042759082461939	0.815114143024853	49
0.0392967326103799	0.745116028003933	49
-0.06337193448173	0.251725171025196	236
-0.01435792862882	0.367461216941546	12
-0.014601551030983	0.375791928593149	209
-0.015407725249235	0.374612111450457	1964
-0.06058666479856	0.249112320793435	24
-0.01435792862882	0.367461216941546	258
-0.059574619571899	2.42611139427519	145
0.10167524331691	1.83167169955306	145
-0.033500841102733	1.13482155651381	1333
0.0185976885721799	0.601873177108266	324
0.0031665978000901	0.475356079313665	59
-0.099055255208587	1.95092142386309	324
0.08484106683074	1.00416220959816	73
-0.015407725249235	0.374612111450457	459
-0.012566544863275	0.956112289402941	23
-0.034686650517807	0.849513399913989	23
-0.064184818666451	0.248202668593162	49
-0.014601551030983	0.375791928593149	236
-0.060094454979737	0.248831364854085	12
-0.017222465719939	0.36640630680174	12
-0.068461558585642	0.248109641550082	24
-0.011559321246277	0.375709692754845	258
-0.063050710959763	0.252050724097018	258
0.06227328332266	1.02104660900432	73
-0.064184818666451	0.248202668593162	13
0.00576901497540994	0.477870986218318	13
-0.062236307052307	0.247947976840952	459
-0.063050710959763	0.252050724097018	459
-0.062558574423391	0.247634103026872	49
-0.064184818666451	0.248202668593162	236
-0.063050710959763	0.252050724097018	479
0.07496183670165	1.14572730389863	643
0.00555762051878994	0.48434826747026	643
-0.012288378511947	0.941044374337483	236
-0.06058666479856	0.249112320793435	600
-0.063864637384733	0.248516942959805	24
-0.06058666479856	0.249112320793435	258
-0.119336684096426	0.806857000110416	324
-0.074998889982514	1.81019474239778	324
-0.099176896834841	0.983996966751857	324
-0.10670194634398	0.579256448249235	13
-0.06337193448173	0.251725171025196	49
-0.062236307052307	0.247947976840952	236
0.00845161371226011	0.48529991152662	236
0.02009932648778	0.604952093835729	236
-0.00628930365803404	0.360669674606016	600
-0.00244286975242403	0.476636030622947	600
-0.016214771709664	0.368826913345635	600
-0.060911334041387	0.24879326226229	600
-0.063050710959763	0.252050724097018	12
-0.063864637384733	0.248516942959805	24
0.0218965722514399	0.598629005320525	24
-0.063050710959763	0.252050724097018	302
-0.063864637384733	0.248516942959805	258
-0.068461558585642	0.248109641550082	258
-0.014601551030983	0.375791928593149	258
-0.015407725249235	0.374612111450457	2267
-0.073972647993376	2.12464775180757	55
0.12056266279199	1.48823494893563	324
-0.087304717075157	0.91649067361724	13
-0.060911334041387	0.24879326226229	13
-0.118406207607355	0.780115521922648	13
-0.01299183915577	0.36852659617043	290
-0.064184818666451	0.248202668593162	290
0.00845161371226011	0.48529991152662	673
-0.0793970856976261	0.67109635759106	380
-0.06337193448173	0.251725171025196	49
-0.063864637384733	0.248516942959805	643
0.0228331832550399	0.593604224574205	600
0.0230494853880501	0.600634486717972	600
-0.060911334041387	0.24879326226229	12
0.00668729437263993	0.4775299745135	24
-0.063050710959763	0.252050724097018	302
-0.06337193448173	0.251725171025196	302
-0.063050710959763	0.252050724097018	302
-0.068461558585642	0.248109641550082	302
-0.062558574423391	0.247634103026872	258
0.00436622402426989	0.478929186272674	258
-0.105090219419756	1.52127214963816	55
-0.045776388606467	1.05502562317719	1333
-0.07198503118989	0.703110203429947	145
-0.0774143295900021	0.938433265869481	324
0.00171175334323004	0.473534669612339	324
0.0918777913572299	1.76802248494876	13
-0.088570984352508	1.0510933483964	290
-0.062558574423391	0.247634103026872	290
-0.014601551030983	0.375791928593149	49
-0.018918546932261	0.365330461702992	23
-0.063050710959763	0.252050724097018	49
0.00689901290568007	0.487772154230679	638
-0.062236307052307	0.247947976840952	236
-0.06337193448173	0.251725171025196	236
-0.060911334041387	0.24879326226229	873
-0.074638233677733	0.719346485257488	300
0.02450908796123	0.612561859438478	236
-0.010185366198267	0.370060244008601	643
-0.063864637384733	0.248516942959805	2651
-0.063050710959763	0.252050724097018	302
-0.064184818666451	0.248202668593162	258
-0.00487777600004902	1.57161129663194	324
0.02976465969925	1.22519048341649	269
-0.111911969506005	0.5634732778446	1035
0.03837152779433	0.743596837658143	1035
-0.114403998478769	0.574626975473283	49
0.0428739224078001	0.744356227170771	49
0.0620817284314701	1.0068907785916	638
0.0128701804237801	0.472781001592772	236
0.0330150778948299	0.722083875456046	300
-0.012121887659061	0.368886497246459	300
-0.010747801325494	0.37562194001783	600
-0.063050710959763	0.252050724097018	600
-0.01435792862882	0.367461216941546	12
-0.015162819971306	0.368930251863414	2289
-0.063864637384733	0.248516942959805	258
-0.110559811788712	1.79735872842194	145
-0.042714779204942	1.71424125028313	145
-0.068161297749236	1.47637587496076	145
0.0380082580341301	1.94445366385344	145
-0.010420394753582	1.47465180284945	324
-0.124482508850473	1.20176471311313	324
-0.047536768340011	0.819371299972169	13
-0.044614355200659	0.8186007635269	23
-0.10830706645663	0.57205912649042	49
-0.118690197408168	0.548380421431091	300
-0.062558574423391	0.247634103026872	300
-0.010747801325494	0.37562194001783	12
-0.014040513680908	0.370182885853567	24
-0.06058666479856	0.249112320793435	302
-0.015162819971306	0.368930251863414	302
-0.059768736330852	0.24915118819728	258
-0.068461558585642	0.248109641550082	258
-0.064184818666451	0.248202668593162	258
-0.012366011101711	0.370718641089762	258
-0.062620484022719	1.0219537639969	145
-0.119465752933827	1.20736789189338	324
-0.0774143295900021	0.938433265869481	324
-0.065185218463514	0.245307882708456	13
0.00555762051878994	0.48434826747026	1035
0.0347303148553999	0.732265367527609	290
-0.015407725249235	0.374612111450457	380
0.00394374180763002	0.476290650027989	300
-0.06058666479856	0.249112320793435	300
-0.063864637384733	0.248516942959805	236
-0.063864637384733	0.248516942959805	600
-0.062236307052307	0.247947976840952	600
-0.068461558585642	0.248109641550082	600
-0.105696583595739	0.572652600426665	24
-0.01299183915577	0.36852659617043	24
-0.015968589076649	0.367797509628704	24
-0.062558574423391	0.247634103026872	302
-0.015162819971306	0.368930251863414	258
-0.015968589076649	0.367797509628704	258
0.0237184494057501	0.612525541079298	324
0.03649678113483	0.752114589237099	269
-0.00244286975242403	0.476636030622947	23
0.06373407508297	1.01725979504148	23
-0.0113104619411391	0.368812314185007	49
-0.06927156914138	0.244692088421178	236
-0.06337193448173	0.251725171025196	300
-0.06058666479856	0.249112320793435	300
-0.016214771709664	0.368826913345635	300
0.0341218502270599	0.735879320297691	300
0.00767477862087995	0.487789621394888	300
0.0231411314308401	0.60067857981493	600
0.01873373413247	0.5984892081278	600
-0.065185218463514	0.245307882708456	1283
-0.060094454979737	0.248831364854085	706
0.00415537815398004	0.482946202618562	24
-0.063050710959763	0.252050724097018	258
-0.06337193448173	0.251725171025196	258
-0.011559321246277	0.375709692754845	258
-0.062558574423391	0.247634103026872	258
-0.077867312669122	1.97795836865341	145
-0.116118117357071	1.81883385147382	145
-0.113198011556917	0.576600452937492	55
0.0316573565590901	0.596407875079667	145
-0.0859916700775341	0.665898558546743	145
0.0031665978000901	0.475356079313665	931
0.02010198229575	0.450891055971137	269
-0.079583275968096	0.694641638984068	269
-0.011559321246277	0.375709692754845	50
-0.064184818666451	0.248202668593162	50
0.03079301247055	0.742375012846398	50
-0.06337193448173	0.251725171025196	49
0.06609739757874	1.01156022641635	903
-0.00943164243692796	0.973795821660103	49
0.00394374180763002	0.476290650027989	49
-0.059768736330852	0.24915118819728	300
-0.063050710959763	0.252050724097018	300
-0.043579261699296	0.837665901783567	300
-0.111911969506005	0.5634732778446	300
-0.113931286540549	0.568764388230666	236
-0.010185366198267	0.370060244008601	24
-0.06058666479856	0.249112320793435	1283
-0.060094454979737	0.248831364854085	24
0.00767477862087995	0.487789621394888	24
-0.010996987507142	0.37013610430479	302
-0.014601551030983	0.375791928593149	258
-0.118862668460604	0.819269767271247	141
0.00994912363389	1.10249548586704	324
-0.076778143247081	0.695436034656395	290
-0.015407725249235	0.374612111450457	50
-0.063864637384733	0.248516942959805	50
-0.00904175842463895	0.359151744703211	49
-0.062558574423391	0.247634103026872	49
-0.111515380645615	0.576516654774689	300
-0.015407725249235	0.374612111450457	300
0.00394374180763002	0.476290650027989	300
0.00260166618848001	0.482983171513586	600
-0.064184818666451	0.248202668593162	1320
-0.063050710959763	0.252050724097018	1320
-0.062236307052307	0.247947976840952	24
-0.063050710959763	0.252050724097018	24
0.0156262935882101	0.588322269142896	20
-0.067651077705109	0.244147812537135	302
-0.062236307052307	0.247947976840952	258
-0.060911334041387	0.24879326226229	258
0.0245730354559499	0.708948600008278	141
0.0261047792906599	0.710049779453301	324
-0.00475439763844798	2.19727474273194	585
-0.051717350379516	1.06408195914179	269
-0.073070490220944	0.707950080019775	269
-0.064184818666451	0.248202668593162	50
-0.062236307052307	0.247947976840952	49
-0.014847092696721	0.36904272807662	49
-0.068461558585642	0.248109641550082	236
-0.060094454979737	0.248831364854085	300
0.01822909894201	0.595933344913769	300
0.00436622402426989	0.478929186272674	300
-0.077772147273613	0.716561916941588	1320
-0.06337193448173	0.251725171025196	2386
-0.065185218463514	0.245307882708456	706
0.01952359851583	0.601400696254642	20
-0.064184818666451	0.248202668593162	1048
-0.016214771709664	0.368826913345635	24
0.01988438872158	0.600497950698704	258
-0.06337193448173	0.251725171025196	258
-0.068461558585642	0.248109641550082	258
-0.014040513680908	0.370182885853567	258
-0.06058666479856	0.249112320793435	258
-0.072398391926856	0.714168570707119	145
0.0104636803132701	0.478572690780905	145
-0.00300948850945904	0.470211925284188	324
0.02508645086572	0.616248210607539	290
-0.063050710959763	0.252050724097018	50
-0.011559321246277	0.375709692754845	50
0.0392967326103799	0.745116028003933	50
0.04180129430965	1.31976551372243	50
-0.020290500680645	0.366443091077846	300
-0.062558574423391	0.247634103026872	1320
-0.06337193448173	0.251725171025196	20
-0.064184818666451	0.248202668593162	2386
-0.112528235053252	0.569885977936437	20
-0.020290500680645	0.366443091077846	20
-0.06337193448173	0.251725171025196	20
-0.064184818666451	0.248202668593162	258
-0.062236307052307	0.247947976840952	258
-0.015162819971306	0.368930251863414	258
-0.06058666479856	0.249112320793435	258
-0.114286267202097	2.09329821402767	55
-0.098131573322512	1.03575646616746	324
-0.00570153223286096	1.9996192006593	324
0.01718109519223	1.77129224596065	324
0.00203652309405999	0.482132580662537	269
-0.109513550982378	0.577894080505482	290
0.06609739757874	1.01156022641635	290
-0.060911334041387	0.24879326226229	50
-0.06058666479856	0.249112320793435	49
-0.042332693196225	0.844740518247721	49
0.0239314864311799	0.600728665010403	49
-0.020290500680645	0.366443091077846	49
0.00612440898506006	0.467437406170656	853
-0.105898681125292	0.579368357893281	300
-0.063864637384733	0.248516942959805	24
-0.063050710959763	0.252050724097018	258
-0.062558574423391	0.247634103026872	258
-0.063864637384733	0.248516942959805	258
-0.115603075157671	1.57128290373438	145
-0.054442398116262	2.43183892063922	145
-0.121134809686997	1.8488604762157	145
-0.014601551030983	0.375791928593149	145
-0.014847092696721	0.36904272807662	324
0.12195578480166	1.49601846046643	141
-0.063050710959763	0.252050724097018	49
-0.015162819971306	0.368930251863414	49
-0.116546563717447	0.54816661746635	300
-0.062236307052307	0.247947976840952	300
-0.060911334041387	0.24879326226229	236
0.03207621471612	0.729307043836389	600
-0.057612008947302	0.243320900521788	20
-0.059768736330852	0.24915118819728	20
0.00260166618848001	0.482983171513586	20
-0.06337193448173	0.251725171025196	302
-0.062236307052307	0.247947976840952	302
-0.06337193448173	0.251725171025196	258
0.0061225630939401	0.485202045359872	258
-0.070030078571947	0.71911369683598	145
-0.063050710959763	0.252050724097018	23
-0.0754311899990761	0.713921378761314	49
-0.076441289125495	0.706017024228674	300
-0.076529836285775	0.714477427184997	300
0.00710993469046994	0.486928562916366	236
-0.01972594299856	0.366783266803632	600
-0.063050710959763	0.252050724097018	24
-0.063864637384733	0.248516942959805	20
-0.063864637384733	0.248516942959805	20
-0.063864637384733	0.248516942959805	258
-0.062236307052307	0.247947976840952	258
-0.06337193448173	0.251725171025196	897
0.0955594858656299	1.88381920379799	145
-0.049006616305755	1.26302206049557	145
-0.062236307052307	0.247947976840952	50
-0.015407725249235	0.374612111450457	50
-0.063864637384733	0.248516942959805	50
0.00337885932323001	0.4839478351484	49
-0.063864637384733	0.248516942959805	49
-0.067651077705109	0.244147812537135	976
-0.063864637384733	0.248516942959805	300
-0.06337193448173	0.251725171025196	39
-0.063050710959763	0.252050724097018	39
-0.068461558585642	0.248109641550082	24
-0.063050710959763	0.252050724097018	20
-0.011961599571242	0.357425191703916	20
0.00689901290568007	0.487772154230679	20
-0.013234811295878	0.368702668266516	20
-0.060094454979737	0.248831364854085	20
0.00355016795453	0.479099766440325	20
-0.06337193448173	0.251725171025196	258
-0.00993545917815397	0.370795837835066	258
-0.083012716401938	2.07987789907272	55
-0.021839933273851	0.962854972519882	145
0.08840710614198	1.26283387852132	145
-0.066517402261082	1.93681692106474	145
0.0330646843917599	0.749094701496654	141
-0.068611404201431	1.66282034974372	324
-0.061832709125426	1.49209717603151	290
-0.113856191730692	1.53685603245888	290
-0.074493399775437	0.712373821252651	49
-0.063050710959763	0.252050724097018	49
-0.01435792862882	0.367461216941546	300
-0.059768736330852	0.24915118819728	300
0.01126603098318	0.480144308280224	300
-0.111124394823556	0.565812863683713	39
-0.06337193448173	0.251725171025196	39
-0.062558574423391	0.247634103026872	20
-0.062558574423391	0.247634103026872	706
0.00633411963970998	0.486910098036899	20
-0.063050710959763	0.252050724097018	20
-0.014040513680908	0.370182885853567	24
-0.015407725249235	0.374612111450457	258
-0.059768736330852	0.24915118819728	258
-0.062236307052307	0.247947976840952	258
-0.111363489897022	1.79384958494548	145
-0.043048880000925	1.06527320839388	145
-0.02041192141341	1.81923156150445	145
0.07704805019825	1.14249826670774	141
-0.107657485545821	1.12054343075083	413
0.02508645086572	0.616248210607539	413
0.00200393674923993	1.63536490602506	290
-0.101910889223878	1.03043760205765	290
0.00147116836126004	0.473251643070176	50
0.01150408013963	0.477957888397808	50
-0.06337193448173	0.251725171025196	23
-0.059768736330852	0.24915118819728	999
-0.063050710959763	0.252050724097018	2177
-0.063050710959763	0.252050724097018	49
0.0183052221319	0.584426848200288	300
-0.114735160271229	0.567066842807043	300
-0.01565454339016	0.363482378748212	300
-0.00455981051398502	0.45988963402097	39
0.00710993469046994	0.486928562916366	39
-0.015968589076649	0.367797509628704	883
-0.060911334041387	0.24879326226229	236
-0.060094454979737	0.248831364854085	236
-0.064184818666451	0.248202668593162	20
-0.011559321246277	0.375709692754845	20
-0.016775230989323	0.362275553909264	20
-0.068461558585642	0.248109641550082	20
-0.062558574423391	0.247634103026872	848
-0.063050710959763	0.252050724097018	258
-0.0113104619411391	0.368812314185007	687
-0.014601551030983	0.375791928593149	258
-0.062236307052307	0.247947976840952	163
0.0489385683252199	0.892868407445434	145
0.00555762051878994	0.48434826747026	141
-0.045927067060759	0.815853456845943	141
-0.00029609514058504	0.47129919810829	141
-0.099776132220649	1.0952981406081	290
0.0201813834564699	0.609115429201752	290
0.07320907840708	1.53177302077276	290
-0.016775230989323	0.362275553909264	50
0.06886897903131	1.01860673870263	23
-0.10930888883584	0.581628052419297	300
-0.014601551030983	0.375791928593149	39
-0.019483380056088	0.364992627008556	236
-0.0659992118023181	0.245267351805318	20
-0.065185218463514	0.245307882708456	20
-0.01435792862882	0.367461216941546	20
0.000910022215659945	0.466557673548348	20
-0.062236307052307	0.247947976840952	848
-0.062558574423391	0.247634103026872	848
-0.06337193448173	0.251725171025196	258
-0.11060201443393	0.576758834822764	141
-0.104081741726284	0.804648689197654	290
0.0463444692314099	1.66796364523071	290
-0.034524840575678	0.8506136487925	50
0.0386259244695799	1.312518049282	50
-0.114962657762606	1.26977579056386	50
-0.059768736330852	0.24915118819728	50
-0.104585380654205	1.0242435238471	49
-0.113931286540549	0.568764388230666	49
-0.075301992002896	0.695009706476992	300
0.0212477844465	0.582028846648847	300
-0.06337193448173	0.251725171025196	300
-0.114201663860069	0.563547253147306	300
-0.115333548953125	0.562529294221146	300
-0.059768736330852	0.24915118819728	20
-0.06337193448173	0.251725171025196	848
-0.068461558585642	0.248109641550082	848
-0.064184818666451	0.248202668593162	20
-0.063050710959763	0.252050724097018	258
0.01520043014357	0.595069550560812	145
0.0135145198106099	1.71990638211292	145
-0.030814861603173	1.15651630727162	141
0.0874489895099599	1.14569426880291	141
0.0218965722514399	0.598629005320525	269
-0.010747801325494	0.37562194001783	50
-0.010185366198267	0.370060244008601	50
-0.063050710959763	0.252050724097018	50
-0.028535756943033	1.43161724411318	50
-0.020534558804063	0.365653528734353	50
-0.010747801325494	0.37562194001783	1466
0.01126603098318	0.480144308280224	49
-0.06337193448173	0.251725171025196	49
-0.063050710959763	0.252050724097018	49
0.04228137939212	0.85439780879933	300
-0.06337193448173	0.251725171025196	300
0.00633411963970998	0.486910098036899	300
-0.062558574423391	0.247634103026872	20
-0.059768736330852	0.24915118819728	20
-0.064184818666451	0.248202668593162	20
-0.063050710959763	0.252050724097018	411
-0.06337193448173	0.251725171025196	1053
-0.015968589076649	0.367797509628704	258
0.04843415350567	1.56998161195263	141
0.0481779571565999	1.64129221656658	141
-0.072746752764345	1.46458791134239	141
-0.082891058759249	1.54815755696784	324
0.0894472828119499	1.26708453951075	585
0.0390802794320799	0.750281138058264	269
-0.018514499517154	0.963977112717369	290
-0.062558574423391	0.247634103026872	50
-0.01435792862882	0.367461216941546	39
-0.06337193448173	0.251725171025196	236
-0.059768736330852	0.24915118819728	20
-0.0113104619411391	0.368812314185007	20
-0.06337193448173	0.251725171025196	20
-0.060094454979737	0.248831364854085	258
-0.063050710959763	0.252050724097018	258
-0.062558574423391	0.247634103026872	258
-0.06337193448173	0.251725171025196	258
-0.063050710959763	0.252050724097018	258
0.0478087350227201	1.77041939368101	25
0.0987615107036599	2.00901605389464	145
0.04573753499638	1.32388814831043	145
-0.0231626761715	1.89382921326497	141
-0.073224874686433	0.937159192838469	290
-0.076277776115165	1.13387380511117	23
0.0648660117895199	1.43906618701004	50
-0.12003103541852	0.557781006623677	50
0.00114609142745992	0.478921664228091	49
-0.06337193448173	0.251725171025196	49
0.03206446866279	0.687684574540021	49
0.01070192654105	0.479315782088866	300
-0.085654520588643	0.678569188138851	39
-0.063050710959763	0.252050724097018	20
-0.063050710959763	0.252050724097018	587
-0.06337193448173	0.251725171025196	1053
-0.063864637384733	0.248516942959805	1053
0.00394374180763002	0.476290650027989	258
-0.062558574423391	0.247634103026872	258
0.00035846041940002	1.28537488694399	141
-0.112081391911349	1.00243665144924	141
0.02551933169888	1.60039084788301	141
0.0976007917908499	2.29982110255599	413
0.0821490318001299	1.66542073523262	290
0.06672091837991	1.01825567256167	290
0.0663916001187199	1.01508815874274	50
-0.015407725249235	0.374612111450457	50
-0.063864637384733	0.248516942959805	50
0.02319714136402	0.594218984140642	49
-0.119429816251022	0.56084141264937	49
-0.063864637384733	0.248516942959805	49
0.0413451128590001	0.751684746218672	300
-0.1167350219648	0.548471401222474	300
0.0381527650934299	0.749782968649835	509
0.00633411963970998	0.486910098036899	509
-0.013796254009245	0.374239917977977	39
-0.013796254009245	0.374239917977977	236
-0.012366011101711	0.370718641089762	20
-0.015407725249235	0.374612111450457	20
-0.01972594299856	0.366783266803632	20
-0.060911334041387	0.24879326226229	20
-0.063050710959763	0.252050724097018	20
-0.014040513680908	0.370182885853567	1053
-0.063864637384733	0.248516942959805	1053
-0.060911334041387	0.24879326226229	24
-0.06337193448173	0.251725171025196	258
-0.0659992118023181	0.245267351805318	258
0.07568177245451	1.11545236895488	141
-0.103048967650054	0.816632368694694	585
-0.0113104619411391	0.368812314185007	269
0.02450908796123	0.612561859438478	585
0.019812772074	0.598186326634751	23
-0.03734595967979	0.835544424089662	290
0.02943265033586	0.724306465205455	50
-0.102504647584286	0.568268441577924	50
0.0624923950876899	1.02376553307942	50
0.0513816319417699	0.881027235614859	23
-0.108900565422462	0.572192453536208	49
-0.06337193448173	0.251725171025196	49
-0.065185218463514	0.245307882708456	852
-0.063864637384733	0.248516942959805	49
-0.00187646353725401	0.471283713101368	300
-0.015849802059228	0.366673953158452	236
-0.11091750156778	0.565103872518481	20
-0.063864637384733	0.248516942959805	20
-0.06337193448173	0.251725171025196	20
-0.062558574423391	0.247634103026872	20
-0.063050710959763	0.252050724097018	258
0.10780704796753	1.36711837944264	141
-0.075892662279595	1.3027409403628	324
-0.069408095132914	0.715720341985255	269
0.0834818160514199	1.12526967087626	290
-0.066577802070381	1.13400533961523	290
-0.045211693183694	1.50411161483089	290
-0.106436964707273	0.808945807951927	290
0.0818998496879799	1.21022533085898	290
0.0416519961856401	0.736746718894506	290
-0.104696731077411	0.577754133915225	49
-0.06337193448173	0.251725171025196	49
-0.013796254009245	0.374239917977977	300
-0.010747801325494	0.37562194001783	236
-0.014601551030983	0.375791928593149	987
-0.01435792862882	0.367461216941546	20
-0.065185218463514	0.245307882708456	20
-0.062558574423391	0.247634103026872	20
-0.068461558585642	0.248109641550082	20
-0.06337193448173	0.251725171025196	20
0.0057936621516701	0.467891341375499	24
-0.013796254009245	0.374239917977977	258
0.00633411963970998	0.486910098036899	258
-0.124601469528768	1.60361851431753	145
0.05350671501598	2.06880527993571	145
-0.101756262443254	1.56740618140444	141
0.00480269842087999	1.58067281707016	585
-0.0862969013248019	1.39984017327141	290
-0.00346750915785499	1.28057785053607	290
-0.018221292633287	0.948336769939417	290
-0.020372967179802	0.951009096178754	290
-0.075670143521872	0.713544887277134	49
0.01520043014357	0.595069550560812	49
0.00989958956300008	0.477748807228473	852
0.000693205735359914	0.470187082369814	509
-0.0709761032431671	0.715439241927223	300
-0.06337193448173	0.251725171025196	300
0.0344509957593999	0.741998347171739	22
0.00394374180763002	0.476290650027989	20
-0.06927156914138	0.244692088421178	20
-0.021098841452168	0.365314824962889	20
-0.015849802059228	0.366673953158452	20
-0.063050710959763	0.252050724097018	258
-0.010747801325494	0.37562194001783	1682
0.00125860967541991	0.478929450611341	258
-0.064184818666451	0.248202668593162	1482
0.0634478654737201	2.33469516757567	145
-0.089573037132327	2.39084422237842	145
-0.115325931752639	1.99201238563034	141
0.0335759920152401	2.02389368740648	864
-0.122262019861153	1.10170018575758	141
-0.00821480787977203	1.7510534922565	413
-0.048186206392667	1.07215443670415	290
-0.118488064795586	0.557958603580973	290
0.0269017783488701	0.606132674911042	290
0.02790382265294	0.608145578611075	50
-0.109908644960058	0.580558450510033	49
-0.120392062500473	0.527715950399865	49
-0.063050710959763	0.252050724097018	852
0.01205746255895	1.11977303306723	49
-0.015968589076649	0.367797509628704	300
-0.010185366198267	0.370060244008601	419
-0.060094454979737	0.248831364854085	419
0.0193091799048	0.60200290434792	300
0.00845161371226011	0.48529991152662	236
-0.062558574423391	0.247634103026872	20
0.00302507720773004	0.473243084970773	20
0.00337885932323001	0.4839478351484	20
-0.063050710959763	0.252050724097018	20
-0.060911334041387	0.24879326226229	20
-0.064184818666451	0.248202668593162	20
0.10421168029129	1.39459481358838	145
0.06014715738129	1.43615004009669	145
0.01293395094321	1.12086346597531	141
-0.0728696621605181	0.955197129084212	141
-0.122466424627764	1.18131020283974	413
0.00633411963970998	0.486910098036899	585
0.0914733797287799	1.14695017445108	290
-0.083284753745652	1.11894102627957	290
-0.028033822610307	1.18583035899925	290
-0.015968589076649	0.367797509628704	50
0.0227153554764401	0.608844332343317	49
-0.00791554495459601	0.360329176121624	49
0.00845161371226011	0.48529991152662	300
-0.00736783958049603	0.459889635935897	300
-0.00109785303634502	0.472212772979448	300
-0.013796254009245	0.374239917977977	300
-0.014601551030983	0.375791928593149	20
-0.06337193448173	0.251725171025196	20
-0.064184818666451	0.248202668593162	20
-0.06058666479856	0.249112320793435	258
-0.062558574423391	0.247634103026872	258
-0.015407725249235	0.374612111450457	258
-0.013796254009245	0.374239917977977	258
-0.063864637384733	0.248516942959805	258
-0.071402045020069	1.49902804269875	145
-0.027529370602004	1.60474455997689	413
-0.0293112576394851	1.82094027596462	413
-0.074348788907006	0.706372312253049	585
-0.107942849799459	1.1066401003592	50
-0.014601551030983	0.375791928593149	49
-0.014601551030983	0.375791928593149	49
-0.060094454979737	0.248831364854085	49
0.0061225630939401	0.485202045359872	300
-0.063864637384733	0.248516942959805	1237
-0.00244286975242403	0.476636030622947	1237
-0.06337193448173	0.251725171025196	20
-0.06337193448173	0.251725171025196	20
0.00767477862087995	0.487789621394888	64
-0.06058666479856	0.249112320793435	848
-0.01972594299856	0.366783266803632	848
-0.063864637384733	0.248516942959805	20
-0.011559321246277	0.375709692754845	24
-0.015162819971306	0.368930251863414	1682
-0.06337193448173	0.251725171025196	1682
-0.062236307052307	0.247947976840952	258
-0.05756681779102	2.16702382244463	145
-0.056527076380497	1.94734758072593	2176
-0.035280272550137	1.52216898459013	145
-0.078030833891607	0.936566439693413	518
-0.111722917122401	0.807666343998188	290
-0.068992827991909	0.932681174001885	290
-0.118269109334573	1.11172549320669	290
-0.079638345730236	0.939751589471977	290
-0.080160751693085	1.11334118730215	50
0.04768423024368	0.861434693195072	49
-0.11060201443393	0.576758834822764	217
-0.109513550982378	0.577894080505482	49
0.02881764827476	0.723184221844187	49
-0.06337193448173	0.251725171025196	300
0.0223478804231201	0.598502237940709	300
-0.064184818666451	0.248202668593162	300
-0.013796254009245	0.374239917977977	22
0.00415537815398004	0.482946202618562	1237
-0.010185366198267	0.370060244008601	20
-0.110712251895036	0.579536858192426	20
-0.063050710959763	0.252050724097018	20
0.00493121949831998	0.4797650645224	848
-0.012366011101711	0.370718641089762	848
-0.01972594299856	0.366783266803632	20
-0.0659992118023181	0.245267351805318	161
0.00475755180497006	0.466329681549919	258
0.0636697771473	1.0065880645491	864
-0.00161530194785298	1.84947012329037	413
-0.021506546468521	1.46139284630074	413
-0.035309878952494	0.851692180659494	1258
-0.077755495732743	1.29993004074507	290
-0.055183363851122	1.05582217571309	290
-0.010185366198267	0.370060244008601	290
-0.015407725249235	0.374612111450457	49
0.04671579106139	0.873241115533749	217
-0.074683233201905	0.69460080089666	49
0.04112751318353	0.749158628019735	300
0.0256635753294701	0.614655648082237	300
-0.015968589076649	0.367797509628704	300
-0.063050710959763	0.252050724097018	1237
-0.067651077705109	0.244147812537135	1237
-0.065185218463514	0.245307882708456	20
-0.068461558585642	0.248109641550082	20
-0.060911334041387	0.24879326226229	20
-0.021098841452168	0.365314824962889	20
-0.063864637384733	0.248516942959805	147
-0.014847092696721	0.36904272807662	258
-0.063864637384733	0.248516942959805	258
-0.00847853869838899	0.365465669998012	258
-0.1055219124605	1.79015455117514	145
-0.067406555886399	1.69142503767661	145
0.08294733963642	1.14376485186326	145
-0.019934163311052	1.17501694786933	864
-0.0932223230177151	1.38688152822165	864
0.0358504521951499	1.23127257412813	141
-0.111199253780147	0.823772617638589	141
-0.113931286540549	0.568764388230666	50
-0.081890621494297	0.696320413667777	217
0.00710993469046994	0.486928562916366	49
-0.06927156914138	0.244692088421178	300
-0.015407725249235	0.374612111450457	300
0.0061225630939401	0.485202045359872	1237
-0.011559321246277	0.375709692754845	1237
0.02711359131616	0.606800222953852	20
-0.001427582238546	0.470230483315537	848
-0.06337193448173	0.251725171025196	848
-0.063050710959763	0.252050724097018	147
-0.012928170512171	0.36412127909435	147
-0.064184818666451	0.248202668593162	2215
-0.06927156914138	0.244692088421178	258
-0.07273598495682	1.67392633027417	25
0.07529666555753	2.3466120987537	141
-0.027785646951249	1.18626547215843	518
-0.043903067628673	0.822400419081741	585
-0.049321417133698	1.26830522548145	290
0.00281376540922995	0.483094799170805	217
-0.01565454339016	0.363482378748212	300
-0.063864637384733	0.248516942959805	419
-0.064184818666451	0.248202668593162	300
-0.010185366198267	0.370060244008601	64
0.09353610202226	1.28358958935491	145
-0.010273116393142	1.48195359364622	141
-0.12179453732859	0.911454117523172	518
0.05590038783102	0.995917597746931	198
0.05161501775537	0.876798679663967	50
-0.068406028755558	0.715586690615506	50
-0.075540576389313	0.698068934149864	50
-0.015407725249235	0.374612111450457	300
0.03566944517771	0.749822108884996	300
-0.062558574423391	0.247634103026872	64
-0.014601551030983	0.375791928593149	22
-0.064184818666451	0.248202668593162	64
0.00534543239558993	0.477860464779761	916
-0.01972594299856	0.366783266803632	325
-0.064184818666451	0.248202668593162	325
-0.016214771709664	0.368826913345635	147
-0.063864637384733	0.248516942959805	147
-0.06058666479856	0.249112320793435	258
-0.05499693885306	1.04500126609783	145
0.03409459269228	1.21895334284806	141
0.0931433447569501	1.2735413198573	413
-0.081039144925584	1.30108230079374	290
0.0292733248442201	0.610555982008989	50
-0.055021557880537	1.05590237006752	268
0.00415296108422991	1.09495667597494	135
-0.063864637384733	0.248516942959805	300
-0.062236307052307	0.247947976840952	300
-0.060911334041387	0.24879326226229	64
-0.018918546932261	0.365330461702992	64
-0.116136658432178	0.559121594137968	325
-0.064184818666451	0.248202668593162	161
-0.012928170512171	0.36412127909435	997
-0.063050710959763	0.252050724097018	997
-0.06058666479856	0.249112320793435	2966
-0.0276963659720541	1.62870688867575	25
-0.104748041191174	1.61770662766401	2176
-0.019587194215178	1.23719923318479	145
-0.119040139273638	1.08701486462614	145
-0.063353793864256	1.14883431534921	518
-0.044202934709181	0.827849582276509	413
-0.00821860709122801	0.977581138442673	198
0.0721253841334799	1.03319197131026	290
0.03423364840849	0.743619889776366	290
0.0390802794320799	0.750281138058264	50
0.0624330462343601	1.0062177621279	50
0.0615893209709699	1.02388176176012	50
0.0324523090786799	0.744684611038323	50
0.00710993469046994	0.486928562916366	268
-0.016615086598765	0.976081740082306	135
0.0361053148255299	0.744237532730723	49
0.0567849803893701	0.870026421670662	819
-0.012366011101711	0.370718641089762	300
0.00359033344675996	0.482097844754184	300
-0.063050710959763	0.252050724097018	300
-0.06337193448173	0.251725171025196	64
0.03603569893522	0.74699823340534	155
-0.015407725249235	0.374612111450457	64
0.01102755620825	0.471237494290958	64
0.00281376540922995	0.483094799170805	916
-0.062236307052307	0.247947976840952	325
0.0149871365933101	0.581763272319318	147
-0.014601551030983	0.375791928593149	161
-0.11060201443393	0.576758834822764	141
-0.094595953578489	1.03562835760958	141
-0.016975662873851	1.23568188290575	198
-0.085435878330376	0.919783586119618	198
-0.068788084337952	0.708237592046998	290
-0.01435792862882	0.367461216941546	50
0.03710581608605	0.748293412515736	50
0.03207621471612	0.729307043836389	50
-0.063864637384733	0.248516942959805	49
-0.00760113177674804	0.457229874760725	819
-0.013796254009245	0.374239917977977	300
-0.016415475166458	0.366334860207041	300
-0.013796254009245	0.374239917977977	663
-0.010996987507142	0.37013610430479	300
0.00576901497540994	0.477870986218318	155
-0.062236307052307	0.247947976840952	155
-0.018677485850927	0.359607857634117	64
-0.019483380056088	0.364992627008556	64
-0.063864637384733	0.248516942959805	147
-0.06337193448173	0.251725171025196	1113
-0.064184818666451	0.248202668593162	258
-0.063050710959763	0.252050724097018	258
0.000661445530010019	1.36210437463624	145
-0.082341532694382	2.19815506688475	145
0.0434210880480199	0.865697678133295	145
-0.043955264685128	1.70261829773724	141
0.10165241111855	1.38474308897853	290
-0.046037500867115	1.05867906274903	290
-0.121488372746334	0.547100596710619	50
-0.01565454339016	0.363482378748212	268
0.0018238019238801	0.479769479714341	135
0.0216813102987601	0.605000980815751	2157
-0.078868559295364	0.713665097071331	49
0.00772612633633996	0.467664851884733	49
-0.063050710959763	0.252050724097018	49
0.00194763097309991	0.481455761041027	300
0.00147116836126004	0.473251643070176	300
-0.076778143247081	0.695436034656395	155
-0.062558574423391	0.247634103026872	64
-0.01435792862882	0.367461216941546	64
-0.00822857362849905	0.362562427132467	325
-0.014040513680908	0.370182885853567	1113
-0.062236307052307	0.247947976840952	258
-0.06337193448173	0.251725171025196	381
-0.107106790881971	0.570502394782155	141
-0.116591345140954	1.52916890633917	141
0.0575048531557101	1.82523790555144	518
-0.12331277985819	0.916408750677468	141
-0.063864637384733	0.248516942959805	585
0.0651084903405701	1.00159157416423	50
-0.063050710959763	0.252050724097018	49
0.0217673098767801	0.606998795862009	300
0.00633411963970998	0.486910098036899	300
-0.064184818666451	0.248202668593162	64
-0.013796254009245	0.374239917977977	1065
-0.063050710959763	0.252050724097018	64
-0.062558574423391	0.247634103026872	325
-0.015968589076649	0.367797509628704	325
-0.06058666479856	0.249112320793435	161
-0.014601551030983	0.375791928593149	258
-0.064184818666451	0.248202668593162	258
-0.051055148530622	0.813301017049919	141
-0.072465565393	1.15470555753698	864
-0.071305677976525	1.33374514427258	141
-0.064958595537473	1.60187434219016	413
0.04104064360213	0.721787108251584	50
0.0172417485695899	1.08821709982184	135
-0.06337193448173	0.251725171025196	49
-0.00993545917815397	0.370795837835066	49
-0.068461558585642	0.248109641550082	49
0.00394374180763002	0.476290650027989	300
0.00337885932323001	0.4839478351484	300
0.00251330617361001	0.475998850251297	155
-0.011559321246277	0.375709692754845	155
-0.060094454979737	0.248831364854085	155
-0.064184818666451	0.248202668593162	155
-0.063864637384733	0.248516942959805	340
0.00281376540922995	0.483094799170805	340
-0.062558574423391	0.247634103026872	161
-0.067651077705109	0.244147812537135	381
0.11377468290547	2.06403572100756	141
-0.027815750308325	1.14748549236922	141
-0.066277977667353	1.14186297288255	413
-0.066863738668194	1.14416052124174	413
-0.077382326474214	0.915783356204803	50
-0.012121887659061	0.368886497246459	2407
-0.038898113357309	0.839187711768743	49
0.00171175334323004	0.473534669612339	49
0.02089003658142	0.605909550779579	49
-0.010185366198267	0.370060244008601	300
0.00845161371226011	0.48529991152662	300
-0.007665078827225	0.369030086928343	300
-0.060911334041387	0.24879326226229	69
-0.062236307052307	0.247947976840952	300
0.00710993469046994	0.486928562916366	300
-0.011559321246277	0.375709692754845	300
0.00125860967541991	0.478929450611341	155
-0.015162819971306	0.368930251863414	325
0.0256635753294701	0.614655648082237	325
0.00394374180763002	0.476290650027989	258
-0.063864637384733	0.248516942959805	258
-0.06337193448173	0.251725171025196	258
-0.060094454979737	0.248831364854085	258
-0.00485259875725996	2.3727118332308	141
-0.117083058657348	0.791272099346085	141
0.11188076159069	1.49973960818093	413
-0.00109785303634502	0.472212772979448	585
-0.0753512687203271	0.939739215217978	50
-0.049225821536667	0.833954729592943	135
-0.10492460301805	1.02798834779984	135
-0.0701198949855451	0.717740520055448	49
0.0216813102987601	0.605000980815751	49
-0.10532391427181	1.01735806383833	2406
0.0322346180474999	0.749080851454986	2407
-0.11812719052618	0.789491363802822	49
0.03710581608605	0.748293412515736	1276
0.0320167149881001	0.744918242532328	49
-0.06337193448173	0.251725171025196	300
-0.000861730581280029	0.476636133971408	300
-0.037246115087987	0.858288425326223	300
0.04990298222237	0.884140060256859	300
-0.06337193448173	0.251725171025196	300
-0.068461558585642	0.248109641550082	300
-0.063864637384733	0.248516942959805	300
-0.062236307052307	0.247947976840952	155
0.00359033344675996	0.482097844754184	155
0.0284822596307299	0.611748319284534	64
-0.00937275005210902	0.365436274765583	325
-0.059768736330852	0.24915118819728	325
-0.062236307052307	0.247947976840952	161
0.05080000017213	1.43114630931258	141
-0.051268931295945	1.28882562315165	141
0.0866124554373	1.14837372817938	290
0.0461048298214299	0.88729730860511	290
0.0936574001294801	1.26085350751056	50
0.0206748172787301	0.603427725259077	49
-0.013234811295878	0.368702668266516	300
0.0203140262552199	0.602348642368222	300
-0.063050710959763	0.252050724097018	155
-0.062236307052307	0.247947976840952	155
-0.00109785303634502	0.472212772979448	155
-0.010996987507142	0.37013610430479	155
-0.01299183915577	0.36852659617043	2555
-0.062236307052307	0.247947976840952	2555
-0.015968589076649	0.367797509628704	2555
-0.063050710959763	0.252050724097018	325
-0.064184818666451	0.248202668593162	258
-0.015407725249235	0.374612111450457	258
-0.074628967139406	1.39869411290545	198
-0.109796589394453	0.576891524588272	290
0.0705370153565299	1.03089632547339	52
-0.012767481702972	0.360473786402121	135
-0.047973151692622	0.831570317830477	52
-0.047795108055223	0.82269645405737	2406
-0.076977309293554	0.706195886961819	217
-0.063050710959763	0.252050724097018	49
0.0018238019238801	0.479769479714341	300
-0.075586065684243	0.711446691154824	300
0.0214658095009701	0.604380928050667	155
-0.015407725249235	0.374612111450457	155
-0.011559321246277	0.375709692754845	155
0.00493121949831998	0.4797650645224	155
-0.013333998725767	0.360144514644237	2555
-0.062236307052307	0.247947976840952	325
-0.06337193448173	0.251725171025196	325
-0.064184818666451	0.248202668593162	371
-0.116014541743588	0.570603179061096	864
0.000712920681759988	1.85522777280972	864
0.02334508552181	0.696979042181525	141
-0.10670194634398	0.579256448249235	198
0.02292836747479	0.610240827965514	198
-0.080395827242479	0.906397085222279	198
0.00458958750722993	1.66379186399639	198
-0.115411977920757	0.573812439796304	290
-0.063050710959763	0.252050724097018	290
-0.117337664750003	0.819192975479441	290
-0.001427582238546	0.470230483315537	50
0.0672812587967799	0.999516050549123	50
-0.088893093062098	0.654716053252901	52
0.00767477862087995	0.487789621394888	135
0.0243541091478501	0.697090703634024	52
0.0645722670304001	0.99565016372718	2406
-0.103892437524077	0.575721990596134	2406
-0.064184818666451	0.248202668593162	49
-0.010498393996987	0.364221785460674	49
-0.063050710959763	0.252050724097018	49
-0.063050710959763	0.252050724097018	69
-0.063050710959763	0.252050724097018	300
-0.020290500680645	0.366443091077846	300
-0.014847092696721	0.36904272807662	155
-0.06337193448173	0.251725171025196	64
-0.013796254009245	0.374239917977977	460
-0.064184818666451	0.248202668593162	325
-0.014847092696721	0.36904272807662	325
-0.06337193448173	0.251725171025196	669
-0.063864637384733	0.248516942959805	161
-0.062558574423391	0.247634103026872	258
-0.060911334041387	0.24879326226229	258
-0.062558574423391	0.247634103026872	371
0.03463640320666	1.89592549208064	145
0.0216180785837301	2.22506301194531	145
0.0120868675832799	1.64859038776546	145
-0.11265598446294	1.37292118342129	141
-0.043130207256601	0.843094969238315	198
-0.119089777888563	0.790287161335226	50
-0.11357466311309	0.809271223645692	52
-0.112528235053252	0.569885977936437	2406
-0.013234811295878	0.368702668266516	49
-0.06058666479856	0.249112320793435	49
0.00125860967541991	0.478929450611341	300
-0.015609723265355	0.361785162446201	155
-0.060094454979737	0.248831364854085	155
0.00194763097309991	0.481455761041027	155
-0.010747801325494	0.37562194001783	64
-0.00628930365803404	0.360669674606016	460
-0.021098841452168	0.365314824962889	460
-0.015407725249235	0.374612111450457	460
-0.010747801325494	0.37562194001783	258
-0.014601551030983	0.375791928593149	258
-0.036906068606523	1.70982531983148	145
0.0897537739237899	1.84134727055451	141
-0.107699683224001	0.577925025102366	198
-0.031985608438298	0.847207828538062	198
0.00564058645404009	1.57074993904868	290
-0.113752781514171	0.814482135496125	290
-0.107668449147579	0.82028381859028	49
-0.063864637384733	0.248516942959805	49
0.00689901290568007	0.487772154230679	300
-0.02134303369576	0.360168617390606	155
0.00710993469046994	0.486928562916366	155
-0.01565454339016	0.363482378748212	64
-0.063050710959763	0.252050724097018	552
-0.064184818666451	0.248202668593162	325
-0.018464323144086	0.349374368011971	325
0.00472021148483992	0.475342446902082	325
-0.00244286975242403	0.476636030622947	325
-0.064184818666451	0.248202668593162	669
-0.011559321246277	0.375709692754845	258
-0.06337193448173	0.251725171025196	258
0.0112176223174301	2.29907272791483	145
0.00384757659326995	2.07553939725496	145
0.0765761406848899	2.10443962514414	145
-0.029512772163196	1.30692841028855	145
0.0608470614443399	0.987688248305832	141
0.0362524619282001	0.750161552537477	864
-0.066755161559242	0.716479763114138	864
-0.00140099508425096	2.13036985466867	864
-0.120914235815943	1.37591823471556	141
-0.001427582238546	0.470230483315537	50
-0.043280551267054	0.816028037061968	52
-0.0442791799236	0.851264074512653	52
-0.0442791799236	0.851264074512653	52
-0.063050710959763	0.252050724097018	397
-0.060911334041387	0.24879326226229	49
-0.063050710959763	0.252050724097018	49
-0.015407725249235	0.374612111450457	300
0.0146218279625301	0.594170118241933	155
0.000505488824990019	0.468324449883003	155
-0.06058666479856	0.249112320793435	155
-0.060911334041387	0.24879326226229	155
-0.060911334041387	0.24879326226229	155
-0.000861730581280029	0.476636133971408	325
-0.067651077705109	0.244147812537135	325
-0.013333998725767	0.360144514644237	325
-0.06337193448173	0.251725171025196	258
-0.107575871166543	1.11740872586426	145
-0.074875521243045	0.718336288619453	864
0.0658059630362999	1.91979266809395	864
0.02756471845704	1.20720948271911	290
0.01039488489857	1.10930551089722	290
-0.060911334041387	0.24879326226229	52
-0.015162819971306	0.368930251863414	52
-0.035462599029486	0.823407411919609	52
-0.063864637384733	0.248516942959805	397
-0.064184818666451	0.248202668593162	49
-0.015968589076649	0.367797509628704	300
-0.110508655484162	0.575793642453368	300
0.00909707101219004	0.471365726552448	605
-0.064184818666451	0.248202668593162	155
-0.064184818666451	0.248202668593162	155
-0.06337193448173	0.251725171025196	155
-0.06337193448173	0.251725171025196	325
-0.060911334041387	0.24879326226229	161
-0.063864637384733	0.248516942959805	161
-0.010996987507142	0.37013610430479	258
-0.063864637384733	0.248516942959805	258
-0.102578995871505	1.59958042208246	145
-0.115633396442822	1.35505897463877	141
-0.103084905435587	1.86228236830428	198
0.0952252595562	1.25972673425023	290
-0.120267788710068	0.789784733101735	52
0.0434255683565099	0.736569489400906	52
-0.015162819971306	0.368930251863414	49
-0.113725872270235	0.564294678362753	397
0.0368653447907199	0.748311824702935	397
0.0242955289820099	0.616215651543523	300
0.04364109789263	0.857779083550539	155
0.01102755620825	0.471237494290958	155
-0.014601551030983	0.375791928593149	552
0.0243605957444799	0.604952229999684	325
-0.067651077705109	0.244147812537135	258
-0.058372513078279	1.60600946154924	145
-0.071646370439591	1.75109271265321	145
-0.119463343699308	1.18863462408415	141
-0.082130411121461	1.30331466519139	198
0.04349903065838	1.31915765682552	198
0.08520540071481	1.7230356207434	49
0.08079661268472	1.12960628127213	52
-0.01565454339016	0.363482378748212	52
0.0578350893165001	0.977129983237063	397
0.0350603495630899	0.748436176641896	300
0.0352064887774	0.742980313915579	300
-0.063864637384733	0.248516942959805	1241
-0.015162819971306	0.368930251863414	605
0.0082394113617501	0.480029165942847	155
-0.010498393996987	0.364221785460674	155
-0.064184818666451	0.248202668593162	56
-0.011559321246277	0.375709692754845	155
0.02457149997552	0.602884683593853	155
-0.010747801325494	0.37562194001783	155
0.00944722608635007	0.419165715107031	155
0.00668729437263993	0.4775299745135	64
-0.011559321246277	0.375709692754845	64
-0.063050710959763	0.252050724097018	325
-0.015968589076649	0.367797509628704	325
0.02544897367711	0.604302832435375	325
-0.01435792862882	0.367461216941546	258
0.1224866378364	1.73717855966368	145
-0.096979980212329	1.20342901118741	141
-0.119025641143834	1.46253521544201	198
0.12491839025483	1.68950437250233	290
0.00689901290568007	0.487772154230679	52
0.04535033050947	0.861749433553248	52
0.00114609142745992	0.478921664228091	392
-0.014847092696721	0.36904272807662	49
0.04865664233314	0.870828824430588	49
-0.015849802059228	0.366673953158452	300
0.00203652309405999	0.482132580662537	151
-0.000626024693789029	0.467268379712088	605
-0.015968589076649	0.367797509628704	155
-0.060911334041387	0.24879326226229	64
-0.02134303369576	0.360168617390606	325
-0.010996987507142	0.37013610430479	258
0.00576901497540994	0.477870986218318	258
-0.092166519716216	2.10460041880565	145
-0.0755662978626071	0.922738112433259	145
0.0210484590023099	1.38386798865364	145
0.0261047792906599	0.710049779453301	141
-0.015407725249235	0.374612111450457	198
-0.120807700212129	1.36207556996234	198
0.0955600313209699	1.25260396357335	49
-0.00847853869838899	0.365465669998012	52
-0.01972594299856	0.366783266803632	392
-0.075921011093457	0.691995310489582	397
-0.00847853869838899	0.365465669998012	56
-0.06337193448173	0.251725171025196	56
0.00378523040517997	0.466077031154316	155
-0.059768736330852	0.24915118819728	325
-0.068461558585642	0.248109641550082	1133
-0.060094454979737	0.248831364854085	258
-0.064184818666451	0.248202668593162	258
-0.041213264386736	1.44793932867742	145
-0.059225421019769	1.5202364986783	864
-0.055837006453187	1.40112529444195	198
-0.117613627103904	0.563019396622119	52
-0.00166347528398902	0.477586917922281	397
-0.011559321246277	0.375709692754845	392
0.01070192654105	0.479315782088866	392
-0.015407725249235	0.374612111450457	49
-0.015162819971306	0.368930251863414	49
-0.014601551030983	0.375791928593149	1241
-0.062236307052307	0.247947976840952	151
-0.064184818666451	0.248202668593162	155
-0.063864637384733	0.248516942959805	56
-0.06337193448173	0.251725171025196	56
0.01126603098318	0.480144308280224	1491
-0.013234811295878	0.368702668266516	1491
-0.063864637384733	0.248516942959805	1133
-0.010996987507142	0.37013610430479	1133
-0.108709386910123	0.578910244903373	52
0.00138173954919996	0.474915836916875	52
0.00281376540922995	0.483094799170805	52
0.06575723214026	1.01036263821195	397
-0.082868239914138	0.696533631056537	392
0.00689901290568007	0.487772154230679	392
-0.014601551030983	0.375791928593149	49
0.00337885932323001	0.4839478351484	49
-0.015407725249235	0.374612111450457	1241
0.0240817222919201	0.612321078220577	758
0.00203652309405999	0.482132580662537	577
-0.015407725249235	0.374612111450457	64
-0.01565454339016	0.363482378748212	64
-0.013796254009245	0.374239917977977	64
-0.012366011101711	0.370718641089762	325
-0.063864637384733	0.248516942959805	64
-0.060094454979737	0.248831364854085	1491
-0.060094454979737	0.248831364854085	258
-0.039631228425048	1.33427466506478	25
-0.040318684730079	1.06368615686254	145
-0.044540858646157	0.846565827975445	141
-0.100909409843817	0.813121361246967	413
-0.118679996743305	1.52120368072041	413
0.07943998269116	1.11532263019895	1036
-0.021244690994869	1.4234642872281	198
-0.041829034629183	0.858877587953844	198
0.0337654221655901	0.737375765502651	49
0.0227766562260501	0.599421920505409	290
0.00777991773172992	1.66749308110023	290
0.0841535804726901	1.14950199999723	392
0.01480267205432	1.361896491423	397
0.04986018576757	0.866748654498438	397
-0.063864637384733	0.248516942959805	1241
-0.062236307052307	0.247947976840952	151
-0.101194099660739	0.816140044513059	577
-0.013234811295878	0.368702668266516	577
-0.015407725249235	0.374612111450457	325
-0.06058666479856	0.249112320793435	325
-0.011559321246277	0.375709692754845	161
-0.063864637384733	0.248516942959805	258
-0.039038575971607	1.67163427473167	25
-0.106274423211735	1.38614363025246	145
-0.102441288232557	1.35572088926727	864
0.07571709258108	2.11808710417547	198
0.00160318405016002	1.07506275567069	198
0.02350516387716	0.613901700970229	52
-0.124249285941714	0.790661217743392	52
0.0406897660885499	0.86004532640079	397
-0.015162819971306	0.368930251863414	40
-0.001427582238546	0.470230483315537	758
-0.062236307052307	0.247947976840952	56
-0.011559321246277	0.375709692754845	161
-0.06927156914138	0.244692088421178	258
-0.063864637384733	0.248516942959805	258
-0.0681305224775141	1.50570893109899	141
0.0137139709435701	1.3742345782743	141
-0.063183488240863	1.21470767363637	198
0.00985716765773992	1.09136821623663	290
0.0397897295051799	1.21667666340054	290
-0.112136804884204	0.557877629344224	49
0.00415537815398004	0.482946202618562	52
-0.123308261212465	0.542948714569207	52
-0.115000615287819	0.555190002093489	52
-0.064184818666451	0.248202668593162	49
-0.00222931374587199	0.471139432205361	40
-0.015407725249235	0.374612111450457	40
-0.06337193448173	0.251725171025196	40
0.00260166618848001	0.482983171513586	1241
-0.020290500680645	0.366443091077846	1241
0.0240817222919201	0.612321078220577	69
-0.059768736330852	0.24915118819728	56
-0.057612008947302	0.243320900521788	361
-0.013796254009245	0.374239917977977	920
-0.00847853869838899	0.365465669998012	161
-0.013796254009245	0.374239917977977	161
-0.062558574423391	0.247634103026872	161
0.08047121718331	2.31016932470766	145
-0.106215930678863	1.78985998480298	145
0.01325217904307	0.579496707819846	1686
-0.085154567326913	1.58427631559628	141
0.01479022823488	1.41361010443749	141
-0.06058666479856	0.249112320793435	146
-0.079729120431869	0.675688943264491	290
0.03268499751957	0.735502160763905	49
-0.075967912678573	0.934680665513777	49
-0.111516749910316	0.564089901462025	392
-0.06927156914138	0.244692088421178	40
-0.015407725249235	0.374612111450457	1241
-0.014601551030983	0.375791928593149	56
-0.06927156914138	0.244692088421178	552
-0.014040513680908	0.370182885853567	1483
-0.010185366198267	0.370060244008601	258
0.0471149790035199	1.7257570289177	25
-0.119254016050516	1.4863163095104	145
0.00873941957739999	1.42402467273704	141
-0.044976585705602	1.02606706354348	198
-0.0214139574768319	0.956059830202731	49
-0.07534949038423	0.711343928268303	49
-0.007665078827225	0.369030086928343	392
-0.059768736330852	0.24915118819728	397
-0.010185366198267	0.370060244008601	397
-0.01972594299856	0.366783266803632	40
0.00689901290568007	0.487772154230679	40
-0.00321764144646697	0.473496428600933	40
-0.0000854248020449866	0.462844621319091	1636
0.0201813834564699	0.609115429201752	56
-0.062236307052307	0.247947976840952	56
-0.00937275005210902	0.365436274765583	56
-0.057612008947302	0.243320900521788	56
-0.010747801325494	0.37562194001783	56
-0.06337193448173	0.251725171025196	552
-0.014601551030983	0.375791928593149	210
-0.06058666479856	0.249112320793435	210
-0.011559321246277	0.375709692754845	161
0.0067901724269599	1.08187415380044	145
-0.072923811433065	1.13631669597144	141
-0.026691647997399	1.43543881753803	198
-0.071108867590727	1.14050219832326	491
0.0154883418923299	0.590392481358909	290
0.0722617568277499	1.02302317906909	290
-0.016775230989323	0.362275553909264	50
0.0488154500453499	0.88130367814952	49
-0.019342379656839	0.958496012246405	52
0.000693205735359914	0.470187082369814	392
-0.015407725249235	0.374612111450457	40
-0.117421633117745	0.55522666342054	40
-0.063050710959763	0.252050724097018	1241
-0.063050710959763	0.252050724097018	56
-0.010498393996987	0.364221785460674	56
-0.063050710959763	0.252050724097018	74
-0.06337193448173	0.251725171025196	64
-0.01299183915577	0.36852659617043	210
-0.06337193448173	0.251725171025196	161
0.03288338812105	1.21428734684044	86
-0.051793579358606	1.25560976926821	864
-0.045574323712455	1.07883380067367	290
0.0961158251907499	1.24475332633174	290
-0.059768736330852	0.24915118819728	49
0.00281376540922995	0.483094799170805	52
-0.114735160271229	0.567066842807043	52
0.0358249635522501	0.584959646124368	392
-0.012366011101711	0.370718641089762	392
-0.010747801325494	0.37562194001783	40
-0.012366011101711	0.370718641089762	40
-0.063864637384733	0.248516942959805	40
-0.016214771709664	0.368826913345635	56
0.00767477862087995	0.487789621394888	56
0.00478044053762994	0.477032012916802	56
-0.063050710959763	0.252050724097018	64
-0.063050710959763	0.252050724097018	210
-0.063864637384733	0.248516942959805	210
-0.060094454979737	0.248831364854085	210
-0.06058666479856	0.249112320793435	258
-0.06337193448173	0.251725171025196	258
-0.122958547378323	0.802600390554034	864
-0.034800534127132	1.13149518210371	413
0.00251330617361001	0.475998850251297	49
-0.105696583595739	0.572652600426665	290
0.12453559226233	1.78821980061805	50
-0.111206206428252	0.573537323607547	49
0.0269017783488701	0.606132674911042	49
0.00415537815398004	0.482946202618562	52
0.0101078199250899	1.088455380766	49
0.0545987428277299	1.4157982729557	392
0.0299460770917199	1.51687633073939	392
0.0118639230119399	1.09194019197003	392
0.0223478804231201	0.598502237940709	40
-0.062558574423391	0.247634103026872	40
-0.11520349136064	0.821614025616569	56
-0.059938930910577	0.927089185374452	56
-0.065185218463514	0.245307882708456	56
0.02110501746394	0.601457060446205	56
-0.06337193448173	0.251725171025196	361
-0.081038420711614	1.77864804770789	145
0.01684485232862	1.45885162672014	1686
-0.075468663936096	1.31308927866393	141
-0.056616079835241	0.787232549546713	49
-0.06177465183675	0.693402895246777	49
0.0630473226130901	0.966348195888496	49
-0.034461511788441	1.2503808755364	49
-0.00244286975242403	0.476636030622947	49
-0.107504741496912	0.576964688677173	49
-0.00822857362849905	0.362562427132467	40
-0.102102611025812	0.574908518214491	40
-0.022345980163063	0.355118536757327	56
-0.014040513680908	0.370182885853567	69
-0.116871500439588	0.558220891173871	56
-0.020290500680645	0.366443091077846	361
-0.062558574423391	0.247634103026872	548
0.00274899041451993	0.481501031441308	161
-0.063050710959763	0.252050724097018	258
-0.112205193787323	1.79366911420771	25
-0.12448907832567	1.09581024071816	145
-0.005091833311056	1.29682668278302	86
-0.0360589104938061	1.36398521376128	413
-0.110200452660087	0.561584168609663	290
0.0408872046583999	1.31696937010422	49
-0.010185366198267	0.370060244008601	49
-0.073017476799491	0.714629528542135	49
0.00746369492862997	0.48000141001136	40
0.0243605957444799	0.604952229999684	56
-0.010996987507142	0.37013610430479	56
-0.06927156914138	0.244692088421178	56
0.0190206567165701	0.59812575190583	56
-0.06337193448173	0.251725171025196	56
-0.059768736330852	0.24915118819728	56
0.0290363461045799	0.733746975255008	56
-0.060911334041387	0.24879326226229	210
0.02110501746394	0.601457060446205	161
-0.063050710959763	0.252050724097018	161
-0.064184818666451	0.248202668593162	161
-0.056629118997543	1.01436762800942	145
0.0403001457873	0.747878328806844	266
0.09558093091668	1.78908062829875	49
0.02676540566884	0.725530275598379	49
0.0290604573562401	0.61020290287646	49
-0.010747801325494	0.37562194001783	392
-0.06058666479856	0.249112320793435	392
-0.073017476799491	0.714629528542135	215
-0.00993545917815397	0.370795837835066	56
-0.064184818666451	0.248202668593162	56
-0.01242999051219	0.363226600802154	56
-0.015162819971306	0.368930251863414	64
-0.063050710959763	0.252050724097018	210
-0.062236307052307	0.247947976840952	161
-0.062558574423391	0.247634103026872	258
0.00028022660983007	2.33544970783427	145
-0.020870158854556	0.956943010159875	86
-0.054057670012553	0.798334770555831	266
-0.078868559295364	0.713665097071331	266
-0.04230191035869	1.56561247949542	141
-0.122374222697245	1.61839399149036	1036
-0.076252685334003	1.32030446999814	49
-0.015849802059228	0.366673953158452	49
0.0284224407157501	1.21875623485462	49
-0.063050710959763	0.252050724097018	397
-0.063050710959763	0.252050724097018	215
-0.070502497278776	0.715032686786459	215
-0.110112774452011	0.580603595945207	40
0.03035839933338	0.732088672134395	40
-0.068461558585642	0.248109641550082	40
0.00274899041451993	0.481501031441308	56
-0.01435792862882	0.367461216941546	56
0.00147116836126004	0.473251643070176	56
-0.06337193448173	0.251725171025196	56
-0.063050710959763	0.252050724097018	548
-0.014601551030983	0.375791928593149	548
-0.062558574423391	0.247634103026872	64
-0.01972594299856	0.366783266803632	64
-0.062558574423391	0.247634103026872	258
-0.013234811295878	0.368702668266516	258
-0.0592266622072291	1.4125378717881	1686
0.12115011782162	1.48198227252365	86
-0.012622142922971	1.51859194593485	864
0.0993942663707601	1.86260786019767	413
-0.118729398932233	1.24687595985232	413
-0.110580947968555	1.43334072279891	1036
-0.060094454979737	0.248831364854085	49
0.0527380444279499	0.887173950867716	49
-0.044412901912531	0.814858324747146	49
-0.100495896893477	0.570054596430495	49
-0.062236307052307	0.247947976840952	215
-0.06058666479856	0.249112320793435	215
-0.047795108055223	0.82269645405737	215
0.00989958956300008	0.477748807228473	40
-0.015407725249235	0.374612111450457	40
-0.015162819971306	0.368930251863414	56
0.0221388420933599	0.605251879255377	56
-0.00993545917815397	0.370795837835066	56
0.00355016795453	0.479099766440325	56
-0.062236307052307	0.247947976840952	74
-0.01435792862882	0.367461216941546	64
-0.062236307052307	0.247947976840952	1768
-0.062236307052307	0.247947976840952	210
-0.068461558585642	0.248109641550082	2424
0.0107672743012599	2.28155043747911	145
-0.085890738687101	1.36450850216422	86
-0.102889455490085	1.43205022757546	864
-0.049516859231561	1.24872173229153	864
-0.072945547650376	1.53019121996782	864
-0.0133734613515361	1.72787754485263	141
-0.101836422586177	1.62359877723311	413
0.0311747879025499	1.21296250291367	703
0.03729671494535	0.842352766373328	49
-0.010084609948274	0.947283211431522	49
0.0350603495630899	0.748436176641896	49
-0.106101122953625	0.580317776732624	49
0.0204593607660799	0.590705666775977	49
0.0201813834564699	0.609115429201752	392
0.0216813102987601	0.605000980815751	215
-0.117216622300766	0.564812810137303	215
0.0216813102987601	0.605000980815751	40
0.0061225630939401	0.485202045359872	40
0.00203652309405999	0.482132580662537	56
-0.10930888883584	0.581628052419297	56
-0.057282819831269	0.243626507748643	64
-0.06337193448173	0.251725171025196	64
-0.063864637384733	0.248516942959805	64
-0.013234811295878	0.368702668266516	210
-0.010996987507142	0.37013610430479	258
-0.01972594299856	0.366783266803632	1132
-0.012158253761271	1.62843457462524	86
-0.079794015942263	1.44056703008714	86
-0.031651906287027	2.2159020894703	86
-0.099091740042467	1.45140925364237	864
-0.0887581649156191	1.56059723446031	864
-0.025340664725623	1.16277091139074	49
-0.123304247228558	1.07751229979781	703
-0.096512081645804	0.55525844101995	49
-0.043838311396992	0.842050279447953	1138
-0.0445258425576141	0.824419028964971	49
-0.01435792862882	0.367461216941546	49
0.02024346619661	0.58115523280431	49
-0.063864637384733	0.248516942959805	392
-0.063050710959763	0.252050724097018	392
0.01150408013963	0.477957888397808	215
-0.063050710959763	0.252050724097018	56
-0.00847853869838899	0.365465669998012	56
-0.11231803112632	0.571012633100677	56
-0.018677485850927	0.359607857634117	548
0.0216813102987601	0.605000980815751	1132
0.02468520976435	2.13220309264382	145
0.0448515899814199	1.71161667751052	145
-0.116161689825365	1.10384414654779	145
-0.037069010091172	1.84983561208056	25
0.0198576077514101	1.4752828255802	25
0.0347161709705299	1.60601639304119	86
-0.087232758372628	1.01105757379081	86
-0.016167485333856	1.46232186284327	864
-0.0811492449326769	0.945570313792363	864
-0.120543818929598	1.68569674354666	198
0.0571382108727701	1.8178275822874	50
0.0330737087335999	0.732235410844381	49
0.0363886953778001	0.724205920566701	49
0.00394374180763002	0.476290650027989	49
-0.077872233039717	0.700083270374079	28
0.0298669803365901	0.732813631697393	215
0.00194763097309991	0.481455761041027	40
-0.06927156914138	0.244692088421178	56
0.00337885932323001	0.4839478351484	56
-0.010185366198267	0.370060244008601	361
-0.020534558804063	0.365653528734353	361
0.0505257571998601	0.883457326894893	182
-0.068461558585642	0.248109641550082	64
-0.0180306885927221	0.361678662550968	161
0.10228255491964	1.35177294862067	145
0.12082910483886	1.47242870277958	25
0.0253819848118599	1.51892913370927	86
0.05462583174907	0.889708749509566	864
0.0762037550935399	1.14470774505113	864
-0.026177608674268	1.16982199885357	146
-0.046290568117331	0.826149108634896	49
-0.117397395792862	0.812558600700289	49
-0.044409227682954	1.50862067740124	529
-0.115396965408112	0.561432579389959	1138
-0.049493379444043	0.830055295395517	1138
0.0334581935787099	0.735043493117012	49
0.0253002832123099	0.610366091604657	49
-0.067847855453961	0.710768719906588	392
-0.014040513680908	0.370182885853567	215
-0.064184818666451	0.248202668593162	215
-0.019483380056088	0.364992627008556	40
-0.106101122953625	0.580317776732624	40
-0.014601551030983	0.375791928593149	56
-0.016657069342454	0.366745698422458	56
0.00767477862087995	0.487789621394888	56
-0.063050710959763	0.252050724097018	182
-0.014040513680908	0.370182885853567	64
-0.018918546932261	0.365330461702992	64
-0.015407725249235	0.374612111450457	64
-0.063050710959763	0.252050724097018	210
0.0082394113617501	0.480029165942847	1132
0.0216813102987601	0.605000980815751	1132
-0.063050710959763	0.252050724097018	5
0.06836701752436	1.61722587249626	145
0.03811713073538	1.29584356677745	25
-0.024014634889451	1.19342172645774	145
0.0768527596091	1.13974309559979	145
0.0780868174348801	1.13156277686294	145
-0.11587053589997	0.814045232509877	145
-0.116822779789352	1.37392297704126	86
-0.041821770223329	0.837780807100934	413
-0.041426733443142	1.33338068735804	141
-0.03863797929958	0.848285326615411	141
0.0000869147580599972	0.977716846892138	141
-0.104910962061991	0.563911214538734	141
-0.01435792862882	0.367461216941546	49
-0.075073957851836	0.931628818922212	49
-0.01972594299856	0.366783266803632	1138
-0.010996987507142	0.37013610430479	1138
-0.062558574423391	0.247634103026872	49
-0.076026375284545	0.945284169019182	1357
-0.059768736330852	0.24915118819728	215
-0.063864637384733	0.248516942959805	56
-0.086120994535164	1.02755460341498	56
0.02350516387716	0.613901700970229	56
-0.010498393996987	0.364221785460674	361
0.0324350520249099	0.798165870113441	64
-0.062236307052307	0.247947976840952	1132
0.0336722869011901	0.78749797600394	145
-0.082619619559126	0.925612309655167	86
0.03901818087514	0.846360909507547	86
0.09423898589878	1.84993718617145	86
0.0506553363298401	0.892717065878379	864
0.07537610091561	1.02141603937658	864
0.0277679965733	0.711431467205034	146
-0.016657069342454	0.366745698422458	49
-0.013234811295878	0.368702668266516	1138
-0.014601551030983	0.375791928593149	49
-0.00736783958049603	0.459889635935897	49
0.10712582305905	1.46266658320174	392
0.00125860967541991	0.478929450611341	40
-0.014040513680908	0.370182885853567	40
-0.06058666479856	0.249112320793435	110
-0.062236307052307	0.247947976840952	1116
0.03754307712039	0.748400114415466	56
0.0334581935787099	0.735043493117012	56
-0.0399065983692219	0.854305112867243	361
-0.071595409121072	0.715901328000152	361
-0.063050710959763	0.252050724097018	1733
-0.122837628312349	2.22874958557796	86
0.00478659137439008	1.72531805352714	266
-0.0935070463657049	1.21680943360394	146
-0.061842457187833	0.698660576563954	49
0.0551744850970499	0.884726727920624	49
-0.012844515731363	0.965212008498752	49
-0.015609723265355	0.361785162446201	392
0.00633411963970998	0.486910098036899	215
-0.06927156914138	0.244692088421178	1733
0.00125860967541991	0.478929450611341	5
-0.064184818666451	0.248202668593162	5
-0.02396395784893	1.79562328501871	145
-0.122096921252268	1.09163815799028	529
0.01952359851583	0.601400696254642	392
0.00337885932323001	0.4839478351484	392
-0.013796254009245	0.374239917977977	215
-0.063050710959763	0.252050724097018	215
-0.112941512249996	0.556249770621018	487
-0.121488372746334	0.547100596710619	215
-0.014601551030983	0.375791928593149	361
-0.011961599571242	0.357425191703916	182
0.00260166618848001	0.482983171513586	182
-0.06337193448173	0.251725171025196	182
-0.063864637384733	0.248516942959805	182
0.0240817222919201	0.612321078220577	1677
-0.014601551030983	0.375791928593149	5
-0.063050710959763	0.252050724097018	5
-0.0605566112101	1.95284865150219	350
-0.00729371446965599	1.99624692109325	25
-0.096751947359076	1.20934640441828	145
-0.080224114843949	0.950295621554773	25
0.04958300048828	1.3526367761072	864
-0.050740451091248	1.05965693364285	141
0.0321388828506599	1.60785565378366	1036
0.0320792149353899	0.597779739656115	49
-0.075426520840447	1.53305165709554	529
-0.067769826576788	0.710550036542762	49
0.0217418035663399	1.17878864971096	49
-0.063050710959763	0.252050724097018	215
-0.064184818666451	0.248202668593162	215
-0.06337193448173	0.251725171025196	215
0.0266699652481399	0.609097078220878	56
-0.062558574423391	0.247634103026872	182
0.08967820581536	1.14739512083512	182
-0.034425665064197	0.850432598969359	182
-0.062558574423391	0.247634103026872	1733
-0.063050710959763	0.252050724097018	1294
0.0592412633920301	1.00474920405896	146
-0.063050710959763	0.252050724097018	286
0.00238878263638997	0.472267485660674	215
-0.064184818666451	0.248202668593162	215
-0.063050710959763	0.252050724097018	215
-0.048676169977257	0.818958593910111	221
-0.014847092696721	0.36904272807662	56
-0.108900565422462	0.572192453536208	56
-0.107504741496912	0.576964688677173	361
0.00281376540922995	0.483094799170805	361
0.0206748172787301	0.603427725259077	182
-0.063864637384733	0.248516942959805	64
-0.01435792862882	0.367461216941546	1014
-0.06337193448173	0.251725171025196	1014
0.00238878263638997	0.472267485660674	1294
-0.0572387710614241	1.39895392192563	86
0.0880050165299999	2.27798354564396	141
0.0788427544185399	1.14210858088348	49
-0.074016519143178	0.720699436946982	392
-0.078756905000849	0.697990527481399	392
0.0318684195431	0.601070428765088	392
-0.010747801325494	0.37562194001783	215
0.03935689671218	0.735919974727487	2686
0.02676540566884	0.725530275598379	2686
-0.015407725249235	0.374612111450457	1294
-0.013234811295878	0.368702668266516	1294
-0.019483380056088	0.364992627008556	1294
-0.109718545214775	0.565275874411577	1294
-0.09452969628393	1.48173235061105	86
0.0588252948458701	1.40674654021173	141
-0.108815070885786	1.45019360823499	1870
-0.102905275652632	0.573535546079533	49
-0.11048060381613	0.817207658445456	49
-0.112734712407713	0.567209662437189	28
-0.00244286975242403	0.476636030622947	392
0.00493121949831998	0.4797650645224	392
0.03754307712039	0.748400114415466	286
-0.00265118542991105	0.468232232720115	215
-0.015968589076649	0.367797509628704	215
-0.010185366198267	0.370060244008601	56
-0.11452995354994	0.564200087408602	56
-0.020534558804063	0.365653528734353	74
0.00394374180763002	0.476290650027989	56
-0.014601551030983	0.375791928593149	367
-0.057612008947302	0.243320900521788	367
-0.013234811295878	0.368702668266516	1294
-0.06058666479856	0.249112320793435	5
0.03634000342956	2.24692989509691	86
-0.111217864923205	0.812116060830014	141
-0.020913683494995	1.92416143893971	141
-0.116927024284081	1.11959420670777	141
-0.0274044758227	1.18018988771213	2360
0.05690519105111	0.972252353842545	529
-0.0368706808452211	0.846001793412363	529
0.03566944517771	0.749822108884996	28
0.00689901290568007	0.487772154230679	392
0.0196011405389001	0.608178891650081	215
0.00633411963970998	0.486910098036899	215
-0.015407725249235	0.374612111450457	182
-0.067651077705109	0.244147812537135	367
-0.09478850001686	1.51550736896032	86
0.0062903702175301	1.69271597983651	86
0.10358756724818	1.38971313885354	864
-0.021589917253848	1.69926819343567	864
-0.031523047908435	1.17294777415321	141
-0.105136350266327	1.62193919414258	141
-0.116927024284081	1.11959420670777	2360
-0.037842192145904	1.05834995793248	49
0.06796718650087	1.01742974533568	49
0.05160380401243	0.883372443979477	49
0.00422380678342993	1.07663878396752	49
-0.014847092696721	0.36904272807662	286
-0.016657069342454	0.366745698422458	103
-0.01972594299856	0.366783266803632	64
-0.015162819971306	0.368930251863414	64
-0.060911334041387	0.24879326226229	112
-0.082623924644804	1.39796373291744	141
-0.06058666479856	0.249112320793435	146
0.1131645043971	1.47281994950093	188
0.0916978567523099	1.246363070844	188
-0.033917985070693	1.15504854843785	49
-0.068395484734987	1.48073664818937	49
0.0276917441428799	0.61038769991546	392
-0.00918169776196298	0.98302154841365	215
0.04370043914699	0.747345860959608	215
-0.064184818666451	0.248202668593162	103
-0.016214771709664	0.368826913345635	64
-0.06058666479856	0.249112320793435	64
-0.014040513680908	0.370182885853567	112
-0.059768736330852	0.24915118819728	1014
0.02350516387716	0.613901700970229	723
-0.012928170512171	0.36412127909435	723
-0.099623637413606	1.47382847988048	146
0.0180938816856	1.50528468796797	49
0.0146218279625301	0.594170118241933	49
0.00436622402426989	0.478929186272674	49
-0.114403998478769	0.574626975473283	28
-0.110996873308946	0.805804192998085	392
0.06719612659676	1.03214529641893	392
0.1079878394646	1.39937764000978	28
-0.010185366198267	0.370060244008601	286
0.00355016795453	0.479099766440325	286
-0.011559321246277	0.375709692754845	215
-0.063050710959763	0.252050724097018	215
-0.06927156914138	0.244692088421178	56
-0.068461558585642	0.248109641550082	103
-0.063050710959763	0.252050724097018	103
-0.062236307052307	0.247947976840952	103
-0.106025712232761	1.27773987511065	25
0.04226308905166	0.742999559102113	266
0.04574201047081	0.869171676643005	266
-0.0805309240619561	0.6988397944892	2360
-0.075012203803185	0.94126732323102	146
-0.015407725249235	0.374612111450457	49
-0.017222465719939	0.36640630680174	243
-0.062236307052307	0.247947976840952	392
-0.063050710959763	0.252050724097018	392
0.0523466344516299	0.884978586018839	286
0.0312889044631	0.597635761588556	286
0.0230494853880501	0.600634486717972	215
0.00281376540922995	0.483094799170805	56
0.0373245544279599	0.752097973937251	56
-0.011559321246277	0.375709692754845	56
-0.064184818666451	0.248202668593162	56
-0.064184818666451	0.248202668593162	56
-0.062236307052307	0.247947976840952	56
0.0061225630939401	0.485202045359872	56
-0.06337193448173	0.251725171025196	64
-0.011559321246277	0.375709692754845	367
-0.060094454979737	0.248831364854085	367
0.0525060283843899	0.877213162147626	266
-0.123105014309677	0.545352198320972	266
-0.0930878900569591	1.93085622622642	29
-0.110525931798434	0.556574034404108	2360
-0.055309716062934	1.58395982089015	49
-0.06337193448173	0.251725171025196	49
-0.060094454979737	0.248831364854085	49
-0.115743870181822	0.558868031970776	49
-0.064184818666451	0.248202668593162	243
-0.060911334041387	0.24879326226229	392
-0.080842136935031	0.942573633274883	392
-0.063864637384733	0.248516942959805	56
0.00281376540922995	0.483094799170805	64
0.03032601793275	1.59993716173024	1317
-0.11086008628866	0.830783503481777	266
-0.023953318967451	1.16931713584968	146
0.0236400663890799	1.49654636216573	670
-0.006567265050894	0.460795565296129	49
-0.014040513680908	0.370182885853567	243
-0.064184818666451	0.248202668593162	243
-0.026215607913699	0.354046370713342	243
-0.062236307052307	0.247947976840952	392
-0.063050710959763	0.252050724097018	215
-0.014847092696721	0.36904272807662	56
-0.063050710959763	0.252050724097018	74
-0.062558574423391	0.247634103026872	103
0.02089003658142	0.605909550779579	103
-0.063050710959763	0.252050724097018	64
-0.064184818666451	0.248202668593162	64
-0.017465568533963	0.362011295139561	64
-0.06337193448173	0.251725171025196	91
-0.062236307052307	0.247947976840952	91
-0.063864637384733	0.248516942959805	723
-0.068461558585642	0.248109641550082	1446
0.0237789895307501	0.604031248705847	575
-0.00332756359417497	1.57424343432782	575
0.0409096910876901	0.734459727721059	266
0.0330737087335999	0.732235410844381	469
-0.114713768732499	1.50762770924439	49
-0.08200753893636	1.11607222615698	49
0.00710993469046994	0.486928562916366	28
0.02487237034421	0.614620167845515	215
-0.063050710959763	0.252050724097018	56
0.06886897903131	1.01860673870263	56
-0.0726364611456291	0.710448368205139	56
-0.062558574423391	0.247634103026872	56
-0.016657069342454	0.366745698422458	667
-0.063050710959763	0.252050724097018	103
0.00555762051878994	0.48434826747026	64
-0.060094454979737	0.248831364854085	688
0.00337885932323001	0.4839478351484	64
-0.015162819971306	0.368930251863414	91
-0.063050710959763	0.252050724097018	735
-0.015407725249235	0.374612111450457	723
0.00295302228632011	1.65121955928373	1317
0.0859602084270099	1.13386358056414	575
-0.035027626872128	1.33625093430708	86
-0.087483632912598	1.86520205574461	141
0.0657120258739901	1.9966071389275	141
-0.0659992118023181	0.245267351805318	146
-0.063864637384733	0.248516942959805	49
-0.015043773016491	0.362117395157622	49
-0.019483380056088	0.364992627008556	243
-0.059768736330852	0.24915118819728	243
-0.011559321246277	0.375709692754845	392
0.06407999535104	1.03197279311123	28
-0.046675526745144	0.851857633081395	286
-0.079583275968096	0.694641638984068	215
-0.063050710959763	0.252050724097018	56
-0.011559321246277	0.375709692754845	56
-0.06337193448173	0.251725171025196	103
0.00415537815398004	0.482946202618562	64
-0.067651077705109	0.244147812537135	64
-0.06058666479856	0.249112320793435	64
-0.063050710959763	0.252050724097018	91
-0.063050710959763	0.252050724097018	91
-0.059768736330852	0.24915118819728	723
-0.11714386534997	0.547204926535383	575
-0.00187646353725401	0.471283713101368	146
-0.075670143521872	0.713544887277134	49
0.0251533914812701	0.603801886112328	49
-0.014847092696721	0.36904272807662	49
-0.053448960746828	1.0357116563629	28
0.0639559921450099	1.00820463384936	243
-0.06337193448173	0.251725171025196	243
0.00633411963970998	0.486910098036899	215
-0.080732579555401	0.69213126770697	215
0.0284822596307299	0.611748319284534	56
-0.06927156914138	0.244692088421178	103
-0.062236307052307	0.247947976840952	103
0.00125860967541991	0.478929450611341	64
-0.062236307052307	0.247947976840952	64
-0.074256428301031	0.704202236740205	91
-0.062236307052307	0.247947976840952	91
-0.027653138130567	1.17109743476983	469
0.1111396696456	1.54505555147858	469
-0.108330462374912	1.10560772011656	266
-0.0736902120462281	0.700815784842311	141
0.08222697533774	1.1552914545737	188
0.10334395579555	1.38898814687008	188
-0.104493564016028	0.578364446679337	49
0.00415537815398004	0.482946202618562	49
-0.120545855084561	0.785590132937695	49
-0.063050710959763	0.252050724097018	392
-0.039520871182313	0.845999838251744	286
0.0162153895052899	1.17288905080413	215
-0.057612008947302	0.243320900521788	103
0.00125860967541991	0.478929450611341	2531
0.0300246740845	2.2145804311849	141
0.00401090597086995	1.85849408877305	29
0.0320234913275099	1.21271118406836	49
-0.106558361486804	0.990509979978744	49
-0.113598005469448	0.573811831339207	49
-0.100336352530785	1.01436936275918	49
-0.113253571072884	1.12544346754599	49
-0.062236307052307	0.247947976840952	243
-0.014040513680908	0.370182885853567	243
-0.087924955561041	0.912375690851228	28
-0.074400927402011	0.713370386320863	28
0.0304783281135099	0.731064287333097	215
0.0495636214545201	0.888308354033639	56
0.02350516387716	0.613901700970229	56
-0.014040513680908	0.370182885853567	56
-0.06927156914138	0.244692088421178	56
-0.063050710959763	0.252050724097018	74
-0.113539142119442	0.565524016450602	64
0.00359033344675996	0.482097844754184	64
0.02732514623711	0.596592321560001	91
-0.06337193448173	0.251725171025196	91
0.00415537815398004	0.482946202618562	91
-0.06337193448173	0.251725171025196	91
-0.060911334041387	0.24879326226229	91
0.00104526969502006	0.472056239911211	469
0.0471070637784901	0.869003075003146	141
0.0334903572348999	1.67113622818924	141
-0.062410767766762	1.75485204522944	141
0.0483110185945801	0.735341451459222	146
-0.00858920898648197	1.26963956438699	49
-0.013818769251034	0.989426295509102	49
-0.014040513680908	0.370182885853567	243
-0.081028643899741	0.697383890571258	28
0.0479610169675699	0.876569828994255	56
0.0126321015823101	0.471458441892728	353
-0.060911334041387	0.24879326226229	56
-0.015407725249235	0.374612111450457	103
-0.010747801325494	0.37562194001783	103
-0.06337193448173	0.251725171025196	103
0.00337885932323001	0.4839478351484	91
-0.06337193448173	0.251725171025196	91
-0.062236307052307	0.247947976840952	91
-0.014847092696721	0.36904272807662	218
-0.113223011255085	2.16595065837029	86
-0.101408540610956	1.1743442132248	141
-0.013796254009245	0.374239917977977	49
-0.013994043736918	1.27250851194449	49
0.03588748804086	0.750721365893848	49
-0.074016519143178	0.720699436946982	243
-0.059768736330852	0.24915118819728	243
-0.063864637384733	0.248516942959805	28
-0.046913538767702	0.824550677544289	28
0.0464961742279	0.884494876085482	56
-0.06337193448173	0.251725171025196	56
-0.063864637384733	0.248516942959805	103
-0.014040513680908	0.370182885853567	103
-0.013796254009245	0.374239917977977	103
-0.06337193448173	0.251725171025196	1043
0.00802845162912003	1.93208699317073	188
-0.070107409812024	2.16478410278388	188
-0.10565032044954	0.548279861586081	49
0.0031665978000901	0.475356079313665	49
0.0227766562260501	0.599421920505409	49
0.00159145370039004	1.36984361283087	49
-0.06927156914138	0.244692088421178	243
-0.06337193448173	0.251725171025196	243
0.00171175334323004	0.473534669612339	28
0.0496703633451701	0.883552797040981	28
0.0266699652481399	0.609097078220878	56
-0.062236307052307	0.247947976840952	103
-0.062558574423391	0.247634103026872	206
-0.063864637384733	0.248516942959805	795
-0.01435792862882	0.367461216941546	91
-0.068461558585642	0.248109641550082	91
-0.06337193448173	0.251725171025196	91
-0.036569586547098	1.50189353591983	86
0.02508645086572	0.616248210607539	469
-0.082011974983367	0.941549812327123	469
0.0242955289820099	0.616215651543523	469
0.0809256628990001	1.0096010869356	469
0.07747353033813	1.13657020462209	141
0.0614156257357901	0.88056336482499	141
-0.00244286975242403	0.476636030622947	49
-0.015407725249235	0.374612111450457	28
-0.063050710959763	0.252050724097018	243
-0.06058666479856	0.249112320793435	243
-0.06337193448173	0.251725171025196	243
0.05750845473861	0.886790936569613	215
-0.107950906753944	0.814775929846483	28
-0.063864637384733	0.248516942959805	103
0.00767477862087995	0.487789621394888	103
-0.060911334041387	0.24879326226229	91
-0.062558574423391	0.247634103026872	960
-0.06337193448173	0.251725171025196	91
0.00621042634547009	1.99844039705973	25
-0.074139617313369	0.959203061819067	469
0.00710993469046994	0.486928562916366	469
0.0276917441428799	0.61038769991546	469
0.02076138565696	0.60051462115845	141
-0.103202227128834	1.6243265223673	141
0.0264553373182601	0.612443961423546	188
-0.001427582238546	0.470230483315537	188
-0.081170632303464	0.945251000635061	188
0.00281376540922995	0.483094799170805	49
0.000990695259909913	0.976166329430076	1164
-0.062236307052307	0.247947976840952	28
-0.063864637384733	0.248516942959805	243
-0.067651077705109	0.244147812537135	243
-0.068406028755558	0.715586690615506	215
-0.010185366198267	0.370060244008601	56
0.00203652309405999	0.482132580662537	56
-0.0180306885927221	0.361678662550968	56
-0.010747801325494	0.37562194001783	56
-0.012767481702972	0.360473786402121	56
-0.06337193448173	0.251725171025196	103
-0.062236307052307	0.247947976840952	206
-0.01299183915577	0.36852659617043	960
-0.059768736330852	0.24915118819728	91
-0.064184818666451	0.248202668593162	91
0.01150408013963	0.477957888397808	156
0.0203140262552199	0.602348642368222	156
-0.010185366198267	0.370060244008601	156
-0.119325625528329	1.37554276641133	86
-0.10298248545209	0.548832235951546	469
0.04414070263697	1.62703417375478	141
-0.116265240019581	0.551411668397093	49
0.01880929836066	0.605905348375406	49
0.01070192654105	0.479315782088866	28
0.0104636803132701	0.478572690780905	215
-0.015162819971306	0.368930251863414	28
-0.063050710959763	0.252050724097018	56
0.00868992029609994	0.477473393966681	90
0.00689901290568007	0.487772154230679	103
-0.064184818666451	0.248202668593162	206
0.0239314864311799	0.600728665010403	64
0.00260166618848001	0.482983171513586	64
-0.0659992118023181	0.245267351805318	64
-0.012366011101711	0.370718641089762	91
-0.062558574423391	0.247634103026872	91
-0.063050710959763	0.252050724097018	91
-0.014847092696721	0.36904272807662	91
-0.047358335251783	0.831423518513535	1158
-0.031364037885415	0.789282231046963	469
-0.102584511915579	1.01518176796395	469
-0.014040513680908	0.370182885853567	469
0.01150408013963	0.477957888397808	699
-0.010498393996987	0.364221785460674	28
-0.068461558585642	0.248109641550082	28
-0.06337193448173	0.251725171025196	243
-0.114525561423076	0.783473771033025	215
0.0326590151463799	0.601212489908743	28
0.0344509957593999	0.741998347171739	56
-0.010996987507142	0.37013610430479	56
-0.021098841452168	0.365314824962889	90
-0.063864637384733	0.248516942959805	90
-0.064184818666451	0.248202668593162	64
0.0282696579448101	0.608849601470125	91
-0.062558574423391	0.247634103026872	91
-0.062236307052307	0.247947976840952	91
-0.06058666479856	0.249112320793435	91
0.02097406769489	0.609164489411388	91
-0.063864637384733	0.248516942959805	91
-0.062236307052307	0.247947976840952	91
0.0330646843917599	0.749094701496654	469
-0.109954374558195	0.830840396399707	469
-0.001427582238546	0.470230483315537	469
0.0282696579448101	0.608849601470125	141
0.07428440058266	1.1223860400407	188
-0.0402040965760599	0.834825854986243	49
-0.01972594299856	0.366783266803632	49
-0.109541616229092	1.01600589289885	49
-0.063050710959763	0.252050724097018	243
-0.063050710959763	0.252050724097018	28
-0.070502497278776	0.715032686786459	28
-0.113855465241556	0.811130013077248	28
0.0669372763048699	1.00573042182594	28
-0.064184818666451	0.248202668593162	90
-0.062236307052307	0.247947976840952	90
-0.017222465719939	0.36640630680174	64
-0.063050710959763	0.252050724097018	64
-0.063864637384733	0.248516942959805	793
0.0386823690635201	1.23569022651709	1158
0.0159923682733201	0.597969848070979	469
0.0296474972219001	0.731987272140664	141
-0.00795964459335496	1.28785863337739	188
-0.0176130842837811	0.958515778888756	49
0.02875362706408	1.52590651258194	49
0.03653962274288	1.61910013395541	49
0.00901546251682994	0.477655841456451	49
0.00251330617361001	0.475998850251297	49
-0.007665078827225	0.369030086928343	243
-0.06337193448173	0.251725171025196	28
0.0406897660885499	0.86004532640079	28
0.0018238019238801	0.479769479714341	28
0.0373245544279599	0.752097973937251	215
-0.115296108248303	0.555971702850068	2941
0.01126603098318	0.480144308280224	2941
-0.01242999051219	0.363226600802154	56
-0.063050710959763	0.252050724097018	56
-0.062236307052307	0.247947976840952	206
-0.01435792862882	0.367461216941546	91
-0.078130586785609	1.95279626201312	29
-0.083278008816023	0.941760783491731	188
-0.0442791799236	0.851264074512653	49
0.04492172309484	0.73051882511491	1164
-0.014601551030983	0.375791928593149	215
-0.00937275005210902	0.365436274765583	215
-0.070502497278776	0.715032686786459	215
-0.063050710959763	0.252050724097018	2941
-0.012366011101711	0.370718641089762	56
0.00493121949831998	0.4797650645224	56
0.01938925710308	0.606835697264097	56
0.00845161371226011	0.48529991152662	90
-0.063050710959763	0.252050724097018	90
-0.014601551030983	0.375791928593149	64
-0.063050710959763	0.252050724097018	91
-0.06337193448173	0.251725171025196	337
-0.063050710959763	0.252050724097018	156
0.04681455218428	1.30963818219323	29
-0.00269046978877796	1.06058705914824	469
-0.120610810107395	0.783322975277292	141
-0.019046017773661	1.17342051941435	141
-0.112322081306381	0.567344755567666	188
-0.014155930874422	0.979225680026229	28
0.0463619904146899	0.858241068668621	305
0.0784660401675299	1.10734034419609	28
-0.069263203600512	0.717786770467605	28
-0.068461558585642	0.248109641550082	28
-0.0113104619411391	0.368812314185007	28
-0.064184818666451	0.248202668593162	28
-0.014601551030983	0.375791928593149	56
-0.112136804884204	0.557877629344224	64
0.02457149997552	0.602884683593853	91
-0.063050710959763	0.252050724097018	91
0.00203652309405999	0.482132580662537	91
-0.062558574423391	0.247634103026872	337
-0.01242999051219	0.363226600802154	156
-0.112870606507168	1.28198610720947	469
-0.0935070463657049	1.21680943360394	141
0.04208392074983	2.02984169465472	29
-0.063864637384733	0.248516942959805	188
0.08052240047645	1.13514904004827	188
-0.00601370601697704	1.27215914739669	49
-0.112448074006594	1.36489942091294	49
-0.122743412508635	1.06960764288378	49
-0.105094945972287	0.577311399537991	49
0.0061225630939401	0.485202045359872	544
-0.105297578482102	0.580429345427305	28
-0.062236307052307	0.247947976840952	215
-0.00187646353725401	0.471283713101368	2941
0.00788755005728992	0.484449459186858	90
0.0230494853880501	0.600634486717972	64
0.0031665978000901	0.475356079313665	91
0.07287661542449	2.0181125784685	29
0.03600553000746	1.62141455654191	29
-0.060094454979737	0.248831364854085	188
-0.012056278572663	1.74254014496438	188
0.05727630125465	0.880782433417843	49
-0.02480572906644	1.16647651093832	49
-0.094751471028831	1.0265241913967	49
-0.006800367549888	0.460149317363238	305
0.0424058160553999	0.86000575698787	28
-0.0767939843603011	0.694469037015311	544
0.00493121949831998	0.4797650645224	28
0.0232916310981699	0.607299662209699	215
-0.074493399775437	0.712373821252651	2941
0.01938925710308	0.606835697264097	56
-0.013333998725767	0.360144514644237	90
-0.015162819971306	0.368930251863414	91
-0.064184818666451	0.248202668593162	337
-0.064184818666451	0.248202668593162	793
-0.108573425578663	1.28255396181809	25
-0.04138000970689	2.40574938967028	29
-0.031413021889885	1.15983628891981	469
-0.019080411903083	2.39820163978119	469
-0.0431760700771781	1.49084264401952	29
-0.038227000631603	2.18328156935055	29
-0.007665078827225	0.369030086928343	47
0.0434094461741099	0.856354363245887	47
-0.044269232395844	0.823154910334034	49
0.0242955289820099	0.616215651543523	49
-0.110112774452011	0.580603595945207	49
0.0118546092613401	1.07962398891549	49
-0.075732661709446	0.690059157798518	49
0.03603569893522	0.74699823340534	28
-0.015407725249235	0.374612111450457	1227
-0.0135539200221591	0.36202414392691	305
-0.109908644960058	0.580558450510033	215
-0.113681284319986	0.55829683642561	28
0.0223513329004901	0.598489430689452	2941
-0.10829999689777	0.576869907976066	56
-0.06337193448173	0.251725171025196	90
-0.014601551030983	0.375791928593149	90
0.00788755005728992	0.484449459186858	90
-0.109968922372981	0.557492732510471	90
-0.014040513680908	0.370182885853567	90
-0.063050710959763	0.252050724097018	91
-0.059768736330852	0.24915118819728	337
-0.067651077705109	0.244147812537135	337
0.0844200316081201	2.37692670059081	29
0.00867526041810995	1.95817232284454	29
0.0383861510052801	0.733497690719207	47
-0.024243792152722	1.63518621247166	188
-0.120288181166554	1.09760702644105	188
-0.031282705207107	1.13825719042886	49
-0.072297046482353	0.718542172999497	49
0.07953820746389	1.16007223044876	49
-0.102099374265346	0.813355643664254	49
0.00331467891625992	0.476050902244085	49
0.00224845991010003	0.474180651822615	28
-0.036296996467056	0.83351447303632	49
-0.068461558585642	0.248109641550082	1227
-0.063050710959763	0.252050724097018	305
-0.060911334041387	0.24879326226229	305
-0.01299183915577	0.36852659617043	305
-0.064184818666451	0.248202668593162	28
-0.063050710959763	0.252050724097018	891
-0.105898681125292	0.579368357893281	215
0.0018238019238801	0.479769479714341	215
0.0344509957593999	0.741998347171739	2941
0.00415537815398004	0.482946202618562	56
-0.063050710959763	0.252050724097018	90
-0.014847092696721	0.36904272807662	90
-0.062236307052307	0.247947976840952	90
-0.062236307052307	0.247947976840952	404
-0.015968589076649	0.367797509628704	206
-0.015162819971306	0.368930251863414	64
-0.06927156914138	0.244692088421178	295
0.02790382265294	0.608145578611075	91
-0.064184818666451	0.248202668593162	1445
0.00788755005728992	0.484449459186858	337
-0.062236307052307	0.247947976840952	337
-0.06337193448173	0.251725171025196	337
-0.063864637384733	0.248516942959805	337
-0.015968589076649	0.367797509628704	156
-0.012366011101711	0.370718641089762	156
-0.063050710959763	0.252050724097018	156
0.06227328332266	1.02104660900432	25
-0.057646671582542	1.5091766236078	25
-0.078631138619126	0.715491840004478	25
-0.010747801325494	0.37562194001783	469
-0.101645577952634	1.03414569704571	469
-0.022874343000923	2.24185041015858	469
-0.06337193448173	0.251725171025196	188
-0.079056938985363	1.3024950208811	49
0.0175779389878701	0.598051372992414	49
-0.103087674052874	0.571137309683895	49
0.0181571511263401	0.589820401644376	28
-0.06337193448173	0.251725171025196	891
-0.109104559929974	0.579703067248731	28
-0.033802406319085	0.848268250722174	215
-0.00685284755036297	0.365803712769797	215
0.00555762051878994	0.48434826747026	56
-0.063050710959763	0.252050724097018	404
-0.060911334041387	0.24879326226229	404
0.00147116836126004	0.473251643070176	64
0.00337885932323001	0.4839478351484	206
-0.06337193448173	0.251725171025196	91
-0.062236307052307	0.247947976840952	1445
-0.062236307052307	0.247947976840952	337
-0.068461558585642	0.248109641550082	337
-0.089345256767273	0.908841158711272	25
-0.0105997262340291	1.97223294229326	29
-0.040449229015095	1.54801395470907	47
0.00415537815398004	0.482946202618562	66
0.00767477862087995	0.487789621394888	66
-0.060094454979737	0.248831364854085	1268
-0.00542542051640604	1.30335322429215	188
-0.063050710959763	0.252050724097018	49
0.0716805694749501	1.63426969329773	49
0.00251330617361001	0.475998850251297	28
-0.063050710959763	0.252050724097018	305
0.00411586977403999	0.473731522452391	305
-0.01435792862882	0.367461216941546	891
-0.032106328767898	1.34749668403799	544
-0.062236307052307	0.247947976840952	90
0.00203652309405999	0.482132580662537	404
-0.00904175842463895	0.359151744703211	404
-0.010996987507142	0.37013610430479	90
-0.06337193448173	0.251725171025196	90
-0.06337193448173	0.251725171025196	90
0.00203652309405999	0.482132580662537	206
0.00260166618848001	0.482983171513586	91
0.04782273912326	0.879886614768381	91
-0.02134303369576	0.360168617390606	337
0.0451383493386399	0.743698742930244	25
0.00750096493108998	1.94078789008649	29
-0.0113104619411391	0.368812314185007	29
0.00925399756568002	0.47829790083724	29
-0.014847092696721	0.36904272807662	469
0.00472021148483992	0.475342446902082	469
-0.072451029176253	0.711110730559096	469
-0.102817168324029	1.15626717325573	49
0.01247930788287	1.0978981109067	544
0.0224731477490101	0.60212832682679	215
-0.014040513680908	0.370182885853567	56
-0.073017476799491	0.714629528542135	56
-0.012366011101711	0.370718641089762	90
-0.014601551030983	0.375791928593149	90
-0.068461558585642	0.248109641550082	404
0.00147116836126004	0.473251643070176	206
0.01699848671911	0.59714476286004	206
-0.06058666479856	0.249112320793435	91
-0.059768736330852	0.24915118819728	337
-0.063864637384733	0.248516942959805	793
-0.011559321246277	0.375709692754845	793
-0.0368385711450731	2.12922590143158	25
-0.096180365350088	1.34060398541092	29
-0.119171809023578	1.99604121038191	29
0.0104636803132701	0.478572690780905	29
0.0211864981562599	0.606069380078666	469
-0.087110034559471	2.41916539468068	29
0.0232916310981699	0.607299662209699	66
0.00746369492862997	0.48000141001136	66
-0.11060201443393	0.576758834822764	188
0.0651342388988301	1.01312734191365	188
0.0276917441428799	0.61038769991546	49
-0.078109662982553	0.697857245472971	1512
-0.078133256055225	0.696501407339535	49
-0.02200928255443	0.956708608456065	49
-0.06058666479856	0.249112320793435	544
-0.079570832166936	0.933257657097764	544
-0.056497940980096	1.05146409804574	28
-0.064184818666451	0.248202668593162	215
0.01988438872158	0.600497950698704	56
-0.016657069342454	0.366745698422458	56
-0.000626024693789029	0.467268379712088	90
-0.06058666479856	0.249112320793435	206
-0.06337193448173	0.251725171025196	295
-0.063050710959763	0.252050724097018	295
-0.059768736330852	0.24915118819728	295
-0.062236307052307	0.247947976840952	295
-0.011559321246277	0.375709692754845	91
-0.06058666479856	0.249112320793435	16
-0.00993545917815397	0.370795837835066	16
-0.082276091810408	0.681081254708617	29
0.0061225630939401	0.485202045359872	469
-0.090274952462373	2.18154421135228	141
-0.101829168576679	0.560396524321466	29
-0.116014541743588	0.570603179061096	188
-0.113931286540549	0.568764388230666	1512
-0.110762336700274	0.818242600074481	28
-0.06058666479856	0.249112320793435	305
-0.081267396483288	0.694830366322251	56
0.06609739757874	1.01156022641635	206
-0.062236307052307	0.247947976840952	295
-0.064184818666451	0.248202668593162	295
-0.06337193448173	0.251725171025196	295
-0.020290500680645	0.366443091077846	591
0.00767477862087995	0.487789621394888	591
-0.063864637384733	0.248516942959805	53
0.0408730853991599	0.743030144692993	29
-0.112116523836819	0.5484722167177	469
-0.108018323975765	1.29314283914828	49
0.03302672968858	0.590083327105504	49
-0.010747801325494	0.37562194001783	1512
-0.105039587048499	0.825235998729601	49
-0.015407725249235	0.374612111450457	305
-0.0673753706613091	0.713295217622768	215
0.0366701515130201	0.837616729292261	56
-0.063864637384733	0.248516942959805	404
-0.064184818666451	0.248202668593162	404
-0.062558574423391	0.247634103026872	295
-0.062236307052307	0.247947976840952	591
0.0239314864311799	0.600728665010403	591
-0.060911334041387	0.24879326226229	16
-0.062236307052307	0.247947976840952	53
0.03587198028673	1.3020677227774	29
0.11915358853556	2.08400821076961	29
-0.00795964459335496	1.28785863337739	29
-0.123614759437962	1.57002274433368	29
0.00203652309405999	0.482132580662537	49
0.00281376540922995	0.483094799170805	49
0.00298424990705004	0.472659496438773	1512
0.00260166618848001	0.482983171513586	1512
0.0352446072011801	0.586295932661812	28
-0.06337193448173	0.251725171025196	305
0.0493306781571601	1.3692450561841	544
0.00687154745174001	1.06353655091649	28
0.04112751318353	0.749158628019735	56
-0.062558574423391	0.247634103026872	56
-0.010747801325494	0.37562194001783	206
-0.06337193448173	0.251725171025196	295
0.0338178948686501	0.590234946764942	591
-0.063050710959763	0.252050724097018	53
-0.068461558585642	0.248109641550082	53
0.00654487941528004	0.477901005900799	53
0.00281376540922995	0.483094799170805	266
0.0229870295933501	0.602686113615037	469
-0.0135347076048959	2.49145079025501	29
-0.124080450498534	0.764896700489829	188
-0.0631731804574	2.16763254627825	1441
-0.076408785659702	0.698886444080855	49
0.00555762051878994	0.48434826747026	49
-0.120629705333303	1.37267037554389	49
-0.06337193448173	0.251725171025196	28
-0.062558574423391	0.247634103026872	646
-0.055294858449902	1.12798096946814	544
-0.082660098939229	0.945509401585239	544
-0.011804084047327	0.365337773621531	56
0.08682723936557	1.14049781186998	56
0.06124297247232	1.01984687891938	56
-0.01435792862882	0.367461216941546	56
-0.0659992118023181	0.245267351805318	56
-0.010747801325494	0.37562194001783	404
-0.064184818666451	0.248202668593162	295
-0.063050710959763	0.252050724097018	591
0.02089003658142	0.605909550779579	591
-0.062236307052307	0.247947976840952	53
-0.0135539200221591	0.36202414392691	53
-0.014601551030983	0.375791928593149	53
-0.014040513680908	0.370182885853567	53
0.0926245361304801	2.46679962211539	29
-0.014601551030983	0.375791928593149	66
0.0371360629273501	1.65834541413195	49
-0.113332872893189	0.569796657798686	49
-0.078736558070977	0.947384021049956	28
-0.063050710959763	0.252050724097018	646
-0.062236307052307	0.247947976840952	544
0.0394300258784801	0.744758717476483	56
-0.063050710959763	0.252050724097018	56
0.03876219460484	0.746007754495403	56
-0.0636350067224401	0.710858284054243	56
-0.00296238099046298	0.46448221389561	56
-0.06337193448173	0.251725171025196	56
-0.063050710959763	0.252050724097018	404
-0.062558574423391	0.247634103026872	2237
0.03793378667281	0.748283672469665	206
-0.114735160271229	0.567066842807043	206
-0.060094454979737	0.248831364854085	295
-0.012366011101711	0.370718641089762	591
-0.064184818666451	0.248202668593162	53
-0.020290500680645	0.366443091077846	53
-0.011559321246277	0.375709692754845	53
-0.063050710959763	0.252050724097018	53
-0.018106938015411	1.17918374244461	29
0.10842040269606	2.22400483428494	29
0.0106558076729499	1.10569491215223	29
-0.070652324795853	0.717773177965076	29
0.05901836125186	0.999556062568192	29
-0.076252685334003	1.32030446999814	29
0.0285294925344901	0.594859228665267	66
0.0246580429036001	0.602090374745748	66
-0.021409704476359	1.8963908283093	188
-0.116014541743588	0.570603179061096	2162
-0.063050710959763	0.252050724097018	28
0.03720060051392	1.23123939786902	544
0.0135495260136	1.12081646741968	56
-0.01565454339016	0.363482378748212	56
0.00845161371226011	0.48529991152662	56
0.00555762051878994	0.48434826747026	56
-0.063050710959763	0.252050724097018	56
-0.06058666479856	0.249112320793435	295
-0.06058666479856	0.249112320793435	591
-0.060911334041387	0.24879326226229	591
0.00689901290568007	0.487772154230679	591
0.00194763097309991	0.481455761041027	16
-0.063050710959763	0.252050724097018	53
-0.06058666479856	0.249112320793435	53
-0.014847092696721	0.36904272807662	53
0.00555762051878994	0.48434826747026	53
-0.0113104619411391	0.368812314185007	53
0.06979808490717	1.01029499931881	66
-0.122154771466165	0.535801405385163	66
-0.00993545917815397	0.370795837835066	28
0.03207621471612	0.729307043836389	2162
-0.041306251450252	1.33684839849075	28
0.02508645086572	0.616248210607539	544
0.03118733613241	0.74010056090254	544
-0.064184818666451	0.248202668593162	544
-0.052661383923616	1.42957593222385	56
0.06824597564558	1.02141915500477	56
0.04403142242447	0.855740808919468	56
0.04256301831595	0.864702719395551	56
-0.010185366198267	0.370060244008601	56
-0.012121887659061	0.368886497246459	56
-0.068461558585642	0.248109641550082	404
0.00576901497540994	0.477870986218318	591
-0.014040513680908	0.370182885853567	53
-0.063050710959763	0.252050724097018	53
-0.023576216625006	1.94686720490735	29
-0.113790375971925	1.6621377767725	29
-0.047668938087938	1.61060634016629	29
-0.071779567364793	0.709520692963248	47
-0.063050710959763	0.252050724097018	28
-0.062236307052307	0.247947976840952	544
-0.060094454979737	0.248831364854085	544
-0.015407725249235	0.374612111450457	544
-0.0349366181631851	1.1163361206217	544
0.0611235184004699	0.991287391033553	544
0.01952359851583	0.601400696254642	56
0.0031665978000901	0.475356079313665	56
0.01938925710308	0.606835697264097	90
-0.00993545917815397	0.370795837835066	90
-0.01565454339016	0.363482378748212	16
-0.064184818666451	0.248202668593162	591
-0.06337193448173	0.251725171025196	53
-0.06337193448173	0.251725171025196	53
0.00811588056484003	1.08494376728257	29
-0.076024326225716	2.28482460417035	29
-0.08293380808323	1.12016195061831	66
-0.014190024995161	1.4462640323976	188
-0.0715992571176211	1.64065370305784	49
-0.021098841452168	0.365314824962889	49
-0.060094454979737	0.248831364854085	544
-0.016415475166458	0.366334860207041	544
0.0437173800367401	1.31764732547351	544
-0.117457297142744	0.799303485130774	544
-0.061754719938128	1.02639442562747	544
-0.06337193448173	0.251725171025196	56
-0.114476240935212	0.811031254453855	56
0.0018238019238801	0.479769479714341	56
-0.057282819831269	0.243626507748643	206
-0.063050710959763	0.252050724097018	206
-0.00378431005883595	0.467171254390985	206
-0.015162819971306	0.368930251863414	53
0.00499273529976008	0.466392738304132	53
-0.105633271100225	2.03768880607521	29
-0.010185366198267	0.370060244008601	29
-0.100493886122274	1.97726945828615	29
-0.011559321246277	0.375709692754845	66
0.0895332265066799	1.21130354755195	19
-0.060911334041387	0.24879326226229	28
0.05306039800216	0.971884409971881	175
0.0061225630939401	0.485202045359872	56
-0.060911334041387	0.24879326226229	90
-0.057612008947302	0.243320900521788	90
-0.063050710959763	0.252050724097018	591
-0.013796254009245	0.374239917977977	53
0.11714685466533	1.59182842954239	29
-0.104752857174946	1.00477448963956	29
0.0340299980621099	0.596861296796419	66
-0.00822857362849905	0.362562427132467	49
-0.00899841601820805	1.29586841219894	19
-0.107494955960284	0.571600043890162	19
-0.078402268252	0.932816882056051	2162
-0.068461558585642	0.248109641550082	544
0.0221114322816101	1.18958836040686	544
-0.079540079251739	0.926230946852283	28
-0.012928170512171	0.36412127909435	56
-0.06337193448173	0.251725171025196	90
-0.059768736330852	0.24915118819728	206
0.0237184494057501	0.612525541079298	206
-0.010996987507142	0.37013610430479	387
-0.007665078827225	0.369030086928343	591
-0.063050710959763	0.252050724097018	652
0.00788755005728992	0.484449459186858	16
-0.015407725249235	0.374612111450457	16
0.0181571511263401	0.589820401644376	16
0.00493121949831998	0.4797650645224	53
-0.10670194634398	0.579256448249235	29
0.00337885932323001	0.4839478351484	49
-0.063864637384733	0.248516942959805	604
-0.052327815743792	1.06407285227947	544
0.0136584196667999	1.39260571329595	56
0.0185195967156599	0.596569532082933	175
-0.078631138619126	0.715491840004478	56
-0.010996987507142	0.37013610430479	56
-0.01435792862882	0.367461216941546	56
-0.063050710959763	0.252050724097018	90
-0.015407725249235	0.374612111450457	591
-0.0113104619411391	0.368812314185007	652
-0.063050710959763	0.252050724097018	53
-0.064184818666451	0.248202668593162	190
0.0514460778128201	1.33226586080787	1075
0.0190945237129301	0.595102552395854	29
-0.042896754932013	0.826645629649064	29
0.0681679335880601	1.52123573474897	29
-0.070889438939005	0.717761146927568	66
-0.045111871445525	0.847726532009044	1180
-0.063050710959763	0.252050724097018	222
-0.06058666479856	0.249112320793435	544
-0.0869462228225551	0.913334469157232	544
0.00716037077005005	0.472808036889522	234
-0.01242999051219	0.363226600802154	206
-0.018918546932261	0.365330461702992	206
-0.064184818666451	0.248202668593162	652
-0.015407725249235	0.374612111450457	1180
0.0279871806584899	0.727973939062408	366
0.0061225630939401	0.485202045359872	19
0.0237789895307501	0.604031248705847	19
-0.015162819971306	0.368930251863414	544
-0.06058666479856	0.249112320793435	56
-0.013796254009245	0.374239917977977	359
-0.06058666479856	0.249112320793435	234
-0.06927156914138	0.244692088421178	234
-0.060911334041387	0.24879326226229	234
-0.063050710959763	0.252050724097018	90
-0.064184818666451	0.248202668593162	591
-0.114488934115721	0.558139689653193	53
-0.111150497019075	1.7193469414859	1075
-0.044005651212583	0.837535283214951	29
0.0203935404511899	0.608228281592439	66
-0.007665078827225	0.369030086928343	1180
-0.104096138708847	0.568118659102889	366
0.0835003230435301	1.16533486102767	1180
0.0031665978000901	0.475356079313665	49
0.0227153554764401	0.608844332343317	49
-0.062558574423391	0.247634103026872	49
0.0159923682733201	0.597969848070979	19
-0.064184818666451	0.248202668593162	1585
0.10489709478328	1.52532309905741	544
-0.065185218463514	0.245307882708456	677
-0.064184818666451	0.248202668593162	234
-0.06337193448173	0.251725171025196	206
0.0351707196000799	0.726388979932733	206
0.00746369492862997	0.48000141001136	591
0.00302507720773004	0.473243084970773	16
-0.111723111259385	0.568370654930087	53
-0.08752270652231	2.14518383905015	1075
0.0439137661960201	1.87454827250647	1075
-0.020799676459907	1.90363581167297	29
-0.019688421866347	0.946667103212344	1180
0.00689901290568007	0.487772154230679	49
-0.116204513286125	0.564653711048975	19
0.0120681982911599	0.478780680380381	19
-0.013796254009245	0.374239917977977	222
0.04535033050947	0.861749433553248	28
-0.012779888858691	0.95660432908311	28
-0.07676837763391	0.701138650932506	175
-0.064184818666451	0.248202668593162	677
-0.010747801325494	0.37562194001783	56
-0.062558574423391	0.247634103026872	206
-0.017222465719939	0.36640630680174	206
-0.06337193448173	0.251725171025196	16
0.0031665978000901	0.475356079313665	53
-0.116866829052799	1.89200851823026	1075
0.11612716329839	1.58641377908307	29
-0.066768982785806	1.84270761607473	29
-0.115845507042516	1.37305833455195	47
0.0409096910876901	0.734459727721059	1180
0.10973297230686	1.47910549825083	19
-0.020290500680645	0.366443091077846	19
0.0624253932502099	1.00155624303647	19
-0.0659992118023181	0.245267351805318	28
-0.110112774452011	0.580603595945207	28
0.0889606076718801	1.12598130543177	1171
-0.015043773016491	0.362117395157622	56
0.0082394113617501	0.480029165942847	56
-0.010747801325494	0.37562194001783	99
-0.062558574423391	0.247634103026872	90
0.00415537815398004	0.482946202618562	206
-0.016415475166458	0.366334860207041	423
-0.062236307052307	0.247947976840952	423
-0.062558574423391	0.247634103026872	387
0.00359033344675996	0.482097844754184	16
0.01794443298806	0.593128114535109	1315
-0.068461558585642	0.248109641550082	16
-0.040971131922786	1.30304160024805	29
-0.08860850698057	1.35413852151961	29
-0.091537996009217	1.38471438671739	366
0.0613706035944599	1.01068688531452	49
-0.070537338549945	0.951294037938681	19
0.0242955289820099	0.616215651543523	222
-0.0162716685277	0.981692247675175	1171
0.0620234090653999	0.990190150001516	56
-0.017433159650314	0.942472479741036	56
0.05513840528961	1.70014623724528	29
0.0171687966743499	1.95936609677224	29
0.0467292613873001	1.34027797656684	29
-0.014040513680908	0.370182885853567	19
0.0345939996994	0.744797626916635	28
-0.068071637574708	0.705651135246966	56
-0.010996987507142	0.37013610430479	56
-0.015407725249235	0.374612111450457	90
-0.112994604421801	0.577051022550189	1315
0.00224845991010003	0.474180651822615	53
0.00283270690107007	2.10517644030945	1075
0.0506553363298401	0.892717065878379	29
-0.06337193448173	0.251725171025196	366
-0.073255180394303	0.715122366578226	366
-0.109908644960058	0.580558450510033	49
0.00689901290568007	0.487772154230679	19
-0.062236307052307	0.247947976840952	222
0.00281376540922995	0.483094799170805	206
-0.012121887659061	0.368886497246459	206
-0.06337193448173	0.251725171025196	423
-0.015162819971306	0.368930251863414	16
-0.062558574423391	0.247634103026872	1222
0.05040615519709	0.877058096743004	29
0.0425243830755699	1.62546702090945	366
-0.046935950329757	0.848011838437607	49
0.0407346551830301	0.75029940516916	56
0.05382567436122	0.887669892238144	56
-0.000861730581280029	0.476636133971408	16
0.00633411963970998	0.486910098036899	16
0.01126603098318	0.480144308280224	53
-0.063050710959763	0.252050724097018	53
0.0200789771483001	1.20314143903236	970
-0.115538548012071	0.563597894535064	1171
-0.101500693706512	0.572326261647321	28
-0.115743870181822	0.558868031970776	28
0.00710993469046994	0.486928562916366	421
-0.0925847217904609	0.866454416054623	912
-0.109192224491236	0.817876804850619	19
0.00689901290568007	0.487772154230679	206
-0.118488064795586	0.557958603580973	16
-0.063864637384733	0.248516942959805	16
-0.113336536462672	0.826585674458794	16
0.00125860967541991	0.478929450611341	773
0.02097406769489	0.609164489411388	53
-0.011119649594906	1.27380474124186	29
-0.113881881659397	0.551367968929315	970
0.0162825418634101	0.59045766844822	970
-0.085671125928386	0.651787798556266	366
-0.062558574423391	0.247634103026872	28
-0.040143887707085	0.84817701991123	421
-0.062236307052307	0.247947976840952	278
-0.013796254009245	0.374239917977977	278
-0.062558574423391	0.247634103026872	56
-0.07704238297055	1.21609229346466	56
0.01070192654105	0.479315782088866	16
-0.063864637384733	0.248516942959805	16
-0.106303907887212	0.575364744754194	193
-0.0490057373652491	1.44193048686728	29
-0.008652210663458	1.79195364236683	29
-0.077253790919288	0.699654995545398	29
-0.098600871936137	1.33648692355736	1180
0.0292733248442201	0.610555982008989	1180
-0.016657069342454	0.366745698422458	19
0.0562608228623001	0.883422819952443	56
-0.085824013570932	0.675425463182203	16
-0.010996987507142	0.37013610430479	193
0.0355592832863201	0.729341006671059	97
0.039002186182	1.67826013877194	97
-0.119429816251022	0.56084141264937	19
-0.011559321246277	0.375709692754845	19
-0.015407725249235	0.374612111450457	421
-0.063864637384733	0.248516942959805	278
-0.00791554495459601	0.360329176121624	206
-0.062558574423391	0.247634103026872	193
0.0448540091874801	0.861094389791368	193
0.00203652309405999	0.482132580662537	773
-0.011559321246277	0.375709692754845	53
-0.029978256979505	2.12179549602028	29
-0.032091712820621	1.50951059610988	29
-0.041390697663221	0.841064496244886	29
-0.01941553676297	0.967207093442465	29
0.0253002832123099	0.610366091604657	29
0.00590303775858003	1.1017602278526	29
-0.054958166412169	2.06903825163782	29
-0.095635788133699	1.46006806051972	29
0.0104636803132701	0.478572690780905	29
0.0661649450046999	1.00693002615456	29
-0.043311507029176	1.06239671721003	29
0.00668729437263993	0.4775299745135	254
0.0144090566927599	0.589739963319145	254
0.00487011940958992	1.38282211296134	970
-0.111719110855057	0.572050942157766	970
-0.046154101280937	0.839109617424145	1180
-0.06058666479856	0.249112320793435	421
-0.00847853869838899	0.365465669998012	421
-0.063050710959763	0.252050724097018	278
-0.063050710959763	0.252050724097018	278
0.04808090932681	0.888874771734583	19
0.02350516387716	0.613901700970229	1601
-0.117818142588566	0.566025923355384	1601
-0.01972594299856	0.366783266803632	16
-0.064184818666451	0.248202668593162	16
-0.06337193448173	0.251725171025196	16
-0.062558574423391	0.247634103026872	193
-0.063864637384733	0.248516942959805	193
-0.00239484389050504	0.464742899241794	16
-0.0659992118023181	0.245267351805318	16
0.0000217934341699699	1.57973275275413	29
0.09236047936493	1.24248207403983	29
-0.032121446410599	1.17486608950908	29
-0.077608916010552	1.45080063553534	29
-0.0180699729512051	0.981825463623376	97
0.0667428275766899	2.06450847275015	720
-0.073636822188784	0.71142986599697	19
-0.016415475166458	0.366334860207041	278
-0.011293290604843	0.974006064198183	19
0.01102755620825	0.471237494290958	16
-0.118215938140146	0.553157376140868	16
-0.063050710959763	0.252050724097018	193
0.0125401717331699	1.0751104851772	29
-0.093576149832981	1.82852498207523	29
0.11789904331261	1.66562333500301	29
0.08043409442293	1.16116631506702	254
-0.02866033663835	1.14948683151884	19
0.0395910399156101	0.74125980018061	19
-0.1167350219648	0.548471401222474	421
-0.11452995354994	0.564200087408602	421
-0.014601551030983	0.375791928593149	773
0.00845161371226011	0.48529991152662	16
-0.063050710959763	0.252050724097018	193
0.12199867472717	2.34306344297087	194
-0.100909409843817	0.813121361246967	29
-0.0453976324076379	1.06276944674468	29
0.0769216636304699	1.11972795625796	29
-0.056136246643308	1.11942825091318	29
0.0395910399156101	0.74125980018061	29
-0.0408267649265051	0.841560902975775	656
0.0779926378946201	1.14672280121882	656
-0.04067978509387	0.847767141905564	97
0.0451383493386399	0.743698742930244	97
-0.077491586336538	0.693440620008959	720
-0.000861730581280029	0.476636133971408	19
0.02089003658142	0.605909550779579	421
-0.06337193448173	0.251725171025196	278
-0.014601551030983	0.375791928593149	19
-0.060911334041387	0.24879326226229	193
0.0434383530731	0.85785158401229	193
-0.110712251895036	0.579536858192426	29
0.02319714136402	0.594218984140642	29
-0.123481575588173	0.797798175273707	29
0.10955362212576	1.97482600391019	29
0.000741235215079961	0.466347022181286	656
-0.111515380645615	0.576516654774689	19
-0.010747801325494	0.37562194001783	2022
-0.011559321246277	0.375709692754845	2022
-0.063050710959763	0.252050724097018	421
-0.063050710959763	0.252050724097018	421
-0.12038863514769	1.81973420835106	421
-0.015407725249235	0.374612111450457	278
-0.064184818666451	0.248202668593162	278
-0.063864637384733	0.248516942959805	278
-0.015407725249235	0.374612111450457	278
-0.00635735618387101	0.977364456487587	1601
-0.104309092339484	0.568388577477782	34
-0.063050710959763	0.252050724097018	193
-0.060911334041387	0.24879326226229	193
-0.062558574423391	0.247634103026872	16
-0.016775230989323	0.362275553909264	193
-0.078923292018636	0.931220675718414	29
-0.112952448875481	0.813882725337303	29
-0.00402536406877196	2.14478104739482	29
-0.01972594299856	0.366783266803632	254
-0.011804084047327	0.365337773621531	254
0.0296384160154599	0.600156729795566	970
-0.013796254009245	0.374239917977977	366
0.06470458630471	1.03111154116185	19
-0.064184818666451	0.248202668593162	278
0.05602939121536	0.887549502153955	278
-0.013234811295878	0.368702668266516	278
-0.063050710959763	0.252050724097018	34
-0.018692076745762	0.979885030219902	34
0.00274899041451993	0.481501031441308	193
-0.063050710959763	0.252050724097018	16
0.02450908796123	0.612561859438478	484
-0.105089003284242	1.70889876448998	29
-0.053063556453032	1.84805527977068	29
-0.076182061758833	0.932173873941505	29
0.02214550711009	1.20632401999959	29
0.0773232615447701	1.14454512867916	29
-0.109168112173442	1.00829486187854	656
-0.106765013302389	0.820355047220262	656
-0.11060201443393	0.576758834822764	254
-0.024637543203577	0.932647646008703	254
-0.076159229715866	0.698489324885723	254
-0.103707478423235	0.569409210532924	970
-0.11043455825394	0.80834146810546	19
-0.063864637384733	0.248516942959805	421
-0.063050710959763	0.252050724097018	34
-0.117678666311872	0.819683545223469	16
-0.06337193448173	0.251725171025196	193
-0.051432643535567	1.05793098815984	254
-0.108166845086074	1.50131212300691	366
-0.109005740421869	0.821915653319651	19
-0.076059172577768	0.692776641873543	19
-0.042090650723171	0.85826871418241	654
-0.053576497257994	0.788675954247507	278
0.0173638000398799	0.590647661292328	278
-0.046290568117331	0.826149108634896	34
-0.010747801325494	0.37562194001783	193
-0.024609691011327	1.18869947585784	246
0.000936795366089926	2.44873977126182	29
-0.070667465731742	1.12814397964839	29
-0.018055606161262	1.45000833520244	29
-0.00596259968720303	1.56684341069524	366
0.0168662480578701	0.58474167160924	19
0.00337885932323001	0.4839478351484	1861
-0.010747801325494	0.37562194001783	823
0.00274899041451993	0.481501031441308	16
-0.014040513680908	0.370182885853567	193
-0.022820793667112	1.19030582899969	246
-0.014601551030983	0.375791928593149	1002
0.00114609142745992	0.478921664228091	19
-0.013796254009245	0.374239917977977	512
-0.012366011101711	0.370718641089762	19
-0.062558574423391	0.247634103026872	34
-0.00822857362849905	0.362562427132467	34
-0.06337193448173	0.251725171025196	193
-0.062558574423391	0.247634103026872	193
-0.015407725249235	0.374612111450457	193
-0.081377225569949	1.91009621751121	29
0.0175779389878701	0.598051372992414	29
0.0263286572211601	0.714532720546596	366
0.02508645086572	0.616248210607539	366
-0.106904197298467	0.578018707124694	512
-0.063050710959763	0.252050724097018	34
-0.064184818666451	0.248202668593162	34
-0.060911334041387	0.24879326226229	34
-0.062236307052307	0.247947976840952	34
-0.063864637384733	0.248516942959805	739
-0.0659992118023181	0.245267351805318	193
-0.0659992118023181	0.245267351805318	16
-0.049644303412526	1.04637948499508	1120
0.0275463620550001	0.693729623790435	29
-0.063050710959763	0.252050724097018	399
-0.114004081602794	0.57556542132643	1002
-0.07319023286335	0.944687627318032	366
-0.063050710959763	0.252050724097018	19
0.0237184494057501	0.612525541079298	512
-0.01972594299856	0.366783266803632	19
0.00901546251682994	0.477655841456451	19
0.0253002832123099	0.610366091604657	19
-0.012121887659061	0.368886497246459	19
-0.013796254009245	0.374239917977977	34
-0.014601551030983	0.375791928593149	34
0.04279683847376	0.869997030312575	34
-0.064184818666451	0.248202668593162	823
-0.015968589076649	0.367797509628704	193
0.01231366137186	0.573287531989836	193
-0.012528395037975	0.357100488347559	1862
0.01641879413307	0.587501932072205	193
-0.06337193448173	0.251725171025196	193
0.0214658095009701	0.604380928050667	29
0.00355016795453	0.479099766440325	19
-0.062236307052307	0.247947976840952	19
-0.014601551030983	0.375791928593149	19
0.0031665978000901	0.475356079313665	512
-0.00628930365803404	0.360669674606016	512
0.03434170188206	0.731581436773076	19
-0.063864637384733	0.248516942959805	34
0.03434170188206	0.731581436773076	34
0.0201813834564699	0.609115429201752	739
-0.010747801325494	0.37562194001783	193
-0.06337193448173	0.251725171025196	193
0.02009932648778	0.604952093835729	193
-0.063050710959763	0.252050724097018	1862
-0.063050710959763	0.252050724097018	193
-0.035148223311891	2.43463244221132	29
-0.11044519938537	1.38152689115223	19
-0.06337193448173	0.251725171025196	193
-0.09368883695639	1.19608605359107	29
0.10979605964259	2.02908368485111	366
-0.08499399086775	0.921214188340029	19
-0.014140853438565	0.356764019608497	187
-0.015162819971306	0.368930251863414	187
-0.06058666479856	0.249112320793435	739
0.00576901497540994	0.477870986218318	193
0.04305651616146	1.62418708153864	29
-0.013444249342313	0.981232899260835	29
-0.049488092104959	0.834434990937646	29
-0.112433031415355	0.999542868048067	668
0.0120942599591001	1.67392479982663	19
-0.010323669795107	1.2599408242428	366
-0.113539142119442	0.565524016450602	19
0.01678487118755	0.598922849949682	19
0.00767477862087995	0.487789621394888	19
0.04336253350348	0.833462075968733	34
-0.042272992169142	0.836402566584116	187
0.03101000059032	0.730503438050926	187
-0.00641626284731001	0.972423644218679	739
-0.063864637384733	0.248516942959805	739
0.00337885932323001	0.4839478351484	193
-0.038377660853211	0.850468635485618	193
-0.015407725249235	0.374612111450457	193
-0.00847853869838899	0.365465669998012	193
0.05748827170201	1.42358733280494	194
0.0141009676786299	1.75315533265497	29
-0.063864637384733	0.248516942959805	260
-0.022658152417362	0.956676554896561	29
0.0690065428001501	1.03484508331903	29
-0.01941553676297	0.967207093442465	366
-0.054058578772444	1.02521601922146	19
-0.124249285941714	0.790661217743392	19
-0.051329876633322	1.60924358984494	19
-0.111212724733591	1.39023771815048	366
-0.034248008438707	1.61114479578531	366
-0.014040513680908	0.370182885853567	19
-0.00222931374587199	0.471139432205361	19
-0.045776388606467	1.05502562317719	19
-0.016489060938535	1.19430887170382	527
-0.00166347528398902	0.477586917922281	527
-0.060911334041387	0.24879326226229	34
0.0175779389878701	0.598051372992414	739
-0.015162819971306	0.368930251863414	739
0.05965507756578	0.997598487096261	193
0.11724738004328	1.67111811650654	194
-0.021283957625466	1.16980913681889	1120
0.05188330564842	0.883291636479832	1060
0.0906072655533201	1.24618739649318	19
-0.115426639399017	0.787456433164506	19
0.04964486620244	1.30491655141996	19
0.0222573655011	0.603482348396715	34
-0.00187646353725401	0.471283713101368	34
0.00668729437263993	0.4775299745135	187
-0.013234811295878	0.368702668266516	739
-0.013234811295878	0.368702668266516	739
-0.00904175842463895	0.359151744703211	739
-0.063050710959763	0.252050724097018	193
-0.081299874598558	1.10251063638298	194
-0.088240769166563	2.37801493432631	29
-0.0211381871195681	0.960468649648201	366
-0.079265540144391	0.946950293023593	1060
-0.030932131438202	1.98952782975487	366
0.0290604573562401	0.61020290287646	19
-0.015407725249235	0.374612111450457	19
-0.010747801325494	0.37562194001783	19
-0.09722781640338	1.02612229865481	19
-0.074809957447781	0.710555781877626	34
-0.062236307052307	0.247947976840952	739
-0.015968589076649	0.367797509628704	739
0.05188330564842	0.883291636479832	29
-0.11091618182046	0.577573488359286	29
-0.050376309866024	0.831268314313539	1060
0.0842017150157399	1.14035256061158	366
-0.012366011101711	0.370718641089762	512
-0.020102871261555	1.59250129969028	19
-0.06337193448173	0.251725171025196	19
-0.00795316083698905	1.25214035739954	527
0.0367150638809299	0.750705796270422	527
0.0291122250317799	0.586906410034676	19
-0.062558574423391	0.247634103026872	19
-0.063050710959763	0.252050724097018	34
-0.015162819971306	0.368930251863414	187
-0.015407725249235	0.374612111450457	739
-0.014601551030983	0.375791928593149	739
-0.01299183915577	0.36852659617043	739
0.00710993469046994	0.486928562916366	193
0.0162057024325599	0.59801326834763	193
-0.069627895570101	1.45216698597187	194
0.08815139595554	1.25298473861167	1120
0.0205976456070001	1.09716236330854	194
0.0143886778554601	1.08123541482826	29
0.06538396621365	0.981711203419857	1060
-0.012121887659061	0.368886497246459	512
-0.063864637384733	0.248516942959805	19
-0.015968589076649	0.367797509628704	19
0.0016102994821301	0.464864662719246	19
0.00171175334323004	0.473534669612339	19
-0.00937275005210902	0.365436274765583	19
-0.063050710959763	0.252050724097018	739
0.00125860967541991	0.478929450611341	193
-0.113010247443375	0.821350391717343	194
-0.074860005601571	1.12978497332361	29
0.02820616033542	0.732737804205225	1060
0.0235683506655999	0.603603657070087	1060
0.05183705362264	2.21546154503898	19
-0.123749355847282	1.09120659597797	527
-0.044017307132189	0.848634326634432	527
0.000910022215659945	0.466557673548348	19
-0.118862668460604	0.819269767271247	34
-0.110710932739296	0.558626568178131	34
0.00260166618848001	0.482983171513586	184
0.0041916202430301	0.460332462337618	739
-0.063050710959763	0.252050724097018	739
-0.063050710959763	0.252050724097018	739
-0.006567265050894	0.460795565296129	193
0.0241774589132699	0.697933527240619	193
0.0118299205674699	0.472754900281244	193
0.01880929836066	0.605905348375406	1120
-0.070889438939005	0.717761146927568	29
0.0547553568191399	0.877459696586034	366
0.03603467579035	0.588264538996673	1060
-0.014601551030983	0.375791928593149	19
-0.016657069342454	0.366745698422458	89
-0.063864637384733	0.248516942959805	744
-0.0566522149376571	1.25145316458593	19
0.02508645086572	0.616248210607539	19
0.0249419601941101	0.596571349212259	527
-0.072626233765745	0.952892596767848	19
-0.010747801325494	0.37562194001783	19
-0.01299183915577	0.36852659617043	34
-0.015407725249235	0.374612111450457	187
-0.062558574423391	0.247634103026872	187
0.00788755005728992	0.484449459186858	739
-0.06337193448173	0.251725171025196	193
-0.063050710959763	0.252050724097018	193
0.0344509957593999	0.741998347171739	193
-0.069822755386904	0.949525380185519	366
0.0909300352373801	1.26114506857087	29
0.00194763097309991	0.481455761041027	1060
0.0282696579448101	0.608849601470125	19
0.00845161371226011	0.48529991152662	19
-0.074396264751371	0.936318746756746	187
-0.012928170512171	0.36412127909435	184
0.0367150638809299	0.750705796270422	149
0.00203652309405999	0.482132580662537	193
0.05441237511205	1.43495358543622	193
-0.082630725531973	0.698950757913814	193
0.03268499751957	0.735502160763905	193
-0.103786420185155	2.31619174597063	29
0.0683361650257299	1.61766559780612	1060
0.0908275623116801	1.25401427002337	19
-0.015968589076649	0.367797509628704	19
-0.073157027671774	0.720765234978186	1841
-0.015407725249235	0.374612111450457	34
0.01013760708152	0.470701137408648	34
0.0488154500453499	0.88130367814952	184
0.0407346551830301	0.75029940516916	193
0.05557137823424	1.44465486187868	19
-0.063050710959763	0.252050724097018	366
-0.013796254009245	0.374239917977977	504
-0.00746547524114805	1.27297627694353	134
0.11245409441841	1.36385612528446	19
-0.010747801325494	0.37562194001783	184
-0.107904744617639	0.578068137619514	193
-0.063864637384733	0.248516942959805	193
-0.062236307052307	0.247947976840952	193
-0.062236307052307	0.247947976840952	193
-0.112528235053252	0.569885977936437	193
-0.116409773721673	0.564925217012969	193
-0.0805842885627041	0.699562114955171	29
-0.043838311396992	0.842050279447953	1060
-0.014847092696721	0.36904272807662	1060
0.07558292209857	1.1479551512659	1060
-0.0754971316934801	0.716990249980719	89
0.00203652309405999	0.482132580662537	89
-0.059768736330852	0.24915118819728	504
-0.052161088709571	1.06120453752512	19
-0.014040513680908	0.370182885853567	19
-0.013234811295878	0.368702668266516	19
-0.00416662023808001	0.450523267098456	184
0.00626176183091998	1.09871144632426	194
-0.062447292066677	1.68775119724122	29
0.000776906830769919	2.00483888617811	29
-0.010672489081675	0.977816755645121	29
-0.014601551030983	0.375791928593149	89
-0.015043773016491	0.362117395157622	504
0.1060965176811	1.33734703059805	134
-0.0794326078776571	0.700515707074233	527
0.00793019719006005	1.10850161553556	19
-0.086229356638461	0.924832056646573	19
0.0258779295990701	0.61401603805108	187
-0.08239318628846	0.69503515509675	355
-0.063864637384733	0.248516942959805	184
-0.079489637186809	0.712328698413399	193
-0.015162819971306	0.368930251863414	193
-0.108292403862857	2.13525154877484	29
0.0255561504912301	2.04017696416881	29
-0.058338620324176	1.24147201835697	1060
-0.0147004126521501	1.72225634380642	19
0.0463387984875301	1.31722497040898	19
-0.112324137156128	0.995930418421374	19
0.05335925210913	1.43159276861345	134
0.0265471338866901	0.72441516360497	19
-0.011069649985444	0.977055599873247	19
-0.111406966681636	0.574452856723041	19
0.00472021148483992	0.475342446902082	193
-0.015968589076649	0.367797509628704	193
0.06069910296904	1.98544783524235	29
0.03000498202594	2.1324611029032	29
-0.114761195507792	1.50813391003154	493
-0.122820063754473	1.53189539135567	493
-0.07050484355803	0.937903617101025	1060
-0.06337193448173	0.251725171025196	89
-0.011667299964599	0.948342760923448	527
0.00925399756568002	0.47829790083724	19
-0.11587053589997	0.814045232509877	355
-0.0754311899990761	0.713921378761314	355
-0.074256428301031	0.704202236740205	355
-0.015162819971306	0.368930251863414	184
-0.11091618182046	0.577573488359286	193
-0.033754118770313	0.844391071541571	193
-0.067451698137417	1.94230593529159	29
0.11959050299729	2.13539330060164	29
0.00450119858329989	1.71751037655466	29
0.11714615185669	1.9750926903058	29
-0.117564689724835	1.10751798562734	19
-0.105197836912129	1.17913696452906	19
-0.100495972466878	1.20122956147251	366
-0.106516990128057	0.82026752206321	134
-0.035692289765186	0.857316333879704	19
0.03185731075022	0.734521840382023	187
-0.076052684803721	0.712589705439464	187
-0.108956873001212	0.814298874971586	184
-0.075540576389313	0.698068934149864	193
-0.069645532795163	0.712851479286915	193
0.00337885932323001	0.4839478351484	193
0.000592568240900038	2.39003639781197	29
0.08286559632107	2.38463676368104	29
-0.061473549153143	1.40775682766274	29
-0.08447155038083	1.41973005883244	668
0.0649840282374901	1.03318729808534	2371
-0.107504741496912	0.576964688677173	75
0.0256635753294701	0.614655648082237	19
-0.108709386910123	0.578910244903373	187
-0.072398391926856	0.714168570707119	355
0.00274899041451993	0.481501031441308	193
-0.11060201443393	0.576758834822764	184
0.0185976885721799	0.601873177108266	193
0.0214658095009701	0.604380928050667	193
0.0476876667025701	0.883445162770058	29
-0.098464980102278	2.04322153111994	29
-0.11429870497236	0.820650416072793	1060
0.07073530181241	1.02116632245726	19
-0.108483057766467	1.29034070626268	134
0.10485959241726	1.47731947626988	2371
0.0170773007712499	0.588462822421441	187
-0.112734712407713	0.567209662437189	355
0.00394374180763002	0.476290650027989	1647
-0.063050710959763	0.252050724097018	193
-0.012366011101711	0.370718641089762	193
-0.055778344117025	1.59961526171685	29
-0.104680729943035	1.61474504359418	54
-0.015968589076649	0.367797509628704	89
-0.00244286975242403	0.476636030622947	19
-0.035737436714708	1.36004737429179	2371
-0.067651077705109	0.244147812537135	355
-0.060094454979737	0.248831364854085	193
-0.015968589076649	0.367797509628704	193
-0.062236307052307	0.247947976840952	193
0.00555762051878994	0.48434826747026	193
-0.114796634764742	2.03398542185198	29
-0.063050710959763	0.252050724097018	29
-0.097887256404267	1.78140405846716	29
0.00493121949831998	0.4797650645224	366
-0.037001956706412	1.51482047173475	134
0.07029900765593	1.1085112477479	75
-0.112734712407713	0.567209662437189	75
0.00260166618848001	0.482983171513586	19
-0.077253790919288	0.699654995545398	19
-0.01435792862882	0.367461216941546	355
-0.116409773721673	0.564925217012969	355
0.00633411963970998	0.486910098036899	355
-0.01972594299856	0.366783266803632	193
0.00260166618848001	0.482983171513586	193
-0.00822857362849905	0.362562427132467	193
-0.093971403995048	1.60773592559054	29
0.06289787989796	1.02021591894194	29
-0.114186371240248	0.7657697419116	1060
-0.0859916700775341	0.665898558546743	366
0.0061597747956601	1.99499646564189	19
0.0251533914812701	0.603801886112328	89
0.12142151194319	1.58435704521801	134
-0.06337193448173	0.251725171025196	19
0.00689901290568007	0.487772154230679	19
-0.013796254009245	0.374239917977977	193
0.0251533914812701	0.603801886112328	193
-0.012121887659061	0.368886497246459	1407
-0.059325724935076	1.89327748047898	194
-0.00148505053321701	1.84280706788039	29
-0.0607606343759191	1.74861626296919	29
-0.11058965223495	1.44329723434842	366
-0.076252685334003	1.32030446999814	366
-0.097169394585929	1.20931870162175	19
0.0632493224061601	1.04140628121672	19
-0.0708860813114201	0.690701920562569	134
-0.114735160271229	0.567066842807043	75
0.0137544029083401	0.45880956250396	19
0.00215816039882011	1.0518361528319	355
0.04831325014513	0.891203194626609	261
-0.06927156914138	0.244692088421178	261
-0.051917711382985	1.6103610665582	194
-0.0157132116898669	0.976036261230261	19
-0.114476240935212	0.811031254453855	75
0.0357958072559701	1.21842310026084	19
-0.113598005469448	0.573811831339207	193
-0.0979378469857179	1.72149133616436	194
-0.100933252898718	1.46529215510179	501
-0.045957041416074	1.30285769581351	194
-0.121223037975038	1.18613756445336	194
0.06112838554864	1.41605705252049	194
-0.02218598802983	1.19326522555387	29
-0.116836762176244	0.796247330294848	54
0.06257984399624	1.44243995866514	89
0.03280715840782	1.22986223124072	89
-0.108105540684637	0.572292679347599	19
0.0350603495630899	0.748436176641896	19
0.0507587593273799	0.881700342545286	538
-0.074299483159852	1.11100394815089	19
-0.123308261212465	0.542948714569207	75
0.00147116836126004	0.473251643070176	75
0.0144263068910799	1.11931107923806	19
-0.014471856132364	0.972654328532552	19
0.0113078638439299	0.579872446798852	193
-0.109908644960058	0.580558450510033	193
-0.010747801325494	0.37562194001783	1407
0.0330646843917599	0.749094701496654	1407
-0.040507898512512	0.84333077252335	19
-0.013796254009245	0.374239917977977	75
0.04550798321477	1.30889350425154	19
0.00260166618848001	0.482983171513586	355
-0.0501798590906381	0.808135364008641	193
0.12281500768232	1.47564014570713	193
-0.068461558585642	0.248109641550082	1407
-0.062236307052307	0.247947976840952	58
-0.043215187912292	0.843706536555933	501
-0.020290500680645	0.366443091077846	334
-0.00166347528398902	0.477586917922281	668
-0.06337193448173	0.251725171025196	19
-0.010185366198267	0.370060244008601	196
-0.063864637384733	0.248516942959805	19
-0.057282819831269	0.243626507748643	19
-0.06337193448173	0.251725171025196	1061
-0.062236307052307	0.247947976840952	75
-0.063864637384733	0.248516942959805	75
-0.060911334041387	0.24879326226229	75
-0.02005471284465	0.932824106619984	501
-0.0180306885927221	0.361678662550968	501
-0.06337193448173	0.251725171025196	501
0.03107836629504	0.59784054013178	29
0.00973531646122994	0.452212204401461	538
-0.016657069342454	0.366745698422458	334
-0.00166347528398902	0.477586917922281	366
-0.041466080949879	0.852442342820686	366
0.00710993469046994	0.486928562916366	2351
0.05311097607486	1.31115651102599	391
-0.015162819971306	0.368930251863414	19
-0.015968589076649	0.367797509628704	19
-0.104900241009195	0.567991807653892	19
-0.015407725249235	0.374612111450457	1061
-0.015968589076649	0.367797509628704	134
-0.063864637384733	0.248516942959805	355
-0.060094454979737	0.248831364854085	355
-0.116204513286125	0.564653711048975	193
-0.11688394355052	1.10580333723409	193
0.0239893662870501	0.593132008674988	193
-0.062236307052307	0.247947976840952	251
-0.124143132514207	0.787720689244569	29
-0.00378431005883595	0.467171254390985	538
0.00281376540922995	0.483094799170805	888
-0.01565454339016	0.363482378748212	888
0.0041916202430301	0.460332462337618	366
0.00746369492862997	0.48000141001136	19
-0.063050710959763	0.252050724097018	19
-0.064184818666451	0.248202668593162	19
-0.014601551030983	0.375791928593149	134
-0.068461558585642	0.248109641550082	75
-0.064184818666451	0.248202668593162	75
-0.010996987507142	0.37013610430479	75
0.0407346551830301	0.75029940516916	501
0.03793378667281	0.748283672469665	1105
0.0157787928766699	0.586911293831387	54
-0.042332693196225	0.844740518247721	2351
0.0018238019238801	0.479769479714341	19
-0.010996987507142	0.37013610430479	58
-0.123702361293465	1.4409304348724	501
-0.0577603868104341	1.21496579065386	29
-0.063864637384733	0.248516942959805	29
-0.043215187912292	0.843706536555933	2351
0.10867985240578	1.46715978331836	19
0.05429056075047	0.863637934554933	19
0.0258779295990701	0.61401603805108	75
-0.099960990615615	1.01021751001408	19
0.0408730853991599	0.743030144692993	187
-0.044097176536099	0.840556973672617	19
0.01894763317945	0.590008410112083	355
-0.069882720025684	0.718252296737559	193
0.0231411314308401	0.60067857981493	193
-0.111331611382381	0.557983094656818	193
-0.062746707599564	1.53900770046313	501
-0.081977723334047	1.01025764956536	194
-0.04969564190521	1.06637704846942	194
-0.021629861065487	1.17758509009318	29
0.0569487343070301	1.0010437450573	538
-0.026241645780878	1.16066930598559	54
-0.098936235271399	1.00802913814095	391
0.08723161511897	1.14341850592523	19
0.02759494616754	0.728520890570271	19
-0.114940690504641	0.564613733038613	75
-0.110712251895036	0.579536858192426	75
-0.010185366198267	0.370060244008601	409
0.0354537925938201	0.585024468677999	355
-0.01972594299856	0.366783266803632	355
-0.014601551030983	0.375791928593149	193
-0.077449594781384	0.690348075929033	194
0.09695649724431	1.36892919946329	194
-0.077983324551671	1.08658407182085	29
0.07808167017362	1.01145640682692	538
0.03202629548661	0.711508646198942	391
-0.120810853428495	1.60437618223511	366
-0.113931286540549	0.568764388230666	19
0.02820616033542	0.732737804205225	19
0.00485264954857989	1.08005910356374	355
-0.064184818666451	0.248202668593162	592
-0.013796254009245	0.374239917977977	121
0.0748140998638001	1.00419458680053	194
-0.050983304718038	1.04281412617206	194
0.0716805694749501	1.63426969329773	194
-0.06337193448173	0.251725171025196	29
0.03664812407116	0.734899641419889	391
0.0328407938027	1.1447011202294	391
-0.110701175573656	1.10893485617594	19
0.01938925710308	0.606835697264097	19
0.0212500710722401	0.593523102210172	19
0.0923547187192699	1.24297046452792	501
-0.110762336700274	0.818242600074481	501
-0.12096452552538	0.915769462194289	501
-0.041417324939677	0.847894613858637	194
-0.013369337211973	0.970940973162349	538
0.0196586762323001	0.586738837263658	54
-0.084262072433018	0.669754568976896	54
0.01150408013963	0.477957888397808	391
0.02508645086572	0.616248210607539	391
0.0211112580094699	2.12547015709459	391
0.03937136586074	0.732639389562189	19
-0.016796968840786	0.976735774350299	19
-0.018866521931905	1.25258744912469	19
0.0140429861473299	0.58460992712063	19
0.0224731477490101	0.60212832682679	19
-0.037927011452967	1.06427987003685	19
-0.057282819831269	0.243626507748643	75
-0.01299183915577	0.36852659617043	592
-0.121819831698909	1.09944679483739	29
-0.113958599672485	0.828694878321888	29
0.01854947381315	1.68235392426211	29
0.04442985508213	1.33534288553822	391
0.00601772753929009	1.42406529927158	19
0.0203140262552199	0.602348642368222	19
0.01952359851583	0.601400696254642	19
-0.00838814354216699	1.26359792246315	19
-0.063864637384733	0.248516942959805	355
-0.113401751927694	0.566844869246407	355
0.00125860967541991	0.478929450611341	592
0.00668729437263993	0.4775299745135	193
0.00710993469046994	0.486928562916366	193
0.02732514623711	0.596592321560001	501
-0.035954301975946	0.853822945587998	409
-0.014040513680908	0.370182885853567	193
-0.102979416399928	1.69542565463911	19
-0.11192979662468	0.567303093826015	19
0.00788755005728992	0.484449459186858	19
-0.069500744326252	0.713051857239002	409
-0.060911334041387	0.24879326226229	19
0.01952359851583	0.601400696254642	193
-0.064184818666451	0.248202668593162	193
0.07003221304241	1.01750877008313	501
-0.0709761032431671	0.715439241927223	501
-0.109998080170759	0.575497038966442	29
0.00104526969502006	0.472056239911211	29
-0.0659944895154701	1.39566017101293	29
-0.063050710959763	0.252050724097018	54
0.03886360293226	0.747646652394804	54
0.02726681666316	0.585274850655602	366
0.0201813834564699	0.609115429201752	391
-0.011559321246277	0.375709692754845	19
-0.014601551030983	0.375791928593149	1208
0.0242955289820099	0.616215651543523	1208
-0.11882885250053	0.559658054169206	19
0.09635224087304	1.3635603099211	19
-0.062236307052307	0.247947976840952	193
-0.0673753706613091	0.713295217622768	193
-0.081676113970255	1.21229970428174	193
-0.063050710959763	0.252050724097018	193
0.00689901290568007	0.487772154230679	58
0.02487237034421	0.614620167845515	501
0.0326590151463799	0.601212489908743	194
0.0148829367636101	0.467588206338599	538
-0.015849802059228	0.366673953158452	538
-0.014040513680908	0.370182885853567	538
-0.015407725249235	0.374612111450457	54
0.02715451119249	0.59381514842339	391
-0.007665078827225	0.369030086928343	19
-0.059768736330852	0.24915118819728	19
-0.063050710959763	0.252050724097018	19
-0.017222465719939	0.36640630680174	409
-0.010996987507142	0.37013610430479	409
-0.014847092696721	0.36904272807662	19
-0.063864637384733	0.248516942959805	19
-0.063050710959763	0.252050724097018	19
-0.064184818666451	0.248202668593162	193
0.0878505239052301	1.1323838177034	193
-0.063864637384733	0.248516942959805	193
-0.063050710959763	0.252050724097018	193
-0.014847092696721	0.36904272807662	58
-0.077241140974786	1.13639090322786	501
-0.113539142119442	0.565524016450602	501
0.02097406769489	0.609164489411388	501
0.00114609142745992	0.478921664228091	501
-0.10076739380422	1.03064956397277	29
0.02350516387716	0.613901700970229	29
-0.00222931374587199	0.471139432205361	538
0.0018238019238801	0.479769479714341	54
0.01699848671911	0.59714476286004	391
-0.014847092696721	0.36904272807662	391
0.0061225630939401	0.485202045359872	391
0.03390179002511	0.733211109633264	391
0.00689901290568007	0.487772154230679	19
-0.012528395037975	0.357100488347559	19
-0.010996987507142	0.37013610430479	196
0.0273632989010599	0.58463004299732	19
-0.01565454339016	0.363482378748212	19
-0.108853446592059	0.810139206806648	19
-0.012366011101711	0.370718641089762	19
-0.117503962820713	1.11886291274055	19
-0.014847092696721	0.36904272807662	193
-0.06058666479856	0.249112320793435	193
0.0373245544279599	0.752097973937251	88
-0.00166347528398902	0.477586917922281	29
-0.063864637384733	0.248516942959805	29
-0.00109785303634502	0.472212772979448	538
0.0188649493555999	0.585463694830912	538
-0.110525931798434	0.556574034404108	391
-0.014040513680908	0.370182885853567	19
-0.118022981910848	0.563111059818534	19
-0.067651077705109	0.244147812537135	19
-0.0988098205105949	1.21315205820808	193
-0.109796589394453	0.576891524588272	193
-0.062236307052307	0.247947976840952	58
-0.105947126146671	0.829041619746893	88
-0.0722149756578579	0.712696512660876	2120
-0.067228378450593	0.706227345769784	88
-0.00158647897495601	1.29409627102943	29
0.000642289486070036	0.456459248937446	29
0.0230246051857499	0.577400845295504	29
0.04733853551753	0.877237412284614	29
-0.117478020527372	0.557346258893723	538
-0.00187646353725401	0.471283713101368	424
0.0016102994821301	0.464864662719246	391
0.0269017783488701	0.606132674911042	196
0.03072946555294	1.560299730989	196
-0.06058666479856	0.249112320793435	1208
0.00415537815398004	0.482946202618562	19
-0.06058666479856	0.249112320793435	19
0.03710581608605	0.748293412515736	193
0.0118299205674699	0.472754900281244	193
-0.06927156914138	0.244692088421178	2813
-0.06337193448173	0.251725171025196	2813
-0.011559321246277	0.375709692754845	1374
-0.041624002703602	1.58244782652491	990
-0.044005651212583	0.837535283214951	501
-0.113800876562018	0.577881755971411	29
-0.076205094363259	0.708265707184262	538
0.02544897367711	0.604302832435375	1208
0.00359033344675996	0.482097844754184	19
-0.015162819971306	0.368930251863414	58
-0.10904057538072	2.28237681280058	990
-0.026500552302495	1.40974454313134	501
-0.091748016253814	1.22657459538735	501
-0.00377124067582402	1.28348268163535	501
-0.0117264083391559	0.978410259518548	88
0.0346862944497499	1.30386797586767	29
-0.031492237135422	1.16103833835575	538
-0.075112790274362	0.710088894389982	538
-0.050070459535839	1.49233465175627	538
0.06554193632089	1.00966503901526	424
0.03433963108303	1.21948333048131	424
0.0721918799688901	1.12591344566384	391
-0.055010013451068	1.2529704675131	391
0.00593373488768001	1.66885736899377	391
0.0181781644616399	1.48439331405184	19
-0.040566183674816	0.840580476611256	2429
-0.113186800393354	0.813888724098312	1208
-0.076850666781991	0.683061604726844	19
-0.013796254009245	0.374239917977977	193
-0.062236307052307	0.247947976840952	2813
-0.120991401731753	1.09774271427682	990
0.0899563682015301	1.14874588627661	501
-0.111143281610959	0.826301549294193	29
-0.011804084047327	0.365337773621531	29
-0.11091618182046	0.577573488359286	538
-0.019197806661623	0.93656115829874	19
0.00359033344675996	0.482097844754184	19
0.0423292307706	0.84652171576624	19
-0.010747801325494	0.37562194001783	19
-0.00863280880167605	1.28110774835543	120
-0.064184818666451	0.248202668593162	19
-0.014601551030983	0.375791928593149	58
-0.115538548012071	0.563597894535064	58
0.00526367178345	1.65587321753168	990
-0.108806782892995	1.07090468404578	990
-0.042592323239096	0.841547773603686	2120
-0.063864637384733	0.248516942959805	29
-0.000861730581280029	0.476636133971408	538
0.0256635753294701	0.614655648082237	424
-0.119094026476471	0.557083457037412	391
-0.063050710959763	0.252050724097018	196
0.00337885932323001	0.4839478351484	196
-0.10778398075918	2.33140190608755	19
-0.10930888883584	0.581628052419297	1208
-0.067651077705109	0.244147812537135	2813
-0.075157074844852	1.64831835319468	88
-0.0793313025461579	1.58293266157484	2120
-0.00552046187187005	1.87883499008405	29
-0.020309414560724	1.25067126046343	29
0.0486586722890201	1.3229690046939	538
-0.105123437929339	0.989563583021685	19
0.0144263068910799	1.11931107923806	2813
0.02634242259913	2.05606684105004	29
0.04132580978636	1.28818866982598	196
-0.121772386658565	0.804823973501556	19
-0.010801452554108	0.9468978395955	19
-0.073492868210994	0.709423476791571	193
-0.107904744617639	0.578068137619514	193
0.02350516387716	0.613901700970229	2813
-0.022562395583414	1.18233865188355	29
-0.043498309117765	0.822210253524309	29
0.00451279246564007	1.08696643362279	29
-0.015968589076649	0.367797509628704	1871
0.0350603495630899	0.748436176641896	1871
-0.113807840702492	0.810732975634556	196
0.00676724348275992	1.05170933706829	193
-0.07492218306169	0.693674189174454	193
0.00746369492862997	0.48000141001136	29
-0.043215187912292	0.843706536555933	54
0.00767477862087995	0.487789621394888	317
-0.063864637384733	0.248516942959805	317
-0.075290149348172	1.75801154498372	19
0.02009932648778	0.604952093835729	19
-0.010185366198267	0.370060244008601	19
-0.064184818666451	0.248202668593162	193
-0.007665078827225	0.369030086928343	193
-0.077150860736775	0.717910438413626	2813
0.03825373800534	0.746272896939108	2813
-0.016415475166458	0.366334860207041	19
-0.011559321246277	0.375709692754845	19
-0.063050710959763	0.252050724097018	193
-0.063050710959763	0.252050724097018	193
-0.106101122953625	0.580317776732624	193
0.0190945237129301	0.595102552395854	818
-0.123922854853579	0.913209157076951	32
-0.121289527436223	0.80749359643573	29
0.0345098001375299	0.720316398619791	29
-0.060094454979737	0.248831364854085	19
0.03876219460484	0.746007754495403	19
-0.040033473525212	1.77661469312713	19
-0.014847092696721	0.36904272807662	475
-0.011559321246277	0.375709692754845	193
-0.010747801325494	0.37562194001783	193
-0.063050710959763	0.252050724097018	32
-0.115411977920757	0.573812439796304	196
-0.064184818666451	0.248202668593162	19
-0.00921577782745098	0.993648774120872	19
0.0215543539930501	0.600574495216401	19
0.00689901290568007	0.487772154230679	120
0.00203652309405999	0.482132580662537	193
-0.013234811295878	0.368702668266516	26
0.00203652309405999	0.482132580662537	32
-0.018918546932261	0.365330461702992	19
-0.104900241009195	0.567991807653892	19
-0.0701198949855451	0.717740520055448	19
-0.069425993978425	1.2954229924439	19
0.00845161371226011	0.48529991152662	193
-0.105481577117445	0.981591248328782	193
-0.037871147492616	0.858893309014291	32
0.05964454349096	1.00139359049162	29
-0.07130067186276	1.49009678273805	391
0.02776782046778	0.722079650820615	391
-0.000114091763199986	1.58136891746137	276
-0.103507169268573	0.572501458427145	19
0.05188330564842	0.883291636479832	19
-0.014847092696721	0.36904272807662	19
-0.040914513294975	0.839084325950741	193
-0.013234811295878	0.368702668266516	193
-0.062558574423391	0.247634103026872	193
-0.046935950329757	0.848011838437607	32
-0.01435792862882	0.367461216941546	26
-0.064184818666451	0.248202668593162	32
0.0203180798061799	1.20141035184262	29
-0.0907991122872021	1.56492158991686	391
-0.00937275005210902	0.365436274765583	19
-0.015407725249235	0.374612111450457	120
0.01070192654105	0.479315782088866	193
-0.068461558585642	0.248109641550082	193
0.0434794146975499	1.33164775494317	32
0.0105143794395699	0.577152759562195	26
0.0468759142755599	1.3828915829482	29
-0.070278790556694	1.95072074181874	19
0.12445571699006	1.71165169973283	19
-0.06058666479856	0.249112320793435	120
-0.107472364887076	1.29663556944019	193
-0.013796254009245	0.374239917977977	320
0.08467498788546	1.15965877242305	26
-0.110981262856623	0.564427757969025	26
-0.053896932176436	1.06337913614826	26
0.06345514544148	1.02715125327865	54
-0.079726669909669	0.708134354889798	391
0.00251330617361001	0.475998850251297	1871
-0.07935170300714	1.12901357074219	276
-0.037361559147478	1.96490985226134	19
-0.064184818666451	0.248202668593162	19
-0.06058666479856	0.249112320793435	19
0.00171175334323004	0.473534669612339	193
0.03750867191442	1.27279364556271	193
-0.015407725249235	0.374612111450457	193
-0.064184818666451	0.248202668593162	193
-0.01299183915577	0.36852659617043	193
0.0627161650008199	0.832641169141673	29
0.03261617520368	0.725522149838008	391
0.0203140262552199	0.602348642368222	193
-0.0118558613324991	1.27714250309474	32
-0.00937275005210902	0.365436274765583	320
-0.00993545917815397	0.370795837835066	32
0.0339812497191101	0.740457630615756	26
0.05419121209814	2.25654953893426	391
-0.073157027671774	0.720765234978186	196
-0.00321764144646697	0.473496428600933	276
-0.063050710959763	0.252050724097018	19
-0.063050710959763	0.252050724097018	19
-0.020984395781507	1.74465493179299	19
0.02508645086572	0.616248210607539	19
-0.068461558585642	0.248109641550082	120
0.02009932648778	0.604952093835729	193
-0.013796254009245	0.374239917977977	193
-0.062558574423391	0.247634103026872	193
-0.060094454979737	0.248831364854085	193
0.0510467439428599	0.873422273554225	32
0.0216813102987601	0.605000980815751	26
0.0368653447907199	0.748311824702935	391
-0.012121887659061	0.368886497246459	733
-0.0646492183745701	2.02462380792776	19
0.0783316947135799	1.10437479368879	19
-0.112528235053252	0.569885977936437	19
-0.011559321246277	0.375709692754845	19
0.03293549555788	1.23275952550496	193
-0.082630725531973	0.698950757913814	193
-0.117216622300766	0.564812810137303	32
-0.011559321246277	0.375709692754845	320
-0.00455981051398502	0.45988963402097	26
0.00260166618848001	0.482983171513586	26
-0.076397428841728	0.699723347156679	391
0.03649678113483	0.752114589237099	391
0.03793378667281	0.748283672469665	391
0.0160717627965199	0.584669538955163	391
-0.012928170512171	0.36412127909435	733
-0.108900565422462	0.572192453536208	19
0.00203652309405999	0.482132580662537	19
0.0472711549946401	1.2878050870422	193
-0.014847092696721	0.36904272807662	784
-0.015968589076649	0.367797509628704	320
-0.063050710959763	0.252050724097018	320
0.042783540724	0.743987403702072	26
-0.013475782656137	0.988779608310209	29
-0.011692653457114	0.972629549777633	29
0.06532891850427	1.02377352134485	391
0.00171175334323004	0.473534669612339	391
0.00845161371226011	0.48529991152662	784
-0.060911334041387	0.24879326226229	2675
0.00831444680968008	1.40616502074242	32
-0.06058666479856	0.249112320793435	320
-0.12003103541852	0.557781006623677	26
0.0536310748086499	0.943564987191643	26
0.0258779295990701	0.61401603805108	29
0.0344509957593999	0.741998347171739	29
-0.059768736330852	0.24915118819728	391
-0.00887270861904199	0.970675377769067	19
-0.115213772615331	1.11956470247617	19
0.03710183692282	1.8999180609678	19
0.0134340974393601	0.465714013318898	193
0.00576901497540994	0.477870986218318	193
-0.059768736330852	0.24915118819728	193
-0.063050710959763	0.252050724097018	2675
0.01108772516518	1.09179993550147	54
0.00668729437263993	0.4775299745135	391
-0.019483380056088	0.364992627008556	730
-0.113676136265258	0.826031467667741	19
0.00203652309405999	0.482132580662537	193
0.09120293540715	1.27433226814683	320
-0.037608650114985	0.851042446114731	26
-0.108709386910123	0.578910244903373	26
-0.060911334041387	0.24879326226229	354
-0.096627764288908	1.02527711805458	19
-0.08382742994464	1.74549308903943	19
0.0390802794320799	0.750281138058264	19
0.00594484714400001	1.37155267273943	32
-0.014847092696721	0.36904272807662	32
-0.062236307052307	0.247947976840952	320
-0.1127147280825	0.819923306257233	29
-0.00187646353725401	0.471283713101368	391
-0.1127147280825	0.819923306257233	276
-0.06337193448173	0.251725171025196	521
-0.110112774452011	0.580603595945207	19
-0.064184818666451	0.248202668593162	193
0.0183715717719799	0.595258987877087	193
-0.013796254009245	0.374239917977977	193
-0.014040513680908	0.370182885853567	193
-0.031193649107505	1.16797678622763	193
-0.00791554495459601	0.360329176121624	32
-0.013796254009245	0.374239917977977	320
-0.123303309247169	2.47390295340267	2120
0.03268499751957	0.735502160763905	29
0.00555868025863004	0.47258947384182	29
0.03793378667281	0.748283672469665	1018
0.00788755005728992	0.484449459186858	54
0.0377145931002201	0.734777974017249	391
-0.110283199030634	0.800181666411265	391
-0.065185218463514	0.245307882708456	521
-0.110111406038297	0.559621197747483	19
0.0223513329004901	0.598489430689452	475
-0.0180306885927221	0.361678662550968	193
-0.059768736330852	0.24915118819728	193
-0.064184818666451	0.248202668593162	32
-0.014601551030983	0.375791928593149	390
-0.059768736330852	0.24915118819728	320
-0.107083348675821	1.12126033176545	29
-0.012928170512171	0.36412127909435	391
-0.015280462675365	1.47064694918989	391
-0.07923985268095	1.44591575610531	19
-0.113800876562018	0.577881755971411	19
-0.017222465719939	0.36640630680174	193
-0.06058666479856	0.249112320793435	193
-0.020124699524662	0.94245393903464	193
-0.063864637384733	0.248516942959805	32
-0.03136194159677	0.848856238424464	32
-0.033802406319085	0.848268250722174	32
0.10801325523953	1.23540731651963	354
-0.00877821505716503	0.976466719458532	54
-0.102764691092698	0.818670696602019	54
-0.014040513680908	0.370182885853567	276
-0.064184818666451	0.248202668593162	276
-0.014601551030983	0.375791928593149	179
-0.00239484389050504	0.464742899241794	179
-0.00244286975242403	0.476636030622947	193
-0.046050872483421	0.851254657815395	32
0.0240817222919201	0.612321078220577	32
-0.014601551030983	0.375791928593149	32
-0.059768736330852	0.24915118819728	179
-0.012366011101711	0.370718641089762	179
0.03462452803181	0.733299865974906	179
-0.063627525365945	1.84747817062511	19
-0.049567482337601	1.59203251429462	19
0.0256635753294701	0.614655648082237	193
0.0553415271144599	1.50270825792574	19
-0.109556335920433	0.992256088094922	193
-0.113053822773795	0.827700396413944	193
-0.099960357414872	1.03267406876803	1073
-0.063050710959763	0.252050724097018	29
0.06022864737916	1.42931877609461	391
0.02974707194329	0.733846189528022	391
-0.113248124239083	1.36899294028871	391
-0.064369536282147	1.40386829325246	483
-0.063359132350425	1.39059460431203	19
-0.108954107875003	0.987117825677741	19
-0.083488784725982	0.695250451036164	193
0.0457400803255399	0.864039461010109	193
-0.111608070365299	0.568324000113005	32
0.04733853551753	0.877237412284614	374
-0.0334557241960211	1.15452440632832	29
-0.097414906540229	2.13408605421399	29
-0.075921011093457	0.691995310489582	1018
0.00966114808808993	0.472168065993119	391
-0.044477160159148	1.50308809612292	19
-0.013796254009245	0.374239917977977	193
-0.045601720171466	0.833505765861146	1073
-0.110508655484162	0.575793642453368	374
-0.078417125132437	1.14205362131463	354
-0.113268881551566	1.98090358554561	391
-0.062558574423391	0.247634103026872	391
-0.020534558804063	0.365653528734353	276
-0.113332872893189	0.569796657798686	483
-0.084346348340806	0.68942928356562	193
-0.011559321246277	0.375709692754845	193
-0.074493399775437	0.712373821252651	374
0.0175016775663499	2.22376991619427	29
-0.019483380056088	0.364992627008556	1933
-0.047775107072461	1.05884335335927	19
-0.00663724901350604	1.27581046046789	19
0.04112751318353	0.749158628019735	193
-0.068881853997904	0.69999705846059	193
0.0523466344516299	0.884978586018839	374
0.0993449873303101	1.25556194636753	374
-0.119368492236367	0.792367425823544	374
-0.111673606535577	1.38495266347219	1018
-0.071831828705793	0.710660976342919	391
0.0974497481688099	2.24580024322659	196
-0.016657069342454	0.366745698422458	1931
-0.01972594299856	0.366783266803632	401
-0.084792586637065	0.678713133226381	32
-0.06058666479856	0.249112320793435	376
-0.063050710959763	0.252050724097018	1931
-0.00300948850945904	0.470211925284188	1931
0.00909707101219004	0.471365726552448	1931
-0.087673849864477	1.4056585805155	19
0.12254190012073	2.36156135889723	19
-0.015407725249235	0.374612111450457	193
0.07243796724222	1.0990591547706	193
-0.06337193448173	0.251725171025196	43
-0.010996987507142	0.37013610430479	43
0.0367150638809299	0.750705796270422	32
0.00989958956300008	0.477748807228473	374
-0.046290568117331	0.826149108634896	374
0.11293658660066	1.38688374765945	29
-0.00109785303634502	0.472212772979448	391
0.0636349201789399	1.52918712817531	395
-0.110094771793747	0.813190271880981	19
0.02009932648778	0.604952093835729	19
-0.013796254009245	0.374239917977977	132
-0.014601551030983	0.375791928593149	193
-0.063050710959763	0.252050724097018	193
-0.117818142588566	0.566025923355384	193
-0.020290500680645	0.366443091077846	401
0.00337885932323001	0.4839478351484	374
0.00788755005728992	0.484449459186858	374
-0.067786667897644	0.71095450964195	374
0.0412317139	0.862217583718147	374
-0.019879030869403	1.52939651466103	54
0.0018238019238801	0.479769479714341	248
0.04990298222237	0.884140060256859	19
-0.053353960905771	1.03703103204866	193
-0.06337193448173	0.251725171025196	193
-0.014985091471053	0.957045344085651	374
0.0317733464616901	1.17137641265844	29
-0.038117157499739	0.84650490123438	1018
0.01390161857142	0.583616008955949	797
-0.077772147273613	0.716561916941588	391
-0.00207252550391102	1.06262589073578	196
-0.06058666479856	0.249112320793435	248
0.0341218502270599	0.735879320297691	19
-0.01993704477309	0.96166843774109	193
-0.013796254009245	0.374239917977977	193
0.00633411963970998	0.486910098036899	193
-0.000861730581280029	0.476636133971408	193
0.0461048298214299	0.88729730860511	32
0.00359033344675996	0.482097844754184	374
0.02479176121569	0.708841241331044	43
-0.078631138619126	0.715491840004478	29
0.0537398097670401	0.892700377762955	29
-0.01565454339016	0.363482378748212	248
0.0048042196261	1.7095028329568	248
0.0916348148878401	1.26216012705026	19
-0.00216240353130204	0.464543579120728	193
-0.021098841452168	0.365314824962889	193
0.12080757874556	1.48798492279884	43
-0.017314510093091	1.25805771032442	29
-0.07686150215401	0.935675790234927	1018
-0.105988967057434	1.0072098769073	391
-0.06993260022593	1.50157576350678	1674
-0.056454356865742	1.4385949236324	391
0.01952359851583	0.601400696254642	248
-0.10427126980121	1.16924841884866	19
-0.074809957447781	0.710555781877626	193
-0.044720268660058	0.838910394331106	193
0.0324523090786799	0.744684611038323	43
-0.037204800288824	0.850544117982179	29
-0.012501862306275	0.964500228620296	29
-0.063260345283876	2.26454431982206	29
-0.0968909548230999	1.53458469716377	391
-0.08961147232329	1.47817848076503	391
-0.0330172078223681	1.54911869632986	248
-0.06844111582073	1.28840441268146	19
0.0340299980621099	0.596861296796419	193
-0.114809670556923	0.572553732206599	193
0.06382453705491	0.981593598268191	193
-0.000990989643928963	1.73095917514021	29
-0.066304241085385	1.55283072439529	29
-0.088851623462011	1.72941659778828	29
-0.083153672528869	1.91117200025371	196
0.01963469381391	1.48121729322685	19
0.11666252330231	1.59358544083877	19
0.0653126505781301	1.40233947574305	19
-0.100708986556757	1.03458084720894	19
-0.045408459424624	0.826189921418964	193
0.04620567321696	0.86069719590657	193
-0.015539297364137	0.968523488029963	193
-0.04654948883096	0.822259006224107	193
-0.110112774452011	0.580603595945207	32
0.0666717026168799	1.80853557135482	29
-0.073856992285197	1.66147953971426	29
-0.069686693782909	1.97500459445678	29
-0.105222208817977	1.30590701505732	391
-0.0117547071209541	0.919408410604002	248
-0.120332598206211	0.77451893926331	19
0.03264088395231	1.7698884785259	19
-0.116794874100679	1.0966946935918	19
-0.011299712852875	0.987269378320961	19
-0.018315073928304	1.15785285408577	193
0.08014714393159	1.12662503708815	283
-0.014578335852789	1.78952198845129	794
0.0495681973022	1.58664634665397	391
-0.116783194355466	1.76683505128752	196
0.0964102983838499	1.24387156247313	395
0.09419299664212	1.27900513988861	193
0.06776149193953	1.00350875112689	193
0.0523466344516299	0.884978586018839	43
-0.012813741823602	0.966284069439116	43
0.07279905334675	1.12223692940204	43
0.03566944517771	0.749822108884996	283
-0.109015891466429	1.5202792520501	29
-0.102267308330355	2.2280826718848	29
-0.124354707200087	1.47930466907702	797
-0.120099682761961	1.75064783430928	391
-0.023286278102487	1.17496540405768	391
0.0911649157789001	1.15856417646111	395
0.01340031868534	1.11022492211066	19
0.0150760431870101	1.08216230282568	193
-0.114087973391742	0.80848420465182	193
0.0887811716271401	1.14301996211464	193
-0.040767163133394	0.846511177220605	43
0.0421723244215899	0.868401343491109	283
-0.000329426196932991	1.06828443048627	29
-0.054181969108159	2.27285833926584	29
-0.118488064795586	0.557958603580973	391
0.05289517497744	1.33220861793038	19
-0.063014627255375	0.710425909464791	193
-0.016615086598765	0.976081740082306	193
-0.014040513680908	0.370182885853567	193
-0.115853931607089	1.12057640565719	193
-0.028564064257662	0.84047550894166	29
0.10724584774148	1.47692643781627	794
-0.0255660236262	1.6974932788511	794
-0.06337193448173	0.251725171025196	391
-0.099457103446699	2.22713762189469	19
-0.077273966384191	1.43797669198511	19
-0.107950906753944	0.814775929846483	193
-0.064184818666451	0.248202668593162	193
-0.0368079465536419	1.06618872749704	193
-0.011559321246277	0.375709692754845	43
-0.11192979662468	0.567303093826015	283
-0.102905275652632	0.573535546079533	283
0.0739108798414401	0.996127043385887	29
-0.070739306181908	0.71820767270688	794
-0.013796254009245	0.374239917977977	19
-0.073586042673063	0.68122122585279	19
-0.026354089854336	2.10261467994474	19
-0.032541585993171	1.11848311858706	483
0.04453404923879	1.75173450528471	19
0.04745067356635	0.863936146307542	193
-0.106854215468181	0.830244364369773	193
-0.013234811295878	0.368702668266516	193
0.0196011405389001	0.608178891650081	193
-0.0113104619411391	0.368812314185007	43
-0.0594674616029271	1.69655295561772	29
-0.054781535890584	1.39697369304384	391
0.00788727400103007	1.28056969920035	19
0.0465951348553599	0.86499900345047	19
-0.097897653672684	1.20992145938277	193
-0.122500399840415	0.546197893524792	193
-0.070502497278776	0.715032686786459	283
-0.091239902605258	0.627040090038286	19
-0.113401751927694	0.566844869246407	19
0.02508645086572	0.616248210607539	19
-0.0135539200221591	0.36202414392691	193
-0.084396534994332	0.909132602233903	193
0.03107836629504	0.59784054013178	193
-0.00741661783607495	0.359491715558299	391
0.0993485693242	2.13209939455637	672
0.0190206567165701	0.59812575190583	19
-0.114606667759087	0.576842456472694	132
-0.091751323479637	1.2059255899919	193
0.00746369492862997	0.48000141001136	2232
0.01070192654105	0.479315782088866	283
-0.064184818666451	0.248202668593162	42
0.0603284325698199	0.874730233948575	391
0.00714805786860007	1.09600214785472	391
-0.013796254009245	0.374239917977977	19
-0.021216477668194	0.96726209883129	132
0.0355641284444099	1.21452674613619	193
0.0364383451757599	1.60736131069688	193
0.00260166618848001	0.482983171513586	193
-0.011559321246277	0.375709692754845	43
0.01873373413247	0.5984892081278	283
-0.078491510628083	1.12879039624226	391
-0.0191004562109049	1.43124551053429	19
0.11147101947164	1.37673900879401	193
-0.051107119478605	1.05960491245969	2421
-0.0490036688646151	1.26431009415743	193
-0.017861394256928	0.972320201606004	43
-0.070056654271942	0.94337042076331	29
-0.06337193448173	0.251725171025196	29
-0.113053822773795	0.827700396413944	29
0.11188076159069	1.49973960818093	794
-0.069500744326252	0.713051857239002	391
-0.077895534535076	1.90074008135835	19
-0.00937275005210902	0.365436274765583	19
-0.1065000392096	0.57466204982708	2232
0.01126603098318	0.480144308280224	193
0.0223478804231201	0.598502237940709	43
-0.010996987507142	0.37013610430479	43
0.00337885932323001	0.4839478351484	283
0.0082394113617501	0.480029165942847	283
-0.116434283844338	0.819270280869395	29
-0.095175799635534	1.02789018209922	794
-0.114809670556923	0.572553732206599	391
-0.014847092696721	0.36904272807662	19
-0.060911334041387	0.24879326226229	356
-0.063050710959763	0.252050724097018	19
-0.011559321246277	0.375709692754845	2421
0.0479610169675699	0.876569828994255	283
-0.11131150412579	0.811517877244693	29
-0.018112376876336	0.359937617704498	794
-0.045920519224077	1.07593501383053	794
-0.074348788907006	0.706372312253049	391
-0.017222465719939	0.36640630680174	672
-0.076921915785654	0.950808588158535	193
-0.0165014364314811	1.50225860958457	193
0.03107836629504	0.59784054013178	283
-0.084287662934843	2.2191880138147	29
-0.074512436973241	1.4888635994915	391
-0.059768736330852	0.24915118819728	356
0.0237184494057501	0.612525541079298	19
-0.030435420301429	0.835673092116343	193
0.0621465039231699	1.01731016998505	193
0.0388503917224099	1.32899767163024	193
-0.108709386910123	0.578910244903373	391
-0.015116365400166	2.20169497105022	391
-0.01220107315202	1.25267473445063	672
0.00933528379788995	0.46919433604547	672
-0.015162819971306	0.368930251863414	19
0.03825373800534	0.746272896939108	19
-0.113198011556917	0.576600452937492	132
-0.015407725249235	0.374612111450457	19
-0.06337193448173	0.251725171025196	193
-0.013796254009245	0.374239917977977	43
0.04166465103902	1.2702418523266	283
0.0743136748072899	1.12313895117219	283
-0.063050710959763	0.252050724097018	42
0.06520432953942	1.00833367349208	29
-0.114429135226077	0.804385902664757	794
0.00224114149100996	0.456698104347837	391
-0.013796254009245	0.374239917977977	356
-0.053287354010346	1.06172763344321	19
0.0146947008118099	0.588252836464367	193
0.0636101406152601	1.01126992745471	193
0.0356149129626	1.27883540235367	193
-0.001427582238546	0.470230483315537	43
0.08592594028797	1.13739959522898	54
0.0219261037011	0.59810289204564	391
-0.012575229612414	0.988697994429767	391
-0.010855753790307	1.55388323606259	19
-0.07629127207051	0.716958132011198	193
-0.001427582238546	0.470230483315537	193
-0.00244286975242403	0.476636030622947	193
-0.122397924201158	1.09871536458259	43
0.0294741934262801	0.712396509672936	729
-0.078393696104369	0.710531987253253	43
0.01126603098318	0.480144308280224	283
-0.063864637384733	0.248516942959805	42
-0.092574321856908	1.38622448957248	29
-0.106646738507064	1.1008386371093	391
-0.122313924251838	1.32543420403596	391
-0.037556498918616	1.37558348836186	196
-0.073885474261001	1.15492481705585	132
-0.051292615324985	1.05711235959836	193
0.10999340949088	1.37453332959391	193
0.02235096332154	1.19657636850203	193
-0.00628930365803404	0.360669674606016	283
-0.030970603491325	1.12810016395488	29
0.07681936803834	1.10767848736846	54
-0.014435791989497	0.974706879063847	54
-0.091246750737045	0.640500351883482	54
-0.123235948543912	0.906588503166534	54
-0.00010182260977798	2.40455337977145	196
-0.063398985994209	0.70784210184705	19
-0.079052096162463	1.30909725985191	193
-0.014637172665518	1.6027017893577	391
-0.079114413062392	1.13333598837468	19
-0.082685179460267	0.942294152614147	19
-0.024170160625495	1.16456481504483	31
-0.030462550686548	1.11941865545798	729
-0.11192979662468	0.567303093826015	43
-0.016092991835249	0.956123279971495	43
0.0838766589072499	1.13974890995099	391
0.0825134270988499	1.00869913783639	19
-0.00691718752538495	1.47867646441506	19
-0.052327815743792	1.06407285227947	193
-0.117573211754054	0.810440012053826	43
0.01318063102609	1.09997604005352	43
-0.11882885250053	0.559658054169206	43
-0.082915579352569	1.32192222499278	29
-0.119089777888563	0.790287161335226	391
0.000580213290600096	0.472460300411501	19
0.00528470010804005	1.85666412484945	19
-0.115036745218118	0.805955648309951	19
0.0459728641186601	0.865634476118632	193
0.01970702311947	1.6308938464618	29
0.05217869774531	1.60261069351021	29
0.0706739091044699	1.01316139510054	391
-0.014040513680908	0.370182885853567	19
0.04232458127803	2.31465029005275	19
0.0041454399413301	1.0902232688355	193
0.0193091799048	0.60200290434792	923
-0.00701814597483697	1.75396649949625	29
0.00723435046328991	1.07871148882668	391
0.03450750437612	0.744980698397654	391
-0.00710181021368705	0.363762511645354	196
-0.0132286989267451	0.962207447338374	193
-0.10811013898177	0.569140838201526	193
-0.011975287836093	1.25075387724221	193
0.03450750437612	0.744980698397654	193
0.0674762565107301	1.03016160909034	43
-0.078613980085547	0.915848041815278	43
-0.03155975532778	1.94831536834667	29
-0.100147698791303	1.02174544861034	29
0.03099563740394	1.28690028986952	54
0.06520251300696	1.00732667176429	391
-0.00570222176177704	0.972401157550319	54
0.0863358382664901	1.1408572993604	100
-0.079511434598003	1.08795306253996	193
-0.113721439770769	0.80775786867417	193
-0.119799292124207	0.951536165942355	193
-0.092491129887218	2.33582916988916	29
-0.06337193448173	0.251725171025196	1633
0.02573504099346	0.595475560786869	54
0.0346728779043199	1.28967944911054	391
-0.01972594299856	0.366783266803632	100
0.00260166618848001	0.482983171513586	1089
0.0126731248854799	1.11972679919601	193
-0.111945481642784	0.810802757821172	193
0.00689901290568007	0.487772154230679	43
0.05262322467416	0.885342691825264	29
-0.010747801325494	0.37562194001783	19
0.03481006589622	0.744451452181928	19
0.03434170188206	0.731581436773076	43
-0.00239484389050504	0.464742899241794	29
-0.0525752260137911	1.06526417054309	193
-0.041829034629183	0.858877587953844	43
0.0201813834564699	0.609115429201752	608
0.0274794083812899	0.60462384428213	19
-0.001427582238546	0.470230483315537	2219
0.00472021148483992	0.475342446902082	193
-0.103042985461328	1.61864226509319	193
-0.018112376876336	0.359937617704498	43
-0.115209510600663	0.573597144361006	43
-0.068168096730219	0.711378346364405	29
-0.079489637186809	0.712328698413399	196
0.0522298852262999	0.891078580098387	19
-0.00983750196080702	0.991691331314134	2219
-0.023660541162136	1.43862552471189	193
0.0341133747563001	0.73773333757039	193
-0.092853073313415	1.21859316808376	29
-0.0524197008719221	1.06163832361268	29
-0.075424421050734	1.31297477875392	100
-0.02568120061577	1.53577471068557	193
0.0018238019238801	0.479769479714341	43
-0.046445320459973	1.07896077589129	100
0.0206748172787301	0.603427725259077	31
-0.105500554576065	0.577638636283058	29
-0.117899688200815	0.791206486374035	29
-0.017709829862066	0.947921736599109	391
0.03936788589493	0.852450216986225	391
-0.0172381133666421	0.976792648142526	19
-0.111945481642784	0.810802757821172	19
-0.079198809414355	0.92529119710894	19
0.06844506122227	1.0239933452836	19
0.0251533914812701	0.603801886112328	1330
-0.077271268728877	0.698761792826533	43
0.04986018576757	0.866748654498438	29
-0.117216622300766	0.564812810137303	29
-0.0384765391601	1.24663211963134	391
0.0219800137080599	0.60128943833074	100
0.00767477862087995	0.487789621394888	19
0.0483381803666001	1.30398524359585	19
-0.11882885250053	0.559658054169206	31
0.0397832192863301	1.29540825340541	856
0.11187566218696	1.38344281601521	29
-0.059536979011582	1.31047664182568	29
-0.077296026720124	0.697587026639777	29
-0.012121887659061	0.368886497246459	762
0.01102755620825	0.471237494290958	54
0.00281376540922995	0.483094799170805	19
0.02711359131616	0.606800222953852	19
0.01390161857142	0.583616008955949	19
-0.011149715733544	1.25633321295532	29
-0.106232160679158	0.828162213113635	762
-0.10930888883584	0.581628052419297	762
-0.104394541079077	0.565647712615852	391
0.0316381978320901	0.732855288027747	196
-0.072773877048088	0.70490764554596	100
-0.013796254009245	0.374239917977977	193
-0.063864637384733	0.248516942959805	856
0.02009932648778	0.604952093835729	29
-0.110112774452011	0.580603595945207	391
-0.010747801325494	0.37562194001783	391
0.00710993469046994	0.486928562916366	19
0.0719597356972299	1.00242941799171	19
-0.00166347528398902	0.477586917922281	31
-0.015407725249235	0.374612111450457	31
-0.00849979354118102	1.28807985849592	31
-0.052307535811056	0.81552785590595	436
0.0103056246558	1.10952226756795	29
0.0646414851331001	0.999642003662674	29
0.00114609142745992	0.478921664228091	762
-0.097854831268111	0.808168072580764	391
-0.066553983062541	0.953905676612673	391
-0.118022981910848	0.563111059818534	19
0.0220413451977	0.594449408263148	31
-0.062558574423391	0.247634103026872	31
-0.111516749910316	0.564089901462025	31
-0.068675519826992	0.927516772828993	436
0.00200821901825998	2.15265065998995	29
0.00910699243963009	1.56729320906668	391
-0.119143077592911	0.813238169161685	762
-0.067723281894708	0.94644763609012	762
0.02549056217185	0.7089646062091	19
0.084397804038	1.16507630698338	31
-0.055202967746845	1.02389714229326	31
-0.0805842885627041	0.699562114955171	29
-0.064039867401533	1.01014255321655	391
0.0488380726869899	0.866165002838163	100
0.0188248073622299	1.47775094049048	659
-0.0697171389924201	2.03679286762571	29
0.09842728735093	1.43449008214381	54
0.07025546479773	1.02666398841626	31
0.0214658095009701	0.604380928050667	128
-0.068283936136579	0.940149676333769	196
0.0737128146882899	1.01940869919626	100
0.0255721280719901	0.581877930813418	100
-0.014040513680908	0.370182885853567	100
-0.063864637384733	0.248516942959805	2179
-0.038377660853211	0.850468635485618	19
0.00147116836126004	0.473251643070176	930
-0.117818142588566	0.566025923355384	436
-0.00109785303634502	0.472212772979448	31
-0.082128977952479	0.691819353051286	29
0.00194763097309991	0.481455761041027	128
-0.06337193448173	0.251725171025196	128
-0.062236307052307	0.247947976840952	54
0.0286000117866001	0.724257108230068	100
0.0253002832123099	0.610366091604657	1027
-0.10670194634398	0.579256448249235	19
0.0196011405389001	0.608178891650081	2540
-0.067651077705109	0.244147812537135	31
-0.06058666479856	0.249112320793435	31
-0.015407725249235	0.374612111450457	930
-0.068461558585642	0.248109641550082	31
-0.015849802059228	0.366673953158452	31
-0.06337193448173	0.251725171025196	436
-0.062558574423391	0.247634103026872	436
-0.059768736330852	0.24915118819728	31
-0.06337193448173	0.251725171025196	2540
-0.0113104619411391	0.368812314185007	29
-0.06337193448173	0.251725171025196	29
-0.06058666479856	0.249112320793435	29
-0.059768736330852	0.24915118819728	54
-0.059768736330852	0.24915118819728	2350
-0.063050710959763	0.252050724097018	100
-0.068461558585642	0.248109641550082	1027
-0.068461558585642	0.248109641550082	1027
-0.067651077705109	0.244147812537135	19
-0.068461558585642	0.248109641550082	2540
-0.06337193448173	0.251725171025196	1085
-0.063864637384733	0.248516942959805	31
-0.06337193448173	0.251725171025196	29
0.0235683506655999	0.603603657070087	29
-0.078393696104369	0.710531987253253	29
-0.06337193448173	0.251725171025196	29
-0.063864637384733	0.248516942959805	29
-0.06058666479856	0.249112320793435	29
-0.06927156914138	0.244692088421178	128
-0.063050710959763	0.252050724097018	1331
-0.064184818666451	0.248202668593162	128
-0.059768736330852	0.24915118819728	128
-0.06337193448173	0.251725171025196	128
-0.068461558585642	0.248109641550082	128
-0.062558574423391	0.247634103026872	54
-0.064184818666451	0.248202668593162	128
-0.064184818666451	0.248202668593162	2350
-0.064184818666451	0.248202668593162	100
-0.063864637384733	0.248516942959805	1027
-0.063050710959763	0.252050724097018	1027
-0.060094454979737	0.248831364854085	287
-0.057282819831269	0.243626507748643	31
-0.063050710959763	0.252050724097018	31
-0.063050710959763	0.252050724097018	930
-0.06927156914138	0.244692088421178	436
-0.063050710959763	0.252050724097018	29
-0.060094454979737	0.248831364854085	100
0.0338500424964501	1.21198877709284	128
-0.074144578153274	0.696326986370714	128
0.00472021148483992	0.475342446902082	128
-0.010185366198267	0.370060244008601	100
-0.00300948850945904	0.470211925284188	100
-0.015849802059228	0.366673953158452	100
-0.014363905619924	0.964679858195223	31
-0.013574614444501	0.357088586902501	31
0.0196011405389001	0.608178891650081	31
0.11555239266779	1.59340709834711	14
-0.112441314758873	0.994042145330118	14
-0.123483033714193	1.45450324320287	31
0.0530048201390301	1.2937011968078	100
-0.102037281513457	1.02411876963791	287
0.00818823823504999	1.11324019335263	31
0.06305604415849	1.0034918903762	31
-0.117667347204524	1.37266580883876	1331
-0.118624223900597	0.56431532903668	100
0.0514124106331999	1.34029903531695	54
0.06796718650087	1.01742974533568	31
-0.047560574825938	0.848606850112128	100
-0.042851768448585	0.831712446938725	100
0.05029277762858	0.877443368498952	100
-0.016092991835249	0.956123279971495	31
-0.073395067002808	0.717253449341336	506
-0.038820232084867	1.07985980468245	100
-0.04414613841511	1.97169497943026	287
0.04501368993496	0.886707703188899	14
-0.111945481642784	0.810802757821172	14
0.12302685984123	1.68912747238864	31
0.0242955289820099	0.616215651543523	31
-0.011019832773725	0.993837535527122	506
0.00194763097309991	0.481455761041027	100
-0.122516427184104	0.786931155295847	31
0.04438887013049	0.885057159937688	29
-0.119235240708311	0.805613314288721	506
-0.034055021565913	1.14521262695921	100
-0.011559321246277	0.375709692754845	100
-0.060094454979737	0.248831364854085	100
-0.013234811295878	0.368702668266516	100
-0.010951229580008	0.977899170184323	14
-0.119909568909405	1.63432341169697	14
0.0160717627965199	0.584669538955163	29
-0.00570222176177704	0.972401157550319	506
-0.063864637384733	0.248516942959805	287
-0.014601551030983	0.375791928593149	287
-0.013234811295878	0.368702668266516	14
-0.082415054621052	0.916486196949623	31
-0.120932323971059	0.787617280299975	917
-0.011804084047327	0.365337773621531	506
-0.049454278034325	1.43055614854571	100
0.03329352255415	0.736844652716179	721
-0.084465522755621	1.20386145603798	31
0.0443156412433701	1.6701325955776	14
-0.052021612983958	1.47698206443984	29
-0.063864637384733	0.248516942959805	29
-0.113336536462672	0.826585674458794	506
-0.092008222433869	1.30492533724547	287
-0.020534558804063	0.365653528734353	966
-0.074490223884275	0.946623418038944	100
-0.074104414419919	0.951380149780535	287
0.0396903419709	0.751668361652109	31
-0.112285181317875	0.817059341306893	14
-0.112010879110906	0.57125757113354	14
-0.0162716685277	0.981692247675175	14
-0.116899092537235	0.805875335925857	31
0.0421731447251801	0.747702738333088	917
0.00493121949831998	0.4797650645224	100
-0.051474572111664	1.06074121040033	31
0.0201813834564699	0.609115429201752	29
-0.077693062484249	1.13038704336404	287
-0.018918546932261	0.365330461702992	287
0.0475700281714	0.8779434637515	14
0.02089003658142	0.605909550779579	14
-0.014847092696721	0.36904272807662	14
-0.0688721623174911	1.31458848827544	917
0.00415537815398004	0.482946202618562	1300
-0.015043773016491	0.362117395157622	14
-0.029324679032653	1.41388381913904	917
0.02478088818669	1.21504756909558	31
0.00944558126703998	1.7120605767149	551
-0.046994337038249	1.91125469751437	287
0.0159923682733201	0.597969848070979	287
-0.035933366423881	0.850024348438923	31
0.101004122878	1.96074288307714	29
-0.034100018481853	1.70063561211571	67
0.0635947332774001	1.48007395558869	14
-0.11104386960513	0.813941976659863	14
-0.056203224611561	1.39851317369191	29
-0.014000137884306	1.22965204015501	287
-0.121510112669126	0.780791887411148	14
-0.082010076077503	0.70024538568127	31
-0.034678739093706	2.37531742790856	287
0.01948916145265	1.47696637687559	14
0.0980882595983601	1.74722330575389	14
0.0420752489918901	1.69067796763852	14
-0.043331096907763	1.52405337489964	31
-0.036450190569796	1.06382572170986	551
-0.00506232443037802	1.02214571485387	67
0.0222573655011	0.603482348396715	14
-0.014847092696721	0.36904272807662	14
-0.00202711731626004	1.9779415063555	29
0.08499055157756	1.14821836596273	54
-0.00244286975242403	0.476636030622947	67
-0.06927156914138	0.244692088421178	67
-0.060911334041387	0.24879326226229	67
0.10056586976606	1.36194260336571	14
-0.011559321246277	0.375709692754845	14
-0.112791531667987	0.571051926373168	14
-0.069170232279364	0.717934396807393	551
-0.011559321246277	0.375709692754845	67
0.0551744850970499	0.884726727920624	1300
0.0173638000398799	0.590647661292328	1300
0.0414371944042	0.736509575277231	1300
-0.037871147492616	0.858893309014291	54
-0.110386574147841	1.11457225019315	54
0.07110360286392	1.00337650316445	551
-0.063864637384733	0.248516942959805	67
0.0280567998016501	0.594790065207881	551
0.0242955289820099	0.616215651543523	67
0.0149871365933101	0.581763272319318	67
-0.06337193448173	0.251725171025196	287
-0.011229774349537	0.971607750163176	551
-0.013796254009245	0.374239917977977	67
-0.063050710959763	0.252050724097018	1988
0.0316381978320901	0.732855288027747	287
0.0443112107482999	0.743646527512235	14
-0.079586502507101	1.93263915076141	29
-0.119484996062438	0.817617073887069	29
-0.083611347258547	0.933306293359283	54
-0.103825685420895	1.01650273196854	54
-0.029365737639268	1.63363227454053	67
-0.063864637384733	0.248516942959805	1988
-0.10543386982989	1.02041676277278	233
-0.015407725249235	0.374612111450457	1988
0.0465763504153101	1.31668250528987	14
0.00767477862087995	0.487789621394888	14
0.0227766562260501	0.599421920505409	54
0.07223515447028	1.43700499323016	67
0.01126603098318	0.480144308280224	287
-0.10930888883584	0.581628052419297	14
0.02487237034421	0.614620167845515	621
0.0105358164165299	0.45713227495465	621
0.0175779389878701	0.598051372992414	67
-0.014040513680908	0.370182885853567	287
-0.079606340882617	0.954096815003589	287
0.0350259123294601	0.731640847019089	14
0.00812562801399008	0.46891330925157	14
-0.074514325532114	1.12459782110482	54
-0.071342076361222	0.940225596053079	621
-0.000861730581280029	0.476636133971408	14
0.00281376540922995	0.483094799170805	31
0.0170677504211501	1.39274549687927	29
0.0082394113617501	0.480029165942847	29
0.03542301294664	0.748841846778732	621
-0.064184818666451	0.248202668593162	287
0.0418168658920099	1.33469258075759	31
-0.121398175132524	0.79560655416878	233
-0.092571807903411	1.20235426453636	29
0.07637516126429	1.1038977389035	54
0.10330501366326	1.26804506371869	54
0.04185850419163	0.860197783324379	621
-0.012899543555297	1.87234526688852	287
0.12484116538947	1.77256413689029	14
0.0650071349102599	1.45350302123662	14
-0.107504741496912	0.576964688677173	31
0.06831108359754	0.984768056433829	14
-0.0659992118023181	0.245267351805318	14
0.00689901290568007	0.487772154230679	14
0.04326832403583	0.721522195490979	67
-0.07473035604801	0.714552043070034	29
-0.014847092696721	0.36904272807662	621
0.0352064887774	0.742980313915579	621
-0.014040513680908	0.370182885853567	31
0.0709472141498799	1.12167594303219	31
-0.010185366198267	0.370060244008601	62
0.00203652309405999	0.482132580662537	62
-0.059667798216132	2.00412593449147	29
0.0465710869321701	0.850337118012684	67
0.04438887013049	0.885057159937688	62
-0.014040513680908	0.370182885853567	287
-0.00319502100917302	0.46239706800719	67
0.04897061864291	1.30856417487856	233
-0.10369859062002	1.03058638544704	67
-0.06337193448173	0.251725171025196	287
-0.04153396089068	1.06620240687922	287
-0.085157817602407	2.33341961441999	54
-0.01565454339016	0.363482378748212	621
0.0583184250572	0.827510228540773	621
-0.014040513680908	0.370182885853567	67
-0.06337193448173	0.251725171025196	67
-0.015407725249235	0.374612111450457	67
0.00337885932323001	0.4839478351484	67
0.0443112107482999	0.743646527512235	62
0.00767477862087995	0.487789621394888	31
0.08417839542074	1.22475892002742	621
0.0214658095009701	0.604380928050667	621
0.07399824156477	1.71302735405089	67
-0.015968589076649	0.367797509628704	67
0.0427906213018801	1.33709596338034	62
-0.014040513680908	0.370182885853567	62
-0.06044583034704	1.03426074153439	1974
-0.112873794043708	1.88216722586387	287
-0.055831341923312	1.25318633112012	233
0.03708234666289	0.748909680206358	67
0.06944871113695	1.43183414958203	67
-0.032396507843379	1.14473386476013	62
-0.086424468372635	1.3928473902483	29
-0.010996987507142	0.37013610430479	621
-0.116409773721673	0.564925217012969	621
-0.073925522145596	0.70008518586568	62
-0.069500744326252	0.713051857239002	31
-0.056241290173589	1.05542559847648	287
-0.0442791799236	0.851264074512653	62
-0.015407725249235	0.374612111450457	62
0.0240817222919201	0.612321078220577	31
-0.058963199433634	1.9064748068768	62
-0.02634395122209	1.43024037855714	62
-0.0980988670677459	1.01886429495501	31
-0.064704122287888	1.66499240853665	67
-0.067573723371596	1.83965267118349	67
0.04198152264029	2.0682058564877	233
0.02102124159525	2.11736641935212	621
0.0108077650125	2.49987538133727	67
-0.000518704509087975	1.9845162136156	287
-0.0992341136478611	1.64148282195532	31
-0.099607183006619	1.35662524559326	62
0.03967316584646	0.820162996792708	62
0.0196011405389001	0.608178891650081	31
-0.0811492449326769	0.945570313792363	31
-0.082270321291364	1.39710864721796	62
0.0835003230435301	1.16533486102767	62
-0.067170887463644	0.957810683159208	621
-0.075445227843249	1.13679361538846	621
-0.00554501505743898	0.976190461104039	621
0.0521169119339	1.82004313796268	62
-0.113800876562018	0.577881755971411	62
-0.072573933941368	0.946569580926888	62
0.10172572709714	1.28493701272884	464
-0.046675526745144	0.851857633081395	621
0.09795447252381	1.26578945717757	62
-0.022484414203786	0.923408305144231	62
-0.10021039109155	1.03879398299173	31
-0.052639483653167	0.804665202339735	329
-0.066288221126511	0.710263165408519	62
-0.06337193448173	0.251725171025196	62
0.01938925710308	0.606835697264097	62
-0.103977879069013	1.8855112222037	62
-0.015849802059228	0.366673953158452	62
0.04226308905166	0.742999559102113	621
0.03603569893522	0.74699823340534	621
0.0269017783488701	0.606132674911042	621
-0.05256954470473	0.816931570117728	621
-0.074348788907006	0.706372312253049	62
-0.088203377722839	1.49178470837807	62
-0.101101598917017	1.02302518800536	62
0.00331467891625992	0.476050902244085	329
-0.04062964703103	0.841901274332667	62
0.0457490590417999	0.730588250015644	233
0.01678487118755	0.598922849949682	253
-0.106101122953625	0.580317776732624	62
-0.079252583090052	0.70947401215553	62
0.0306980631037901	0.729879783207446	62
0.0280567998016501	0.594790065207881	62
-0.105696838702472	2.02750074534307	329
0.0580783359013499	0.979026681641148	464
-0.117337664750003	0.819192975479441	62
-0.097850619433968	1.02272315110644	62
0.09732104932014	1.25847425014661	31
0.02350516387716	0.613901700970229	31
-0.107875401006283	0.993880761136273	233
-0.095470576637578	1.6346558178641	621
0.08791009066488	2.18966017771679	62
0.0429602849573501	1.29646712623372	62
-0.110423594290907	0.806613660810948	67
0.0169440287295399	1.47607057299143	62
-0.018792409646569	0.966520627532454	62
-0.115496312917619	0.544815898405596	62
0.00313417989442999	0.958950271752183	31
0.0933011557988599	1.28024414275345	233
-0.025643694474189	1.16550598714875	253
0.0237184494057501	0.612525541079298	67
-0.117216622300766	0.564812810137303	67
-0.014847092696721	0.36904272807662	67
0.0219800137080599	0.60128943833074	67
0.075234865141	1.14031362979455	62
0.0798838326197799	1.14299724334208	67
-0.034845080643184	0.841846034284207	67
-0.113503861609058	1.12016556426312	62
0.02318856726043	2.39446398430295	621
-0.110015055293832	1.28743686319406	62
0.00666644241641001	1.36080841332824	499
0.03363236790072	2.41727102207359	253
-0.097395856280703	1.19995622617671	62
-0.062701013225241	0.239977443643925	62
-0.085039074566243	1.3966359467114	1834
0.0150439392893	1.39573213327561	1834
-0.078247743321895	0.710275757155616	621
-0.103753394258297	0.826507923265911	62
0.0753372881416701	1.1241207558328	62
-0.043835853002792	1.03741262283884	233
-0.091741194325602	1.56073886237539	621
-0.026104028301853	1.52645492292473	62
-0.119714475123131	1.11283792360888	62
-0.062559454084906	1.14332087562879	62
-0.040711332385487	1.11470196754161	621
0.0731653896075599	1.02003373945346	62
0.0742470670136799	1.07854225030462	62
-0.021553896731427	0.946035243708776	233
0.09246717377258	2.0914251439333	67
0.0693137357205	2.10061673301408	62
-0.0842300304814531	0.935699898615018	67
-0.097065979960222	1.21250620024427	62
-0.0491750885255911	1.07377121373575	499
-0.01218209934272	1.75097349257208	62
0.02790382265294	0.608145578611075	62
0.0596897854117799	1.49750070865026	62
-0.00722692223432098	1.62023203682358	253
-0.048056190816803	1.03901675936666	253
-0.0295823848704549	1.17750059667819	253
0.0251188320504301	1.52101572820432	621
-0.123780262734093	1.3548107173289	67
-0.114606667759087	0.576842456472694	67
-0.073492868210994	0.709423476791571	67
0.00194763097309991	0.481455761041027	67
0.0168508509972101	1.15738784566337	499
0.07463275677973	1.13315940704935	253
0.0584372847830199	1.80605470678754	67
0.0379868938332699	0.576513678415401	67
0.0243605957444799	0.604952229999684	62
0.00555868025863004	0.47258947384182	62
-0.109513550982378	0.577894080505482	62
0.08305188246472	2.30320769741087	253
0.0158244716017599	1.65091059460062	253
-0.117074043166293	0.552108211845741	67
-0.113198011556917	0.576600452937492	62
-0.056497940980096	1.05146409804574	499
0.06588851276222	1.03170395446367	62
0.0377145931002201	0.734777974017249	934
0.0426748572745499	0.872480533445465	67
0.00200941683273004	0.458153349438159	67
0.0339419422713301	2.49083884144584	62
-0.063050710959763	0.252050724097018	62
-0.00967146705417199	0.349270812909353	67
0.00415537815398004	0.482946202618562	67
0.0121501024047701	1.10382564497838	62
-0.059768736330852	0.24915118819728	62
0.01039488489857	1.10930551089722	62
-0.076270556376473	0.955364870655888	1409
0.0662329455784301	1.02497636755719	1409
0.00746369492862997	0.48000141001136	67
0.0157787928766699	0.586911293831387	67
0.0428739224078001	0.744356227170771	62
-0.120045110101706	0.807118759665349	31
-0.013156212803107	1.65540992726992	253
-0.073636822188784	0.71142986599697	67
0.02726681666316	0.585274850655602	67
0.0217673098767801	0.606998795862009	67
0.00534543239558993	0.477860464779761	67
-0.090676722341044	1.34285102096964	62
0.03777289265344	0.735232014693436	1409
0.0126321015823101	0.471458441892728	1382
-0.0138328395252491	1.20260593758601	31
-0.109954374558195	0.830840396399707	62
-0.032748868467281	1.16331974165318	62
0.04131444803843	0.867402345245847	62
0.11450632253476	1.36912859195061	1409
0.0694616390118701	1.61815345581282	31
-0.073978250443016	1.94051966423203	31
-0.022187930822414	2.29346929118956	253
-0.018106938015411	1.17918374244461	1382
0.0258740044986101	1.21957465625225	62
0.00642022606905002	1.07869662214941	62
0.0521313517394499	1.42369762955353	333
-0.057472632879552	1.24774314509952	227
-0.079295455719099	0.931435338108994	62
-0.0578173648200781	2.43114704126942	333
0.0318600595826299	1.5167208017665	333
0.09611727846332	1.25561654504716	62
-0.0805309240619561	0.6988397944892	227
-0.096027937175546	1.02137753976416	227
-0.060390274432405	1.41282201658065	618
-0.068461558585642	0.248109641550082	83
-0.093477912132151	1.02428549787316	2475
0.10020392487927	1.38109044368256	31
0.04020309190615	1.22041103136326	62
-0.098865497942292	1.47768261058197	333
0.0285976789871201	0.716494753440841	227
0.0282696579448101	0.608849601470125	227
-0.090235725008447	0.638393477932355	227
-0.118488064795586	0.557958603580973	618
-0.114606667759087	0.576842456472694	618
-0.0882734182738401	1.70262244952397	83
0.10568759064589	1.48308212634465	333
0.00564684489522005	0.962754796174001	333
-0.058976152953268	0.696846426732451	333
0.0468730474963	0.737177893572674	333
0.0456382450519599	0.882197808605599	62
-0.072451029176253	0.711110730559096	227
-0.109718545214775	0.565275874411577	227
0.0396903419709	0.751668361652109	618
0.06377754003694	1.53408354961992	333
0.0308675610810301	0.587521457167495	333
-0.049863005700315	0.794948772952682	227
-0.046588440546485	1.21756742693392	227
0.0517705182672401	0.860544071030494	227
0.0159923682733201	0.597969848070979	227
0.04112751318353	0.749158628019735	62
-0.011559321246277	0.375709692754845	618
-0.069168604843161	1.32187911175078	83
-0.107305218395624	0.568353199247433	2475
-0.086496258621115	2.08677910118817	1052
-0.028215764934806	1.37296273763169	333
-0.109513550982378	0.577894080505482	227
0.00951784572619996	1.10821647076002	227
0.02544897367711	0.604302832435375	227
-0.112595403259112	0.567853120197969	227
0.02790382265294	0.608145578611075	227
-0.062236307052307	0.247947976840952	618
-0.003762545112178	0.462137256341485	62
0.06305604415849	1.0034918903762	333
-0.07667746970567	0.697167019127725	333
-0.082010076077503	0.70024538568127	227
-0.062558574423391	0.247634103026872	227
-0.000861730581280029	0.476636133971408	227
0.0529700790095999	0.889063762711015	227
0.0387835921300499	0.843435701865331	227
-0.108944646657495	1.27791910432018	227
0.03791266716736	0.74495277399048	83
0.0147959724571101	1.11355972342553	83
0.0159923682733201	0.597969848070979	62
-0.108639106194017	1.89108397542715	333
-0.046654371921922	1.41465556994948	333
0.08599304466989	1.14844297623066	333
0.03094547465719	2.01863098213395	227
0.00298424990705004	0.472659496438773	618
-0.076205094363259	0.708265707184262	83
0.0838440089267101	1.14932225364631	62
-0.01924484709145	0.970394447010187	227
0.06865170596982	1.00535047326568	333
-0.034172392251454	1.15153898102537	62
0.00194763097309991	0.481455761041027	62
0.0547632666792099	1.7541994219106	62
0.0717016082301101	1.00907128189582	62
0.03316675859773	1.23431476789582	62
-0.073960646453318	0.947132449407608	333
0.01938925710308	0.606835697264097	62
-0.010996987507142	0.37013610430479	62
0.0492051916854399	0.85400687341095	62
0.01722535168672	1.09802950315937	62
0.00612440898506006	0.467437406170656	83
0.00861943375149998	1.08753135817044	31
0.0398796594219399	0.845429391728682	31
0.01943692378621	1.09621168254226	62
0.06657876532452	0.976173412285102	333
-0.110112774452011	0.580603595945207	31
0.08114916354073	1.81997890651876	62
-0.080460331395518	2.45810600662363	333
0.11469151976066	1.55830217037819	62
-0.054083625327277	0.813535179562813	333
-0.036336873955493	2.2295195916743	62
0.0545507318043199	0.880700054645173	83
-0.118488064795586	0.557958603580973	62
-0.110762336700274	0.818242600074481	62
-0.02059327633234	0.966571469324626	62
-0.122064337125057	1.10440182419911	62
0.0201632739419599	1.48714053445976	62
-0.021452824861752	1.46772447876533	83
-0.00480081770209095	0.978003216130647	62
-0.106532526977096	0.546041844043678	62
-0.072535471627489	0.71732525155622	62
0.06532891850427	1.02377352134485	62
0.07263041181256	1.10849445165019	62
0.12476308357249	1.67230236391761	83
-0.093215927271546	0.606930211965119	83
-0.060837749887294	1.14351862022356	333
0.03464020647616	1.24042309844514	333
0.00746369492862997	0.48000141001136	62
-0.01435792862882	0.367461216941546	83
-0.043265140956988	2.0408530068458	62
-0.118240595904532	0.817206927530901	62
0.03035839933338	0.732088672134395	62
-0.00665611331690497	1.32567190383582	83
-0.010185366198267	0.370060244008601	83
-0.101015295195114	1.86501947999178	62
0.0367150638809299	0.750705796270422	62
0.06333299572051	1.01096281961114	62
-0.071342076361222	0.940225596053079	62
0.00612440898506006	0.467437406170656	83
-0.097641631536491	1.21497563846331	62
-0.06058666479856	0.249112320793435	83
-0.121468677296346	1.52107465614214	162
-0.102035025890645	1.47785069457416	162
-0.040000509073255	1.49607555671048	162
-0.0492624309209631	1.24943178135126	162
-0.073244594782541	1.32581416227965	2425
-0.093784526495997	1.20405601844647	62
-0.093467481454627	1.22023917784227	62
-0.039117952907044	1.68206392345101	83
-0.119804658798168	1.99591866831408	162
0.0865828614787501	2.45269529630738	2425
-0.064184818666451	0.248202668593162	83
-0.08573072912319	2.27994858130403	62
-0.017222465719939	0.36640630680174	83
-0.0603188541390181	1.70648626604427	83
0.05137205050905	0.88818394562128	83
0.04226308905166	0.742999559102113	62
0.0118299205674699	0.472754900281244	62
0.0288473329076699	0.598847690916559	162
0.02544897367711	0.604302832435375	162
0.00251330617361001	0.475998850251297	162
0.0542359179469201	0.872262719262898	162
-0.115657273756281	0.809107438858488	62
0.03947320929626	0.743906210198126	62
0.0442107499840101	1.33844817520183	62
0.07317428271041	1.13354188505792	162
-0.106005526475633	0.570395769846014	162
0.00411586977403999	0.473731522452391	83
-0.063050710959763	0.252050724097018	83
0.0108418911674399	0.515264354298597	162
-0.010577403456047	0.960222740126218	162
-0.080435310214519	0.924884127635836	31
-0.077137722645116	0.921682920228975	62
0.00275544488068991	1.56337017469587	162
-0.078536437779657	1.39309433090534	162
-0.009119214215218	0.976395802564843	162
0.08567222495989	1.15970625606192	31
0.00612440898506006	0.467437406170656	162
-0.016369545569563	0.939737610829336	162
-0.119901303523825	0.554255666137086	448
-0.121545404602298	0.531441408579231	162
-0.067786667897644	0.71095450964195	162
-0.106303907887212	0.575364744754194	162
-0.011804084047327	0.365337773621531	162
-0.0498336131524491	1.26210333697418	162
-0.086913223106654	1.98142872550338	62
0.00125860967541991	0.478929450611341	62
0.000344373568160083	0.471734438742502	448
-0.0888845223478411	1.67225869436229	448
-0.014601551030983	0.375791928593149	448
-0.116216806958605	0.568308992114466	162
-0.00244286975242403	0.476636030622947	162
-0.012366011101711	0.370718641089762	162
-0.111482403266548	0.829108867601889	162
0.10165241111855	1.38474308897853	162
-0.011559321246277	0.375709692754845	162
-0.00399538295914603	0.4557727437881	162
0.05511092916372	2.26389378893892	62
-0.010747801325494	0.37562194001783	448
0.0227153554764401	0.608844332343317	31
0.00788755005728992	0.484449459186858	62
0.01678487118755	0.598922849949682	62
-0.00109785303634502	0.472212772979448	162
-0.015407725249235	0.374612111450457	162
-0.014040513680908	0.370182885853567	162
0.00394374180763002	0.476290650027989	162
0.00716037077005005	0.472808036889522	162
-0.068461558585642	0.248109641550082	62
-0.00265118542991105	0.468232232720115	31
0.0539035561463099	0.862943837583473	162
0.00337885932323001	0.4839478351484	162
0.02487237034421	0.614620167845515	162
-0.106205574780183	0.560687127121685	62
-0.067786667897644	0.71095450964195	62
-0.115411977920757	0.573812439796304	162
0.00767477862087995	0.487789621394888	162
0.00981785998229001	0.470957958600207	162
-0.010747801325494	0.37562194001783	162
-0.012366011101711	0.370718641089762	62
0.03057581187218	0.741913697676655	62
-0.028115585118235	1.94940926176413	62
0.0031665978000901	0.475356079313665	62
0.00171175334323004	0.473534669612339	62
-0.010185366198267	0.370060244008601	448
0.0381527650934299	0.749782968649835	448
-0.077872233039717	0.700083270374079	448
-0.115496312917619	0.544815898405596	62
0.0204593607660799	0.590705666775977	162
-0.00891206548136103	0.438970491543036	510
-0.077150860736775	0.717910438413626	162
0.00194763097309991	0.481455761041027	62
0.0342268223873201	2.10620458902826	448
-0.040577524321796	1.24277184720075	448
-0.104493564016028	0.578364446679337	448
0.00667274743988	1.67230700407294	31
-0.076159229715866	0.698489324885723	162
0.00973531646122994	0.452212204401461	162
0.1000542681481	1.33267155164618	162
0.10179518587384	1.84636766976036	162
-0.073282226059147	0.697648794193522	162
-0.090332508133684	2.13761692932228	62
0.00767477862087995	0.487789621394888	448
-0.014847092696721	0.36904272807662	448
-0.113332872893189	0.569796657798686	448
0.0054960036493299	0.4723060392075	62
-0.117216622300766	0.564812810137303	162
-0.010996987507142	0.37013610430479	62
0.02838058284685	2.30634195516708	62
-0.023069885807065	1.22929139404195	62
-0.090543155772929	1.20368229968821	448
0.00138173954919996	0.474915836916875	448
-0.018918546932261	0.365330461702992	62
-0.011571814703271	0.977879509266287	62
-0.050913903197896	1.07400492950624	162
-0.063050710959763	0.252050724097018	62
-0.016657069342454	0.366745698422458	62
-0.013234811295878	0.368702668266516	62
-0.118624223900597	0.56431532903668	62
-0.054764302506284	1.06147512137686	162
-0.00663790619353499	0.967065143969635	162
-0.040320516276658	1.06463554883696	162
0.05610911312143	2.22649718297512	162
0.02703250655518	0.602252321954646	62
-0.08464824170466	0.658214790844114	448
0.04148511274523	0.698238442261381	448
-0.113800876562018	0.577881755971411	448
0.0227766562260501	0.599421920505409	62
-0.101702255705668	0.561675791796119	62
-0.117624438233152	1.09587429275929	62
-0.118624223900597	0.56431532903668	62
0.10044573127397	1.38453712138198	62
0.05188559383397	1.42782388209545	62
0.03545118680416	0.741254999582051	62
0.06796718650087	1.01742974533568	62
-0.077744020509271	1.99683982352963	62
0.10353975860906	1.44450780724401	915
-0.0698804438212201	1.68044705658277	915
0.0394349621139001	1.99304750189494	386
-0.111479040206621	1.11294142231914	915
-0.00244286975242403	0.476636030622947	62
-0.00592235201416602	1.29487650213964	915
-0.053055036618562	1.02414026878597	915
0.0258683586419	1.21653181211278	62
-0.06615753818378	0.912459291316525	915
0.1045697890341	1.38968867926373	62
0.0238676691427899	0.59727436077858	62
0.0599034367126401	1.41689564839082	915
0.0388503917224099	1.32899767163024	915
0.08565074078532	1.63215861747579	62
0.00319876185148993	1.06288769097593	915
-0.065515526563436	0.711408380825976	62
0.0549434442591601	0.878059364142236	915
0.07081876563601	1.02552695881783	915
-0.039936707558239	1.03959284047285	62
0.01678487118755	0.598922849949682	915
-0.098919968437253	0.56592795844244	563
0.06662494186618	1.53035360233554	915
-0.028383572292651	1.18204563867873	563
-0.0813029131048491	1.22851114143288	915
0.11626994939416	1.48483636368169	915
-0.101422042025836	2.13874584509977	560
-0.097904080889034	1.02342184704913	915
0.0383861510052801	0.733497690719207	62
-0.084473560935613	0.679972019588166	915
0.05602939121536	0.887549502153955	560
0.01624316137481	1.43625717375432	62
-0.11837869231913	1.1109430536426	915
-0.051131344703949	2.26153387759653	915
-0.024552593417931	2.40136182015193	915
0.11386335661862	1.58909325588461	62
-0.057282819831269	0.243626507748643	563
-0.104390476113767	1.53728971416465	62
0.00485771258664003	1.93636629433133	915
-0.068461558585642	0.248109641550082	783
0.03160193938807	1.59921506370842	783
-0.050714058334119	1.85164358234441	783
0.00833538007794998	1.40045790957031	386
0.04759001411485	0.866419240472471	783
-0.051024915059226	1.26089283034484	915
-0.0602682820055031	1.24243351458094	915
0.04538441307591	2.14781992911661	783
-0.033076065943383	1.3578841895697	62
-0.083590765293259	1.22552597832452	915
-0.069880610607721	1.55974046744671	386
-0.064184818666451	0.248202668593162	783
-0.102270851747192	1.02095968330035	386
-0.105201010395761	1.63290099444117	386
-0.098218548304385	2.16308472050737	386
0.0671045773615699	1.52347518015972	386
0.0251533914812701	0.603801886112328	783
0.06893027265587	1.0126504663458	783
0.00590303775858003	1.1017602278526	1825
0.0385067891806501	1.48385048721623	783
-0.110860457881301	1.16072100452239	386
0.0930441467216501	1.27354361299371	386
0.0494640106297899	2.09003821952834	62
0.11352371693534	1.38006588182379	783
-0.020587161879739	1.450652662444	386
-0.062807305962832	1.14494076185575	783
-0.020066516509466	1.24551849629012	386
-0.00542542051640604	1.30335322429215	62
0.1226539949858	1.62639175259884	62
-0.0931074729151879	1.36861711912155	386
0.0611627754473001	1.52195631521132	783
-0.113237861388959	1.1017878623401	560
-0.017956257228035	1.97512117541718	386
0.00707161238539	2.09466459504567	386
-0.063050710959763	0.252050724097018	62
-0.105610360684893	0.821573654749322	783
0.01102755620825	0.471237494290958	62
-0.107184221804872	1.7893635092892	62
0.06223422423869	1.48224020639298	62
-0.097955733490841	2.48966840026502	62
-0.102496243808818	1.84462261853706	62
0.0266713725409899	2.09856785992772	62
-0.02138681644782	0.962944132741314	62
-0.020316196115101	0.968295138474057	62
-0.109998080170759	0.575497038966442	62
0.01504394777916	1.68817352941498	62
-0.117012864881547	1.61661670251457	62
-0.102628687170134	1.2867583165115	62
-0.122045964502676	1.18940880943602	62
-0.098292458416542	1.20467980425929	62
-0.098943893792958	2.24566804277869	62
-0.002878483888202	2.31325229994549	62
0.03257014204391	1.95563015601822	1971
-0.114862926737828	0.827578961926492	62
0.06398966656876	1.40830757291151	1998
-0.059998236657948	1.38056722279023	1998
-0.026069374842793	1.58836161793611	1998
-0.098245957482231	1.48184946328	62
-0.116365022727756	1.11841470754565	62
0.0381227098140799	2.26408079334303	62
-0.038021319913114	1.34513922203816	62
0.0397037927145001	2.20643437418951	62
-0.0807727910373091	1.30948448530182	1998
-0.03316197665584	1.6094599527094	62
-0.00367190536343898	1.72959903155447	62
0.11744693209307	1.47698751976812	62
-0.045393242511285	1.2513076918558	62
0.11932403906696	1.75611927533685	1076
-0.096323467147349	2.27580075607621	1076
0.0622140045613999	1.44135116515801	62
-0.063050710959763	0.252050724097018	62
-0.02332134639712	1.89523755976313	62
-0.073486914431702	0.955146978980883	62
-0.043215187912292	0.843706536555933	62
-0.095250644829888	1.46676712383558	62
-0.035610667478419	1.70292854403051	62
-0.0445017822050831	2.08690910110738	62
-0.019290725598326	1.46193735305447	62
-0.068083961515075	1.33876287455231	62
0.0117655877525	1.29070411832466	62
-0.00379485745270902	2.01907646610589	62
-0.102633624667474	0.563105850552333	62
-0.091705686612276	1.52403430547234	62
-0.072906619523015	1.15269142062571	62
0.00672870488669997	1.58886314888922	62
-0.025197255935589	2.29640313920738	62
0.10410589775315	2.06394752927457	62
-0.01282609970509	2.3223415788456	137
-0.090798999866593	2.08026824219054	137
