x	y
0.432686662705904	0.766782668083673
0.251563457947525	0.339632731398818
0.559569089784036	0.804566876168335
0.437836921913552	0.54401307115736
0.418889005208932	0.363705374338697
0.0595919720578333	0.0437043891372248
0.26769278135525	0.281038185119667
0.0851430490222563	0.103298706479123
0.606882176924156	0.657631152446589
0.382129413185702	0.341831334287312
0.398523941370997	0.362662789793751
0.32848723236967	0.252767195086801
-0.939114175102015	0.935437280302266
0.772494273583634	1.2212122196288
1.37689861558744	1.45452479824106
0.628838299887109	0.289078043675493
0.627268534978011	0.288777835125571
0.0780659462133368	0.0256681514252768
-0.016207712431264	0.0134739889704918
0.989814633801733	0.370060244008601
0.839145128076391	0.436742469999389
-1.04265435035125	0.532486819419197
1.00203652309406	0.482132580662537
0.0879975442009892	0.0326022211960561
0.689074486145108	1.08379824269261
0.41923526128498	0.361755272668809
0.298691754864242	0.266708446844159
-0.11951771253565	0.089495428189265
0.448073915588569	0.459958893213297
0.138984739030573	0.111499492884322
0.216275133393719	0.200671645250483
1.04438887013049	0.885057159937688
0.222297772960336	0.190427672737014
0.294800197502897	0.272434789921905
0.303691180761704	0.257519801764945
1.47393897885678	2.0443034431223
-0.181644608770151	0.1256840648582
0.103578420098627	0.09174125652578
0.393314927604842	0.246871278732084
0.539567968405487	0.26525951707157
1.2964720419413	1.12236147275947
-0.251178254363131	0.136165913485526
0.298624984422979	0.145536824521813
0.242204912246485	0.148298922818059
0.839516809791112	0.667204143349127
0.463715278648218	0.164054883443642
0.540582226399498	0.272868725956615
0.397081515177442	0.252240749623598
-0.102557897377058	0.0481034848978926
0.384945163167866	0.152855275714578
-0.0892309947939061	0.0429271882884134
0.441289846012439	0.373313949484619
0.68727336046749	0.627765462702937
0.213233238400641	0.21535457185876
0.326533810708893	0.143461175416991
0.0846832138938507	0.0345864704774434
0.631377431561	0.373516377351407
1.26232218459394	1.39751993356286
-0.558199623123976	0.298204316658552
0.326533810708893	0.143461175416991
0.0883134534663495	0.036038197594367
-0.174041106561466	0.0682019542613441
-0.165685979944525	0.0676020917670809
1.59036554013171	1.37400349847068
-0.214956382852866	0.0798476249209803
0.108236331906491	0.0684491752404333
0.155369244310889	0.139530401095867
0.161925726862608	0.141179195450299
0.579867477498403	0.383123711530376
1.0443112107483	0.743646527512235
0.0826455267086283	0.038088999145173
0.323234850338103	0.539117223551953
0.521991663352804	0.468273177081969
1.97676053356259	0.502874955670354
0.0835881529353693	0.0372465976701573
0.295582037333627	0.14183245744202
0.136398040912652	0.0345708776686656
0.380586087423782	0.255533778126467
0.0686841703118798	0.0506991682779858
0.423194878901025	0.610144798468832
1.04279062130188	1.33709596338034
0.458415603643145	0.365537453644921
1.56239481396378	1.04839844593224
1.19160519070638	0.764027104072753
0.35607774828596	0.493188252852498
-0.094230915343881	0.104399392591814
0.667964920018814	1.08445153317846
0.689922132155397	0.635581826474422
0.0861590546774971	0.035819013540674
0.0928756767672724	0.0383840810790801
0.0866029643019734	0.0320763411439771
0.0866943528225326	0.0326428558841227
0.985959486319092	0.370182885853567
0.0885007098539225	0.029893961321592
-0.21453087727854	0.12366776502482
-0.145618872763984	0.0916968231173846
-0.344331428136531	0.562551540694393
0.253162871589671	0.307127132142083
0.0445650514944978	0.0463028846622386
-0.0294081023707887	0.0373341907662591
0.389152721002156	0.735517618363048
0.087151796953618	0.0725385338579281
-0.6779104408386	0.844956604684852
0.317149153276358	0.260305544979733
0.0949042880430472	0.157268642034537
0.121697551042482	0.180413630581648
-0.640318820067368	0.157107672439797
0.0194564050310934	0.0189548359091911
0.0562035793639502	0.0742240432147098
-0.0113870973806274	0.012236960958682
0.191069106859559	0.291451011886186
-0.0234568126625047	0.0272872855980096
0.213667068239919	0.291004100868151
0.19193743830426	0.298937124702852
-0.245449570167738	0.513355080128838
-0.186924197764955	0.246358320895434
0.748646980170966	0.901944430381688
0.624603825468923	0.913975066442486
0.0489341933183998	0.0475398998793552
0.427603640314966	0.742971408632074
0.0557317138903672	0.0650203652250382
0.36954435520921	0.536246644711588
-0.0238997942406405	0.0311260565286642
0.247245800241337	0.305223451176475
0.407524293437256	0.603264194176206
-0.0289700027177014	0.026584709901448
-0.149327295832944	0.146906209941358
0.634352567787379	0.988512924040383
0.32882887667038	0.508188532578737
0.160740188615653	0.0319518046826111
0.359686587806121	0.364439806379651
-0.00755783410007148	0.00770546822269824
-0.596426664839508	0.902934937757926
-0.0660033874958184	0.0649779522776903
-0.116678154176777	0.1053435448234
-0.318179770647803	0.356911187708481
-0.229167557330838	0.282072410849208
0.0371530850500127	0.048389023403438
-0.00808140262829428	0.00980542086342431
0.319851870880186	0.528992684010113
0.362197172351283	0.606013818010246
0.22130979281666	0.223752924877185
0.262790751806229	0.289579617183491
0.345387309041621	0.443397335943159
0.211648950914048	0.21072507095842
0.204696278600187	0.255910008676764
0.248750823105923	0.285294804679614
0.160298503970585	0.188554563978543
0.528253674589317	0.80978460971888
3.25911091962523	1.12225755432258
0.107055222743257	0.065898375906412
-0.0804219649517638	0.0689621731449238
0.967603492156621	1.14473386476013
0.608742200915155	0.593890416158774
-0.0848909905775865	0.0571127186414682
0.0106894826548346	0.00643955006841991
-0.0650170574606968	0.0507210242762742
0.44397727653817	0.724732159086744
-0.223852285039974	0.343984259339732
-0.145349214142252	0.18437826796139
0.0718202192548873	0.0694826030103612
0.223946517070204	0.161744658836851
0.696925740997299	1.15767562290055
0.334237728913527	0.255851684200995
-1.06946047397895	0.940472650906315
0.34254640984175	0.351396036246309
1.29709348112508	1.09992480489098
1.18484591769664	0.743921107635198
0.926074477854404	0.70008518586568
0.0570391419663049	0.0756382470867907
0.124378090945182	0.177915682541322
0.82074094865327	0.867254573609193
0.384510268157311	0.151221998437663
-0.662161146246421	0.321091273316985
-0.266331645416578	0.143945760487504
-0.670894308433806	0.332314142033243
2.75955089979932	0.83241767638386
0.29382001976903	0.143352105324427
-0.53388454837113	0.457148732667669
-0.0804042959783341	0.0542674000142239
-0.246739264084838	0.383975430063062
-0.314354865497037	0.573515230641065
0.251703314089154	0.339805657783762
0.0384076882992437	0.0318827635940536
0.241133418159999	0.15499738628656
-0.0929626165253457	0.125868144611796
0.112496613473175	0.12428415082215
0.718956568793682	0.40818403723672
0.456222094600373	0.360222299168573
1.47548286877448	1.17746476432833
0.359609442971353	0.355563671925529
0.9557208200764	0.851264074512653
-1.08550437421179	0.44105759483041
0.359632379533544	0.256684385056139
0.106787003056559	0.159678432963407
0.229662984077129	0.430029354676063
0.625111313868258	0.196272384019545
0.984592274750765	0.374612111450457
0.235771916526317	0.142713606619654
1.27232265899664	0.556958294179568
0.0831214068412472	0.0276766835250065
-0.390616786987552	0.227230526459982
0.828778834766002	0.783483136566212
-0.0581316804981164	0.0842585964632936
-0.134821233662129	0.153249493198617
-0.731394844023501	0.861727026749593
-0.0903540671515031	0.0589643435398911
-0.0103562902211	0.0117468989051043
-0.137831164479507	0.193441806441889
0.941036800566366	1.9064748068768
0.017331011257558	0.0174665801784206
-0.175435792891193	0.157230372183924
0.184920015756881	0.276239908972521
0.376173504359499	0.256302576417842
0.822637139363128	0.880541952700677
-0.0750893877633176	0.0505512694991988
0.385073240022482	0.442195467722121
0.97365604877791	1.43024037855714
1.24734988433489	1.55703259800354
0.644895854785683	0.612167203554421
0.202625172705233	0.35899366663559
0.126221667029823	0.196815624459164
0.127447669123071	0.181164736370478
-0.207218427427105	0.352917028549959
0.34533008109406	0.666017938174282
0.0940146791302844	0.0545061703598633
0.378096365369422	0.258709287719517
0.467172743600981	0.459058820024782
-0.112243913610635	0.146461353389733
0.315900995261487	0.329668018932915
0.715553072672113	0.963934092474154
0.302908835135438	0.543458221930605
0.0410687575745425	0.0521256707129503
0.0544309430957166	0.0715841070911477
0.0767362663027928	0.0928344124725597
0.00222300236614314	0.00238993957525081
-0.0388735251237405	0.042930475202373
0.01322614804629	0.0133921696350429
0.278672391259845	0.492181960354086
0.152187958101083	0.234828866459155
0.16676464982458	0.24303059002348
0.289213276046573	0.389550644618686
0.133519091247088	0.173653992784257
0.190458040877787	0.265365633361851
0.794644956660667	1.85921875298749
0.648534354767029	0.994500276588148
0.0582202134365821	0.0517683249230491
0.0562083193573663	0.0494144663399654
-0.194321808368596	0.168118916198784
0.305791342092288	0.348895806629518
-0.161357554744575	0.155429583597943
0.505805228184369	0.70982053426029
0.595677976765283	1.19195543593447
0.43313826580594	0.682612821789613
0.518997437583968	0.696081810445665
0.140242413445589	0.190484030334763
0.223153641008636	0.20600593529865
0.515012053635678	0.971007818594503
0.153177417902392	0.16007368791377
0.302411485362929	0.283485769327153
0.30137113363277	0.367457270377147
0.22326819670802	0.222384237791785
0.205086240239191	0.220110489899274
0.161943942088277	0.212810322361136
0.851867023372787	1.31086499613807
0.119487539842229	0.168087877483247
0.54461866052762	1.06264133574991
0.117753746666056	0.143381898881549
0.114513993450668	0.141383013856685
0.581665346945694	0.96637596247107
0.0528417372505499	0.0582028409725679
0.272992646268173	0.388305343369132
-0.377205011897182	0.60905938467699
0.197339326187298	0.21299112524245
0.302103222271664	0.257943206106043
0.852464201507595	1.51255328285713
-0.120306528463042	0.128524173558596
-0.133151334772375	0.18185615253515
0.151013596706853	0.185683677792356
0.204256496238005	0.262477222130819
-0.109690904020881	0.110728729740025
0.0158169783972181	0.0146826800403125
-0.366744278049188	0.51659624314997
0.217306911613683	0.288938580011395
0.252754415441978	0.407169256793248
0.260643208396613	0.295242952950921
-0.130929383521806	0.143441294844777
0.213495412085699	0.221647843229884
-0.295161687225736	0.295830197033188
0.102211274091203	0.0890089383640849
0.900392816993381	1.35662524559326
0.298267703212848	0.374234406744845
0.781858935487825	1.23464052616944
0.1495836930449	0.192346598275088
0.472091904254538	0.770396890495748
0.313107580952142	0.380222803728953
0.294332833575825	0.261353827203781
0.147475139278895	0.135402068321081
-0.0281479009138181	0.0232539786923679
0.337064135851556	0.370473831774042
0.319505450532546	0.859606004203825
0.00459464887428021	0.00281747770569662
1.25772888186539	1.39212802804777
0.828642251002344	0.798433147281774
-0.738698069157003	1.02912631885594
1.03967316584646	0.820162996792708
0.407903508189739	0.259843026973331
0.324687260956662	0.261823908300865
1.1847279917846	0.771422324452761
1.61589164750517	1.73659853406249
1.4644540599777	1.16575227180781
0.690669112868743	1.07855019567788
0.0917697193219628	0.0499813519415993
1.33260456431153	1.69307398513218
0.137001710886112	0.0998975839299307
0.102435752008601	0.177615386095261
-0.0546562590651124	0.0759884552750271
0.00639869952007486	0.00793595404632167
0.0409905622845313	0.0461457913881805
0.354357415429631	0.763375900326091
0.305352793742272	0.505168833883406
0.319470460954759	0.590591640084205
0.298004835135189	0.385165230730157
0.19151680968155	0.204007780048452
0.0111622095263088	0.0148458497903561
0.149605024550381	0.148109180422914
0.0719104677979275	0.0707508304470368
0.0711967478414965	0.0668388625239627
0.279509927615983	0.27714884229866
-0.345095078570561	0.694960617452506
0.408612661330172	0.843522727986429
0.0661392407539275	0.0742858412060054
-0.300541161649189	0.431880252590863
-0.123661578730007	0.1544472718108
-0.00682468368908602	0.00949654767514831
0.523671738068587	1.29677727444845
0.474056438553083	0.359386554995129
-0.675480530694996	0.551362378371586
-0.0516519704838285	0.0281691026504125
0.373643698098447	0.250444832257115
1.59134806424473	1.35024259345788
0.253449848688988	0.14555646085611
0.102802740548728	0.0614214658327889
0.0501137610386395	0.070131762290786
0.917729678708636	1.39710864721796
1.40723469585447	1.31778846961262
0.56056145404603	1.02566657699093
0.0530307051265045	0.0667687390129281
-0.0381569487105396	0.057886919256972
-0.319409360096012	0.338008598275496
0.243824966879997	0.149987252248995
-0.469522262305472	0.274037065143796
0.078920183135435	0.0391760304099149
1.70179462927048	1.53233881906775
1.08350032304353	1.16533486102767
0.370636573395406	0.519374250984546
0.10368628739469	0.135835343018344
-0.0633847308307065	0.0709061462284745
0.112423955611513	0.167453155853822
0.298511642004879	0.258307380587928
1.51103612506269	0.742009539502176
-0.0347654352676948	0.0193224042309163
0.11349111276416	0.0733864458413255
0.275885196392404	0.280525972579618
-0.0730771276261079	0.0373765531466998
0.0953925266989137	0.0540002161442516
0.240838136742673	0.154504608275444
0.089916188224717	0.0450991840758368
-0.182279223538269	0.204041216849204
0.501911723062589	0.375609266877642
0.454306929319676	1.25201817238802
0.0346147851188047	0.0430934143004225
-0.0344665282470776	0.0446019435081934
-0.000897522683325261	0.000993594940059346
-0.037334217352299	0.0534479757024478
0.414647111017289	0.744437542155633
-0.0581363325999908	0.0812625401893591
0.383537144332309	0.724535448125818
0.0400918770873867	0.0441204810548052
-0.108427436960239	0.123359472022867
-0.457018128294986	0.52756987239593
-0.417841738515928	0.965554686626896
0.0894713813625213	0.0880288825235463
0.328824549579901	0.442997118449578
0.390396094438552	0.444349716309579
1.0521169119339	1.82004313796268
0.00887486504204083	0.0110647013830192
0.169777209028186	0.26304349079404
0.198385319827618	0.25434327370802
0.00660380649025319	0.00848987709284778
-0.163837067362434	0.208420285572856
0.167038347445088	0.280228747303274
0.725955522291532	0.397860514190828
-0.118506412247248	0.0740744959153194
0.403254109968812	0.260041154899866
0.0889163024844806	0.0402483237174341
0.0834600855009819	0.0383141097432057
-0.306540981149829	0.15781001314476
0.646035015969394	0.613509763174745
0.446993596320894	0.961536535087215
0.401240315348217	0.819852096401171
0.207773326388579	0.224003883261742
0.11242211179762	0.0749976192113648
-0.0157830527023881	0.0157266269541599
-0.135030398522199	0.187150984359542
-0.0186176536345927	0.0286932161542478
0.541467970257925	0.787661684908784
0.886199123437982	0.577881755971411
0.235530580265122	0.160403832738342
0.513341869122044	0.377864970522177
0.370461283178611	0.714220031565487
-0.337900578369452	0.479706019070359
0.176197047934629	0.183051588054231
0.0373669475102674	0.0478556158661873
0.0282373281760025	0.0332842705847059
0.198361526319815	0.267213762201317
0.183437606446963	0.335344284438087
0.458045128941138	0.611406561030182
0.220456915987653	0.1557389060603
-0.3515274616004	0.259679173291651
0.676568126480083	0.616540760482083
-0.20160136979961	0.226814760115393
0.0160164537897628	0.0102650394442504
0.13524071401502	0.107385276591594
0.142287939595333	0.241875818032804
-0.333150193803979	0.657124497637107
-0.280182514200436	0.513772972853018
-0.0701121215753673	0.0935407591199643
-0.156388662410106	0.243826199012064
0.263421123360994	0.370642498436718
-0.133133498866888	0.175782223180312
-0.21098943139786	0.305359514559342
0.0334642711250522	0.0382160721582918
0.320251708222496	0.432958236403329
-0.00918883898507687	0.00952080633649371
-0.0254662417075219	0.0249861392227662
0.128543214306792	0.182332467989523
0.107805302587471	0.102697566755751
0.123087637072156	0.154392002246998
0.357146359437324	0.686638021962566
-0.419313047193547	0.866515029477656
-0.282458769394334	0.4363208183321
-0.588284209426227	1.37818361461304
0.0337637968747977	0.0454089994432017
0.413599436242182	0.85002559043529
0.775697211784731	0.938540736823757
-0.763111487447001	0.670180848978348
-0.0965347098424234	0.0634817689869609
0.927426066058632	0.946569580926888
0.855897898951084	1.58979838490682
0.135292595377399	0.109563579765971
0.303855706430406	0.391371741856009
0.265097285185494	0.431296795606706
-0.0868402026837485	0.115085628877737
0.24588197835723	0.289838413435776
-0.0498897194551198	0.0458816894911938
-0.0235259007346512	0.0280318401090354
0.407198139885213	0.65403731779928
0.730605623800273	0.419899881846199
0.312478744277019	0.447819804884022
-0.0555100714849681	0.081979431328045
1.09795447252381	1.26578945717757
0.977515585796214	0.923408305144231
0.500251469100854	0.464853693852182
-0.037360595074468	0.020992509358137
-0.119790771235374	0.0757100788468752
0.337949537041002	0.339626124814957
0.24801076461865	0.140968072688224
0.105569178434544	0.0687443082687229
0.16102283738396	0.222495277556236
0.0590505577705172	0.0903797639654455
0.366075926166164	0.241647506544695
0.026648834223705	0.0353132531418841
-0.354780556979398	0.661291500928572
-0.308565323621688	0.575270116058835
-0.27363097915649	0.445914825059543
0.0668647054700554	0.0891002999796523
0.183647785025269	0.281888209248996
0.322589724712762	0.539207312478995
0.157164095956216	0.214738980866688
-0.122771612076022	0.174596436222389
0.448337642055305	0.684555419745991
-0.077310545197215	0.0954996397521921
-0.0666954194068895	0.0788636989822175
-0.0197711425171076	0.02022862002041
0.0505648074521132	0.0655824412404488
0.277724611094645	0.388350108596039
-0.163912299715372	0.239797965336719
0.0326746439396523	0.0402512057744697
0.788018334981387	1.75883187558742
-0.271313975039744	0.404884196928591
-0.552038253028882	1.21003269244716
-0.0274180857960974	0.0376798329854032
-0.129617002048585	0.185316359420997
0.671949327265958	0.595637983428927
0.225451409514186	0.139917016184677
0.0780468801545593	0.107755828270186
0.671116041949488	0.92995131628848
0.0423596402333055	0.0370941080126358
0.23187585814041	0.155954193319123
0.477313146305691	0.896812454889461
0.933711778873489	0.710263165408519
-0.682607737282255	1.06465006943392
0.201124997931233	0.392245704308739
0.384728106419824	0.153248332795886
0.388265802198414	0.149490699780187
0.93662806551827	0.251725171025196
0.629400582139045	0.290654080819333
-0.278595378209907	0.0937788233288152
-1.33731229818293	0.617891497962559
-0.824369537175369	1.14332495130114
-0.126530622550243	0.0552076174742127
-0.306503268901457	0.155242273327466
0.439414168496315	0.517948099468536
-0.485914501994004	1.3778828460444
0.36101724935009	0.961208624709528
1.70962618234009	1.28364189284023
2.06503533734313	0.918263468544324
0.0883415234793493	0.0323914498304762
0.385508056498213	0.152698816661877
1.01938925710308	0.606835697264097
0.545364758308784	0.277331491429923
0.421514203020303	1.03068532698131
-0.215281430148689	0.322912718256354
0.259120781625083	0.454441439109133
-0.54891402652728	0.85435966404388
0.0193216240835283	0.0285405222927489
-0.0932374835119328	0.123579405253984
0.028102830699759	0.040116220872201
0.031113079622561	0.037833234427846
0.284504522216755	0.367772935773093
0.896022120930987	1.8855112222037
0.43573772288444	0.458628702999738
-0.0573258733599614	0.0846895451956699
0.111739704654095	0.112742142147968
0.0681330083145879	0.105988666641746
0.048231397952609	0.051259489586621
0.341902940757433	0.451731040455212
0.134339158398756	0.1533704088835
0.107614300441391	0.0656181054390858
0.0699216667757652	0.0550843984833122
-0.00784683966404919	0.00572829476896487
0.0185551621763351	0.0116844397136165
0.473427814456397	1.00704293105859
-0.433757064670403	0.94044151105145
-0.471957706227626	0.773225737638494
-0.294284970042889	0.513960541360987
-0.287262321744683	0.324723094488167
0.289823549280781	0.586406618559129
0.0898225972069296	0.0303031305785108
0.0891383182575933	0.0298451484346261
0.086378442739253	0.0324848937927406
2.502780158136	1.37275577235073
0.984150197940772	0.366673953158452
-0.0907339498999196	0.126685252274949
-0.150026503161039	0.265024071515693
0.562655915907145	0.656849261169228
0.0963340588871553	0.0379251582922127
0.42891651755217	0.614084896105069
0.158995926568897	0.163476025844681
0.394933542734696	0.449637505009467
0.165370416873654	0.194865599267135
0.33026417348241	0.145593097546711
0.270204916103796	0.422696339326627
0.578559718626079	0.896735991503977
0.55043442846706	0.476056257155603
0.0130511071444582	0.0123008988384289
-0.151974045326769	0.288670479848184
1.40178497907265	1.24480189903904
0.633781902152959	0.279940580270375
0.468879749800397	0.168499787486955
0.326195432634742	0.141068723047873
0.714383437781944	0.516366782712027
0.541949260814734	0.273042189503309
0.727215612434229	0.416341892234225
0.436112224949445	0.26077899733302
0.636221227221563	0.389016756190375
-1.3345467315383	0.61567377471376
-0.0464311935989325	0.0372347547452812
0.651174061306354	0.398416333488999
-2.00089711165791	1.94960820709371
0.406411426515642	0.539092069067639
0.0173868408936253	0.025275715741187
0.335013731803448	0.148638462639069
0.54558502555317	0.279094013022216
0.39116375298559	0.243406615341618
0.164112358986358	0.173044456446682
0.338297621125252	0.146689386533937
0.321218494651979	0.136458063238576
0.925651211092994	0.706372312253049
0.0887385510406183	0.1398297907998
-0.107532850554138	0.154745931395107
0.639116901113647	1.8706799905522
-0.0681431629544435	0.0812287384669633
-0.0761025245081476	0.126395049289772
0.0959010575188475	0.148413065784284
0.261589296367677	0.313433331256038
-0.0247134564736246	0.0260635562942895
-0.100730320028579	0.145867547558145
0.676098076639679	1.5163153744092
0.452388705911876	0.818914001915984
0.281973694867062	0.373412524283629
0.911796622277161	1.49178470837807
-0.126250257662875	0.202411123015174
0.689843908654464	1.10524782445842
-0.245936571055044	0.301514792539226
-0.121232962740237	0.19496490209371
0.117664265774227	0.13388249070379
-0.358548101014461	0.450723293991154
0.437713604334022	0.673281982131386
-1.15100635334538	1.28901723064657
0.0273755697729372	0.0227649314257312
-0.610639690310083	0.673172718423979
0.898898401082983	1.02302518800536
0.55840965275453	1.43982563743793
-0.0180924025531151	0.024853730059828
-0.424891277991678	0.538426998176968
-0.117404704507971	0.172161298424469
-0.131388925406023	0.146875031835067
-0.261634191957261	0.45729602557831
0.0908567779015585	0.128856278951974
0.00539781824882603	0.007163431271036
0.060881285912742	0.0639068974448589
0.079392323922901	0.0358590280782223
1.55434571807604	1.00419768113616
1.1725229153487	0.738959002946402
1.51208551334991	0.747464752710999
0.0228944859198767	0.0305494214775443
0.113946634531122	0.166146923355598
0.874936227293358	1.26772964283144
0.0362510608214072	0.0556219760029835
0.56112405710588	0.725108002589395
1.50884228347658	0.748519684869526
1.82954082129573	1.44577805877939
0.293087819543422	0.379968119739644
0.95937035296897	0.841901274332667
-0.123897707801444	0.153863296485918
0.131661640137672	0.191688082055055
-0.10249079581569	0.0977759186422884
-0.262453599358089	0.262890375930107
0.0637138102587815	0.0776663646472469
0.29129386317521	0.140637801956573
0.41010932433358	0.372751979169892
0.438241026416413	0.361745647667458
0.317381447797983	0.392341102088035
0.0927485724745594	0.144657724348068
1.58021081658994	1.37675172768894
0.718117952132398	0.623163588882223
-0.667376706848438	0.329603766851478
-0.536910540456618	0.361986755397067
-2.30743742158367	1.87736318810524
0.837449404492649	0.439509607686482
-1.02171961466597	0.62716482195947
-0.556007969123363	0.29588179193304
1.37689861558744	1.45452479824106
1.16863966091338	0.928578569147454
1.28153523828101	0.531225610047246
2.29920083816843	1.14411205012275
-0.30977968461634	0.157851509965168
-0.027872986016077	0.0232220340419577
-1.33089036442484	0.611037850171035
0.726701885668003	0.419208659964882
0.328261049969026	0.368327740909076
0.0756105555649859	0.110955818633613
0.221332929419882	0.482756002816035
-0.0710432832226018	0.104815661916034
0.112381054250078	0.0681630446506046
-0.413075904749383	0.247483920908276
0.241562999041236	0.145807315101918
0.893898877046375	0.580317776732624
0.339879117542328	0.148462030898577
0.0892539867568261	0.0301915691441097
0.0810179187725585	0.037298890785188
0.147031689005329	0.147829053169363
0.263202177606068	0.276377242963652
0.920747416909948	0.70947401215553
0.578627963582832	0.381375190262541
1.96497162512376	1.74864372747004
0.0894639684542662	0.0503278365009809
0.506959382093093	0.474574221025031
0.576171165424966	1.51903951568145
0.0848605054622201	0.117141472844851
-0.376929904902477	0.652042882400798
-0.231652444389529	0.291503518789998
0.525039063407591	1.43286571264838
0.0789937980722066	0.104997629563607
0.201680245299839	0.226843015420668
0.0252306845868111	0.0286314707147488
-0.583136509264829	1.13355464292841
0.133134511026682	0.193270064480906
0.292400436995478	0.443659384962879
-0.183406791032479	0.254370170684195
-0.330159970314725	0.439734312357466
-1.43887462323925	2.55855433168389
0.181642338510135	0.271914436146396
-0.432997508869254	0.531056492672948
-0.483601593788692	0.786998932473888
0.0954791141517515	0.131294102627516
0.346911081050283	0.465145468293848
0.40085255903365	0.520320009725277
-0.230162763761893	0.283740493752455
-0.691302194925288	0.666321731453811
0.614895224326097	0.757814593523083
0.387409648723201	0.37312112189765
0.398878067296812	0.365714804079224
0.372045138231593	0.77647555433462
-0.434892711976954	0.896743447976909
0.043873059212606	0.044781406535071
-0.12561032135155	0.162599101342836
0.212996922324707	0.261609432044709
-0.485694834375521	1.05430906982974
0.0184635700634062	0.0242726136804726
0.0199135032914303	0.0258552516286311
-0.666448184085425	1.11906428687356
1.03069806310379	0.729879783207446
0.719036922061607	0.539058607185262
-1.22449066352805	0.700554081526988
0.302160757108238	0.144494471840075
1.02805679980165	0.594790065207881
1.32411406103143	0.961985020612349
0.2252948921903	0.375195505832794
0.439557219834801	0.798175838524839
0.171180302422664	0.251397997522628
-0.0618074086511609	0.0493949458773116
0.648449655795803	1.33867530368061
0.0219132886611634	0.0299278869834834
0.280671091111114	0.273475161568858
0.0871854742496877	0.0363565493684779
0.241311373493906	0.148242512410727
-0.715428209814106	0.42851163965363
-0.0395407310134849	0.039840508770567
0.800738290870356	0.550046315291302
-0.131967781518156	0.138505676373156
0.33969143808165	0.543226578269729
0.369023539468302	0.417270167062506
-0.0246404069549596	0.0176327938203904
0.0894069212086652	0.104913299977522
0.207112309468559	0.22917269397533
0.471809934247918	0.250717510275624
0.504451211846763	1.19068216323333
0.344360438083641	0.674220426275746
0.402668524912843	0.446227771563544
-0.250442000277395	0.364436538725619
0.172323772240217	0.322705365956226
0.477615351381054	0.624291151767613
0.392593239965429	0.366327682183103
-0.670729998953851	0.548884685014093
-0.480520673604951	0.411305944767636
0.0232059936821232	0.0147178071403641
-0.526915740676577	0.344120541761598
0.235892378272601	0.150513181769694
0.095258230846037	0.0460264876309934
-0.187127184550577	0.134518599979717
1.16170157039276	1.17422493619533
0.882662335249997	0.819192975479441
1.22898792611547	1.6511541412215
0.113253300442492	0.0718603336647511
0.232342962552661	0.148778564440558
-0.479970225358391	0.418486751175884
0.430707084245913	0.622229694436104
0.529544406779163	0.474639347764388
-0.779972844884497	0.891107512142328
-0.380917127433804	0.651902917856281
-0.23552313049003	0.47145278631536
-0.205517270898475	0.448939097064005
0.111115414795682	0.206570955817595
0.376708190920365	0.424161497950953
-0.190564272324952	0.136142064434783
0.433973307699592	0.362163121911549
0.902149380566032	1.02272315110644
0.0642828682748526	0.0477755833767133
1.3940000045208	1.7335783155821
0.015613848798655	0.0100286158202426
0.23709557336204	0.152210534395155
0.638526796536654	1.39311436316788
0.183950896013897	0.248256342795072
-0.221700763994471	0.212238601663139
0.617335492894545	0.58766868306918
0.127550730311064	0.0934218127987131
0.411883706004439	0.351271421940147
0.80482132353343	1.12091929853002
0.302900715731649	0.673874725274735
-0.0953846929977379	0.164252711361698
0.543026069745716	1.52337813857362
-0.313475015719863	0.591673502360788
0.0826315233360126	0.144042665909051
0.243616891357931	0.519891534284271
0.306738146272444	0.516412261304125
-0.010947756597165	0.014759276081497
0.00134585042204258	0.00169787987943384
0.301536836121243	0.615870346011334
0.188820846057749	0.318294036976953
-0.344843091002343	0.656335915882225
0.185945031631739	0.267837835276472
0.0758511028695776	0.098228107493347
-0.322861746823909	0.657731909755639
0.335852267493537	0.479271540997966
0.12971370926594	0.190402201919254
0.30647747750311	0.624549135433879
0.122661223354373	0.169142262659495
0.0565869080991655	0.0706004540171584
-0.166063606302795	0.252296207410514
0.228115577231973	0.220981614559531
0.0210231578324567	0.0214472166416477
-0.012173914778133	0.0144618300215045
-0.0808679888462615	0.0921353146750857
0.378247172779437	0.875581328176375
-0.214306074515166	0.383418856197925
-0.421220057389377	0.915990400585411
-0.390130422709198	0.809119378284236
0.201989613778462	0.342147442137704
0.282524685550191	0.579280587590693
-0.318421230460666	0.655780864558928
-0.251109381200957	0.480880165088351
-0.232149250199552	0.386170968636578
-0.164047099586277	0.119908449078227
0.307418157554233	0.265275239713325
0.849849371612974	0.679272484681504
0.237095340315857	0.159933162453354
0.272884613252478	0.516884421667452
0.130052370946607	0.144619963954402
0.585446975140327	0.583290955016372
0.506563728067845	1.03285656533803
0.237462467754897	0.440519236002296
-0.0853494367867679	0.149684905458367
0.29447955908498	0.352914829397179
0.648516570505396	0.400442242393612
-0.400722159839626	0.247223138656396
-0.114832342685259	0.073792605104568
0.803251315793878	1.67812251296619
-1.12832348436677	1.15208172511582
0.122523954133874	0.150372853468424
0.21945205077268	0.353210781883435
-0.899098544091123	1.90697302571433
0.33738779154507	0.395273384224259
-0.260188266759402	0.474983377522157
-0.0206525652633417	0.0244699940564466
-0.163092949919889	0.222333276333734
0.618667662665604	0.510450916899296
1.08791009066488	2.18966017771679
0.148769534578947	0.243972900021275
0.188288231754989	0.500799854090732
0.00734256627730704	0.00649707110535488
0.534069703515536	0.543096392574829
0.215131103494065	0.18550164257741
0.438285680664287	0.370030199615151
0.514432813424166	0.531254025118912
1.29966018646116	2.06746803456662
0.680634266242142	0.780209756663549
0.815494247505924	1.04195311599242
0.43735458005109	0.445726402825687
1.17318067676607	1.73240732228881
0.23538019951988	0.179286788370474
0.532941716812905	0.482154319650944
0.152333652545617	0.121615531459947
0.0431460682973813	0.052676767928679
-0.107768724057913	0.0917468495255116
0.346959999973284	0.358892047948703
0.321982011771899	0.654538647844602
0.377078454457161	1.158827454077
0.20250175600005	0.448360668944237
0.183756893475756	0.460667456278875
0.43605966490481	0.599945537869359
-0.253489608214901	0.217664262987894
0.708461012204235	0.980695882975533
0.671982222163315	0.699453655794936
0.694685321827611	0.891175995792346
0.0025927864827467	0.00188323487876462
0.741105844141481	0.891714332556641
-0.392042906544476	0.348036399625597
0.274883514660216	0.268371979588661
0.2343712572179	0.436438699980883
0.0699791212176763	0.0995770624504054
0.302630040814576	0.359352458460068
-0.366613156179589	0.331731823889064
0.216367220745972	0.173639789557942
1.04296028495735	1.29646712623372
0.212938788532994	0.236932136287549
0.0925605062999659	0.175512038057622
-0.0621308410278554	0.0915882832429175
-0.378303236106414	0.910766568511466
0.177626934320196	0.281048003852273
0.271093183686552	0.636901583957442
0.0188881582886068	0.0258106040504481
-0.248919375031936	0.391587073270873
0.404300952904878	0.812484866811361
0.264330004892996	0.424905024978265
0.0548990736925654	0.0782452936136993
0.0705332766808211	0.0948302304293312
-0.288470366218188	0.428201619206965
0.528192998118103	1.06224629780832
0.224496448778759	0.317135005019972
0.0675126407838337	0.0989727671284358
-0.0507998400657155	0.0563518369290532
0.360739599167107	0.631296196019476
-0.253578423442181	0.435700024916205
0.440408383353315	0.896062432232665
-0.064735886923237	0.0826668993929727
0.194284110719808	0.333242778376036
0.30842179870363	0.369658918759382
0.41430384982577	0.709404032730303
-0.0797890835738106	0.0907730346256873
0.306788255454564	0.471621041738922
0.258081650290221	0.574392970632928
0.0336978424223758	0.0476667944438472
0.18926200905457	0.275657609265726
0.0440256795265909	0.0578607099549245
-0.0456766346250635	0.05440942270526
0.114175119306108	0.178695806702791
0.19829578759723	0.338728991174185
0.0490422173862272	0.0759294256841752
-0.497966186226053	1.23613852856915
0.3922105578164	0.445702604691805
0.285700009081364	0.247970098511594
0.594344210346755	0.734009962257273
0.0345334051659863	0.022785752244483
0.519158619575729	0.552646629880632
0.284637778936791	0.275956017990382
0.217462475747847	0.365179480882183
0.136398040912652	0.0345708776686656
0.406495103115482	0.67119254443529
0.134888368826331	0.204092665557792
0.00024097393426827	0.000382581780651912
0.256652373412901	0.414511148796732
0.190844621405001	0.275365297001497
0.380760556916761	0.799879205841035
-0.0239999651661451	0.0275156441415355
-0.151311616595449	0.125223065074396
0.295591992639984	0.611778521767477
-0.137396170054749	0.229419157916934
0.104638078716922	0.204774918426744
0.455595928362892	0.959911473732143
0.230841465677522	0.157359235855941
0.454832002468008	0.455885170517713
0.138643026177338	0.104647146494215
-0.101245221847976	0.152502090057954
0.152778683154184	0.135958728348396
-0.034830990177746	0.0422770225801647
0.399023388893817	0.870744374355432
0.0614467183746465	0.0703243565923686
-0.484713548649403	0.686508623198604
-0.574622596083769	1.26916546370043
0.223939852330868	0.343460056546486
-0.0718824866124516	0.0863825277864797
0.565869822840404	0.632350993882537
0.268722638220128	0.38623226694547
0.0252477730855964	0.0311691421974073
0.518265115197374	1.00216275971023
0.0503178211198951	0.0568139017252072
-0.270770217059553	0.359506709498748
-0.0763402864218004	0.0861739361613465
0.609313179573415	1.26228444933239
0.187268294293195	0.261456919196448
0.0790282764151987	0.0868021096930308
0.104654314472611	0.131201103574992
0.287881193976654	0.389122541094009
-0.343563174772272	0.467988148344899
-0.1319082400977	0.157879171492843
-0.33728893597937	0.525237058096585
-0.0719603142707125	0.0886075087653377
-0.561861127271218	1.1804393470474
-0.337187874808673	0.556566354296241
0.0991645364892463	0.0888094462163028
0.277001733927672	0.281165932662574
0.607341627116202	0.838558210970571
-0.10291822935498	0.132682413791064
0.322817506290538	0.539802019565795
0.0621206856894119	0.0780535692614491
0.187126205882727	0.275201828015313
-0.0792940414850844	0.0944360912502119
0.0135209773952548	0.0149155764978275
0.357202457923236	0.618721758220153
-0.112265002959402	0.14339967013483
-0.328659386021598	0.474186136289263
-0.647181488007404	1.28345791374599
-0.888666845490251	1.98550969326965
0.208562321164633	0.301151973349053
0.816971722764427	1.62059171944151
0.0795827459702067	0.087975174744992
-0.0914454953242464	0.118568089468848
0.0455946329780918	0.0531993920672444
0.100061019027989	0.115976879214758
-0.167633097414794	0.208599603080366
-0.202679338325545	0.284446213487969
0.323135909511846	0.458405158960199
-0.0853260451512642	0.0743998730337119
-0.232703958400137	0.236623501127495
-0.478798066285762	0.780312134439866
-0.325715554776925	0.275253528468212
-0.0963629721980075	0.0836360875476591
-0.474076035342537	0.724157036005737
-0.0251305909354472	0.0206424076314511
0.0987765926383115	0.0950090955456641
-0.928984839208576	0.91666993070884
-0.529758673390371	0.709448649116272
0.159556445027998	0.166522940255936
-0.720207093370925	1.06918126626139
0.326236605910618	0.438925849774764
0.718273642596077	0.532026013578137
1.47301118533589	1.65276906843217
0.199915750132053	0.188152881446149
2.56974107290989	2.37787724062515
-0.167324752140681	0.202117730585439
-0.035408136147195	0.0249997825189194
-0.391039811436538	0.59571618136923
0.0711985083353021	0.0745727251390287
-0.315981651383109	0.326743962051577
-0.369856025314915	0.599932962998683
-0.504807764396289	0.9050228325079
-0.342386817387392	0.337975069592954
0.733168955763122	0.62089699595743
0.147000355110273	0.138012973446558
1.01694402872954	1.47607057299143
0.712288602815078	1.21675555375659
1.17925974894319	1.74885351491205
0.681909479005453	0.700215985987336
-0.461416449574443	0.429675049980794
0.200071084322228	0.241601044858519
-0.0542996643307831	0.0648777578839837
-0.314223541374232	0.521305429208035
0.399178669907505	0.614421931164064
-0.337995811879347	0.505670283834491
-0.242753108171433	0.318176002009065
0.600849939773278	1.09516788141994
0.38965625218694	0.418173886315539
0.0928084312091152	0.031216186535409
0.24499408100867	0.149219339759436
0.269882932634646	0.141267610282816
0.336433875530538	0.257848655400176
0.616567695928852	0.503098430514446
-0.975549640887831	0.827183179638671
0.134069402566204	0.103688045841247
-0.00947620167795855	0.00783065308313093
-0.290959604008627	0.496629389195663
-0.184175193833911	0.262588939827794
-0.383062683691412	0.653006625806269
0.565050530227286	0.853846896417096
0.0407571871732501	0.0282594388224378
0.0898100857933558	0.100499896152733
-0.0945566915295142	0.121510359064678
-0.215660366629996	0.238648976210146
-0.578436196054107	0.96254036821123
0.0447268428212716	0.0419979044440552
-0.63097724923744	0.890299776586164
0.117182318662609	0.0768698061485185
-0.82784673370199	1.04632352437171
-0.170932695068295	0.176954830416452
0.421836230668856	0.364624379920114
-0.176592654697239	0.127097305580407
-0.118667919704571	0.102200937210137
-0.349205303641297	0.481849195395316
-0.290024106396657	0.390582103131796
-0.229921552421341	0.253811655092237
0.465872020601362	0.671621368775175
-0.0374226311977259	0.0463211539291834
0.181708784341758	0.229823225192239
-0.47482952565946	0.902125383861771
0.282983783494291	0.44736529784977
0.527384264169466	1.01662035735037
0.674588863375003	1.41243908831779
0.13344699364505	0.179942575052277
0.0960781819662373	0.113189480578321
-0.244873306775648	0.362503615688089
-0.391181154549553	0.679759780983114
0.238381888891582	0.378496185184757
0.00699986085269544	0.00839800485330264
-0.264243385502778	0.445212698523493
0.0335919596413924	0.0352952625377226
-0.571144634159993	0.645498999265941
-0.227919670923908	0.159188525836189
-0.568384086224724	0.71580584274809
-0.00735287085063146	0.0085879852787792
0.0121523819401608	0.0133856541802126
0.134318758621049	0.188863663667303
0.153854475005545	0.206033240748132
0.0622686625785668	0.076213926116961
-0.318701136243168	0.492378988989325
0.031499021698549	0.0356802598015424
-0.271921729315524	0.431607316422461
-0.222712292551806	0.317917636047506
-0.245545320549352	0.318064025788873
-0.318098901310829	0.418352444567332
-0.0429624559502908	0.0490156686903283
0.0820008330628574	0.0973204501370791
0.105918719304738	0.122180196530886
-0.117187317079996	0.142078937464596
0.428539204915049	0.763661177039968
-0.341873448968896	0.557719989154816
0.497405462589685	1.04607131145052
0.335667090112054	0.633655637418232
0.64508422981545	1.0093833735071
0.149468115681462	0.132224280879349
0.604820456580792	0.571721545355013
-0.691711155488316	1.23891281569245
-0.355368191276041	0.291740375759812
0.0995689135779597	0.0576417756026581
-0.7411274659267	1.02878692261359
0.633295094969617	0.668347110779104
-0.0297002071484192	0.0211058100013447
0.616351398403517	0.497287825751832
0.222449193678692	0.174818765171517
-0.101927147465169	0.0767817613573598
-0.185420097083232	0.14577486189591
-0.630808935783173	1.00004744109593
-0.556972065554976	0.2942667938639
-1.05347217435608	0.503927957773452
0.324687260956662	0.261823908300865
0.105639374321882	0.0307343652557449
-0.746614065417554	1.09635856900601
0.322389848514817	0.267443215322229
0.258354619138436	0.319299368204918
-0.305205029616331	0.329001723265754
-1.75292491320498	2.40219239395587
-0.140074714908824	0.162751850842414
0.168724983818812	0.191655510052602
0.480820028307736	0.375079219693053
0.239536060610204	0.162411212116639
0.632020527640857	0.508313140568803
0.446110691326132	0.35856241565569
0.382661093248866	0.440719573212064
0.981207590353431	0.966520627532454
1.46340163500747	1.66112662796259
0.884503687082381	0.544815898405596
-0.0116866198152519	0.0117109450689459
0.226072764220879	0.323799173130848
0.173035765532364	0.241589610072656
-0.372669560852628	0.629875537531655
0.225179891681119	0.332628810380659
-0.270228352055264	0.376341365995456
-0.801561079895056	1.93613571865981
0.249817822308387	0.331681194264643
0.301595301617523	0.356707884960694
0.394423995989102	0.436189830328064
-1.39109414673044	0.872928904364756
-0.145677552564631	0.0907460414246043
0.0836429014592398	0.0446696007679613
-0.468834927717714	0.265401461526353
-0.374780131075319	0.174393663890044
-0.452153738259076	0.18908390397072
0.0245003411076449	0.016099867723429
0.0175762206278698	0.0140267802362539
-0.458208665267708	0.841687661810072
-0.0521637960544997	0.0651731996164233
-0.0591688488394228	0.061117636538028
0.215760263274507	0.196412213866264
-0.175809556123037	0.144008541162907
-0.118123576199116	0.140013252160608
0.327443172274572	0.537169644454899
0.00606497144624074	0.00643764271331514
-0.116505238222827	0.135099193748897
0.265243086192005	0.285094502749038
-0.21001097857956	0.213866558790384
0.0321866852438316	0.0270614042403823
-0.128649317257042	0.0822798050340319
0.531205970189418	0.570443242290156
-0.504896587047934	0.63939913772792
0.629962652546606	0.290129301980193
0.620624649615434	0.499410388443921
-0.36023710870068	0.497727429750913
-0.125218204939508	0.116785365549479
-0.181735481509395	0.193249422756558
0.32455797290184	0.357139025494953
0.298015771380625	0.442780662762063
0.34610865268611	0.647433999385445
0.511017853826118	0.965261043694291
0.364032411741231	0.669921951329978
0.464637485097174	0.91197884655178
0.306077169846857	0.478094083418993
0.371295353794831	0.649373219563176
0.0852431073989304	0.108527121177184
0.0189805351553925	0.0216617639417887
-0.106054072183686	0.135288119359988
-0.263589634641034	0.457793260378106
-0.229790459409981	0.371023298496567
-0.561824127167743	0.886702995615327
-0.258409518876944	0.219256220175546
0.334555626406356	0.255704208167753
0.532793943639423	0.553240708574188
-0.0309162884362212	0.0409752186483057
-0.415856207383502	0.840793093078301
0.0917683058414038	0.128453901212941
-0.712812867434798	1.83656700394579
-0.0876646643951289	0.115475981030269
-0.214676960898203	0.310880804499348
-0.247397085662342	0.44777071254921
0.155621534150995	0.253162203363331
0.171164945164663	0.202801595295322
-0.443131522174251	0.654131021058351
0.280855694537966	0.298170263466224
-0.215949596895476	0.296818344344815
0.229553697494386	0.339754815452162
-0.562447715704891	1.16488974105222
-0.0904214007829848	0.124791265191029
-0.10391043561943	0.143160269631483
0.425782405762173	0.866917683886666
0.283397654341905	0.528925849512479
-0.0189884196054124	0.0248656289542938
0.158748540379962	0.138690089360279
-0.661809750439683	0.735883809373712
-0.621680259101954	0.572486035073391
-0.467194799153022	0.57536826822524
0.84216029239114	0.677070973536894
0.229864440466778	0.153488858687181
-0.828857367662164	1.270049757745
-0.681282821282114	0.809476581442997
-0.713636379248535	0.786915895659022
0.254315555187571	0.146460723463861
0.0859272862084213	0.0695509878668228
0.385605762101807	0.363131410989524
0.328945948602301	0.352361555894304
0.0974363604331487	0.0865636158232659
-1.08282045674001	0.962773439602294
-0.0951158970463159	0.0455713947602459
1.075234865141	1.14031362979455
0.373397408113823	0.144070370104308
-0.200094119832772	0.184220094390982
-0.240072288881286	0.184798668355585
0.406980428903117	0.52372640044913
-0.203199696470577	0.211004238177912
-0.37975654304225	0.372537856422041
-0.406428584551437	0.571511700793571
0.101676038026992	0.112646609516656
0.508725486674865	0.37717496799186
-0.346125472729372	0.221661164035412
-0.213619230895331	0.11948447452592
0.53239874615374	0.486438096083391
-0.611023899977229	0.39205027742704
1.29334449517106	1.11893514459431
0.656572213808979	0.48420727255937
0.286660718272538	0.367540353188156
-0.500524110212464	1.01731854843487
0.001393310427091	0.00149760142440233
-0.454256504284167	0.797099180855327
-0.432982590733377	0.885320349170792
0.0245951033139691	0.0274308785216802
-0.267645310488108	0.414780935682767
0.0135873721294779	0.0166032660518195
0.272263624807684	0.266980364522291
0.0861357582671956	0.0286109111540746
-0.403960093162796	0.330614268439996
-1.23001089309315	0.696385068821578
1.59090416829722	1.37592219066624
1.27093896152084	0.549439793017206
0.0911840664581161	0.0302428637663625
0.110726263776157	0.0708516710671013
0.14316620136112	0.117130325872244
-0.265979301141571	0.399476037970418
-0.413137024299059	0.813884327266134
-0.937494234010855	2.1302843676381
0.0476615982680088	0.0385124435978181
-0.0465365403711583	0.0575948166184254
-0.0525807310535923	0.0677634425230181
-0.333052606139936	0.460515920092026
-0.369067718800238	0.483034268153334
-0.312588273583396	0.362045329599883
-0.787105896158975	0.959423539268523
0.642130856037976	0.403359143600363
-0.00640179266169932	0.00466465924381204
0.290070165416278	0.274994263624715
0.0208277676511773	0.0218056540703639
0.732893405987618	1.2395758800365
0.104806361607571	0.146751474181157
0.173417556991144	0.2673872224504
0.0540713003413758	0.0693434931461265
0.111525052157563	0.161214451228673
0.27837118609447	0.473375373351465
0.141145130282959	0.230453259181176
0.0784749602620989	0.0918686507736653
-0.283729319661265	0.482062461598582
-0.492543730674993	1.08683675794179
-0.116611024487081	0.180276344168642
-0.671878514391077	1.61501101297252
-0.0942982054576158	0.138444521871392
-0.173146211611324	0.260650441044801
-0.176969626996821	0.208038490508647
0.442580745400367	0.674936779889416
-0.22459127304274	0.265811515057473
0.0832752087662836	0.118727392747321
-0.0617090444256781	0.0863923698323069
0.0672634123653868	0.100100180161931
0.051241397056026	0.0671731552607752
0.0273535150601993	0.0346308334319909
0.406548148996683	0.781198814183303
-0.0089796925994674	0.0112577290149286
-0.230765014505633	0.401846066114144
-0.215165865208411	0.314320232634872
0.10217432808188	0.119271736900167
0.131855717213846	0.175222385533908
-0.00409822965774554	0.00472217571485306
-0.0341047734993547	0.0392334122374104
0.411910060394379	0.750006049669689
-0.145226336590748	0.21542301668051
0.0948039496318157	0.122530090263994
-0.0113744722953682	0.0137610800356797
0.0981573595728455	0.135391417091901
0.210235353336053	0.358497895041333
0.135981794456592	0.149114111594537
0.127832641821651	0.132139384597981
-0.541643279776351	0.683599424230167
-0.0276671270865722	0.0276268764300695
0.542176405072783	0.793036672471783
0.4374033721257	0.519971887530703
-0.241161542753707	0.297689694723978
0.37150362506705	0.43615491699849
0.222857623186022	0.244788703328825
-0.476870159097256	0.413575899494822
-0.138713612169783	0.128592530547451
0.222093107949445	0.213487734836871
0.356557444775014	0.445359259546069
0.156101759122495	0.179908570287236
-0.210140558398044	0.18771066300097
-0.120982986082454	0.0905292034267036
-0.339022667833398	0.334154395727876
-0.717731326740981	0.801724661085276
-0.280848922615106	0.360841600498338
0.51436389829584	0.53784266110632
-0.0942808830924275	0.127851451263925
-0.961530367205102	1.82948346516302
-0.374708599280766	0.442910993057365
-0.208843587160479	0.261367417428293
-0.07398635608325	0.0821845068230365
-0.353633608540667	0.37615041599528
-0.112474167556647	0.0965995366742601
0.420931021967384	0.43833178565246
-1.09440556036295	1.62695224778183
0.886496138390942	1.12016556426312
-0.0541744870755236	0.0377746885895656
0.0740956515538842	0.0582850289379325
-0.562571722040955	1.01787372078617
0.095119666430322	0.142016868614553
-0.120979361493884	0.184471317827376
-0.222412149618276	0.355369036161905
-0.3980489015324	0.739390791654866
0.00788178826710739	0.00915744971043994
-0.163902970964224	0.230056829491154
-0.0554713260730722	0.0719974812871726
0.134560497308862	0.161451801927907
0.743697691489169	1.06575366724745
0.375017956694895	0.248495128203197
0.157340122784401	0.1362786597446
-0.114661286651965	0.0853390753950706
0.332531332455481	0.25776735672589
-0.0986060839520085	0.0652261977218566
-0.306531937854202	0.203058177340119
0.402491834297488	0.365746883769146
-0.340737087839929	0.418853737914312
-0.239702335320416	0.38480740911844
-0.0359780539875523	0.0491873625087219
0.112283410563605	0.139311380545073
0.0195379645002761	0.01921044595983
0.0838584033395289	0.115198262826998
0.475881124628236	0.985638714752695
0.381403897837271	0.658157574937062
-0.0710629188241231	0.0938015022788136
-0.26981962010272	0.37615813771117
0.364386168263645	0.594809866790575
0.0250657119777394	0.0232817123500143
-0.121036373283164	0.118968478326002
-0.107087008761816	0.0819641991592084
0.0355996963494853	0.0280439208250527
0.151239707217184	0.135369997531129
0.203810196102547	0.24810750629538
0.35320047864915	0.513884521196913
0.247917761566784	0.308852149107386
0.174975858371162	0.199381621348028
0.290270419138425	0.40966589160144
0.391181347960434	0.61681405747167
0.23557367025697	0.322818982775255
0.401776129041891	0.592615028666871
0.402939794225604	0.776393150915102
0.455314643575003	0.690866936203522
0.290624216271717	0.392753105160326
0.0345311054170015	0.0338034442799409
0.6454033928982	1.09456333540664
-0.160706341130849	0.238093202649087
0.0325018970125931	0.035712026576669
-0.114784406823108	0.134620045492326
0.0178592188939193	0.0227793186394433
0.395045362191482	0.604276580886417
0.467071957970111	0.672771040548399
-0.148569014406923	0.186499970772295
-0.00995474195223243	0.0115940941030003
0.137192000083835	0.179579528341275
-0.0515757843940736	0.0614630051381483
0.0415382294875028	0.0431328498163102
-0.311669232372791	0.445704975131704
-0.253859638470307	0.367303983039619
0.13179310927712	0.166934882591657
0.525439181055986	0.938438927930315
-0.11182838184763	0.103902733191953
0.106645761971126	0.125166661969633
-0.305613925648142	0.443012186568044
0.313892371247681	0.386899437994082
0.275948406873769	0.393636405586454
0.280220708313342	0.369891459284762
-0.218047887798596	0.283436752918625
0.564786391416059	1.0357381861561
-0.0663705519484109	0.0749758434740366
0.212842407623138	0.277697275202909
0.249421262523068	0.341487084993917
-0.370785087773681	0.527004726341915
-0.0532527465297227	0.0487572561711239
0.266896098156793	0.293367866863171
0.00338205833047064	0.00318121003494375
0.527727816253947	0.714422314473574
0.889984944706168	1.28743686319406
0.450936360806903	0.667323355421421
-0.183425777956015	0.174294227636703
-0.529470480179584	0.562934306785156
-0.3967114999985	0.415311677663108
0.431052831676977	0.434152062997819
-0.283836738291663	0.28094877221803
-0.394431311896472	0.431456775495397
-0.24255568349474	0.261190450741978
0.160900798880732	0.145969357095574
0.15465921179027	0.139662770483802
0.352260671132177	0.359415678927069
-0.565553961282662	0.604266480199259
-0.0807441979527437	0.0776977257031752
-0.0905543688493064	0.0768174597931492
0.262887389335619	0.357811996344679
-0.278896410396612	0.28332516532946
-0.345621424568925	0.43433795529666
-0.241526747559125	0.188575042707082
0.448351545510736	0.462320017846878
-0.216104716089959	0.186816060033938
-0.220146333984772	0.17483770578634
-0.107524970941336	0.0918048433876702
-0.105410821548915	0.10668148021187
-0.140620017703472	0.1709933625841
-0.28402984380532	0.414485225991866
-0.125525446498662	0.165222839803531
-0.173187654465025	0.216526372888405
0.296704043604177	0.402840805438267
0.212320414291943	0.293381815262862
0.280446640573567	0.414357958502615
0.239253288108503	0.317593951309994
-0.280692469548475	0.387114148468436
0.713744876534688	0.897658499101665
0.339356919539787	0.250927292549126
-0.163452240227462	0.119139507508731
0.506273946641367	0.553825137270252
-0.254074096559099	0.235969744346327
-0.620177634397965	0.697876774900439
-0.864229850543663	0.754383274970848
0.861927562493076	1.21959789097169
0.466388662909764	0.612245357744422
-0.278585650996882	0.433590243315289
0.141620692456444	0.163672619403265
-0.196464641463912	0.267931144392274
-0.268136776144186	0.293912149724772
0.0442156534576058	0.045692016387867
0.563156053924982	1.15522726058096
-0.185875156729418	0.233250470586852
0.0197650407656774	0.0205232149714945
-0.0158746162084928	0.0158870694427461
-0.42999564265282	0.560786410459447
-0.15143504975713	0.199111188063779
-0.0928791625698949	0.0794351709943694
-0.616863631138233	0.777791066209469
-0.0135838925119442	0.0114448061960491
-0.541403573705562	0.74915181573173
0.152538995035111	0.121731129145471
0.314088960068412	0.457770486781119
0.422705103564396	0.597007401670751
-0.440824282442297	0.679820055594215
0.463507005516146	0.676440323968015
0.26035170795591	0.302876867451963
0.352824868709896	0.557760062285199
-0.792369781024371	1.21267154145885
0.032893464783537	0.0316032826922754
-0.15916651466291	0.158671219666998
-0.112457364990619	0.105769946079762
0.200010287259611	0.228688031244511
0.088661166585453	0.125810434632231
0.707893899021692	1.27005590636749
-0.33034621043801	0.474842079319253
0.103290752964886	0.118116083436207
0.0548789171551924	0.0658595184105893
0.493008909696744	0.828018435928979
-0.472877210511178	1.01488080639485
0.272941599701731	0.455043064781338
0.204133069809104	0.238122646435375
-0.00647977321870255	0.00658140184524408
-0.292270594980442	0.400971430139114
0.203358319760778	0.235886155748494
0.0173466040356381	0.0152820242631184
-0.0270336222110597	0.0252636561043076
-0.133093251714049	0.15408451303487
-0.00996405115117918	0.00941523135933586
-0.0493324911431578	0.0563983863401438
-0.17697801455983	0.246796595238857
0.54392869435318	0.822874571735889
0.509299728423615	0.69529428487137
0.15296752479317	0.153523470539298
0.411041990900029	0.613499028000127
0.199602157497674	0.242873781349712
-0.568202815724417	0.882166433092641
0.591490472336522	1.0321932640853
-0.17932634261263	0.240753750384285
0.0969017252633194	0.119715017541996
0.0621948002359127	0.0652284196663013
0.28862846354491	0.367337416700222
-0.327235984930052	0.368323088904198
-0.994482181954252	1.86424334094999
-0.273557365892381	0.299728760533106
0.0117136373012854	0.00982916424370505
0.46698853980185	0.618405616111793
0.344313947584389	0.423172089329557
0.0137938391924242	0.0121140409141205
-0.545473957023477	0.624518005062175
-0.151756307112062	0.107930213256545
-0.176201499285153	0.172532705690551
-0.42686286498307	0.554988557868483
0.0440545344734801	0.0388240346107019
0.302649862065342	0.243550776209151
-0.180212911924301	0.175020945791697
-1.1315105696106	1.40064308097839
-0.509690615451432	0.67519918317871
0.0608516719155624	0.0519295193529081
0.174427596949178	0.209916828891259
-0.0177697459876714	0.0149990880689724
-0.337048593543599	0.333807728089087
-0.676240511114838	0.803027342885286
-0.197313944485482	0.175470383056526
-0.306019107578584	0.408874679705796
-0.0151558613000673	0.0163582277603992
-0.52421760480275	0.951527176503095
-0.048613019639497	0.0536644276122866
0.120016038256121	0.127107671588787
-0.252537869523416	0.351224809659101
-0.0343512084196104	0.0341299575127526
-0.247361125341941	0.329177032203601
0.0392077102539317	0.0428254652484639
0.16761423459063	0.157145862086681
0.161755803122477	0.0320254240836173
0.0933616897770409	0.0423236811900085
0.485631985919554	0.531972337103765
0.207830469676077	0.180621623700107
0.559851600777308	0.549268280169101
-0.316782184521047	0.237112266223952
0.442535115629849	0.373328418130073
0.385790804386328	0.434658965162707
0.199111726728753	0.243040519855202
-0.285151075056265	0.410846124856388
0.336173636169881	0.459947397917355
-0.183054989031699	0.219910824274874
0.111668152240728	0.114011873672908
-0.133037050237465	0.13097315974219
-0.344784498051061	0.529864473505672
-0.0174417337054584	0.014646339088507
-0.587377674138805	0.946433870899977
0.318030817064107	0.452120351671054
0.902604143719297	1.19995622617671
-0.513272961082003	0.942544065143285
0.305083939937165	0.257695827921836
-0.0739831500829058	0.0748586464415198
-0.589345033586092	0.698825298629016
-0.131355843393452	0.120919331998745
0.0734961122261005	0.0588781660443342
0.118960024344377	0.0909352636687131
0.218433931713883	0.17221727737388
-0.561531481017863	0.6565925492573
-0.234279892424478	0.200720888130733
0.106014731152995	0.094894776252852
-0.124615813717697	0.149627838492843
-0.00878074943728482	0.0063331166304952
0.057121224984933	0.0501411896115488
0.455857524633981	0.465279980861744
-0.0967954859204949	0.0750290007509249
0.283232778883775	0.281756619933962
-0.716826040171908	0.796948397609526
-0.32481512476008	0.623284680637672
0.0943979229862553	0.0875073472682473
-0.599312228156729	0.754308253338479
0.0000346510172754868	0.000091531218893905
0.201802496504282	0.436101037393988
0.53770406179943	1.67281599270743
-0.273153722840551	0.682568568591078
0.00212123430001908	0.00211351419472863
-0.00748467893779248	0.00627962749294517
-0.719495647805829	1.14024666108244
-0.314849558299086	0.324557738318249
-0.195577406261485	0.203946984775581
-0.253771397471671	0.259164230751719
0.446946826589182	0.518462823538925
0.264819151234737	0.3003381775953
-0.734300231648279	0.941679563558713
-0.0410832740310809	0.0498374927882408
-0.100111981682383	0.138709835857797
-0.246960841379212	0.250454086747032
-0.407155576069272	0.45179324262494
-0.579081594404258	0.730495695783968
0.274617017952801	0.262005484399333
-0.210458877890955	0.200229757238389
-0.398189798709515	0.437467177949697
-0.0234598220585903	0.0189848248479301
-0.349111799338238	0.42749356937023
0.150671079656508	0.296403939147257
0.100697311455821	0.144836311472589
0.570062092356773	1.29932216405946
0.390667931310152	0.509907196934371
0.114462930216616	0.170621690153221
-0.104759199540661	0.149616493315148
0.100400088262135	0.108138854943209
0.190200501587325	0.277405517334475
0.248136545653159	0.351300392675173
-0.0425996605001332	0.0538388014563192
-0.23114088756872	0.306820095523046
-0.292738931619426	0.305547070367647
0.323468469589302	0.418783448792582
0.548635746071231	0.824244022385172
0.185753958060395	0.310683655179455
-0.587704018028641	1.00317796718815
0.132248967393529	0.153434773895191
0.194990211959773	0.321937751329824
-0.507194225639102	0.934135269501938
-0.0526946510701622	0.0595659371528859
0.020749282779347	0.0268205876553511
-0.281045671619472	0.570745552154094
-0.0262082899132127	0.0360278968773786
1.28736023570197	2.36245592107253
0.346924665916678	0.363560121305467
-0.233189434104757	0.217631086816848
0.287886950577307	0.285710805796302
-0.223672627175161	0.232244936927164
0.161714422267993	0.155632317594662
-0.209980072635025	0.233996114979708
-0.1456670002152	0.262750431478552
-0.675422693811345	1.57528614520967
0.937298986774759	0.239977443643925
-0.0738587856094528	0.0707294089341871
0.324428686100335	0.601988667376835
0.470391804157343	0.812797817191065
0.116752570194322	0.145637715008668
0.460787632843645	0.86465959704967
0.253800240623544	0.353639254186944
0.457737154857146	0.815503000394405
0.0991128438696735	0.151762634499848
0.0688191604476419	0.0765467517368188
-0.136746039922161	0.126983890655332
-0.273028877622355	0.460806815113555
0.571183429099654	1.3218071988619
0.088565067659391	0.160670500948431
-0.646219386700207	1.35497962585626
-0.8308018813154	1.24504382232804
-0.250335579278028	0.254328510845376
0.356633323028586	0.356829790837157
0.141004222039485	0.123841476894085
-0.0313795721267909	0.0398704120983033
-0.396913481538964	0.386738309815743
-0.0961645969452621	0.112926723472134
-0.279684810419368	0.471930403043289
0.059035848842335	0.0620411536082912
0.306218010669482	0.341597362082258
-0.0372160623157109	0.0448933859618373
0.0386853336212971	0.0444646991330076
0.340260777691389	0.252856235050277
0.779361173325846	0.651074601795729
-0.864466922950088	0.673902933310559
-0.470804620896777	0.267262256797703
0.0982686799445775	0.0594785123268308
-0.973244184765385	0.819970776633727
0.484326445975324	0.627603191546527
-1.54120014139525	1.06989176344731
-0.73831935286028	0.508824760070912
0.786006376117275	0.530311583709375
0.303694129460632	0.145769980787749
-0.851334238609441	0.467889563822082
-0.975497439587671	0.814602618855292
-0.528759613225845	1.02089058421143
0.461362209369113	0.370879109159648
-0.367239382083931	0.330311135900494
-0.0695413566985282	0.096282071918002
-0.177191722106874	0.415038547260915
-0.121612081842988	0.254457855684603
-0.305990429937616	1.01436566184136
-0.154713583737491	0.139326304152564
0.10883794113056	0.0620734046522504
-0.051158421678205	0.0273888264096056
-1.66313245140955	1.86353486040342
0.0893460710129042	0.0447222604351135
-0.0744283243640649	0.0380992978979339
0.240181467608328	0.161676534349004
0.541330496837367	0.384140812410887
-0.0652504646173422	0.0437180019881983
-0.0552053964011304	0.0646991620370192
-0.0735607472858905	0.09489011868493
-0.258009682728207	0.140210785151584
0.820228012682899	0.865000591400445
0.896246605741703	0.826507923265911
1.50564839092628	1.49016522825923
-0.183435712022916	0.107600356267438
-0.397417790040443	0.275660210701064
-0.61212287703052	0.385611841855542
-0.1634379170401	0.118490462995008
0.0566603175811543	0.10844085804905
0.279667696020269	0.611054225208123
0.0350066746339494	0.0584520286007968
0.157696362151841	0.238061915615785
-0.377866569285934	1.06687086521111
0.0386733253361678	0.0621178782275477
0.198740078183086	0.345443673168225
0.637937205991864	1.78520393111021
-0.0888467806373636	0.140872069559088
0.286991222274471	0.625793621648166
-0.325863048359091	0.600557009698139
0.0943192832393633	0.122938171392128
-0.136150530224527	0.166507629799052
-0.0247067121983984	0.0297945470868031
-0.0587143834026347	0.0984596064003947
0.540748497358016	1.12862792665413
0.356345175919786	0.656834303938376
0.449570759437351	1.2862320512353
0.0261167685521047	0.0347324487702607
-0.0560870307328983	0.0843088255626797
-0.0224425446722658	0.0360687669163436
0.0347435221956336	0.0468771930845153
-0.0856519407229267	0.139085072497
-0.184264725590056	0.40426758058383
-0.484870155742526	1.04449449051657
0.226860937392664	0.172491368335104
-0.85552172367802	0.796314703986236
-0.225697052696283	0.12943705508925
1.26483933472059	1.22759698108946
-0.462299925317219	0.256646477909814
0.477463953906784	0.370159952325596
-0.310368807478883	0.232112386566246
-0.490239978749548	1.18161363372432
-0.038678705242149	0.0530464350476969
0.4722053587279	0.167529423907292
-0.0452678147977643	0.0504273651497084
-0.0188589693834026	0.0293243288779004
-0.132760096915002	0.223434993011882
0.0996622126543404	0.164694927703982
0.279621295777925	0.600284564903743
0.269566534969587	0.576818688213146
0.184153149058364	0.347040106239777
0.0329990664480685	0.0497771569775006
-0.521051332385753	0.850202684429799
1.07533728814167	1.1241207558328
-0.349695404941315	0.722025362055319
-0.00789628879576079	0.0110596421063141
-0.265215952105658	0.72140126760469
0.397112942375618	0.623362158116851
0.268390678825292	0.143107451969408
-0.0493730061153123	0.0263301124462182
-0.0743212926099769	0.0502459823148837
-0.196615132939663	0.323143590778769
-0.0371716771600194	0.0517559154708013
0.053147122193181	0.0615875624562895
0.263510290364925	0.293599435711802
-0.129386019938208	0.203012190448059
0.0611053314369018	0.0453100656711369
0.303423414550568	0.239920631877518
0.973895971698147	1.52645492292473
-0.518877346032482	0.563251746944921
0.880285524876869	1.11283792360888
-0.104708175467771	0.0800211721377677
-1.03044603471999	1.28230535450042
-0.0675674379793031	0.0535932940604547
0.258311224116581	0.30346186765999
-0.747356502499279	0.982493401958592
0.541005562152841	0.648896058050549
-0.929552005938776	1.17230539125833
-0.536096565197771	0.459093422094435
0.589543920911434	0.65280138412178
-0.0649137635366153	0.0488452456802538
-0.184191904751037	0.243036333908864
-0.311586349500489	0.287024876944018
-0.704050472423954	1.11171265902386
0.280822000258531	0.53303394529208
-0.399022791171292	0.935529258884692
-0.0829726107269752	0.14211663406925
-0.206187416691202	0.388079538410704
0.410580358178602	0.573541785691731
0.937440545915094	1.14332087562879
0.267246857948086	0.2381623294354
0.475566240646025	0.533281104492057
-0.301968461798134	0.303752117026105
0.749229363640291	1.00602938927314
0.599768079769462	0.600740653293429
0.0696764808900422	0.0529955071851114
0.222846056161133	0.211566584121738
-0.309549836850777	0.515413483096465
0.024773720188506	0.0307776457241209
0.0667301187351965	0.0652646260113102
-0.480039834864468	0.459289448768489
-0.671798646834562	0.821648219792429
-0.950353963935699	1.18766881864347
0.0709677038628927	0.0554840930648391
-0.315822251816883	0.306086314740775
0.0828994348225122	0.0674432923102294
0.597975387415223	0.818253395874237
0.0214870993661255	0.0326157979348799
0.107147390359276	0.197529929814819
-0.0605856806040412	0.103616051937766
-0.239521438586314	0.574783489093886
0.0901675030133214	0.153936881790423
0.0762901342004124	0.129630483618286
0.275391647539149	0.694197805020526
0.107830728481876	0.167838140019943
0.304769301706938	0.749913000634306
0.147581928165395	0.29233449131808
0.414139393219752	1.05726351444929
0.113417515149507	0.189383177146921
0.42058756994907	0.832327686344285
0.175837580295495	0.315268808540062
0.0914454608843593	0.145578221158068
0.0670237451523509	0.0905509139360734
-0.105814147911749	0.171948211745803
-0.299760379659579	0.508033153863681
0.0820866361803673	0.131370738056452
-0.0332884044061383	0.05388035161695
0.0227471733128158	0.0354468901620787
-0.431057699701169	1.02472186796531
-0.118947113016202	0.19735390289848
-0.0816680488970559	0.106987304039384
-0.115469788352362	0.117798237429782
0.64150986765149	0.697958576349705
0.287455033063252	0.279630264188014
-0.459228419469572	0.425302913365807
-0.417085123931452	0.424511822476538
1.12546391007875	1.56924375265019
0.363647252079922	0.458441785361475
-0.105595490896557	0.151903391576398
-0.431604798374904	1.10240888115171
-2.33783505877168	1.20279593921366
-0.305760429751152	0.38650633598648
0.207727677708875	0.325452855373509
0.0995777904528881	0.156695142599242
-0.624533694179552	1.66430466453713
0.0376978050996448	0.0465313919395315
-0.197163596011651	0.311552165025765
0.353559199935248	0.826908453972275
-0.67336205660543	2.03825028936441
-0.0209423458047132	0.0221837627589789
0.108761195546418	0.108029333287282
-0.165891977309532	0.263222169793656
0.0786765931025565	0.129095655665997
-0.343139128137218	0.83775594384541
0.418099152368965	0.695419308931349
-0.301741437267091	0.253630059404344
0.0715447298001941	0.0550547389676446
0.071403601252994	0.0861131193975868
0.456555977442474	0.459456399590605
0.103686394041274	0.122279019286381
-0.101079674033804	0.130115514532855
-0.0779325321488403	0.10833448522191
0.224080927480936	0.315396935342
-0.0171957667792444	0.0182881669918271
0.115425023501229	0.0700606633150829
-0.518263889608082	0.482548289400066
0.22473203038187	0.150628411940289
-0.415543082050361	0.295451479800607
-0.906220788083169	1.03989448662885
-0.468319452793339	0.269967506697194
1.07316538960756	1.02003373945346
-0.31590555310994	0.399675669355309
0.550920575199993	0.38350395767323
2.08271545361712	2.55265020901006
0.657159839122702	0.619792108094052
0.727410795974948	0.649462411746879
1.50985280240579	1.51084157598945
-0.776708717068348	0.738862018942636
-0.171635098017765	0.245090763957744
-0.0583367837147988	0.0402272243507794
0.126789438882544	0.091904456421206
-0.704706703401592	1.89962042006409
-0.0440778753401042	0.0771830074399444
-0.256756208755361	0.651943587640557
-0.125500801006226	0.2708859070812
0.311865034949096	0.352475899761811
1.16232480012077	1.17647030154058
-0.575828149862383	0.439865750254006
0.556418141592016	0.492829186044083
0.0919674105862593	0.0496763266927996
-0.0968648807172976	0.0622660884713638
-1.2352065067338	1.04696525212534
0.54798458161339	0.467974391728205
0.00548765939876581	0.0033526501686746
0.600600477431915	1.17965276076645
0.0787403382616783	0.0894985720689819
-0.00166211923142126	0.00124602812138214
0.119628704752172	0.0805164249347536
0.12356792587934	0.0856281089325482
0.727759661109168	0.638660961918272
0.228615354803901	0.162863380235229
0.334553527154952	0.145427058605673
-0.947241257146317	0.872222686216933
0.124320707222553	0.0862427791699544
0.0616800389258619	0.116716286241438
0.189942514565328	0.356670520023402
0.0396554505805539	0.0642143505667421
0.19409403806887	0.379965640733077
-0.0800127609893298	0.145239957763905
0.174716462878568	0.350040343415031
-0.0992660607560925	0.150818098769872
0.339170394925195	0.78493351692992
0.128747795825464	0.22156298807627
0.025055808111849	0.0403099588382678
-0.0281768654321836	0.0395055055764944
0.333364907566634	0.571449191590136
0.617017182982936	1.41614122871674
0.388744461023897	0.702990231576228
0.0304409831405262	0.0487400139348064
-0.0125936869603646	0.0156420091951131
0.0801922474261672	0.115913470292765
-0.330400253028758	0.802173548703221
-0.0803383931012276	0.118388499235466
-0.106871948868061	0.170877787842065
0.0644669207070387	0.0692451925107031
-0.138413761675625	0.174243792755947
0.0638054937180039	0.110793309060544
0.0948282670749698	0.141322922470143
-0.0174818814482437	0.0281235891187173
-0.199904411210398	0.328352805940325
-0.198586496106123	0.418666734310477
-0.354748375546737	0.879671512859045
-0.283077480648305	0.484142574699907
-0.295103436690717	0.245162666590885
-0.0783393939381001	0.0399193162893294
-2.52523831837384	1.4426480041839
1.8258518048144	1.40742588916203
-0.0501337701383257	0.0273032574089652
1.69879707577798	1.62039489442644
0.14519302117802	0.116674537316896
-0.323400796779896	0.622864821110833
-0.0668293932982885	0.0904242959123429
-0.388146291041484	0.112088272718431
-0.473758519166391	0.800198116196229
-0.100540408190956	0.162524474434496
-0.189441228224288	0.338016247099072
0.255379151255222	0.502418275114389
-0.112446513042744	0.183637179549608
-0.0231176980673164	0.0306290525547685
0.0824595585559489	0.138814566581664
-0.0224053088664017	0.0309610913165896
-0.232466153006292	0.317989405159326
-0.86393483265605	0.758421819775176
0.0865092493302832	0.124885234441082
0.226898586131524	0.429096107430516
0.264454653284031	0.626912703473233
0.318934110763045	0.441277796835139
-0.2556438313299	0.175051464163217
0.474897430509036	0.261742373848466
0.792479663098427	0.554653373514818
1.07424706701368	1.07854225030462
0.0250617920171677	0.0290852637769642
-0.211474517583872	0.353734260327539
0.345334511852643	0.634086112615718
-0.0573487842557044	0.0564082465330653
0.0853312670821203	0.104493722846032
0.548845244566375	0.722934985986096
-0.218683568601897	0.229346043216172
1.0693137357205	2.10061673301408
-0.0968124757197748	0.0910180602534481
0.0449526116912039	0.0385721779860281
-0.877164710351659	1.25700703923714
-0.322318774644324	0.322548651394121
-0.687593992770009	1.10995817066362
0.189354482914196	0.271952442401756
0.214673860105679	0.194487842993725
-0.518060189776685	0.617016447876917
0.0816800430533189	0.0681682462818387
-0.727526877938454	0.894319075532772
0.224397910541542	0.208517001767109
0.224996229117802	0.242890645664422
-0.329337241976583	0.718441202212623
-0.287635582827221	0.329606328101381
-0.156760702730295	0.179137290376703
-0.0178023990752754	0.0269991470925782
0.269430116252044	0.740353600704836
0.0168162005811851	0.0275263581101528
0.0787884296794737	0.166212203098228
0.281915059435351	0.425153121332535
0.217006800853928	0.234923731396789
0.412337769089497	0.511008510843249
-0.602389856401477	0.766964128294429
0.459552332423768	0.461502198145197
0.0685035251147267	0.0539162003607643
0.288782274587442	0.293222549887471
-0.200763436036818	0.20797139418496
-0.335523275498007	0.304590307037345
-0.334072624493306	0.755657983998353
-0.409465139960539	0.906809293931792
-0.0104452971785428	0.00978654127569135
-0.0772032838111387	0.0679953986281168
0.809392420144867	1.14367185026373
-0.46091570695445	0.553484997986276
-0.191059830837224	0.171632855769129
-0.318038757557686	0.314760072323823
-0.132816890844117	0.123168754957932
-0.653953007637859	1.16708140391635
-0.0102276561953803	0.0175266929511541
-0.370305094336787	0.847136693089425
-0.216580858235924	0.447596165730865
-0.354475302797815	0.718151837635105
-0.121801905640869	0.229474922927223
-0.457216676519944	1.14306866893051
0.202057269360132	0.340636046803937
-0.257505031556157	0.511508911205807
-0.0188335697452577	0.0235549203630332
0.172651983277118	0.283779384920915
-0.452916925075317	1.1391859976777
-0.264961380473069	0.436603713603284
-0.185066403926868	0.287437442304199
-0.545119024399316	1.2116481233297
0.103385426697511	0.178941807200345
-0.0898067248450936	0.105060029443342
-0.049403764454859	0.063179684949819
0.13568228330567	0.229169954049825
-0.0313270396563782	0.0436763463413024
-0.590598046043729	1.35498832450453
-0.0156131561407654	0.0242945750050898
-0.260559892309076	0.353773651946436
-0.173050105044285	0.273379230136657
0.091839028608956	0.144614507373656
-0.434014752374141	0.898795925380391
-0.103043337853343	0.161076830600462
-0.281171213473475	0.668343620382167
-0.270396807006801	0.587893023086742
-0.0372426639559112	0.034472448919766
0.66988656973479	1.01921624201714
0.164737215920214	0.152164740668775
-0.238838541666912	0.263072543697438
0.504268279431712	0.546780567632573
-0.155905027864979	0.128686808871303
-0.0403568825944799	0.0372152018888722
-0.291894891945037	0.629114048321987
-0.0518917561020815	0.0736575754825244
0.156717287362563	0.0309763327377747
-0.852023954931983	1.58000687272191
0.18250021939375	0.299862965302817
0.0264213009162006	0.0303531759824476
-0.301597292951011	0.523796947126971
0.762714529297875	2.25724259388792
0.031643792681056	0.0387504723050953
0.195983746940071	0.313947477332358
-0.075314124873111	0.127152627803702
0.113195738172463	0.181121885667004
0.0302574598177192	0.0286263633457416
0.0263923863308818	0.0373278625629209
0.244200603053646	0.490693656913001
-0.0358621404298054	0.0594606397230073
-0.0477314224431971	0.0581168582794202
0.268273633256945	0.272870473822182
-0.427668914262676	0.42609442786854
0.509882026483071	0.557270767049346
0.0605389462908985	0.082040161718513
-0.0542553502896685	0.061573513612916
-0.0348346320263825	0.043279051309815
0.0345077175758385	0.0406416208988958
-0.0868631160150823	0.119935026147872
0.295097097520184	0.56238703874823
0.19912682112538	0.392214667574074
0.056189918394548	0.0732348814137994
0.0614117975155657	0.0748686037424472
0.181507972168792	0.258492086316455
0.185895871046281	0.282567226481481
-0.013005770923272	0.0162342627722525
0.417024292328673	0.775729143201138
0.21455632359281	0.304338411354919
-0.236792906042818	0.392328839055777
0.25338349112239	0.37695278445249
0.606100104192272	1.59815151444865
0.13840646463164	0.197490555156092
-0.113226931925672	0.160160264150003
0.0541667875470582	0.0678940424682422
0.0698157360518779	0.0811283905044938
0.133761174332317	0.181247958388286
0.305151335668056	0.634394710951907
0.508962250970609	1.26159375779965
0.217097323841662	0.373020645222528
0.0622735019737641	0.105181592002799
-0.15946435258656	0.199437812311596
0.166632698495622	0.200477038116428
0.09609124764433	0.117470533575715
0.265840693824241	0.499656620755865
0.0516378786383748	0.0634845130844268
-0.149458418296612	0.221311493370064
0.306913842907252	0.521453787463073
0.208200472915574	0.330796951474093
0.322151359788393	0.516617197174091
0.130682222267555	0.184407680075436
0.0306214016769382	0.0346991801294374
0.085180751147562	0.108584320808081
0.0345260520221451	0.0477957582771272
-0.0755811615676447	0.105253002382642
0.242371937264116	0.412937484894352
-0.0110371991503214	0.0134768192686562
-0.0203550262539014	0.0232342648499481
0.458860666876308	0.911653040393737
0.185936243688907	0.265218998401206
-0.101066327565635	0.1289459882104
0.47133297351779	0.985037782654227
0.422535239394485	0.956850054044842
0.0560848001111844	0.0685789947106618
-0.0683203702777394	0.0861639361591823
-0.121326956675781	0.161150211198502
-0.491698986071472	1.24384493139854
-0.455697409078919	0.613316088199099
-0.233466998875613	0.353253344335901
0.562227924331884	1.4735683003213
-0.293079709916189	0.453695703846783
-0.185978440095644	0.292940342921817
0.305676415662325	0.356363968340271
0.325572559452676	0.545691873349117
-0.121277005001319	0.185523008834776
0.159125826401855	0.247760217519576
-0.395488717470221	0.953029125826877
0.902934020039778	1.21250620024427
-0.180895650000438	0.148290290927826
-0.408594094836627	0.685600502047373
0.131773009097878	0.0943017425804922
0.119849434553801	0.160730119811331
-0.36967509849264	0.48190609128646
-0.498707044091865	1.2268516727479
-0.0699192821800187	0.0931389872195286
-0.160305306061548	0.336047925854911
-0.182986574687669	0.39900329573945
-0.919961070248778	1.74214674464829
1.07731127097625	2.53354377160838
0.434222275092038	0.759001414924232
0.0123841469331601	0.0128831261829028
-0.0177533923863453	0.0224159707356101
-0.156791219859438	0.178510098730094
-0.283861122029964	0.522829916489737
-0.0636132327183503	0.0819570557821009
0.549546993972098	1.0990067760312
0.587626285640876	1.07462801664532
0.0628836708014389	0.0798657323911746
0.548661867588494	1.16421596940954
0.385797496067469	0.830762420430625
0.150864360029642	0.20318128953166
0.323015011223301	0.468337489004066
2.05859332910044	0.903250303418596
-0.940028334085427	0.936259946252981
0.166560996228274	0.162577355283599
0.336605825617786	0.361135818407333
-0.479355500505028	0.516717831272157
0.00491782473167446	0.00290200332404567
-0.195852829059918	0.17471438273547
0.370521170890046	0.445289394438637
-0.147325202300859	0.217170296837108
0.490844720413572	0.787324279353919
-0.5170454620701	1.17266326621885
-0.0393532133802325	0.0464915193296034
-0.189843793816056	0.257982701168854
-0.0323272047929034	0.0344149897718459
0.566033195202017	0.574463099742033
0.0844762539087613	0.161481437259324
-0.0931921419455861	0.182288039037426
-0.0365985299574151	0.0470700213008626
0.0561314422516238	0.0612728265947924
-0.054334128314339	0.0573851513175006
0.449202764068749	0.64654496018903
0.391835889119407	0.61757695880237
-0.209840351952265	0.288604914116153
0.348541725043001	0.498820696102228
0.214272707349146	0.256709046129588
0.0763433988127686	0.0881097462481695
0.218707465639648	0.30876998356425
0.276026798768559	0.593717230282429
0.717412068424702	1.4092866238191
0.202749632091214	0.275165270666247
0.346799934296264	0.621467029904718
0.268465959311341	0.469634745265778
0.0369887857617029	0.0496175736761741
0.173651595331128	0.398082793304889
-0.0734376682724231	0.113691163378344
0.547953848484351	1.22523329295834
0.349643961538894	0.67551896780122
0.404144046894597	0.729680869825823
0.220042705285953	0.319386441697497
0.292622377461956	0.468294326114466
0.258734272642074	0.3892942554364
0.247574454697555	0.333803712377302
0.682232689987447	1.33302899261059
0.190666918887497	0.343384458315592
-0.0148722600340366	0.0188178628048059
0.321900591292227	0.464713579108213
0.727957167590898	1.52934677964896
0.171269111851765	0.211250175822074
-0.479635353412219	0.845563309808201
-0.462583034617329	0.682195457454236
0.367008559373215	0.596852099494602
-0.204791046286139	0.340931210665083
-0.229223444632546	0.466155824425329
-0.247346922092036	0.406522669483193
-0.330536980553338	0.597711833016067
-0.432233130518685	0.996284239874827
-0.448285005478531	0.684994937606114
-0.222035225360845	0.346131552199049
-0.0833741285655334	0.127625161837366
-0.0928135110285038	0.116922904836547
-0.0734328775240354	0.0989109029748746
-0.452779223176252	0.689932745743843
-0.310629177185602	0.524378529423802
-0.281720826909577	0.421002751840943
0.46910039632163	0.935215206816286
-0.24473501188833	0.436882680117701
-0.471609919642971	0.663160780960133
-0.617550320624948	0.899170349428701
0.0634124060223302	0.0680547864904582
-0.166482482762344	0.163820404446191
-0.417645666053896	0.765395387927503
-0.137082218961386	0.165431208056645
0.344789816742138	0.68940127728347
-0.0221114516950832	0.0247693088240281
-0.308806351647573	0.424143137170803
-0.0670371302587464	0.104744120772419
-0.119800264001018	0.204861552004788
-0.200578080657223	0.284761053893036
-0.522519390464946	0.874142372079415
-0.0750112828307023	0.0837313302908413
0.155575775946236	0.222930619462173
-0.13365672009721	0.195099517689012
-0.146682875199432	0.192818052805264
-0.799430657036871	1.27354246502973
0.358672029813143	0.521174041369791
-0.207213485114487	0.241496060363156
0.360360589936451	0.549143103616236
0.450114625146404	0.75926424394027
-0.272555628270332	0.543516240470109
0.203968980084533	0.313993756803476
0.111104488243451	0.0320906979761394
-0.350135592907792	0.224074217052408
0.458699498854113	0.537392505688966
-0.317928510414406	0.353016387640358
0.458293864885866	0.539291839931395
0.230920152578491	0.145480794074898
0.866417407902383	1.1703427648811
0.324800265363849	0.5375821027708
0.0297059541768982	0.0427349919852819
0.239699548363848	0.383699556311394
0.151994037751398	0.226083636138568
0.327041947783062	0.436646347123549
-0.133769031233392	0.145114339613768
0.209643871247652	0.243707205595341
0.313941916617244	0.437783683039357
0.227696828725516	0.540080297890123
0.0593180008229781	0.0835875430640028
0.00153748519802354	0.00254567417007591
0.00261322912074195	0.00373093230142806
0.0660319317529167	0.106030874322967
-0.0313058213423807	0.0481051681373865
-0.153309366801549	0.270002588908796
0.0450614562324263	0.0689136456544938
0.233246946576831	0.508922934487439
0.0405404878396406	0.0642042831355375
0.352217268093052	0.340167780943519
0.270338244200565	0.60750847725126
-0.0142280749864635	0.0212427504972503
0.121805248214989	0.200413594418584
0.210496742383976	0.394734015029281
0.118976149329639	0.221576300243918
-0.0731342548740158	0.116239549157706
-0.0169737474415125	0.027435910632283
-0.174961029798698	0.225414392055119
0.0567476907622314	0.0599296677507841
0.113750046435831	0.116155196251126
-0.394593474073845	0.632007452463678
0.730894879779597	0.810615813888738
0.510807140660505	0.626041826828027
-0.0374091501190712	0.0377848339309616
-0.462064143531266	0.562718761794915
-0.214321032384051	0.201307121169013
-0.0996190396376092	0.0763461767336235
-0.986013491646212	1.5926128146875
-0.71575615111318	1.17978291414247
-0.317635940439883	0.398035456315729
-0.335152175624289	0.545059289467421
-0.507744647493765	0.399461571845209
-0.529561126584718	0.359095801970815
-0.203815217541615	0.144509058040412
0.298462951364588	0.140747898679679
-0.418383729431893	0.519725495745237
-0.31540982748165	0.314688548386498
-0.0992908317593148	0.118954331523316
0.113686166913298	0.107159811237411
0.0186683420284154	0.013728006518269
0.0602479248828938	0.0800492909132092
-0.0833924928635465	0.113182033328784
0.145022827335763	0.117681157787999
0.126929172055892	0.0944664103901596
-0.26170510270349	0.421707636381801
-0.223070130599015	0.458201079705368
-0.136705449550496	0.235633291052353
-0.0990073301865462	0.153213334118967
0.120261004875546	0.197604459241255
-0.322330567753937	0.721459756317913
-0.648839305441874	2.17772156939744
0.166903314654423	0.318079101089524
-0.416551404682161	0.699873246047317
0.98781790065728	1.75097349257208
-3.08751630175388	0.976520553508078
1.02790382265294	0.608145578611075
0.787490547141511	0.53963407332854
0.130067735130814	0.0867153676617368
0.11349111276416	0.0733864458413255
-0.160248654031285	0.0658860105547905
0.399681133636988	0.250142017446631
1.05968978541178	1.49750070865026
0.0742765041122869	0.121378167157688
-0.0218658114593655	0.0296023240444556
0.0137848451241913	0.0193328672928389
0.000140633166393757	0.0000959126694469578
0.0645744865754009	0.0919648338015253
0.110011398561602	0.174510088881592
0.282407463141367	0.612160185778946
-0.0178516625542081	0.029243673450935
-0.0567184831480528	0.0515284855772755
0.143707989922481	0.121486716414706
0.30326695706848	0.262589416803201
0.12799391498448	0.101634629693392
-0.12450061611654	0.0561564660629777
-0.332132081136598	0.274988812454686
-0.496378226724684	0.605035929204067
0.142266894913484	0.128286432356268
0.63484887864406	0.674467778644788
0.415715725357575	0.174860510947274
-0.289384620759348	0.240874781903834
0.14935136986088	0.126902771992885
0.163000653216299	0.143210543583866
-0.32920427804917	0.398303948353168
1.27556153725173	1.33225742136846
-0.100755183083692	0.0487742874419173
0.781302176827978	0.842968774583604
1.21530153257113	0.66772278752966
-0.314887543259907	0.26123329539466
0.552032866075286	0.482523586660326
-0.233472872434805	0.240808195023681
0.182231636565604	0.206795768041302
-0.313799801596374	0.230101134086136
0.345779557005228	0.545525192659127
-0.121768855741159	0.155506123122769
-0.471230915702377	0.330858931794191
-0.259675696115679	0.143085861987982
-0.606886519410318	0.936662408067041
-0.231751484747701	0.464244247860058
0.050050465899323	0.0835696566249187
0.217646528043503	0.425518836755131
0.0147358674382383	0.0206490840637496
0.092488044562172	0.159087101991497
-0.459122590924088	1.22221789112155
0.135828179725882	0.253865337605906
0.57799630697882	0.862859445508163
0.129663807858396	0.0961397488190522
-0.64826251760537	0.480710109174946
0.0936258116294146	0.0314502967854419
0.379349948814738	0.256367892087271
0.0356619351703907	0.0556561968489235
0.727793724127476	0.640507953430949
0.0989880050299254	0.121432316628429
-0.187751908146031	0.324006502978615
-0.175018387440054	0.309658759077232
0.588509218666503	0.661093722578289
-0.515057688171575	0.533705488340474
-0.309982805967704	0.36056696981395
0.0884782503450535	0.0498764103729061
-0.989327458472134	0.721207145040859
-0.018947275077486	0.0156830136491175
-0.0449571898717822	0.0313827199894632
-1.08028368724625	1.34166924434859
-0.31000431826315	0.157428097424031
-0.708517865769747	0.737182128278384
-1.06987824145792	1.45075013143962
-0.118921576315192	0.110174162222667
0.306426266466947	0.347444324820284
1.02436059574448	0.604952229999684
-0.0635425492325747	0.0323890865123677
-1.20762455919687	1.31674979208261
1.00555868025863	0.47258947384182
-0.454644441810052	0.451933914839549
-0.11973939505695	0.0775219830366983
0.469716736936503	0.624418166517637
-0.170130951888229	0.16890122819995
-0.969384860510841	1.50028976404963
-0.0254827691168241	0.0259317641783837
-0.211994623068646	0.234970764019639
0.253421752834133	0.143326824708401
0.0851561860099069	0.04136896753888
0.338590720838263	0.442008720563148
0.106679862372221	0.180413406874404
-0.182687806056661	0.360224091816321
-0.591923659006941	1.74303578998682
-0.0262337199443227	0.0390310081133645
0.00494884991009085	0.00704726500200918
-0.261383975748671	0.548461481562833
0.0391723913537365	0.0589753609443068
-0.0355926067733823	0.0324122926948315
0.43756477913346	0.431290272523096
0.376521310377377	0.257626094254199
-0.271702717843411	0.0889441816426044
0.382717779533401	0.151979432709853
0.890486449017622	0.577894080505482
0.681262925313503	0.797516919037307
0.55316738280998	0.485895043240771
0.325949395752413	0.38106608037722
-0.230849253289055	0.236431350377121
0.694685321827611	0.891175995792346
-0.479244667940733	0.612839851221526
0.581051270479136	0.479756778938828
0.783986547356216	0.777713480166092
-0.520674393257507	0.74957204816284
0.0573829910551541	0.0423595138884633
-0.260201033097959	0.198741747655121
0.0897526897324243	0.0452008242813861
0.648458362428333	0.607815062605387
-0.229473559251396	0.251477950439745
-0.559901651058399	0.686663922457299
-0.259858531231591	0.282270549252928
0.886801988443083	0.576600452937492
-0.456819353503311	0.197311888785559
0.141309612427621	0.105772321285587
0.0853456000894119	0.0321595362455019
-0.302555666983862	0.257216869000112
-0.113834724989698	0.071607648548745
0.0804986666341781	0.0797111185479248
0.0995471683727151	0.0898387714682548
-0.459010046694329	0.498381673052875
-0.271093330535267	0.373085091629906
0.0242746697239113	0.0262943368557972
-0.0652758183134972	0.0441997485270886
-0.352953551479717	0.324667557926354
-0.182385634119573	0.110358566546325
1.06588851276222	1.03170395446367
0.689922132155397	0.635581826474422
0.0239121001716539	0.0236801210242614
-0.208047758872105	0.386179738797204
-0.100367691080888	0.158036531159958
-0.207114444093742	0.351646612361121
0.147833190427374	0.255012090154286
-0.0688020730485878	0.10384490002926
-0.369583030066486	0.790917604625907
0.00317567281422369	0.00429623608565436
0.150465879107035	0.132135807148033
-1.78463242356912	0.426932892345841
0.10725790027217	0.0314933541621889
0.625371911903728	0.198821395569154
1.42859274208141	1.68649027011702
0.614358007791314	1.0596965347681
0.357236931783645	0.697593250454589
-0.171278223100163	0.463589074475467
-0.694395693414945	2.4516750635358
-0.0663179655437513	0.116229917324123
-0.280164955729472	0.50374488077628
0.0780575343834576	0.135177119355733
0.34293654822671	0.727550130590317
-0.218756303420968	0.359719192543961
0.197087623174977	0.37165954291338
-0.274758468979594	0.452656379450883
-0.226282944445307	0.398109173928508
0.424885314825983	0.937192660389747
-0.00754862481727363	0.00827174412653254
-0.00876869393294412	0.00968802814497342
-0.401198572800533	0.686627272543178
-0.101196940749273	0.168690935857246
-0.0147322436632239	0.0167493699088483
-0.218007976633379	0.323821542971399
-0.0892350621444618	0.147714343551621
-0.0352678826350061	0.0460061840338919
-0.441832555159004	0.796000580006872
-0.136440693487726	0.255878537497336
0.556427960612183	0.948897004281457
-0.213136202398543	0.370895834011646
-0.424408682498296	0.884385364156957
0.322627860360434	0.517662887239808
-0.23087060508361	0.522389035856949
-0.0204612245202282	0.0292040452530719
-0.039412812474838	0.0464899095767657
0.0886453727347725	0.127746727191168
0.182447431761244	0.238863822711663
0.0946611133329901	0.127656384034352
0.255221085560924	0.515455848054315
-0.285918849831064	0.744994656221913
-0.378026116801628	1.08141675878664
0.0657923923263093	0.0677877129356694
-0.387493641308622	0.591980297350011
0.68685820464322	1.07521873628008
0.37667168099763	0.541112424575965
0.0118179846964906	0.0115257692397307
0.393222621240123	0.526909240158904
0.23654466723067	0.342242875092393
0.225873366839896	0.417695826423811
-0.639182555777677	0.158711507743835
0.0769376168521814	0.0834341814220761
0.166899351206804	0.318169279577865
0.364060558751516	0.747794578170956
0.39688995929589	0.801962287883865
-0.232429618842855	0.396154479460442
0.424681239347701	0.734972449719456
0.607414408651887	1.59826220594386
0.00484931837217375	0.00628919917210157
0.262125821152608	0.526033711732848
-0.0813089941883454	0.142066768565884
0.0644730287879195	0.0834707311101892
-0.120052446908687	0.138104499670422
-0.254958105781841	0.3258895475371
-0.367129540728944	0.604656150697022
-0.42307580788639	0.497041263546871
0.224026555225705	0.195511336798108
0.773958943637221	1.61625172176141
-0.185679100999468	0.197106017931902
0.207060856586394	0.199863045500578
-1.03584284622611	1.54413021396818
-0.417541938976185	0.511974562126694
0.0151683446278401	0.0141551102500383
0.207773809564635	0.251640808973122
-0.276692144395681	0.378141010971874
0.234684865953117	0.172982669503944
-0.105437895506829	0.0685154143355055
0.07748346844132	0.0609300860043176
-0.0433760576747976	0.0233717083512389
-0.108783220516051	0.102085449698464
-0.210150355613197	0.16920075353999
0.0797087795882835	0.0914883947943954
0.178652464190907	0.180164463287162
-0.20046843228077	0.196773121634655
-0.138153853312587	0.185643052673425
-0.31226319587674	0.502834460553897
-0.502670770175419	0.577750148037119
-0.16814052429118	0.123177381245442
0.445071707301678	0.510583648124205
-0.198220488534818	0.160016246695593
-0.0809365281101907	0.0616577566178872
-0.06261296729454	0.0784601408657603
-0.601892547928266	1.67950453291847
0.274538682980081	0.511879537670564
-0.331587897348491	0.559971141547145
0.3231832553852	0.602777597369484
1.03394194227133	2.49083884144584
0.936949289040237	0.252050724097018
0.357163056815429	0.261656577223133
0.587742154023665	0.394683108780053
0.0889212899194142	0.040449400830063
0.597256335695975	0.807010322573726
-0.000142831765418428	0.000247715348733265
-0.148722633129289	0.304667323388965
0.149262556485691	0.157579516355036
0.139768896806522	0.117630768800382
0.224696787312351	0.148106524388255
-0.299035308610115	0.383516205411488
1.40104085233728	1.26034302348006
-0.345692934748102	0.272237132614351
0.4450390656584	0.590756282238436
-0.320456276125237	0.261538840783148
0.216297379980733	0.174357178793708
-0.101023679066235	0.0476392027039396
-0.630549281030142	0.559648676827058
0.0926639207238877	0.0827896836092681
0.172681708866357	0.18447670161299
0.22639954793799	0.229650112979916
0.0995016095138432	0.0598695570694899
-0.253500363555234	0.137485985904117
1.01215010240477	1.10382564497838
0.940231263669148	0.24915118819728
-0.0444829208772394	0.0358364766928422
1.01039488489857	1.10930551089722
0.032854827058534	0.029972555542305
-0.484628037850694	0.593530629284954
-0.261948067592388	0.223022879984841
-0.414242469152541	0.635440788290835
0.031568831798381	0.0325076547115626
0.238412041042734	0.153892949007224
0.106086881719936	0.0651420702754242
0.263911780904426	0.320336698454149
-0.0824213437129029	0.138415951654132
0.33886272985881	0.660201373855861
-0.0580982358804628	0.0853908432835488
0.143422861186052	0.23031022430749
0.123446116917244	0.2102666632743
1.26989750455464	0.557647787031875
0.374767109989574	0.145743214765195
0.240692541005743	0.147930139532079
0.0406116982884532	0.0268763446939283
-1.56195084035688	0.563144486058416
0.436949892373998	1.29813171506849
0.125926380813603	0.234094977351033
-0.480318346668871	1.43119642450944
0.202989480653107	0.175778282415966
0.834498338220906	1.12358539449322
0.402052241899625	0.433127657750705
-0.120783788334103	0.12267759550428
0.254932340498014	0.146959136875528
0.407496327973011	0.358260444251601
0.198187014215627	0.187065684745422
-1.42263114767989	1.41585793887193
-0.844639093521145	0.85982400540531
0.588739458573562	0.394330203020866
-0.20513186693842	0.143935118396387
-0.577163711148821	0.649655330431373
-0.414508738478698	0.475020562598086
-0.535406482704942	0.677022907878575
1.0428739224078	0.744356227170771
1.33461054806346	0.982757315655872
-0.107978182019983	0.0505255994530194
-0.582258634579743	0.226170400043011
-0.583163033915607	0.58260178191144
-0.540414626674207	0.353564087249541
-0.200929019269319	0.19356282934096
-0.485001830203743	0.52132618370995
0.324667645679741	0.266257145592581
-0.595408164131976	0.931582476841894
-0.445659733853209	0.588177211219798
-0.12450061611654	0.0561564660629777
1.27151565288848	0.560293032438019
0.450766520340994	0.372910271863042
-0.459793059131709	0.320322533528691
-0.00515223307712683	0.00721422393803265
-0.265036029148021	0.535363972641516
0.0836995413582081	0.134981529774411
0.842760746689836	0.448089439507944
-0.455791609331065	0.314760133367886
0.388809981057833	0.351618080773203
-1.34122918930789	0.597415436769708
0.0941924175478843	0.0315584629857126
-0.575681903145682	0.437896533588926
0.173063487112143	0.345695364460942
-0.0713264074122437	0.124744809401101
-0.187803995856952	0.404271085123159
0.478387920042518	0.551145297485032
-0.538232159404882	0.69670712677674
0.535088941716702	0.487571277972181
-0.649865508153136	1.0476024271826
0.22634390362805	0.190239617964972
0.504967597019653	0.469305030498637
-0.0572253802431679	0.0550751460559803
-0.424742760538801	0.439214821772965
-0.473484078896714	0.505023573150864
-0.745701579963921	0.520892030525784
-0.0779174319132538	0.0513093454590959
-0.336882980875873	0.309865194079872
0.00494005705319503	0.00427429299805235
-0.14216713867174	0.140278288731241
-0.258524105568255	0.139539189823569
-0.308769747898424	0.158933278517096
0.642991266213629	0.603830067856545
-0.128277862551108	0.0570824214670983
-1.68724364167886	2.25680810763428
0.731999936731483	0.421739624306181
0.336208782608069	0.453681559079889
-0.424612737865251	0.468190620911337
-0.45931060572273	0.468420856984671
-0.300257256664202	0.407391864199425
-0.45772340976293	0.718777052862911
0.659126873945892	0.509713763602612
1.90107373696468	2.07735420083804
0.0903605115953753	0.0481739232880588
-0.332421973171294	0.279104589898479
-0.241376763838271	0.21143045275134
0.0291062542486762	0.0429233123579196
0.266531934627671	0.536587097740937
0.196259401703945	0.368600422288553
0.0263775278069181	0.0415091445874909
0.029488045524561	0.0449487878739665
0.104236185357376	0.163233386993673
0.839598275964757	0.434512861050536
1.27480297689028	1.25650754736168
0.366853354127151	0.357048602522391
-0.723351392803041	0.418447856950582
-0.666369642365006	0.544651615059177
0.138689414631162	0.264717766568816
0.170465052423291	0.312556960416388
-0.316948373572016	0.815693352119237
0.184561119843726	0.363155986703631
0.335272512531327	0.348671797199083
0.138107497521463	0.109488169756288
0.475088158628204	0.46133116285702
-0.303899093005643	0.325496584004738
1.83963285999126	1.48234841749062
-1.49346755563683	1.7701637976587
0.909323277658956	1.34285102096964
0.334476626004408	0.348412226285127
-1.17750058669975	1.49937470435793
0.108285644962064	0.0664759709025228
0.831280039839464	0.65757585457671
0.705923277122726	0.73606466228051
-0.534235302014742	0.634305336426743
0.208279419187247	0.215442938595835
-0.0496518425836468	0.026434460797574
0.640010106336417	0.284457923824054
0.232241862216238	0.148005409330207
-0.5807417768971	0.228548754592648
0.0755313709203659	0.0593016037672787
0.0908598664790639	0.048292087647206
-0.0966876261867506	0.0844719477622155
-0.0175174863587604	0.012615713688731
-0.480370814356863	0.408451337996579
0.139488533425843	0.170330111962549
-0.0961176626314033	0.105260368688145
0.256111377360001	0.128696858513672
0.0842762658301594	0.0419799708611689
-0.0838437683647207	0.0561680707851392
0.167799276846822	0.29210642839808
-0.354924141014901	0.738714090698697
-0.153317104064241	0.275589315378048
-0.0461595030729482	0.0655105484091728
0.0933020121493864	0.148343596795285
-0.667291006624285	0.329796095236639
1.71539077826792	0.928001602796508
-0.402063647506692	0.319641297828747
-0.615406183052334	0.399149972203432
0.241694964412574	0.478973369894514
0.137947249415588	0.234711803783029
0.142180328784201	0.235161356962448
-0.0419372009700308	0.0652440482238129
-0.0325915977854081	0.0496021179066049
0.14543228393866	0.12281655399719
0.222476746025568	0.170490420578179
0.0565711258011122	0.0403429912290009
0.340485535238159	0.349601935526082
-0.857670919981658	0.816062290612899
0.890045625441805	0.830840396399707
-0.207453728565851	0.196146033571321
0.312854981862283	0.271797735496059
-0.687466999889956	0.6018077757463
0.578634833698679	0.382828223336357
-0.445034456491941	0.395052671937155
0.967251131532719	1.16331974165318
0.0862312641486598	0.0751642060194389
0.261459586318468	0.270794214428383
-0.467337789909175	0.195383323420915
-0.865352549221558	0.576237581451398
1.04131444803843	0.867402345245847
-0.220325574815566	0.0770978101862704
-0.304585372916197	0.257379329218722
-0.472398159190981	0.269546896612232
0.0723638772171447	0.073022546290624
-0.018256744264743	0.0151201370982894
-0.467109456306311	0.444282444283049
-0.28175667426414	0.390749272111687
-0.0496489121728238	0.0494736767526463
0.375009495240459	0.256566108799156
0.246678818729959	0.150345254835683
0.153749739405841	0.265287756968816
0.279884283820996	0.475495553558165
-0.335163321924126	0.658466433070218
-0.171646979540958	0.287248408421045
0.292306717296658	0.625689942094677
0.0711675346643986	0.0948227615288624
-0.515595733935568	0.487744792392866
-0.358195176359639	0.259855278422959
0.510749397165345	0.540184965698736
0.0805967337718649	0.0805598924224023
0.435647948068035	0.368621623981256
-0.213917670987143	0.12351697796539
-0.211261184424684	0.120834648073163
0.193626002886146	0.350185743291722
0.296116728565148	0.566117803247668
-0.024097524114399	0.0330175854686155
0.10164991711798	0.163735075307269
-0.0919301434417837	0.163281210555649
0.0448449770063902	0.0731303010270502
0.56408218054916	1.3364605352382
-0.0567397920491241	0.0557499176132915
0.126345986105689	0.138325627212738
0.17615809280769	0.222807080759871
0.473225229508854	0.662099733278669
0.473520624014521	0.616166755599595
0.214288295028427	0.268078575898882
0.796870176177347	1.33805623174
0.204500933083097	0.220834453662271
-0.88396375263137	1.29546016833544
-0.0838774541047484	0.0870208238054062
-0.126795878803654	0.124295772205189
0.0731697070077433	0.0915469282241744
-0.19052462163989	0.243342798620365
-0.0487501730653838	0.0338387974771909
0.692424619247437	0.705521014832703
-1.0253859675979	1.343286871387
-0.310888704655163	0.233940711533074
-0.223949840327611	0.270438657313734
-0.346641253818231	0.315148407774524
0.158997519241064	0.219221455643695
-0.0989987932653607	0.101053655386462
0.150381791972775	0.153496784931901
0.372634457660638	0.685664431185082
0.178315024610255	0.249477573644769
0.276233069907788	0.309950638425744
0.158436206486465	0.263458472548513
0.339007550913023	0.756728821915913
-0.0277412028961121	0.0411338685258474
-0.0378050455060043	0.0798113199999563
0.0465659421311938	0.0732104629911737
0.0493565553205756	0.0688272277445111
0.19523248403965	0.491107940140225
0.419600933086101	1.08512670366444
0.226256657763664	0.50242702475645
0.530891270699174	1.33534692523073
0.192269769816784	0.250359084295123
0.0236964862421483	0.0296658976109395
0.130211596017553	0.186469665644918
0.440973847035632	0.810062150327923
0.406603177640755	0.357558440639231
0.0415138057341554	0.0286677171992343
-0.0768358061467002	0.0516635938766392
-0.321647335541248	0.270546997746646
-0.0180158259983007	0.0152082698198532
-0.212676299320789	0.586771049340292
-0.794353453269093	3.13532804020321
-0.220247047597318	0.493712658134575
-0.44144448761684	0.955706935942996
-0.3419343272249	0.953372395014407
0.331695045851112	0.795518960052102
0.0352846046691108	0.0418075517060548
0.00596245993147435	0.00833048417573069
0.308544800837106	0.572142744208599
0.145279014706694	0.271395817648559
-0.146878833188766	0.242653990712578
-0.310253895848172	0.549934339780164
0.51285367286958	0.923302069699999
-0.289967239295476	0.445014737550168
-0.119210855102681	0.218991424930897
-0.0575488123753282	0.0692383835453711
-0.183346017252341	0.264379715350765
-0.295860271345387	0.734413837849664
0.016438698788295	0.0210028629333851
-0.198819190938964	0.316390049321594
0.159925826397989	0.272570063353937
0.413432965200845	0.548886590053215
0.32465225731969	0.270057181099795
0.376793740482746	0.257426764657728
-0.0290297756757126	0.0205843198176077
0.133556180840112	0.0961068097072714
1.02587400449861	1.21957465625225
1.00642022606905	1.07869662214941
-0.016149452822978	0.0241638154560827
0.402930138948888	1.23054826812758
0.0507613079815152	0.0801105935793789
0.155916165615745	0.289205617665611
0.475659821325156	1.20336080006761
0.174067834344278	0.304063819934729
0.215663370652948	0.372810550900856
0.06237821870004	0.0850337702020356
0.0090730459282747	0.0111047117672175
0.195245865417205	0.295673050361163
0.412423757718541	0.354819713840351
0.920704544280901	0.931435338108994
-0.280981404220683	0.239795932027523
-0.152143719164957	0.125372474024908
-0.0227676228888101	0.0390311085197833
-0.321320045168199	0.765620209405184
-0.469368535139415	1.59530491886751
-0.933477277262326	3.38295680114522
-0.503718262566862	1.77979822841635
0.0962182602891454	0.161967323247912
-0.0849348470724837	0.123466511048248
-0.333418838292022	0.769119120984855
-0.289019279246453	0.615031602162186
0.060730834685331	0.10459575033287
-0.367206139796776	0.853677186895425
-0.0738563671241807	0.0995350744589882
-0.233217242531561	0.338751277157065
-0.00344044234087015	0.0039406271517003
-0.193004953528151	0.389503080565285
-0.383279320111721	0.718415629477254
-0.524969619467945	1.22762573750755
-0.339423632582313	0.783601268241435
0.284501441533579	0.524031761315563
0.124789903313775	0.167071895091116
-0.109962325258376	0.159739920637338
-0.231067024097858	0.273479908532147
0.691608051074474	1.4771707346634
-0.0560604494903829	0.037714243553398
0.12895443340129	0.0984049616405378
-0.140348138825607	0.103125795911509
-0.10243946635386	0.0783601403727466
0.477501202589459	0.368540366050001
0.780920031203146	0.655340069667458
0.501399690684684	0.375921925830866
0.00147849499520789	0.000957694113917945
0.493743743751092	0.545177528680708
0.829868693142433	3.48874030635677
0.467321686730911	1.24455911901256
0.0765004929467388	0.122170854087709
0.0851717371561792	0.141568198480436
0.291249593080745	0.659641044221918
-0.375586886130597	0.821483816446986
-0.0610502515959671	0.0838468966599245
-0.161244949668187	0.224159436625977
0.164613981958352	0.234365144989221
0.410918559677472	0.836396091981004
0.531750082928766	0.781370178325284
0.424972609300378	0.736507816895542
-0.126610623565107	0.225735772791977
0.637607696173116	0.757707373531888
1.09611727846332	1.25561654504716
0.818181395745629	0.872859063929969
0.30504527893545	0.267478112482228
0.867453837314679	1.17295571016857
0.412287996559274	1.03488858062086
0.0550866454345873	0.0883015366632551
0.0151853880521593	0.0225870914308799
-0.0799091375492555	0.138881733783569
-0.0811469191839289	0.144112150538929
-0.660743006840141	2.14524420207655
0.259502643765024	0.560672526929625
0.456106841494103	1.14866683097126
-0.0431392688258941	0.0634626853655446
-0.0500095407651108	0.0768489754437358
0.183014576716235	0.305692822714493
-0.120791377627498	0.167916065605151
0.0741386151118288	0.0923737092216969
-0.212462264620961	0.341261748618202
-0.101485576110643	0.155802966823633
-0.235108675436464	0.342439463256552
-0.418248508663134	1.02223295898511
-0.0627997165624323	0.0886540525079985
0.147178880284112	0.234538014887841
0.142893812723502	0.178281628327867
0.638899265264132	1.73400076987794
0.020162529972376	0.0171294696400042
0.309614598096996	0.448948694545565
0.0918377869953607	0.116751457594317
-0.0550865616461148	0.0379647346838322
0.110005714569204	0.0729738503922548
1.16101430068023	1.07046896298648
1.17456942517776	1.41530590706716
-0.0477409954126102	0.0259473610244502
0.0828275081692129	0.0413788827505647
0.0558880494499557	0.0565513262499127
0.0161047449890793	0.017596116789392
0.316520119556561	0.254771816541856
0.476887794517046	0.365365961693653
1.04020309190615	1.22041103136326
0.525302408705391	0.547745611605055
0.267006299386343	0.709620000221865
0.0370773801399976	0.0560678290699422
-0.0492345350050758	0.0752771402135509
0.132385839044171	0.240757931036188
0.0828588851320518	0.124856748996951
0.104454216038974	0.160289262929181
0.221915875848988	0.402303300914419
0.121102065618628	0.195884441706715
0.556511689327904	1.0993480252437
0.568837151853729	0.560131509617791
0.53873344404459	1.00874987708574
0.0271371848199483	0.0438433974452674
0.619715979228794	0.499619656060129
1.40406745539375	1.28804543008772
-0.0173292462406295	0.00994072429280106
0.229138884455445	0.169772620926045
0.485917238831356	1.38520996683539
0.0229891868936259	0.0355438570129955
0.0110778716471968	0.0170672370533308
0.187507509748239	0.327307942722242
-0.254416306250786	0.569142885497903
-0.231422383503351	0.482923707491008
0.0222248262236361	0.0289668401840557
0.0026484503704693	0.00358986755811622
-0.324964182861883	0.621665382604191
-0.129431626542801	0.241033314866165
-0.152642832831065	0.26163160110425
0.247907646984708	0.405681157022807
0.293106379123466	0.490385405742387
-0.190932060469262	0.265436346875885
-0.266867802113889	0.596513942047246
0.546094496713489	1.17371008538261
-0.838331535546657	2.48543490265968
-0.161100739163173	0.306543640537049
-0.59307778227955	1.49563820419173
-0.285691768553656	0.458138161288906
0.0433414388484757	0.052368233110162
0.407481677884186	0.453373799689945
-0.513419001566537	0.672806889275962
0.0889460898245578	0.0979766170547841
0.206732641572484	0.258893003628942
0.268270740932016	0.56285154605005
0.389030395817499	0.154683983653405
0.196305450808133	0.246186805553369
0.102064802315513	0.0617889939702562
0.331798272579958	0.118707472287061
0.253881505803683	0.145061253316005
0.469589187292987	0.346286095192654
0.377709457365596	1.16857975189716
0.228783258533468	0.462836624973808
0.0951324386235996	0.150107974731546
0.216866259987283	0.428068096900277
0.0473232185441525	0.0941146349547779
0.777353991445232	1.83209016424264
0.432754377335797	0.664946563117145
0.36421166011797	0.257084563117203
0.121737967220646	0.126513730636634
-0.0956183335156804	0.167997109338867
1.04563824505196	0.882197808605599
3.13096783925143	2.42791404645632
-0.203700505497473	0.0746790528956372
1.46501714212582	1.12934045163938
0.586517691683593	1.79419918375819
0.576883426426141	1.53609999745389
0.200587321841003	0.402903250731125
0.130336445176499	0.198679103684597
-0.0738241346683266	0.133404453135932
0.0249811833389768	0.0377097064349509
0.0277947733172495	0.0356886939866868
-0.0215587029513863	0.0291864201053368
0.018084748541204	0.0250182862265782
0.0188309778392039	0.0299264466363007
0.154095016060152	0.247986761898795
0.43781379062038	0.862181246068558
-0.252114791043819	0.39267861775274
-0.170780596591252	0.233749895411792
-0.287025604595876	0.690095340726348
-0.082237336276125	0.102659171929073
-0.197908417858289	0.329982085843123
-0.263773309616125	0.583684609336641
0.0733645869994086	0.0911571908645946
0.120116471346111	0.148139610879345
-0.0866606721037964	0.105537437562994
0.130868020940641	0.094262776590417
0.708792364228675	1.39344499234958
0.390883724963032	0.543655515208391
0.0368236028648644	0.0319679419780052
0.0381448027180648	0.0561868180678694
0.0645087871492339	0.110018316681506
2.68644963412749	1.61582692541122
0.864284224372069	1.94134779122471
0.38328143296694	0.152305314700185
0.839598275964757	0.434512861050536
0.835409596337628	0.804032074288133
0.347429343907354	0.906454709040847
0.0984801042730658	0.163775095139716
0.152333390620668	0.330755040496156
-0.0404296981819736	0.0438474156515299
0.565311517528127	0.848745214113441
0.242733436733141	0.15545222448301
-0.246064592572315	0.224834649895262
0.105271672016073	0.163313593367963
-0.653696388775024	0.48870541523963
0.272266964977438	0.144731817711669
-0.396684807158963	0.241107674462655
1.04112751318353	0.749158628019735
-0.306728213645529	0.155719558107038
0.405952244859918	0.260651781069213
0.67603837826991	1.91727019984816
0.710586594027143	1.96689376223754
-0.363387923922578	0.846723084444108
0.00587437076957396	0.00732496045135701
-0.493973323419664	1.42543983882538
0.202380192039149	0.372185484092727
0.0610113440791706	0.0797938111053238
0.119165767552529	0.193314374218354
-0.0987223695695382	0.127907795403566
0.124895427669878	0.220172456410063
0.211753074349688	0.353607864177733
0.340163525484854	0.635230261833655
-0.0152369672229206	0.0167104242618088
-0.20321727554986	0.274977743074433
-0.111444706202393	0.194022769409417
0.274440083239545	0.396236823772695
-0.110765699033644	0.163701731200265
-0.0666808624879965	0.104276392885055
0.452962452649648	0.903599372361084
0.331987519910448	0.500718337166619
-0.0900636854143381	0.114234927916113
0.501722427443016	0.463989705277567
0.0490901094146254	0.042842412290328
-0.103850298345525	0.107518429920121
0.52501900708069	0.833359500395572
0.660582871610194	1.1600557533055
-1.29851812119352	0.976422087459764
-0.275283712848154	0.0913500153245594
-0.767818396108809	0.607887659175956
0.644718667658467	0.405258552673843
0.386367780686356	0.562160376058902
0.125153283075203	0.156341853249987
0.0705423039490049	0.0746401524812758
0.309731428933173	0.870443027422337
0.326902241824913	0.965526457388967
0.251918083268722	0.35268486599734
0.0410936406817137	0.0339621623833598
1.16781560557466	0.921551552402518
-0.0816513587119582	0.0755621562673935
0.111794772423216	0.168835066698047
0.0937967812950189	0.0385402348268717
-1.38775112522443	0.859981663449543
0.100748136285393	0.0296999182461383
-0.224464375603296	0.128116130468381
-0.0223768576105282	0.0279018579766517
0.230446179158681	0.381234681216527
-0.0420947256224271	0.0565169734575564
0.641578954089594	1.40664048508554
-0.0203775835187591	0.0327048704057407
0.0888312212119431	0.126972004090785
0.193943172811289	0.250407897841809
-0.0851148658642683	0.126732938254194
0.371271150334486	0.720519289153168
-0.465175494107053	1.2355274385147
0.00473951876985362	0.00619175627644655
-0.407109898117036	0.762072442070658
0.164192638284912	0.234826179042066
0.243754656134294	0.307424137756506
0.298016525310195	0.744568529947681
-0.0412346236914892	0.0466469053809377
0.0241448289914739	0.0282192690391277
0.126340350202312	0.234691200629185
0.221311656678338	0.309090028296306
0.505556623767426	0.957564898359853
0.411003012589147	0.674579675715474
0.528089318231196	0.480300358872039
0.00407208784728033	0.00392784387754898
-0.279951807811585	0.294620411724619
0.145664529797202	0.126751688500341
0.0876192077264645	0.128919748052804
0.293100838118749	0.275496731418567
0.136462046851965	0.167061498549565
-1.22585354310115	0.691597188882022
0.996237454887822	0.462137256341485
-0.5573948700953	0.299104696030174
1.56194732018992	1.04600649420697
0.540244940722524	0.380324297809694
-0.614110108320121	0.374788242754729
0.269407024972572	0.282536955585904
-0.353852667407862	0.59284283728653
0.108566972257178	0.157993620549972
0.19762174050754	0.46143746754402
0.053003441100572	0.0700938970747773
0.275378100469001	0.346007228581887
0.194555551203433	0.523969651358898
0.17219461249366	0.457139808840549
0.560952129075345	1.88510910385093
0.134354087317889	0.317201040083004
0.318769808372965	1.10069449201329
0.347324435762093	0.690132764878805
0.757302550152707	1.00387603427196
-0.0729275784387113	0.0381291577561317
-0.0714872642496431	0.0616450737739367
-0.772058660027098	0.270831600841698
-1.22903965167132	0.687057273332848
-1.04127582234834	0.520891331474052
-1.2223205706685	0.678086198364729
-1.86625132070343	0.777655016228883
-0.278595378209907	0.0937788233288152
-0.988362096244574	0.695585473374809
0.291450644664699	0.138187195022071
0.4735907042346	0.167586854592234
0.382234158985529	0.148061833336314
0.842536282152241	0.447857180476109
1.21176855396528	0.660590465629956
0.076767529611724	0.123930451783891
0.63296314218882	1.73238393445368
0.177954688091272	0.366639683972698
0.334419038767339	0.608494524598863
0.137219380311084	0.300968284060354
0.129569302822719	0.238724598573637
0.0752853109616617	0.0893453599993516
0.260828537508523	0.550751585646876
0.0578861079090305	0.0827088362790825
0.0287461949160194	0.0473464693058839
0.079418195520066	0.114926027474389
-0.641159410950466	1.49777905318233
-0.0674449032079325	0.0837319915733179
-0.321005251710541	0.4202626318186
0.00982729995149893	0.0174188942680986
0.487958262642699	1.03008493175202
-0.0894725614113232	0.120517414905049
0.0408894168579044	0.0734090713327411
0.475299603998922	1.03710746975446
-0.0217660853751529	0.0261576293049366
-0.0632203304826065	0.0841159787648855
0.365623152465758	0.366455008205435
0.208641185756984	0.237150836847776
0.48006513802698	0.55022283353765
0.421153711075966	0.433366265818404
0.0901991604073557	0.15212474225633
0.174135948083797	0.348009780077744
1.42624178402311	0.470732421286002
0.759394054069856	0.314045211388763
0.647326447965225	0.787507450011524
0.787331127481016	1.69426178415254
1.01599236827332	0.597969848070979
-0.579419274517436	0.221258850479356
0.778880652611825	0.66338725882779
0.616952917036842	0.474668925341297
-1.3348528947843	1.46026492237144
0.812888707062033	1.51236499248716
0.206796186375379	0.363067917298794
0.326042593484932	0.72244216675348
-0.0192126747991597	0.0348148111148066
-0.321040721247859	0.745298438007532
0.217394795395505	0.395882520549869
0.206429464574544	0.564611547800821
0.448636686688995	1.30745612031786
0.333949991243128	0.717069716159391
0.151274702745322	0.302488805943848
0.275566031077963	0.609978880922707
0.101935599062994	0.226305588805197
0.286413568614939	0.480192154385727
0.584103483651328	0.950674404078467
-0.316003227557901	0.240226843593543
0.038231700764624	0.0356506610948031
0.150441937144052	0.287907818092629
0.232620491266451	0.164185188274124
0.09518742264606	0.0514897180040901
0.639854863960318	0.401795567029294
-0.672679849988972	0.325826659570302
-1.22759087892741	0.691879553397497
-1.29481967047664	0.982471824664327
-0.548442578710061	0.292290357816374
-0.277651802098421	0.638730190470877
-0.375304126237857	0.365447280732997
-0.0164378629180456	0.00965209780998309
0.640078592494036	0.403240372782026
0.485109813450332	0.379985689609904
-0.260286647164367	0.179312189417991
-0.5625504025333	0.297691638591998
0.502349779177848	0.3771787015921
0.619044263249121	0.484462443915662
0.583626688115903	0.382252564002869
0.527438392507162	1.35150519845668
0.20840821704775	0.391879034719848
0.0811805786358802	0.138886132967023
0.211484403610721	0.363626684114167
0.105096471795404	0.191189378573157
-0.0432352958995814	0.0722765798227914
-0.179245998737344	0.30780740181399
-0.409210378874109	0.775701731006065
0.122686305531065	0.173417334143656
0.0839678154079223	0.100767368945548
-0.457133580539347	1.42231511528839
-0.31968822404573	0.527048201726266
-0.250983081929104	0.493252237247777
-0.252324075508367	0.606103756865492
0.118920954882416	0.180207432562178
-0.484410563260016	0.887248923055773
0.0701321992128504	0.0943134383208483
0.541475672772817	0.564752448304881
-0.424693358342372	0.51598858336916
-0.00411411692726233	0.00387862116284445
0.802425897654349	1.48154146268112
0.262984567404762	0.597613016580502
0.156956329227776	0.314684331344068
1.1592486757442	1.06536496693624
1.21197529722685	0.659344222167635
0.0861345134686461	0.0325648500167925
0.425435062985806	0.515232355280555
-0.172303653159442	0.245372363218713
1.08384400892671	1.14932225364631
1.27565063691367	0.560472758766511
0.41782440540593	0.348350355403203
0.333617423742059	0.263663226595672
0.0983753932844702	0.0560912090433295
-0.0288872275431094	0.0262312667592668
-0.293804177940477	0.520832391424698
-0.0171544328955473	0.0277997646108411
-0.30335135499976	0.829093394998117
-0.372052073325881	1.48323729023366
-0.164271275931025	0.360786101001117
-0.0973834327524024	0.17205165761166
0.161237683883611	0.424930725251573
0.113145673178967	0.252107808198298
0.166356235517602	0.370225228083281
-0.00632197778685033	0.00942344519326975
0.169683981728504	0.298366222403481
0.252254162210906	0.567737119185458
0.432191985675338	1.01976245622548
0.0056243022995553	0.011075550604382
0.125492844903905	0.210401970425848
-0.0894469325284458	0.137398971119385
-0.37708692787885	0.442590523704142
-0.211827694569976	0.337674679869051
0.166674272743916	0.412208371163826
-0.0750101380537302	0.0633373621013596
0.659017983517259	0.791938513902326
-0.972511844262543	0.78454724530957
0.408498625393804	0.34166982611439
-0.318590346213588	0.282964773536721
0.14622464880656	0.113157557790895
-1.15496608829466	0.779688293011611
-0.0808254533038471	0.0413773320371544
0.128969992682982	0.090187289465261
-0.171405121448251	0.151193089085275
-1.20124793469209	1.32285334905312
-0.728355838918872	0.855763225808177
-0.180235004725063	0.246334837707877
-0.037727698079738	0.0441111348126875
-0.281767916329808	0.76777118997411
-0.471968229669128	1.72749153959049
-0.169995198833167	0.386504323806749
-0.387343179415733	0.50168559484482
0.0327583669566357	0.0213181575778121
-0.120319359484761	0.0993139914416576
0.117249295978248	0.0783775421130133
-0.263071173631942	0.176835805244366
-0.598153426584198	0.488381825619185
-0.110264846283488	0.071267597971786
-1.20395343745728	1.32837995246945
-0.405236368388223	0.327622166749349
0.065172115275819	0.0712749766518277
0.25447647268577	0.348102729742038
0.259535371815419	0.280627493443833
-0.107416012464922	0.194095056270869
-0.42680087941121	1.0536641754112
0.155447744675666	0.208541963120297
0.0241729448924538	0.0306905463311336
-0.455511733078616	0.885796130919852
-0.677923931858007	2.77812997400594
-0.361905852718314	0.701821033637902
-0.297487637942851	0.629881000254935
-0.438121739795729	1.30866356028225
-0.293096468932253	0.624302883765157
-0.215126500415718	0.324702126339516
-0.488070472858175	1.29475553422184
0.765177177894298	1.16486467370921
-0.147287452990491	0.203427083509222
-0.400214545611084	0.638191437319673
-0.501666774922713	0.976839965487778
0.0522309270614823	0.0846834482323147
0.259994338297459	0.605275370807675
0.328743475629389	0.263620187798348
0.042682284537278	0.0293045547690203
0.0858991569493784	0.10517707017158
0.41255392042774	0.804951213157978
-0.244143251121411	0.191233590779712
0.23186963784924	0.174603144808884
0.212435454439133	0.202217361074154
-0.204986048860736	0.179303709149842
0.145907959995254	0.120462124562187
-0.0976085060039356	0.0991969115262483
-0.227476263997487	0.460122971611605
0.0115310327790484	0.0210445821344165
-0.445636623204877	1.64761886967457
-0.12089006807079	0.319366503238687
-0.324431783571741	0.965596801641584
0.02583984578427	0.0399968882391151
0.579764236451387	2.47013332621766
0.342940074240172	0.999184970385286
0.206540826197714	0.435865097688568
0.225406912327212	0.476743424066459
0.181433988790011	0.323397253782996
0.127850994731406	0.219785207362253
0.309838725361858	0.651954173802577
0.548663975165043	1.3586137075243
0.212129084992988	0.42689245369319
0.000751673913926824	0.00116809766679822
-0.0837922784601528	0.181140754868509
-0.365981188341716	0.889335747806964
-0.204032678925757	0.380835690794996
-0.117450260345455	0.120662565836838
-0.47437143484315	1.22177426039406
-0.01086158041853	0.0204785888439615
0.703398968231482	1.09883301422732
0.463071315961881	0.513767753686178
-0.157594673939308	0.144577157981903
0.0649130482738643	0.0515352630555805
0.577847163425996	0.737940952677437
-0.0222477227918234	0.0153771743092323
0.0524244687091623	0.0374240811605061
1.362743721338	2.0133517083628
-0.0711331911204509	0.053753342250565
0.162144921819867	0.160320333568635
-0.411306473943323	0.627427951139806
-0.716249747403851	0.784475612146037
-0.65867681185111	0.725239489649528
-0.343794549949178	0.361534659514524
-0.35430416182056	0.316369085514743
0.00816203804918944	0.00610049796803917
0.329063464956215	0.354987242123425
0.0409432181187834	0.0523875805996811
-0.282119773967482	0.576535424757862
-0.251416632401716	0.71023307877306
-0.156649061759823	0.386423517128087
-0.305218964515508	0.893838110883141
0.213436648798315	0.231059548458744
-0.00212743049892631	0.0015753334725862
-0.00374084579601088	0.00273717982907238
0.226331071661186	0.178189179744816
0.125407270069159	0.0888178926436454
-0.798875545773844	1.21316037549168
0.592787469729104	0.58624078375845
0.0755313709203659	0.0593016037672787
0.429863857182606	0.442813501384696
0.40608823571986	0.866080115307569
-0.254841828108688	0.415753213695781
0.56919799929026	0.744853278805525
0.225014010536358	0.189646451503638
0.339916886112209	0.3367791253005
0.218337539470681	0.191767614980329
-0.104654001398707	0.183230430188216
0.120666762396033	0.197817908168458
-0.102500981798473	0.179836511301505
-0.0274086449630687	0.0382936771514344
-0.0771564260400349	0.107237817657508
0.108237136144167	0.15318177206478
0.167842866002777	0.256867523228794
-0.277854012013089	0.660075889970032
-0.520596649434906	1.12928813571226
-0.144979500506844	0.236643097275903
-0.140166303230157	0.257794805295714
-0.13676285039116	0.219915965808138
0.572850249574858	1.35647226777943
0.0922607742535181	0.131886939238756
-0.388218533915215	0.553777075439131
-0.129824163293175	0.159398614641719
-0.301393925705018	0.493235115416432
0.376272578332791	0.597994328225015
0.209224717630813	0.475288494445207
0.423057227137326	0.356448569663653
-0.765449821749999	0.776203118080185
-0.108436504207521	0.154317271728074
-0.0297418783484603	0.0434235189603111
0.486870346215246	0.684421024262462
-0.402260539618096	0.362598597748457
0.0106318759971235	0.00920025230444275
0.270591678943174	0.278237639025665
0.15566912679985	0.13975359504957
0.276687713233261	0.545188039816131
0.430982186300627	0.820001974329378
0.648266092635561	1.70002041646118
0.147515717808144	0.193771520030218
0.289203579265807	0.418227971562022
0.316697760518077	0.478732196392625
0.214247242813785	0.239899574129781
0.56423089560576	0.764158084064848
0.616505864960341	1.07807362386467
0.350026516267722	0.562996441030542
0.203753946040762	0.37629429954226
0.225313237280834	0.408677257188018
0.00564976077704653	0.00933790411534093
-0.173891165350999	0.313323432477546
-0.313719663148365	0.811721684552734
-0.153675833011537	0.373382797464503
-0.0133202893065252	0.016799283630852
0.0562002334959593	0.072983180746514
0.0308765823133495	0.0346445027952634
0.537423036816575	0.941866338870067
0.342507354247097	0.606643405732577
0.183421409080751	0.265813407578726
0.213566918097112	0.321468049871566
-0.543096075713268	1.03982636362931
-0.173449804910702	0.261351939231358
-0.0144701964326972	0.0174943962953962
-0.0828344509341783	0.132125019991424
0.187434723208625	0.278959267474239
-0.172204172164488	0.247317005381567
-0.230150936164709	0.381638344831815
-0.0830566698330674	0.102296094038035
-0.059546396933653	0.0733952624545704
0.374260244800392	0.684748177677433
-0.146282557358202	0.284153631104701
-0.0867069492520628	0.127114197011076
-0.0948311571733304	0.154159409763457
0.0108680642023428	0.0177384271602078
0.613220298860086	2.02244335887439
-0.0346394789983551	0.0649169959136895
-0.118340933236929	0.177722121449926
0.226570045014584	0.320128813753107
-0.287293127921146	0.478805281086519
-0.179666226369952	0.281623490041927
0.348682587002606	0.610643108236946
-0.2253895216726	0.303166053166665
-0.00516478711159065	0.00616427672172043
0.311854972092561	0.569443982950385
-0.66172611687207	1.4335410556064
-0.0244052876891573	0.03545517804591
-0.0687715549550963	0.103017661794787
0.111551864732374	0.155924577090483
-0.297634116023787	0.484461236578894
0.0244928041489229	0.0287098702342359
0.4143151834366	0.779113660478838
0.180747199576195	0.299816677893958
0.20469307718309	0.41895909582377
-0.0443265937768266	0.063183279068216
-0.022944188848973	0.0319360383766047
0.0864779417907094	0.113167539377292
0.0824857088254693	0.131931044318177
0.157006610756972	0.231211302587983
-0.0538491614183537	0.0662280436440759
0.0190240735907164	0.0223313122420656
-0.17388370541653	0.242445264877913
-0.045263234772981	0.0535551619192347
-0.119413050191996	0.15205084547307
-0.43759365880489	0.643870853932832
-0.0452119230698707	0.0516117455220223
0.432190869858987	0.808176040283904
-0.285756416794703	0.513658464729263
0.0326836752340178	0.030358461135688
-0.00230749104314428	0.00240797588546795
-0.258655408510317	0.434346793512948
0.0158753390074737	0.0171513901583926
-0.507121670222103	0.906269428804774
0.350283262247047	0.753615799097881
0.184471348298793	0.240322721258569
-0.579634508756843	1.05577672623581
-0.0191185342775808	0.0222068755486903
0.243156402296318	0.373450288108494
-0.0191241023060546	0.0244688154579427
0.812902912670198	2.08722021871501
0.149062413987355	0.180355018618448
-0.158992258282069	0.203161351636818
0.0159164262719781	0.0204357904255078
0.251217019545983	0.43852676593437
-0.0444045397772918	0.0495044831502073
-0.0338741352326958	0.0357996273221342
0.229736367824967	0.320729428367234
-0.948859075757433	1.86232908005434
0.263848558294027	0.287969964800866
0.387471291006105	0.15427715005083
0.965827607748546	1.15153898102537
0.203862363287845	0.203582493697567
0.839667366705722	0.675129438753814
1.72236697133427	0.95131039292215
0.136823965097013	0.034232136419998
1.0019476309731	0.481455761041027
0.429878439541516	0.254625748161705
-0.278021733444551	0.0923972743627197
-0.21126383460704	0.0783642757838209
0.499765101866482	0.362303085221023
-1.12481440527352	1.41086705350445
0.550643034327519	1.68247347274529
0.180709731208576	0.414167065532319
-0.0638438570897726	0.107901016634263
0.610534041067582	0.980309214359925
0.286252511161374	0.70718199738749
-0.0959597745656773	0.166680964005005
-0.00203781599155262	0.00302137210883607
0.223929577826566	0.43319555520617
0.235830429160603	0.491411112631804
-0.0431565989804856	0.0653465754984757
-0.35421816790389	0.907348709016347
0.110307113912914	0.1820301381993
0.200172623904505	0.395260182924407
-0.192652602262424	0.39931600626408
0.245879911179628	0.527620483943646
0.117347762257787	0.197207664073556
0.0978395522331052	0.182680520190893
0.0523431236184657	0.0904466520773138
0.229835737816692	0.480769029821112
0.0765625654767877	0.124964015552511
-0.0104287797194292	0.0160161998751443
0.118606007880296	0.198223169846688
-0.189596032628968	0.4100804394721
-0.527765565225921	1.79141809138961
-0.346694493956706	0.582897738766921
-0.280866927320071	0.303191199849571
0.610224706305295	0.672495117535021
-0.165668798661599	0.148514669354545
0.0870571632621814	0.141247354764374
-0.403055915936741	1.09005919970185
-0.121774654153043	0.2339885709355
-0.19599232891212	0.403877416676006
-0.031319484823259	0.0496946422372263
0.199965025248622	0.398444860594293
-0.113669950427919	0.22062470545722
0.130932134125425	0.234488921497901
-0.260184700835456	0.420695173630388
-0.0884804551230035	0.0994561604670505
-0.159753289022001	0.216058744222119
-0.113428616020733	0.18019161378359
-0.233080487256997	0.430597393439072
-0.192536728847045	0.353486362143863
0.256489749370953	0.549636056527182
0.23733932734244	0.514851377803656
0.0155807461160074	0.0238139600360405
0.374572144987772	0.433403973568649
0.540139974135728	0.711700104540684
0.0409428306729073	0.0280623446072438
0.506553310924158	0.685151483688124
0.368127342473544	0.50083131720537
-0.506064726869044	0.517206691870029
0.578570404519877	0.630101822543213
-0.853391328930497	0.797324196623456
0.429622579420709	0.448662825639426
-0.458756627560073	0.467385583027512
-0.182924528073889	0.188573856345995
0.485983255962392	0.74860435911571
-0.260957324512374	0.178468747584277
0.23771155394329	0.152214559138353
0.212938907059436	0.170973669814896
1.26864253934688	0.54690424754445
1.05476326667921	1.7541994219106
-1.24575003147194	1.67675360088038
-0.278612183715025	0.379967962497058
0.611750978669666	0.909004439209575
0.382126243893345	0.438952331231038
-0.0562708027608617	0.064862917715522
0.265810343818577	0.3832881226094
0.328821376792529	0.272244883999541
1.07170160823011	1.00907128189582
0.730454334162209	0.732718575531086
0.366758077783756	0.261907690361413
1.03316675859773	1.23431476789582
-0.0175036853333962	0.0242322881493976
0.385932309213853	0.610828022598931
-0.913463343682312	0.967311387543837
0.243445661683372	0.433901897728113
0.0203293590803824	0.0260495156939535
0.144746331243034	0.186177722199764
-0.616611758683417	1.13414196117896
-0.303059857933042	0.25151328981515
-0.868589347110734	0.57552339465937
0.402722974793356	0.257726393410148
0.32614111095311	0.271337411349449
-0.221891667594383	0.214053680386603
-0.405190088437617	0.248884279615106
0.485125711060735	0.262746821294096
-1.54741025241395	0.80902642215222
1.01938925710308	0.606835697264097
0.989003012492858	0.37013610430479
0.28773372834775	0.12479681490261
0.759496165770658	0.319872863621296
0.724703637086408	0.418942909308191
0.0793286773572641	0.0350852628934457
0.00333643414793023	0.00207687395615294
-0.0140851133606978	0.020480503918844
0.0275403344426997	0.0507581272822266
-0.232656258386564	0.512377349255923
0.20670046110027	0.244214217698215
0.162771579555901	0.337244159061425
0.50388464821072	1.68594657820626
0.147277235848937	0.291630810668554
0.0966361868695281	0.159286264506215
0.27776492184552	0.617737089503091
0.15535422425205	0.308168583837257
-0.431509087106547	1.29314174686836
0.457578006955167	1.29195156368971
0.292765244515029	0.746338704665698
-0.0789394800833074	0.139809445913817
0.0424827713811349	0.067959433147766
0.399199635796798	1.0917589580866
0.173379350252127	0.349173389444402
-0.00820258445515103	0.0131200193181519
-0.113499982988708	0.20807359454574
0.156777274868009	0.321709900991254
0.190419613589812	0.418875525267735
-0.0920010102300072	0.157319308655563
-0.181626543104675	0.404465200965556
0.0485139158396676	0.0909167008499376
0.24215944814654	0.405117628459552
-0.364594945182127	0.354484214479126
0.455269310271287	0.449039758386681
0.407377809424461	0.460082848615208
0.0905256762381209	0.145717143479883
0.0590723857382793	0.0963057840828006
-0.205843299195222	0.455908241937406
0.121282351167231	0.235158793137695
-0.172664845386565	0.355798211020919
-0.0754603191455661	0.119461461332922
0.00759170985076315	0.0117939697465615
0.331257371820068	0.806954160998537
-0.183118259860368	0.315529259932931
0.110748361959775	0.146693607979991
0.00690376722527766	0.00782919706302413
0.00434721601012976	0.00624783651706188
0.283623740397686	0.563243314107182
0.116344638442847	0.194635989343533
-0.0550866865001651	0.0874560868591731
0.107861594502916	0.193148946078436
0.168499117147679	0.340115030827982
0.148759471988042	0.289748004470009
-0.00753283195573175	0.0122336692033501
-0.112428630700338	0.112090008211214
-0.254483615715585	0.276052548188682
-0.255427250119618	0.277387827868898
0.245654141987329	0.308779146456172
1.04920519168544	0.85400687341095
0.709653110082148	0.985455308056449
0.383304872707518	0.342368654971209
0.408645086913609	0.248939364072199
-0.0522220409639965	0.0362041863827294
0.508590949364036	0.600439160230855
-0.36814424225822	0.432996300647153
0.204369135822298	0.259169092196351
-0.615038192657342	0.389488168034374
-0.567171872410329	0.428260261011559
1.01722535168672	1.09802950315937
0.485331724803434	0.265146654053691
-0.125327132561591	0.116162394229274
-0.0347996915117943	0.0243650552734934
-0.0598157603279266	0.0589811835791048
-0.0690754811312121	0.0605917902894097
-0.0923958997875139	0.0708311845572544
0.166785545933881	0.197486981330123
-0.00689069337579242	0.00798639791099225
-0.033917560391637	0.0236653290299974
0.0862659234551345	0.0461836485863748
0.799220671367	0.846539008508406
0.437006601407521	0.362625712397316
0.580561254886785	0.480474249851066
1.15784964454925	1.02126402674041
1.36962199658204	1.46270633456632
0.477764211810095	0.76806009167156
0.156766989400979	0.22542236859044
-0.521694659385388	0.399273913832942
-0.329007683858779	0.589350798521439
0.143228839632507	0.228781771803318
-0.0937697933940976	0.108644303762115
0.024867045535739	0.0256976389845206
-0.104175068857105	0.0897034512983416
-0.516646278508446	0.322422694371655
-0.0161788101947034	0.00930396344013529
0.490944647948984	0.436959541826965
-0.82664580643357	1.1021327000779
0.613132912407836	0.498916292441301
0.0885007098539225	0.029893961321592
0.754445628923474	0.315306898158869
-1.08468900018049	0.440436789011498
1.55372176753239	1.03281291910096
0.842193494171469	0.445547366333959
0.267981474059452	0.140070986807735
0.621265522987688	0.19174051243912
-1.09505186891733	0.436649812703456
0.0877565236898837	0.0404805282172405
0.0888282800219384	0.0718003025258468
-0.155615470196927	0.25996491317097
0.103923233358719	0.215795376767047
0.181729876757749	0.37530137444285
-0.464649330675026	0.654310858860508
-0.0712508607558263	0.121340630952528
0.0910177939179717	0.169903274583634
-0.218754581292644	0.494549623303992
0.154720994216582	0.31094725930783
0.263388003536898	0.610053177260161
0.576807541362111	1.95563727500387
0.541981917508737	1.81102201865242
0.246510415245745	0.554580484120906
0.188279230004686	0.412278122949591
0.198905061266612	0.448245903465286
-0.0448971346358207	0.0704851737091704
-0.285382800390808	0.627612516946714
0.0946753973130743	0.17777271163091
-0.190744874986398	0.438656297016931
-0.089855962157775	0.160463772478541
0.143290808210046	0.286500133794873
-0.112569426524608	0.220209621235329
0.0176926720485124	0.0258099091805368
-0.276684054270605	0.650295231342318
0.05570990347514	0.101931287362742
0.131134364466398	0.200370899151755
0.536638570180182	0.715853094096486
0.382749953763437	0.361260643476125
-0.404385035395082	0.41954302463236
0.297605957935835	0.663409082521107
0.0581059201351418	0.104068547769494
0.363304092192663	0.992162499874845
0.166041681115923	0.342864849969999
-0.326592136091665	0.756337306922372
0.143637871345398	0.273642222942561
-0.230999790545077	0.49954669342606
0.131232421200516	0.260676723097953
0.433816318811593	1.01316079421564
0.0186927402442671	0.0224157092321302
0.278943925395454	0.46711558836872
-0.109424675946859	0.181997613430689
-0.0162604923586193	0.0227460359711575
0.321026952870759	0.792188117199898
-0.0886273721595836	0.145144842108043
0.203121117411788	0.396649242832973
-0.176598952858883	0.35548890495399
0.028516914148337	0.0462427262415749
0.108051758342885	0.202850569867512
-0.0389160600023973	0.0377113153445031
0.082063672662196	0.069600909837663
0.254740316702518	0.275589921933344
0.0459387718876358	0.0455754888357807
0.111984108892013	0.0723762857733015
0.741130698804349	0.834620743802853
0.587636068748887	0.393073254260003
-0.521925593154065	0.585181628945846
-0.143871221298054	0.131215367588501
0.356959462777528	0.430991998655079
-0.278935699326074	0.301875914279297
-0.57516523238347	0.438390759809923
0.382717779533401	0.151979432709853
-0.433986206080678	0.443924258910579
-0.553363614080398	0.295147794011653
-0.236398787285073	0.224767190938669
0.314731366177721	0.270152294482959
0.138238481000856	0.158113116520508
-0.583728732744642	0.867143581641608
-0.304722446233629	0.304710245680137
0.0490190348715973	0.0536231870229377
-0.0582190519998137	0.0617160700294912
0.524490627242827	0.475877176662691
1.16964707216374	1.0460788794287
1.01943692378621	1.09621168254226
0.775239197557996	0.936610842126618
0.419868650870697	0.449038913435432
0.226051829143927	0.157780648895962
0.582328325001628	0.392699959607624
0.106887519094085	0.0701945077088101
0.85288805989033	1.74692875693403
0.201640715665832	0.379503618872524
0.229603873449154	0.310628696152697
0.585000377917287	0.675346396961155
-0.0936208321484199	0.126464310023993
0.225728506320377	0.40583803660775
0.208802132326548	0.290693640232813
-0.390408932279287	0.481863719736891
-0.0282027315536317	0.0232517502353677
-0.344247500366389	0.220665976754848
0.323535727419253	0.259949571645483
0.314067955476734	0.26867552591659
0.410360464119031	0.260629752989584
-0.374104177519329	0.176662011653716
-1.16361579009638	0.351828762907309
0.11224410223871	0.0322936016609014
-0.457593141239538	0.247350039857603
0.539246442499182	0.377051109317983
0.478327258630647	0.266937401202273
0.468879749800397	0.168499787486955
-0.834630481717885	0.376915698386556
0.0822932503959057	0.0343583936843871
1.33131049162493	0.980272884247922
0.242038637856759	0.14816110102573
0.156922739915076	0.273173425834137
-0.210828360327954	0.51087172853437
-0.684564643241028	2.36220169306956
0.202523697609923	0.253636303950183
-0.0976081420008423	0.17353248724814
-0.285186642602563	0.703507345220736
0.223984940889362	0.490111159039746
-0.219165748882814	0.448642958460751
-0.0602679261000364	0.101773273541622
0.445800391974441	1.19731632748511
0.232982720053227	0.474285486268328
0.122013585009148	0.221582580685323
0.144448918045764	0.281391816552322
-0.196370919964925	0.409349123258024
0.152457859703787	0.291426332985818
-0.180108730293078	0.361104346914268
-0.0242522830439648	0.0380205481770759
0.319970345673771	0.829952189102498
0.363241657907393	0.946510186928817
-0.121163235229314	0.230918763320747
-0.198922375580372	0.409398681466657
0.10577221102222	0.172461920538753
0.0591955825359397	0.109218618931532
0.32424424513003	0.903626108942992
0.292676998971998	0.492199748614608
-0.828644417297672	1.11551551303848
-0.288413267300579	0.283043933118799
0.10365178287895	0.0986408610397823
0.0436001027872888	0.064912586678728
0.546523633492826	1.79907893777059
0.443247493800607	1.30207339008774
0.0466727834677751	0.0783976906812067
-0.145861517721407	0.294507522023449
-0.28307552794853	0.686057720998385
0.00817947596711521	0.0128588863318282
-0.176436902892584	0.359519982109379
-0.0694812565947165	0.100694243830936
0.149695260707009	0.188544515620654
0.133323736449074	0.16336707903592
0.122766217884878	0.185614296120358
0.257038545025059	0.551856548570397
-0.287866121780275	0.556227228701069
-0.118648692640404	0.202281353649465
0.299691921156941	0.711074365959754
0.335300566111802	0.82092038694402
-0.189345014984907	0.400707460101858
-0.187337441095428	0.371267862121404
-0.149799119387741	0.136353699390582
-1.05598108064727	1.24607073314819
0.222466491518247	0.198185357684363
-0.0834357203482128	0.0797954368546036
0.1344160164737	0.0974262121784033
-0.243333562057244	0.188179842919315
0.146022562301777	0.128480369489707
-0.0706107831132547	0.0472943471155321
0.087387446192866	0.0473916363431033
0.222786336884546	0.192342490123229
0.210135574398688	0.177216849426493
-0.101686626157134	0.105911384139737
-0.372839979418901	0.490297023318764
-0.459509923124135	0.322878727242239
-1.10700867618887	0.874771139999286
-0.558419766346796	0.512215491212794
-0.122642595501919	0.0544717372486543
-0.29770313410712	0.255208780988282
-1.14643937001192	0.726640623618588
-0.515933581314093	0.762120076729248
0.366544577880935	0.448105822175369
-0.560334871617142	0.602250285862815
-0.424291728151353	0.731491801277682
-0.648705390504151	1.18602215476782
-0.22579105221389	0.154439314298507
1.16279602998621	0.897982354974298
0.229932486048181	0.152324614846398
-0.184201022587909	0.111114928575456
0.868055296133343	0.898148495981208
1.30028044039354	1.09517427152938
0.505314048182253	0.370102778179504
1.61526385137522	1.74774022128564
0.12010653461594	0.183494746862461
0.0844619876864644	0.106569895513509
0.064901639799759	0.0469067255108559
-0.0583556665082087	0.0823948188151456
0.312108490405099	0.594708687448607
-0.314911152079709	0.488114687994356
-0.175623804359573	0.187131594740178
0.105032066404537	0.0981964754697191
0.441635193512459	0.799525202781985
0.264905746846676	0.331854056076677
0.23755238619461	0.388978040090278
0.478787422753904	0.852658991425623
0.108033690135121	0.114997398430425
0.0836432567256306	0.0811481112955169
0.22313373544196	0.211816765726993
0.397535164403184	0.354488608569451
-0.116663302990384	0.118681731220361
-0.235543487626473	0.267901883465489
0.217043853138645	0.195320682857117
0.354006266257	0.364950594608406
0.327714742990186	0.356778584069216
0.554500036586927	0.792367518161468
-0.0657516061463136	0.0631032373830004
-0.0409259815365953	0.0550700764234979
0.151291884399832	0.231119509393541
0.412973658973765	1.31380538356445
-0.166888069820959	0.317728457486194
0.0466851857820423	0.084620053080045
0.13765658630623	0.332635850853632
0.136969165570112	0.248377189386397
0.122440364989973	0.199293417594329
0.0707346597491276	0.104049370898143
-0.101246736247918	0.154575502514846
-0.083175885655104	0.131754721549903
-0.214459514806189	0.372688597205698
0.0300188611561858	0.0417380370734882
0.390333604685235	0.842901557750354
0.176328911247704	0.321182742663919
0.543317790810685	1.47366554976996
0.11933848773978	0.220227237406276
0.066135772407222	0.0947847303262274
-0.149374563236351	0.235238748799402
0.0787826736962388	0.126392952962567
-0.139456510499192	0.218743778968252
0.252978221255913	0.494376758522731
0.08578843410515	0.130826648015979
-0.0224135517771385	0.0369425099376589
0.199872367536617	0.36771126920513
-0.0906100212690825	0.150449100476783
0.376105102216371	0.966252856946923
0.104112006197216	0.184656304538112
0.120894201923378	0.187430742830817
-0.11590518041254	0.232192998761433
-0.175503652227224	0.293037305888272
0.1057367424824	0.158782215329943
0.221868373884232	0.425885149526797
0.139929750310333	0.232171324234718
0.150737618555695	0.244336620737552
0.360758428059198	0.729889942487191
-0.0984805821181693	0.154116701003019
-0.156815580235706	0.241306000388481
-0.248635883310132	0.44040983641425
0.0856108255174879	0.147917989226222
0.0850806792944698	0.136681853807075
0.293964371327753	0.555414672274206
-0.062737179672734	0.0855335278025955
0.65873888663684	1.82338742990221
-0.0459249079283695	0.0645061443232908
-0.072991781019327	0.106051440590038
0.529656994028659	1.18317736921755
0.0672727285937302	0.0993469655481439
-0.211896984194227	0.429466517760955
-0.0399442805539922	0.0618107744648577
-0.158706643422208	0.256697695797136
-0.100021525196638	0.14114938408586
-0.181410387355578	0.263731689644968
-0.0651306043725595	0.0931027990933334
0.05678952352379	0.0637903966558306
-0.0453304909093419	0.0489755709332199
0.210877968196055	0.2673800477595
-0.65089634489621	1.26603986858342
0.299847359769742	0.526970329404839
0.433381572011325	0.540052817949611
0.0350912547545771	0.0297614014491521
0.426521332212599	0.727865761618215
-0.0129375601578147	0.0131071799692112
0.108443568987209	0.105738535068807
0.272648084090828	0.464218948295645
-0.357489445433591	0.523009037113466
0.0477571675700985	0.051986365323329
-0.297896471633253	0.465132893479238
0.132751537033495	0.192876736986329
-0.111225896692044	0.157605306705187
-0.030386108755238	0.0341101602820961
-0.0400803699580806	0.0400738603403434
0.143990707048957	0.185165472486533
0.74047601863534	1.15895868781767
0.00210200518840866	0.00264476750581023
0.287043696674521	0.517743056628919
0.137847756767266	0.191796008316469
0.0798769717779982	0.10038910033429
0.30325436782791	0.51509925056864
0.320869914159248	0.446377490952483
-0.0238055767994479	0.0219958746889148
0.218686328013831	0.536222206695193
0.402922198507934	1.05374448790801
0.10639545045958	0.18107195215536
-0.111896735821803	0.176723443394747
0.266669099633643	0.460886099093843
-0.138090769625337	0.196907038325549
0.0893486233802898	0.105647696084923
0.50235994921416	0.905982511588982
0.405747306529854	0.730427067947364
0.00507915103845748	0.00590886454099179
0.0590177498065241	0.0694565816660748
0.338854801523933	0.618585240424288
0.00925325138829872	0.0106645848352628
-0.138925729703104	0.192498421368055
0.0186357606423509	0.0223425843318361
0.367862541956647	0.731777068436775
-0.100266313058317	0.184620119957848
-0.0357007377615199	0.0622089854505513
0.34438201264244	0.885560517600706
0.209892662670898	0.266870282450231
-0.100113913422297	0.182846627185575
-0.0276230043897284	0.0625358326888532
0.398296212819098	0.641668291180727
0.448232368651618	0.601767822713889
-0.206122325295452	0.194745311845739
-0.727136814331691	0.934075250488607
1.08114916354073	1.81997890651876
0.632930065200151	0.937001782096106
0.482041935587489	0.624852733520354
0.367997249854556	0.436202055384857
0.489484945260481	0.550312954504648
0.598785722250323	0.828820888109621
-0.0044482667368445	0.00602393429947467
-0.214538905974975	0.21906410938269
0.224294338858735	0.218188739565525
0.787060357757777	1.13208161603127
0.335519770890348	0.261511061075799
-0.149659156342691	0.1387395675691
-0.556391260708741	0.704175190587191
0.271812607749002	0.608403715721574
-0.105442733267454	0.108359545955064
-0.212949453213179	0.288099186986937
0.0633990143157178	0.114953123236314
0.188933957890421	0.48681136805152
0.0309512816607272	0.0585543091106772
-0.223531746207351	0.70348170011282
0.0512605562634781	0.0639780369689072
-0.243773056659516	0.26395021738561
-0.110948185698576	0.112009751724506
0.378005581396402	0.450911999105107
0.155255678894341	0.15487398606752
-0.313830336317919	0.392292048751
0.425301034210984	0.519452866874866
0.62855082381524	0.851914124006328
-0.167913785960064	0.200364776345918
0.0770409621838161	0.142167407631775
-0.170543417371921	0.387722285246496
-0.372523090527864	0.657847532375099
-0.0658585559651856	0.0578441628003718
-0.233056111413763	0.271178048219944
0.259517738065786	0.28625912304183
-0.193278839045041	0.189300338864982
0.110214994454418	0.104696052602021
0.708553924318096	1.09762160307304
0.27679450691336	0.412626240339427
-0.185340509461764	0.484451707170744
-0.473864277190867	1.51262153969691
-0.195311025951067	0.411508134105148
0.257456302501088	0.507080126956133
0.149192942761947	0.283849781120143
0.401388154527205	0.870619698377431
-0.593620873942991	1.32147247335446
0.0695452258770862	0.0956269881362504
0.195443736709963	0.306374829426552
0.0694791648647882	0.103664206308913
0.140595952365863	0.209955067308041
-0.0759451025196431	0.0923592944956932
0.0781536999078366	0.116999524628269
0.0471040843945818	0.0513270989903733
-0.34251407551772	0.525299206057233
-0.0478719042860605	0.0609518307881502
-0.111208217042729	0.168247681816955
-0.341703267892399	0.445418408045041
-0.0102364709479756	0.0132266825423747
-0.826967763034257	2.31380710463969
-0.0717424286068558	0.0900219411111619
-0.0361476381336958	0.0591612315425005
-0.0393976953076381	0.0592513112988393
0.156168651101035	0.234237250435435
0.308460930123604	0.612681609124177
-0.0950525793857578	0.127796266432218
0.585956468411228	1.76976551678483
0.194146375359067	0.356108969582257
0.31047984502512	0.78947588833498
-0.24443084874124	0.283307821180067
0.0946681940472904	0.0826731552311876
0.569705531555257	0.87483123373197
0.158243252504829	0.161447504369404
-0.183424953890264	0.22495933922256
0.00793400251070219	0.00757790916368351
0.506530213646693	0.747458749583865
0.323365251944851	0.461297173131059
-0.0334285590123007	0.0392435175836438
0.0040698915403022	0.00372989469122214
0.817174372769376	1.12657582266838
0.755549144240615	1.02091644908371
0.225074044971213	0.18552837108949
-0.0435823229434959	0.0354767174454434
0.709482468939905	0.98541862890971
-0.086826767205255	0.0740432745704005
-0.318656115994533	0.262768223373935
0.781238261915946	0.940789854966713
1.11469151976066	1.55830217037819
0.778732335844533	0.861682587539917
-0.249907963667947	0.309098152605772
-0.389764119425833	0.676681443739832
-0.0438078587023879	0.0778764930423385
0.157013268411435	0.35902391937062
-0.239742651605685	0.602088852141221
-0.321418031255405	0.915528072341591
-0.358035963918305	0.956987462199385
0.14290473412907	0.25190601351604
-0.0791369506607254	0.122629511161424
0.135901349086272	0.222291611155862
0.458807331196885	1.28654437259196
-0.174037337797948	0.330318864900974
-0.452744348560912	1.12618834997743
0.164763843270393	0.270043827334034
0.0271750085828872	0.0417145052272292
0.351850565818383	0.911768356237499
-0.154132297347092	0.335782872602814
0.0490204960302264	0.0780052339355337
0.00958765811930605	0.0139274633552787
-0.0851253696136315	0.146827437494835
0.312458201633038	0.661560816192283
0.0651511033097812	0.0987699912807401
-0.171111052388398	0.320653220171185
-0.048888209807124	0.0898487945793106
-0.18629025024532	0.365410204636828
-0.0776527969812679	0.146891503385704
0.216959869400475	0.509378556381034
-0.0881549894513316	0.13118663542611
-0.0161218741827905	0.0161426670165716
0.144250880307185	0.262900072954379
0.086480883223667	0.14909265826163
0.170355339826494	0.342783939390931
0.114178459276549	0.200285753983655
-0.0519820887645184	0.0813253690888119
-0.321536371980117	0.717819779950633
-0.171657790761353	0.288056788345015
0.308606800798745	0.726322143301602
-0.28694552845155	0.627002594372731
-0.336991642267292	0.731888562691
-0.148577251339041	0.268409865009986
-0.242745911951814	0.477883988210153
0.239738912859063	0.489237072667884
-0.63720297730261	1.59281568378139
0.331931879597986	0.733530905235727
0.150670866691835	0.259321528472493
0.0846761364317203	0.141098254158917
-0.0613626209409401	0.0900568161674084
-0.472734326450063	1.25620159552133
-0.0583378429297328	0.0957414049335918
0.1748262732165	0.327327934870271
-0.118287412819327	0.155725599685927
-0.167757039607145	0.20155211245072
-0.472222318854176	0.94072003990632
-0.0747853064413685	0.0877953029523328
-0.0691802682007797	0.0680362798970462
-0.0843882206808916	0.102987881879629
0.177819828148652	0.234757613032685
0.234470508712421	0.297660528719843
0.427280197618331	0.71324489439557
0.220353266896241	0.255773105378228
0.0444599006820936	0.0389887259509441
-0.00284364291581234	0.00336401969340514
-0.193041904546201	0.229453318786249
-0.864935905148573	1.76127614745367
0.139856204357252	0.167079831067757
0.300749906309159	0.506232984385698
0.46643545846777	0.690270785462529
0.8220091928326	1.29465700841935
0.439442789779862	0.70814342624813
-0.127147116093307	0.138525888880063
0.373291476113401	0.439246856720715
-0.00426917739377097	0.00490953561807299
-0.144137858658499	0.181943966178212
-0.0713892993306999	0.0951876193217048
-0.223823411405932	0.34870474382451
-0.0455232166950286	0.0542168693681202
0.1756076786984	0.200614761935928
0.491166232013907	0.707062227356155
-0.327169301330882	0.273634512343032
-0.0688464311389285	0.0351176997017786
-0.214393884112331	0.0798987399527893
-0.554744827463794	0.294858265108523
-0.617946429687602	0.397009572207988
0.481927826686536	0.265889081020244
-0.344459355521145	0.221322030910074
0.400354806471601	0.255346773933472
0.243098978567799	0.147920105430591
-0.210841410392648	0.0783398753488635
0.479671842650785	0.255746065259594
-0.161845847703118	0.0656191361313885
0.618355224530899	0.599046912588884
0.245792036954192	0.512832062041307
-0.00359869642407319	0.00647276109255013
0.146998230701266	0.299274870171333
0.963663126044507	2.2295195916743
-0.10986238153369	0.230585868838854
0.2779626918338	0.748521160648077
-0.344188509521876	1.01649373527235
-0.211501347597191	0.501853933940961
0.0903921603573284	0.171014806031738
0.149676204612315	0.315804448589728
0.0269289189654509	0.0466600543559242
-0.247775097799187	0.59141766949173
-0.204235558029276	0.490858149082883
-0.414898318110757	1.2834593255024
-0.131270739473032	0.261746755128048
0.0425217275452918	0.0747621833548036
-0.204713476715481	0.491632450992126
-0.00245648721403851	0.00437440964665198
0.15459848733179	0.322635452969656
-0.141441289849829	0.29359101272135
-0.226507742814925	0.534658443723982
-0.0623892562695976	0.0965224892741187
-0.103832596715373	0.216556587157487
-0.045945387021976	0.0866914286434458
-0.0415267247396163	0.0546422245920987
0.0918455676907733	0.0788715535300425
-0.076409997460027	0.0585785871194412
-0.312038549548906	0.398907060611827
0.30696962857239	0.71806384378542
-0.356513091472807	0.941053683714896
-0.186893188701822	0.419386159752235
0.018865472405852	0.033120406216871
-0.2536855871479	0.601311689269383
-0.405634873925175	1.07395896092669
-0.0196192358619539	0.0335949905323364
0.147338981572772	0.307544331751878
-0.581205797593683	1.7088175565479
0.284392800490187	0.456994367881015
0.0815976359057415	0.0975900811702704
0.601354442704991	1.83030087766248
0.0810276803573049	0.130854953827005
-0.0376547506305473	0.0579851941529493
-0.0454780979698546	0.0733204132211521
0.0149706617162168	0.0235387960383076
0.176841917031439	0.368313037087728
0.042288453767768	0.0765391056084467
-0.0149597707439771	0.023883351408778
0.203603337424504	0.217769821208663
0.0464361669896163	0.0398548938641583
-0.692225208186068	0.865229570273042
-0.417709075854159	0.569438531260819
0.718797949871583	0.538637725610332
0.0278143469055361	0.0183845479940002
-0.15483742929741	0.161530817226481
-1.12106519444813	1.59561841136182
0.467262806116947	0.454589001132819
0.345059074413037	0.360825209666062
-0.0463166914320981	0.0481078768912636
0.0449974416943226	0.031239753464863
0.0851410323996327	0.0313210739567011
1.36852357403598	1.42812199491747
0.251333322061982	0.302718947249298
-0.0461119454767364	0.0321744222793437
0.0771623302177239	0.0917526452435838
0.574636144091747	0.481486614909723
0.0109704851693708	0.00850147892863058
0.319738141800657	0.266257576974123
0.523843637136873	0.599385433328336
0.543525503939339	0.383739367606444
0.730777440578645	0.65519317947761
0.623989059555174	1.04925722191788
-0.297204431271722	0.415768051612849
0.777255504899563	0.863471988170041
-0.357826248685605	0.708185780980181
-0.191114844266578	0.321521857695879
-0.350690769459837	0.524656375968523
0.715869292371869	1.3482352068411
0.0864376065857833	0.0690386607704934
0.0980564118030567	0.0570590103079768
-0.144912666750038	0.107440902834923
-0.536946032162883	0.363012701136604
-0.464403401213541	0.31409819558261
0.097059843894689	0.0583751328527302
0.55316738280998	0.485895043240771
0.881511935204414	0.557958603580973
0.889237663299726	0.818242600074481
0.844677182532086	0.441263752600754
0.0882457191239588	0.0445068367768816
2.07669819159383	1.90881301892115
0.253732927807949	0.560538835228925
-0.0895764533920991	0.190186694750182
0.070576878621405	0.130590324824949
0.0246311887440174	0.0425088401413898
0.0556764205949812	0.105539777682771
0.0996113017394135	0.200283112865
0.0448986216096955	0.0783017448306988
0.173400742555965	0.368653554103041
0.427397599995408	1.36930640217841
0.113478932526902	0.224911224649494
0.223750634409236	0.493859455244474
-0.09579341782705	0.182470353467315
0.0315229027630694	0.0569230262139991
-0.0761195156522618	0.137684650912624
0.00646021850105312	0.0104719717474428
-0.226494817797932	0.575529460825763
0.132924789373662	0.2777610039253
0.0979112191048884	0.182171821013981
0.0935428377139526	0.185007655691468
-0.0633116805429911	0.118132216466309
0.00430225842533022	0.00654194296673443
0.000420646089698235	0.000707733800360297
-0.0351111470837675	0.0466888712537138
-0.0883265534179023	0.0847515540712094
-0.0397701973581121	0.0325403258968165
-0.264020664248541	0.321352017184776
-0.157315960353148	0.312333597314719
-0.109499763307168	0.207769713120976
-0.130861909680232	0.266913517962288
-0.118760819279959	0.247352845084831
0.0988394795081086	0.183243618459923
-0.0412425865425256	0.0672822392245924
-0.0156527089054056	0.0259036770488786
0.172361629745204	0.356405192842775
-0.337650271693297	0.75200020223738
-0.295226185059317	0.455635306316394
0.255239589212603	0.386709213400801
-0.263795447761768	0.531752027337662
0.191325595654193	0.355338359540044
0.0170624548446414	0.0250789697393714
-0.0397662780796293	0.0652031151376431
0.235354369197633	0.521052305817265
-0.182605859411525	0.396252254201533
0.131899167757123	0.27901756888446
0.0743663106792156	0.136969674620374
0.332603265421893	0.354010462548988
0.341231805411869	0.420679007716075
0.155561431595739	0.145157364034818
-0.345605930147492	0.436951835055151
-0.343909352633663	0.212593900421723
0.97940672366766	0.966571469324626
-0.63016607906916	0.869644860543724
0.143773539834144	0.120796723313484
-0.0405357476398315	0.0283681215779689
0.586664405121066	0.857276137593571
0.295557810563491	0.363282919669287
0.421264108258979	0.367089353919385
0.877935662874943	1.10440182419911
0.0526352615294287	0.0356482273553939
0.846127147187669	1.22517621113917
1.23381000131168	1.87288432118501
1.60228086293338	1.57077794836029
0.613361253217757	0.583734811195565
0.177868281134678	0.234484773532283
0.0795897945125638	0.0641292420188321
0.103541702169001	0.147197161128847
-0.0354454202349009	0.0512908501335611
-0.188707968080994	0.255022329228606
0.626623116064998	0.994932710058447
1.18928516917993	1.7720755493549
0.167812413458718	0.195654197963325
0.00805270012568112	0.00681248252452975
0.295576019861832	0.405051995449977
0.858194953650379	1.22615172453372
0.378995074999698	0.456357474408308
1.02016327394196	1.48714053445976
0.523460196806382	0.716479510930373
-0.0532790916361534	0.0857235154400589
0.209726177649801	0.325929506044184
0.340781554760207	0.621466515314908
0.167830786652165	0.264504781940554
0.418874910421805	0.889574858048802
-0.0713045544189755	0.130088258487281
-0.272331338721914	0.443136040091392
-0.16181561074757	0.246448166342316
-0.128824355653141	0.19220097778966
-0.27512870531834	0.415168299604352
0.105212874147333	0.129114845300574
-0.0586971670109236	0.0729675968713174
0.0711057808522401	0.106682252229017
-0.0862562394120432	0.14991675868702
-0.151829396647944	0.239413275989729
-0.102355143510327	0.20464611074658
-0.214875778050972	0.415886150159762
0.0185846184498559	0.0228310850249239
-0.258691071775596	0.440871270687041
-0.437655799141068	0.937937532379021
-0.374358839344237	0.685822025460081
-0.0494673373113665	0.0618519778667717
-0.00985443114277439	0.0122521392452586
0.00702986509705025	0.00874963054189805
-0.315660238550952	0.501818430768953
-0.053831759346076	0.093932169134217
-0.0576766444636909	0.0981355923101086
0.0891000797476297	0.138028652555285
-0.770468523658952	1.90241383500354
-0.145460066663407	0.195580061395635
-0.259462433919662	0.440624940799372
0.123957033754507	0.164643245108826
0.272569620279254	0.415652283829322
-0.0179064307571684	0.0215904640196191
0.154516729992788	0.256947318943224
-0.46837283806234	1.36654385093616
-0.266620774834845	0.484637909488091
0.104069562231513	0.157133621704636
-0.327325016428827	0.608915355910536
0.0172404448645766	0.0192471907981217
0.662998577765888	1.2956348452837
-0.0738516658081853	0.0956054795491412
-0.324872714328151	0.449638062929597
-0.332158758046603	0.530374812791547
0.351847201283998	0.424347263409749
0.163964350538439	0.171480713220539
0.0609718199529481	0.0841230880359758
0.0804895124551238	0.100443287187984
0.282878123426325	0.415014740562714
0.297321419017949	0.401976750830367
0.625243462744149	1.12697594637093
-0.165277635038062	0.23722956697522
0.106369721204476	0.12439348691114
0.207398747591599	0.276541187360542
0.168529971047698	0.275923175978409
0.0441315295326975	0.0494036052123027
0.188206216221825	0.255498544927346
-0.0773730417536029	0.0802474649089893
-0.113878414194787	0.116052810423732
0.240271134762755	0.414845366021851
-0.150471628434952	0.129801291004679
-0.660972354871172	0.719603214536745
0.236441512597777	0.156881187745054
0.223440582082579	0.167741145146722
0.225096555757673	0.183708899777322
0.211095433705473	0.193672201514432
-0.238979759087197	0.207878584182734
0.354028836961685	0.345237254031339
0.86403693919844	0.912075381898414
0.191030262148991	0.32844542933594
0.0869234883427928	0.137594273241258
0.249594244797087	0.489533072779146
-0.353601077454782	0.974214358038188
0.063691337500812	0.0901459774796228
-0.0642753533557742	0.0928654591970656
-0.206039571881175	0.362607782453362
-0.157142788156413	0.243718451496043
0.161634519179858	0.255862044445324
0.0778500328669904	0.128977342817277
0.179291504531182	0.266501897773763
-0.617775801943065	1.28620944340256
0.22837734085676	0.409443759088567
-0.106020610005932	0.184839945286786
-0.0778401456664907	0.118765143870366
-0.194446671059182	0.329436736356614
0.0139966754582068	0.0188644596783792
-0.186128007400124	0.303953180756543
-0.606919579513121	1.40208992484521
-0.622345761516693	1.75576370004411
0.0442225431504535	0.0589575914478267
-0.0249123381928797	0.03279009673467
-0.189217846358876	0.335041695102565
-0.130247360925969	0.222486116900632
-0.679670549368257	2.08482851573761
-0.3953687533931	0.855044954193052
-0.00645743461138082	0.00799547963861588
-0.43723215302812	0.998457549071353
-0.10649164643527	0.172210613149037
-0.107983633687631	0.17252666908605
-0.0399099882892274	0.0538427909907403
-0.184354342546478	0.354990865766984
-0.231829869959172	0.412191276748182
0.22782133157171	0.375881751585794
-0.321809046325338	0.513003028309595
-1.07471542573325	3.25063195254819
-0.804276758798473	1.32448697316805
0.394933920388699	0.545542608898587
-0.402553630890388	0.71085513500793
-0.258370224830256	0.318465748277748
-0.181435045286499	0.216859152807365
0.345696549811449	0.364205107637859
0.0517100250891379	0.0493661609861939
0.170874348639465	0.18115746184024
-0.000265841397165327	0.000133647526324973
-0.0701913501189292	0.0730561011973385
0.15397963724003	0.223424764448102
-0.159728095172341	0.190692678357409
0.178888687361009	0.214548566364299
0.636602452826362	1.0109428127559
0.523312436847924	0.634770778959003
0.6798866421856	1.08859898438946
0.127435215680827	0.143920236535237
0.40833624639556	0.673909415044712
0.0262543646613095	0.02497002439557
0.114440534589184	0.12249468161568
0.3095704492309	0.417585410456829
0.145466011952568	0.18631311677176
0.312453494531765	0.427874612010836
0.0612458272183608	0.0635359009639815
0.293067730125643	0.340979181185511
0.0330987957464148	0.0476704210329007
0.20311538713891	0.394544141016515
0.277867423731494	0.550123134484319
-0.17185616380319	0.218020215638035
0.107502875036136	0.127218280832486
0.608760703783745	1.22051759108736
-0.0102705809466984	0.0112574585228851
-0.135850618731542	0.148786853857099
0.323794519624755	0.444725719257045
0.140086954342754	0.171001969097539
0.177003342387275	0.241004293197704
0.59781623616627	1.10823189093676
0.371645317146551	0.53327687037794
-0.144053425401258	0.174086703304123
0.36348573437595	0.530572530323702
0.0752100390581101	0.0774687934424896
0.158246881517179	0.22184074059922
0.190869477745539	0.249954030181123
-0.0492326594767472	0.075652665237094
-0.358189582420473	0.497821800596913
0.583431497759428	0.972456756234623
0.0501805848155651	0.0520766966142405
-0.0791264301488539	0.0761464121074558
0.0222205968985797	0.0199644045383082
0.650708672014117	1.12485572385531
0.079586276449253	0.148013334350613
-0.177049293325354	0.448833038513449
0.0781542202536274	0.110756545406739
-0.0898182472640725	0.0979123096377024
-0.283518938430119	0.364329877859692
-0.0912212572557482	0.101899104902392
-0.384243661010447	0.551084821537415
-0.0473484403068845	0.0466418660508093
0.00613689359115799	0.00635990961024252
-0.0743983363828606	0.0720622808221123
0.203410969214579	0.216726246702826
-0.348570665899408	0.873970418349846
0.420701247985306	1.16922393337938
0.00861658270569759	0.00936901841795761
0.250553342694132	0.317685755177457
0.303118938572801	0.371114984819235
-0.0443282750811833	0.0446676706905232
0.101251310413578	0.1148489746135
0.0591864625301681	0.0619538197897721
0.475544506183922	0.776793425525412
-0.161108345078864	0.236621530706226
-0.216930950583561	0.560480254035359
0.0685058379524586	0.10891655815969
-0.275601183646518	0.600149106172543
-0.444096223419482	0.953977451761652
-0.246200033837778	0.492903134756197
0.267547534058309	0.400999011508989
-0.444205101947047	0.866914681765394
-0.0190082732777379	0.0253295536160696
-0.592790177819964	1.31898446464383
0.158151641020639	0.235240809396526
0.0395688759112587	0.0455137746284647
0.174954022345804	0.25208463092785
0.155969974160506	0.256806810435799
-0.0985252762355928	0.0919192725555778
0.247536600644406	0.410750995641983
0.124982409753053	0.174527633667842
-0.0444014922680832	0.0589438685778012
-0.622677389405914	1.70989800404362
0.178520863484719	0.231933993102789
0.0776052688502832	0.100252224465737
-0.0979121641324776	0.126714860020702
0.145339566914235	0.233991529898821
-0.0207032699604398	0.0234879991498164
-0.161090417776323	0.158748821991734
-0.290656727533453	0.421405457121427
0.67377166600253	1.18724515121144
-0.452809502668205	0.684594595127468
0.291604357134597	0.625353007626746
0.0967529835633213	0.128994569924669
-0.0327160594457367	0.0365532107743925
0.103837900614056	0.116078158383454
0.629746023476838	1.39437756764713
0.238773926290577	0.362177578592752
-0.506671886600907	0.860222319928914
0.779897396737096	1.79676717181313
0.174536262674311	0.206842498359523
0.608138727798223	0.756620794465346
0.112211847968508	0.154356873168482
0.0388693605338831	0.0327965744145931
-0.0854822355877413	0.0566879863341701
-0.0617052245131647	0.11513411287457
-0.245283672452677	0.74719048709308
0.168754778820521	0.194067824204242
0.641308096774516	0.849929556634584
0.23213771188536	0.149791706415619
0.0510578689605722	0.0442138975596807
-0.656520975099389	0.722756185950144
-0.140262628094844	0.128064972563601
0.542067026741087	0.636510627909797
-0.00782264963870911	0.00572610219681399
-0.233466024510224	0.221458428148595
-0.461527693588439	1.3177956072932
-0.425902616886762	1.15515664178512
-0.283954927417437	0.394365712437987
0.620303970385799	0.760891787470389
0.0404142091463022	0.0335109268134465
-0.663478759532944	0.725568690513547
-0.259405842781883	0.21974924853199
0.447174906192215	0.445399932664213
-0.144713046222998	0.120692816206574
-0.796539498309037	1.31727260326925
-0.331081040972038	0.918995390268878
-0.46435229660444	1.31668290681914
-0.245619585195633	0.476765453500369
-0.405181264559564	0.775289812302492
0.188024579296006	0.315848188861563
0.592198101450823	1.49269883983617
-0.540419311503163	1.04624179310637
0.0536784209571033	0.0663793042368362
-0.210566873567147	0.314343716262091
0.331574118319922	0.458333714968767
0.110938848345941	0.145287085682697
0.49875960786653	0.712542874602791
-0.150721645011739	0.190751969132446
0.0112739379578665	0.0139345668604099
0.0647038453507242	0.0789114832734737
-0.0113660143895241	0.0159122647881552
0.619588604460366	1.53304043886473
0.245070034912155	0.328997293558121
0.786416306046925	2.28023443536404
0.263499935108919	0.41222002587988
0.399587530787901	1.02089475393606
0.251908105267364	0.455964586946911
0.169227649798181	0.184868093788572
-0.256167673695482	0.199716402066184
-0.583074832821897	0.768320278579765
-0.511243654274221	0.713208478845629
-0.0168042351173189	0.0153797045014578
0.0709952983877753	0.0707838916409676
0.272975078179385	0.415595260407971
0.225185125380613	0.140381626518757
0.0837871119459664	0.0442507434489398
0.091783419043569	0.0460698170033933
-0.614561320237615	0.400474502838977
0.455233344210803	0.365939614514494
0.263310333022022	0.147111829096791
0.780631371173213	0.525558978209631
0.539978201003718	0.375007055409299
0.459566567178967	0.362173175984622
-0.0624638169615258	0.0611721379614071
-0.000463048067102586	0.000345227569718677
-0.0914864604808085	0.107927117298562
0.0547023019936301	0.0918525608697215
-0.00303184974466542	0.00460013029461416
-0.0504910658423267	0.0825726018693192
-0.277428540789156	0.655822152726919
-0.188048759577737	0.348115978093321
-0.00780288959432931	0.0109235096766011
0.0950594727918176	0.169257671435078
-0.0415151503791755	0.0637893713618886
0.0430635565041008	0.0620056764001974
-0.593476534782338	1.40046060171763
0.269911606506825	0.451385713064842
0.16952952465535	0.291645195150696
-0.232298758677179	0.426465943634519
0.0626875683185586	0.0970658158389772
0.0715972461018395	0.112467149025402
0.240637931819524	0.489617550393794
-0.199423905467653	0.381114721613973
0.0743392327668531	0.129635526331487
0.150694682063099	0.294250185422693
-0.0841368497978238	0.0948994269568836
0.174601789158636	0.194726087475746
-0.535268771194637	0.78021668269559
-0.261822828414018	0.350485219256203
0.135289139669164	0.0969763339249316
-0.0336447919880968	0.0239871489496534
0.00895828580727914	0.00776624850628911
-0.335762325724684	0.3277343199537
-0.0761318428985163	0.065722101978333
0.995199182297909	0.978003216130647
0.289412256391212	0.133925018650113
0.289514596059096	0.372012191335462
-0.871934020930539	1.35165275924589
-0.277928102194217	0.299576680038498
0.190350868739393	0.308873335425639
0.0841237121560694	0.0993691359044524
0.0409257299810761	0.0283555775347467
-0.0258310719532494	0.0145218391929343
0.745021774310187	0.824186184534588
0.781178953130878	0.946722672468677
0.261057054887241	0.265924722976291
1.66647413013211	2.35404316398095
0.700133061639877	0.727156584992188
0.529101452708092	0.478472267835148
0.512914890309569	1.12443331214134
0.0549262742141579	0.0405091618455323
0.0686987390974384	0.0902310136204158
-0.0326182047189658	0.0410421343058318
0.0895365973170248	0.106894040504529
-0.367597713948936	0.540158764519691
0.642786389442026	0.864863476597108
0.291857734688013	0.349839577179556
-0.117864855957004	0.0754114994876672
0.893467473022904	0.546041844043678
0.927464528372511	0.71732525155622
1.1687988240263	0.906937061952886
-0.37513919642174	0.176396462973594
-0.748775176299669	0.535875059769679
0.627607651651295	0.287844780600964
0.305640795291121	0.553732010906655
-0.353185333589003	0.396740935655347
0.651190497827186	0.702317437986205
-0.105303289240033	0.0909252042431885
0.113055952325106	0.202283500033969
-0.234017105066283	0.554149479384876
0.148883490139514	0.315040501773925
-0.204290492593437	0.444598538701755
0.0435155415861135	0.0756333273815329
-0.0299016835746583	0.046186054769997
0.4110497843925	0.679301727847141
-0.260159215441253	0.326640270515739
-0.182209090777903	0.319828471620983
0.210822844064484	0.383308272558591
-0.0957932166030376	0.166577602303649
-0.0032580612111001	0.00520922587442701
0.496228633552878	1.5021666069369
-0.0212045446686108	0.034526008548251
0.324506082014434	0.383800106792188
0.0154050026622442	0.0118351993379024
0.641229737406752	0.697028298115454
-0.351355275459487	0.434104841961575
-0.413373802575423	0.24579114034364
-1.15236061487973	1.35526158347752
-0.0709571674092333	0.055652104951969
-0.397596222600326	0.3769144265656
0.627571345737448	0.600051124275661
0.115881697418006	0.0778257487535305
0.811796912667318	0.942601008439544
1.06532891850427	1.02377352134485
0.264993019414131	0.139172976701463
1.50379465613868	0.729942953139323
0.159801401623638	0.159169846812121
0.215972557635505	0.213378870371879
0.563867851067816	0.543211189638132
-0.351537302173297	0.562460938229926
-0.270589192496317	0.364568926020366
0.454370225415405	0.365557929362028
0.363438963563596	0.252920589304802
0.618705334614022	0.590063597075294
0.321521967142493	0.263433083713981
0.218142398826978	0.186325156121796
0.236751565267526	0.172197473089503
1.07263041181256	1.10849445165019
0.592865851541283	0.384162228662483
0.428188409365296	0.667812857375949
0.246380836671226	0.462547912685524
-0.141576990471551	0.222478807976039
0.184212545627595	0.26640616373128
0.221561956442682	0.252687113534159
-0.388268602580177	0.338021907488862
-0.42242885119332	0.296884348372775
0.439431693405394	0.256894317433391
1.17317929966736	0.927893478548827
0.272036641246327	0.144358763166802
0.0887695328596524	0.175072229663947
-0.0607506357103747	0.0936450276212488
-0.159187301123539	0.355646344088404
0.0602780906879255	0.0802253847251803
-0.525447148512095	0.558694164531867
0.218962208069514	0.172642822948659
-0.112909031198396	0.0968600344276809
0.253918153309042	0.558218606723723
-0.0564035168512191	0.105363107481802
0.0799332459789736	0.149395478959549
0.0465694483560242	0.0838044653927912
0.15153148550445	0.309255989993216
0.119225099433979	0.148614244785492
-0.268807895194528	0.404759064874902
-0.0533465896524964	0.0813410783892497
-0.14760634751737	0.260394715911952
0.0431722637831361	0.0695174799921061
0.0360622148179226	0.0593113148051981
0.254513889828844	0.592540613008398
-0.0238914631042087	0.0398832569594496
0.0694287540875202	0.12599713455894
0.812147136393663	1.22433564137333
0.0931783477660699	0.0795135285314078
0.359079549991181	0.373375906877688
-0.431513323842436	0.556889178758014
0.5371222285086	0.379073650528385
-0.158739120019535	0.113329045784861
-0.710882652355971	1.10630083703459
0.640605109468973	0.699141050680235
0.582281429382533	0.476002765462496
0.408559071174626	0.25880068386785
0.379393932351702	0.35660939566532
0.836092497406546	0.436996191224883
-0.183120216965572	0.178142679121916
0.736602430097638	0.827674371315279
0.456659436700874	0.745663532746983
-0.209771613107809	0.287864920490435
-0.694398776247249	0.667743363609922
0.530711282622898	0.374123752710565
0.393947105750056	0.360225326894216
0.708599461364555	0.818441170079124
-0.334475464494027	0.304402717910086
0.378650612158715	0.255895021772948
0.826283552998231	0.791098250788126
1.16013123245968	1.06931291556672
0.060881285912742	0.0639068974448589
-0.130589234460824	0.0940435621996199
-0.31181525100509	0.583565372336009
0.222714817533632	0.39672350101383
-0.146496366113303	0.201830175371904
0.317507796124318	0.434585365310342
0.523458547003346	0.572429052928836
-0.224579879311724	0.157981979550954
-0.0762516857370865	0.0507913710341414
-0.130881686172049	0.0985558060550141
0.126694855803452	0.138270535335643
0.81725286699849	0.744403033108769
0.0831992456712992	0.037624071459445
0.26301199517037	0.614547422422088
0.0457712086650467	0.0800885187127577
0.10226725600419	0.207497716100615
-0.00696614572931238	0.0114525109715024
-0.0819668192407982	0.156185616358508
-0.163926206588401	0.358169546841028
-0.0508186345014262	0.0730554580295063
-0.00999074030202091	0.0160752146641149
0.281130302546172	0.424132840701167
-0.0754205226732788	0.0475463073471221
0.0540227283147834	0.0395199485173472
-0.092678747202236	0.0803783339637941
-0.0485681269733682	0.0743109697002628
0.206329364136486	0.4181965709312
0.317789079711917	0.783476011946273
-0.348931789589985	0.863123760932361
0.0706391234835525	0.125005816472801
0.00241494751026282	0.00361152328404263
0.0672853281633078	0.119323378834803
0.0288786518924616	0.0440605443239683
0.618695322869887	1.15171599652481
0.470823630658189	0.667701832223293
0.0304264582194022	0.0397232963473364
0.272350177116991	0.544072824465141
0.272286896470076	0.582814409978097
-0.469805965123844	1.2867027369949
0.291292042164987	0.644698320399317
0.462016568005327	0.520803317514671
0.0313367427020675	0.026129187516888
0.214237557623993	0.183923636813956
-0.285706498875822	0.306801918495508
-0.00377673314208903	0.00233932749942395
-0.302527741423194	0.247443441965685
0.136061710777077	0.106088115826613
-0.49994839788858	0.422581382434201
-0.583163033915607	0.58260178191144
0.485430792342147	0.268046795675516
0.71715843479619	0.623182904316355
0.227797394302933	0.197122547577791
0.272826567785883	0.257784063108567
0.437029182620854	0.447173917930597
1.00746369492863	0.48000141001136
0.717440459024115	0.523433087615927
0.0252376835432935	0.0199919913844182
-0.0154762341485687	0.00891813242576636
-0.0591890505865541	0.0536030772707386
0.0319530812572089	0.026669986781566
1.2416129771578	1.72371300112481
0.690176741355875	1.18623778756318
0.174817775178577	0.196026155030026
0.728029862428805	0.643835639853734
-0.257684678960209	0.139376716157128
0.345148303345779	0.25830539002965
1.47623685699442	2.06726485307066
-0.717747778523208	0.833620386441906
1.58892586281842	1.3925079662853
0.543174442685948	0.383830050683039
0.10753826160682	0.128301616617945
-0.365666413866864	0.300816231899594
-0.0383053214442834	0.0490756956204331
0.253666540644611	0.443141046969399
-0.435418690849445	0.728569674135196
-0.0670846899578924	0.0662480920225828
-0.0662507549288908	0.0518904903290565
-0.868950793922452	0.564615509330678
0.307332445119825	0.343777747759246
0.956734859043012	2.0408530068458
0.36421166011797	0.257084563117203
0.255693750705463	0.144044914570421
0.271459948985621	0.13919383846992
0.627286291123341	0.196861627719476
0.754445628923474	0.315306898158869
0.211044875235633	0.43983669212292
-0.0235064959224854	0.0415699209182699
-0.107054310663891	0.213417607522276
-0.323532446222505	0.9437769631367
0.0146735956280982	0.0233932678301041
-0.158773920567872	0.347500506566932
-0.185807867411821	0.406276594511752
0.0239502801975849	0.0371263973920712
-0.0257205368022673	0.0428840475918097
0.011890721441469	0.0204262770019539
-0.133772289525927	0.178837326570159
-0.0362492348125373	0.0256086770985313
-0.314614895541944	0.231276519715392
0.210345399823391	0.209457148810801
-0.247918182575969	0.547786281064249
-0.182750937443803	0.371360670410287
-0.163848443472382	0.343977981544398
-0.328354260169119	0.881686524920287
0.387602068444457	1.03275106595035
0.164205518280385	0.347799716788208
0.114348609686445	0.209866247044076
0.159178435427705	0.20164013070641
0.0790662432907528	0.0941635152861365
0.0378377779301457	0.0565487013305588
0.0847206376103097	0.149188423585928
0.0843590476298347	0.158861978191187
0.630415782471694	0.814587494317838
-0.197619958764852	0.188555629243877
0.0951477306907366	0.085211083911509
-1.08313054268512	0.970628601239581
0.0964177362513132	0.0518501185520069
-0.267776486832531	0.267464355568003
0.489056736146743	0.55702102163326
0.881759404095468	0.817206927530901
0.257616986748733	0.282189810045387
0.539562696016869	0.550314006655459
1.70005827056999	1.25435927682746
0.119323465772352	0.130183344011874
0.105762068240972	0.0988031257489897
-0.779321649328237	1.13475595632794
-0.447827881805519	0.738509604058463
0.165186653107237	0.182765407307335
-0.654242374746831	0.482772564287226
1.03035839933338	0.732088672134395
-0.219814688432266	0.174572923758352
-0.214180396238899	0.148329578198954
-0.34209102603207	0.313379121973653
0.0266455784182845	0.0169526065939733
1.41901777278904	1.30239956022475
-0.0423195953722656	0.0295682878945675
-0.231593393568771	0.381175332421517
0.161452535314471	0.265264171142994
-0.143695177273386	0.183241352481578
0.898984704804886	1.86501947999178
0.551590863792123	0.647135710908181
0.428610481972122	0.369346652901699
-0.0497230950008705	0.0445383667743274
0.872862771505625	1.75693400765611
0.310129073061171	0.267767191674849
0.391609406841331	0.26004089915909
0.0880427415651662	0.0326996321002292
0.480601854132269	0.266626701931911
0.474243127690681	0.25835080232015
0.244581446362436	0.155391214186524
1.03671506388093	0.750705796270422
0.326076541500299	0.141004139836704
1.21586564770206	0.656251931843135
0.153273227822695	0.320468339419495
-0.327211599563579	0.800407785346246
-0.269934207253244	0.678865492007068
-0.0242476969196474	0.0427286852931462
-0.231988547615285	0.578556466612938
-0.224428695911445	0.498528209014519
-0.335811235390471	0.873704884584378
-0.38748025705913	1.18009892905664
-0.479871253844797	1.26888778738071
-0.200115861884215	0.451286331470771
-0.0884178611797001	0.170404922991932
0.311673992687825	0.524979039725594
-0.247966046542397	0.23006721135573
-0.32399912137818	0.271639290501634
-0.788624377911278	1.10867861213191
0.119670858700053	0.197301510053686
0.117982369945718	0.221650719270767
-0.0867792977290275	0.163705974412435
-0.244013667012457	0.549427445386592
-0.137502986111324	0.261998775765818
-0.0542845884576806	0.0937626298806727
0.327849175420173	0.500883088176595
0.0875485166951126	0.13417237405739
0.033604166883241	0.0502917171082096
-0.030616446811716	0.0488179246311679
0.781941225177772	0.938090393192404
0.454567735786251	0.452590009426262
0.634437849553276	0.766700389343086
-0.233851035317898	0.256467702781847
-0.323117127833518	0.148069734740762
1.06333299572051	1.01096281961114
-0.547153819789669	0.622061755184297
-0.600350047333782	0.799871245369484
1.93477227656144	2.83712420210041
0.156265833624704	0.158033333179951
0.213786293092697	0.236032460286356
-0.369685593986463	0.362558190057946
-0.345185269051726	0.494482451561092
-0.405745314767739	0.705051314204589
0.130834993337716	0.096763732188781
1.71652525507374	0.931134915731834
0.928657923638778	0.940225596053079
0.395504764870103	0.356471339762206
0.0720962411696719	0.0541485600799518
1.55529540147136	1.86665121511401
1.27415317593968	1.26018575716987
0.849203996870415	0.977986151692476
0.217400472485	0.290386422592686
0.305868518676167	0.449506168428662
0.56213698289868	0.572311317279388
-0.0731970318050112	0.0921650925218088
0.0391117889780509	0.0508407812511621
-0.0718937813297066	0.0797844622266958
0.0203772641930198	0.021501461997052
0.14707059709101	0.118191618564358
0.139232074353098	0.198489701508912
0.642633677638913	1.66626429264169
0.380088152142159	0.735523401593185
0.816756556355795	1.57784806932454
-0.615216804125835	0.951885220534259
-0.731926394416636	1.0303297720236
-0.648279020963464	0.81231159819914
0.109748803650369	0.0971084387889017
0.348315875537886	0.423646098519354
0.902358368463509	1.21497563846331
0.750297794969781	1.00195335780225
0.414617375664939	0.354414607057778
0.36058920849837	0.356586636972038
0.0798359633904651	0.136134186692945
-0.182863141048433	0.404603926617485
-0.132899615681623	0.218497137844211
-0.184292102972429	0.359777281941595
-0.682740494890059	2.27126006507864
-0.210966996553489	0.386674793275282
-0.187580152972576	0.349766683222488
-0.558055019956198	1.63051474607569
-0.449074234408028	1.33426947411701
-0.198923206674382	0.379090503647802
-0.287501971585891	0.725835785768379
-0.405832914929236	1.08345698462286
-0.151879491741584	0.261090490872517
0.630443379959188	1.50142261499754
-0.0782022533173904	0.123884363334283
-0.014854335198683	0.0213500202638138
-0.0674540055110721	0.0971326114218643
0.00411453449561645	0.00587464986479964
0.193385584245435	0.349846166553865
-0.0749604538610475	0.113763764877471
-0.0380369121266151	0.052571307030349
0.445333679131371	0.735147268093758
-0.181074185019571	0.247380248660192
-0.0243420878156472	0.0269062107631673
0.189649952972746	0.238620811743227
0.237210438963064	0.316339186085336
-0.0363650784790959	0.0374982595952975
0.342930330563964	0.531862768959878
0.39814916768577	0.437549708419663
-0.203823753563673	0.324003188248909
-0.298796823365707	0.416614197566312
0.251238119317129	0.292142031686705
0.0719877197917374	0.0907451245977827
0.218489855570123	0.345934330645738
0.0602496032951048	0.0701682157257209
0.811563047519674	1.51266668716702
0.0721738850066861	0.0723425159798825
-0.0222289247483369	0.0208687585234593
1.02138312213117	2.51895900007502
-0.480506592085605	0.700405727051142
0.799990166596354	1.59610092425132
0.200670321718627	0.287477515334778
0.00562763518156761	0.00733759732641645
0.19385435823898	0.32221514896001
0.25598693165135	0.445368296584955
0.298603899205833	0.580764975467636
0.612390299613547	1.31772721728795
0.0968808132974064	0.149127872560609
0.569997428027347	1.10861140410273
0.640352261850417	1.37325092644915
-0.0828156102382775	0.0851593716067728
0.294398626057665	0.636478941427065
0.286749290692564	0.741000091229757
0.505547185038998	1.70069553208294
0.567390206980949	1.22408625010828
-0.0779544416568256	0.0854191418127976
0.148547700280788	0.184973771755552
0.202730521555837	0.263920241113833
0.419020360085319	0.666647448715775
0.148718066174352	0.177745170627168
-0.193554105127246	0.204722583711658
0.442805126838142	0.625823004991145
0.120054785053475	0.170563347956752
0.136636045997768	0.216414994310425
-0.139376930903273	0.268183810911988
0.0637433052029549	0.0796894883916026
0.173474247832431	0.275925055748747
-0.0792425363108587	0.116015377384087
-0.189934750484613	0.266469202881374
-0.493628109376004	1.01976745519877
-0.10521430384989	0.146270040174865
-0.0937236187085556	0.17700469135741
-0.133827577958404	0.198161062429754
0.0619307961255134	0.0905806326830426
-0.21210527781734	0.459015175325564
-0.0786108941824182	0.145141591194384
0.0337025101738114	0.0571274319407268
0.274857271877204	0.742943430038624
0.0473184572096807	0.0685542212382839
-0.0400638801809313	0.0504459955696619
-0.155526565031329	0.234920580653002
-0.376382860077626	0.728747526650425
-0.314391244774749	0.531031481388231
0.467060814177527	0.882136239900292
0.00316860964644095	0.00429730322058915
0.165949245323717	0.254365031384979
-0.00259592553942665	0.00284143765284988
0.0947996280562973	0.154505376772291
-0.291899320431209	0.449197237669532
-0.0889155401790322	0.11209084830996
-0.224249233848365	0.418238132313329
-0.497626384089411	1.291183298486
0.0735580374190527	0.108987917952044
-0.164818462999112	0.252620484833802
-0.0681445079444727	0.0914142661906767
0.416480864703634	0.902991221172281
0.103075854878085	0.14882640542729
0.228366146497958	0.37994558457078
0.280694791191366	0.505049438917736
0.0617265250458634	0.0955512283620492
0.0392556780457987	0.0626058919718159
0.157947232743606	0.278888271400472
0.388775889488997	0.650277245556451
0.133931002889998	0.169063435251094
0.31513396111509	0.423301521886787
0.645416650755581	2.52473263199793
0.478219415851937	0.809232203184201
0.22786726448789	0.327515804524411
0.218660891611368	0.266094544970572
0.258235454877061	0.358102390190196
0.0700616681246834	0.0973275279041374
0.286641221858414	0.572580284509342
0.265420228899795	0.4222296686102
-0.0703499919052512	0.101293336702816
0.268579237279506	0.494980192743737
-0.443043443195615	0.725716248199042
-0.131151870158424	0.189618502606093
-0.31614719209933	0.590710213097616
-0.326093105900331	0.783947062559902
0.226009757484943	0.381643799139329
0.025683639843839	0.0382489286505203
-0.160678105839327	0.343520453205754
-0.343135129665671	0.904534830464849
-0.602305582329767	1.9976190629417
-0.130001352432851	0.257263806253317
-0.0320399103427319	0.0454919206935521
0.250214874947207	0.36722530475402
-0.0278183246046364	0.0318014979861575
0.0134278532903449	0.015916638695899
-0.0222099718485838	0.0279369826833485
-0.041081010361315	0.0603272427675584
0.176697748018289	0.219981908762139
-0.191831125325726	0.258554848942658
0.178538678334621	0.330225410531468
0.109176707135624	0.163150438043693
-0.127143214080611	0.198951107462128
0.450613256296029	0.961070357828322
-0.462124057408376	0.914882171242424
-0.0869013600408081	0.125630199938298
0.318177297437963	0.605751238228728
-0.420764468882376	0.896703224622092
0.0632091489634321	0.0923253437401294
-0.130689008341375	0.240805196043075
0.251060283251116	0.398616152371652
0.0542511805967988	0.0575902479300958
0.13853191036386	0.149566190275556
-0.115506506158905	0.0948100576592049
0.132846543280602	0.204393591117539
0.151287470062649	0.141074843788572
-0.0292759079050821	0.0201985954499792
0.0757511741878003	0.122038411738351
-0.073512025152711	0.0571631503308973
0.823102597868882	1.48724723146702
0.306152538659926	0.72218789378668
-0.382321782975737	1.39309606830016
-0.139329093243225	0.354982350881827
-0.157381436170955	0.412135336937732
-0.169948668318521	0.139113247339821
-0.115516998480495	0.20863836021492
0.243065565523838	0.323597426653844
0.024079338865565	0.0297982664064944
-0.691957625312912	1.71769675214058
0.255417071441678	0.409699744022151
-0.212321631138838	0.500759204197823
-0.36035345426873	0.987565664349825
-0.221875807766975	0.430179492747982
0.205392546819756	0.471458228439186
-0.397961853960122	0.90821386363869
-0.291069426882401	0.764611143427074
-0.379223493088134	1.11693946764403
-0.342483195217561	1.14809516900799
-0.00586220935207773	0.00903792865066646
0.461634379007515	0.603724084156783
0.675867870627665	0.885125603832499
0.68635781728589	0.875661600619038
0.906215473504003	1.20405601844647
0.906532518545373	1.22023917784227
0.323469927879035	0.784979139860784
0.601396611468694	0.870123007057268
0.841000438816381	1.0656802046791
0.691976875132889	1.23788027067948
0.630818649436687	1.08546215062103
0.0989937454872361	0.0927024179741752
0.125319322572768	0.204287345268305
0.593894813514459	1.13151902686234
0.885321423253535	2.70969170423917
0.220263842067385	0.469793829009963
-0.0951487541075998	0.157427251803369
-0.199668161645628	0.397610705110436
-0.0164392325831773	0.0215416811059203
-0.392570698076203	1.22799472085264
-0.292590693147584	0.809126397619048
-0.283918237847711	0.629275714925749
-0.669491133946635	1.97998581666985
-0.442448647616522	1.3345593356302
-0.660823530402419	2.52133297985449
-0.399011413387947	1.27811246317116
-0.473862451702918	1.41930374467716
-0.580594810472878	1.58622634814323
-0.0392108284429327	0.059054919437365
0.0471865446999774	0.0678247983927497
-0.0629376372397043	0.0737197111398796
0.770396285472502	1.76769806008168
0.0901188727836242	0.0956286405388112
0.137606166865259	0.151905426241457
0.748095285350501	1.20248532805883
0.548939394266134	0.656209352391876
-0.0254835173443637	0.0347021081497143
-0.18756367704235	0.251979147247704
0.438272701205801	0.861914012273911
0.217264112288686	0.47364711004772
0.00121000230173753	0.00161330576601891
0.0130209906828377	0.0150633988282815
0.0950869708420565	0.126953404783367
0.178168574923613	0.330995691078919
0.177086888297665	0.206456969164456
0.108377827658137	0.232300904161356
-0.308135955216119	0.900191036330725
0.102130904755458	0.162334377882817
-0.146827883267424	0.246457595370441
-0.185629769495671	0.400566696725984
-0.275657270339198	0.651920803797776
-0.497636056211811	1.74133699987066
-0.245962186103806	0.523190311458702
0.0355568757654963	0.0479781414100871
0.65839362865395	1.51816326131108
-0.0505175453888232	0.0697264074732213
0.520994196693136	0.929065799399227
0.501548638650032	0.829433742580441
0.360747334905293	0.514708319270886
0.0248938411913528	0.0335483165085208
0.228258573421914	0.350279977582206
0.15896227581544	0.199642768854565
0.324703173009844	0.429532408903078
0.0803754145124424	0.103774468217728
0.91426927087681	2.27994858130403
0.322185442272655	0.466831330720443
0.173952803333788	0.197910993266831
0.382918446799451	0.584237003179053
1.36476935103189	3.2285536199309
0.805851505468664	1.13011488349825
0.169374644737998	0.185417788840887
0.649584527333344	0.403787328949487
-0.124023938039653	0.0553599756945389
-0.1085838464598	0.0702188678144274
-0.55978735766559	0.296151637194913
-0.126131956956372	0.0567196604820687
0.100996924907045	0.0299898874889698
-0.100627423825961	0.0482716374624801
0.246271427719008	0.581438449422202
0.777015451101742	2.46844060044725
0.0396733076524838	0.0616886339537005
0.171917237368144	0.344225579295186
0.38817665738871	1.26327842444014
0.0757193497993371	0.100416338243648
-0.21929015256805	0.412278194009154
-0.0231082384461322	0.0414749718101134
0.0203113001698795	0.0268309123240578
0.0559137582289963	0.0610946892980101
-0.00331294132165213	0.00314024801812854
-0.467710514417287	0.695448786102416
-0.176752069058147	0.418387796389432
-0.00106679967550718	0.0017122637736871
-0.15929646112042	0.252112729064993
-0.222110620849311	0.520108292851212
0.378863900916082	0.636648674267115
0.0152979848633764	0.0226061556306621
-0.221299586083998	0.456601193977467
-0.189045879573347	0.388339088759958
0.130780284827492	0.185343335854691
1.33689271422593	0.968472008227951
1.04226308905166	0.742999559102113
0.558425750469994	1.68715296501717
0.210816354492825	0.218449436271906
0.112182354570342	0.114262069741204
1.01182992056747	0.472754900281244
-0.211488414388193	0.0778255727146865
1.1951936482432	0.768756484523886
0.23703522602693	0.288904515425053
0.571153455928641	1.46316162473084
-0.222413829330447	0.154488886056388
0.43986517895915	0.261508140361795
1.16986557323169	1.4442982824105
0.029533128149271	0.0196533339360965
0.543322454869011	0.567590585445141
-0.457111958558611	0.197051038353189
0.718232281429455	0.904700871317404
0.546159349456519	0.278098869697932
-0.83095363206965	0.370913293062302
-0.402891348785987	0.239061880692528
0.387688441138252	0.155102467174966
0.090867980843827	0.0301722059511033
-0.278781897374275	0.0914365709979077
-0.776177882089459	0.272428978116057
0.214174621512328	0.410605032314768
0.193423749483014	0.283405092811258
0.270055652867965	0.526430725345993
0.178253962495184	0.409252119023066
0.22714286545812	0.489200321450945
0.190301199367138	0.277939706558332
0.37526620175392	0.923512158843113
0.221323603951644	0.38914596273725
0.187456978549502	0.377640660249183
0.356145724547545	0.699669423561102
0.176588888391214	0.261713951882937
0.0660930197273512	0.0876727057746129
0.113171452203451	0.22008654305612
0.0625368228709001	0.0814478132483012
0.525235839463463	0.988668978076138
0.343690363616101	0.593807298144668
0.712596395401325	0.730621272496534
0.207170855627364	0.231163498065566
0.377379110094049	0.434036358161278
-0.0666055376938359	0.0516990760380705
-0.133486004222594	0.239667842314311
0.105896448926372	0.187377700494639
-0.161465562148552	0.251232722603309
-0.183925711941131	0.367083210932778
0.132345748348035	0.157105466365484
0.247703597785421	0.531863266895893
0.178929844554661	0.335044806338227
1.9525947719154	1.71267607567454
0.884342726243719	0.809107438858488
0.135600227486622	0.156309469299994
0.0201033670364518	0.0249596955909702
0.189212454715435	0.321811664210671
-0.0241991887756659	0.0198249333962498
-0.139661685768264	0.171255265874152
-0.216408918036413	0.123380098621811
2.28461469320038	2.49135037140777
1.30378823319228	1.11887955298463
0.78810230034533	0.554834754471796
1.03947320929626	0.743906210198126
-0.25739689610909	0.139494570260115
1.04421074998401	1.33844817520183
0.837899155137323	0.439733847437392
-0.220445654319742	0.127247292335566
-0.126124969841468	0.124082164789791
-0.120668716050832	0.206032950457622
-0.297472398693034	0.675724334332779
-0.16140885662191	0.277374647993614
-0.851202447681634	0.448045389756343
-0.673692527422	0.320091912453423
-0.279058504424387	0.0921927337613143
-0.362589824514486	0.167546021564852
-0.866202611237331	0.567502066095181
-0.00658242245720576	0.00868789987158684
0.0565428986447146	0.0710964119784868
-0.18439550664845	0.325254054597212
0.00700487173729276	0.00835771348823115
0.0912810257809218	0.167634688644231
0.473580388415826	1.31303246540229
-0.145607566590159	0.203443479579624
-0.440913199580355	1.07480493378385
-0.155822390144475	0.262310706425685
-0.234701376369399	0.575393863610983
0.121157382365582	0.198771412317277
-0.141991739395907	0.185315483286224
-0.120563260828152	0.24431190163309
-0.442201773416976	0.830813669693473
-0.599378144716218	1.41519982727226
-0.312580690142591	0.843433686834204
-0.226223405701386	0.373152654245276
0.745225737367081	1.49372283659005
0.080805906731581	0.106024128147748
0.0866427021364919	0.0720953197187964
0.0444692077471559	0.0479895359172662
-0.469600237213496	0.571790397507508
0.00115826437183416	0.000888572351572931
-0.146205798271878	0.281911291801077
-0.150107784152311	0.31428708819253
-0.427340848997549	0.915558100520554
-0.218928304930303	0.411211493378349
0.184290365968148	0.330657663548863
0.00685268952826805	0.00906917135509808
-0.126674275206837	0.0562703141091267
0.388251183735432	0.154936795353962
0.061721371597854	0.04756378817129
0.118213498268973	0.140694926661102
0.0836657226265118	0.0419316338681575
0.0866943528225326	0.0326428558841227
-1.50606311531428	1.59886039228965
-0.0447246457643099	0.0239723367223414
-0.573044571993615	0.428368207560812
-0.222763115001135	0.156993917038138
-1.11573378064785	0.89905585343089
-1.03115760643061	0.978970077867013
-0.181459500052521	0.107376938235343
-0.241379615205357	0.237983968207922
-0.216470371264323	0.126525152584998
-0.333742986421864	0.307537664706866
-0.0774461937006924	0.0835864597666533
0.091783419043569	0.0460698170033933
0.546159349456519	0.278098869697932
0.235674902902508	0.16630550014874
-0.191108591236989	0.280538091977516
0.106343220032931	0.139983390311819
0.100138086935596	0.165539871692279
0.183742784740157	0.353731809764893
-0.214109918418092	0.448685419279167
0.209887945119589	0.47319459213377
0.0116131678687336	0.018153861455852
-0.191864387309736	0.401880344000796
0.217146360221353	0.463024848989311
0.176390697329808	0.358027977039803
0.227281682361854	0.462431698627965
0.0911841987000649	0.147603957100113
-0.150789514659754	0.257898438045821
-0.0325028497357738	0.0513211069898356
0.00113900734655954	0.00179183725346229
0.263525049063264	0.453114281247127
-0.0524864678405554	0.0881416273307483
0.274261385152665	0.561587138238268
0.31874506184815	0.722893682633324
-0.18014623479448	0.271393609201937
-0.0281453417051155	0.0398719262701277
0.4021492016712	0.670361317558204
0.0135761273315488	0.0160411588064763
0.156863883908397	0.272803407392847
-0.182706144580122	0.332389009644235
-0.219346760738663	0.414397112225282
0.0948048740472031	0.169273500371003
-0.0751841785603618	0.117386878518146
-0.140191173147635	0.262880489377161
0.0133143513456848	0.0158974460333215
0.0690402252567189	0.0720416378419836
0.922862277354884	0.921682920228975
-0.121604125529779	0.0779673731150005
0.0947741149856477	0.0845368716302483
0.258574074407047	0.317957844356668
1.25303937975796	1.6054449341649
0.0804219175672223	0.0370692462037701
0.152888293422384	0.135277673933241
0.67901077483373	0.619744047401701
0.844969454612346	0.672232914162989
0.0475584898644277	0.0422477420370161
-0.280498999556305	0.217752218604055
0.361591817478007	0.256211177011955
-0.146763461149114	0.0912313027048406
0.504429524557053	0.476784348007284
0.177260148273228	0.208188858158213
0.00361507407351694	0.00452536534035493
0.559166984386922	1.59602701446055
0.0860620751008787	0.166173497842362
-0.104493206101806	0.162478488655603
-0.363926647379824	0.993878990855737
0.108727560528997	0.246322000334484
-0.0298670044667332	0.0517371579856578
-0.554395727346794	2.19706974134036
0.584944712610508	1.98058285727464
0.383736386718686	1.11421897325767
-0.00662181237404768	0.00973221101557542
0.230440380553093	0.554478378707112
0.116790840264833	0.251449716978132
0.15395943419303	0.266885938146713
0.198417735882209	0.360590869491904
-0.0718131609028643	0.13682201242774
0.151389535590471	0.225544797368084
0.255776430660227	0.598868802779126
0.134234409750709	0.2091086955777
0.212818974559941	0.429533523805473
-0.292936201187328	0.452844990939052
-0.258858818706248	0.384474435025715
-0.205637935605178	0.430954756313561
-0.165939751065665	0.368122973429922
0.124393891327601	0.214862385503782
-0.069903173855765	0.108229330933219
0.0685066534857676	0.126018215539364
0.112929667276634	0.20205676030878
0.119606699067223	0.137685947210147
0.804339577255906	1.29188001999323
1.41160762917825	2.27073929006187
0.0497566871302972	0.0347330547189021
0.543451514019053	0.564043851573349
-0.131438982406816	0.132179075105361
0.403669822726939	0.532241325004069
-0.0908152644364573	0.0785935521180532
0.3645096087612	0.236791970820148
0.0195862524874769	0.0123949606263959
0.225702834713214	0.179264399999283
0.379063985085052	0.254780633857077
-0.36869598671663	0.331520699360383
0.0900362974030784	0.0378509671301353
-0.208795404436479	0.0777542717618986
-0.129271170009827	0.0573264913223419
2.30416860465803	1.15074406999222
-0.157542385206527	0.062922503440462
2.06422027653887	1.36070734179727
-0.261452404486298	0.141407787951643
0.534586172186876	1.11106630088257
0.0861751826257391	0.108731984030618
0.812316604412797	2.40669608735106
0.317368244382325	0.524772550385012
-0.106697483513724	0.190139769697735
0.337756858014187	0.748703679451418
0.166949160063781	0.273855276439222
0.561815636727426	1.58762743130363
0.156435162352298	0.27821682565053
-0.000674115970077344	0.000980712412879293
0.322018311452414	0.667079467981897
0.0583387220183035	0.080432643174094
-0.108899483061275	0.169779843295269
0.564199432321868	1.25645932491061
0.0893589155346575	0.156070212164025
-0.384001885460856	0.779756985240956
0.22318163327124	0.419490326569106
-0.0370378470629529	0.0606678205195631
0.677742474667683	1.95261191764203
0.108171260442165	0.150725175251716
-0.0281777061178852	0.0340900461125351
0.148140233503524	0.153101752097524
0.330118062098313	0.461179408612453
0.0363526666052582	0.0422848284896239
-0.0731010085367921	0.0824444958771266
-0.167932113779117	0.30012594534351
-0.103668162415043	0.17791158131946
0.137533929946261	0.212544902861136
-0.0354671637108564	0.0527663905528323
0.105142541552854	0.140924938303236
0.486627474565789	0.26922912982985
2.51050861136171	1.35468346157045
1.56157582189234	1.05881311769179
0.0812674941609392	0.0307045653557803
-0.554520887758845	0.295473214741605
0.0991646718993865	0.0818278564022284
0.670050932901797	1.10690352404477
-0.0522906911349643	0.0281097354149836
0.0824115971674316	0.0336572898072361
0.270021818318284	0.140419736688688
-0.345702348833524	0.217208068031686
1.80415332148298	1.74193711434977
-0.218346237734403	0.124377355718012
-0.215396295470944	0.0788925113001977
-0.213269505493944	0.0784096849000416
0.0966678263698985	0.0277510017408437
0.0993825118625866	0.0292421589343527
0.0877117981084102	0.0329351571503635
-0.777728934645525	0.271250186082935
0.110435612408588	0.143433630491681
0.313388796031631	0.433649285153698
0.309036758521651	0.522580748017252
0.913086776893346	1.98142872550338
0.203751532752624	0.398015174831316
0.221096009992148	0.418438218646552
-0.281656401018231	0.39724326623692
0.247816221128846	0.478936500389162
0.281309557033506	0.480890385650056
-0.250339413066243	0.496661715032819
0.346277499404093	0.679125354981828
0.541555719506984	1.15906349933419
0.0285175756971984	0.0316370207823286
-0.0284680651156271	0.0301123645592697
0.0392257230440626	0.0610961102492424
-0.281738157056785	0.373443349427628
-0.266719187761388	0.435456084138536
0.170965443009993	0.338816487656567
0.102660588853286	0.131380998635246
-0.047038418787683	0.0482065822314534
0.396546320482665	0.621460165621221
0.327069102853959	0.259503830620558
-0.0431269079705546	0.0381725606735358
-0.299736809946841	0.357275135395938
0.260967646286679	0.272086315056697
0.239044887972035	0.454010018179835
0.23572145174342	0.41707187506409
0.403226935354824	0.612396845081797
0.443444881748978	0.926406568643274
0.206264271673912	0.188530492828684
0.303694129460632	0.145769980787749
1.00125860967542	0.478929450611341
1.90747707481761	1.15171355584287
1.50736229032005	0.725471133243111
0.35427854503835	0.469768095837355
0.314531264494972	0.471991726960668
-0.00815685228564391	0.00586014255635268
-0.829604785609244	0.374072112934654
0.0890693504348329	0.0300060517425907
-0.284001775827514	0.0952732627148877
-0.593645296573397	0.588482453379683
0.680151644470553	0.986094481079279
-0.833284273673965	0.370503997976794
-0.363837207227341	0.168174356484023
0.0911744604979205	0.0459200644379104
0.385290840327136	0.151404029628506
1.47190083075579	1.15623318655977
-0.381666529524139	0.109009221620307
-0.276407982464044	0.0903920459486132
-0.282618019640449	0.0936593279503936
0.10725790027217	0.0314933541621889
0.248692275826915	0.330028133292825
0.74495840142834	1.38300266819858
0.55650025788084	1.03518457014543
0.325147256417379	0.400303413025456
0.557507259656406	1.46238878734111
0.20045592600304	0.291238182916764
0.0363156574312761	0.032013034814293
-0.192991198966049	0.294814378073537
-0.103976748864062	0.126705386720612
-0.353100840233736	0.66799197579572
0.164340863983678	0.25799046624711
-0.109905542951342	0.137957159407786
0.278641687155037	0.391800293291022
0.158145069628124	0.160051286276237
0.11610849613282	0.19873409718893
-0.122228180844978	0.142798349937409
0.087061516747408	0.101443725146627
-0.0408106681570439	0.0594319383608687
0.0211323154639871	0.023814892470545
-0.156003414091726	0.155215153205521
0.157643241216352	0.168909162022642
0.0171042857400144	0.0109430819680033
0.441581787694308	0.534141979778176
2.2946455781746	1.12577496051781
0.080253814360226	0.029797036518705
0.0891383182575933	0.0298451484346261
0.105639374321882	0.0307343652557449
-0.280101988854982	0.09166571114533
0.443226482919132	0.529227576555696
0.00871844500871565	0.00929273731531969
-0.0500935538842498	0.0341601716141322
-0.22075939726235	0.168212327827984
0.104059569926518	0.0307131658285101
-0.278021733444551	0.0923972743627197
-1.04042479323382	0.520705494649999
-0.844148140823315	0.921517737851344
0.738531140496821	1.21164380412637
0.0877377718691559	0.0359368657180685
0.48602925913653	0.269196473397333
-0.0989446995921764	0.0475235675680379
0.795158790787547	0.548613024309441
1.33321931222714	0.969902725105898
0.472779537851614	0.165434485832306
1.51403586280073	0.75935685150874
-0.156308288535707	0.0641007041895115
-0.322054027863695	0.473886896615334
0.223812523851567	0.266910812489745
0.435621403384783	0.635037834900762
1.12940137670648	1.97374631753446
0.149047813785711	0.24437209799515
-0.177141085460406	0.27319265938889
-0.0334086571426013	0.0303661275483538
-0.154779336708752	0.232039424466365
0.113919926682969	0.149840986658707
0.281369271669009	0.573888833776771
0.405323586941127	0.689250235090641
0.205453435719872	0.299805844406028
-0.409413339977796	0.648827937815786
-0.285935689055475	0.308036617447714
-0.387512239593771	0.960431008205
0.0740405117118946	0.0848668536332133
0.530832322550754	1.06243729682542
-0.270767722966522	0.607908979684089
0.501358070654666	0.875401690532102
0.109643142647808	0.125128699415789
1.05511092916372	2.26389378893892
-0.00368876526794108	0.0020813557506849
0.0488869527829791	0.0441546807707508
0.282148787663345	0.268008752736731
0.0376338354395937	0.0498372821110696
0.333989382709436	0.145779447495733
0.473016555356817	0.169758973781371
0.46830515386813	0.168128835688071
0.625896232550759	0.196176626366435
1.97380475978639	0.507300323751526
0.548989960026904	0.277042197312002
0.328950205491638	0.336232230632755
-0.0445828105940334	0.0464394559155342
0.0701092817529765	0.0734228447070115
-0.849103477558621	0.860131524481906
0.620862754747352	0.509197297867626
-1.33644037268085	0.619862369426233
-0.828585333388686	0.368387653951774
-0.776733349944904	0.273361419213273
-0.976830956648522	1.15180953561309
1.45217254305404	3.21092834716509
-1.73213152918702	1.01021456387948
0.373962842706065	0.1455472220747
1.00788755005729	0.484449459186858
0.0879318573784117	0.0296056594020433
1.01678487118755	0.598922849949682
-0.657761999083297	0.313499165070095
2.06259949107576	0.899598252324907
1.20767036394158	0.652288380110984
-0.579190817443659	0.225403106439413
0.206544289907268	0.285732659990604
0.411260323952965	0.660384168540902
-0.0828871073546497	0.110059043749386
-0.552604010975341	0.881183056573426
-0.126990819017388	0.232525185050489
0.206297861372046	0.351584417692685
-0.391652045387096	0.534224253598079
-0.10919807874462	0.173249707460899
0.00369791874682115	0.00399032739641326
-0.144255493352415	0.276012847893754
0.399485512668196	0.766545541512794
-0.138994236518542	0.177459547100971
-0.782017521722872	1.63668508611333
-0.0795132974938424	0.0764284009474855
0.0510274705546395	0.0819524453199137
-0.172691609082648	0.205261120585668
-0.415810513408565	0.676634074274486
-0.182783694575602	0.410688985868424
0.0297556836948317	0.0347436549555199
-0.0772262651768728	0.0858973904208367
0.073229111882813	0.0779134779094994
0.497444713122103	0.475821796194465
0.454819278921253	0.5291544303936
0.37340600599061	0.353649215752653
1.16870081410456	1.4343552439393
0.0136952398762246	0.017723961758938
0.0331791763961451	0.0467827245799457
-0.127694267127225	0.0560996381192438
2.07205323391873	0.89998117345099
0.105890886238133	0.031571173120284
0.931538441414358	0.248109641550082
-0.201513041466645	0.0736834423505658
0.0728770733967333	0.0730664293478109
0.789535400707978	1.4914516706759
0.431633147245533	0.563481485258389
-0.0304498218978161	0.034591591292483
-0.0356136673944175	0.0459612430625785
-0.563969652195221	0.589149509796142
0.696336167437853	0.882561776295604
-0.470842557495154	0.267014236142369
-0.639182555777677	0.158711507743835
-0.451684351984559	0.194652911614615
-0.0721692713332621	0.0467827862700927
0.295490425107865	0.346707905027499
0.645328754656336	0.403698639373422
-0.578626069644499	0.225308110829672
0.0853473203079533	0.0430562989403355
0.0883241532368094	0.0296125933609306
-0.474350724327581	0.273740395719026
0.106449071233234	0.0313259507961967
0.465523863234269	0.157441786673924
0.383166196912	0.1521389534128
0.64107246772086	0.394347724218093
2.33944753038067	1.88886506972923
-0.219624316453904	0.124016735109285
0.421051970106191	0.615809515783898
-0.0553645284821886	0.070707127258677
0.518233022034429	1.03639090475547
0.181820538506864	0.229495434441907
0.182684677649657	0.336456684513558
0.300293891707794	0.598284159486235
0.0667688430388309	0.0886674159897537
0.107666470559449	0.157429370912573
-0.258555652801828	0.425107937392627
-0.157460040693088	0.259112533599721
0.234557801415941	0.382028729808825
0.328483418887369	0.521611387200452
-0.329399938881535	0.581456483286028
-0.425238399260821	0.745402394482013
-0.114141253369941	0.186481238010347
-0.469664112065892	0.769800350129132
-0.248607104486348	0.385467419970241
0.072207723495254	0.106990115646821
-0.235863143136011	0.359009348054238
-0.262895617481773	0.339461221583252
0.129436315190714	0.160730790309183
-0.285107738812237	0.240093859168276
0.328261049969026	0.368327740909076
0.435235494467686	0.676346790409739
0.108103764002492	0.10966948909746
-0.221293920685446	0.353286028162367
-0.305200836577473	0.588993041294939
0.00368920916927345	0.00407814199815942
0.294534942413045	0.142003753605239
-0.216470371264323	0.126525152584998
0.329808599519544	0.143141985067188
-0.460886575207875	0.199650098479209
1.21176213044363	0.652634171822671
0.331836157055159	0.145705349775932
0.348077054316553	0.32920747785981
0.312849172448662	0.280257412774161
0.893794425219817	0.560687127121685
1.46362865411085	1.15827144282307
0.0983376382625818	0.0319240838928971
-0.756357660876396	0.655329947296052
0.27015653544234	0.281747427735668
0.932213332102356	0.71095450964195
-0.834630481717885	0.376915698386556
1.83274078198807	1.43591186295868
-0.312271192825394	0.236070170924658
0.841745060966749	0.446833103958778
-0.77573878175843	0.789016328654368
-1.04289175690431	0.527299057914923
0.076953046667637	0.0285923705019993
-0.27722273354895	0.0920056940261873
1.27209212316528	0.551314339848813
0.987633988898289	0.370718641089762
0.0879318573784117	0.0296056594020433
0.0923744017843242	0.0342053044062066
1.03057581187218	0.741913697676655
0.344904116281326	0.415722714634815
-0.127024756978976	0.143049622001638
0.19364301061515	0.263833611648675
0.780536887661627	1.72094416974776
0.11006541754629	0.15514283702512
-0.0885104618444168	0.1217018084934
0.295157296741453	0.454718431987983
0.448213412651899	0.966611418654675
0.0854650609094588	0.11729680216158
-0.434133389040929	1.00258135918225
0.538248092580823	1.11421437834419
0.278678979186136	0.461468663557424
0.00358316000968278	0.00406576283616956
0.33762901737745	0.533856775730968
-0.0267925602432329	0.0368621458113573
0.185831098985188	0.240210763148137
-0.127195100836715	0.173467537194203
0.0934886073579529	0.140127994271233
0.410701110468514	0.701317139608281
0.260852600616345	0.348742374263332
0.0668615584388604	0.0729973658759146
0.772520754783157	0.83034995053642
0.971884414881765	1.94940926176413
-0.732811286951589	1.13131046093841
-0.347885897869652	0.438083623438152
0.0847126401389589	0.113886290374494
0.193307345171692	0.350738661186178
-0.0127511609129164	0.0145590569719363
0.0226739919827144	0.0235867543668717
0.611728415246282	0.678871068775554
-0.252624155281987	0.13635980569462
0.0833906454302703	0.0443387241911847
1.00316659780009	0.475356079313665
1.00171175334323	0.473534669612339
0.320909788433321	0.263291687397146
0.269390332208667	0.140153310583014
-0.279169253490022	0.0941984963917766
-0.666731446201952	0.329682758490614
0.355158474132454	0.245777773569742
-0.0851095314757845	0.0746159313656929
-0.465697235953108	0.265806874623824
-0.554744827463794	0.294858265108523
0.616518734065412	0.505544573791423
0.884503687082381	0.544815898405596
-0.308548126669192	0.159386249760237
-0.67169694754731	0.331895074015649
1.42238050487971	0.458033193982778
-1.08012517251879	0.440149143612608
-0.385700048449686	0.112618511833295
0.754204281395425	0.310416182678176
0.386690720854746	0.15210750910424
0.703162378039016	1.33548317811154
0.278795064731203	0.411189700693617
0.354584760617321	0.587452508233844
0.266321999488048	0.516758658080762
0.0423813877566443	0.0543580680212053
0.136063213314169	0.194146694127361
0.454307169960399	1.17195506358143
0.0186140076895758	0.0224995817753112
-0.527504459921687	0.935144257700942
0.213232169173938	0.27900465729854
-0.0612763890239729	0.0545887771158151
0.107423729707221	0.190253213322818
0.374787659377442	0.555720240540988
0.262268625376744	0.41462876586963
0.262931293458643	0.561389614218231
0.553754767564793	0.928901846234311
0.771382384302645	1.31566379673884
-0.116406008787352	0.126478274095358
-0.281383293126582	0.218291485000515
1.18649044089992	1.94906684073154
-0.660625483379857	0.759911428280699
-0.367783238531789	0.358242207114306
0.0835400250041934	0.119741139323665
-0.129356969137956	0.198120422496684
-0.00223327499799682	0.00232014305755936
0.011195882395074	0.00766676101656496
-0.284001775827514	0.0952732627148877
1.0019476309731	0.481455761041027
0.108509145571193	0.0308678651607297
1.71828145422724	0.958127529514065
0.222748484149393	0.147328608844188
0.772889860184255	0.760942227179799
-0.278021733444551	0.0923972743627197
-0.393360448702696	0.11488364968898
1.77454616888891	0.679642609489802
0.0398471143719882	0.0259257329987726
0.343584972887118	0.419770321821162
-0.208010938895727	0.0771399420540708
1.97380475978639	0.507300323751526
-0.991992750417914	0.716627247050004
1.71177603382013	1.91352493952036
0.640463793857656	0.400250985721749
0.0820068744580394	0.0374679753611979
-0.649200756179678	0.467142370002096
-0.465986290476057	0.197062884908745
-0.583958762287729	0.226470686444405
2.29838885407007	1.13662794825885
-0.581308217797875	0.229779893299134
1.39803749429184	0.844247193746378
-0.279866317772248	0.0934639445027178
1.58645428187854	1.36676447860193
0.366108959549404	0.549054171123
0.909667491866316	2.13761692932228
0.419204675045252	0.801722313716273
0.285379233566154	0.399924444264228
0.225590740445754	0.394204429938972
0.290240726697447	0.514927131444455
0.239460579103494	0.34061744627637
0.207386549263203	0.282773241357307
0.353849671916833	0.528480919270839
-0.259242733518212	0.500982480826249
-0.191163530830038	0.221092641939047
-0.158038987737603	0.229357855263173
0.297447163503345	0.618773465421538
-0.0224801317298303	0.0243751182925756
-0.474260219445939	0.721373156321014
0.50030293011595	0.886596118975847
0.0867605869826189	0.0721987035748832
0.218226834381847	0.235068569558754
-0.337802006008287	0.429394921534366
0.0346163805292663	0.0295048301273952
0.167327489764533	0.285508446053502
0.0700799059739241	0.101917308906465
-0.0239433902697697	0.0270585982784674
0.118126200596198	0.167128960688261
-0.0238379333621236	0.0281467152518214
0.320295519693332	0.367262415153181
0.0846574458566195	0.0448940204026273
-1.39133889273734	0.891861107190507
1.393280127197	0.838486531256811
0.546954505431558	0.277794242055723
0.284812603630796	0.129136877580883
-1.04508939812617	0.536570361539162
-0.322791284132916	0.269730967966539
0.640762112034519	0.937700176253711
-0.399675147269734	0.236630755046641
1.00549600364933	0.4723060392075
-0.0707321346532243	0.0358634261235672
0.33908450148137	0.147779621962096
-0.726320753711638	0.429455696140779
0.764694905567461	0.320954914073954
0.392603076598134	0.153457927725135
0.469927820300624	0.168323998576673
-1.33511080134279	0.625779641039831
1.78270843224514	0.68144571999412
0.383384494523392	0.153227399949693
0.989003012492858	0.37013610430479
1.91121336574701	1.14749398848353
-0.640318820067368	0.157107672439797
-0.208571737028131	0.0776514819040481
0.0885007098539225	0.029893961321592
0.200866479829591	0.31115271350869
0.297966084105001	0.46749932337386
0.488386171861655	1.05811770465728
0.235555936206717	0.304522583168967
0.413567759371286	1.04123870507563
-0.0376108904855608	0.0463843096989703
0.00964325546390542	0.0118118591117396
-0.0645335116802582	0.0720810589170864
0.60600596377113	0.906672700554995
-0.238198507719563	0.552195445381178
0.0730628686219125	0.0801589319884985
-0.00116749165222018	0.00145553076326415
-0.12809306890234	0.275982672335068
-0.0606708020680414	0.075901685155345
1.02838058284685	2.30634195516708
0.043866960313417	0.051315046180651
-0.281577270527871	0.21557251003434
-0.52093689717697	0.68373641774908
0.976930114192935	1.22929139404195
-0.843023869076785	1.07272777032553
-0.227067501957562	0.422904190671476
0.041957265733481	0.065433644610741
0.210492491587295	0.241857650277249
0.379683562642853	0.150585195352709
0.268390678825292	0.143107451969408
1.50864540777893	0.724054800708223
0.625111313868258	0.196272384019545
0.470266087570668	0.166982479585464
0.981081453067739	0.365330461702992
-0.0680414746674603	0.0525810378113208
0.0259739861362173	0.0236115735351925
0.631708472403362	0.283831096299789
0.471885879981128	0.164435671815118
0.7166705661461	0.520413143258604
0.988428185296729	0.977879509266287
-0.174277770934603	0.104539442481497
2.06366095368151	0.91678363659059
0.850096852420112	0.42652453644121
0.345534944180793	0.145059867890185
0.936949289040237	0.252050724097018
-0.38438579750093	0.11228656899571
0.983342930657546	0.366745698422458
0.105639374321882	0.0307343652557449
-0.209028838596103	0.179700325884514
-0.107369152184728	0.0886275052136175
-0.208661802275292	0.0763841023412024
-1.33434694509217	0.612671128407819
-0.273896379040275	0.0906324381737717
1.42888269566272	0.47078607324022
-0.387876938505693	0.114973131154919
0.986765188704122	0.368702668266516
0.476352405869912	0.166195329471404
0.376784464160829	0.146901636494396
0.553532972818991	1.39012464226004
0.0599296709809115	0.0780413093871502
0.277726886857843	0.574596723472754
0.457076649523783	0.846234058330351
0.28205377074628	0.507844796419429
-0.548607124752105	1.61666558991196
0.323955606204189	0.663313823484843
-0.313007274118013	0.518402847466662
0.215631319277366	0.301680649342267
-0.0629144321886435	0.0665998144836512
0.0949370590236121	0.175642470677984
-0.438497849324098	0.712296333203676
-0.0921206575410031	0.1243925890178
-0.19074995226897	0.458519127886199
0.0299587489240578	0.037535350847802
0.0886414688961084	0.10383029696748
-0.0698127531433244	0.0822845680274129
-1.054090759484	1.21632532122591
0.693444548581249	1.11590591601935
-0.924770632300067	1.39810988175698
-0.716570911086376	1.01547996599146
-0.488918417438013	1.25886585561799
-0.160436093786154	0.309589406235979
0.00329913642076719	0.00430181581235197
0.0739640484329118	0.0853026172378264
0.0562479136446415	0.0883654417091983
0.433023772071724	0.256460230030527
0.544790716017675	0.278320960000875
1.21155114944773	0.647171295920907
0.766889093308957	0.315803246862395
0.75582693625645	0.312120902177472
0.0892539867568261	0.0301915691441097
-1.46759176551563	1.99926071248921
-0.130730084803149	0.153023287263987
-0.382853685541671	0.17285330797127
-0.367382620932789	0.172981447021192
0.663926217054266	0.524011028197515
0.881375776099403	0.56431532903668
0.838372727143861	0.668202036598511
0.618583807047578	0.592275969013638
1.31895014828588	0.899616952960479
0.476352405869912	0.166195329471404
0.0804839527840669	0.0298221277220507
0.387461103975717	0.149256005766917
2.2986222847792	1.14111382005554
0.0776272677354492	0.0319228975699868
1.26966293683623	0.540248976407799
0.294407602466291	0.143753008959796
0.786141866340115	1.65854731682377
-0.0174160440002163	0.0172075091701993
0.267108563425143	0.134478918583298
0.768513104559143	0.312686906302919
-0.614947523522587	0.390085146048426
-0.577320043974134	0.216984852328106
0.30252323548956	0.146139107359954
0.0974545909168918	0.0317299660653953
0.47973803609551	0.266881323187341
0.476839886007223	0.258291392950621
0.269720230813142	0.741516859166225
0.071511645651788	0.118665044108998
0.18822648850392	0.439973515910523
0.300074743765725	0.509089571699566
0.155531701796998	0.312167168611924
-0.236307104988813	0.423202512121957
0.265877587574394	0.666575250589453
-0.420971986618222	0.97597824802398
0.163927227927668	0.236423067999565
-0.204167852419512	0.314480858017737
-0.0519345484558308	0.0510044679696286
-0.219882776168498	0.382323493511353
0.613749083105704	1.33765289208889
0.036121424857922	0.0484388275309359
-0.133228806259502	0.297133196530519
-0.135732304515415	0.206694489265875
-0.0813672758493398	0.0996494663933439
0.3383842851082	0.685874658326459
0.0587670247780213	0.0435080940697085
0.548615260615932	0.883446486342887
-0.392913066514508	0.485441911015712
0.392104364859448	0.440169545912567
-0.0507773057329144	0.0927852379073442
0.0515079983884937	0.0934722517611657
-0.0672073828161135	0.097417665970104
0.0254872216651168	0.0434518421533334
-0.300231241425519	0.451594164589485
-0.106387186601597	0.180524001059204
0.0567470662623891	0.102764913055706
1.166720283171	1.03727978874426
1.02703250655518	0.602252321954646
0.631930570361832	0.282634809658168
0.18078998932184	0.307820832521793
1.02277665622605	0.599421920505409
0.0885557055858499	0.0365062283838077
0.140461372484983	0.166416291827959
0.331308332307451	0.747759111044258
1.18229870728579	0.778416364228911
0.898297744294332	0.561675791796119
0.0461251350021833	0.0323887879044922
-0.0942325797510599	0.0619804051056661
0.223114108505881	0.176368568023631
0.882375561766848	1.09587429275929
-0.869178741098042	0.675623966681763
-0.166949223976889	0.122193088127152
-0.510033980534017	0.478225654990582
0.0522993532444097	0.0376123012241816
0.0143569833856197	0.00853601340423913
0.580925169048643	0.385141942720246
-1.12853282865582	1.15686550519745
-0.0236591875930853	0.0267775546386849
0.0462393992550647	0.0493124229816336
0.778832293245442	0.856615265849156
-0.0653929553388993	0.0335086809533253
0.881375776099403	0.56431532903668
0.627392846954541	0.509578622872762
-0.470726052018073	0.274449189425089
0.477079008733024	0.374529706480779
-0.0231142652943366	0.0132067349085384
0.133785262775752	0.105287292169573
-0.14075573220019	0.270169042362116
0.227701684456838	0.388969329363183
0.0835750830860873	0.117994759859753
0.0328606408007891	0.0446537683511976
0.347782299773794	0.595485049950633
0.0998391633324156	0.128766860478748
0.0176534764921903	0.0196671024125017
0.344368283551758	0.590319851711208
-0.184285280281076	0.255205806662714
-0.122981263943515	0.134333362247762
0.714468536347203	1.28609802120949
-0.653879945547288	1.00725476942382
0.419146241441469	0.895181011408373
-0.0638207812549115	0.0632704887253723
-0.458839451299664	0.720231230636217
0.33050653934617	0.650098059127894
-0.344326366012886	0.549579122114071
-0.232455348170513	0.301554976556102
0.238373456080943	0.415110293349409
0.0803665546457277	0.0611073883848156
0.0615103631847595	0.0638384103674921
-0.609786296054019	1.08957732319355
0.111804692404405	0.105784945451116
0.0150585763713866	0.0217074915008389
0.115504346746089	0.167638885057863
0.67786608795028	1.3601014472028
0.349030344484523	0.626422866139204
1.14412008905527	2.36675124413236
0.462574580711314	1.00377792611592
0.202000973813983	0.352134755498363
0.29552317646399	0.256319890044163
0.12702737161996	0.0923281241466387
0.828580147887896	0.77871537573086
-0.824224774052572	1.02154230130242
0.337756098656798	0.758087712191259
0.226311061934408	0.353820552652896
0.426943517049213	0.676238180138836
0.109777324688202	0.145383313315629
0.398932179807054	0.78637701128864
0.730766739515702	1.77802007258418
0.0974312424668986	0.144538968264328
0.123242721948149	0.173251079481472
-0.115431123726431	0.0731623705274474
-0.189832583677313	0.260144084902254
0.207919780821454	0.376772209853994
-0.104793084828766	0.0907555803204841
0.112685227705654	0.0742129906197971
0.604051046945439	0.976741145286716
0.52987787151232	0.570299208331296
-0.285884781021897	0.321194003439578
0.204439001600038	0.37362444627956
-0.100912697913196	0.15057592210667
-0.373546782390283	0.858433689882331
0.440972029055003	0.985028492550906
-0.211842785789777	0.317482334246722
-0.244054105443484	0.464519482487935
0.222348301717047	0.332208298052946
0.0951950673839129	0.12235167865234
-0.0135290833792212	0.0203223527478209
0.287782263008701	0.62493553525099
-0.118940929027593	0.200731455382493
-0.224894453711815	0.376176398767822
0.131900744452111	0.211404249753838
0.0482409053621893	0.0616538135683206
0.489648101078917	0.930633309639493
-0.0398796635017825	0.0503263065290427
0.0387157256296	0.0482535947025493
-0.0791715397389729	0.128466710179129
0.296876833248239	0.70595574218355
-0.0865411903961299	0.13962556211587
0.100505274998426	0.144966659199979
0.176821109883504	0.267010085598139
0.305780712061817	0.554785348340936
0.252788644612764	0.461971075083899
-0.145964305099408	0.22219274142109
-0.373624603539304	0.613759907451778
-0.363583533023629	0.680940044778378
-0.268148862916302	0.499419704616649
0.0371487318914511	0.0499735989323636
-0.0685158673356522	0.11121490557789
0.376231155067346	0.53790994492531
-0.337036136881353	0.457013997539571
-0.159005185272388	0.230866006027674
0.12516650815199	0.130911812383444
-0.215013351930434	0.376609962564397
-0.25891170942231	0.379764082445969
0.112122034529345	0.206840378334571
-0.0857620155235246	0.114470710018705
0.372023941456284	0.691804400751846
-0.261688223655185	0.580846292032763
-0.0650937997053587	0.111518346914698
-0.303734715235276	0.520075429508173
0.533386125509629	1.16472427405479
0.0991376528070216	0.134477196639218
0.257409893455994	0.464031796594094
0.205394488486234	0.381867743948553
0.859399486863065	2.41413820505154
0.304249021718221	0.537403236428293
0.598319070409681	1.44546511285682
0.104025614810607	0.200994409508967
0.173709368755025	0.339637770213168
0.232005185532889	0.423630173861337
0.188629260698025	0.326408024719104
0.0531062491941586	0.076064992357127
-0.066339696629727	0.107974589932805
0.0558007092956907	0.0930821084847682
0.402199009654495	0.907492770046279
-0.43231608425452	0.418258713378793
0.586245143246888	1.02373757976006
0.344078374466619	0.461089854554798
0.427223686557719	0.610990470030343
0.510775961732475	1.15900297173349
0.235533944542736	0.348612171585029
-0.204671236306429	0.404278668855311
-0.17941633002946	0.294485733450677
-0.0358160076563504	0.0459025441638128
0.374822443361353	0.752097410904421
-0.0216068516558426	0.0328031300107564
0.419457628353746	0.980015373164645
-0.154718652626737	0.269022360808573
0.00907597798201726	0.0106861936180823
-0.137365310916969	0.208153436622086
0.444500123274784	0.91671363008058
0.313947634188468	0.440122795533389
0.165180052544797	0.361210041782139
0.0358102646678971	0.0586517215131204
-0.18397304320176	0.420223368056583
-0.0170751459136133	0.0282570592970058
-0.0322218658474661	0.0540433089246966
-0.240083941527289	0.517902591970186
0.183236145199231	0.389215892664088
0.0608465162279402	0.100172427177283
0.13599116210105	0.229397458777696
0.190789003530984	0.383247745389293
0.190607255272563	0.358052158876499
-0.0755696507138863	0.12170511301961
0.257027891747233	0.532675285848526
-0.141837446822153	0.265875740973796
-0.430132592889459	1.1198745007863
0.121933898889037	0.241593015637516
0.287744887115502	0.373115746545754
0.16037250342149	0.178887883434081
0.000410479245200236	0.00047098253819365
0.132935713478481	0.0988017453637528
-0.46709067089446	0.658754507827201
-0.292257626000621	0.378718543487958
-0.208483586074735	0.275978660254642
-0.670891657305632	1.7903562772864
1.10044573127397	1.38453712138198
-0.227959637781377	0.15926586720553
0.0313985054389723	0.0260492583268307
-0.150981445415202	0.0949769758614446
0.113557490727853	0.130126129498395
-1.12792636016736	1.79048481108678
0.258721529443774	0.408972155663512
-0.110449572975083	0.148550129898417
-0.35167943712642	0.507442420743807
-0.052010983838653	0.074354218460179
-0.289911767198705	0.609539792391841
-0.528404915398939	0.710035020802884
0.668428029763794	0.793712660576068
0.270064542674952	0.290290610199324
-0.0958818803200654	0.0968660433634511
0.0434015870496349	0.0440031932374468
0.146280646524558	0.130257708437793
1.22190887547575	1.92064297011626
1.05188559383397	1.42782388209545
0.0803801052590652	0.121514227403411
0.281293722073202	0.615641831269239
0.221349222169674	0.481012331318657
-0.176582559377303	0.388732647774599
-0.0784823781663975	0.145483117546285
0.0332887939800045	0.0382119299571513
0.421887898670404	0.671890907587304
1.03545118680416	0.741254999582051
0.58019128350449	0.494090905093138
0.357417218801634	0.25507361437085
0.454064465703564	0.364979901008107
0.512139992912411	0.38033262855637
1.06796718650087	1.01742974533568
0.495615727615263	0.620373370674257
0.426255724384558	0.352245035175558
0.377114762818898	0.352885196893329
-0.112365810413259	0.203988801440562
-0.171147294465748	0.320932842159814
0.00268725098474094	0.00335181606231256
-0.418580233792852	0.461913266899899
0.194744322742361	0.363061920311761
0.118806159543943	0.210539692657543
0.157134102499546	0.236236766637567
-0.243085675457823	0.368313806043895
0.269476843170253	0.284599778473532
0.444661711310874	1.37496108904904
0.166173745677537	0.312783111377283
-0.125501124562936	0.224475418360148
0.314073033384812	0.688812356518121
0.194096047633819	0.381844418194946
0.0554162970304092	0.0826617736632739
0.118003536876149	0.203885230644618
0.0343889304511263	0.0530032651765589
0.388397303357614	0.813754541769855
0.24224077472548	0.457213977151105
-0.144697678140844	0.224977459099499
0.194590416234568	0.336203503541652
0.207336462616665	0.342433733092252
-0.0859580217285027	0.128083869333034
0.245827706119793	0.442652633630519
0.131702988614399	0.26784782779319
-0.155550863945739	0.220912881907654
-0.259030028767329	0.422251249268274
-0.565270526213123	1.0264095187147
-0.440356718837893	0.812054166350236
0.0152009715472399	0.019518692696919
-0.0293841563465834	0.0376032033046254
-0.709213519238687	2.12093717819424
-0.323130043077697	0.472941203375708
0.168278538943173	0.165329514756565
-0.1808359064658	0.228000029998022
-0.309149122973108	0.338223216770526
0.453419154960316	0.875342993351902
0.0209864806761948	0.0230817646738125
-0.657719656322311	1.83746057116084
0.0375140701916269	0.0438434101230416
-0.00773275032624037	0.00893823547832631
-0.158091496219318	0.290880272011067
0.101205024019443	0.168396112397982
-0.216397305874619	0.352788451172772
-0.0577012999496877	0.0675068942222083
0.366198530386937	0.575680844722028
0.336623644738499	0.508284052453527
0.227083645319473	0.369503947578034
-0.288505660228746	0.414565715250885
0.315623377708992	0.529273118134779
0.367061664050595	0.76651998793298
-0.343857437439858	0.872580470047235
0.160486233871847	0.306906171862292
0.0216134378377268	0.0320529166757883
0.526427648355617	1.28928654700751
0.502807264832211	1.39810203186491
0.224550279967635	0.46620240433825
0.0832344571914207	0.143383812224181
-0.0842968154378797	0.148744108879295
0.082410898440225	0.113906226132718
1.97380475978639	0.507300323751526
0.84538392364155	1.19859637126691
0.204327143034004	0.26129619890531
0.541394093907145	0.880813962725435
0.282519451980451	0.625106795323388
0.209805572967326	0.41309429713736
-0.045911947748704	0.0679873995247617
0.00828261366102924	0.0110476530878927
-0.218405239826042	0.315966522645693
-0.0988687450811782	0.127417200481636
0.202523474481113	0.36984946962993
-0.0112797370474054	0.0156915247437479
0.38133979772348	0.989022033063471
-0.033557923417641	0.047731440693493
0.559325662957627	1.53829254501825
0.17434464203542	0.265014734266187
-0.162524186321273	0.232822345758898
0.39344540029342	0.598586693990914
0.231924552641843	0.313670758778561
0.283264788385944	0.391526154098173
0.347184359007649	0.529355403124411
0.334728476623482	0.529726606379198
0.342745850704348	0.444041275785673
0.186687052733102	0.21329833403675
0.166977889513075	0.184643346016537
0.453703440340752	0.776508368965456
0.121050122116676	0.132355225691613
0.118723516899135	0.27881260518515
0.843863326019234	1.49476803336321
0.493210549414159	0.766858397181656
0.32542083322509	0.390637957610936
-0.400586696313248	0.585106602888543
0.577483710871309	0.721378111881483
0.400054033526489	0.603141057979372
0.284222472000371	0.628470280982196
0.167977029756401	0.290755162896358
-0.098908577858959	0.173816689740056
-0.239149112940003	0.46219132830676
-0.179749836156929	0.382933453021906
-0.785495964324741	2.91725078499755
0.0474815560554862	0.0623506493381927
-0.393413183150513	0.755878776922477
-0.18688616023111	0.300593251558008
0.131062558917528	0.282252278090827
-0.116924568164393	0.171667676802841
0.261276644415044	0.488564201910246
-0.18902640516262	0.414573317137363
-0.367359921416973	0.90028037393397
-0.561145813058377	1.45356061871008
-0.21354658113668	0.504832946646985
-0.088975559245041	0.102098210925367
0.132178013932353	0.222657445091461
-0.509918524262182	1.26269113386303
0.491824041365993	1.05252286798886
0.0900160306314376	0.183597781829157
0.444022245069001	1.32827451576196
0.434741200054464	0.958542895179596
0.0104097183214451	0.0175263530926659
0.00874535794743224	0.0104780480454681
0.380919439211101	1.02329402556599
0.0401074309214851	0.0723528486073805
0.0585001153462815	0.131915979282644
-0.578084889223932	2.33212821620154
0.133826015022579	0.18738375246108
0.922255979490729	1.99683982352963
0.409954506457179	0.56779126212851
0.404146122705769	0.611518616330515
-0.30280149150992	0.405378190524963
-0.0312651117679707	0.0359114247035949
-0.155126215341805	0.447370625149693
-0.208649953760347	0.498254913028736
0.473016555356817	0.169758973781371
0.0340771917703876	0.0487050242000399
0.278507272841821	0.724962983907381
0.678410155341649	1.18162167929041
0.757019183713256	1.56425443295821
0.242088349208829	0.317528441909279
0.645044072010254	1.16823850951418
-0.135713883554443	0.29653758172389
-0.245211983429246	0.659692925815677
-0.235239856849281	0.632429109910795
0.200882410368353	0.230224569709211
0.202993742194821	0.228716763104707
0.0163052499982887	0.0283131541128222
0.0451240427484342	0.0943935472357171
-0.211653292752529	0.309762374726312
0.114223543919434	0.111687619567248
-0.204118761481444	0.343725046273808
0.280879833709736	0.536262233811915
0.0885395760259332	0.125667923278411
0.249824273503617	0.532191673151228
0.421590656497831	0.76083181586366
0.166754079472618	0.180028908558625
0.246658502631649	0.328274541254849
0.358299242878974	0.358063399989071
0.121392206051139	0.136432195304519
-0.0551876667347569	0.0484952299379455
-0.277668576033171	0.297909999784278
0.462919942300781	0.460768077654505
-0.577847054189693	0.824302857080551
-0.43345499304752	0.505797386715857
-0.325358168180702	0.382830353739329
-0.00555547464630176	0.00632673130964931
0.116595131494682	0.0742597670288127
-0.54604189825547	0.466105168085972
0.134420188132138	0.103130938370803
-1.22587504525289	1.04457783460228
0.0403933742426169	0.0404464740501065
-0.336871092589114	0.32693344037647
-0.630017505854645	1.32645204196274
-0.148258747943982	0.166771000677894
-0.363936915495061	0.522070332688424
0.163261520672714	0.241912376233912
-0.118130945002411	0.171961864202652
-0.00330787525528603	0.00241916708717105
0.236316134594491	0.174903007250199
0.452617314284659	0.527414669400247
0.359330425166145	0.353942628694528
0.0421855958242188	0.0550573926660864
-0.5026264733212	1.5489006773008
0.381467638318501	1.02457298926398
0.575571179875006	2.00245573084701
0.095804527234344	0.183705835541687
-0.136635764489501	0.200993653044836
-0.000377031629915997	0.000279401097148149
2.76200789831747	0.82043550292207
-0.188525872973475	0.113386835351417
0.384294725377889	0.352008150686918
0.30252323548956	0.146139107359954
0.338485900035215	0.364119715476158
0.73808779105535	1.32027745542109
-0.231986514424402	0.455715850498525
0.0298485414420855	0.0465549855830907
0.0679540931264036	0.112062390900794
-0.0970362524163007	0.171479661694453
-0.37865461745432	0.873161047005345
0.186082533838069	0.286522276852481
-0.0612024325564294	0.0724312389265979
0.440865432794885	0.463644253809802
0.266673237381912	0.267223617140792
0.199617552982531	0.346018179850178
0.0116422617047577	0.0106158958095391
0.378752269860889	0.87254846770787
0.0153770065370635	0.0238452593136368
0.111629990757008	0.160636326419568
0.048644540030304	0.0592599867204151
-0.0951897223048953	0.104625734720023
0.24474175382518	0.527916060259124
0.145446738936534	0.272216363621422
0.0525563481638658	0.0938785686989572
0.180099608927406	0.376604296395326
0.0796189388680616	0.0796697868008173
0.132660071186451	0.143148827884263
0.238658523590312	0.160490478036527
0.303119062611623	0.336956512634451
-0.319313766903375	0.263828304630042
-0.624148844500715	0.830554597614494
0.218883576858903	0.158750077409814
0.228318107797338	0.162330349012806
-0.0127029424506395	0.010537843475649
0.277078583010621	0.286206145693805
0.168972104439417	0.191702463529368
0.483410587695534	0.269278511639845
-1.90627590887992	1.62481808602171
-0.0227728914222155	0.0160201814237449
1.2196138262653	0.659091286903917
0.277832025080061	0.258483016013799
0.101449716956268	0.0615694479357151
-0.298479913021415	0.36017055553412
-0.125540822229007	0.117554402473034
0.134192896694024	0.106380475041142
0.570931970852823	0.950016398652417
0.0314543441964787	0.0324261458802265
-0.496844344822237	0.429849420965652
-0.0506332529509541	0.0580840052427111
-0.260705234433696	0.578700759304286
-0.383392881494397	1.05376120551511
0.0559354010435577	0.0903281676445118
0.16138978145127	0.310333683796528
0.133274033112084	0.261228025459796
-0.422373501183995	0.636643870673666
0.573239830937097	0.815685794606709
1.97380475978639	0.507300323751526
0.576216329618353	0.382962947519631
0.476172360004576	0.374098750713748
0.230547022100727	0.156808681233871
-0.366477065194344	0.168914288170475
0.997557130247576	0.476636030622947
0.385190063328405	0.345020677531255
0.0135710499365006	0.0188133065035929
-0.192386075654628	0.396743839252682
0.286736719018455	0.698893120932856
-0.0842151159765601	0.14586772311964
0.20124546827957	0.372304783808714
-0.130466298067851	0.0831521084282904
-0.163432166088997	0.305611941778405
0.0463712755757177	0.0462445180084639
-0.187268127625956	0.133730345695446
0.117173463533363	0.0754053330451819
0.129334692865965	0.259537240647712
-0.0682705375273059	0.116115166953285
0.140731960594137	0.214516487580903
-0.177780469525358	0.183615452456638
0.24313147917967	0.464951881572419
-0.219996289329951	0.401017501437581
0.12933918433428	0.195545962121665
-0.875832863539895	2.15951166237028
-0.538471211818397	0.746933063298319
0.22681160488069	0.469022458754344
0.39557838816016	1.03666293632669
0.0810319710144271	0.143997935296347
0.147630404079536	0.30727714888455
-0.223461383028816	0.470023781371375
0.385793326571521	0.430217510129585
0.321086647762335	0.270943380567201
0.624164723039257	0.929991204260569
-0.584091852641016	0.665286739573401
-0.482114060305715	0.408894799239032
-1.00530098122098	0.726043420954978
0.0087960567498668	0.00561541484142448
-0.169734398836817	0.136428750093616
-0.195667247020389	0.217211718679525
0.315991913567594	0.339262326368981
0.778533416710861	0.664042024259073
1.39882512081674	0.847218225319799
1.36465895034727	1.41658232234208
1.5584265020681	1.06003994572561
0.0741534222594433	0.0609803922745856
-0.307138958958201	0.200145025405056
0.202080109915472	0.242492084435169
0.280884413281296	0.287721754306413
-0.119867842792132	0.101757260720762
-0.149057958027887	0.180038568062457
-0.285291177378135	0.427806805311529
0.259343302196938	0.358233074381822
-0.265293658847241	0.652773855536773
0.290340117459761	0.714373125103534
-0.153758134627376	0.289099475902586
0.281293875966129	0.606440804945543
-0.0673851336372066	0.118784842290395
0.234788181128732	0.529106373638595
0.444011149724703	1.33938660902259
0.402810810253957	0.538312113275991
-0.0070262731309616	0.00587241270714389
0.160740188615653	0.0319518046826111
0.540582226399498	0.272868725956615
0.379773325375369	0.252727953144287
0.832032196381367	0.793345252797192
-0.866221761341068	0.756511405750386
0.33219352230844	0.146557232429817
0.0983421839286784	0.0554097414961332
0.38535824943428	0.350559294080406
0.247871488244155	0.440111245797974
0.403829715947727	0.58580992546552
0.000213454376418636	0.000256606442754224
-0.0458653660549469	0.0787063581668272
0.119003356174439	0.22453990456384
-0.0752797263433955	0.039229123593251
-0.0743757291833621	0.0776341780186471
-0.194327492127662	0.379917628755432
0.0129051264061915	0.0164470167310488
0.0453462833306792	0.0549131968754209
-0.113068127836295	0.183306668752331
-0.0447956761791794	0.0440965035431017
0.649866802357251	0.607158711770159
0.101283614348471	0.188577771125375
0.377681061632728	0.704310867477488
-0.0917744736107952	0.0707538243240704
0.021680388889263	0.0305284458434376
-0.107782514193987	0.177072300216358
0.361044824502602	0.700022900410207
0.306487102816822	0.485845569299387
0.0162006983783934	0.0146486948392585
0.0208634973363839	0.0310733959602886
0.315825874230157	0.767542563067743
0.213155924541446	0.434839205316644
0.0913408043181871	0.165446854533092
0.148243185434825	0.306544283659307
-0.158687485192116	0.32645011681109
0.288550513488077	0.708789656076087
0.644650653596046	1.02295681789771
1.0258683586419	1.21653181211278
0.154521199263972	0.139928370986145
-0.58065826766807	0.579332387239529
-0.676240511114838	0.803027342885286
0.728598661240881	0.65233034709463
-0.504219337087593	0.464191703540921
-0.0450548684425731	0.0351182007785379
-0.286897547857022	0.263115462914826
0.0364666257599143	0.031364106161852
-0.122745412895971	0.0543153495662583
0.33047780304915	0.144946383042607
0.341333133491758	0.266205008891077
0.0899066072194522	0.0339580755737397
-0.620423290771618	0.699525741245823
-0.564233612245123	0.519128696727315
-0.897470474721867	1.91549981933953
-0.311019230280315	0.365763812586973
-0.17938013051897	0.17310735267328
0.384471331770612	0.508346812619335
-0.328924525705168	0.459418141484374
0.234886356206726	0.319313389958679
-0.0357999706871944	0.0611328126839682
-0.553999756487776	1.67742360479168
0.184443070707977	0.372201787601268
0.18172465724007	0.36668219357904
-0.00616137550918963	0.0100312764540947
0.0945133622763086	0.162713136488872
-0.0443476693264341	0.0718226909346148
0.614986259494577	0.969883235225883
0.512537868609296	0.627292880706619
-0.170711296867984	0.122546593291429
0.473811076621088	0.357686170565634
-1.16403780129284	0.35723664848931
-0.859704009183406	0.561359541125711
0.475984865746393	0.441692381665113
-0.0541506169267712	0.0439905440867715
0.258093808828823	0.45830123023151
0.271621458448356	0.292992530014716
0.145698153342277	0.237739541265315
-0.0910050677783631	0.165107909394108
-0.280060188513322	0.697877296287179
-0.00373999267343388	0.00537407008597705
-0.20700743749976	0.256503260555106
-0.0320058569690266	0.0178975348531631
0.362091104445163	0.351159949508195
0.610237280117537	0.908291524970817
-0.136656318956873	0.215839002253322
-0.144969014174664	0.198130090923185
0.211553940534921	0.241255516544947
-0.0812305705928899	0.14300232320529
0.0381010291740901	0.0635699977894829
0.130887246872969	0.210517025539182
-0.381781664616561	0.428181614050786
0.122180599767714	0.214474301468486
0.124771333589666	0.22497988187757
0.0785408104045368	0.107736516847719
-0.25206454697055	0.396407582573071
0.303385362703275	0.367954086002101
0.229871336622475	0.498147306573704
0.177749458689366	0.372330437484507
0.0759007898577574	0.134005290053692
0.211915385114184	0.474009333130954
0.154116300277966	0.304450342357192
0.138196587723724	0.278401768073216
0.056775808003571	0.101135520004383
0.324287840164354	0.356359155588577
1.1045697890341	1.38968867926373
-0.43540944874119	0.384749059266054
0.112165689293366	0.110359089144997
0.632750477723275	0.771315238087302
-0.367959627313453	0.334594486349414
1.02386766914279	0.59727436077858
-0.406192898852787	0.334448501630692
0.140282223439268	0.119406867849585
-0.102350455694514	0.0775069469673271
-0.372579002383407	0.410621522268948
0.0951101664883517	0.0518927971795572
-0.259350257270523	0.176163859516321
0.230823063326126	0.155432889130607
-0.676860726176419	0.318940389656048
-0.165944547610497	0.137996398969789
0.228640528245899	0.174326453180555
0.368605812857598	0.45177616724607
0.38083295907331	0.520117835725898
-0.264107352383434	0.265066606338825
0.129725573720361	0.153505338298782
-0.323018186419225	0.480056525500959
-0.321300108760324	0.287468163849375
0.149460553444571	0.197394542642982
0.143396629527474	0.283985346552832
-0.247612409969042	0.539066236140723
0.145017200882428	0.253550329605291
-0.175919097728967	0.340897631851402
0.159407087675489	0.312621342206514
-0.0234794895889685	0.0373072332154791
0.185768817153661	0.373685848000766
-0.146380930264035	0.185683921163109
0.86267515806862	1.41727992010953
-0.0425923847137833	0.0231063283461239
-1.22092634151447	1.04235075337042
0.785972826293309	0.671826869843125
0.110447295882379	0.0710310616461259
-1.3925539710059	0.874463248718728
0.382603157158612	0.152295245953705
1.08565074078532	1.63215861747579
0.00578997103739085	0.00516368319447915
0.0131695075530221	0.0180415063239012
0.317681710491249	0.602234201352329
0.625284857073388	1.12336280895118
0.21724801075228	0.224219486190944
0.285262209495029	0.56032786427532
0.338836426754875	0.882741056460709
0.0821138538016941	0.149999891227292
0.0240273255705007	0.0381783460656672
0.0407027956763453	0.0611542510856282
-0.235246027679032	0.303324967611053
-0.036072250597626	0.0351649155406866
0.316054397656999	0.271344091369761
0.0470737735794762	0.0324813597283075
-0.0703691311307513	0.113393977869897
0.147051677296996	0.292824660136624
0.0119626822966947	0.018992018466324
-0.0460140355094432	0.0659320463420228
-0.525798804914319	0.655688842927363
0.044889973918514	0.0632188279671649
0.19873920409294	0.393601052548423
0.349645007253207	0.719514633423619
0.09740838717969	0.119143883493659
0.617929704055683	0.830354009382435
0.128462252607682	0.233731058317828
0.143710931444545	0.257216392474843
0.00531558307857161	0.00794780703932808
0.124165742781406	0.23478839081153
0.0884239955808376	0.162275900475839
0.0876015042464677	0.154235173801359
0.0242240900641712	0.0400900399206329
0.0142369679096131	0.0225451691734888
0.365206873186159	0.448006374904156
0.153162627490139	0.148943194465239
0.12600976908091	0.137561165101581
0.0881346427919205	0.0406260233793316
0.0167299973974853	0.0105540347783802
0.221602480653957	0.220634876993041
-0.539513117949898	0.457557868167294
-0.319026833498409	0.239545349751905
-0.865025489091045	0.657841547878007
-0.19156607077975	0.1531593522273
-0.616014361555134	0.679344458440987
0.109432218815988	0.103313543764894
-0.366600783705978	0.43017546630791
-0.303313776755829	0.153897809973827
0.0877560202401585	0.0294172086337526
-0.768211435685829	0.724606219693312
1.21586564770206	0.656251931843135
0.270971065452237	0.265248362691788
-1.22954240092684	1.06068553045934
-0.0104302675757788	0.00967247042721651
0.294709256836919	0.352039907201189
0.0847970230879601	0.0688165023331284
-0.155863492483372	0.199160187388465
-0.401178133338184	0.60456659349896
0.638502305348277	0.591410304818957
0.299137341145611	0.144019037287505
-0.608474843150998	0.982327603318774
-0.128331616631496	0.234972587824414
-0.0953539246178761	0.177391529149216
0.298306157948375	0.701793571342973
0.210396335175619	0.43350609152051
0.356311766275269	0.914322332985394
0.114298370626771	0.220866689111903
0.113052173838938	0.204587509686045
0.117280425474272	0.121826939665673
0.371963975329412	0.401268336087025
0.479527993240396	0.266663094302964
-0.220056942833726	0.127329900397291
0.514235302161999	0.472804001565268
0.233867099783132	0.163526332657373
0.334896016822592	0.145155175964965
-0.19012493348721	0.113361359678764
0.138932153469937	0.107095699195402
0.425229998199731	0.533559426207205
-0.25991737488188	0.52212116882491
0.259497859601971	0.611334769171817
0.000968520161493778	0.00123065082062716
0.0370986502377792	0.0370669266536751
-0.542372322143262	0.786571118728382
-0.262113935581389	0.514507688963314
0.211457156509987	0.453536451335435
0.0150223550925927	0.0236482529603864
0.0191918562814494	0.0291607748919831
-0.04744000836115	0.0696765503470758
0.00280546655188475	0.00324035558115148
0.049435348202036	0.0361303633832522
0.0517434514424732	0.0588744757948889
0.0893366890072949	0.0440072342184151
-0.0622567057727501	0.0591033427863921
0.38106705377645	0.352747592450945
0.115472388419566	0.213606986838117
-0.11827655535398	0.173142958148653
-0.000306998320125261	0.000379909187872117
0.716229641099698	2.27384887907108
-0.0383274679483247	0.0606119656456852
0.150829413522601	0.220993371972658
0.0625249901588068	0.0737388691084817
-0.113793749665663	0.115852732124149
0.212549555885338	0.338610119489117
0.330347478962189	0.582690328585229
-0.214247741065749	0.428748601571794
-0.123482786624909	0.225827364998211
0.0182184192142739	0.0283003230991472
0.0204642425638713	0.0350286602577508
0.193937861097417	0.410880502227785
0.237166761705188	0.577595886645467
-0.153791307418274	0.337191167215629
-0.249522390911841	0.611341686018615
0.473060369034966	0.773525260034616
0.572983541845437	0.816453260499664
0.0761965845363958	0.0598828232963798
0.424689679010813	0.448868936585317
0.293593257471537	0.258472824549738
-0.4783807104158	0.409302356324428
0.794294243266205	0.551651952852956
-0.637114485640733	0.624181928063229
0.0829487024886283	0.0657636949329504
-0.36066700538111	0.349018905332074
-0.257205258292332	0.28317291354076
0.25348756791343	0.139153391190951
-1.15785771845106	0.791612301660582
-0.0345980925880633	0.0195342271977779
-0.85620868350233	0.562078939730203
0.141453099376941	0.115560534718695
0.0324466823455618	0.0213905892751087
-0.343885788405363	0.360985345039608
-0.100326161650114	0.0957214502717805
0.847660026127302	0.991478482536674
0.278893767312106	0.402411854185283
-0.107221944436439	0.132708696924295
0.10417616121359	0.0597492088742983
0.0882585269004931	0.0478908994577501
0.113615866073	0.138733414715168
0.0717328124549152	0.117399820012771
0.615416745786943	2.09672705359593
0.0634497364531898	0.104818963549628
0.275873954400392	0.638852500163354
-0.220333360352696	0.459461413234395
-0.0286121354286952	0.0439245735235374
-0.0508385518488574	0.0826339230869523
0.271062294968557	0.358746268967367
0.110902609735252	0.114141334514783
0.934484473436564	0.711408380825976
0.230783446434617	0.148862514309153
0.413427596224509	0.259413387362114
-0.11824345010178	0.074035954889403
-0.672820551385967	0.332140709118757
0.231297080011201	0.175992301246436
0.052402418598285	0.038642762916428
0.0329633426420722	0.0265040966976114
0.0579775571381149	0.0862401605846844
0.0832005013746996	0.147375785322153
0.325086618310928	0.608082753470995
-0.0598979939460287	0.0590694751762968
-0.316663503130867	0.316361629737577
-0.546142076616581	1.53140829149152
0.304943175532953	0.750510518199964
0.395823226514527	1.04518840471274
0.0516873672095741	0.0352168452863852
-0.286865214709936	0.36057869783843
0.0866201742533723	0.0904536642447751
0.274108232752065	0.145347329071063
-0.0264249325341077	0.0247172241133985
-0.0724382433103693	0.112431869476226
-0.0761484366655736	0.0796785678971548
-0.042809028097281	0.0290984091993116
1.18077068637826	1.96444480190727
-0.00483698877134688	0.00606276195470028
0.0683423076190239	0.091379543846869
0.214217695083427	0.183492954689387
-0.282754263357295	0.612742139869192
0.354141848880128	0.845840257813154
0.267214792166072	0.457588208359758
0.140559222180248	0.185926377215713
0.292585213199766	0.364083504177637
0.207482293605768	0.317179964103364
0.147063736982731	0.263819042901145
0.59011942919105	1.88283148319913
0.138468836018447	0.262282298099409
0.0399685316906897	0.0690395713971401
0.251746676767726	0.592518831554038
-0.0554081109109913	0.0925918821255996
0.0583509725243235	0.104243728582445
-0.0425292057984835	0.0740722659637832
0.1757941744874	0.19076138278456
0.584887506602648	0.490673346610698
-0.595362214737995	0.496815112565031
0.725723132168433	0.983609224070291
0.867487340054365	0.914624581989312
-0.130614624203159	0.0579986900288968
-0.351074898999785	0.224438392603422
0.218305524811387	0.180021557205845
-0.0365654049694778	0.0290553328153213
-0.456919336427828	0.523785889794289
-0.133198882834935	0.0586156116285867
-0.536809134073092	0.355684153023722
0.141432111121741	0.111399150676676
0.375902126168503	0.359386294960981
-0.538125562212488	0.350173191222704
-0.403189736568641	0.517653549566925
0.148762430459436	0.14561735837018
-0.402897323245801	0.421250644615801
0.323868892321056	0.443096499299605
0.300682530335503	0.412394839627051
-0.0733164080300935	0.118065009549353
0.165712118456914	0.320706973051442
0.10362078005667	0.170464575318883
0.0200180825745203	0.0296066751762263
0.437304216977471	1.14865016219266
0.162704936759424	0.314461447436682
-0.206730319418419	0.418836842668567
-0.292931595198504	0.356671853392933
0.649026297192065	0.855615325058211
-1.78465645045878	0.426908302872845
-0.258312313522159	0.140671679079813
-0.406599071927901	0.248020727558265
0.33744928633596	0.243141123734144
0.499843448928562	0.365406380099375
-0.775917923199743	0.277050784728895
0.0793892992783439	0.0361950292957914
-0.144449850343761	0.0886499826674159
-0.138691103934057	0.125418290884014
0.0487320447846774	0.0703932287510086
0.209126474451136	0.44331606450932
0.372181626553358	0.678069156194094
0.449394622993223	0.612030606675708
0.369469689148222	0.366648360915432
-0.126529532597283	0.201866526300221
-0.206557040882501	0.426731826939826
0.147969501682827	0.286393518410402
0.235641311529062	0.224390053893539
-0.0657748261083894	0.0712103965717826
-0.606665632115543	1.12222152502708
-0.0348305492927062	0.0240531102549173
0.0493818352267134	0.0340276983333324
-0.231196930386807	0.281262968983579
0.0533070750707832	0.0814528435277265
-0.309528137666977	0.392832611333352
0.13084993623671	0.0939568622338512
0.214866051640828	0.166527553526067
0.0159389467791364	0.0212926220405436
0.345219690564702	0.613235845968778
-0.102360014830074	0.0883773188568128
0.113082203349036	0.18206095092597
0.124430564054149	0.223643077201592
0.0409604702041463	0.0547097497291608
0.0873572654566147	0.106332975764231
-0.000632527310927887	0.000472395241666149
0.0269912262512459	0.0438625410729895
-0.243573904035961	0.642869426458232
0.27231639703246	0.715225168851548
-0.2410554360834	0.609232019485441
0.0884546892234035	0.180669590389791
0.133789507410665	0.293765081077221
-0.0000192741313107558	0.0000695148761452497
0.960063292441761	1.03959284047285
0.779183838310684	0.855357844952444
-0.0279710393023629	0.0158539830859117
0.526877592314362	0.480749355371165
0.211761181792287	0.186130514326527
0.040922153884465	0.0353373322448734
0.201186294348097	0.210883094230577
0.579983577394411	0.393310707298677
-0.0748640984294522	0.0384553064764683
-0.0018722973834329	0.00125834065468089
-0.551278730047834	0.289068500317413
-0.0959531527629717	0.0747334781928874
-0.864730517773955	0.802951409134399
-0.489635755279072	0.689100693631206
0.365652562976665	0.454267723491344
0.00545725823131806	0.00377399489655952
0.178915455921952	0.237221820631632
0.0342022246302236	0.0404796834143651
-0.184008142321467	0.13030637057115
0.0414759948750362	0.0499142005006207
-0.104555861331707	0.193865890567617
-0.247980745533189	0.55710120015826
0.300098411175331	0.677323617155915
0.438498236130009	1.25346806033742
0.234017426397988	0.544916840928791
0.189154916233085	0.387459546998513
0.118836714799943	0.229833210451733
-0.269183622393628	0.353291764064516
-0.15232378032485	0.061304659882628
-0.657080349326001	0.696578006058655
-0.211734990476338	0.219685618000165
-0.344117896502891	0.763022770404525
0.13583807378666	0.272320826212267
-0.0263950408670786	0.0340941745468766
0.0139112517492323	0.0143494777606377
0.254261135101979	0.519944752358409
0.26656321341905	0.635445375204595
0.123518232401792	0.23583283589221
0.0490417504954507	0.0858273856788794
0.0240306258875427	0.0264540072872145
-1.07813289945437	0.961880039269525
0.126733266484415	0.0907889551965353
-0.00119800430410237	0.00131604767381984
0.0016669725668338	0.00225008944385428
0.015631069825819	0.0191004813437276
-0.208971019396315	0.408619789211762
-0.0664516773132826	0.0736372431154373
0.730745114610232	0.736936291203143
-0.190683243095804	0.172289025048338
-0.267645298902357	0.41365259273275
0.332073705633897	0.551710917674488
0.0812557162469928	0.141565798014584
-0.0544399935052382	0.0913874239885747
0.158709880473737	0.332973770407314
0.128562336239755	0.190135987591451
0.154057409254896	0.150048514077121
-0.105459137963825	0.17667379498327
0.0517075916141952	0.082544295897299
0.436639763511791	0.966956726050863
-0.178042556751241	0.251254047255207
0.483607526569169	0.705042553988274
0.0958643839693978	0.185823320965052
0.23942974134033	0.588631954755793
0.0527051121786921	0.0974626832900764
0.335387892078424	1.01755570695692
-0.334650307622488	0.98348394187241
0.179570847854778	0.433894032294684
0.406949224935899	0.258284243844733
0.549953419196182	0.564289663798991
0.483011932066951	0.548263867467248
0.301176181417302	0.14586672819322
0.490362577267556	0.672188643452608
-0.611262144841332	0.390156831277408
-0.0646656128143695	0.0331219658299162
0.403611875747824	0.362285595266179
0.23269873471928	0.137126158336252
-0.380257873725356	0.386064007800636
-0.647650385380611	0.480562260309074
-0.0685246304403041	0.0673012206972747
-0.236780645597619	0.242439172577036
-0.513409683194596	0.658075872166287
0.235145145947616	0.312421495218857
0.364826009214463	0.571007620336743
-0.519091621479796	0.486913519256604
-1.00083588862833	0.730048046073876
-0.269686454549721	0.449755254816401
-0.132731841916205	0.265292288463963
-0.166121430248957	0.373947323083172
-0.132621546152004	0.258767048184771
0.179882971813509	0.400193341905984
0.195759815438792	0.447075510855122
-0.169692804299569	0.377861451389632
0.36808629413103	1.05685258423789
0.215540648410767	0.28560598342821
0.210826097273284	0.200610465292562
-0.645076676676141	0.158275506422078
-0.453880480791598	0.307475132914654
-0.225588791921794	0.176026442051638
-0.802493640978848	1.40054667012034
-0.0843969743778282	0.14415433210888
0.159191018984205	0.333436237789267
0.0412900720582968	0.0523493078291012
0.0446148875283436	0.0649388872942375
-0.240205451118823	0.569350874851664
0.183370433390897	0.41137336809728
-0.0904438686119214	0.176576962741784
0.576818476301323	0.555394621930367
-0.283145098587797	0.45043375922667
0.0400051497954307	0.0263135421781931
0.339841968067429	0.495424185033392
0.199766005077396	0.338362627366193
-0.10106220272873	0.181152280369271
0.0181724496350358	0.018332883242307
-0.291957315948599	0.248181792662544
-0.0172171593511098	0.00980712257084204
-0.514876375462872	1.21283071409064
-0.0784578525754475	0.0983953336851447
-0.239528554719255	0.562764872004597
-0.466247005599419	1.42646032869347
-0.612739777683268	2.09141250992987
-0.00402085471108048	0.00523697120674216
0.0260013974650237	0.0248706087886541
-0.00229949230496651	0.00339412508410625
0.272746990172475	0.615634612243067
-0.129296267869258	0.195516209584821
0.314061215193384	0.53590056180733
0.402839325290357	0.512136429775897
0.0766075022169627	0.145911029651697
0.153420928396435	0.324775513380907
0.159634995593008	0.332453649527967
0.455622494561424	1.28670531479417
0.241345777426764	0.546327859063908
0.398998715462518	1.19922549560691
0.5321208595689	0.565580997797434
0.303161747107921	0.352188584235929
-0.56580999699746	0.608223166176151
-0.204018267323726	0.194910879664057
0.872120891581574	0.902588001397644
-0.60597391424832	0.942338133331593
0.446797915932172	0.535457535554353
-0.00695388703253574	0.00835933244156229
-0.15719334938631	0.196421738334895
0.0438618013107634	0.046966176482141
-0.250742396220242	0.416896882472094
-0.396555494109691	0.743683651121336
-0.0633199192310711	0.069863910278484
-0.151676900845009	0.312093721048546
-0.110945792704555	0.207653875165848
0.117002378163417	0.20576991990129
0.347193456792594	0.826104158298327
0.111643335581048	0.202572539655965
-0.0570250147755117	0.0975377080061647
-0.0422957882466524	0.0743042729918318
-0.000838182557167747	0.00124068499522305
0.497279083447745	1.01526802537291
0.0435026188434993	0.0552181895912856
0.0021273389505426	0.00350905179387466
-0.241410889076834	0.549840641266501
0.098250659452374	0.177340247890426
0.11640631586782	0.187266443137499
0.389306836646477	0.997213766092431
0.148260602314442	0.286234411733988
-0.0171884724998363	0.0234324426606849
-0.213437023218313	0.314069834652235
-0.040068572847893	0.0494356598887461
-0.370000878225363	0.706274926703144
0.585272080918021	0.824840277520573
0.390414220908917	0.793108421103212
0.239867652006184	0.3205773725872
0.130199999914687	0.14935389347737
-0.412883651912324	0.985300922753227
0.210993576478291	0.405355668539491
-0.306476536783038	0.785265555340641
-0.304302397631366	0.743745134194995
-0.120285101007359	0.215434597819376
0.010228057169019	0.0151544442043077
0.0558296745866099	0.0706847917936333
0.1196861464333	0.221860267313559
0.15161343170211	0.274706144572352
-0.113614281057944	0.19851258311087
0.264273303567082	0.507874346000346
-0.169121420268469	0.215257750352398
0.676119281273657	1.7215861731087
0.569654339582378	1.42153858314475
0.181705040446545	0.375955672089768
0.165796178142818	0.378164667834165
0.731193757655086	0.420675588444252
0.397081515177442	0.252240749623598
0.460964775760375	0.36456135114605
0.468418764485736	0.16682887057413
-1.2991318463127	1.82484365623193
0.104283963928842	0.0645822427579558
-0.233753127811982	0.242731480037855
-0.521880115049872	0.690183162639543
-0.376363101960131	0.366348075648682
0.239091708264656	0.322805748557109
0.127249735714412	0.148989891258191
0.0220690319431543	0.013888741032938
-0.0888645287659245	0.0426173098263135
-0.0354504596024677	0.0589169092730953
-0.0224638974442375	0.0365381146008462
0.157617432868521	0.307910412531525
-0.400007771433112	1.0389339210205
0.159653784816949	0.315353476970753
0.290908649191227	0.761031899764333
0.0514459285697531	0.0852211778045622
0.0454241428814599	0.0455044575250986
0.39200408189141	0.447209059041499
-0.158791342238037	0.115566336974355
0.214870898980969	0.190571084223594
0.0478893055919222	0.0695971207593349
-0.33333689227116	0.861912074092661
0.292311324904845	0.552387514299348
0.0522761484070174	0.0898164433952766
0.0350900562497075	0.0586476685666402
0.254898846040456	0.34250421448505
0.12264357123806	0.0875944838772322
-0.751725978046992	1.38701406223204
-0.558957622791596	1.00111932806563
0.707102925144749	0.502020601510928
0.328415325860726	0.265475546240773
0.357448144158211	0.432868628932006
-0.639712269322432	0.626669039290184
0.217120887431224	0.180122652780418
-0.417557230934452	0.82200479122036
-0.728743287651182	1.52692178208743
0.19612886805015	0.409798415563556
-0.163020475042352	0.289921590880329
0.0000497293664165575	0.0000844142077663991
0.302263235972326	0.56021996891848
-0.208345822115266	0.216605196331568
0.137873049860539	0.23916712167617
0.121634668786176	0.216502663516207
-0.206187015425714	0.312999489586556
0.00775445566317372	0.00879217350377256
0.55100572219909	0.656730125676174
0.477996817581318	1.06825493206404
0.218374539427942	0.364714048417621
0.328530828420214	0.907072953876547
0.334617489547456	0.907779242618542
0.231606820738363	0.58404408642771
0.238034209904099	0.602149509813983
0.241464051771533	0.681642363344561
0.105928987606279	0.0972100787251377
0.0838934094898634	0.0421651059533709
-0.583766633554906	0.226437544952762
-0.123271276933641	0.0926553850232509
2.06341230752356	0.914450133193088
0.349779425515445	0.362125945260498
-2.5511577613463	3.4905730700777
-0.00166271761219473	0.00150879974397206
-0.0536609609812975	0.0507978391960278
-0.1559458816327	0.127814761457428
-0.468171205177583	0.830513406554543
0.303983314562337	0.45688361605156
-0.763480689696075	0.72840728695589
1.39633013528708	0.84051380744398
-0.0594392793996273	0.0405117373470951
-0.089073164889215	0.11319326544108
-0.0474327482639403	0.0796107420245669
-0.249152978965802	0.580688933274712
-0.0068792998999019	0.0109665309746939
0.204713134699152	0.45316147872957
0.358443853429656	0.943967170848986
0.0905554059136353	0.169987995142531
-0.197153331566387	0.42705089690478
0.418347127886597	0.676623191614451
0.36175292912127	0.437608795996789
-1.78862229588068	0.423952932487382
0.373157912774037	0.25023092716827
-0.611262144841332	0.390156831277408
0.422722981044729	0.36344960516919
-0.00157088903281326	0.000806586297151218
0.295582037333627	0.14183245744202
0.123599959027257	0.242989829969932
0.366768959262431	0.74555198115894
1.24158102858369	1.77870839408795
0.0687503640658509	0.107468860297214
0.174800781460713	0.381119479512586
0.158674053803806	0.330041941922487
-0.0665934079768615	0.0712912758728361
-0.187174749280748	0.269988445589179
0.379349948814738	0.256367892087271
0.079431927595975	0.0643568972496991
0.288507638113611	0.336391067023891
0.318238710499445	0.270891961196295
0.70760990500457	0.726396417619499
-0.753228782619489	2.14800590902299
0.230986981988672	0.364623931884008
-0.206945550609497	0.458840224997338
-0.376538996617818	0.988092473666432
-0.0849347446365759	0.155605748312902
0.324984028383146	0.680149583382035
-0.213552907933245	0.188718371089425
0.282457322992327	0.622954349537931
-0.0770185582556885	0.12731721066409
0.0733602275088875	0.106530636005935
0.0481031476098925	0.0565204238077364
0.478985486164061	0.59663004384029
0.286859381023548	0.818635162366053
-0.494634504487935	1.18070715358378
0.310819177142709	0.596491296643321
0.362977687732154	1.02063957961626
0.2490238219475	0.675719015180933
0.163668917940592	0.169916492053278
-0.859182725376026	0.472409787926791
-0.394884354476451	0.279852726983787
-0.165359411943642	0.0957648586658136
-0.119761157825544	0.0530574922522968
0.157399935757676	0.149976040162649
-0.360130560018806	0.269370520344169
0.163724892105538	0.181337199157588
0.355338967272292	0.444071803722712
-0.261147339994006	0.266519738435857
0.259848962075827	0.368391283379317
0.104903917757903	0.0666631162681412
0.252379737670485	0.138725576928877
-0.169593163566005	0.151819994019757
0.0136689717307138	0.0160979013790037
0.177442350400338	0.357002352993611
-0.399407010855201	1.23946587570151
0.165087557393866	0.344872748326544
0.0374472558303509	0.0647706518973199
0.199928685623118	0.484876768078822
0.113876274616933	0.236881856334423
0.33331466008933	0.901699483623048
-0.299283321054047	0.366437812924828
0.420206036143898	0.528211652221715
0.378114855999019	0.247594252576612
-0.309582504964155	0.155497953403193
0.116520656684304	0.0817668649759512
0.654729899960161	0.619737040566265
-0.0757280355185791	0.0380044681447173
0.350525852602721	0.370284863055999
-0.24652120459433	0.299227579276756
-0.0327871987692372	0.0396011160185315
-0.0288621477293953	0.0164137542597031
0.504005747228537	0.468498093634258
0.0943470082658909	0.107524519228426
1.36264203395368	2.04449584840019
0.415100577079666	0.348444113567288
-0.468685872656698	1.00132070886852
0.177508593874822	0.261622656917486
-0.343572601719575	0.926051252858819
-0.043810212997838	0.0747234898758561
-0.0782970356637775	0.14866052096554
0.160901591016983	0.276501357471547
0.280094164192295	0.296607254607184
0.23085636592506	0.492277505955969
0.314761619409275	0.790206367078596
-0.0436748136161803	0.0602722139407085
0.214173996146341	0.29998505096758
0.257797834132682	0.323486203360736
0.206046710724297	0.462654638798541
0.303818392118638	0.552144903561371
0.0896467063344643	0.124595656782274
0.349746688760674	0.869465427695526
0.155273089150661	0.154261810513695
0.383748089160762	0.449489285790308
-0.309360478280889	0.153896842490547
1.03838615100528	0.733497690719207
0.433214081899086	0.250724697787642
0.0853620792948078	0.0307766534782443
0.10144163327089	0.0581174825184509
0.560187793471817	0.485782460603564
0.638696972899002	0.388749117038502
-0.422476884107122	0.677351870984405
0.236889343700503	0.51979019619684
-0.203362498946956	0.408824339210786
0.156207048599618	0.294528381541228
0.0554988176093124	0.0910637112381652
0.00241151555553818	0.0036596521892396
0.129877317101325	0.257069619497577
0.605776878726249	2.10727727214562
-0.217711346883649	0.240842818908318
0.554834643828382	0.651384845091449
-0.0738908763955227	0.0380772250018831
0.430936182339532	0.255725907256447
0.106946868713832	0.065613075490693
-0.0176840385540587	0.0101769021004769
-1.00816513234476	0.622832413652728
0.237556402328834	0.143611659855878
-0.0000519615877729213	0.000131796475818112
0.562336526780768	0.657493629849998
0.404532024485096	0.451862298184876
0.14330705381633	0.169494292079314
0.830129349884103	0.652212702268889
0.0237843625192974	0.0150132179411483
-0.107217992730961	0.0810959631772219
0.13065144751237	0.175392330134039
-0.25264184443419	0.354684976435682
-0.490873113518079	1.36095214113681
0.0749226059019363	0.12624034912005
0.031039146244552	0.0500076854517754
-0.281479671510979	0.44932790795724
-0.33851451436694	0.327600263571702
0.112137930464964	0.175378226092702
-0.367234311340924	0.828336314861063
0.0726825780247839	0.0944147147014973
0.0574079271971474	0.0678536898713509
0.0534108306840761	0.0482441982276394
0.262299869030881	0.48601250020735
0.100980112943988	0.182458000903756
0.378125118379054	1.2460894205335
0.171992250437824	0.398620231373714
0.402571259079775	1.33163349062116
0.0315393787354341	0.0298375971631703
0.331272394514507	0.146068250557128
0.52904793332382	0.365877154372075
0.537275899300296	0.270322574959398
0.292338180451236	0.427855715802329
0.376249090113909	0.256289449519479
0.089093141007329	0.0410591615158994
0.230481311862886	0.164243483926719
-0.312308284036135	0.444626598658893
-0.0822264341446593	0.158168968020045
-0.143922235706647	0.297675997865235
0.155957276045244	0.284272222107348
0.130090696215135	0.243686356695499
0.0215378139787384	0.0340663072428455
-0.440208084220009	1.33608635811231
-0.0233842307318613	0.0390225661462755
0.0768636143704068	0.0872764468285723
1.01624316137481	1.43625717375432
0.628072039901837	0.199114579100589
-0.0492486429886465	0.0267580109743344
-0.128073180334121	0.0818741782280051
0.0143313090380604	0.00854343357934058
0.0806386684768519	0.0371628455146171
0.0851410323996327	0.0313210739567011
0.151212588931717	0.147374532989828
-0.00630967162350393	0.00844854514531029
0.109108776318003	0.210947027767512
0.0758591887436344	0.111875356328236
0.0277067587895921	0.0284957007340206
-0.0608208088331257	0.0487783151834525
0.118327701321759	0.174995883346714
-0.0609843713562327	0.0411891260315768
0.0554344906406092	0.0517557766836083
-0.182168618528925	0.22686143094867
-0.0505443233122156	0.0269308047416634
0.553078513777277	0.487879533308945
0.307293273562878	0.358574158710168
0.142451434827824	0.126069516196999
-0.097050920369001	0.0727531931479998
0.510312516425081	0.560817307512162
0.00170073983044239	0.00215516508288241
-0.276787370862994	0.415999274096828
-0.323639610191126	0.786831931796901
-0.406337833595877	1.09277043569508
-0.115400047256234	0.217356284651879
0.225088848882201	0.372214980617654
-0.539767304615919	0.680659460172543
0.10767150641382	0.182068476326783
0.00140360849324647	0.00199651962233784
0.359874726591832	0.695394273961611
-0.000158299165816114	0.000227761729204421
-0.0736786466534216	0.0652756757781006
2.34526542623198	1.91856930039903
0.0826165165210973	0.0310991066676256
0.0326008525035112	0.0374520546823581
-0.00880377630625722	0.00962233437748456
-0.0380657568903086	0.0202969644208149
-0.313179899455662	0.235855286542484
-0.104830997481954	0.145507150151223
-0.212306522357511	0.494740717184712
-0.088388009391679	0.169339482201805
-0.127195583311157	0.240624472251319
-0.0523735417822566	0.0831391547724574
-0.120893841822545	0.242088771101786
-0.295094797691267	0.745059221295866
-0.112752346856358	0.232923780190498
0.094446748783503	0.106284213995601
0.159472518172586	0.171429149438895
0.292693829790815	0.140887961519337
1.80817181719704	1.86141600456308
0.223656163725469	0.168152494812379
-0.470253536156392	0.325816924993909
-0.123867338960219	0.105344180899894
-0.355468726603112	0.850452911592251
-0.0215640754814088	0.0344170782467265
0.316196577465661	0.642606049832233
-0.115382768637197	0.115859858919792
-0.484863460685878	0.622144790606649
-0.390598429660293	0.916380880667251
-0.00075720722483278	0.00129944086597226
0.132304547078015	0.257791688801776
0.09748363164993	0.059946849505151
0.317730930085448	0.248572906003057
0.203165616800651	0.240954747579342
1.32512899744627	1.79094150180286
0.094625790244976	0.0840794611464549
-0.15425963512777	0.225063951796403
0.0824832808859783	0.106149278537258
-0.770178320684774	2.80900179430577
-0.498035042261183	1.43427077973946
0.0231716386398964	0.03496842626094
-0.0344507396595884	0.0444713968701235
0.665045803020163	0.857040713310781
-0.0676544156442014	0.102244696602215
0.106654327986763	0.18890969676979
0.1286130054284	0.170267012254641
0.0526590457982042	0.0627820661896989
-0.468274681554845	0.563514857807793
0.151411046612219	0.212763305429938
-0.0859418434325496	0.110225178568496
-0.257335225123446	0.547807525133564
0.0993205561916837	0.170515668908719
0.255358129656589	0.512348851639006
0.162697916500557	0.289906468593894
-0.321199432496828	0.756451533843069
0.0254859466072004	0.0369454351194251
-0.214350221114917	0.455245317040693
-0.250621643701995	0.612827451329207
0.263707234841194	0.438260049954032
0.0231516094424428	0.0204848209249438
-0.000960832710692045	0.0010330607609127
0.00780639240378424	0.00767800184795486
-0.00575124910047863	0.00772488186540023
0.0271069566606502	0.0458636938682997
-0.129762533080439	0.228853559331426
0.00864113109708953	0.0133558789466192
-0.00489657386486177	0.00689876768724886
0.099334495216305	0.179597356203815
0.0721172456302198	0.127700666144726
0.0472919267516137	0.070920324307906
-0.296143236446472	0.558601788872994
-0.112951161229865	0.157772939438068
0.474538652142565	0.784340879098786
-0.0669242821885935	0.0767941105061383
-0.177119496408756	0.333857571146374
0.0418677849723595	0.0562493335151586
0.0134398912925829	0.0195819795859898
0.400275159549477	0.746974043602273
0.272448245831965	0.504151641744738
-0.74777945564896	2.51247101510943
-0.63117621904788	2.25624099870906
-0.304480835793708	0.672344322554953
-0.0858712980988269	0.122411857194737
-0.17287034175491	0.307378310240743
0.377914469962284	1.03546120155981
0.172814602711237	0.327593778292226
0.191251317925061	0.372907279062248
-0.568341440833178	1.55012458762382
0.181773202742653	0.3474810341754
-0.119094198698447	0.180189975589838
0.0657823717227006	0.0833484868528481
-0.0606273925464369	0.10874361963247
-0.12960627585023	0.268774776618907
0.0753334215636252	0.129007028313625
-0.178506697179009	0.390057765146993
-0.29732853913021	0.747243601248242
-0.243327962322725	0.567574253392557
-0.261743644197217	0.656504622320615
0.173331409167252	0.22471629165242
0.737742433008804	1.32014322235382
0.0905674767290093	0.0446702949533358
0.0928300265968832	0.0532899282975648
-0.699803828979524	0.687604504342736
-1.11606730899907	0.89865877380911
-0.127159452588287	0.0808966639131584
0.0544246580986622	0.03983816912286
-0.636822556403176	1.03549474985623
0.090012953019784	0.153918086404964
-0.123379271796959	0.248808638936908
0.158330088925809	0.276716799197787
0.152803385327775	0.181607180549068
-0.376145069620672	0.419947293846608
-0.0217927930769299	0.0322632870494833
0.109160220073568	0.198886621481583
0.154137399040437	0.323072806451603
-0.0572553849981155	0.0783007797202877
-0.0407714882843008	0.0441400921085039
-0.0699984732027506	0.0472295910829823
-0.203917696345002	0.23934818648424
0.131153277312282	0.154937625581877
-1.41633070211379	1.17306016455061
0.0411967899807399	0.0286153661048525
-0.0108643155444652	0.0110440288157778
0.156573141917447	0.159290204148767
1.11386335661862	1.58909325588461
0.699280576382505	0.722294478243775
0.146178866540165	0.199601617305886
-0.603063288186777	1.23061455599801
-0.321400730326358	0.862590566796506
-0.319739523884343	0.834853513580361
-0.0679206646221366	0.11022242053215
0.274322224514806	0.489911140767526
0.218244916358551	0.217712452515608
-0.360268408132532	0.795872923182139
0.193434229545119	0.39393349565021
0.470383978182361	0.974411511803178
0.215960300902918	0.320784444851523
0.125751648412538	0.136918097037488
-0.273193717786417	0.500095246216386
-0.369603117097381	1.11972932434132
0.175901035887626	0.390582096201249
-0.0470185113401415	0.0779499822288627
0.135029349102905	0.277890017774731
0.242730602199351	0.608376096128963
-0.0925564062315314	0.182751050627498
-0.0754292160584563	0.152136959393743
-0.139395707146968	0.216001959423724
0.263905225458322	0.318681111909842
-0.0683707860773933	0.0454071101597695
0.685213571007931	0.892820069001957
-0.207321109473632	0.275926946674358
-0.0657429803904055	0.110818336055831
-0.0705554214993116	0.13072655378063
0.291398198636237	0.663845072382368
0.319024506775361	0.534596450834707
0.184257322152047	0.227233536631521
0.00682516068815952	0.0104849488999926
-0.155106924733695	0.336787079365786
-0.282662191583282	0.685433837470619
-0.137885646447763	0.253376783660598
0.541617892185433	0.732086661444329
-0.155199791194643	0.167582600931136
0.163954697930354	0.238593779369186
0.314688569259632	0.246155656690568
-0.267975895990727	0.231893316995391
-0.0754793251042618	0.0894286435036054
-0.0283800999239004	0.0438789247335651
0.146765222829828	0.169828480658834
-0.506895730639865	0.516106835760019
0.597005755238174	0.829666207722248
-0.36201463601649	0.75404315982691
-0.0822421591455164	0.120553171694826
-0.35508274811039	0.953101709143251
-0.379904810364664	1.07790361050531
-0.347235653451395	0.984980305954934
-0.322160916870461	0.741522477663534
0.25950012596525	0.335317629904187
0.198362867342479	0.385652459686385
0.197950886884766	0.434691577080811
0.190669230687882	0.347276789000662
0.209063421853099	0.340654863767747
0.120108016381715	0.146899371884052
-0.0295532385774507	0.0489305132870507
-0.0307842231240297	0.0444381587781136
0.122815823228328	0.182756685152615
-0.0384289128120098	0.0478634171788712
-0.0592390103854082	0.0850591223922052
0.147859865672841	0.23145557098333
-0.314494537057333	0.579489669997455
-0.17994736599949	0.316986024816518
0.177827690225326	0.407104542066577
0.186681728918937	0.332689064792991
-0.112269538037966	0.11440939225821
-0.213697160179381	0.253501505890264
0.33757910415794	0.663811464310895
-0.118026251396391	0.222679720390026
-0.100254386350488	0.187835920227085
0.043995217845089	0.0640567039378424
-0.0957935478300753	0.190296478787111
0.0886082362487279	0.161423134946668
-0.157307361897356	0.344130174473889
0.234398178376379	0.565999966344858
-0.17407239729477	0.275143051283147
-0.0266859824244343	0.0356174104278136
-0.212449767546073	0.337156002477827
0.107605915199416	0.15496086229068
0.155036311659621	0.336182856133159
-0.0636085760302351	0.0866195809945066
0.0605097256863359	0.0989361094527967
0.0381417062482442	0.0551353417423107
-0.0471893110081559	0.0729914395381875
-0.32797988902161	0.718985881803924
0.154083103597766	0.226125694987295
0.125993405226395	0.172395416861538
-0.128329984779877	0.214272541420921
0.100107624460482	0.135330104990274
-0.12296823182642	0.210984328482033
0.163226245739963	0.301689250824493
-0.185773748181054	0.307524537838321
0.0946308444389309	0.155354442514177
-0.0655544683418813	0.111869653248755
-0.033334944876276	0.0529130456488309
-0.446318122081798	0.933536103375511
0.550028577414169	1.23983330639264
-0.150424044460596	0.228296566155672
-0.0689735858570651	0.121530162097809
0.123315321687189	0.235300857804033
0.520295883202744	1.5225904180494
0.268821360666076	0.429626855736179
0.0134733030991482	0.0188416320949901
0.472765465742517	1.11886629435107
-0.437855197355621	0.832499753506962
-0.104308515479906	0.21237525071951
-0.344625620023831	1.23883936517458
-0.163293628028792	0.36219933673003
-0.415806542120228	0.513115130039898
0.035055987103122	0.030422513036549
-0.208655647657224	0.202310770739265
0.338979559991342	0.358294510778805
-0.110765277998109	0.103355008177915
-0.414907531401095	0.482225393812307
-0.135386048070187	0.142870108653293
-0.252928412563041	0.723546256839666
-0.41398768711194	1.14545538209441
-1.24363048277747	0.647497781547309
-0.0348489741761047	0.0467280999295497
-0.0158192329692041	0.0268701743286457
-0.256638479893176	0.561326097364127
-0.0021547534528273	0.00339999516065971
-0.0385397743142146	0.0679612785456031
0.118684260626653	0.222928203136292
-0.4269885982346	1.30231454098866
-0.0205002478623019	0.0368151355513511
0.0709935470348037	0.103190762641691
0.00458456220722682	0.00378656773689844
0.117327535355283	0.23146484467156
-0.0842659939408446	0.167308641552419
-0.19800694334838	0.65736954009776
-0.148174618104639	0.274102947338006
0.273658832871918	0.264186592675902
-0.105094370922005	0.105630409375382
-0.51154862843832	0.65681751654141
-0.645815515448004	0.847009367018864
-0.17809475463525	0.432328761731605
0.458718016522728	0.692687195703004
-0.141197959001747	0.293448352723714
0.087918865067648	0.192459324723408
-0.220122025873528	0.44719984215032
0.231664395645079	0.411827428698819
0.0074553114556327	0.0127156986959254
-0.211209377586327	0.479727038189172
-0.246086825014923	0.541956326048302
-0.293874458127152	0.293782517670353
-0.0691925941559765	0.0736542189342
0.0157213145053269	0.0298654792407666
0.0402171553753046	0.0818738060702754
0.0357460729801258	0.0581363878671781
0.0285448260604707	0.0265644950498008
0.0378254992963958	0.0314449075623678
-0.555972001076021	0.719263493218308
0.0422962912325368	0.0690647617802342
-0.308594914718586	0.981933448338354
0.245125876837581	0.374837684597231
-0.365735775754038	0.410990713278414
0.424787953549244	0.812703983945463
0.0916086085711531	0.11861088043274
-0.392045438812177	0.743036876819042
-0.447867862550349	1.68694290919061
-0.30746693295312	1.08617065444542
-0.302003173345083	0.740504665978369
-0.441824755749256	0.508701407760965
0.33407199905245	0.378710890211162
0.55807252596238	0.659262467529598
0.319188850504632	0.360827710367746
0.0442490848928953	0.0371976662066824
0.40594550891082	0.439240026767621
-0.401932078136847	0.503736314864345
0.00361278552668395	0.00614921357459308
-0.460365534270128	1.59266938196119
-0.313418962433771	0.159594658476809
-0.144118577382319	0.251797847291868
-0.0254643080963246	0.0493646431767406
-0.0721107687225312	0.144334798553417
-0.213125163427576	0.555917236213311
0.0649334265691623	0.133929216565424
0.151419259313985	0.324937174793629
-0.323555758429813	0.883308994183332
0.0878694840448432	0.180940615839661
0.162797999165588	0.251564789740581
0.218712860304866	0.200780632891149
0.235055682181595	0.468398123995551
-0.257467183497414	0.709177042601801
-0.146782132726602	0.443765463699246
0.252258453075574	0.486834985550493
-0.0953064320195467	0.0898867624658219
0.895609523886233	1.53728971416465
-0.0898377645359829	0.0790138367351505
0.474292338670402	0.524393618926537
0.0798129215239314	0.145320007992011
-0.029150210121047	0.0267673180009615
-0.355699885543936	1.0468039723849
-0.121969239508043	0.281616447652912
-0.220888421846454	0.451472652219361
0.272803961198575	0.538087850148604
-0.0746058560229182	0.153522122969478
-0.178178118513986	0.421129484333327
-0.201556597143431	0.426344111935296
-0.0354491309200193	0.0291886169958249
0.196105901501255	0.325214798775838
-0.0805062409004357	0.128179028733712
0.136816549178241	0.153155853882783
-0.165683825061547	0.166159021215547
0.658936917990623	0.682299365376366
-0.0281374168137683	0.0452874866173164
0.289826116202186	0.871212503599442
0.478799870807661	0.693472769740484
0.0864241610713005	0.0694014595907821
0.399366561509118	0.628346743838713
0.0385433645553452	0.0418100706093752
-0.230494434527676	0.283681584188796
-0.314222399180867	1.18365370588542
-0.379507303299181	1.24833133204894
-0.228818662721554	0.308424736658679
0.253609606305922	0.317361779832407
0.584117260059084	0.7863890693637
0.613852630857729	0.973975468344545
0.399677005995237	0.580739583002746
-0.201143789253055	0.223159814919305
-0.0601195349726635	0.0670975892953424
-0.17580423178709	0.496283049690302
-0.182920622770398	0.430149087347361
-0.127634384835883	0.0562634183659519
0.0696940694555702	0.111424766468183
-0.00181433739296804	0.00320480627898644
-0.0440703252930041	0.077684574017193
-0.117331935223957	0.253433300849469
-0.163061457353665	0.36300728336247
0.00453790971595261	0.00736165112376581
0.012889892519661	0.023014920259913
-0.0600161885823092	0.128596865947933
0.160919760456756	0.316443198115848
0.0257358236403102	0.0246477022227751
-0.137925728794667	0.315827448093875
0.0514904528459805	0.105791239870983
-0.269902101610686	1.15797015387455
0.234659575612445	0.558630653255094
0.377607922393901	0.521861755001628
0.100100185840219	0.118457582206334
-1.25167126665592	2.19585269002978
-0.480666824134046	0.735849687252573
-0.270615904841455	0.880092912153434
0.120956816543295	0.149751515184983
-0.00926372566430566	0.0166074190793664
-0.431362582140862	1.68237392346679
-0.176416270756706	0.384135261435473
-0.176427407205825	0.32023667597046
-0.269709731835005	0.7733978462787
-0.241698214339287	0.680214917557312
-0.232741329385064	0.597464773124023
0.252353009849691	0.321590685089553
0.211494814902868	0.416459598472752
-0.348196905311508	0.95929034878108
-0.0328477133196793	0.0305116401744002
-0.0293694722035965	0.0556297605587116
0.0388691093568039	0.042620975442617
0.00890897735322238	0.00787873082708137
-0.175157581274204	0.394983470347988
-0.0947923529489842	0.244773752589586
-0.112545105039998	0.154183444635445
-0.0842735718048552	0.0872263749683569
0.304629556546419	0.626849995014911
0.251003867947853	0.459724079300996
0.127506923058073	0.188074100276803
-0.473405200452116	1.27445232520995
0.122556321348735	0.245698415794166
-0.0172245206781347	0.0273470569312277
0.0966244212016994	0.176364442034256
-0.159284133767635	0.313541612388556
0.355135339272109	0.904695726148002
-0.102729009725388	0.181443729216679
0.0718399809071412	0.129025373220264
0.158410582166748	0.262071131610941
0.0387633623190658	0.0422503505817977
-0.0918798356498188	0.0603602162350539
-0.256776140190491	0.235024761569316
0.0333137484245957	0.0222301567139926
-0.0763303777393865	0.102281278454691
-0.0106956864177109	0.0164510989728716
-0.0777287917470617	0.141289176429926
-0.10921525571358	0.199118284674634
-0.468374274405098	0.965113743852714
0.10023060177964	0.116336151707465
-0.124788415078675	0.236452658132034
-0.0723760579058243	0.124557156654038
0.231993078119746	0.552086114767179
-0.188441147076042	0.404572643291588
-0.0264082283545645	0.041824471892289
-0.1780247363511	0.354682627935292
-0.639321908779495	1.70813303301176
-0.0547625380464265	0.0685030771839091
-0.455858457627945	0.664011797071345
-0.602562112528858	1.17346819342316
-0.215338383776627	0.36832854228878
0.127217196856143	0.0941155672900852
-0.244798099306557	0.264147120734154
0.0664641287461984	0.0837248068484585
-0.104450030271236	0.182211066078906
-0.15703161724332	0.310093648582153
0.211187301452232	0.32582639233795
0.165240467071432	0.189003980310139
0.112153426360824	0.198498311907252
-0.160147554962568	0.234446945503431
-0.147952805133961	0.276646159541209
0.116017235566016	0.2083233383022
0.180728792197037	0.329097892598332
0.219913441104806	0.398900130036516
0.101224976964931	0.117763465545015
-0.0386639180852665	0.0470845817470807
0.00563144720498718	0.00914306537546925
-0.100226310532439	0.190876405561942
-0.0525186379943129	0.094202557433054
0.0531038543107694	0.0979281049160552
0.213849967428597	0.50704121564065
0.17846365878295	0.392227724285922
0.170865030067272	0.377948463430952
-0.397996682501482	0.657714343225835
0.0827915432338051	0.0405430508031336
-0.049863651849923	0.0270419694240263
-0.331810639529937	0.377250436858838
0.153217596503303	0.286173773218291
0.246187256945084	0.595730814104567
-0.0636668896082774	0.0882864094171584
-0.356045172844363	0.485020778001151
-0.311016761279162	0.371360902570653
0.0630029093641568	0.0996262164230797
0.0233211601156932	0.0396958137312556
-0.106754854116904	0.2084604669146
-0.154453679183293	0.338823865497424
0.171844345706361	0.335380660503422
-0.273190578509856	0.51161556901054
-0.194630613427292	0.333878281678727
0.0260522575000044	0.0287423863664248
0.0699710497323837	0.0516095461870749
-0.385760651900477	0.638323757676462
-0.332077816178369	0.566454045926416
0.652294568506237	0.621955145511995
0.218408018600765	0.373299602312602
0.142318193341328	0.169418630937572
-0.522449460487433	0.552825820489765
0.743875419389136	1.11914142208739
-0.0451619928187693	0.0795930676694964
0.125738082112564	0.214976466447863
-0.658156467420723	1.01354095611777
0.368184618787915	0.945199511418343
0.230147488606844	0.544986819363249
-0.0796898776329732	0.12404564041484
0.201350656712851	0.332782327945394
-0.079225146702314	0.0838593661484929
-0.112549296540909	0.165462375520551
0.188875322229784	0.447724285556516
-0.0770254910844013	0.152968166991608
0.30285596309032	0.858925803387025
-0.0508425290240719	0.0930234030930709
0.0549792129160829	0.100569188038899
0.36908666201399	1.2105216536904
-0.0356113104344957	0.0642477475172214
-0.0956790773414029	0.110069625740581
-1.11403154158016	0.895295227914519
0.0507822477071357	0.0344360141147472
-0.0951592208703338	0.0459916454714975
-0.0229272672197291	0.0159762016675179
0.256571138888345	0.327632244825448
-0.129285639129993	0.241137656333282
-0.136617206739134	0.297309607993321
0.451786110399344	1.06637992912063
-0.337758741209927	0.5013302707385
-0.0282027315536317	0.0232517502353677
-0.079371963194151	0.135013460063926
0.202636466465909	0.48594799180326
0.165815062505497	0.386851448430695
-0.039869533663534	0.0713468350330878
0.0787327482421122	0.133429640165421
0.139026995785819	0.111972092932342
-0.298975619825382	0.410609027739228
0.030348370561682	0.0385100931978955
0.214056210221727	0.164779719259992
0.031835166019475	0.0254003930522091
-0.0462980555768448	0.0518232154639472
-0.0159073690745777	0.0255674567842555
0.966923934056617	1.3578841895697
0.181242947398104	0.422911332746636
0.0135041935637084	0.0233175956784389
0.0513989975996899	0.0799613651650252
-0.417744352153413	0.544703156504067
-0.0878330514069746	0.156773076885724
0.150208720775181	0.296769903624044
0.373696622528182	0.882152511985171
0.43437418205695	1.02856065082056
0.389029737190283	0.566627465051568
0.101949698260227	0.131494203882537
-0.0972374378144531	0.20228212318969
-0.131389072129876	0.285398523085394
0.306645203322072	0.821542983021953
-0.153984417334752	0.352566659413557
0.151374411790479	0.308189124994462
0.112022960653551	0.229989380870472
0.137675557432121	0.306203905512329
0.107894012806725	0.137464246013115
-0.583008122490192	0.573303752643484
-0.445690004590861	0.352477817493326
-0.184921823556992	0.165630076901676
1.19598355747902	2.76676725615703
0.0495498927130432	0.0791751274376007
0.116468936421211	0.244795605888752
0.0960441853739818	0.148027863641628
0.121233934246014	0.143097100583793
0.288051642337239	0.357149606139503
0.336839110389423	0.836572362494617
-0.0314147012814301	0.0554615101018465
-0.0379249432969087	0.0690938802175568
0.00687756252706539	0.0117702346808023
0.117200799487765	0.221859425169286
0.24171171846638	0.432997686671608
0.217467276019448	0.18154225460371
0.36605895828274	0.532826537046225
0.161087301413588	0.230194715684142
0.227500214389641	0.152301718854091
0.41277513498451	0.452188224798926
0.571396610845815	0.660694723539725
0.216891531645559	0.521535812075094
0.0925741709936948	0.178617327100563
-0.0660362204719018	0.0960326289729186
-0.698180814954535	1.20875390715958
0.0859868363522762	0.157302048446255
0.0431515152051678	0.0732720520780279
-0.0634000647734422	0.0981316831228953
0.21823295664588	0.328716808814063
-0.459500299538287	0.654130123085314
0.5827509801535	0.884960708233798
0.264226289252128	0.642992629669345
0.038103159418887	0.0664403236258023
0.0547412911063894	0.103050200843876
0.233785350815962	0.559257475341506
0.113345233472383	0.224579453504656
0.124407510131125	0.250437472533953
-0.195763429058329	0.431909688653326
0.018342315080352	0.019792045738645
0.380246930352226	0.350303874068422
0.0261744668375368	0.0244687161829448
-0.140295654500134	0.234979310697157
0.145148463229503	0.289644417773683
0.0795919919764556	0.116976698713149
-0.00571730530918998	0.00535030250480929
-0.105504797066728	0.100537799970244
-0.00093981921454398	0.0014126998327478
0.383412611301078	1.10288865049648
0.0780654275162087	0.156978021242276
-0.0629634995153261	0.112046819519255
-0.442293183488262	1.13925957980736
-0.0128938228207603	0.0153492305651205
0.238373898715051	0.166974627821635
0.0852527785191456	0.127537945953915
0.013366364734425	0.0120300600423194
-0.0807981019885735	0.142406439183281
0.192102136629117	0.406952932873955
0.537651551589344	1.39295363255699
-0.325081887766172	0.600137023902348
0.634758983665131	1.12997662165723
0.0148152736188755	0.0120325685073115
0.00240217835093763	0.00150853010689818
0.0406708803894891	0.0265230869764372
0.048009189478195	0.0348448506587256
0.239551409278287	0.369242465075356
-0.100540936757223	0.184040991902038
0.175822341825602	0.387259061081833
0.238860871983385	0.485473049661331
0.0872146069621627	0.162093805739919
-0.0475548984531776	0.0806505396311142
0.376192337445796	1.04504604329093
-0.101379247840424	0.200511161480186
-0.0352368876967488	0.0360570262891033
0.101662363616064	0.101287093557827
-3.08782969879047	0.976025687118183
-0.548563853509319	0.810671858967029
-0.0589189801426692	0.0896011757415631
0.0162516193300143	0.0261776251956524
0.0712141395136065	0.0977105173506669
-0.192571021149908	0.240900107897094
-0.164420139423707	0.148376135232136
-0.091879722600121	0.141364504056275
0.354749792692887	1.03674397884588
0.314407641628878	0.86546513322643
-0.322815901075075	0.86948962683324
0.102334929613076	0.177898480939691
0.840072139904058	0.684366359258926
0.518247729872844	0.549751805163727
0.0531500410175435	0.0855191357963504
0.424384455934561	1.14012919500414
0.294433145323549	0.565127244042301
0.126855168990325	0.155263609349709
0.00102994534407587	0.000866686445843755
0.0563272430806849	0.0725639003692437
-0.0868120302313223	0.158303775821941
0.0250557739796368	0.044251753946796
0.00955055071177868	0.0155574563708751
0.110100757295192	0.221448735519563
-0.205764120203117	0.477508618339489
0.0784655158463452	0.149248887313794
0.0157302169620045	0.0270915399279128
-0.031293503564968	0.0332954383819731
0.507351114808447	0.682934109416546
-0.0692475178201358	0.109696641164119
-0.090629540844441	0.185991442112487
0.168748836247675	0.291489924843573
0.202669026677888	0.253247554484004
0.210477442812021	0.195581257822782
0.0575256694012247	0.0942703059961395
0.262207844915801	0.670994843919862
0.347979434883732	1.06277485958099
0.295417719503367	0.744531778232543
-0.180659383017241	0.355209870219793
0.461822911658341	0.541489655998029
0.432773788677235	0.584256973155904
0.0845635876064048	0.141339575700321
0.359272338350802	0.999676492767491
0.20677866049118	0.35778508154942
-0.45946109495916	0.970803236185901
0.156772154688916	0.183238230207527
0.163276427699961	0.144622183485671
-0.101985005709875	0.136375238885607
-0.189581831629781	0.406462421698917
0.256993327090722	0.654485754122477
0.246221209415254	0.599815895473669
0.102064234062202	0.205645561683506
0.0829226883490068	0.160095269599577
0.116478205569843	0.232858141697635
0.146792023196554	0.318375611077795
0.20057306902012	0.262256706082095
0.458836115927912	0.634063795455738
-0.0338535782840238	0.030767581142154
-0.416094744214988	1.03073711468538
-0.248037761649739	0.636973594056728
0.130517785792323	0.212665803548973
-0.102761756757716	0.10962461585552
0.15911174809282	0.152928650028099
0.321591697994115	0.694164950790043
-0.238531892400181	0.589705395476871
-0.153876137491398	0.337943120592647
0.0419908345118556	0.0732532573960974
-0.0113482679429671	0.0168647413756893
0.191193875085925	0.392851411559421
0.0545612473174708	0.0775638536223777
-0.215642051933505	0.304984652635067
0.0296906896083869	0.0289030205202298
-0.202757681748138	0.267158919552042
-0.30657440215969	0.439843430883281
0.12039303186568	0.169397781121711
-0.288854203571626	0.653522810154738
0.123021360300644	0.228388386294263
0.218465094702883	0.434636238232258
0.139609151877893	0.240486969221014
0.231282802759586	0.511898955506822
-0.151968391964067	0.291585841132445
-0.0195625765318179	0.0308208818316118
-0.344104821736641	0.589521975576459
0.257376933377237	0.310293898138221
-1.78463242356912	0.426932892345841
0.418562116709677	0.955473451082784
-0.23852127748648	0.48923851167634
0.496204046775349	1.05132760721135
-0.0238448053444665	0.0221972885369166
-0.505119842554175	0.611131200845204
0.213340763237167	0.370454158545776
-0.160195376391221	0.301230265263348
-0.399910737035439	1.08062010373163
0.00489743780337781	0.00786755783386217
0.0628908339014158	0.0977859460143516
0.0927594033899765	0.135210900544126
-0.0901695318910452	0.111426437287369
0.117862523301395	0.124038062178566
-0.290667943733305	0.420491479030021
-0.214468753891171	0.387841166654338
0.308016149577719	0.487489048638552
-0.42631185529459	0.8481050762326
0.264335901255639	0.565695766020436
0.0609013164116452	0.108289338185884
0.164191924465015	0.27721096076646
0.260566535093482	0.443307429313621
-0.323150566185905	0.579769172870642
0.156689135993524	0.209116578691554
0.0566041174945264	0.0733531932984506
0.027047310244544	0.0334655457551732
-0.201649520530239	0.33905350865669
-0.222116353959737	0.518560171211209
0.0726940095463281	0.110009179918508
-0.207057209052359	0.395505030294426
-0.14828841358797	0.27724497566913
0.322582848470971	0.571668895553806
-0.090950373069508	0.145496759265425
0.0550427751016154	0.0874023557982474
-0.17259662852371	0.358262490769607
0.0791113761393448	0.14817981673129
0.446542728563068	1.01245845445953
0.16886096319725	0.281076595494267
0.289541122720854	0.501592125649664
0.365984888645929	0.674787013391664
0.117927098717514	0.182828810626767
0.222592992576655	0.366254415795063
-0.254682551399194	0.392411853390452
-0.381973144018281	0.527074316548471
-0.641032596066364	1.01467325873553
-0.161776549172896	0.20989146974117
-0.158944667139257	0.187587694986206
-0.0737797188396085	0.107231151473209
-0.462214524610538	0.771685372079144
-0.0365685003393289	0.0454864789150785
0.209329388518667	0.386634910140559
-0.0137699056732094	0.0228547292289842
0.110216380188805	0.164846651175302
-0.037917720249492	0.0462083965344737
0.196898793361444	0.287225355891996
-0.246187427596926	0.389510876913557
-0.212658186254737	0.313467561121479
-0.332255811931466	0.58387500844662
0.25526243753773	0.457099350422485
-0.190229856934314	0.460192560431153
0.19144279424324	0.353439067940064
-0.279743359460696	0.0940336678029703
-0.338665466467729	0.404522005760082
-0.361428115542873	0.980467938788891
0.0998158323985895	0.163412676838729
-0.116968879733285	0.164297981543503
-0.3107561001397	0.728860273756701
0.122533735679333	0.204430820257474
-0.0293779907191311	0.0488252850661839
-0.0662714597529941	0.118444173057203
0.00431175408187188	0.00527310960983689
0.232848392089495	0.375848164693079
0.303211573550626	0.777147735794104
0.119731285809596	0.188207518978139
0.206433449808942	0.306808339579045
0.196550116043809	0.344168370449794
0.0480667527912518	0.0643471950452564
-0.30417843842629	0.515001519216964
0.285422035754733	0.277095640366191
-0.672027185782499	0.537708001265508
-0.261307780282231	0.377301756288624
-0.264343214301712	0.386853056140147
-0.0566345203400904	0.0561889677868659
-0.0879695012158448	0.123413319354331
0.0637670824598808	0.0871693152872239
-0.154843621131262	0.306701861915126
-0.296333936603004	0.700402381799905
-0.206005828562644	0.431181368010963
0.0392359901613405	0.0607307029347152
0.0690074722148862	0.113965070981262
-0.12133868459925	0.212838957522747
0.393104230761961	1.17315965419015
-0.0868792830756012	0.114961064435552
0.344127803974691	0.517818945012389
-0.119905561289909	0.143498894874754
-0.420344575578188	1.08257380883423
-0.331562532019183	0.791133588784096
0.0192403266436549	0.0264328580823354
-0.0753882124041525	0.0947002325420899
0.2068553479217	0.254111619258955
0.367843883139368	0.935653780373789
0.0050855409192707	0.00759105635468495
0.459126083231773	1.28033910075023
0.189499585268843	0.355407844186354
0.382746827143809	0.958139098722398
0.524485619998896	1.32477548386654
0.261259911915701	0.40934619231385
0.0674065879904913	0.110385704816869
0.245285840882328	0.499570052400746
0.0880922953123483	0.1297270206856
-0.253040589088845	0.400956635538782
-0.30969665554826	0.384569410669462
-0.497882969720601	0.569918091995073
-1.16866919509852	1.87611906266131
-0.451598329008528	0.861082245411718
0.283378601400229	0.460836490303077
-0.363542809930452	0.323200053702074
-0.229666009105608	0.36926399555297
0.0933756252168459	0.169339832852793
0.177431819682754	0.362009575045117
-0.0365515475299662	0.0581646491558355
0.0284710620373828	0.0467001803042962
-0.102238549207775	0.189932028370831
0.342630726920443	0.913488345202259
0.142068231796202	0.279908490263148
0.50443312291399	0.86182623198102
0.711207979351763	1.17626314587931
-0.206696401201512	0.377889700416696
-0.0297119758254493	0.0452712871151483
0.192490020399768	0.301854630880808
0.147007305265905	0.178006943113652
0.278988546272776	0.276926744073828
0.0139836944885364	0.0179800011894036
-0.00657470473048698	0.0101236826466966
-0.251219005032764	0.530175132570046
0.374980258951251	0.981175561910354
0.17667989891109	0.323570740866531
0.243411416906358	0.337067266625889
0.376676370464395	0.698360369875646
0.316157986257999	0.742908559635371
0.171851497035914	0.335807829907517
0.0623319085201255	0.0925059025064627
-0.148281899125377	0.211493031827411
-0.014973449152031	0.0136730236299003
-1.36439066473449	1.78997484530558
-0.0255425945539295	0.025730137626426
-0.308830677875622	0.480061422113577
0.0817224578850102	0.100670963356847
-0.366244953515078	0.357397539637561
0.0950338375066848	0.11751221645765
0.0933246357661049	0.166935803707344
0.283297440913756	0.695645534999228
0.204794146746478	0.424287210805058
-0.164617502716073	0.327338487584521
0.364126342774916	1.0055929293802
0.0509494429859839	0.0847366739684566
0.197404170346535	0.432394346516807
-0.575488310867859	1.05371111440245
1.04946401062979	2.09003821952834
-0.145625812500548	0.146130897801625
0.0381055188113269	0.0569228178415951
-0.206896538082127	0.43025345267537
0.210091092544518	0.373758205515346
0.178409689751001	0.195571602739593
0.427425487922208	0.464222083809665
0.273576338322434	0.52882988111165
0.477289137927973	1.4648278766237
0.2029501400448	0.417887857215861
-0.184770359291992	0.407884171726162
0.0453670948209123	0.0712200692360202
0.0646092507361141	0.0831552767356643
0.473773767575881	0.551524878117005
0.374669949066976	0.572911615036278
0.0570617221593214	0.0850878201975783
0.265320986190315	0.321573583293216
0.416885237945289	1.12405636054588
0.424433455674498	1.13718191430382
-0.316626375628999	0.638491776302009
-0.107956968135671	0.127636306639435
0.734075575034469	1.07836040267603
-1.39945431586304	2.55669749210796
-0.112677377450812	0.152175377593035
0.230458167568068	0.289010107609379
0.121689790657901	0.119196998124948
-0.0703203224203627	0.0888615182723397
-0.060226368651569	0.0824251840658823
0.246614449380305	0.364759489088983
-0.109050561905206	0.207915433783002
0.118749870654632	0.247774771689634
0.326946954186665	0.858283087563907
-0.0221141897094661	0.0377574702684552
0.0870345088313036	0.165697052626331
0.187636669348687	0.409829256510791
0.232046628044356	0.52899624804997
-0.177841729793758	0.217918253100013
0.46829722632226	0.734389045261818
0.297796623225892	0.650137354816355
0.139849862465008	0.271553776500972
0.377438494897989	0.799307635368238
0.104622139973618	0.120415294498488
-0.581457350854413	0.653180287531377
0.459003337895967	1.16755807395304
0.335838582590208	0.877761062511628
0.0352919259763076	0.0617848773213105
-0.00617884714172884	0.0101203673945734
0.728015498820817	1.00186516326971
-0.101440243989253	0.125060429020182
-0.191797481685855	0.383613598281255
0.462803838522802	1.21929730541959
-0.170130812792428	0.261920379542623
-0.0742355698596647	0.122082397094104
0.315618992003476	0.481379696244886
0.0145844989337453	0.022463418841796
0.166407595776014	0.336498564810313
0.127790357427305	0.206935017997295
0.32950219146427	0.585027424987787
0.553213764426475	0.98419397768601
0.144612432644962	0.122867583549862
-0.232475659559335	0.327867822538222
0.321633377798488	0.459203794581186
0.402609102238182	0.597676253313769
0.124413646062622	0.192916227095183
0.0270550765718532	0.0342896084011763
-0.0804414145344546	0.103286615117497
-0.118546323441873	0.233816144832581
-0.0909044672480393	0.186214919648234
0.060387374004839	0.103433633269682
0.288273692290717	0.697477806135083
0.0803429019068511	0.144688345299768
0.375316694504081	1.07955170217603
0.301617673142131	0.79812342605268
0.024743140195217	0.0262574132645317
0.215258047699667	0.235435939997372
-2.5772643903205	0.700939309805013
-0.0731832114974387	0.0382746133287039
-0.638589169990635	0.63347082372276
0.0434384399308187	0.0375520760391053
-0.0996734332083175	0.169114673669784
-0.0166728251746251	0.0272340703393097
0.34528598857076	0.686926299600915
-0.621412653561276	1.00046798874034
0.165556902425607	0.174617609451646
0.372247850747374	0.886405635109539
0.0951358308815604	0.175536961496504
0.181756760601709	0.363997631076466
0.104068502745967	0.207214292564174
0.0637116921198461	0.105397374829652
-0.0250531562360569	0.0171076275544493
-0.104634924033917	0.113245823726412
-0.152815877327915	0.285611034058512
-0.114843297564874	0.173067255582076
0.279543716283429	0.445152044562316
-0.261120221186804	0.583159395339141
0.0453683910693131	0.0465670682762415
0.994574579483594	1.30335322429215
1.1226539949858	1.62639175259884
0.21732258937566	0.377210800204259
0.195181903546199	0.388830402523233
0.15950287813984	0.314330014941305
0.178452733067056	0.312188442965129
0.227456729940239	0.33638717667823
0.0619477194927341	0.0629903431446495
-0.929636532509005	0.931017401706054
-0.198813088504645	0.161228351647764
0.0916873156418409	0.117873807933235
0.0893489676761672	0.109705765183199
0.67458682649971	1.09693162631048
-0.273599282579878	0.437517406638261
0.170208041516428	0.235970776804703
0.360022427459618	0.657870921104562
0.33306617232564	0.938958337005469
0.0364156880958584	0.063178517954582
0.132943842053157	0.267813253577059
0.146034463492776	0.283240555183428
0.137775887711165	0.286123227959005
-0.0969956495292632	0.18741637429769
0.0907213671252845	0.173318533430545
-0.279983213170078	0.407747225704608
0.43854296276166	0.58708587980757
-1.78465645045878	0.426908302872845
-0.258290445217455	0.139976699082765
-0.858542519528248	0.741764671727359
0.534884247184641	0.481320404213234
0.492882455866976	0.694830262047841
0.265062315358507	0.517442364499095
-0.215069115923362	0.480323945485566
0.0762214381684682	0.103960857471761
0.321504024110462	0.443566822409137
0.121850474144722	0.233715233486744
0.103531772450183	0.204449382956196
0.0949298394207733	0.159438069305637
0.132664743462968	0.145916417753231
0.0450858689364228	0.0739208625189246
0.191493203095369	0.371792784174869
-0.0597997554403593	0.0775630492884496
0.0505229177369526	0.0748123807248882
-0.064552569873496	0.0672667119404224
0.723522207387901	0.984920925604878
0.666137359887665	0.79699217611405
0.11915248549	0.17468957105331
0.183296507136643	0.359815289763469
0.208209253343565	0.447535658954403
0.00398133543243413	0.00507570586090647
0.448882452973964	0.911312797366172
0.567915354519843	0.815420128538685
-0.677333009804109	0.562381835700103
-0.24577831963692	0.247227681396823
-0.565547914356113	0.683641919469575
0.0406946405344077	0.049593540307025
0.0901379756547541	0.112551562937178
0.0234517803779984	0.0241136467882458
0.703132165415622	1.92104164741413
-0.110676856568232	0.165013089097744
0.396320537617354	0.802039785774181
-0.232112810348922	0.572526110646708
0.108349202090612	0.235939642033604
0.0300864768556729	0.052181300706025
0.258285262859234	0.689652265520883
0.144951033545362	0.323803769849054
-0.0216848106105443	0.0369398428177786
0.214726494629561	0.531584971346393
-0.00168431105996504	0.00171026636466105
0.542456198186241	0.675985718642793
-0.345475104344416	0.223554881259615
0.683503197233758	0.628684469273134
-0.2335039445098	0.20171329911579
0.351235085118364	0.254600711083083
-0.64435138641164	1.07680864002679
0.0501806529992066	0.0785979412494541
0.248076707817883	0.614777485824415
0.399765870570361	0.882986751015523
0.289467154229044	0.3971027687554
0.0960818347610924	0.0879411274300823
0.470484343298857	1.35207935447325
-0.0624607442336137	0.0619322121999782
-0.431213290795283	1.15894702219398
0.0401093543408759	0.0624221440229521
0.0684434799165997	0.104904617256456
0.0786271738461825	0.0760644651869549
0.00529326416269722	0.00857813410224738
0.175810365477413	0.384730444466283
-0.175289358629741	0.307041953585684
0.290608539457911	0.549203213568191
0.108265137146864	0.126707614266597
-0.51152365047465	0.589368047678989
0.101701366154906	0.0919912358373369
-0.139324387478536	0.0858847772992469
-0.0865946648789028	0.0948664926114507
-0.50274786985452	0.680214797581029
0.235584587564128	0.409915189150637
0.199519624964334	0.310812649184467
0.0498021833183351	0.0551157105905987
0.25673583001479	0.550530229878156
-0.210658139018889	0.392508758563118
0.244676493674078	0.507999558784951
-0.0962391539180352	0.201552948397611
-0.0388498181185395	0.0735438594671511
-0.170781809354945	0.39246939065116
-0.0951877891868975	0.188908329080121
0.180989351772679	0.42513583226699
-0.0558791420274852	0.0992438412627656
0.0613018779217942	0.11973586412532
0.181563352413013	0.293999959250964
0.516523403610919	0.994551570954192
0.936949289040237	0.252050724097018
0.226269990353431	0.151882716229249
0.0488500664407216	0.0345771703956644
0.398698652177141	0.362113071625113
-0.594294544579948	0.611129160207037
0.215960566887132	0.312790479709448
0.144537348518309	0.295252346218929
0.124515394708037	0.255256296914148
0.117932743686304	0.212906009971776
0.0941891425928261	0.118601057971455
0.379506141280388	0.529992825526764
0.357603554127871	0.876857652894113
0.0873167504068117	0.170735423208729
0.662380391320455	0.776783523238677
0.0383329174529368	0.0612669198305918
-0.143461790883486	0.282916146980467
0.15668506811508	0.325491331181341
0.119825547247156	0.160256200132438
0.339718898327869	0.363872403906518
0.0750776300882072	0.12789777577937
-0.139170065060062	0.176082574161316
0.0976488003630236	0.196364816829007
0.0125608289020822	0.0207393197185783
-0.0518297045453015	0.0828385385870781
-0.0590215817122153	0.0857962107710005
0.246617079804492	0.348138591102266
-0.196856324599191	0.376264691780463
0.0561887229577384	0.0937600478958107
0.143419156234019	0.27681650901402
0.212348463686751	0.529491786402675
0.463468923912952	0.922719068370331
0.149631956576407	0.287959014256805
-0.038465812614858	0.056043811746344
-0.201939020299119	0.61740484822009
-0.189765189481114	0.506266345094091
0.0497534627331179	0.0591399442971851
0.514278209177795	0.887307882817223
0.177834610195933	0.202811514003239
-0.02685352140506	0.0266764306661554
0.0757632050365332	0.0745834612172219
-0.176933652907625	0.200294429280997
0.67305025747079	1.3056388493904
-0.0266426859111856	0.0549855529336518
0.0444828646904789	0.0821283687001465
0.38634549966796	0.153582628017097
0.0114198206762334	0.0167639259834857
0.172622305562955	0.412955621152518
0.177299489006222	0.383536249447858
0.305336938412122	0.859136573711508
0.296876299475258	0.826293840238962
0.228375168093647	0.507955737429444
0.00368967974487457	0.00640705871325077
0.0781916793468399	0.174580615106418
-0.00238268826984217	0.00352195795826555
0.270331387615635	0.366721778398475
-0.0335989315572929	0.0618150733517153
0.168137968943655	0.401964275842881
0.000629641229059346	0.00135480168610397
0.301412740800177	0.78017657947176
0.172757830423926	0.22508623201701
0.206665933697703	0.219256210149372
0.630946232000848	1.0091223433609
-0.114975962235863	0.263598898056617
-0.0373924833587658	0.069414515099393
-0.00602816820717106	0.0101535647279755
0.0895701294871181	0.103028672179399
-0.174368703312017	0.33372586250107
-0.0885307091290734	0.170044449982528
0.334675108335431	0.583020732013608
0.327708244214168	0.449170781484186
0.0979338425239914	0.205298595505047
0.206087909615924	0.608150041871114
0.731068916360132	1.74950868368895
0.535242466750695	0.878569275749756
0.114141952027946	0.175714479207936
0.335987126916782	0.608426325296601
0.188207282118271	0.316936331883425
0.00142686226078487	0.00209492463719076
0.0919841402086536	0.174844338508468
0.37123373406041	0.664201840915632
-0.149789571101211	0.243788767978524
-0.0031360708223285	0.0053982492099282
-0.131221349881366	0.272550659905472
-0.169781862472754	0.359646219912209
-0.235425625471726	0.634532068431931
0.12541619019942	0.225918579391945
0.784753592902818	1.66742844214785
-0.556395349629387	0.876916007840289
-0.253449886817959	0.310645612711761
0.596297651555463	0.91250814347669
-0.171192015597329	0.17865491963076
-0.599497760016511	0.837702398074647
0.137056686277419	0.170486073452949
-0.202292847760959	0.472731941951346
-0.0806915042864731	0.146401738808207
1.01102755620825	0.471237494290958
-0.43421845421006	0.920243762251482
-0.0970132062920877	0.180943574163921
-0.129897520734029	0.245465719120688
0.0652414666933038	0.119746946311802
0.165561699196629	0.336374982308947
0.51319344069653	1.53903985192676
-0.205162771277018	0.471527080202476
-0.0886532548981122	0.172977683796955
-0.131607604763306	0.20354346578469
0.736941165423586	1.52733941582661
0.15114392274254	0.264730519278429
0.233866492631797	0.586379372815177
0.0752854137827675	0.128588525091655
-0.109792812545707	0.191031333309596
0.565882447923105	0.894428471244453
-0.0635609261408121	0.0872556141517358
0.189126768678692	0.334235500522087
0.126285055736256	0.133124386321109
0.160775944827666	0.163977308948667
0.358711592556954	0.433072430026357
-0.872408437024444	2.16907318817285
-0.561062428771704	0.918535097816732
-0.488415955429172	0.798737798568939
0.097634900019644	0.232024793222302
0.112333076021009	0.288361739432111
-0.0687812152214822	0.159796610425358
0.119921968857993	0.263488497310739
0.0573224739495693	0.111613014271467
0.035298344900959	0.0607596886556684
0.235311254970828	0.645414588809248
0.0561197329655034	0.077675690935595
0.0638764060859175	0.0970749467652342
-0.178219017497339	0.384746985877265
0.0119025463046139	0.0186012106317102
-0.229875597994651	0.627290269002321
-0.00698093675075997	0.0120381803884363
0.127421996540484	0.298714537685701
-0.39738678518595	1.21001140627578
-0.147063496004388	0.333389533256351
-0.241287227475934	0.67489431272548
-0.433743926511475	1.71745178438562
-0.319502147434604	0.737404942639978
0.56778930359028	0.97598006119553
-0.205230482526898	0.213870844548389
0.116612912120441	0.122671332788848
0.0512034098265406	0.0467766173454298
-0.486093989178431	0.622446941337826
0.120410258794903	0.123452107841547
-0.837356688553539	1.54435500877263
-0.11028586021777	0.223745992761977
-0.229713357111282	0.513082283462946
-0.389186173309635	0.113772710115371
-0.112316468415785	0.172585463906353
0.163838296519823	0.358812790984027
-0.40352865454892	1.21979447550729
0.0181988396320226	0.0334444099012331
0.208999951726774	0.483774532392839
0.325103244082351	0.776977828448415
-0.320321880264473	0.837401729051361
-0.0205180651886477	0.0347858348839649
-0.192605879416787	0.330248938642613
-0.138062982089607	0.146504514196861
-0.255009938891742	0.547011611665892
0.0103455930053856	0.0169922646029685
-0.0438558234262771	0.0885271583379304
0.40658094714652	0.860842755839781
0.0894898173926345	0.153647381426535
0.103949769570037	0.194048720015987
0.116797310478577	0.191296441895797
0.235398786474674	0.404648636908348
-0.0815084693466325	0.143595629057497
-0.033806553653404	0.0527634414358545
0.187956535152093	0.304358582481918
-0.239785593273058	0.294205037498772
-0.364129503901572	0.682765782364205
-0.112692949067231	0.167222234616042
-0.0450137446016344	0.0450757174372443
0.414755830062254	0.494977444874619
0.0809307763306688	0.0786756234901985
0.267296911890173	0.377253708589148
-0.154366566822447	0.184680269366531
0.534002627973736	0.840513833779674
0.104587013584749	0.754781465173781
0.0516022839766831	0.273883029214421
0.176286445434715	1.19252276077875
-0.142240617090012	0.788992934949394
-0.0624460268210283	0.228902922660667
0.0492482804810613	0.127604279634864
0.134765669029516	0.38788896407726
0.133606870812944	0.395209285868133
-0.0352083658495666	0.0919361588784536
0.522448229185432	2.04988547716965
-0.185804649814663	0.414456355554186
-0.168841318468154	0.49186041262375
0.483652567950012	1.29496234977362
-0.235590134941792	0.693213685466287
0.069757417060847	0.126618210931234
0.0444108314914396	0.0876402729268406
0.100896370331888	0.173255699500142
-0.23661087506022	0.464810890813098
-0.0443834124629875	0.0907833231919322
-0.0874183311365077	0.207569413925029
0.0674040893467209	0.121465478443056
-0.0547762997169503	0.10476924881134
-0.474185354768969	1.8780345210044
-0.481907493829011	1.94872016647514
-0.464652830087008	2.10250688432146
-0.0705947176458707	0.132837764276952
-0.258511898508145	0.628429763959353
-0.026734029808134	0.0395660483260331
-0.223703875674746	0.403055043979837
-0.0124335756899028	0.0140906973495782
-0.671228961380225	1.27774066552737
-0.133834492903176	0.145730783263226
-0.760257435507411	1.44328511964126
-0.284788434604932	0.426238157774051
-0.908719582427926	2.16826038627759
0.0639099542352249	0.0755516871407568
0.0287525184761553	0.0400593293397951
-0.187720668195969	0.369860464839229
-1.55163373033751	0.797191924897031
-0.114787833075674	0.131561945272646
0.209284561480312	0.400618703784164
-0.206066012992081	0.433376962123367
0.331902218984754	0.797586456749828
0.110273764680716	0.171940907906245
0.146220592116801	0.249700988127706
-0.373996459275629	0.949775039581637
-0.301555336282502	0.685947323286134
-0.151969251957727	0.263771222544061
-0.243853755214053	0.370405665204537
0.066596848630683	0.0901283278079815
-0.437976248710301	1.26346987097678
0.205108972780375	0.403117363690342
-0.304023762865277	0.551913304259003
0.371676206712253	0.796904418613034
0.0767880351745774	0.118783809164074
0.132880694933829	0.187821585298766
0.251009955368275	0.408651466949536
-0.473428152883845	0.943519597980499
-0.232192974668234	0.362415190181049
0.0446311905320888	0.0582339549337079
0.0723486342118223	0.101916963151423
0.342756862734345	0.523691472657309
0.177590204548673	0.267087935649644
-0.00736090102800321	0.00692679013817196
0.213034189019881	0.287990063633688
0.400505920956632	0.598840599187843
0.208265997393314	0.214824051049705
-0.0317101591101371	0.168261533900345
-0.159966512563324	1.25619411807625
-0.620821024867546	8.07651155764459
-0.220017904502458	1.34730553854004
-0.0894296611837778	0.358167037765324
0.0951358099833515	0.358679106894898
0.281259199248111	1.30120609904647
0.159699738442444	0.467732411389437
0.0890183107394774	0.220826106390128
0.0219457642921807	0.044501573147392
-0.0749926635468973	0.211853715868892
0.106526544434948	0.230087212517159
-0.320394748558404	1.04870914642169
-0.177620715821027	0.583797212756884
-0.0212519877460155	0.0411900817901699
0.266006451006081	0.727762057208106
-0.224572417807079	0.581151314584826
0.0314903084594746	0.0381031575132631
-0.0710384586618602	0.114566642156214
-0.138885961357273	0.234629753347701
0.0608948503283553	0.0918697635251071
-0.108248666450991	0.275231951716621
-0.251480916932396	0.789153646315291
-0.16694058902228	0.402988203617285
-0.27998325446385	0.889342142656516
-0.258102564125633	0.555446432823773
-0.46402948589479	1.78713857060245
-0.248185865682367	0.714262169597329
-0.0983788540902021	0.21861639453657
-0.102618507175114	0.177178626977757
0.149839452503702	0.139348694144342
1.69890754416871	3.17027963572186
0.406505378778321	0.362921559383679
0.78108144090582	0.854734264245292
0.346961245207507	0.258698619133459
0.462231635232571	0.375168861502524
0.401029475554434	0.365448572855867
-0.0944475504951363	0.169786770743771
-0.0887986156200447	0.156144844571316
0.0935257948129683	0.030446039151062
-0.292386201548756	0.563082444428621
0.13395958086132	0.30673053126446
-0.118882831501794	0.245929237715312
-0.344507882370019	1.12279505001399
0.285036020439702	0.930425931799826
0.229540119246031	0.581817012092262
0.0424600380999459	0.0723862670426061
-0.051799970589958	0.0917312662302781
0.220130433544706	0.327611274142848
0.104128578864328	0.0912639677116636
0.137630196536381	0.197869176850509
0.287892214985124	0.637722253247492
0.049443381227013	0.108111427967431
0.169140379203326	0.235563492801067
0.231797966261313	0.175687333076768
0.328003774041209	0.769751030528943
0.334685274611492	0.906552518442627
0.0515108794655567	0.0712115648772038
0.0867532641433565	0.10880368579635
0.186135865698031	0.424507842889526
-0.116056178140571	0.198541507420243
0.14728652187333	0.247032180816304
-0.513134569663141	0.587315363746793
-0.0459252597726602	0.0549258324987095
-0.00103395735553102	0.00115014369775396
0.136696863040899	0.195958453540249
0.266820553317333	0.482422282686325
0.0337899155807312	0.0228849375680344
0.492916336198676	0.36209502133828
0.108086471379387	0.197231925239962
-0.0270706754814582	0.0225492454290173
-0.0769001163758239	0.0582551418937803
0.335709255466402	0.462419431345448
-0.128893849440784	0.118834675258501
-0.109123490875908	0.102272464197818
-0.124833941651969	0.946946728952484
-0.127019744382508	0.835322378532104
0.231147478840967	1.62633737189586
0.305142892146702	2.53618887956261
0.4080066991751	3.22384109631959
0.55812270200211	4.4580512700049
0.397197250036301	2.1597077556476
0.364320466713347	1.85881769681459
0.239925145658802	1.04574642008143
0.24342127250484	0.970552480140779
-0.13798411100464	0.322444119569388
0.240908642479423	0.828958566748916
-0.137100950316139	0.351013762118834
0.126398447535896	0.311173132577532
0.109969027488783	0.234404755867434
0.316797258216468	1.0065912988957
0.331828100460853	0.775026581635831
0.377075466646301	0.951159555835105
0.172134715368341	0.396048342406522
0.23637569410181	0.641131355169988
0.420989212147131	1.83361453277782
0.0762341146296896	0.161819533630818
-0.242961080888862	0.640437665095232
-0.00433843172717167	0.00788173732919423
-0.0871978970493036	0.168749121087829
0.103737520023823	0.215691358353099
0.165833286699768	0.365137075104896
-0.253133570946078	0.610950848971023
0.0595638960623013	0.0852012070312018
0.148449405790533	0.13220149307274
0.0812433003373322	0.0667646677332619
0.274621639928648	0.278704830350867
0.473683856281218	0.611401843775456
0.456991531720753	0.460775072925178
0.278425257696335	0.28007383233058
0.845551054225529	1.32929900531918
-0.0600123711113629	0.0959554973497218
-0.0592677834000875	0.0956689623262215
0.0898225972069296	0.0303031305785108
-0.27833872153001	0.441051469277985
0.0760369058427205	0.127093452063246
-0.063039582105177	0.102317535673563
-0.0408969253017738	0.0707626707776571
-0.0648233931271326	0.107984008966989
0.114941447041331	0.201626320137857
0.123099591230789	0.227503741605219
0.205231428848236	0.4526739113142
0.214574624964604	0.325795887565151
-0.282510821771678	0.327659464282121
0.243428045061207	0.46538634118339
0.238357741277115	0.525970727134482
0.172291825337348	0.414815639305046
-0.0342997202763761	0.0382864865554468
0.0448918603376752	0.032134494118486
-0.00524794505782897	0.00377356025348271
0.419130443675366	0.369871697420484
0.511271235049885	1.29859257818701
0.19540543894543	0.308469647846685
0.822386145673733	2.12255125867652
0.0451993864534927	0.0651612523113321
-0.0619284371036254	0.0818839616105876
0.349382891844254	0.654121777329554
0.652627344684674	1.02087482964875
0.0950184335681215	0.113607452081314
0.0760654828314211	0.0920522386470546
0.0497376547873915	0.0601516309428663
0.379348322838403	0.353089515771467
0.0785801816147211	0.0615150287004975
0.49966149470762	0.460540843017665
-0.11902171019646	0.152958734990511
0.00904774250941946	0.0119449989163702
0.756837763778687	1.09757170608272
0.680741649422384	0.80098362069337
-0.0769043239828172	0.0725515146178063
0.143437325628741	0.133534813497098
0.484688365100113	0.551705863665913
0.0036619986284008	0.0164993039309676
0.101727040495428	0.628172844135835
0.0378479528444774	0.172504346909957
0.356559456636706	3.03015560607752
0.317810059337132	2.26752833861604
0.498030492883786	3.972179001813
0.420003252990529	3.15943463091015
0.063887910814445	0.24488541232582
0.246039906997817	0.951077615584365
0.156148013531887	0.458153057666582
-0.00473602190081999	0.0120446252087694
0.217299833839073	0.563825904098107
-0.0309271586652057	0.0742635985230747
-0.182694100573763	0.516013198855804
0.140438239032888	0.39813954928157
0.0290127422153261	0.053420326856574
-0.218652259605677	0.514272991918269
-0.0791070248060546	0.201199455825845
0.0601113491155755	0.150922658111467
-0.0656364387410342	0.135896870816215
0.113770764774566	0.250318476002621
-0.1454983242912	0.379036830828694
-0.655120745581464	3.14028812790889
-0.203268010304165	0.568606440796031
-0.261205018132692	0.646509485346685
-0.494564887056896	1.49704800497954
-0.103933121064476	0.158111757630419
0.357473207687311	0.743951121713689
0.120241749069939	0.151927747734312
0.28876134356873	0.397397415881064
0.472524411288194	0.62717872368837
0.261922632173446	0.281908696523207
0.892815778195128	1.7893635092892
0.0693961477298543	0.0796573099237408
-0.489962718615058	0.749340923556765
-0.185146054882473	0.315802387452825
0.17800442460953	0.33249935566984
-0.154710947934748	0.0633510190919511
-0.498789187243024	0.754573268782971
-0.121783863464553	0.19083010136774
-0.466048220165024	1.14736074175668
-0.117740060122045	0.180583605858942
-0.463371842448704	0.862886248286635
0.0252508473342878	0.0335448627326299
0.432973094773699	1.0090257193476
-0.301781647316612	0.646888455607083
-0.230481042086072	0.393506770940437
0.0623725677432162	0.074554705442642
0.198922086096137	0.350952109393661
0.0714679967945755	0.118131713510279
-0.164792716765996	0.296443088003435
-0.0265013670964401	0.0331161981965519
-0.0290489264236892	0.0286804469378418
0.0393024449207109	0.0337925292383188
0.199769888405556	0.301069829257721
0.359106177644391	0.624706624516143
0.422774579971149	0.64813235446097
-0.0828198769005665	0.0909525199986761
-0.0620080681271591	0.0767145155597128
-0.0760448964985533	0.0729783269245933
-0.0368117351734883	0.0338112769329363
-0.539207215414531	0.788922386217615
0.102615252688439	0.127640105082159
0.0208819865476235	0.0227441585809283
0.204561384174265	0.256309085178491
-0.064211758716356	0.0570624686158668
0.409734581532658	0.493027909054134
0.373429489015894	0.447303151969088
0.621064981377391	0.689763825300999
0.00328648128731487	0.0151668259239165
-0.299773570471091	3.50252379014892
0.273490556625125	2.2456048970062
0.384066434795241	3.31291850339372
0.384956393605577	2.63643221228932
0.312900953742094	1.96926609413082
0.260335986009805	1.53806414110816
0.151104028085333	0.598402860117028
0.258769274720326	0.892911784051306
0.0549900342717064	0.151073256458234
0.0629911298646783	0.158433408433062
0.318461229542712	1.32203150744418
0.220007378993997	0.617938081073037
0.0178269706826501	0.0362200633159576
0.0150220148904073	0.0215850901598333
0.159919434170904	0.323874590201506
0.087450198759112	0.192373714870574
-0.175215318224261	0.45500338402846
0.048578800094318	0.0987619798377654
-0.0565528637147107	0.112652627353378
-0.383724457747655	1.28184069709895
-0.0202886116675008	0.0389317406622217
-0.592883261053337	2.36632999302896
-0.0464154243233794	0.0815856916347971
-0.209224536101105	0.447409210060282
0.0067161030721047	0.0112670068694794
0.240816163713916	0.452135064292156
0.636929980509001	1.07213996517408
0.168965431615297	0.188824437770241
0.0592510171314166	0.0522916844444803
1.06223422423869	1.48224020639298
0.0688493084609863	0.0540731251132016
-1.08097036321507	1.85784037116122
0.0401506040277123	0.0370938100159557
-0.0673649034085485	0.0963354693175825
0.30373131124804	0.626033916745318
-0.645076676676141	0.158275506422078
-0.239954515697176	0.360486125148363
0.257936819378464	0.593349720502107
-0.136965234528704	0.236571698850628
-0.254764490227441	0.565377474387475
0.0228923321563681	0.0364816474280891
0.717926342070271	2.46065231712941
0.439740500383083	1.06391357337671
-0.16775451393398	0.331841375318486
0.205527862629432	0.300849421422232
-0.122929096709723	0.133184972134663
0.280000617978656	0.490045956199816
0.106930929284875	0.16311481142965
-0.186256368581756	0.430486654462983
0.138910323612489	0.159903065363686
0.24586049076636	0.375055283430476
-0.080777749084982	0.10853779990293
0.136776661900191	0.220609013332804
-0.0373227811401618	0.0533050843200857
0.149885493357373	0.200100878782436
0.160344448033181	0.220411008361954
0.298091063711162	0.276478621422584
-0.533766354870446	0.597753088441806
0.063412663434182	0.0773076697955881
-0.0641852704817439	0.0921506340982107
-0.265353339843764	0.285238354067601
-0.422398392185713	0.465181111547464
0.460566388243301	0.605480698466369
-0.169388564996906	0.151740344110534
-0.132120765892649	0.122361176588418
-0.0324992971910607	0.172246528668618
0.0780704417731146	0.450199095105611
0.110270314218833	0.598119532595527
0.572046261139571	6.30319400052566
0.340297329131569	2.68934412301207
0.0754830771785502	0.318392543971115
0.223758812300497	1.08300072490373
0.265148707739311	1.07640448422468
0.283335601668498	1.41882094211486
0.130504908625268	0.352752457510485
0.141607634827934	0.442882024996377
0.0994860553616138	0.241154550558486
0.221434101702166	0.720158226036554
-0.0304130011580891	0.0510745894528844
-0.336168775913878	0.918236776940054
-0.174029881582944	0.48216855485204
0.382308671564502	1.52438328483507
0.207737074929371	0.596838073551191
0.127520318702389	0.295308599177192
0.126646377550453	0.293105900287138
-0.0447019993202201	0.0869940168771771
-0.233045889222304	0.618537383768122
-0.50300201938875	1.72690333491015
-0.444990138525819	1.263893780394
0.0159490633534078	0.0238766862179675
-0.318418423233963	0.610496539149761
0.213641804843905	0.220176025196708
0.164254433559266	0.168548859710407
-0.0338616949965116	0.0267673311236612
-0.745854721149428	1.02760839874723
-0.263631003026129	0.242346614150079
0.145905327138312	0.126817432266819
-0.0840067458946707	0.0930595217748788
-0.309296859666292	0.643586523368159
-0.0722379759938996	0.113949784669232
0.160933101379453	0.0319961864807483
-0.129704876934824	0.141275087609005
0.0763485883859186	0.120522577017655
0.16249713536259	0.3082217786988
-0.403394274679622	1.04922103525158
-0.160632898502578	0.269885345657757
-0.0236217314420098	0.0313005841997982
0.193584704140755	0.339706152137319
0.133019878331507	0.227189982346106
0.00821891391491427	0.0102485362733577
-0.463836537536718	0.611055606925187
-0.180840366475003	0.273689478962603
-0.0384577328936968	0.0608934392543981
0.274929538570996	0.645321825577655
0.111097146370651	0.132866379318113
0.0718768118668597	0.0578858249098206
0.575958844798098	0.584104036408995
0.192073616443294	0.309911682050742
-0.30141798604703	0.523382750889825
-0.0888028142899009	0.116110349588892
0.184743618055634	0.274681527539264
-0.239235398868153	0.390839097944871
-0.139111815436249	0.177543262104598
0.258511760884776	0.299810054423195
0.124724113100435	0.162022574390316
-0.0631097598192019	0.0797653066207597
0.145992307509483	0.206751411333016
-0.158113494887289	0.221509816263805
0.214285420981957	0.161143122869998
-0.113136747396347	0.0866901398498584
0.466726521378077	0.830199278532972
-0.0398612501379621	0.0487417529833242
0.274785134693785	0.279806208651353
0.214489479143217	0.209742649628266
0.205128034420664	0.196692954601408
-0.325693957420624	0.346014176752723
0.0726092457385108	0.0580450547958304
-0.0684006280860439	0.438287309184245
-0.320768728221706	3.77126364022667
0.514959528440388	5.93813689047923
0.297979438080338	2.35129727782745
0.0432060421955351	0.159239525830078
-0.104420368050307	0.467735580158189
0.0742122362242327	0.216783672158631
0.146910244478988	0.560049286242759
0.119124657017081	0.406275421942108
0.27860539726388	1.0978190809325
0.25772342935738	0.849513184205432
0.190240241933492	0.539853294593934
0.0443332919470853	0.0635893201954256
0.0683365694188373	0.122075894613569
0.128533535359245	0.259371090315814
0.281647974557029	0.72086960573419
-0.0949212062026779	0.233970512664724
-0.197653631250226	0.582572708679926
0.0253032916041717	0.0468326907158567
-0.326616007810004	1.05075285353872
-0.0216861395724852	0.0363138553304344
-0.035758761981086	0.066634348964897
-0.339071762656712	1.00032989081792
-0.0307838890029883	0.054287023592253
-0.51053954634614	1.2752269550165
0.705354628271283	0.736428369628008
-0.147866682135458	0.0926995695370992
-0.0632857368195483	0.0433969691540145
0.429830510234595	0.338306543570682
0.778136667784136	0.863966739419279
0.789967969669281	0.550137388586221
0.0475043018301923	0.0342496146420694
0.417644751730783	1.02959293373789
-0.151974163132732	0.260458754715877
0.0891383182575933	0.0298451484346261
0.190572590727922	0.282362443798658
-0.155524181048521	0.303532206961148
0.20194018425804	0.412313594343659
0.0299422891511442	0.0523664232943306
-0.0966215582243139	0.183918396776362
0.195945302788247	0.393906687639834
0.341758975607491	0.819012476788475
-0.0906339583738029	0.162169998520545
-0.103662181903439	0.112278557250864
-0.864998966803269	0.754489701717727
-0.125134323563495	0.182956109815027
0.0150138616909762	0.02293145808364
0.206369119068706	0.500222789521922
0.367198386869982	0.588103990260604
0.488165953558191	0.461872586562682
0.175023384780431	0.324207011822445
0.306137812177584	0.511130786049932
0.30547708228124	0.411910818841234
0.143470744259289	0.226756622652744
-0.409901062459264	0.872620060223257
0.321134117559349	0.512320909858906
0.346510246960975	0.366101521822152
0.00115156856284674	0.00115218514883971
-0.104241178846258	0.166688084393642
0.618216872762715	0.497468220326897
-0.154344059625444	0.108416670151427
0.0181166706777319	0.0201253344444327
0.132039633796159	0.20443759815197
0.125932236183548	0.0911054030155166
0.725879298223014	0.994421244115844
-0.0381226081355173	0.0309188278038678
0.409532933649422	0.441120727984255
0.0646225486395893	0.39550478544387
0.171272335059645	1.32216425037026
-0.326045793222451	3.53214059044872
-0.517479402138307	6.676554973966
0.0581924561046283	0.222325353308135
0.340243171594382	1.87564745385379
0.282575769233155	1.62522675972263
0.202913344626901	0.773284420898501
0.228773993160781	0.956282111468803
0.415760618136666	1.8792846641619
0.273545915646281	1.03536089029062
0.065110305150262	0.120624686943081
-0.047227212811713	0.0830115864976032
0.162801856729437	0.459869146278606
0.0072300935246423	0.0151860957900212
0.449601186150413	1.94042082129041
0.0958454138346951	0.214203735038343
0.227650249359576	0.619101589454269
0.0295928391186088	0.05743550676023
-0.248574531376862	0.710556822734537
0.0196337956508275	0.0327791644863421
-0.173079481419703	0.333874869224608
-0.152256453563116	0.319003434655713
-0.467706091040667	1.04853925347763
0.292691499275381	0.368176440290042
0.183834650788442	0.182248038714032
-0.227912440728588	0.208300164590595
-0.201813145298762	0.194150654146832
0.204182460197754	0.216747786699812
-0.259880770286922	0.264582668073396
-0.511069729035176	0.713505236680729
-0.0860643645835376	0.127328518575658
0.289220224147778	0.584769956352829
1.42624178402311	0.470732421286002
-0.0707676483738643	0.0831237349308214
0.257728048013309	0.510692616187574
0.248188008972631	0.503019927749567
-0.0403207976600274	0.0594123468585937
0.173999071317335	0.286953025567565
0.0750255364944422	0.111539996485834
0.11709480552358	0.187530520432084
0.507583309453425	1.36616633999205
0.0931965819731761	0.122975147933903
-0.250597402465318	0.288679235919992
0.176155127927806	0.270046907326465
0.162785555344524	0.285237913665183
0.296598023335344	0.703927190239659
0.902044266509159	2.48966840026502
0.180485937689499	0.238223691227206
0.058864645108522	0.0779562237949625
0.29298831855193	0.470869405904932
0.0587784526901445	0.0531222896962618
-0.090104443646193	0.102843677659795
0.261032322525274	0.432111467082643
0.18150343599307	0.2863561788129
0.355787653522602	0.361843305229187
0.473772134260322	0.53595430534169
0.20894061537547	0.211086037518944
0.148186311000778	0.132223599828268
0.505466442728604	0.543616615383709
-0.0745235108378295	0.470949206341799
-0.299096969415673	3.39306806555144
0.0162146243032632	0.0613256346946683
0.21003919767508	1.10472889689334
0.471111052313019	2.88944584085989
0.60262969957105	5.20021023325232
0.270234915099967	0.959505310048783
0.150060950225226	0.507785136110986
0.406694273048261	1.73755636942438
0.320225986334356	1.23659696141276
0.584062650486253	2.3172712728864
0.549834686058676	1.88642966630541
0.0197408015330128	0.0443600164741973
0.175499218513646	0.568505481840528
0.373177316170934	1.29870987296035
0.0292298035033915	0.0545568699837549
0.138785961359874	0.331420331827017
0.0994473737889237	0.215573993203808
-0.224618271001111	0.637709085984028
-0.0827055823181427	0.164202118707801
0.169648264339043	0.314660296857483
-0.0108206616630012	0.0143831041914655
-0.449158096555903	0.95042178475571
-0.201818755697318	0.2361747193261
-0.278329931858015	0.35444273247866
0.060994109008641	0.0563311985357593
0.543577268956686	0.869897776747212
0.266948263242378	0.310646908202477
-0.276739667812831	0.34132454028164
0.297349581792562	0.379135345591171
0.0815711649367373	0.11612600871096
0.689863321784818	1.88319020923877
0.383039602651606	0.150138124511847
-0.20678721661499	0.228313316445782
0.193754023900685	0.347202989173447
-0.0606634194980061	0.0869641557333957
0.0255967148166404	0.0361403676385346
-0.348837360550104	0.665068232267334
0.0259851693543328	0.0328101422649433
0.0419302679884018	0.0533338897791493
-0.0396482684995138	0.0514141817288261
-0.101865906765774	0.132845785646983
0.49508930949609	0.839944171790714
0.640768859372313	1.43958417930705
0.0974299552686569	0.145435907324641
0.100428142207945	0.154007989316094
0.392732220464661	0.701504327229641
0.38246013871569	0.695670800115054
0.719143012600547	1.67404595172322
0.151881665986864	0.213553666766602
0.228522231372116	0.350082152584765
0.220518042810886	0.267813854386353
-0.144207541591137	0.188051448078742
-0.159512776717417	0.202838024031854
-0.229699011218251	0.329161629185567
0.833710796307262	1.12466097806627
0.0132854218736074	0.0116895445212163
-0.180894227026489	0.174837675167626
0.070772332732296	0.0557953437019364
-0.014030592957061	0.0673245663384045
0.109540326069716	0.649246370200372
0.42261413474278	3.59719879591856
0.439377268726003	2.77892393294073
0.54702941558219	4.82542447505191
0.451318440404422	2.13254686002761
0.724252645985423	6.18407456852966
0.478427837029209	2.40378104693749
0.414651283132864	1.91023295198081
0.774049684177539	3.7458786209847
0.516720834581638	1.8231247018919
0.297404737706588	1.19726199519572
0.182927934736196	0.633873125369511
0.212062622254562	0.521291191152699
0.241512982081362	0.626522075190412
0.113835306262926	0.258750577748245
0.258627417913099	0.709470810460608
-0.191463977009419	0.491234396519286
0.115371818079409	0.228012224918827
0.00866738411825255	0.0123820380239123
0.0301725268375709	0.0413204153722048
0.0220577973555525	0.028056575918663
0.100061019027989	0.115976879214758
-0.155832026682058	0.199737398934079
0.662089341972935	0.940525321033206
0.491040183531916	0.827195652260936
-0.463029543567941	0.725708559383125
0.0206700928203423	0.0200845516545062
-0.708199509244651	1.45835031240055
-0.0128876091708591	0.0162924374645016
0.414942329635662	0.930905722323711
1.77533319419526	0.681522671031581
0.502353376914625	0.687455337563195
0.116268831908962	0.191300097055532
0.176345830709141	0.290740023843715
0.0827588696755164	0.12092289197682
0.124986102354805	0.185076252869962
-0.13155336047134	0.180541337243256
0.225483944913059	0.38479863026748
-0.0377599186737419	0.0520633529950983
0.214316249182677	0.348063995743847
-0.300518184191645	0.437439085374814
-0.0901041820872134	0.116693393815346
0.278616371495463	0.544108513807549
0.751857247417762	1.96745890832686
0.515290152457844	0.913808807371145
0.297286685189933	0.424779700597336
-0.554414725452677	1.01789034994472
0.557716573703559	1.27276842932704
0.0747862926492104	0.0874852626868722
0.0822166219813706	0.0918286037962668
0.185572709530604	0.233689798527078
-0.0749157952737449	0.0939721720101691
-0.113557340741354	0.129050298514692
0.0106788980386597	0.0122184638899872
0.053731321638715	0.0512692908195783
0.897503756191182	1.84462261853706
1.02667137254099	2.09856785992772
0.0318262678573725	0.0301397726434289
0.496843192818099	0.540634563636791
-0.158806380285102	0.125937168853589
-0.061294065653214	0.35796971942127
-0.0156504249239295	0.064458735664846
0.115286114614512	0.553732481462095
0.284489694766108	2.20889543135168
0.339376533267789	1.61924228233617
0.347927860291777	2.46931919978803
0.27789492641359	1.32764832832565
0.253840832085774	1.21008135339012
0.42267150449284	1.89514676754928
0.0227146099161694	0.0455538521435788
0.023326984156903	0.0621529175640805
0.339922347484809	1.81773452789269
0.0627606233923495	0.137902967550883
0.043698858196416	0.0821234235666624
-0.110360365463311	0.275043599882985
0.0371819562105659	0.0730345477448528
-0.148042113860306	0.414868582054671
-0.128080503490274	0.263982050807759
-0.151287972456335	0.282270698704896
0.301707186350452	0.545202077331334
0.0706434968030454	0.104033243665859
0.146889070400746	0.23635991856774
0.137972997323278	0.162398534469512
-0.304002439204723	0.511372961590951
0.423908236688048	0.66511326510195
-0.517873126789601	0.872600785110551
0.296680023756272	0.431770864311352
0.0898493664360763	0.123205414622467
-0.137958088326616	0.212333834244806
0.512332156340583	1.15599890004089
1.97380475978639	0.507300323751526
0.291919349262073	0.275650354100633
-0.241544670169812	0.364632432849335
0.281196622742329	0.464355662009958
0.25728960015185	0.458156770631854
-0.102422552538381	0.113095603014636
0.465192826037714	0.822433564605533
0.205177928804847	0.317884707717331
0.0842211009625868	0.125310514238862
-0.261627264939046	0.526985046601754
-0.458814059068576	1.05267340474525
0.127453012023128	0.195165150325059
0.186924955873605	0.300126467784491
0.0898539330526668	0.12064113466969
0.32147294907163	0.574719013676883
-0.188045891374815	0.294085336333241
0.0630840819608768	0.0592187739472491
0.0458213784220785	0.0439080440693565
0.0859867814396568	0.100797205096131
0.0470154412837155	0.0580899327627962
-0.0334514964310492	0.0383208556698981
-0.303285232756463	0.41365277073065
0.0513053638722878	0.0545278911218745
0.409355422596025	0.654526083262878
0.726430467916881	1.29878791292216
0.074233430048219	0.0772185556545009
0.691821377276437	1.47049338244983
0.132532219131895	0.148519414776356
0.16639754518228	0.188871826637093
0.00355066393453588	0.00306624677579706
0.152178572720526	0.142109030242842
-0.147643718499332	1.23676425897977
0.386466678797524	4.47857554978733
0.344000861651123	3.35649414174514
0.213176558493475	1.48028633792363
0.330723476363678	2.38370596912305
0.428856392311924	2.8682359866159
0.364248210761593	2.22986712933365
0.569230867187706	1.82177710992894
0.217012482697601	0.639627677003487
0.241281925433653	0.60418365928767
0.469981982642604	1.44793404637684
0.0322256662104542	0.083227670601005
0.147563065018684	0.46413005660063
0.0401418855501181	0.0796818560902571
-0.0172019575009458	0.0384375914223987
-0.0413618239413362	0.0678753080255206
-0.0322960966348105	0.0591851164951513
-0.29300177860758	0.893225424759462
-0.428985374345882	1.60133373182428
-0.184136303641655	0.320004255456522
-0.473724226965467	0.449613074655906
-0.351119835961537	0.226128012026733
1.2977881135817	1.12048334601281
-0.585340152947338	0.58262949236797
0.305367792302411	0.272255616621596
0.424906150392309	0.247110772266714
0.97861318355218	0.962944132741314
-0.0443208730447991	0.0719442785411181
0.158253649251682	0.265576375284256
1.18856353588694	0.780211592162218
-0.0675635955686589	0.0935603816773728
-0.0903823253290295	0.180318706398171
0.00186624453914821	0.00287366309387844
-0.31538759441533	0.90374336656301
0.217768511161945	0.551911651391303
0.413024847139254	1.06970226778527
-0.000261554467944896	0.000299632351549986
-0.353826248398786	0.813483727869176
-0.300755772586599	0.377362900488147
-1.34077153178142	1.45196311395084
0.116400359035522	0.156107605090466
-0.322400216114935	0.775326398852451
0.0759492259627249	0.158116542299637
0.0540592695191441	0.0571561443556856
0.64873848468114	0.403065303798318
-0.266964700894301	0.436636007996861
0.769209618550104	0.751033282148488
0.145704328246265	0.220130009657101
0.271229435938854	0.580724889549877
0.140201254823998	0.183087822980963
0.36406516762806	0.440985906455846
-0.0410340500042266	0.0626652246447629
0.193000043979846	0.324035474402594
-0.38265326578023	0.64607327503279
0.36098534604845	0.352816531589503
0.180886446783777	0.22143002603819
-0.0104540757036595	0.0110553334195447
0.979683803884899	0.968295138474057
-0.0456776022893509	0.0544635283671023
-0.317948197743756	0.706418361608201
0.0268638523004941	0.0429150416533922
-0.411960145867832	0.295864157384685
-0.154947673368395	0.0633603304028515
0.260771907740627	0.133289735756824
0.0678128294693833	0.0789450941716336
-0.107508522980842	0.169830098097015
0.212067005239961	0.181421735403531
0.890001919829241	0.575497038966442
-0.0263106393628855	0.0214732559205753
0.285819464731947	0.276840297066084
-0.209093224259724	0.190269699084999
-0.113657048449715	0.772657215482569
-0.203690567124008	1.73661294131084
-0.142539402370417	0.825824493746365
0.151397927466098	0.813726377827767
0.225521880441609	1.18118651778083
0.198031842691247	0.87596864147325
0.246090379350924	0.621372717344626
0.355057443729661	1.19767074536888
0.33546944931286	1.23842623779718
-0.0592326768018968	0.119683818585233
0.105590296491258	0.253443636948703
0.0726915600152531	0.14909542460291
-0.206914121750203	0.536096730802884
-0.0908257107204826	0.19772854125425
-0.233752786053659	0.501595993109055
-0.0189610041181868	0.027509223404847
-0.253945787502447	0.540251617979944
-0.291243591281411	0.572919037293938
-0.179214491289292	0.213300123154695
0.310511690278694	0.266011344999563
0.103294241340872	0.061684795524253
-0.630829751555714	0.596845287308889
-0.0313985527063017	0.0174907513574562
0.457691066617273	0.371383763833674
0.450366175803638	0.359887501837364
-0.867380791632205	0.744403396029524
0.0699772562872051	0.0832901503135298
0.197497099374265	0.296331103531657
0.109486668566919	0.031707627493827
0.158363404066502	0.154944523380071
-0.112946503639846	0.168627374449517
0.202984805609971	0.329556041316485
0.0774206981951684	0.108125673164604
0.342469089487042	0.622596788061087
0.361404419022689	0.57341653936352
-0.348911265998075	0.537942881480413
-0.35516749269976	0.595818230755351
-0.0460909127231232	0.0415578939718272
-0.302666059579958	0.225606748858747
-0.131017037145009	0.145912296466519
0.0928049651275936	0.127612283301243
0.175009915275974	0.281397945048231
0.597977572027788	0.736978904025726
0.0727829475161924	0.0345651315442917
0.256052864758093	0.260128280589169
-0.708639147739361	0.682505888677969
0.0199831278743291	0.0193799291095939
-0.372758085952391	0.562521298383268
-0.119464415853292	0.111010538372561
1.01504394777916	1.68817352941498
0.0905822681707336	0.0960634408803164
0.882987135118453	1.61661670251457
-0.045098237509565	0.0448436990980744
-0.768715168749392	0.856569267039662
0.897371312829866	1.2867583165115
-0.786723116488756	1.05227120546371
-0.312124370863385	0.269456013950507
0.0993324035066044	0.0945609069584743
-0.228598161994727	0.293189741263261
0.0354546420474377	0.0378301536642765
-0.348615322597089	0.389345940091425
-0.321108044010847	0.422236071541929
0.428861305261353	0.253520764311104
-0.260138672915583	0.143450629610972
-0.850823901929401	0.86696293049043
-0.278177364720335	0.254620703433689
0.142325768171504	0.157348374973846
0.536842349548197	0.487310691007735
0.465394845762162	0.356186502007073
0.222022240093055	0.183821931207917
-0.406168927523409	0.329376945524744
0.437634567527079	0.362011397376506
-0.0653263197685998	0.398845489518977
-0.266193749304035	2.7283762212928
-0.0557733527908227	0.257356158525512
0.311039989504851	2.49304123716295
0.300738827505259	2.12280285021246
0.217354737449951	0.732940380735287
0.211342949656189	0.694226631340958
0.118665515508408	0.392499841149593
0.191265922817842	0.720437388380614
0.227441546289897	0.832272925220583
-0.0175158529601632	0.038013701366447
-0.253226671252814	0.938703624873955
0.0376498819243025	0.0843037212608413
-0.191901208706306	0.533433769644789
-0.218093851857498	0.538618074341426
-0.272213252413911	0.706753141566057
0.0696719003656602	0.116008205373891
-0.144319219827242	0.210631510046218
-0.0802727838526622	0.0787766281641318
0.111150794656241	0.106924502641951
0.133636057759404	0.103641631889886
0.619829028190007	0.674551039731274
0.47340340024444	0.54093183279214
0.69947048189272	0.800155305142587
0.0224909645970438	0.0201978395467948
0.0698796826922215	0.0945644680377779
-0.166943385784517	0.306042214576454
0.139434386480084	0.0343274486546545
0.176086466755838	0.208652027268014
0.17500974396932	0.317296753982143
0.057442729609669	0.0885571283621051
-0.0801351515859085	0.131232920821588
0.158126467057728	0.240635276819974
0.172389779770836	0.262768055976744
-0.295481655585115	0.537943760721243
-0.304292389884184	0.595151439457427
-0.469600724213836	0.813199899947354
0.296891139100225	0.370256241854682
0.147772461208453	0.202712918198039
0.0392842716424846	0.0589270982281632
-0.143387317412922	0.252556604584481
-0.0628162318496457	0.0658722258021088
0.697468474429533	0.623717242393985
1.17314011418257	1.33806585101926
0.00887447633577275	0.00534748883941992
0.0132285965525198	0.00836851621571019
-0.453286409487391	0.758989986308307
0.213876194511662	0.167879750781619
0.213138625090611	0.303632078010567
0.31786710456041	0.53217920292678
-0.111691259967921	0.142916623108831
0.254767764347623	0.367032333159462
0.15285399312145	0.198907878387789
-0.186021331921562	0.245497795288484
-0.0784603527295848	0.0869010067912466
-0.234046774456386	0.236426859426791
0.105056228151153	0.104074408587625
0.418304942104967	0.675861860186189
-0.385119745895493	0.429737744347824
-0.48745473851176	0.840542886950355
-0.0821824020049412	0.0959643588632514
-0.0383577332744664	0.0469347698207134
-0.113331420338044	0.138943844111565
0.0369271499576851	0.0350797174541607
-0.0475352205265656	0.032263783008797
-0.0231878356155932	0.01638860487548
-0.592027965441677	0.608688062126339
0.120712610994238	0.143837460504215
-0.234895714949467	0.279714441341074
0.144921909465196	0.124266063179031
-0.0370456306699906	0.0258767874198229
-0.110061776495261	0.0812543047904866
0.212648441162875	0.192546035260461
0.228153493754301	0.185972828866256
-0.0389622865051582	0.207098949813258
0.18458253670924	1.46515872251984
0.428074193557685	3.92673842746888
0.349629791558846	2.46740458910975
0.514945000940862	1.59845054140244
-0.111600743283188	0.296867508321157
0.422832956194678	1.3468209917359
0.781887083011778	3.0187901133643
0.314744124430909	1.53433790260129
0.0424701339325868	0.107024990234664
-0.0960784941614157	0.207102799439195
-0.0712459003856028	0.178112841451817
0.371840441611608	0.832773300393981
-0.362222473095794	1.04609323693574
-0.438512009785294	1.51593070850964
-0.2959747363371	0.976596059451423
0.135932101425847	0.215338417635186
0.528721245379917	0.472857690110044
-0.657770107214167	0.480181199871726
-0.218571321813943	0.127675467271113
0.0850617934737194	0.039580767241093
-0.871011642388886	0.563043499383208
0.292467171085021	0.140747153029659
-0.0326908156164524	0.0184212748516858
-0.0232311175589971	0.0327921282843323
-0.563805261015853	1.41874745758119
-1.08473765792451	0.443187509430843
-0.425590811464818	0.887264295432462
0.0257320526008528	0.0456033205936348
0.159282399558749	0.331602312470422
-0.0929897407040925	0.193573111361636
0.177019119083035	0.429693576576234
0.633334274470115	2.1709116963681
-0.326252042868964	0.691140668145092
-0.25924319885241	0.522894681326408
-0.0573482370302386	0.0544334201903835
0.477772338960089	0.368767749567211
-0.68080389091967	1.31422667558709
-0.336650315282566	0.709270889090147
-0.0463572982207887	0.0883070182783172
0.507778727053127	0.701162898102705
0.489832533613831	0.266734012774581
-0.121153646682556	0.053150003094862
-0.206051769335241	0.0756649476059785
0.2760817772236	0.145824769946157
-0.0731705927222916	0.0933126245069226
0.39116375298559	0.243406615341618
0.370157527233079	0.685716613859767
-0.233564631617587	0.47484449229283
0.25545529078753	0.332571958325714
-0.0918348132454036	0.0799580709988826
-0.295032958873764	0.694641904652413
-0.196661552100549	0.354881373588121
-0.221942414011283	0.332338123304202
0.227817673015956	0.152047403867232
-0.181855543316285	0.178036101386786
-0.352452919082626	0.446148032447818
0.307149416412006	0.260970822041812
-0.391251466575232	0.783656158946827
-0.141376653828818	0.260151973420742
-0.234808014523132	0.478044915841298
-0.0357299262506298	0.035158439314988
-0.196965721482192	0.223256319271441
-0.763441086262484	0.620854787565765
0.266673164548323	0.139446192802302
-0.204706897492974	0.075061312833956
0.394412254310096	0.525811799651289
0.345182607054296	0.711254889017133
-0.777777600303293	0.698135294623824
2.06614110793212	1.39817766355222
0.551634955963672	0.481555075926583
-0.453690268438418	0.366432856166186
0.1419743382622	0.110683181399981
-0.00952968524903567	0.0447822331328383
-0.104538341480961	0.632296519707791
-0.224384264846841	1.60865505828725
0.0548563265157995	0.170543474015726
-0.377206736032983	2.25694014256352
0.00470098178943373	0.0136209242961406
-0.211831426737813	1.00868810157797
-0.127130491281097	0.431801083319512
0.140159872575852	0.426706472338921
-0.1798427849454	0.620316646909153
-0.0748929188446441	0.188545916656385
0.124809641229709	0.332577296581518
-0.162915358451233	0.393604275390059
-0.114152234181113	0.228755863318103
0.154689735425397	0.304835066518069
-0.00575490719896511	0.00760534273476517
-0.357166570504478	0.57161119295464
-0.140090514172222	0.17919401327307
-0.413055878308432	0.628255627509298
-0.466200644341761	0.835168202153701
-0.44915427232002	0.65088720104249
0.0024361544893559	0.00218205691543116
-0.0453566020780562	0.0518785476840849
-0.401849953433795	0.943503577557539
-0.224870446725163	0.444005607620615
-0.285862936296014	0.0930386306983775
0.0914104837019444	0.105792078426744
-0.0248408764638759	0.036427665204779
0.155805365735549	0.258397034434306
0.0696202289166849	0.118083849447299
0.0180183778914971	0.0239039667378004
0.0315549739080114	0.0439662108098663
0.409554943919025	0.918926079147375
0.0503832580247885	0.0752161026254303
0.392151324402855	0.810617351835119
0.108057496631458	0.131765327230915
0.460716041069349	0.976937358222169
0.214457194335491	0.408683451432745
0.0679006664805294	0.106386626182957
-0.434571604039241	0.837713617067929
-0.709975566013815	1.2125216373592
0.100653164496883	0.0906243083461962
-0.138507590582284	0.134906253981804
0.554796313354704	0.800363689061788
-0.476548895869543	0.983195348279131
-0.268823409073215	0.345659291290227
-0.155730497590685	0.197114023447397
0.426559084007358	0.864208884605447
-0.386232058797013	0.7387861499571
-0.0198709909798343	0.0238990578477597
0.0782657956329986	0.0949100998108986
0.0752977506311264	0.0927094507783923
0.594914910641852	1.30382440694365
-0.432000679354962	0.725994176654275
-0.0968511553448482	0.123362303946489
-0.177017243876428	0.268028079211099
-0.916348908953426	2.17022969921084
-0.0842458301529207	0.110179345546985
-0.380942779056176	0.686654955089661
0.308523609173885	0.527984112669062
-0.294806468806693	0.508212161095944
-0.427713933718455	0.819527120012246
-0.261847814871273	0.34772111623775
-0.302363426898037	0.330953757926074
-0.0401334814268963	0.0364075975097977
-0.231895098054654	0.32572451885002
-0.0608874534133173	0.0712826428356782
0.343262328405432	0.479685573046558
0.0200891110368219	0.0185498694008698
-0.17390503613894	0.188133163528948
-0.770738446938974	1.21291841705769
0.272225184885429	0.272778904184613
0.0416682326290562	0.213671549203316
0.00583304773854507	0.0222624349427598
-0.11405202672893	0.358063355528298
-0.309554253585663	1.60841481370004
0.0500160636113988	0.141817187989672
-0.0063992812982499	0.015677773607771
0.158017251418943	0.585150873844577
-0.0680253882000215	0.178007236178638
0.0580966853573411	0.132395550554519
0.0439752751797787	0.094754316947866
0.044941372653625	0.085649074495993
0.234986195996731	0.604917014218285
0.0660106258610955	0.124827577765415
0.16086666806813	0.332525369742718
0.0890690194175248	0.138884319270496
-0.121784871090095	0.128913334733408
-0.295542650521377	0.340383078642966
-0.569136792960374	0.715006554587716
0.0786136583119848	0.0782308569113994
0.0210861400913485	0.0166872459378816
0.158049357225759	0.158312500545774
-0.0997994597027323	0.0838292300393533
-0.285718935838317	0.554240304466333
-0.333198495751982	0.62506254865002
1.78403187530208	0.692347013094343
-0.256439261991183	0.310742563881144
0.286128569416367	0.572406138436065
0.163422086912267	0.260346019106789
0.0279534307332995	0.0379098305996253
-0.130975102552949	0.195096841262813
0.978572127211061	2.73693299505799
0.21420233021881	0.352072705307695
0.113399970876379	0.177151005245205
-0.0903785358866274	0.0988352878765953
0.516980017809542	0.694886125747098
0.651410718997828	1.4172593099376
0.125560980163648	0.190888988623152
0.0727587632595853	0.117365131332187
-0.00993719629659986	0.0113785180199894
0.296828059327403	0.287414259541127
0.32715969315819	0.25998565548411
-0.038670245362943	0.0271747475066351
-0.0187756682711134	0.0135828210345952
-0.329246619519401	0.586558533481214
0.359866615065166	0.435931924039881
0.231631175786082	0.33285425811643
-0.295683097904108	0.477923623817375
-0.318239601849984	0.464275498792857
-0.383559355035529	0.568238216610941
0.0768110090773707	0.0884852011553184
-0.0214314195596438	0.0239019528765401
-0.15489757485749	0.212011384839458
-0.662249322772982	0.930550952246637
0.240321206225305	0.287377588909902
-0.477764246389933	0.729242425321907
-0.117144377474148	0.120854402521975
0.264088387248759	0.383564127399068
-0.315590196890905	0.492909111111735
0.121602621910913	0.16324626285632
-0.783134283333104	1.61877703996306
-0.442563797263535	0.713946587046323
-0.179875885712865	0.163799801277643
-0.0606066320730466	0.0395886907404533
0.134157292093484	0.111139433876838
-0.272152135841766	0.362575106023299
0.469334367304433	0.820283776490826
0.09624073523025	0.0760555454457719
-0.54967043286804	0.629008522767881
0.437085673456668	0.500705163532142
0.346969588093226	0.356345124293296
0.877954035497324	1.18940880943602
0.0342807616192084	0.180115644471394
-0.16922401001406	1.15271159791833
-0.704232474970661	10.1895404789297
0.108169215664659	0.546815740248932
0.313031181440462	2.46449778930691
0.241594120293509	1.47050385028683
0.0630599701725531	0.194954680723162
0.265459679521631	1.21932326916272
0.331863670024047	1.61761259236642
0.302399049413009	1.16198201075332
0.193550757089575	0.521497392980006
0.187052174855611	0.488022021296951
0.164629451625697	0.395397532339605
-0.121362722355831	0.266529635808789
0.0801667095393746	0.137329929521119
-0.124027106142637	0.218114720988068
0.0646042211777494	0.0909804766306651
-0.0498495525112651	0.0710876780687616
0.14199734389566	0.226686876011112
-0.0911933166052909	0.142814268450058
-0.132684148768085	0.220866283194857
-0.301656363608302	0.895856123739382
0.123377573577467	0.225212523774045
2.85241059423164	1.86497885641654
0.778490902318772	1.93679269568448
0.0182609940762167	0.0275360770501864
0.42126169364286	1.00212938368774
0.259385787741091	0.533528073155382
0.254372566574567	0.415411737395233
0.574980735076835	1.29347253293591
-0.0529927466064939	0.0801895062414833
-0.171602196431011	0.370898611498835
0.26416741139635	0.608053164376278
-0.0498305311016771	0.0722988003519815
-0.0625768203472012	0.107615929585526
0.390140321135114	1.11891483448584
-0.0551300601980303	0.104909856374912
-0.058616296515662	0.0967443526050338
-0.39367759501314	0.776499732658253
0.145112966563557	0.203132261634187
-0.572763784804618	1.09244244298235
-0.19044978185403	0.257738994823559
-0.166109352826641	0.307626002117953
0.158447772672648	0.255501439195081
-0.0898369282660561	0.140257226833898
0.231901029896581	0.418356582642875
0.0876441574093391	0.128036749166826
-0.0144975910984398	0.0200956383485752
-0.44275176070227	0.87660045973394
-0.018496381017611	0.0225213563446496
-0.225747623552443	0.392913844263997
-0.175848166952389	0.252578837672223
-0.376938152925885	0.767253928997571
-0.155575834197326	0.258783689505251
0.396035603649915	0.771553017162243
0.0867170166097351	0.129370863962485
0.2883069017256	0.521401762780064
-0.225257070512284	0.373101135546825
-0.0925355859370316	0.135644607071258
-0.105800720292024	0.156838414409291
-0.0907938074091417	0.12162063261657
0.0563776486175725	0.067264791002072
0.569026148975396	1.1492843578949
0.38799877851206	0.869848610521856
-0.422779835897808	0.884126873975111
0.195199422885777	0.29580248339047
0.138258575007941	0.165323984681329
0.0389774493094061	0.0463770041738446
0.0445965892354524	0.0505217665047252
0.446787328579909	0.674474562468095
0.0417977062519018	0.196777596103152
-0.155778320599481	0.974382550769311
0.502871070945935	5.83507993792275
0.442135310511146	4.11052508031813
0.353774585834471	1.98844163174237
0.554152504867074	2.62901650947678
0.336493824498099	1.30608974353286
0.610615019050609	2.5816342638883
0.396306630243223	1.47465114164893
0.345948600895165	0.894983996050988
0.343406712028207	0.711966187653439
0.266680180804031	0.483966282808897
-0.0401718566869959	0.0579945419274151
0.196787640803646	0.360539804523329
0.595817010985114	1.62548783548668
-0.0695789957683528	0.0989620626947724
0.295808425163283	0.525944671355815
-0.199082310090249	0.315280483353263
0.511243597563473	1.15371712440413
-0.0141494350619018	0.0184124572088862
-0.264495804435144	0.494969119033167
0.843448656930876	2.30707618183405
-0.640000640790177	0.159358973091496
0.598907292802911	0.590967394774517
0.80921174630636	1.5130905973599
0.132718810059897	0.149696577456813
0.50749596271198	0.843548020717788
0.792246038917335	1.28838080495695
0.489490859193752	0.629332829035607
0.567429268121854	0.791395945171152
0.0707414142933987	0.08412956539925
0.210864821419833	0.367157044062582
0.584328702130709	1.50108175654735
0.0998724185439457	0.142937757983843
-0.0237021653943021	0.0274892178324222
0.041719646423037	0.0449007918227092
-0.427806087164478	0.866581713600285
-0.153694262758259	0.174478892940781
0.175499889952116	0.215394159064141
0.00937191294653659	0.00934181286693851
0.161074104716402	0.22948152720826
-0.233991061578716	0.338930621488636
0.070227039804561	0.11596754641714
-0.315092833258167	0.422935205248116
0.275149970271583	0.263471080801578
0.12134167305939	0.121892150138656
-0.241574707343956	0.341281959052006
-0.537602099014487	0.604529319018028
0.7199228830866	0.980815247255928
0.0961640209484057	0.105928549358291
-0.539157019278548	1.07898303685039
-0.388101694148536	0.625422695918912
-0.364923564661866	0.566908741598373
-0.615076957745841	1.16503381056215
-0.165039663239672	0.187660708145809
-0.237416381051064	0.221011415459218
-0.737669014631736	0.891698569768479
-0.496145008231459	0.891347677543763
-0.411292869420981	0.64763569215116
-0.351805524044826	0.509489211042824
-0.895018017147307	2.0044146593907
-0.0227125595771769	0.023660303570723
0.217944392158223	0.32081713928843
0.581260058107301	0.852966731069262
0.514805614455823	0.990359330545798
0.511450386524056	0.91975913889274
0.276625858950535	0.364020117186319
0.251107590076515	0.312267318213258
0.901707541583458	1.20467980425929
0.105348378880865	0.690976242117665
0.208734747722912	1.59483772307448
0.261138414556109	1.78624167357164
-0.0544618927902669	0.19856689061386
0.252856298436966	1.10959866864666
0.135357558640097	0.396906685730305
0.574404263185668	3.27564934131091
0.610234360614627	3.04702399060548
0.159886383485422	0.381961537761892
0.296649431492173	0.810784609723633
0.311978167906257	0.82786665784591
-0.0845677985723035	0.162303711856465
0.399736947324863	0.806411575300249
0.647035445242435	1.49764202027827
-0.00866502011898548	0.00992954319961735
-0.429746754905299	0.770863485315473
0.58361101985429	1.05505473726193
-0.387948607008694	0.569033923186123
-0.156054641861866	0.225253387724992
-0.10002159050658	0.180605436561895
0.000822873577537991	0.00114720597961725
-0.38866612011199	0.113712652956432
0.0999203544673212	0.100462362383301
0.670976686587121	1.72536557538382
0.103672048372982	0.13567032910363
0.551157594223807	1.29146135607998
0.0699628296928282	0.0775578351016419
0.901056106207042	2.24566804277869
0.17029555401827	0.237369216921385
0.17362715329429	0.294430393766396
-0.000180243707788368	0.0000974528978926185
0.0658326661569408	0.0797737352681475
0.0967636020146789	0.134708912438923
0.0614486412602516	0.0860530496126978
0.0529415757293853	0.080003945463312
-0.380108874021221	0.656214431445374
-0.363764518988874	0.455393768101652
-0.391586868782417	0.511177348652955
-0.261468906155771	0.281464713453117
0.717521364699591	1.66648753009257
-0.0867844489388899	0.128219516557009
-0.0302355823280663	0.0382518298712707
-0.104861036751445	0.142507358140647
-0.0556586664580017	0.0698655235561124
-0.280960233652769	0.424312574068628
0.199398876817506	0.250356643538321
0.174244452587191	0.239368963104885
0.22973941531218	0.305683724292326
-0.482374742762726	0.981531213031889
-0.0702716521579109	0.0670735194717393
-0.604557919746439	1.19899152293385
-0.296178902896888	0.488770877389245
-0.120955560665675	0.129508524966651
0.185933914346593	0.258520995259891
0.122738498127754	0.151678273348263
0.0981684032238445	0.115310522074638
-0.393497811964995	0.633238869794085
-0.0177718309926874	0.0213297107077958
-0.428545723288934	0.551645342203115
-0.258737243761201	0.263706457342564
-0.87617299102139	1.31906817286699
0.0215491727366024	0.0243582759679986
0.605733650529025	1.37171580889493
0.129813217536435	0.148562298699028
0.0436069749765654	0.0383243332012817
0.153879894249088	0.177828856918584
0.518612780566328	0.776804250143715
0.270370253198067	0.291485722787982
-0.0467430200886797	0.246927560180757
-0.334456873141591	3.70530602088065
-0.459319379401744	3.76979575033496
-0.0416601846676956	0.143452565631188
0.0423249179648335	0.119633669457118
0.33668693943174	1.97524037857462
0.167787568198353	0.529649564857959
0.491048371832906	1.98241406704325
0.219817923526624	0.485218725687041
0.177229725305184	0.47720299895044
-0.00369730041790592	0.00628439205614175
-0.00812966960618887	0.0130927448949399
0.269535575532273	0.584294686985368
0.408483091759801	1.08877771150627
0.201234023943681	0.404302759556044
-0.0233328740239018	0.036028997251867
0.474611382462974	1.5472949052966
-0.117189962341351	0.233890706506616
0.43659468992887	1.32447563348133
-1.16057976194732	0.352096613802028
-0.261546349124248	0.353452592849097
0.273320091562989	0.511977630753644
0.6232126290925	1.56346585797764
0.0511041404341094	0.0654371122523187
0.446849576293134	0.688981261138944
-0.308913147602403	0.477818642600145
-0.167737473201095	0.267541581870204
-0.00768884461438011	0.0117896877238879
-0.0449929198688334	0.0774365502019531
-0.17350732140986	0.338695167143015
-0.0600148235107271	0.102339612327018
-0.0144904196866987	0.0221351983054289
-0.0250711563145942	0.0343686040804359
-0.074615364148098	0.117569546095229
-0.435145893453081	0.939415499613716
-0.365297288810912	0.677700723625004
0.14440638836513	0.216259440693492
0.38252992957001	0.787548806570459
-0.045331766591947	0.0622318588806106
0.00814958422551288	0.0118234904780838
-0.531606548599864	1.41346900535653
-0.0707854006961231	0.091425762004812
0.0135222206245482	0.0174086948865978
0.389380212091134	0.882796848056564
0.0776929468147579	0.0775998407947847
-0.199039407150934	0.251615637036782
-0.294186734366251	0.49617001082446
0.147150656201223	0.227089610002179
-0.0954843491293128	0.138388030310441
-0.498174441585979	1.17738873381011
-0.390770783836963	0.880573606056182
-0.178004767436552	0.279439395555546
-0.470917415833855	0.762084045088083
0.0632629280065802	0.0652311245236161
-0.349171562509302	0.780236303346488
-0.417843800574644	0.828811006546543
-0.349930868577197	0.632652195820776
-0.0226041465670837	0.0244237234843004
-0.0765354766987151	0.102124914484005
0.17249770600256	0.281194989451943
-0.236071183339075	0.349944273650872
0.00512008860948101	0.00688134145959093
0.748904711224027	1.61658429039801
-0.0602816657628818	0.0782046607497151
0.58572010818117	1.05113108158291
-0.107679755848581	0.0917813019211814
-0.0589611362640869	0.328507016183778
-0.337386022844319	3.5334865114145
0.172177263100326	0.869438571753548
0.0991125590618619	0.432315143995849
0.42492401033097	2.77365455117557
0.395533229578187	2.87390666628908
0.325338332540585	1.46229829270936
0.0596847843292367	0.125549332572925
0.967586456369138	4.49698855760565
0.288662964599635	0.96922643144239
0.316839674415236	0.964192680666639
0.364032711465944	0.981774163732867
0.365332988289698	0.961493734508386
0.307714858352027	0.761007295120331
0.250175956880035	0.561199195902637
-0.10632421155636	0.183333828861066
-0.0886629518695641	0.162226656925136
0.0527938119312593	0.0924116302574976
0.282101036807382	0.732987100649736
0.388683426598355	0.152320613284439
0.118169339967607	0.127959721536359
0.385063454056959	0.817322448918149
0.187080166732967	0.301585175216706
0.835609698271382	2.24349189073152
0.997121516111798	2.31325229994549
0.365597220985242	0.601985106469319
0.823076193330494	2.48043023847099
0.176433288686037	0.32161642725758
-0.217892296445886	0.514116686861935
0.356084188320064	0.884364949950586
0.288806297430268	0.690704788473525
-0.072104467527853	0.125586325760797
0.274334861396789	0.436927755872714
0.233519259800182	0.44740695119114
0.120607835197067	0.180664174048585
0.135553357817761	0.197158234818667
0.309502985880806	0.575267724749287
0.243134624656421	0.426483383674704
-0.0475727920384317	0.0734969778145331
-0.0456486620778886	0.067476816958428
-0.230493572819252	0.411014538444238
0.429488863641639	0.819372800308058
0.0877669335870895	0.123798286300391
0.200650866734493	0.380411444672335
0.158605823137423	0.165086952185158
-0.265923518526777	0.298473087589231
-0.168549205209411	0.254556215863478
-0.0277070990496391	0.0372667629225916
-0.0688889146857304	0.0948284260062628
0.203748728163286	0.321668801329944
-0.0192752830414109	0.0265337435143345
-0.154292574328439	0.220442409341456
0.0639230542188966	0.0601740864566141
0.00187093183007854	0.00191784578819627
-0.204552397594936	0.345897723352142
0.0015029997021671	0.00186741769928937
-0.193387145517029	0.281114145115197
0.0848902949586672	0.106415295617725
-0.531964315871016	1.00411451201039
-0.116383647901114	0.187609515414653
0.320814522584938	0.547900262248408
0.564568723514863	1.33184982531281
-0.110060647992902	0.1375951519652
0.319689825479815	0.461199569680406
-0.140089721467965	0.18525850176088
0.330877447352959	0.348512083424324
0.00785592029638012	0.037242810637418
-0.0609874392120675	0.338154898543352
-0.207432711952533	1.43247793255754
0.0436484527997693	0.177556383638243
0.359423348576446	2.21261890815593
0.495090742865745	3.33369674674916
0.0634045976256508	0.152192193686072
-0.128503388905219	0.136582624810994
0.541676763258988	0.894618366327523
0.180795064350853	0.514177309736731
-0.0747223097231679	0.149620029514672
-0.317882918700151	0.159260749329766
0.237365337208583	0.514513906992081
0.332909350703857	1.19564466134835
0.57993848760409	2.33092977025204
0.113449593511177	0.257926228127555
0.339432666844479	1.12795842188786
0.664745223217142	2.7444388613128
0.350836330508996	1.09552109890394
0.0515469906402342	0.0965942245228276
0.58006917438766	1.52559347219797
-0.0667705751090202	0.0579762290457302
-0.201397522682866	0.388240678280836
0.116901443152691	0.238083243107287
0.0205537571020525	0.0434544928529594
0.046322040362047	0.0583784804570393
-0.134184806988943	0.0844918653911061
-0.294094205026122	0.248365116698801
0.357405753256904	0.359679251366874
-0.524147207414432	0.625515823468052
0.281794619307346	0.597864548255365
-0.0149678074043562	0.0140140702762168
0.243989662533831	0.506773647378843
0.330143994744317	0.887971761639491
0.140449190648234	0.23225641976553
0.0820104364560424	0.108934313707277
-0.113265823936659	0.207253823935077
0.0147510688748117	0.0229011191378476
-0.365065047225862	0.780932296820159
0.287269697496268	0.282643930126056
-0.119422679314698	0.173552902476364
-0.0717300471284255	0.102534196127095
0.0728810367322099	0.0718281948910499
-0.223474416652836	0.39602685494537
-0.134722693145637	0.259106772119892
-0.346492218351537	0.84005775757114
-0.31791608646858	0.543800784964732
-0.310397616700498	0.595671476395675
0.51018805532016	0.556850699516315
-0.678239429754538	0.801894167392879
-0.00227024771991964	0.00168594804489395
0.447961395474427	0.998836566108614
0.307963762045595	0.756675431013754
0.380600747934471	0.445790356498371
-0.0579346235314727	0.0461472034107469
-0.00863396397442127	0.0080677761512985
0.658662397040848	0.935765225116934
-0.0726348841450342	0.0715388128910452
-0.163920248657979	1.50148909656653
-0.288408108647547	3.08397819073591
-0.083717669087938	0.453208262681405
0.487384864579962	4.29887881027854
0.429660852830039	2.7694584750183
0.318163814202977	0.358543465288227
0.370662465999771	0.510819067772532
0.47992034672124	2.08733571835896
0.381251642281329	1.45868348611095
0.533978329330692	0.259761925954912
0.32699437438243	0.809530215913592
0.397699170753719	1.65399904878251
0.0473970651996424	0.0972272374437545
0.261520111353305	0.827470023851066
0.272757513401831	0.865370712060367
0.400956108048022	1.33001804221163
-0.0265459258729712	0.0461312174296136
0.187921469948782	0.42709653086517
0.174144091539748	0.247015722210165
0.209428050812589	0.211675995051092
1.09667190405052	4.56687977917211
0.232163677351476	0.587061921455385
0.144213092087486	0.371330089403147
0.564014672924426	1.17728915876623
0.234875238159445	0.160328540559971
0.64046053558385	0.763040348631059
0.885137073262172	0.827578961926492
-0.480412174472236	0.412153636154274
0.342530913464138	0.715760281864479
1.50293275180483	2.77396516882975
0.324911070942066	0.645333251676907
0.0665332489974252	0.122063934237606
-0.154705494891321	0.251539863450077
0.831498971731872	2.05651508819726
-0.0158976235047881	0.0246915080857617
0.18621877674544	0.339982406629363
0.463116542313472	0.983302115174652
0.00446480255883676	0.00310626333585629
-0.0954745903809213	0.107253614912639
0.095813270367405	0.121084394332115
0.492143349575867	0.546971574720713
0.15523916139102	0.25752266468573
-0.0133615396890152	0.0201895602973197
0.209968629491229	0.440223412668092
0.091653392544831	0.115666089316028
-0.141416746108966	0.190082941858973
0.379684105106141	0.352800582641032
-1.33434694509217	0.612671128407819
0.141548781289761	0.195639777929665
-0.0504091927387481	0.0776931938945708
0.398604576290581	0.447271326088347
0.315334773481122	0.259721652631518
0.284898064086371	0.376339896721094
0.103759978556593	0.0962808830160908
0.155032866032288	0.138305420441545
-0.152590165068629	1.29561948355059
-0.0598690018420811	0.323970982960275
0.0810143272235996	0.299784119655281
0.466965579473502	2.94297311659449
0.587042334242643	1.32503433958432
0.463291862719351	1.63377285228422
0.400564019132542	1.48451247391098
-0.16118691645558	0.0659137917970287
0.355958078401237	0.744809181433925
0.201568804653637	0.485556202777313
-0.0276571283914255	0.0505417046164811
0.261209197083387	0.709786346812605
0.288198125547165	0.699018656501044
0.530276515647796	1.64180152138964
0.242582980904162	0.605546484455427
0.209110637614232	0.416833984740577
0.390047261583356	0.778801323915348
0.487301828203634	0.782759329798985
0.253208240962962	0.494629253550547
-0.0105319078648258	0.0169044681404695
-0.361688784590608	0.98237717397519
0.496970498047013	0.937392829381844
1.44155147580177	2.75186193536062
0.599201634296798	0.742284078826427
0.206913539821282	0.180123818553345
0.808182251933748	1.10113922061072
0.548481372320287	1.18349229536419
0.408795557552701	0.525723696869798
0.00809521577330752	0.00961029977749928
0.318730273582416	0.601001165549283
0.522031577927618	1.19973793415141
0.569259028558129	1.44979041144604
0.115533285127662	0.162178655427709
0.716202928222104	1.68882496437683
0.180408407026048	0.27749617601541
0.544403407226936	0.842202837850301
0.200818394037784	0.236387491160191
-0.0690321111182612	0.0803169605953958
0.213234181279046	0.254990396491828
0.394012962961818	0.7474415417669
0.348894363720857	0.661035229304998
-0.252762891518354	0.413984119747143
-0.176063482760194	0.266875219401504
-0.155821170266303	0.184255343498463
0.494207900064068	0.603426782769683
-0.0120842867851845	0.0102539547298859
0.323416050581924	0.452275823543879
0.434927880629078	0.800916356857868
0.000768565365919239	0.000849065994222628
0.00558383281352388	0.0260911344509223
-0.063766238082225	0.338001661139446
-0.357126271012427	3.02273294953847
0.289754082138178	1.40483650811823
0.522967371729843	2.82784820192281
0.365148123491029	1.54368204384138
0.0940094690975515	0.0348134753508526
0.0714504056741509	0.13400092298735
0.366919311957171	1.5481452693067
-0.112924263417344	0.269455965874776
0.0381921164360535	0.0841744345788131
-0.0929625447581822	0.213244287691504
0.195658261538078	0.477204487593271
-0.0556858224126354	0.106918905630895
0.0588893870271252	0.110854370327928
0.501470079015324	1.2641902412718
0.161629908173178	0.198040135880307
-0.0145432029830208	0.0222816281315591
0.22175739004537	0.555804934478926
0.347845948260057	1.23298080835672
0.185671872636009	0.290799713709479
0.0204636595274826	0.0178601773817359
-0.400746166143269	0.355325680820874
0.0834016630859809	0.0711740603931541
1.4925542517641	3.09635339001089
0.192182793232122	0.338663529213471
0.519072712360335	0.717664599514731
0.536177691280626	1.52642940832052
-0.209045843656202	0.417585132760184
0.0905334141681792	0.144082694387542
0.198163449959722	0.293920067390745
-0.0368879041514615	0.0554915410929417
0.624171370503725	1.94836927503252
0.236243409652189	0.444073413829208
-0.420921209683139	0.622338993635913
0.234946760042607	0.346238055042388
0.230004542933443	0.365251331142633
-0.0963801324563501	0.111119962078094
-0.0203733092237452	0.0272984767554999
-0.151956088511183	0.283086862371424
-0.00847078901502012	0.012825868620017
0.105377667543992	0.151330508396788
0.127612641027893	0.18001561878948
-0.133571808494201	0.122863312833138
0.157935635081264	0.212950061851859
0.326702843386379	0.698849357141037
0.527215958831165	0.791913513406729
-0.102309133939779	0.714773178591748
-0.176855799951482	1.45024738000842
-0.298412468370606	2.56139829619095
0.250140123837664	1.38180391702766
0.516777177730931	2.38740829078922
0.189898197445762	0.617883284512333
0.654957756340717	0.496365978275015
0.247111461063798	0.5149647279558
-0.135363101253669	0.31318931180085
0.0481626855961288	0.0951367340998568
0.0384139695135896	0.0701167877117764
0.188203881313217	0.339124303300379
0.442496745767912	1.26687573728499
0.416211092712274	1.31631898221794
0.546535802511131	2.03561520207026
0.0856051790855502	0.136317287358788
0.337463567900248	0.608875395333885
0.0932312898653902	0.16286000600844
0.343561442448636	1.06348906037428
0.376635964386717	0.917179587242283
0.508634608860594	1.12063042599979
0.522769040623754	0.934338409973303
0.497689531460203	0.788086518737866
-0.132050856554918	0.150041725125827
1.03401805620092	2.61699777109984
0.460044922437442	0.991433538799545
0.581125465216028	1.3454233922162
0.594700942165858	1.539700893201
0.0578146074489755	0.0816634228559295
0.365176687838178	0.83790593902546
0.491391947824833	1.38277139173963
0.0739397383007304	0.102143870387075
-0.225243070388335	0.356167442142602
-0.121631175050944	0.174063162052224
0.375751410570791	0.660782136847589
0.186402959624985	0.266929027655092
-0.122248059770038	0.175352513552969
0.300376093467978	0.498324587630869
0.299315610987283	0.593849624124556
-0.285075750837099	0.478562555768419
0.00402531266244406	0.00492925494320971
0.176639151004211	0.292519368542628
0.367344869280072	0.677330890239326
0.291510224053188	0.371390661218466
-0.0673550802856996	0.419451492401931
-0.0850195504980641	0.483420861836158
0.279566762910698	1.08075172676933
0.263962270827318	0.138864543888423
0.205522821691138	0.545271810958418
0.291501856685114	1.16787644470593
0.210392347532888	0.672314190462617
0.126337582099805	0.329519633540687
0.604651840117647	3.05717464408742
-0.130654188836284	0.304657018026101
0.283520128496269	0.872151180374669
0.430153674512978	1.64799480991324
0.489589863512522	1.17691461308744
0.901754042517769	1.48184946328
0.3706064153917	0.978001251726454
0.469876646649917	1.69137218377686
0.239389106734071	0.674580990255939
0.709674813264393	1.63084125439457
1.51974783993138	2.70202356627745
-0.00481767855156832	0.00410562727529987
-0.0263781723197625	0.0187523900969305
0.883634977272244	1.11841470754565
0.54911965243063	1.56599313646143
0.219009439070856	0.217140520173692
0.193167535516236	0.367670803510889
0.506636018943647	1.50778265111511
0.335265165184895	0.834854548366703
0.933610422316855	3.33926143415008
0.202961815976675	0.431190565266312
0.102551905165285	0.173105441141034
0.213551532195885	0.395565230070973
-0.198614973383404	0.190870787661418
0.197486614954487	0.285508001075596
0.477329233918601	1.21315127863735
-0.306459001871205	0.37225622390954
0.393443896559223	0.901897337444551
0.354359442299198	0.913686087603221
-0.116796881453168	0.204887550321492
-0.15922272673883	0.243788573284243
0.341066160585898	0.596228773540471
-0.217866933549124	0.167248292793845
-0.148171954166038	1.24387055802114
0.0451499536275948	0.230257706815949
0.583223248421244	1.84981717843903
0.240699182071633	1.14553202473423
-0.259427951638713	1.17140603047691
-0.299166602672181	0.194322553661785
0.173790563260993	0.50031271136494
-0.129666369641511	0.44844604975179
-0.0497543738524248	0.124250997924139
-0.196731511165036	0.715677143993363
-0.0177637578364748	0.0374092445110559
0.244492373185993	0.746613744362233
0.0523480295207489	0.113326129120192
0.250161422744637	0.784382938258781
0.760159988100067	2.66532207472096
1.03812270981408	2.26408079334303
0.197987385221321	0.441321154216831
-0.00315507610651584	0.00605749160867959
0.0780256322380794	0.18844983822023
0.380159015158117	0.738342614269657
0.593218552582871	0.745421670423306
0.961978680086886	1.34513922203816
0.255427505693329	0.265926034874934
0.841140025014806	1.31975860023675
0.350164838923561	0.883598188948179
1.0397037927145	2.20643437418951
0.570023817668049	2.03959299561055
0.261885827462881	0.664898065039128
0.0418964492675946	0.0618165457538105
0.509057441098326	1.11522318538737
0.232684583816977	0.544367869591548
-0.287520732997649	0.706512635316989
-0.136349881219262	0.224368979294414
-0.122330079962448	0.100879347102769
0.0433113505419834	0.0540926937320044
-0.0397775575184696	0.0542415205333776
-0.201579146555706	0.244730666841573
0.0634917278448411	0.103648347538997
-0.214123160930901	0.496829199582333
-0.0884456556064358	0.176939241911714
0.305362418760062	0.595750059868434
0.210576645159418	0.194142297636519
0.226559789671372	0.179674641332945
0.35381086102608	0.347273614839163
0.297329152734773	0.602373652488365
0.204561759851777	0.465309868794433
-0.237385856393823	2.69664564073737
-0.202384566060556	1.74600191917793
0.513327624984733	1.68225348455052
0.456082165105228	1.47880580704201
-0.544671148700662	5.62910059699459
-0.238814269506032	1.23211618851814
0.0770937243858386	0.0619042384622953
-0.170755650578787	0.590009880128179
-0.119742174854211	0.456724392964597
-0.425004813983831	2.39572602075939
-0.193326592246304	0.738496405721148
-0.167621689183604	0.567470155145789
0.197638376928882	0.600451592015747
-0.193948583460624	0.571483574844696
0.184046572257855	0.535715753460144
0.52166308794972	1.67374992782998
0.319395555892057	0.439632161443267
-0.0857370011671798	0.178481719089532
-0.0813064887464862	0.186490801102433
-0.435400787863885	2.50434063574331
0.420427251322876	1.13764216858016
0.96683802334416	1.6094599527094
0.846604239881376	1.16623770489591
-0.173933419527804	0.142472531320187
0.996328094636561	1.72959903155447
-0.0181054892553625	0.0355533885177771
0.774063926607874	1.10048378958043
-0.147082327380396	0.328770789371837
0.00308186288682128	0.00600928283650168
0.157426175086561	0.334094897434299
-0.178684133507928	0.316510336372836
-0.269253449069111	0.822441777686421
-0.164461102591239	0.400468017471804
-0.217289374886895	0.479221839977308
0.606862188144491	0.74206789259336
0.117463463075039	0.19845881706666
0.16153003096006	0.299625056805346
0.254245985583321	0.304717112333525
-0.0327772651923963	0.05465540481459
0.0442747718954091	0.0735437482584331
1.11744693209307	1.47698751976812
0.954606757488715	1.2513076918558
0.152825558027298	0.284756073363863
-0.201162181915023	0.544978036185044
-0.0395100297215261	0.21118901178323
0.327141977959516	3.13366958707928
0.0495666376544076	0.192528528618959
-0.189370646148409	0.947881944686447
-0.413382892852961	2.9218344422851
-0.548572150708015	4.51646048027292
-0.551382287086338	4.96297758944912
0.157688284605158	0.157073778088188
-0.64856654030292	3.83879151909776
-0.385831636001733	2.00707720142595
-0.322747378443523	1.19804408494012
-0.176873078323478	0.480255200350948
0.14646766041511	0.303894164142563
-0.269880241479728	0.66158801339777
-0.0600003175772243	0.122046821893679
-0.28330243375034	1.00241945945824
-0.311076260686341	1.04964634197956
0.092863450158768	0.160074503718508
-0.28983951282735	1.00430255249553
-0.256842065234797	0.796890406970485
-0.549347835839008	2.90036527575746
0.301481639010637	0.966948120333171
0.065481500797199	0.100548297545884
0.4582611814084	1.1273308079149
-0.186898746548445	0.325969106442621
-0.278151600769944	0.55031952296664
-0.469910875393112	2.0083659931871
-0.051688914291347	0.0822515327922639
0.00725117940092572	0.0114161124280438
-0.33656153075628	0.80647298628931
0.0513264636919156	0.0740485554500998
-0.203055821863981	0.472265116843584
-0.127107591173201	0.191703538224694
-0.316150175650965	0.867992687186781
-0.210266591368019	0.560372504936058
0.360092363823503	0.917866360411922
0.123944769816833	0.178659342709956
-0.366675689519266	0.889513109695593
-0.257067699122848	0.48615387797211
-0.1028426490479	0.132422930014562
0.00424335750564776	0.0186702840556011
-0.0365918257636613	0.166287089215289
-0.0885498078880878	0.427177384810319
-0.29018335787829	2.23095396594197
-0.357498859201823	2.98798922400205
0.335040068765636	1.36428548187312
2.06265017379204	1.37424392805891
0.0996236470448107	0.11774132466934
0.417271970672193	0.810948059543882
0.0273946249015773	0.035641234130132
0.308595607325413	0.363446540218382
0.749075884583578	1.88048260750858
-0.142010866848012	0.257083047341647
-0.186603018393774	0.553070340591423
-0.133788504038913	0.405061287075431
0.0394061596067501	0.079100738376547
-0.185065073454627	0.346027364576902
0.622083780203948	1.39109994292589
-0.0674728705735547	0.136148556794407
-0.121058726674527	0.289384041745053
-0.0381753004043507	0.0791538658658389
-0.152680635172786	0.385207032529409
-0.412805458340971	1.23043597413462
-0.0714342615611752	0.118338445021083
-0.395449964164967	1.10414883425883
-0.265564803794192	0.490511711593436
0.243360336794388	0.316057481664642
0.542388520845247	0.652091360045395
0.206095284989692	0.203068617892894
0.104912857014358	0.098794410652727
-0.125695616632488	0.259651113187264
-0.166789041390357	0.401907199545689
-0.242883043455907	0.520226422686521
0.0474508130003074	0.0547845560633527
0.223171814267209	0.51704553363258
0.126745507600866	0.272907476674259
0.0216432691096822	0.0328653589323881
-0.277458180185874	0.534143011349821
0.280885828622364	0.396392160642804
-0.0318793015711247	0.161496192905209
-0.104122143321937	0.608354647789483
-0.0998232292873441	0.500915186790859
-0.217380150554935	1.41676541015712
-0.22968984951533	1.49466490276251
0.109092915122689	0.270950770609701
-0.461431018118491	0.195198776855246
0.470790327693772	0.522539636488673
0.157066548237325	0.220568681076612
0.232221853583993	0.416101323314266
0.200539860775403	0.580229941030576
-0.0474931916474666	0.120802120954332
0.245570973488488	0.679153600479694
0.0112404610317833	0.0147860794149607
-0.273592670515074	0.418329555917066
0.162976080529803	0.383867519779114
0.0634932402518362	0.144578620275331
0.0654372465557052	0.151498419536011
-0.18904955021189	0.527648130449902
-0.139215228494491	0.300133281495902
-0.388480902564762	0.961519429483412
-0.648515965962314	2.33457804860586
-0.061302434243487	0.0906872338702541
0.324329826144741	0.558387652249457
0.696873417797986	0.974160303898613
0.0243489759503636	0.0466667700187548
-0.195765878627249	0.501841079208483
-0.114758220293254	0.259985798766961
0.115533045368535	0.208891472424165
-0.366546386795124	0.53074830875489
0.227820817460717	0.591669095339482
-0.0248046561259591	0.0470688148318282
0.217907086031753	0.466356988106686
-0.104942870227533	0.174020567435027
0.015979092780762	0.0198020341631611
0.0305545046799914	0.149582925858081
0.00760222001741734	0.0302494077713597
-0.181904775197523	1.13173853961969
-0.172794491982653	0.974097098700444
0.477569403162451	2.12927032181833
0.102417127873132	0.0547204115650852
-0.438134797395872	0.882188712957778
0.553037595843415	1.44166871935272
-0.0650111621274864	0.143351382377506
0.235126056468493	0.798241404958967
0.499309302861841	1.85641580570184
0.133098663980135	0.205386497750869
-0.00616320456914641	0.00661800535323002
-0.00535337014412514	0.0094196434408688
0.0946575276776671	0.219685085128383
-0.0644346158831659	0.139518321564975
-0.220152874372683	0.59752580311691
0.144054956374844	0.312044637446006
-0.297842121535938	0.660599298835519
-0.0976119830018993	0.168818569788718
-0.115580732943406	0.145809407749353
-0.0217450714585538	0.0174235360560979
0.101772334635364	0.0960953717094385
-0.171060028302507	0.306261039099276
-0.0792660754461805	0.153122274326929
-0.400699500939153	1.28508315772596
0.107330651341383	0.226811368095504
-0.216617887856301	0.449972747844673
-0.174191822748986	0.207747019526928
0.156946092874033	0.344637886003137
0.0939767240345496	0.189389990365089
-0.144959190072892	0.283754101837713
0.14881110094407	0.256594593810905
-0.186361301105075	0.266452565860557
-0.00104448761978218	0.00445248002731582
-0.140060740305406	0.901651651455205
-0.0166599989994259	0.0612204875605393
-0.289912294178095	2.29177936074228
0.298948493057585	0.577553367721334
0.14969258017508	0.393897652641278
0.0502898220471905	0.129102471578857
0.365544761207309	1.12454918675068
0.346055427803859	0.71067687015258
-0.195986459227759	0.279749007468264
0.0633507948471267	0.126000004866334
0.0847051096338523	0.192260583284122
0.0699280097759359	0.147674820112934
-0.129264374190264	0.320280080463075
-0.219864454940247	0.550582266934135
0.0433925265723691	0.0685261049527111
-0.0223899210882	0.0348879678023914
-0.237113161577062	0.411421842504596
-0.270742318731698	0.295241881253386
0.32841438194834	0.687824798770617
0.521040753981201	0.631810358862059
0.503872843381673	0.719260439701853
-0.0448859241946434	0.0595681707486253
-0.578170980959644	2.22939566806404
-0.134922580773249	0.309959166521329
-0.161201098202195	0.370661495354525
0.415960624058685	1.04341825846054
0.10736693005222	0.122961122205316
-0.0115208489733118	0.0189119322683644
0.116955820859242	0.249564254960413
-0.0365462054573566	0.0579740135268092
-0.0299450503747621	0.0424167206344528
0.266276313685079	0.387111609092279
-0.0129684361898903	0.0584410238142583
-0.205960193163441	1.59593008162257
-0.224542118821348	1.65037963580776
0.235857988216681	0.439081894356444
-0.14422809899394	0.402586257691802
-0.00865521615778331	0.0188240272307971
0.219128592757918	0.585567245307452
-0.159976804654295	0.259513775453572
-0.0836720564724838	0.0936255502939343
0.375545054757348	1.25856214566098
0.111218259245782	0.276414097451975
0.137490510194837	0.343530832766969
-0.025552159243605	0.049460179934327
-0.151230701889476	0.347553627283629
-0.320374832785608	0.721164746349924
0.289953128275944	0.699515049075075
-0.521637278445424	1.14489776884575
-0.266995111795889	0.268735563909338
-0.286436169607714	0.561934514568875
1.16459398833277	1.68825530155195
-0.236257531958002	0.588715434638222
-0.00308685746425809	0.00387239180427775
1.4378684968958	3.02028134315703
0.267397653115514	0.266664615426573
-0.170326149335647	0.334318966247098
-0.591772007888669	1.58270235792276
0.0535391233971721	0.0994963259079872
-0.0472410738198623	0.0889019516421493
0.223263052324578	0.55178530368361
-0.056331671570691	0.0870286431530381
-0.883879235015214	1.63903387392042
0.048709549279999	0.0888572625539522
0.162801337127651	0.360396196208157
-0.146592198114239	0.270171757180299
0.0175801798892464	0.0251100465382014
0.0324109311727287	0.0330423936285992
-0.0721002186347773	0.421119899099252
-0.178538575722614	1.35011451588477
-0.348734301725632	2.63390853153559
-0.138196438267965	0.240809031438918
0.269169052342977	0.953010990413864
0.156774362897098	0.491917389702529
0.36759758689814	1.30808167533334
-0.178821924239468	0.276725417841539
-0.456987312125833	0.867200898122178
0.0590279339572108	0.115118172371849
0.244529743346688	0.782622712620564
0.085027065724305	0.199110445794549
0.123909863977363	0.315115781660771
-0.0834250353823219	0.162261963985538
-0.0676623013817732	0.104694097156055
-0.543169724812197	1.67739320677232
-0.576653723454334	1.45321542207841
-0.238889957866162	0.224893183006327
0.0824029241554008	0.125781174212304
-0.102500541678776	0.0679448408734158
0.250210142791478	0.43181569820007
0.0394157275336495	0.0603391807955757
-0.200989774237817	0.502456641927926
0.160453455919499	0.213160312250878
-0.223727117137936	0.213701626420302
0.360950139556455	0.434746343395432
-0.21395577874265	0.440786173268173
-0.198555857117296	0.320186566063335
-0.136276260030501	0.314728763213887
-0.160919806247647	0.370154292609961
0.124704579387076	0.274080302371717
-0.0346119139329104	0.0528178997497114
-0.659864055539795	1.17093785978266
0.0347175373747735	0.0621106974746252
0.188808245621125	0.43262903525313
0.148615722844495	0.284090255271557
-0.158399487400722	0.252955281990148
0.100039723256938	0.121289567688996
-0.00706313754431675	0.0310958928223717
-0.0203467247961603	0.0779337212386256
0.223885584280262	0.532929846273538
0.0162803259330518	0.0372604285410757
0.239732685160397	0.918156902514708
0.158871627738786	0.42674900781611
-0.0406256997586052	0.0672681425446518
0.0733922652114278	0.0938135322997416
0.339937026646665	1.10909272208271
0.0392040956281289	0.0842536359508896
0.191600257247147	0.561571994341979
-0.0754904434184986	0.168819483011844
0.0799218670265526	0.168757977722008
-0.0825447301819536	0.153805613012894
-0.350529936073675	0.998384449687801
-0.305416813742618	0.649979430764307
-0.354155161654934	0.482890966883717
-0.0182367766685763	0.0238295564655218
-0.671143884925285	2.0965710951688
-0.0830160062231379	0.0640091268742893
0.239361189386691	0.290254540950512
-0.239120449870258	0.410599785231371
-0.317547435597992	0.75306012886688
-0.221044758997281	0.554197797170368
-0.182938285804478	0.284255572981296
0.367220629472713	0.438903043189289
-0.100233526945388	0.100343713490214
0.00188990035420356	0.00286445504497223
0.0168173035711934	0.022967938130022
-0.0837934236820987	0.183533174771334
0.00720544639515259	0.0127276513461679
0.0560102791343924	0.112681503974392
0.140690113627376	0.26272163387914
0.481318210027745	0.957664363363549
0.232458369253257	0.583355778532837
-0.16534646943155	0.379542051683003
0.594666898945587	1.8658025365829
0.205020086562284	0.382426179944819
0.113400761831003	0.13622136502597
0.0897436478364315	0.610797197744199
0.0364712331887478	0.174883786172434
0.000631724274695666	0.00104098258518768
0.118110453040837	0.567483059242651
0.137040952155205	0.756198815124112
0.428580332290295	2.28988852658605
-0.175852445213952	0.699968623718291
0.180324152199433	0.585292114640947
0.523106301297103	1.76590360114003
-0.103472552899681	0.295619727558291
-0.12720346751204	0.378800582575635
-0.0980462994711932	0.31323057429556
-0.129106403870965	0.337295024039077
0.0584857229925949	0.0859653947329588
0.245176492002435	0.448400587874382
0.071072019364963	0.0970410692730311
0.00240854317433859	0.0030915553954743
-0.401551464529059	1.75955824120154
0.116581789656227	0.185296127792297
-0.0342584564589871	0.0688295815051529
-0.345975508927783	1.18135158509427
-0.720773564132369	3.44711327965935
-0.247477679527965	0.548721990667232
-0.453026339469682	1.74540642046332
-0.591791831578262	2.41808595716193
-0.307993683019294	0.879741816754204
-0.211623980670891	0.577742045218982
-0.29848232260929	0.645344930767385
-0.373301942037114	1.1933564414319
-0.0570301158009738	0.109671386908584
0.206312411890921	0.533130533429707
-0.62552801803369	2.47771073116168
-0.400737441131915	1.41330626398631
-0.143513569782157	0.220746481514773
-0.21623050937708	0.302881724550469
-0.101343151947267	0.126121908595821
-0.250497154534589	0.703494799838038
-0.419075106216981	1.73735747868881
0.186313185901771	0.348232782752152
0.737288898132078	1.75047475085245
0.202209857928681	0.42629321422293
-0.067986556058149	0.100648403207947
-0.268179595075512	0.539796053008629
-0.236249100982009	2.61801437316368
-0.32995112729676	1.95528730382793
0.0356183477536634	0.155720142496143
-0.325361612424253	3.42849279126797
-0.000177757602242137	0.000613926059416507
0.359981481017102	2.89517915957096
0.405072665107854	2.22759303149666
0.263999187492554	1.12751150020082
0.0752297935689704	0.229150937091704
-0.0245819809852648	0.063743300836404
0.572173504858486	2.59965386347359
0.470882735436005	1.25612612489324
0.214108076643661	0.64904825250729
-0.0672276874194422	0.169632214455569
0.0392413671609041	0.0931136125846251
0.598698967500143	2.45737758524754
0.873220563122717	2.35990606147257
0.264678558131356	0.405520522776645
0.689992305719526	1.54769089085015
0.755376131420178	1.56040163144475
0.298053770796547	0.871192704995605
0.461076934987379	0.990998269096491
-0.171058716313849	0.365208885421854
0.0319222529890912	0.0566658173199389
0.104626267151954	0.193256816706374
0.308762194746325	0.750903331269416
-0.161906426627344	0.335498515170972
-0.223093733231443	0.518975026626882
0.0490366189831964	0.0772404489283601
0.359390035133843	0.855294037938592
0.3070142491259	0.718750905497882
0.308327610727029	0.544602352858292
-0.0922497947427163	0.169104076564908
-0.281709009625009	0.745271190430828
0.0911356753436286	0.173848692492694
-0.351587193411891	0.857465092788032
-0.0198773076389874	0.0297073316306295
0.716189942668669	1.40311069091991
0.766799441289074	1.55694525050437
0.0557224187188586	0.0603275289230933
0.016090437437573	0.0250620211207747
-0.122847075101286	0.252547935680275
0.621493617806972	1.3423790822839
0.633524231789357	1.25695243011787
0.560597317045692	1.35977708443532
0.0313619255392773	0.0354198044416176
0.387892410320154	0.621539249560218
-0.0680429391358441	0.12425558388775
-0.380078692839811	2.03913498476404
-1.03188367939217	8.26277285758167
-0.49119194125479	1.20448654513353
0.207139442815448	0.292601034696585
1.0622140045614	1.44135116515801
0.105074295966323	0.0603653809511893
-0.753636514290913	0.684645581837699
0.226213590351636	0.156471197575453
0.131895980821695	0.032565204521074
-0.387876938505693	0.114973131154919
-0.716748729427958	0.430886074856429
0.540511867430361	0.382784332480879
-0.114178025595257	0.0734565496164357
-0.374907485224987	0.177254965289613
-1.78465645045878	0.426908302872845
0.627544602140403	0.19579358232226
0.476352405869912	0.166195329471404
1.97380475978639	0.507300323751526
0.083616020657749	0.0279007416057448
0.332067273630355	0.146581105132076
0.100186214223273	0.0298191105273329
1.26589207894712	0.547095100965219
0.579608034679136	0.388107442381955
-1.01608976433914	0.633222464434009
1.26944399805933	0.548569048897356
2.76200789831747	0.82043550292207
-0.638863462349974	0.156500619086685
-1.08526070911993	0.439070474109434
-1.03854715572587	0.513603582225241
0.113059697529347	0.0325124025532658
0.161561791226678	0.0319809243486957
-1.08826743339374	0.4493671857593
0.936949289040237	0.252050724097018
0.155898567890998	0.0309449703044398
0.136398040912652	0.0345708776686656
1.78350221914102	0.690797209478695
0.327100092944018	0.14338056523758
-0.780239384287788	0.272103182383919
0.161561791226678	0.0319809243486957
1.97468705919913	0.505783057758019
-0.127261455439895	0.906802422848887
-0.0494206863559201	0.248601000046313
-0.064457591212809	0.265400322812686
0.302066977892698	1.96864784283354
0.512039822549621	2.52591856933216
0.0577571920521284	0.129489758558855
0.243450437872384	0.717014832168815
0.678520465944424	1.76387657676863
0.97667865360288	1.89523755976313
0.0556671873097799	0.0890575373747304
0.19224596761955	0.420830034689369
-0.173520405657752	0.46030221417675
0.976491083440178	2.55964412957177
1.32103351692686	1.77305588169434
-0.0950167687150692	0.0624833440731953
0.0791756782070527	0.0360980523720418
0.512235231923435	0.480729855985964
0.0595755609450811	0.0813545670217187
0.667631028222749	0.516046822031872
-0.155792841287287	0.239623710407838
0.168950267106235	0.318420777748181
-0.0587944166092722	0.0721601298807117
0.351496257232878	0.441193864943492
-0.180034871417411	0.343423326696071
-0.353268824238469	0.748658597382099
0.254636437864286	0.399055749921784
-0.0935615790278618	0.108607297033155
0.926513085568298	0.955146978980883
0.205156712361081	0.354481988417164
-0.232180575846609	0.418542978859796
-0.188335420321598	0.375119698956809
-0.281866107423407	0.376536272237926
-0.505239378501946	0.942636611844777
0.45065223129721	0.364072924149921
-0.349806063920062	0.222988104123867
0.619858051147975	0.5007127421705
-0.265053289792371	0.393350049243778
0.10136830558446	0.155990458148866
0.408059032815429	0.261435113027865
1.41015894012572	2.71480461654917
1.13581027913905	1.67761378610478
-0.128451013632493	0.104364093808758
-0.0735154972917072	0.468366315742591
-0.145570383278991	1.11446138888117
0.129812543009727	0.791716216619681
0.478824084484563	3.43434497159105
0.53423884910396	3.47563975411347
0.862555527037722	4.2378177463094
1.15824225300111	2.62586502287057
0.518846970385826	2.13503574373306
0.407802566485741	1.75042550459615
0.17742363341602	0.649331652522526
-0.066635562922769	0.10357651029333
0.846136964339339	1.20360525489384
0.223933125456711	0.171102685187905
0.208478603290443	0.187553078794926
1.22526857034333	1.99756472726822
0.226611537204825	0.477601797392086
0.757337527140561	1.01944918682245
0.266830151994862	0.683629894576848
0.0532788422195698	0.107941898463306
0.161840112482218	0.304339715625446
0.527271479730414	1.34442387833226
-0.237023072535046	0.640025198244228
-0.123121352512058	0.264216751293897
0.476390678956951	1.33552979377599
0.130072225427882	0.0906837457423988
0.137488236961187	0.209934260577063
0.608951118093169	0.763833698774082
0.0665267218452861	0.117697518072232
0.257548936673605	0.720353297145481
0.0695807306838485	0.152390059421195
-0.493445972291453	1.07019986277737
-0.00520500330958346	0.00695467844141157
0.0408799370710556	0.0283243069547603
0.841944585302597	0.692935425920445
0.956784812087708	0.843706536555933
-0.156921099819468	0.260252692762569
0.336304571431877	1.01933604296509
0.356129617888363	0.254198326412389
0.123942539517514	0.141379501098743
0.904749355170112	1.46676712383558
0.279160328428711	0.371809054364785
0.0152065578105271	0.0737419773908169
-0.319518768589603	3.79414645807769
0.403829529165235	3.16981143480905
0.220834838855496	1.15350856907479
0.276376268753731	1.25045626274444
0.705413642960676	3.12530340112076
0.840692463348185	2.1310915879222
0.242050972418747	0.663425887285182
0.118918123227886	0.330059308836679
0.0866101917080414	0.235358787473673
0.205778751679325	0.363716438206898
-0.12029936671424	0.113793909673163
-0.0517595718438345	0.0516027824124847
0.105252712159418	0.0940693393142222
0.267103263417988	0.265758249336229
-0.22678144098868	0.457407367048867
0.964389332521581	1.70292854403051
0.223865260398374	0.476580030436339
0.257086383291214	0.639600920415122
0.437197934172019	1.13931779099085
0.256186662266314	0.479252834219788
-0.0527575214130668	0.0932242119091937
-0.0536871930006503	0.0958790574426285
-0.142275765348272	0.246317419028172
-0.0737419052553036	0.0556346531280516
0.0489275995201793	0.0598314309568037
0.57619560041426	1.32746328024614
0.241684390927122	0.287958550092931
0.0375113589061017	0.0551984343402085
-0.138289387669685	0.286998760654508
0.158039501092148	0.362902208823224
-0.668475675257352	1.72190641362208
0.07585950916472	0.107053226950427
-0.0472167273099129	0.037891417831258
-0.462812041884325	0.473649093760708
-0.141209024850406	0.126094793562219
-0.122641022226745	0.173073919087373
0.0963641253340878	0.164282005940425
0.338739071361374	0.344527218219235
0.00560223006906924	0.00454795388383453
0.955498217794917	2.08690910110738
-0.217671191195446	0.226383585148863
0.454648836962378	0.5257117093746
-0.0655694872291003	0.407979761386055
-0.122240708306889	0.815020215792607
-0.0855735853796814	0.430188680031228
-0.404828758033682	4.09225897666888
0.101594355699353	0.407715206018195
0.808860187807494	4.92654123249035
1.00347141430681	3.50380924556577
0.0350054638387419	0.0764105421698037
0.0761939266849473	0.209893969700379
0.180643814743078	0.699271137416068
0.439069188905083	1.09990889635545
0.352869774347447	0.412002940895933
0.980709274401674	1.46193735305447
1.38331127789648	1.91635734389919
0.21707005920102	0.15636592537566
0.226140560831205	0.460671462175831
0.15818717169586	0.155133365041481
0.054401526572321	0.0894368374341525
0.0980103855650472	0.201926979687671
0.571964956938746	1.71427422555447
0.437335747324879	0.976223656446453
0.223487226059323	0.549287684612215
-0.0899121813713885	0.170731069733447
-0.0715312401037659	0.113419732092162
0.931916038484925	1.33876287455231
-0.0235225292531075	0.0269636189527944
0.0390488659110104	0.0497253972891569
-0.154129501057048	0.152540074528524
0.232509363584557	0.470850346693031
-0.217958078889596	0.517371018867338
-0.550059166066374	1.92418586401714
0.434003072550436	0.89809776228368
-0.0330659899567281	0.0456433517318495
1.0117655877525	1.29070411832466
0.729950296228365	0.701990079342118
0.0319049431314613	0.021392084213336
0.354944177851456	0.734183599539541
0.256258171481183	0.57799469381188
0.211988668281788	0.189099744025919
-0.12904320072606	0.0966443169621286
-0.0193553069381658	0.0180221654459196
0.996205142547291	2.01907646610589
-0.194976583057521	0.226558838301543
0.0160269556891471	0.0771656558797635
-0.364964589894932	4.71530061182487
-0.699362913850951	11.074887901518
-0.0858012979093961	0.318470886221403
0.648417034428333	2.81144738814859
0.697112915119052	1.43022475903833
0.0158329476036961	0.034163564790974
-0.275963939485889	1.12267179954423
0.263327794600381	1.20724674412882
0.390531068636906	0.753318160965528
0.0482454494995723	0.0328498192968746
0.772451064404636	0.656149242489471
0.0162451534760001	0.00961861202275545
-0.0954864862665227	0.062370699437289
-0.0402308023653328	0.0627410768012526
0.0567076840229227	0.040114641994378
0.391172037101712	1.05012202961138
0.193458990404642	0.51769668440222
0.261335612513574	0.511562781199595
0.228518116474413	0.302673712360352
0.105002468174271	0.229716533811979
0.0476373068788325	0.0879427610195878
0.416959621289414	0.954751584853561
-0.181133892549141	0.109946519671945
0.296848195106365	0.456748365668221
-0.0881753336655237	0.114303068102759
0.626198184016275	0.508464796919796
-0.188086712709262	0.356898316837152
-0.181406429862211	0.437667692402925
0.143485272204317	0.317283933999059
0.403513881381924	0.709874806459604
-0.1688600511938	0.243730887061653
-0.164177952702305	0.0949850797975437
1.17003884050148	0.934093179418724
0.35007598136638	0.260088484478912
-0.0475141009766726	0.0588611356077664
0.510152767312406	1.78398543739545
-0.0978812011826354	0.0746480783642842
0.897366375332526	0.563105850552333
0.215313468499088	0.210207060923171
0.715828053710527	0.813276463713575
0.5421420837943	0.713022624685206
0.0342101156478688	0.178455258285383
-0.296601478156391	3.11318336855756
0.0760070773041465	0.306112660367509
0.719456586878072	4.71594727812712
0.602154736118848	1.75029624252978
0.311276680351463	1.45494729076111
0.209627910630083	0.860535249291453
0.384414812549038	2.07411252060094
0.708536244819191	1.94721639752672
0.908294313387724	1.52403430547234
0.493418292185174	0.513157932899419
0.927093380476985	1.15269142062571
1.18194197504333	1.96094264193303
0.353337138745636	0.843889309763084
1.0067287048867	1.58886314888922
0.0154266934461622	0.0230667655541321
0.582865185051294	2.157488416843
0.161059886779258	0.271501696672058
0.470540466483723	1.09823095160835
0.168483052059504	0.366928195272095
-0.0808719183671905	0.153541143919704
0.473070149814734	1.16085460410192
0.550933821920122	0.660055492848158
-0.202106552203801	0.295668067781066
0.414681219116826	0.761685379039353
0.730144945107829	0.875376830918098
0.25906753522587	0.546404169996483
-0.158732689706177	0.347100847392014
-0.000633382900522575	0.00112786211209608
-0.303163957788505	0.527885446080405
0.173266391376579	0.244091737219841
0.0345666200520095	0.0226307510122654
0.769387354134442	0.649862399522999
0.689402535854391	0.628027406839072
-0.0797542781265165	0.0998921828263982
0.548177890644044	1.80304316106832
0.292757317213401	0.26934816993532
1.4074460957637	1.86448741100304
0.819642428129775	1.37137707217713
0.0102124887983913	0.00765809146611365
0.0284038109070703	0.0234320614237119
-0.0958505915648657	0.652474549447743
0.0582733969987572	0.293873192742237
-0.257142053827325	1.68957189167644
-0.106422338463948	0.448761639127409
0.0603164826286539	0.20926343336997
0.485613580559971	1.902693978995
0.774381613884163	1.87677607028581
0.638903198871139	1.47821914683325
0.974802744064411	2.29640313920738
0.845960117371518	2.012659943538
0.299645843415016	0.87408593895135
0.316227707398172	0.46852754576181
0.0943426506963827	0.191075542644316
0.0342583703264649	0.0680517928732381
0.39322568414443	1.10491322137492
0.243723427999454	0.519048291236369
0.275180702792665	0.747415441288663
0.020503785847407	0.0354139613085673
0.0168666748185884	0.0268461865544656
-0.0636635351345042	0.0601452623677277
0.380564837942697	0.827973179065958
-0.155128029966883	0.261610444626496
0.13377378268356	0.151539936138349
-0.0285608337957765	0.0443962038467354
0.151408177201856	0.322137111004727
0.109109841685172	0.216672699792621
-0.472528020088094	1.27002706232755
0.180546223997989	0.342006479825005
0.108508983734949	0.099979738005028
1.10410589775315	2.06394752927457
0.0509850185808196	0.0456962057034421
0.574239337576286	1.94888637703752
0.14427797622352	0.310878537284582
1.31732933459914	3.28593704251486
0.361123455520229	0.438263040065864
-0.161425923081472	0.227892942104458
0.403335137216815	0.693966897645869
0.143111288284864	0.168537512648326
-0.0135719524140981	0.0648130551331069
0.311057501044542	3.29308779053434
0.0253142749175946	0.0810390333542207
-0.440564140683031	4.27561957483963
-0.2314586066187	1.36006458009078
0.0461528749697664	0.117033735809578
-0.00656618144370488	0.0102746466541899
0.168617513042594	0.292412941835568
0.440409740561172	0.985150386396078
0.229490920044881	0.3933497521625
-0.234024654024577	0.774885731254515
0.550356580557839	1.56964451570492
-0.0487994237101573	0.107113704333506
0.0656878108719932	0.145939906412802
-0.109088835363607	0.24431075644253
0.0735555891014177	0.150117458421097
0.00930735478171184	0.0178025413745086
0.0627904094207952	0.120462484418138
-0.000895780959364225	0.00163521471877683
0.138045084833613	0.201972346069444
-0.15881795573652	0.320166140553092
0.12454927439404	0.262379855424486
-0.0573274294718399	0.081425604866475
-0.481302167859515	1.79700968321999
0.114544118492858	0.25135267148236
0.0272569037968256	0.0495511657480133
-0.0256939398572626	0.0440387710329828
-0.481657812378552	1.67487640516088
0.492666235917335	0.894030677383331
-0.0380654590844787	0.0437945249274919
-0.49057792159516	0.857139200473805
-0.127939143022275	0.276022575812878
0.0161357433278379	0.0313266746281753
0.236161230111158	0.414823195704635
-0.0137219467605307	0.0140922026178809
0.125698562715929	0.20565516950125
0.141869716040678	0.205116592643528
0.117618575138906	0.167092340154057
-0.0287947059102804	0.144145089511124
-0.141780664922248	0.959303562561847
-0.129169808024541	0.568263945712249
0.130176426199512	0.469319404027898
-0.0119703427971102	0.030404746845851
0.0784549231664487	0.211856572915288
-0.251541779700048	0.883972145131433
-0.0928258502041495	0.226731050981122
-0.157688929935335	0.428007450626125
-0.250787441251271	0.861255501324192
-0.469093205425921	1.82616384177924
0.0878455469280907	0.180567761243338
0.17719695912135	0.349888360470126
-0.408083407246969	1.27021299059804
-0.0904222807617442	0.191254503897974
0.0115704747720986	0.0152174541382102
0.191965414590329	0.335706940574551
-0.194183362319324	0.452201609744738
-0.469895464663715	1.73395749231938
-0.131088317038481	0.294550384764853
-0.430054394147333	1.51404997128471
-0.439041047371886	1.56608229891702
0.0344606411728337	0.0568965515451935
-0.0197891708018383	0.0263891370283518
0.389447389460652	0.866407870791982
-0.596532155470463	2.26239132015629
-0.560838126941615	2.08322446325111
-0.119229871531369	0.262014714196055
0.00272450229726772	0.00440921680193848
-0.200105126747619	0.455700206357739
-0.178789527625934	0.423144015483373
-0.173419696461922	0.362716057873656
0.0451603313806517	0.0811065272132164
0.133117238795267	0.271409808339859
0.029724268602622	0.049587047094942
0.103435532297785	0.175171499022103
0.0592823310026859	0.0789686441548698
-0.0366184249866943	0.184759812620636
0.0782250489012296	0.399994112378684
0.169698814291969	0.629003520729148
0.407780062782786	1.6282956496802
0.329929384343494	1.55623375503569
0.114963418311198	0.393695087584372
0.147854941843947	0.508967865381675
0.10519361279488	0.30588589713532
-0.119806997638308	0.31641030306523
-0.096812989010462	0.195671554429446
-0.479237163124185	1.73864488814164
0.0226403035680741	0.032978836487126
-0.186511697667114	0.208231178401115
-0.0543593537533412	0.0759818642611974
-0.217498257489004	0.450304447640048
1.23710142843425	1.76914793969609
0.30465438090743	0.383486062337263
-0.05159381101966	0.0772372411268281
-0.245241797668434	0.741317613112091
0.0208682100678614	0.0377961113919992
0.0564504501058431	0.095701087630905
-0.213090582216352	0.567373100168018
-0.476065214030814	1.01648034098416
1.47254056747731	2.71029034198044
0.00915052816728571	0.00801254636185909
-0.213703987229997	0.396672508249298
-0.0452421521555997	0.067276213206248
-0.54710655101526	2.50838315332875
0.0829689741002314	0.180804319059477
-0.248138078684139	0.752608002682727
0.138120139331384	0.271746797352362
0.117252319159982	0.118289577767468
-0.0273798523929647	0.0519489805182847
0.10637119594846	0.231005862339597
0.0686513726978989	0.103972045235646
-0.0154322293448563	0.0722205173436218
-0.132595083868004	0.88778489267728
0.153755560851122	0.868881413555812
0.380031139101293	2.41576047061404
0.326217636164255	1.35472737675789
0.142567133785489	0.381814221054537
0.00405026103524279	0.00753455135783627
0.0735157056290127	0.166185246084995
-0.114872904655776	0.339262284960654
0.168770931596272	0.431549713311088
-0.219850615296674	0.642359468679138
0.326600954726697	1.00270410598261
-0.249789367647128	0.6847582627259
-0.159631207027909	0.371116040068497
0.111789595818503	0.208695119671734
-0.151476946015635	0.284006144602185
0.248766099666776	0.612965241721586
-0.316560397726887	0.828693044365928
0.0771137652875618	0.16523783056516
-0.144064124503998	0.324881933004792
-0.154425256265269	0.334384458782008
0.14109847098914	0.27028187869689
0.39176912073008	1.06999528437742
-0.110435553428037	0.202752998877092
-0.134238815453504	0.294996257283011
-0.249572648785384	0.64965425314578
0.012337911313505	0.0182188808496125
0.000505085692483618	0.00082297529364938
-0.0556827893451603	0.0962402407553512
0.0186446788894301	0.0348718187406685
-0.23654901007468	0.682632082942432
-0.0123946829611456	0.0208747299125304
-0.070708415821739	0.446593581254603
0.214076980783781	1.88028656459079
0.292249060574411	1.65097433962769
0.501049387645797	2.30839781566471
-0.00662188675911799	0.0125925700912577
-0.126778088063178	0.278045641631831
0.153097770296977	0.340727211089178
-0.209978017835753	0.772035339010187
0.0841352410180437	0.164736849310761
0.160744390794681	0.48536195522206
0.365130497362296	1.41314150282757
0.449591905596952	1.88154887493191
0.378835863728404	1.40287844995379
0.0743431362245785	0.159407352592411
0.0479861913511212	0.0942428338504838
0.139986329578371	0.313330844580929
-0.0658765658154961	0.0929413060290441
0.0533511230017922	0.0986833537988565
0.143331053220107	0.313139414600595
0.0637872975714769	0.0932948069004908
-0.115730799279489	0.235462796006055
0.240303050179402	0.63750398301224
-0.198345958776406	0.4945029293697
-0.637539804183423	2.51552360655823
-0.107027324589046	0.212231939984755
0.0369571788324021	0.047184378767213
-0.304409897505782	0.502520506037199
-0.491795638975233	0.980826030812183
-0.151491490280414	0.346857301099702
-0.169393267012184	0.469594992507951
0.353574246152345	0.850541017676467
-0.288679825115395	0.450699665616057
-0.035061446480036	0.185569680495645
-0.116869710638134	0.686389625851798
-0.160626689576052	0.480905900479972
-0.384193867102365	1.43256888352889
-0.668555182396818	2.83726741415062
-0.516091874865591	1.86972210954713
-0.575215916453397	5.38937037464608
-0.718316873743108	3.30600781998784
0.0717006741060472	0.236451309947618
0.0892926567973961	0.325541936271123
0.233617434057809	0.858858970350582
-0.0674209034739482	0.150308940718625
0.0767930970718761	0.233794667951878
-0.000444810589956538	0.00100763738239481
-0.154310756715008	0.460918187274063
0.0133235740282747	0.0160871781501483
-0.110973325065573	0.253519635942247
-0.352034732588803	1.2703715604504
-0.105624278775502	0.153320327718922
-0.470635526264793	2.24705365354627
-0.018038649498231	0.0421881139216672
0.0701109034376936	0.195243400135775
-0.253303846676504	0.729638195897412
-0.235558779918704	0.761780676557728
0.175633471297351	0.215377568027622
0.334799448375435	0.467784297888469
-0.200365466097514	0.253245179830293
-0.315150927015924	1.01764418322567
0.223454657796264	0.794325442488094
0.0660959050195341	0.0871312891557573
-0.318077931898073	0.49181288180528
0.0674323934557838	0.398467656413954
-0.129066140820859	0.778212208205167
-0.284647088450894	2.0485129818806
-0.400900934539988	3.06254495488196
-0.302041390746014	1.75872810887064
-0.198136458817912	0.997353700587598
-0.227847408914088	0.973919515165619
0.0755962988907606	0.228726121106415
0.18077717634167	0.54789574702675
0.176230425418729	0.560831234218888
0.274690858230151	1.08390437268405
0.337247098000145	1.00231845274196
0.153346916962186	0.330559550345334
0.071132913413639	0.161405933573641
-0.314888652990573	1.11776269193984
-0.0214547896534087	0.0469828055500953
0.204877597668728	0.641631809404176
-0.0959024726257912	0.222371403987288
0.104810810949349	0.235806033676622
0.666119046875437	2.51217164068229
0.192963494601563	0.454440868605442
0.162447083795674	0.421262879231167
0.0301604001269789	0.060583300662057
0.200013838863195	0.530896686419801
0.018165453311465	0.0326563334532543
0.148239568572164	0.369591968264512
-0.0346485110841515	0.0679958127799809
-0.0385531082586187	0.0734818625735505
-0.0496825921894586	0.102276177472566
0.0393222346356831	0.194596934201051
0.0622545035090106	0.324135421719044
0.00163271345306388	0.00566772823964469
-0.130634867545969	0.596269167607494
-0.0755745683698847	0.231947251181762
-0.119282654500296	0.444426985522229
0.252584102487305	0.86322491881881
0.248523318530568	0.536478806205917
0.364147590585362	1.21867585728667
0.408973622118792	1.79069374947106
0.0826383904003193	0.0939824158490115
0.487874998843117	1.01235252758498
0.291660066067878	0.744361645731433
0.167781645708079	0.546224074362371
0.212650943713145	0.680739885123385
0.223737316034636	0.657411940845896
0.143273253422208	0.410918675366577
0.562038190919308	1.77394579826619
0.765242966965213	1.5742374493748
0.169203259177981	0.218037446440711
-0.128316417695935	0.295543332611043
0.127123811858249	0.253744474577566
0.233506170603293	0.817426035991062
0.361829198980405	1.48610128789524
0.0635389761686706	0.151491899226944
0.531358351328579	2.10575538223768
0.0121689343985515	0.0148355086624319
0.0497834906985308	0.101232414203732
0.0851301571681825	0.502579996848031
-0.0376584603691045	0.167035556864575
-0.061060972372763	0.241936791069708
-0.022495562468539	0.0629384022514197
-0.101413198765974	0.36824696007604
0.31893708738062	1.34480687246687
0.406812260192556	1.01256791659932
0.49326620315755	1.87576570261905
0.301574617113167	1.0948622154832
0.471052090590292	0.75533743584102
0.550296262377319	1.32125213033431
0.415408342705399	1.41349391005175
0.0995753199361661	0.293261038859706
0.10750774674882	0.297595871171008
0.364529942804907	1.28893669332878
-0.0304397366402601	0.069999998949325
-0.198210481645486	0.38521594562152
1.40564410660845	3.88749267970633
-0.15150591163571	0.189846613797603
0.0294562355079248	0.0541805523653361
-0.263490888496168	0.627650576067504
0.00562938177968815	0.0122591117408869
0.168882834399104	0.535458283707031
-0.0133212448148828	0.0299972079775281
0.468435698795475	1.77462628337653
-0.043091387813339	0.0551719829771135
0.123008964362023	0.29474397034088
0.0513186208748119	0.276573218888082
0.0795587377718266	0.405140709305579
0.222719308082415	1.22083678752778
0.138209981726627	0.618271073315502
0.2168484184807	0.819646187086946
0.499947738845929	1.56684142185986
0.160388272699424	0.423784495712278
0.179583438927541	0.5904076997336
0.76004185695867	1.83869865616802
-0.0656078290763813	0.0905311248497402
0.287656664005603	0.86123397995856
0.336484932627767	1.7130525998526
0.0622902037110918	0.16126314121759
0.191218933084079	0.544544910356786
0.0404349473796375	0.101762182332504
0.412166499683596	1.10233225035363
0.302154950327277	0.450239351949073
0.710815993280994	1.70412872757678
0.106539033030666	0.234415219258151
0.242819037758695	0.608714921131021
0.0529945006766401	0.130577632556841
0.217923930310501	0.743832083276026
0.189668091344138	0.613128312092177
0.411188533974508	1.47247265418557
0.0956110974038549	0.132542936529064
0.266628057746879	0.854403963294963
-0.0422633891520139	0.0929854871459446
0.0540031598397984	0.10293481143134
-0.127216613971325	0.258970169538442
0.0944164415506406	0.576293562651896
-0.0812785279978233	0.39827436162776
-0.278684903168363	2.00233902301309
0.377708288982418	2.36681885763208
0.585189386253205	2.45496700488991
0.365495091310942	1.49507545273354
-0.0860795668304856	0.241243399590131
0.690824116395129	1.76291757146545
0.320501075255189	0.644377718757463
0.0755929022131194	0.152546588530274
-0.223242168535876	0.808448030167065
-0.0961470030492528	0.254540365065858
0.0120117942892553	0.0234606156598198
-0.158323203721516	0.457673983975748
-0.178322540839802	0.342817877943706
1.06533515208923	2.79886505485097
0.0287839000939496	0.0304375990862855
-0.0522196410540724	0.0984942214027322
-0.23068555000524	0.579764348509709
-0.114443934931994	0.287407190023172
-0.107004565628457	0.252121360512292
0.157794584305482	0.433270861384436
-0.073567827906397	0.142315302022598
0.476254721131156	1.01714492314539
0.0524777549150298	0.102921035391322
0.56627141699558	2.39668957474308
0.0954757597265575	0.190333744346458
-0.171165365717408	0.327715757370753
-0.0257940843740203	0.12928234105208
-0.0948330720189321	0.519281269538233
0.685823558313261	10.0971649566691
0.447680105082646	4.18263236112944
0.369354630073783	2.66321412880316
0.276767621884623	1.67961246352674
0.324502133584559	1.67466682728557
0.0089666257303177	0.0216775049627924
0.0252013162712658	0.068221934495387
0.0844158275735581	0.213921750428262
0.111554878422914	0.363957704065489
0.111563196903067	0.351419488033226
0.206433947850499	0.612538868338347
-0.0607305607372506	0.156094084214331
0.359894016015486	1.48507635443228
0.298151000899514	1.20224963103152
-0.184529949527488	0.559864213314808
-0.0127111436152549	0.0291722857485869
-0.006288252274914	0.0105194121166386
-0.0907717196990889	0.171220057907444
0.0874559174319052	0.171212450180141
0.112299425168992	0.30461743891254
0.141987119320266	0.429168297359272
0.196261343510568	0.492328402128407
0.144800028104895	0.279929094902181
0.20616587410243	0.512005777189386
-0.017374541961699	0.0295418710775669
0.159276628669437	1.16776369676127
0.545220326602538	6.85969460367551
0.436195326604972	2.59196244226803
0.109996451297073	0.385034421454808
-0.173436608300393	0.809834497228431
0.726739991383806	2.74597473449872
0.359010606659213	0.967363679245407
-0.00492319223510307	0.00997612899926203
-0.218607801156648	0.776532344573158
-0.324750270153598	1.43896554911072
0.00356793523028375	0.0073868664444212
0.0699254518127818	0.171673432015366
0.245363898195468	0.595168733803772
-0.00739196593993828	0.0134598966040311
0.0673817753360383	0.124026461051864
0.0165124938089858	0.0307672101186151
-0.021830644081777	0.0388528020095359
0.0602912619570525	0.119594614698784
0.0183707156033447	0.0328936810413608
-0.0586100825387704	0.111272187595809
0.148921757733559	0.281921290844059
-0.307805448035984	0.632945283315766
0.131054901566811	1.03763018563771
-0.418768532019992	6.04992768464888
-0.118870300269033	0.674070372894098
0.222165743104489	1.38521449080338
0.0455765343161003	0.16024906213333
0.0840116843963264	0.336552783894997
-0.11680507884733	0.380310932209209
-0.0562917592227507	0.181127760636796
0.069426559069984	0.427539787719608
-0.0485844066705429	0.237665783893173
0.162280527741246	0.949984379464691
-0.0182695884549211	0.0605138861122381
-0.209025622431945	1.20189298077275
-0.137172297108719	0.356660148330827
-0.033330197151331	0.171037561377832
-0.173649290576881	1.33918704781295
0.109075675981826	0.771172068898959
0.249213015931912	2.1507164882771
-0.171619493046065	1.0317866349915
-0.331713520528995	2.97537024559513
-0.0186943658608649	0.0584850458814666
-0.312357008409332	2.14605052599787
-0.0696920957999566	0.422909238966686
-0.119383462305195	0.796853390601914
-0.185756854066517	1.35165778067926
0.0720283186484442	0.188241528656949
0.0484685610403427	0.161752462901707
-0.0529067953310874	0.306850845968407
-0.047300232658827	0.240966522729992
0.4131610284017	2.83427734506535
0.0628822218064739	0.239436946650292
-0.0384823128083291	0.20513617331716
0.270036261612693	2.37753165557492
0.0213451493768296	0.0831607040653181
-0.00288272733101374	0.0123387334743308
0.140842707777226	0.921028327038144
0.605925742434745	2.62480764284524
0.0538070311798853	0.152214754955296
0.0847892017230452	0.545482840572267
-0.247631663968427	2.35083996523679
-0.0487078516442485	0.213377819086116
-0.0912449944628439	0.423046090911185
0.212080805140561	1.12242010512097
0.158113719620336	0.699668455368189
-0.0136826739679478	0.0422934393076072
-0.0666523216804171	0.210321944350967
-0.0313212872318939	0.160345158606197
-0.159908687110853	1.1333010732982
0.0998785248067307	0.517422913958726
0.525647048177627	5.32098457085419
0.338743943819606	2.44279792371365
0.0153070580655646	0.0511871301753484
0.033179379664433	0.165666594817776
0.435646379314518	5.18094722603916
0.340399561749248	2.10344189605992
-0.00454887882266579	0.0151193011990974
-0.090258149723336	0.615993347864446
0.103915597799079	0.668262679719572
-0.452726648134213	5.91100130167077
-0.390520926115415	4.04481674630267
-0.0924452668505522	0.629180672381309
-0.617650484470929	11.2411263368437
-0.079072587231042	0.384985883855501
-0.051118673902816	0.298325690622657
0.206803970472264	1.75961018821824
-0.0070064005979654	0.0319248612570034
0.145155789331599	0.980329179226729
0.470622320582054	3.95410588604583
0.274312868091402	1.65650405635432
0.102188068726755	0.35211138204686
0.269929992135783	1.20523599729237
0.0343810206739528	0.0795724054057808
0.2463717983223	0.89378650407121
-0.215122316421133	0.665975431928904
-0.328829514731306	1.11663106823999
-0.0277394322808126	0.139639756908972
0.198052057566036	1.51807371590483
-0.120470138585599	0.602513282179278
-0.361765973118895	2.80754876858311
-0.621484887291811	7.71590032666286
-0.507562955936252	4.71008883800947
-0.228485230831665	1.03947456831501
-0.340737324576346	1.57258347716953
-0.470389650991576	3.0621266963474
-0.482201583675522	2.5256062954274
-0.601796698567603	4.0270594107228
0.00631328012442445	0.0284829398082605
-0.0712115762825099	0.381341341292305
-0.182992998225317	1.23385885399267
-0.155075828970913	0.792089158309454
-0.15297048652855	0.44180741003232
-0.0534280762597202	0.180974262464254
-0.115704523883338	0.469865754343116
-0.231067718631828	0.999098870457473
-0.258008995585057	1.05800402171534
-0.439466133572032	1.76495205053547
-0.0159687806138419	0.0751331810886519
-0.0595264476732641	0.30044514099217
0.0549175353282253	0.213237328880347
-0.0494139565379602	0.117011276803878
-0.129262539421473	0.561999633220712
0.00131323174368819	0.00389895561089591
-0.187022298006949	0.793691087425237
-0.127335807541452	0.407455384186013
-0.383971371478288	1.4792630272961
0.0291047371012647	0.144689306071584
0.205202271483788	1.55372673225324
-0.0216914887162411	0.0559667423178045
0.00395268189988693	0.0129709468539753
-0.0131055121125632	0.0437279841836026
-0.299853502963568	1.82126121562963
-0.435464553218468	2.73591715930543
-0.613767054616699	3.6770399274024
-0.0415672827380685	0.224182454362897
-0.305323552391277	3.21607543461739
-0.0758783313267765	0.340746336130409
-0.324814224964289	2.35657521955941
-0.572571988348452	6.12748933814461
-0.550820037327592	4.81622376369784
0.0801105539427451	0.497568517519162
-0.143945554247242	0.882180909288677
-0.352525565084188	2.26443250816795
-0.546214834322658	5.87898324426886
-0.546460783360798	5.11293225639424
0.0450378679849564	0.239298019620746
-0.242143625921171	2.20729440681983
-0.264159388626275	2.10193295732194
-0.352562323007077	2.9090630234193
-0.449280565871947	3.74665464331724
0.0230281800731044	0.110554442673639
-0.0692741667209051	0.358101130146265
-0.0971292761877501	0.458496068061855
-0.385431095901532	2.97546768225878
0.0446594599557181	0.227982959478036
-0.04044496728381	0.182201180557872
-0.191162221221106	1.18964684215572
0.064095312589678	0.35090354435134
-0.0227774500864432	0.0895618999165487
0.058119456569268	0.292210974140163
