x	y
0.287492216903247	0.292339564458005
0.0318714846944846	0.0392047196233081
-0.0736286520462966	0.0576926717141024
0.0638120801249277	0.0711307626310771
0.652778977755608	1.34853785955351
0.0826997732408505	0.0865260876700893
0.228048483337271	0.181308518093597
0.318251304794171	0.344069835551316
0.0529832350716101	0.0659008164903852
0.906912109943041	1.93085622622642
0.215289632854632	0.247632883516851
0.408368427695735	0.619540393517198
0.0241217542750879	0.0257874319711502
0.70422590068233	0.717063428167684
0.55581061138272	0.906519263192648
0.44428451480361	0.7524615401315
0.215836189459394	0.262008194373266
0.235995645251924	0.326099030880639
0.288228868243701	0.453262063014829
0.106684218302231	0.103967769696373
0.55230812839654	1.05915105789789
0.0533555096547048	0.0606791151040966
0.435642525695387	0.70333084452231
0.0975425566911039	0.120384017430691
0.472905083125152	0.827622057243693
0.45351541519961	0.774216944680968
0.25328359337081	0.336619571652871
0.362831022173355	0.502056801034197
0.426488262614258	0.852190772967007
0.193186330140126	0.294115469605186
0.395313317727833	0.36231114417593
1.00401090597087	1.85849408877305
0.276466132937333	0.395711481896652
0.108578157437282	0.104294849891745
0.248786385851482	0.322135939744019
0.271128192035916	0.390867376372313
0.284676405172418	0.425352736305703
0.398685967207383	0.675545840129624
0.400365676605835	0.580008652150544
0.440896715792245	0.452573704282122
0.785818695892932	1.57696663467922
0.114603318025388	0.138783156788496
0.333215167656214	0.34682182062525
0.467547586030726	0.683102435567207
0.311876487000088	0.415231985591915
0.288239063048285	0.260397056212501
0.320252465433382	0.357453978147554
0.0963438370064747	0.084972634458527
0.529380836098128	0.844723914918414
0.32072337383564	0.466535854476348
0.363002305763476	0.584216382673923
0.441568628617782	0.621149429105321
0.686278766008131	0.784865087873576
0.34603477996847	0.567854230828198
0.276186823832525	0.377135622098646
0.287411963362958	0.395972125521453
0.207161304273115	0.213876620738288
0.518981669594404	0.791950544203202
0.357498948008732	0.344657958690131
0.557448957483088	0.482102627320703
0.0861809313714059	0.106705745166809
0.510145815880019	1.09073318433072
0.0401262591573869	0.0482293148896425
-0.0658965134713655	0.0783473853688746
0.643026844230184	1.18779126603713
0.386271984036405	0.541923174567199
0.561058140833279	0.656500971138247
0.413793761924731	0.44024887308949
1.47550782883826	1.9971614425871
0.094323998560601	0.114353346829686
0.384237011030369	0.589666432123803
0.336613889980024	0.515533413854708
0.172235987911188	0.176181124007738
0.198290013806081	0.252129586126666
0.165650091678351	0.222804457210888
0.16724290322757	0.176514177358778
0.203141639401945	0.219487611249663
-0.107604407915418	0.0890161930917433
0.448006503267106	0.35394804698679
0.22510744995796	0.283729756320029
0.161762352978599	0.154155346322938
0.263133894546789	0.298860559174897
0.420266729510671	0.578447817285186
0.592371568622368	0.834368292198981
0.32704062452906	0.356185818805449
0.122671648925298	0.125657291189766
0.389353437887486	0.440873062518723
0.51551143919756	0.637876603714189
0.587561288707654	0.797266413747975
0.557083826883445	0.647655837965322
0.415838909385439	0.452745648379764
0.682433009436459	1.10226206291557
0.542613703553382	0.867776719826022
1.55909287859373	3.5552701080562
0.453695522923506	0.529451347680261
0.291167800746105	0.61411570229609
0.171595851198905	0.210482204764982
0.212311510682749	0.169074633814208
0.387538888192826	0.366850636722649
0.208740515088401	0.181283446114836
0.211785413462336	0.201320015294787
0.693719582483871	1.26175868870305
0.288511948879979	0.291384651455743
0.187712313770016	0.279670013915659
0.560444084249566	0.49440465119379
0.415026734279374	0.452782419015914
0.387890984767477	0.364015416064113
0.345656771308014	0.369933257581676
0.312478094503333	0.390830118761077
0.342527048828316	0.491223875221413
0.921869413214391	1.95279626201312
0.570555146510075	0.659753572131218
0.458631078983697	0.370233044094909
0.144440844959542	0.111500806408519
0.289975720033174	0.371599193856794
0.29148048108135	0.638293715328999
0.165818644184827	0.207161014803916
-0.125526100321294	0.155782482004019
0.153490931127239	0.133929803106941
0.292291157593808	0.392675039847516
0.447711915333655	0.458062704804721
0.721744224970546	0.824544158110554
1.04681455218428	1.30963818219323
0.710546172997388	0.729669367650567
0.224145962545241	0.170570932395913
0.790918428192379	1.16968180604863
-0.26811753113783	0.344355855952687
0.413680617390931	0.441146215221235
0.211585219604618	0.20879217273801
0.368382917832071	0.260379433615902
0.52502610540493	0.473519607356444
0.643168847421923	0.395033731613985
0.528483095242542	0.566763032276557
0.368112169065835	0.351240516638598
0.394776610608334	0.367135118076587
0.0436597928390819	0.0383799254238743
0.343770360961604	0.370713077730675
-0.241261428665217	0.271858571080968
0.462328443941408	1.02642342691472
0.371459246957936	0.577162081104604
0.250032921551393	0.345327110383433
0.463264989225819	0.542365605654983
0.377859270523925	0.353952700822495
0.596194058833512	0.583428871434123
0.226881010332827	0.14367008208055
1.78840674716697	2.96838833746589
0.221637784537094	0.181677074922784
-0.0022290128864032	0.00165599604672609
-0.0221138816358598	0.0218099857443531
0.116390378994289	0.217204449037057
0.223258197472989	0.291971672449196
-0.0000119625898519205	0.000137442633396278
0.419500800500437	0.365602674436562
0.1116422928334	0.0735411730344487
0.360839572651589	0.474509823825776
0.600187802074138	0.835396497009662
0.420530303816319	0.450334075120041
0.208660572290591	0.205662939614759
0.00124449568750018	0.00142841873480171
0.222875497364846	0.205916665871434
0.619820751696574	0.995490319834043
0.138878316246964	0.175601629450666
0.239568542464956	0.347920990916517
0.424411890104203	0.694919026276415
0.396403118818193	0.447787039923892
0.214163068420217	0.178569007945176
0.50926920563471	0.478564670666479
0.37535769027324	0.254866441713326
0.379223232550642	0.443308611228536
0.821083183418605	1.3030019746104
0.673749024108401	1.03295657142163
0.440227040906079	0.507057760650731
0.355705905307819	0.427075655501069
1.04208392074983	2.02984169465472
-0.100376604271192	0.118072846271588
-0.209660049156621	0.286819673314685
-0.00428672274508315	0.00383448543254445
-0.500496882020053	0.753923655614428
-0.163199649101874	0.161392303319384
-0.52138170639534	0.594582417636634
0.435839762613356	0.620731139518688
0.271544225463955	0.417651875024492
0.564665063926678	0.659651744109886
0.287894904299931	0.289188358516319
0.809554206701703	1.0581093563785
0.395719190408389	0.450157026342447
0.610272459036133	0.674980231066946
0.476180209239423	0.592648119964101
-0.0473683312016318	0.0474242542958457
-0.0783422531166703	0.0956167702854505
0.214283916487989	0.287372362420956
0.587505548964794	1.02542530048124
0.306712013912172	0.392021579982175
0.784529501154024	1.1749797247307
-0.254745821830262	0.281009148565163
0.444576939270441	0.457112452743279
0.630469655012296	0.989754182773197
0.208092017306941	0.318432961130473
0.244667094428744	0.307445140430478
-0.094400716575511	0.104462669047897
0.215485547859798	0.278229341638087
0.554275414909004	0.92633666576754
0.591579185241815	0.874242963963625
-0.317641069756081	0.443725959212787
0.319521186260591	0.441006120736282
0.079070242336639	0.0791636328485234
0.251343532048145	0.30337356267099
0.0956086807929922	0.0873848023823018
0.0557308332501823	0.0590717549326675
0.167149400546306	0.208966892876835
0.458151872175041	0.696853155276337
0.716786342262043	1.11096382211949
0.31375750643106	0.401438091484896
1.07287661542449	2.0181125784685
1.2731580434523	2.43142948454654
1.03600553000746	1.62141455654191
0.484057927060273	0.631637752374642
0.621493121020051	1.1164862645843
0.527315982545014	0.842232087505273
0.254686477734398	0.278074802531054
0.488668165917608	0.703180997657128
0.380233740704309	0.517704020138983
0.394016883999595	0.493538677120914
0.648354522180976	1.03061250487707
0.609742015619563	1.19203013460283
0.158861118112863	0.161966724549805
0.44590439480452	0.61711496959144
0.206452979847798	0.241690246251929
0.590828202565322	0.889414122641622
0.209290099826632	0.227198635320825
-0.172172712195059	0.194359834564692
0.084253139084694	0.0960483731414035
0.258373544464422	0.279312091358022
0.0533266205681485	0.049107506509299
0.182520091488338	0.203748517129389
-0.0149410249735609	0.0149698541705045
0.393206568579113	0.577378747697276
0.00544957400441144	0.00536388605781932
0.651562247819581	1.24636251048635
0.95861999029311	2.40574938967028
-0.236981192809302	0.337775061082595
0.27544473649883	0.403162993448441
0.431306393158827	0.681679997365542
0.419944801594808	0.692208042467669
0.652556199025167	1.21197979805163
0.256423090068295	0.323036552994099
0.608496154419745	0.991449413795463
-0.302780180672632	0.343331599432403
0.223347034806217	0.290486798610754
0.133171555421032	0.164295527059635
0.166842129106606	0.177747801138709
0.529629226184685	0.986333330728065
0.444972936035905	0.737233778270076
0.475663747627425	0.852000720142536
0.956823929922822	1.49084264401952
0.354926237300273	0.3557343365524
0.548547367597683	0.823050799782923
0.382749124325337	0.533127976610681
0.780136155781896	1.49777342343261
0.47718955582763	0.709414380145783
0.394497631701752	0.542379227146587
0.283833840715372	0.378174982264115
0.692988698863488	1.32499587509708
0.483638473774598	0.822103597637108
0.344358021429937	0.518877132280375
0.564840939904842	1.03099671246493
0.418754150164946	0.719796860197723
0.50048576328597	0.782891112780774
-0.0888632481083212	0.101467092672444
0.297239142486212	0.338322796376785
0.256087805807059	0.271175992912251
0.961772999368397	2.18328156935055
-0.0430823309005925	0.0425568181547539
-0.120542892413426	0.135933352888105
0.301380413477846	0.411327933299217
0.246745201250629	0.335067507901391
0.407137289242846	0.36596533479697
0.634185768533701	1.25535682870368
0.384951075621851	0.690164294087698
0.465199946363334	0.922107937287054
-0.232616973379579	0.307233378125965
-0.225141008045965	0.281136507203053
0.680926504171418	1.32386272793279
0.863170429152045	1.69549726244175
0.210117137369362	0.242783169794388
-0.0445126159674337	0.0439732915605263
0.0141793949496066	0.0132092544275924
0.533834949904626	0.70840523925399
0.104627718311418	0.115305097240431
0.640726694905962	1.20755428259913
0.74114204538153	1.55916752220004
0.811080490906964	1.64713683746702
0.635590611226901	1.08045431693927
1.08442003160812	2.37692670059081
0.276859280603934	0.306314984688362
0.572240358314641	0.58001734203771
0.829450027068951	1.39847208370523
0.199712254368586	0.244224977286663
-0.00069957432138176	0.000719321407379325
0.124384572571431	0.140289624092661
0.698488627824546	1.10772215517234
0.698974022498375	1.21162614138734
0.498134153194567	0.633231474528997
0.555351566167792	0.734650111248253
0.396919957445103	0.529503114894539
0.216677427012521	0.301741985909411
0.704052820897661	1.49136704361728
0.420927111220741	0.607203771574433
0.247479831420852	0.31824670206419
0.139420539359675	0.161175180040964
0.609728917169917	1.1116173346885
-0.345996674800902	0.408412424353177
0.55569028691756	0.992063271571982
0.31951520298531	0.424301900917587
0.609374113494552	1.07198951183035
0.171586603867035	0.18558172079555
0.0653736379951308	0.061344905519365
0.456834284005086	0.365895643262871
0.523864673396265	0.766065277301777
0.394893526778073	0.549871560070405
1.00867526041811	1.95817232284454
0.399915508529657	0.611395665243498
0.12434870524112	0.136140553230518
0.128245596160498	0.0930472344187407
0.210542136971398	0.196966997408668
0.418421875414555	0.706129070600317
0.197258807967744	0.28598516253264
-0.238875426485282	0.400382378133119
0.587843373791559	1.09788022289303
0.583863979476384	0.964002775841364
0.855413846319689	2.14682393083426
0.371644215012083	0.504893120155808
1.29453317627052	2.88358103333471
0.291605969274417	0.357050849927561
0.357756951756093	0.441108782745671
-0.135794543334283	0.148226833421043
0.0145755654962405	0.0141465590783064
-0.658125319493264	1.0722375013771
0.432211748952878	0.591748978129546
0.85466603260397	1.60652031339972
0.558424615290964	1.08353052446346
0.420533409992335	0.740131410464096
0.13561712017292	0.115149837577264
0.209439310906961	0.212729746970973
0.369454808698985	0.487447096724425
-0.406839620043885	0.632827008510453
0.049017775658815	0.0496195630037057
0.247057159231839	0.285423042691777
0.2564417517514	0.351554973765958
-0.427446596329441	0.59886897991463
0.125419777981249	0.133773550164501
0.466882349444419	0.541129137805901
0.517519912773824	0.628810665759953
0.566357430866228	0.949760157912018
0.709420462491934	1.50757149283947
0.408194822458916	0.683105632980873
0.0107895956309304	0.0109050895641039
0.237107124919817	0.289910881846045
0.207822494548526	0.255306796487253
-0.232611966755178	0.304728374769837
0.415958504660293	0.673189345419063
0.284763663305595	0.424897852953651
0.587427595403063	1.02221315171003
0.334535638234338	0.459985203166432
0.0268020769244342	0.0251885108004014
0.428174958020715	0.450547028023341
0.261988109363016	0.304435933847479
0.376848501661689	0.570499906552572
0.469219439434858	0.764650763257945
0.520856267317313	0.613109083100871
0.36739142495003	0.704123264837763
0.0944270373194065	0.131736085327253
0.142668270906677	0.187263917532748
0.361323796867798	0.719865817679199
0.106477390228602	0.145450805885226
0.357517862019641	0.655111145011623
0.0970315929081939	0.12033843799203
0.496710759824206	0.967351793789931
0.270172447928877	0.468219218996273
0.780143022715342	1.68713513965283
0.237509318576633	0.306428083871414
0.291072832440489	0.393394835055226
0.989400273765971	1.97223294229326
0.169352092403119	0.167757102221324
-0.0940482541753122	0.114585822989154
0.34872888740801	0.53434521935071
0.332649040065379	0.446177494534141
0.22093526593683	0.294000090157743
0.2423811764612	0.318667668262504
2.06478537980343	1.42499246888964
0.541477512455987	0.275393914798623
0.331339529533896	0.251316841122704
-0.583633251326318	0.58608805762105
-0.292041674337457	0.260588297940176
0.221685546772006	0.303403217344953
0.198456195246877	0.273379432425227
0.302298178538883	0.518117456547756
0.089359080192138	0.110360234704971
0.0874669503182635	0.102235514507111
-0.612350102410527	1.02712387337569
0.222494651040048	0.222197632168824
0.26723641872656	0.392178893802497
0.711568827769365	1.26981142444904
-0.0827802439105482	0.0914849384022968
0.427914831477641	0.737014620359225
-0.330961729479641	0.6342231556926
0.467533360648927	0.843998697038721
0.16323866221758	0.248306234744124
0.799656850754096	1.79665671539627
-0.384824992305318	0.530385559406563
0.834709809656147	1.41828827644083
0.612024004957643	0.933353344837763
-0.210019684110398	0.265207804376796
0.167760018163283	0.225310031172319
-0.0103522543764438	0.0116987572907574
0.769033331848964	0.917678147902611
0.325733512261318	0.42828106207086
-0.142738126098768	0.18918541534021
-0.0862865284712135	0.101284032945518
0.458421741249201	0.71272415228777
0.699246104927518	1.5690823477864
0.0708524884008341	0.0886177157801932
0.161655736915337	0.213999087293497
0.211849559932745	0.336872521245173
0.29021044944901	0.452301093041477
-0.0840338912672487	0.0993378533756926
-0.0214915152333499	0.0245956539331585
0.311582673900535	0.367941022989685
1.2533994913648	1.49898450208327
0.362907815315761	0.348730365941002
0.242835204824798	0.283979351072147
0.363428677714661	0.523005471671714
0.190747160542258	0.271287836848652
0.279339671372192	0.466401109140319
-0.0795333235920525	0.104408066467987
0.190844558859295	0.291344353651266
0.106436284481792	0.127513779956638
0.449267997061412	0.823050099329109
-0.00932751629748129	0.00939744744324939
-0.192775822398313	0.255321434353319
0.331625608903898	0.555259195681538
0.0636386014371225	0.0726430283395279
-0.485693220796488	0.741901826178796
0.440126759693896	0.547920873174904
0.613521552217804	0.867353090368044
0.143153806715402	0.140522226404257
1.00750096493109	1.94078789008649
-0.117778370109111	0.138549948999302
-0.371103293163329	0.487501502972213
-0.280171433333247	0.360564777592804
0.8397215545151	1.65083872258772
0.551497009304197	0.788988188473534
0.510565604391046	0.464158157182722
0.988689538058861	0.368812314185007
-1.23448762105207	0.699312745969347
1.00925399756568	0.47829790083724
0.0324470193720418	0.0214789180806064
1.26560247736798	1.34430535200367
0.721626672451383	0.531217861699583
0.529151307162942	0.37100252074914
0.401000436723501	0.2547894492131
1.17052575411573	1.19038867842052
0.0152852268020558	0.0113599297848657
-0.437414179208803	0.66652533634452
0.219619337898646	0.321280039932603
0.54176954838251	1.01122324177468
0.306797886985974	0.434194802283561
0.239337453236618	0.331249212368198
0.420005084850517	0.592983038506347
-0.216274594185058	0.23882705024173
0.314548459314896	0.38972295546896
0.188349630047276	0.250928707902319
0.519050003654078	0.772216479080228
0.271311962920666	0.375247801195972
0.199955486990995	0.276673799590537
0.163027572414931	0.201785613172557
0.320837438941501	0.523709575915304
0.508187938464283	0.766587837157361
0.409037960800817	0.661478264133932
0.649590593525621	1.00811335577182
0.607978681711944	1.10964139024067
0.271927705744578	0.286716917783394
0.436262731988049	0.540246687183514
0.216899440155085	0.28968474091734
0.425867344842771	0.595659736749178
0.149450879553925	0.116257352126572
0.854793158170054	1.94949055345262
0.429086330857976	0.694503285707192
0.453089265019611	0.580193530605783
0.542183059936496	0.946450436649466
0.279203863799171	0.409569456134953
0.425758935125956	0.614564651946751
0.368288463167559	0.642526311007696
0.177266116496754	0.202118746452205
0.148544999930818	0.167903122541038
0.246636889991676	0.293413192306836
0.605875442973044	1.11563411770806
0.801696205610091	1.90151942506338
0.261687158684329	0.309541638601958
0.552430319808354	0.264141977881705
0.451363190530265	0.451524228720952
0.776939399321899	0.766450310740179
0.330807190867363	0.363625219863311
-0.194789179291314	0.17284360176712
-0.0605835248831391	0.0707148702065724
0.781076133343778	1.83570715471989
-0.102772721858416	0.132332211919304
0.266760712086344	0.441658992913561
0.249438691354636	0.422013076314767
0.60589632879575	1.46220070042522
0.483998754448558	1.19357674305488
0.251650915069606	0.378877211128692
0.170394257094474	0.249594892383666
-0.0680375211425927	0.0892179317851305
0.363722515296801	0.560010072863052
-0.190275334484416	0.225382539837606
0.289559306106004	0.36043137018939
0.903819634649912	1.34060398541092
-0.0491106580459643	0.0422695625675002
0.659700542465976	1.23612329657211
-0.0558476387187065	0.0600779315420561
0.880828190976422	1.99604121038191
0.183230256456181	0.234973673734656
0.257263031738179	0.289301707715863
-0.102233058366465	0.086843809658629
0.25168267001451	0.142981987362457
-0.67113546655507	0.329703498845929
1.01046368031327	0.478572690780905
1.16053407267417	0.905037371707694
-0.0928123093932202	0.0606628804234891
-0.255576532327766	0.198812306952959
-0.848838068283804	0.918303734730541
1.71887270573912	2.46211737908248
0.0949840777488715	0.0431822633523658
0.21777571563163	0.165024673050104
0.306367004410251	0.478979069549455
-0.19144063729007	0.262333285671174
0.686424003338306	1.312718264267
0.277229497333284	0.401103612415008
0.299377895584818	0.483656344826163
0.499552217656138	0.968891456957648
0.60243348827779	1.1887841850156
0.0695263817937387	0.0891376325792322
0.309289907328058	0.473133360932501
0.348943658831199	0.467546915655221
0.436114209677736	0.542726909074492
0.122515492533531	0.15210127119697
0.329366721957561	0.539370910182003
0.197322391234424	0.24865056838405
0.0761190474692461	0.0922332950106756
-0.133839148624107	0.170457962906486
0.767450949562579	1.62941945982983
0.522195231537684	0.752832631848457
0.270212344786482	0.29473198460114
0.677307804122471	1.03122929741712
0.492416259200778	0.74440082060135
0.461479554741293	0.781403713727593
0.201007205522031	0.27791426193005
0.274772726828736	0.289683926310366
0.912889965440529	2.41916539468068
0.396302497784415	0.692838721454633
-0.174791248865747	0.235281372467569
0.378173837911818	0.536772040375282
0.335614330102677	0.454090786344096
0.226894497364899	0.321106977677572
0.142892029985587	0.103563904516339
-0.938540654227513	0.926372780286779
0.609879781278036	0.484842153554012
0.36431758221005	0.346578783758586
0.304055535756224	0.266618983621371
0.495251734464519	0.83100483373021
0.164202713447689	0.224701080015819
0.33232433864803	0.599582573592414
0.165367151273488	0.236430799598344
0.0377179076291152	0.0528743283795163
-0.0498294470569638	0.0610544596992635
-0.123564532008631	0.170210611954262
0.490881009004455	0.933883251062987
0.0260393490454566	0.0295946795171768
0.191509575464949	0.266305930906476
0.8010162105555	1.51981990114388
0.077410296216082	0.0758379129131994
0.430499931301555	0.656785517703421
0.108287355209715	0.0967359424944074
0.667331748201838	1.10571142263613
0.867554328965026	2.00241654182715
-0.398833101754247	0.635002433423006
0.514200973873524	0.86502961251021
0.0601992215805137	0.066232497988166
0.181362614672065	0.215563636932647
0.213849378040459	0.199195866540395
-0.0875416831609814	0.0574426662372766
0.277074854055439	0.14451550635134
1.34060323386423	0.978036465841823
0.381670745049447	0.149507736989065
-0.738238653267446	0.488158097239826
-0.925673508739431	0.9042406871301
0.22185539343939	0.173915282222525
-0.0769600863963427	0.0397843447204666
-0.501518014558896	0.385332526473426
0.917723908189592	0.681081254708617
-0.168823068157646	0.136980600918134
0.180117413036998	0.215622149609191
-0.127887678472949	0.144398876520345
-0.0771206666928287	0.0929671173189309
-0.0526912989983284	0.0587482080804386
0.313273216024	0.482971963791902
1.09369606728672	2.53536777468094
0.178625627597702	0.247391242828434
0.598483279712746	1.2326890174365
0.17398602121073	0.221324735511625
0.461067296819513	0.914314229783152
-0.0442241913157038	0.0503566156040613
0.480130626981037	0.788522417896984
-0.149219777599603	0.190714628370141
0.621300976249178	1.16018107688914
0.373019114406446	0.654713697033635
0.630428148388714	1.33766070784469
-0.129153895329103	0.17828937616739
-0.328737828487549	0.457679396376308
0.503632307052741	0.774290350454366
0.307472815079828	0.379500537918594
0.316878087810254	0.512715025810151
0.381911961141629	0.580773500877652
0.254937111250372	0.362991637305938
-0.120876270914924	0.161645525846304
-0.0835468569057149	0.0937783543555002
0.261812765403975	0.344714476659623
-0.0528966723276184	0.0566320149026859
0.826847878198724	1.40127752802545
0.222547246388577	0.202871084873649
-0.36015229584032	0.316349131024924
0.457300564932477	0.532011265066907
0.368201123869931	0.447642498873103
0.640733073618839	0.921304075702416
-0.151446151665612	0.179083713544891
0.311419171660523	0.387791742376621
0.223039545008182	0.175641591554085
0.360150674281871	0.560350377410376
0.411290433886871	0.718689799446901
0.287939362509203	0.431712476510611
0.690838981992589	1.13097700647845
0.406361168921608	0.586070851276752
0.215738443796512	0.20431241906947
0.898170831423321	0.560396524321466
0.637278406625279	0.777491469747938
0.148792232465789	0.116019026969826
0.265261505915506	0.297859709874643
0.117910360454346	0.148393622756671
0.113079041629856	0.137571048853
-0.167872997406191	0.199441062255971
0.101885745000567	0.0914318794226465
0.30509114743893	0.244940922931513
0.0580809726444489	0.0446439079841055
0.499765101866482	0.362303085221023
0.211035414884239	0.191293138981776
0.283981404800737	0.351217381180874
0.446036653674186	0.547158921721591
0.250316097406825	0.372105213066277
-0.150548841507814	0.214802856473306
0.681218909907914	1.94257035962604
-0.0155852162327317	0.0200507981764973
-0.39387311595587	0.803110665816688
0.574451214911777	1.43395190048122
-0.259087398715611	0.484881111634051
0.0109852694841324	0.0123013576606786
0.265115617138563	0.432172962359217
0.0385620355445323	0.0483057391573094
0.30362450279064	0.459431452424204
0.518808036500188	0.814983543712089
0.569281740838712	0.96776423098954
0.158994148611547	0.157921971083935
0.492417091534004	0.748861379894108
-0.255617656935856	0.343377285553532
0.00631607035013609	0.00687699764555356
0.436280711926959	0.818628927101641
0.796628940193421	1.67231745614167
0.542573314424585	0.805345438801135
0.1725397141598	0.171213941144395
0.220974355126819	0.229426428973098
0.526439734060663	0.563581592234421
1.04087308539916	0.743030144692993
0.471076673695397	0.166541185671661
-0.0965607597209318	0.0468724554560699
-0.661600805271085	0.320972975579363
-0.0131470649474071	0.00953042046375874
0.136998286706045	0.100042685907824
-0.0146162056233778	0.00846332241100562
0.681560145854854	0.599217902242947
-0.0705848304181315	0.0478122302959422
0.323261383624168	0.520276180988447
0.041001115839924	0.0440332688663462
0.345125859374246	0.547034717196955
-0.189126438236466	0.280992241373912
0.584655594090257	1.25478797069839
0.0839865907220163	0.107415927123804
0.142874423773023	0.211535999917226
-0.173965538362917	0.253909428232761
-0.217494534349709	0.307562554108683
0.643851742937173	1.35886507089272
0.602090088406951	1.55244266381368
0.357256344713058	0.601322756425404
0.134121573924911	0.166891673135148
-0.0844617835876997	0.104359501061456
0.211559928486682	0.316678301141833
0.343808487905797	0.547609821271565
0.563851680109255	1.22269768214147
0.535310712034621	1.02288792673183
0.573555326443121	1.02067668490624
0.242539679285971	0.28059944753087
0.154541339600187	0.160865022870982
0.522479820378197	0.9559062859039
0.458205225078129	0.699011417515988
0.74190637259176	1.31066036411813
0.182884263240986	0.224886056507788
0.240555545490974	0.320005505537627
0.528023491671815	1.02004238474986
0.0949083805013782	0.130964570264146
0.43813828663718	0.750758521746521
0.0539802003683723	0.0625578612127668
0.366011049649736	0.532587424698185
0.602179573291856	1.10663023748365
0.516122102773723	0.726352129728914
-0.305631042134062	0.328038520954889
0.589018687739586	0.801141465108823
0.571523449929331	0.746335104567204
0.439702711827967	0.625249126259457
0.362510336365194	0.615468318646164
0.346094994796998	0.632215686657838
-0.0506888928875024	0.0455823971893502
-0.268513513581953	0.370651539361638
0.152450951974949	0.210836677574548
0.0407895882485442	0.0415227635017503
0.740815039005646	1.53400258227806
0.434463424437574	0.842502414360646
0.30981254207808	0.419070412807941
0.0557029755045951	0.050219881340396
0.466313273675071	0.366520714809129
0.102607840891048	0.0959542186144229
0.0754972051266488	0.0618529114009791
0.422449834059716	0.674580417011306
0.108180047273024	0.128790563227715
0.142776077284933	0.170263680191444
0.216560776691911	0.195657266583166
1.03587198028673	1.3020677227774
-0.116962417861163	0.0756738993969385
0.828721008793886	0.877582723233495
1.11915358853556	2.08400821076961
0.397562677431561	0.546066380326717
0.626731721388648	1.52670373713063
0.353805223219486	0.705008293304251
-0.0415075420987149	0.0590299532887322
0.106691629561375	0.155359026968099
0.165040147303756	0.263730546448065
0.233879728603044	0.413000652311797
0.496252083994282	1.04913043762977
0.20370106011666	0.282639418569716
0.0825381441829671	0.112325575661761
-0.337441925617343	0.506214915782769
0.167379076080842	0.206052097508116
0.198256837243512	0.234269522979316
0.0157825555016614	0.0139981687822851
0.162989843418472	0.18248992054253
0.14935410225326	0.19338405142951
-0.157420573118642	0.209610409717076
-0.255827415402528	0.37289509269335
0.41293347111888	0.65847235896899
0.24179565106336	0.287266456448958
0.216849457881429	0.204835548270227
-0.475974244868169	0.550293257138364
0.127384182782377	0.0919977905707901
0.0832736814875937	0.0414910205381517
0.0907535262050579	0.0457524158243263
0.299015769568638	0.262014901214931
0.421829936338401	0.366262511845547
0.095235044978027	0.0545842026353532
-0.845328555721398	0.867182243516425
0.108292320443394	0.0688079949778861
0.992040355406645	1.28785863337739
-0.402287479007192	0.389940179198429
0.212191660725501	0.190806091270269
0.347058544148573	0.569866918043661
0.68605370842305	1.44975870710998
0.125159472311752	0.172760404383404
0.128400830420867	0.167680131433948
0.270540057847232	0.418077752449319
-0.0340906582751867	0.0372600412336082
0.396910884236108	0.646001675742676
0.184674630161241	0.269569494860276
0.430454392460354	0.789949538226857
0.6375090846408	1.17037836903082
0.545453722584402	1.20909649569094
-0.17443778359136	0.240304092748646
0.0521298195405143	0.0594843253820223
0.0489093089866919	0.0592284408419557
0.23826295261555	0.382206576133025
-0.215162656169653	0.303648197712053
0.592285481690447	1.2615755343209
0.0721662393407083	0.0959172289496658
-0.110202657591715	0.134436602049407
-0.364234892385878	0.59742522984032
-0.01868911959929	0.0174090431433054
-0.316221700919088	0.397416474933533
0.587651255629721	1.25496243713181
0.285170587087165	0.395296477313266
0.0612750658399807	0.0697988486050341
0.028164143986889	0.0320321387665438
0.391712998180243	0.64691578158005
0.0173553880498953	0.0211942392121071
0.0689533775658716	0.0779374109779509
-0.144740118088342	0.190251378736104
0.158235132278687	0.213442659445264
-0.534587142045764	0.964501581489696
0.876385240562038	1.57002274433368
-0.240842165546828	0.229486717349552
0.13259823982263	0.145887599348027
0.795435412271715	1.57669058883612
0.481346736106859	0.768167757424016
-0.168498524911826	0.215381590415953
0.243521513091199	0.384548297761032
0.268433145003436	0.305745760457101
0.276349943312592	0.416507182584833
-0.0109584468285844	0.012815053321637
0.340066696518714	0.530189824546506
-0.126039525969594	0.156579412179045
0.170364786818586	0.2297701062839
0.24637984422306	0.380087591117607
0.680436922588893	1.42441715492455
-0.121263612065731	0.091650738409881
1.1904128489298	2.03735834723461
0.623207365515606	1.03864809850205
0.453011024654957	0.615196329288975
0.492528451191221	0.884472904005502
0.00922702714941029	0.00905191217723356
0.273799987341543	0.290615864276001
0.325291205237388	0.26263250588598
0.216461717130253	0.185920218710678
0.511991827825588	0.377285063083439
0.591696109777677	0.805046565842535
0.348040656499587	0.459291427515964
0.777396473274623	0.850049557493023
0.731999936731483	0.421739624306181
1.23062916974452	1.88471402010721
0.125760013274687	0.200396785891317
0.155229856518695	0.264041727713333
0.281460960903469	0.556209657374003
0.0669866768184313	0.0710423574939067
0.149855988399822	0.127949428582756
0.255808598168425	0.244882168373254
0.124833903547844	0.160849046432256
0.144888966527206	0.215816683223015
-0.181471371112054	0.310209731095269
0.307099199462062	0.573301236581532
-0.0327015240944687	0.044244501130811
0.405109562587473	0.842840638896843
0.205525462887349	0.365802464412619
0.305972571696348	0.532781654811449
0.469195983793214	0.923126691449436
0.190553340553311	0.27885275756601
0.333457026966679	0.515957223728542
0.509245489427251	0.914348732013731
0.109584244266008	0.134015097828244
0.56711254931117	0.77135940146739
0.72988069315737	1.29627448914842
0.270649681637695	0.408028193017217
0.302104682362256	0.473369678622707
0.159435109147999	0.215888905698944
0.292268119226	0.41618409136431
0.167100427518015	0.163148276487681
0.641326528198104	0.778705939795445
0.33219352230844	0.146557232429817
1.33121540646483	0.988996741222351
0.786242178442879	0.536277218916949
0.297082217861827	0.142603449897905
0.33854054534078	0.330502860185338
-0.696328013668633	0.61601848958756
0.0885103688671255	0.0478892070795893
-0.279775840576689	0.216409767609919
0.352550678152945	0.263796977216084
-0.126946845107614	0.0563653595234044
0.325627291624841	0.353389025471931
-0.12735619578721	0.107427113535783
-0.279990025718201	0.406757887493075
0.0772593696761349	0.0849091839624248
0.394763714335172	0.782778103298986
0.267683529910708	0.429713144151216
0.0241735156841265	0.0284363081727053
0.0920597808699062	0.108216202235582
0.0195087965666622	0.0224636381537321
-0.134232883793237	0.170795120096297
-0.208485455888307	0.280278746453086
0.21545460222371	0.309627586123364
-0.0434653906936836	0.0538593597444772
0.181778311199795	0.251015453169532
0.540902670706614	1.08955241860188
0.404830651292707	0.670527927893613
-0.426549112509694	0.876445552361077
0.409917109880083	0.70627880057883
-0.219883157567446	0.333265920581975
0.452203560111917	0.944241694200562
-0.0323875876434011	0.0408776237330026
0.694789180972799	1.39798751874519
-0.449675172780465	0.739898882905434
-0.0711810953610388	0.0659020512832431
-0.0198862523063626	0.0216733871300755
0.438867920089125	0.662758133263543
0.682711130317	1.15503528383823
0.026919741959051	0.0284779441982431
-0.0479974139752448	0.0477476005806177
0.324064275904641	0.470113121385477
-0.239842250426407	0.321677902613879
0.111083069485199	0.130746545849427
0.468094349813396	0.924593738836318
0.0342605635128904	0.0400670225097607
0.236550289439147	0.353336816212938
0.986465292395104	2.49145079025501
-0.206187634950388	0.238825035900775
0.408579176392194	0.599690108972867
-0.0337726722827234	0.0309571393345327
0.591150275552383	0.731937066231534
0.127396153693057	0.133480450686676
-0.0108377259343897	0.0101488504240675
0.108272639978056	0.125416870184067
-0.02587887083673	0.0297075118630079
0.56828070440517	0.574726060278096
-0.122712923259514	0.124514808102133
0.198681063278859	0.287776615684002
0.109151019776804	0.135077503190291
0.751417240676242	1.48695341694032
0.173686193488035	0.253368603545149
-0.124251685723696	0.166285732982622
0.274751815240455	0.395926138046452
0.897386610563752	2.58508018729444
0.732227169341652	0.736885114580232
-0.422566869121611	0.464040640790749
0.452030827758121	0.610278538877446
0.426055982249108	0.6050820585714
-0.0533826291481123	0.0630754156905556
0.445302769860499	0.753575236700765
-0.00822369482423125	0.00886555447006356
-0.0129638023007948	0.00937603696855485
0.111026334613181	0.0680231965501646
-0.103233171072524	0.0790441596746677
-0.0904056501207928	0.0433599362316519
0.700907135440953	0.781842377441243
0.839257395435979	0.440786219198782
0.375629418951506	0.256868892602432
0.204771399999314	0.302456972186121
0.271764682759472	0.439488706971846
0.16747537357037	0.273036690063424
0.413086273148374	0.829834177399246
0.40313892324089	0.705123851204657
0.0842814341714266	0.0876079519458978
0.00598750169955517	0.00447447702807834
0.37059133824103	0.367714627103539
0.44011126160029	0.738810214003919
-0.0685881260168996	0.0842295920115128
0.0763242405583461	0.0955098235797378
0.0591704849401589	0.0828881366265773
0.439953163055099	0.81587950481642
0.254825113801681	0.385718499071389
0.0176447229535902	0.0227401645289772
0.670592936989166	1.31049671785161
-0.13253656369472	0.154617901518103
-0.340091935889667	0.523031463922898
-0.11097314112042	0.11537341833041
0.544271343142728	0.773788279549377
-0.822381335301816	1.32989187463133
-0.112155167887165	0.102725053546847
0.783580355138819	1.25831215289461
-0.119532411737633	0.128135052139305
0.164022490342177	0.18234990608087
0.17785578626357	0.204225358736918
0.758534014807202	0.308885052837536
0.764450545183795	0.317188824370454
0.0911801811955047	0.0380905541421429
-0.470124034545811	0.274655154287874
0.117617671136208	0.0809982409648039
0.361211995678239	0.258858026358568
-0.177457311902711	0.106070758188315
0.576964021921817	0.374290868415833
0.452203257097717	0.367791942335384
0.32693492782391	0.263885103188798
0.435497473575959	0.261954223768217
0.463715278648218	0.164054883443642
0.502554792008322	0.468532234094669
0.204423542618709	0.17216901955838
0.280888429240118	0.357687353222996
0.0289751639234949	0.0294280203562262
0.619294038797428	1.26289112467189
0.346731689327763	0.530543451805351
-0.0672304008273758	0.0748359598014278
-0.245865498723369	0.267360874405919
-0.174625323805599	0.233479661881076
0.604338862792958	1.14481699450561
0.319224078543238	0.446262786026763
0.397800817231506	0.625237934216352
-0.541366709148027	0.985551882247692
0.074414839544523	0.0835062253580394
0.195007232047368	0.252055289876197
-0.139497276725414	0.152698011344152
0.682904492345563	1.33633321841077
0.249229426386839	0.335168949683575
0.452744040932845	0.683683713412343
-0.349102032339403	0.498703951808504
-0.243300578560588	0.326903900864031
0.199519520031576	0.22464427993382
0.209061570749581	0.220873705220805
-0.990130512405986	1.32218375371384
-0.0324988122154693	0.0322461246940056
0.418185942589198	0.571612040569255
0.60003565881828	0.916711600860508
-0.0126940648063915	0.0117731416775454
0.275480512141103	0.283536530343795
0.4120614221702	0.611255445511294
0.814309603157406	1.67369998689
0.381316486041347	0.602468322602919
0.255559355408084	0.309455080282604
-0.14706067604083	0.185322751964057
0.108369062506729	0.127093904762149
0.488064103627972	0.78292446475698
1.09262453613048	2.46679962211539
0.337549063303632	0.355085095266395
0.219433948381339	0.204117866968703
-0.0356022299563726	0.0319270744223189
0.0640876140482447	0.0603858304146469
0.00940072979076385	0.00992313958880541
0.385493010488867	0.591327817723839
0.218601396555493	0.18726695380718
0.828000334519616	1.48493940338562
0.232459144658488	0.296396938686217
0.266767758829833	0.382487333526651
-0.247504595436099	0.335037289224087
0.456519613362484	0.765980218106166
-0.420435968598714	0.62536491209158
0.212290356772288	0.2463479929764
0.0732219879797808	0.0865094522316696
0.576902699143308	1.07648610507217
0.2888918341587	0.27323389266115
0.403502938223075	0.435483109930773
-0.224157002692404	0.249073640397458
-0.12127497344447	0.131820530564343
0.271630571386838	0.302630303683715
0.308080045612496	0.455940518875211
0.554434928229018	0.736015018782823
-0.770153390408055	0.840029441817507
0.289718655165019	0.252763445827115
0.981893061984589	1.17918374244461
1.10842040269606	2.22400483428494
0.589727965092052	0.878638854007721
1.01065580767295	1.10569491215223
0.777289401457927	0.670715091667003
0.0959319097556045	0.0512851363203957
0.452604740432405	0.453511105085925
0.328347570052867	0.433485744408137
-0.197273196561154	0.315697612203361
0.406151572618457	0.857221937803331
-0.172939755336488	0.271853812187997
0.178371733176047	0.289247635410112
-0.00414639375770816	0.00537749519632137
0.098193843017102	0.103095736222589
0.137563054202644	0.11066736401372
0.39520334412345	0.445263465389552
-0.256137965893479	0.360016449104848
-0.0261410143140368	0.0310778046566857
0.222633115443614	0.351290062938129
0.182489722465084	0.281021247892267
0.233002267282119	0.391187618473207
0.0760405236613298	0.0995372138834323
-0.11549814704656	0.176094210120409
0.473408217869976	0.82058793909946
-0.23396706559495	0.33996886677163
0.429108624612911	0.747049954261433
0.153812531494833	0.181045362152298
0.53060489327992	0.856586484275318
-0.133254245252103	0.166986995225585
0.00351043834375572	0.00329084279783875
0.731385727089231	1.1370480192157
0.145938061292143	0.177550747836115
0.555980972732108	0.961782250038343
0.639886021551279	1.06807229342459
0.0203502434641346	0.0226681067261629
0.0772001445765687	0.0759590358381812
0.66596772612644	0.867900319299371
0.0743829534968422	0.0573733845179602
0.476710945890875	0.470526178998638
-0.180483326777795	0.109832385097379
-1.11045931825249	0.892305938848905
0.929347675204147	0.717773177965076
1.27047403601611	0.548760353434125
0.0881346427919205	0.0406260233793316
0.694601677106716	0.80500373268743
0.500416885672364	0.373147288521751
0.436550978706099	0.251330793161733
1.05901836125186	0.999556062568192
1.42807131753213	0.465341987183245
0.26476283942323	0.138137402965678
0.244958374480908	0.148432076283282
0.322457962205932	0.134721977916201
-0.451466042551653	0.394579042270985
0.218437661791031	0.188564544818003
-0.166061944103954	0.206330925888785
0.375512920581937	0.531535721987059
0.109399009873005	0.125502092065553
-0.0297684286016683	0.0346319044549023
0.353641651807321	0.538006071222316
-0.108808370295665	0.127560237425299
0.446574221311138	0.88645876307977
0.194985193807946	0.274490204503677
-0.0055928112633342	0.00573184871698391
-0.434288844077463	0.742193135139616
0.0295256402198682	0.0315864825638555
0.175777989784727	0.230343644800283
0.172205570635221	0.220386773481356
0.116143816780376	0.129004343518698
0.302192873692368	0.458412926906525
0.281840632870043	0.376259270073404
-0.564177353140331	1.01309386961224
0.267203467630749	0.440267109706951
0.278991583233347	0.447810283483471
-0.142707859735167	0.157760843284339
0.256638377506745	0.314583424182704
0.669561844535603	1.00428186562604
0.104578714038315	0.12240846326723
-0.273393696852581	0.328347996190307
-0.448651146111912	0.594727992552096
0.320034784679144	0.447174457146432
0.133609058999059	0.147709608400403
-0.045042812407276	0.0453732443881259
0.0903860045689367	0.110019975766767
0.100275378097039	0.109515330372995
0.0850612635029185	0.102930363018446
0.227827644038439	0.312322900764938
-0.215868018494606	0.250834386865811
-0.13433788642315	0.144707874326378
0.390152890807478	0.439044362627549
0.0750230203391793	0.0580630232406542
0.120785884254544	0.129790835745551
0.69367459959889	1.1993542052134
0.170717180857323	0.19720383044398
0.0922780297756733	0.103384936286633
0.923747314665997	1.32030446999814
0.137772225153724	0.165117146035956
-0.0283456754435779	0.0347196176824486
0.517571273950999	0.898768086959014
-0.141672096182337	0.162773717699284
0.180476472325461	0.245240313427342
0.319825212961456	0.53483399605483
-0.0302741205668639	0.0329727079966892
0.78725438596742	1.36935461433954
0.186627506296244	0.228582503335833
0.776723833325121	1.68419137239473
0.0289805375640173	0.0262145416928872
0.293071183663784	0.279282707696239
0.206469617279437	0.21746428730327
0.688233116583003	0.693581825384016
0.145954660598314	0.152749702672723
0.123839108680294	0.136406433144549
0.640420343091569	0.772374405984835
-0.280373547505797	0.216007265067027
-0.0363615339794259	0.0203582803955637
0.477178061094278	0.464621444654565
0.356696403089757	0.51911952977259
-0.114110738269759	0.169243159397002
-0.212846378268693	0.380120748028323
-0.230487092155005	0.446957648774529
0.240995722426623	0.469764927124617
-0.114500719179977	0.185968827853404
0.183196592544657	0.239810016572335
0.0832197388824934	0.11084082220929
-0.142052673396557	0.157638831702728
0.351429390626184	0.418369211283431
-0.556331015398421	1.29518679668689
0.420439694774339	0.840775427626257
-0.0756181215325852	0.109406067526637
0.194886481711716	0.347909376032247
0.451219232503975	1.04007596101404
-0.09688949524579	0.14833197125046
0.0639070600057819	0.0969637683839072
0.18982782881713	0.264248941890368
0.158711884578761	0.214205235913657
-0.0972818532956148	0.131059715101871
-0.306311889446346	0.441062573643405
0.520777392979346	0.850070130414975
0.486909357030025	0.836950311984867
0.642367265109302	1.06741603728718
0.426203523021152	0.635642668315454
-0.166294809996364	0.21002141556754
0.445422609836669	0.763403364736623
-0.332831341171991	0.55015730010001
-0.382152096195934	0.577610970724712
0.208009009886046	0.272929597349121
0.369142815799055	0.360974583076012
0.283042621099656	0.27791179884304
-0.589631271049211	0.59116741585146
0.249086066395247	0.151608153402446
0.357660769597522	0.254413180059591
-0.127476347106004	0.0567765426656284
-0.0554113194725827	0.0302237031892654
-0.253480393727071	0.170788005056949
0.218617574821739	0.211936202778289
-0.500306129951028	0.390023188494527
0.46995576704776	0.362066649876458
0.243200548785808	0.162042482776558
0.13527631241665	0.0985054111417269
-0.0794003942164318	0.0601769651567782
1.70404055941784	1.242910710987
0.099717384490501	0.056887601230261
0.275517899154833	0.1430162988051
0.437951910692818	0.450594412801754
-0.275303579112511	0.255659303025449
0.548617566592255	0.915536402173406
-0.330909612738529	0.528129144113221
0.556006337259112	1.21085106563268
-0.0664800304604624	0.075476814636475
0.104888461786285	0.136611246170894
-0.0168484049197806	0.020199531266693
0.117056130193996	0.162530160470441
0.122498437759057	0.154558199138219
0.246237728753744	0.412726680253762
0.270273806178993	0.419205208295731
-0.0572067808942579	0.0719218909710838
-0.00894014697427309	0.0104191235105304
0.0224138581471216	0.0258270178423861
-0.170987121854174	0.222508930568926
0.317626854038991	0.535073008048181
0.299441512491759	0.455696994716962
0.105919084291022	0.135205216671663
-0.0833677661825668	0.0990428982639644
-0.264757210025136	0.430920086670258
-0.112506145973473	0.137702418280791
0.111946090691434	0.135433475704711
0.345932918476831	0.439665821725028
0.279918637411081	0.466278219170268
0.381670140526347	0.53638297334762
-0.182241079611562	0.204782649968282
-0.0106207484308425	0.0112343070410614
0.631662890409989	1.18761546477711
0.592201203587366	1.1983568524722
0.127630900819814	0.19618332459274
0.182011910854517	0.228091788461116
0.398363444579961	0.7107182631704
0.541110662316599	1.06947891781244
-0.112754175928705	0.137781005490367
0.333261608413533	0.443146950543309
0.462384597483635	0.544753052415077
0.370741711385358	0.520442794872214
0.214095613547446	0.256400825109833
-0.00780678497776697	0.00799206171828935
0.740029069565948	1.62837648913973
0.695004598553946	0.894499276353871
0.231354236215263	0.290289628665303
0.137960011839247	0.19964232660012
0.226792569990368	0.340631633687855
-0.135751292687305	0.164966772608402
0.278259266693422	0.43582391368318
0.302964575313793	0.497765031444896
0.445046963870102	0.817921348432696
0.466841309748943	0.904994046618488
1.13825585354178	1.98446548392869
0.389574079302873	0.621135142212353
0.448827290390529	0.822003494533909
0.0994618509125384	0.121939833708024
0.365478404380531	0.716692218147426
0.492354957063784	0.75690574269254
-0.731909534968502	0.910807850801211
0.346807069852421	0.36625143380367
-0.767405591081991	0.73822800993652
0.0835549725570203	0.0842186823132188
0.322803644417602	0.453985622846537
0.576344583508573	0.589208856950797
0.226225007692421	0.159057309109161
0.478351195202853	0.373734447751229
0.0576377456218733	0.042157092496759
-0.0790685556168078	0.0817741239823085
0.345144961769447	0.681654104720626
0.0073750670874284	0.00939336756151955
0.0300100115579086	0.0433837765168453
-0.121569698727885	0.201426772853524
0.167386696858484	0.284593952863518
-0.0293964677586339	0.0305021323947373
-0.0966851718732391	0.126723389245009
-0.037731341035835	0.036983338055907
-0.0420596411399396	0.0341542585746007
-0.212188091902729	0.327943046182872
0.221688181583397	0.32769836328158
-0.340182820880082	0.584265785166082
-0.0775246993105782	0.11035605795625
0.228886555076655	0.413945143962048
-0.39418582385557	0.811467588389205
-0.174433306462845	0.261813778043353
0.206552779457128	0.302330498753107
-0.20063508937016	0.266493754773195
0.0099599490640298	0.0115230495612493
-0.118058538378355	0.15576011695077
0.33437434133011	0.429687640006838
-0.135550740945772	0.164594800062516
0.976423783374994	1.94686720490735
0.759665805457846	0.987686719342382
0.23290894880438	0.31433909897761
0.352694008881928	0.556314221926802
0.0685491931802252	0.078901100685826
0.0401077013730434	0.0428609374165857
-0.253345591739537	0.276115259460851
-0.1059842808067	0.0910570324721005
-0.112732620421329	0.082444079670076
0.11827385302777	0.0794969186135214
0.105752480408811	0.0609323153983765
0.340444187463134	0.148099115977774
0.296285669533791	0.142317191007968
-1.2289573788022	0.709474969648677
0.671979277365445	0.599597280661659
-0.215168855666785	0.187218342467826
0.505209202521937	0.469182300220144
0.49860433675362	0.36907515053246
-0.0951592208703338	0.0459916454714975
0.543138620349464	0.563604430357799
0.48812263846097	0.455966362307884
0.0975015898673839	0.0556880196513119
0.631366805392885	0.285847543151244
0.383384494523392	0.153227399949693
0.0870826144126162	0.0360674731937663
0.474298276641542	0.261173311545864
0.217341269253053	0.186508310742438
-0.0686164036949004	0.0803259947345419
-0.32037660412371	0.509178838658639
0.116039669439228	0.159698590053501
-0.161910588282047	0.208130907828923
0.386453293029273	0.64585468739524
0.304769587217417	0.492606826547952
-0.422330626804698	0.69471935039664
0.128533590242824	0.156969481970306
0.151943068611864	0.184166915530462
0.219709344116989	0.3025917600332
-0.30366542927926	0.487508370470541
0.686639716016378	1.54903946577661
0.662044645014247	1.45415779322719
0.546060077383261	1.11563916718166
0.0054663838555846	0.0053076988994071
0.349416980763172	0.525921326069717
0.347264693675677	0.600322101609112
0.065785870691588	0.0732920014515236
0.258631791386052	0.389475184073457
0.538930104412307	0.984487285100153
0.103800945604973	0.119009888993077
0.886209624028075	1.6621377767725
-0.118954121009184	0.139930488275675
-0.444548886879654	0.505918124477653
0.425945349293394	0.512851125937622
0.200637156177038	0.265004427197183
0.119282650558526	0.123729390261427
0.242514419887209	0.295761388446256
0.36322589266408	0.656008592565994
0.192182626236563	0.24527591138157
0.135717811441937	0.165181240580664
-0.255175996445959	0.343145477431867
0.0750899189262468	0.0786364369661325
-0.0835971309490152	0.0864896102580558
-0.311134780871736	0.30979043490749
0.456530980193021	0.623940293939794
0.351264674067221	0.425328220683693
0.952331061912062	1.61060634016629
0.382212716657871	0.582203581647311
0.321995785988343	0.536821313913353
-0.059269632064935	0.0718517956548076
0.237168156699338	0.314311603536394
0.239508607491989	0.373620556693144
0.133781711934886	0.182795400048627
-0.454896373407007	0.732366680157689
0.275449391660151	0.482346239447107
0.215783627050303	0.237607030321879
0.304718025985206	0.377790643684848
-0.0862358902717448	0.100721686651805
0.590111378462587	1.12843990790471
0.0797250088207785	0.0933688395826631
0.305701347807047	0.371480892775462
-0.0239759782483502	0.0199708782997553
0.708605444084678	0.982478341195716
-0.0701023974849393	0.046993391909728
0.0192166594755304	0.0168134015224564
0.23295739770413	0.3031701533681
0.658358043438379	0.70037834215167
-0.185429782183836	0.132357072841841
0.115686150984483	0.0723359537416479
-0.365611641329198	0.355044031628276
0.269151003929875	0.35785936533913
-0.0751037505571375	0.0945185338365427
0.283340517453483	0.538457926768714
-0.500130358150662	1.24195229535177
0.186496370759439	0.339062316021833
-0.0142281471703416	0.0178005108566831
-0.885929472875397	1.50768809087587
-0.512450195130931	1.00606775827401
-0.05715496472476	0.0512109636063491
0.549946611944828	0.724653349156148
0.171631734562817	0.250398805518699
-0.0551069314713302	0.0688921937255635
0.372798632654237	0.703118819298194
0.205625343512609	0.340923810067872
-0.113843748423045	0.156162240539216
0.612447380209226	1.6480372755638
0.346651962276699	0.670153768477994
0.0968094023341352	0.120368106325263
-0.00952889424970801	0.0112265286850004
-0.0788883161874902	0.0934449642882006
0.305648923505984	0.366787651517272
0.486200931534691	0.782388604687101
0.24904878682326	0.301580610217855
-0.445840989496368	0.48494631531006
-0.0213040634933121	0.0209838397240104
0.221004872819798	0.291821078532792
0.110662413338018	0.124398641949362
0.566565114005387	0.992629211171529
0.0433088691979232	0.0488196935894738
0.0214860604260239	0.0204876819048691
-0.704023498312164	0.972261626432372
-0.188252742922984	0.168478130309209
1.00811588056484	1.08494376728257
-0.413302260792047	0.298916311956966
0.335912073387324	0.145913584812108
1.39983187116215	0.859498518679871
-1.08339961147969	0.449912801072639
-0.0975757587392725	0.0462962886899446
-0.0751754267276657	0.0383023327053027
-0.153429309056147	0.096300738018498
0.427787462398521	0.242148061803316
0.0345158520196431	0.0229232409344803
0.0956112311987813	0.0518385046667955
0.372747675881967	0.250959501513672
-0.851756228441285	0.797726291179137
-0.647879920693611	0.477198143667947
-0.454360029071965	0.190125229213259
0.632153675998967	0.29425293949616
-0.161984937444322	0.065383127315481
1.71233088571657	1.26554997694566
0.117526407042298	0.0791541651346541
0.157080234495944	0.146471678978915
0.0396974009439461	0.0401725609779429
0.40492972945127	0.697205805617652
-0.122300611260296	0.15463309999887
0.0687031442929958	0.0773602415624995
0.196308525453509	0.279719682703793
0.339155788160432	0.517149757803316
0.674995504920164	1.33735702844144
0.373084653609274	0.578177774273625
0.552722728968767	0.894780329747024
0.238394686841895	0.346564397880642
0.137914815253226	0.174852047790766
0.07874678724385	0.091479447951627
0.37014430656383	0.570394674376888
0.342687619860754	0.497662466901571
0.727113031782018	1.32775638026525
0.105036810837692	0.119352977240103
-0.0854455878936621	0.0985974301698759
-0.234997173902629	0.356598334455503
0.486213686628954	0.802456469998634
0.319044859219568	0.460228011798114
0.0903309514585152	0.0986877767138566
-0.150742183573394	0.124120661485243
0.252932221032439	0.345178597856753
-0.563062283035488	0.863779837989123
0.214365029202489	0.265908396022701
0.208941710011473	0.291807928860742
-0.292328082138049	0.409926342583613
-0.133799607505511	0.154214972752344
0.570119293719272	0.738478980904243
0.395233252963874	0.451630199905674
0.327563710726124	0.363619892778624
0.508395733393409	0.676656562144511
0.923975673774284	2.28482460417035
0.0941848727105399	0.109410622788991
0.430270687374961	0.596380270341505
-0.481404149489804	0.790309287237437
-0.353595431637259	0.523444175241824
0.0329086482284627	0.0350044290541798
0.847861883408651	1.51721095321326
0.215692673920543	0.214002721404696
0.129385558016031	0.101944402110305
0.69692493777442	0.723430494648664
-0.194234332856566	0.203207336512317
0.379067039686762	0.592581228091085
0.217187845719567	0.202831370149588
0.45462054630389	0.36744347220267
0.727876981574748	0.423287503112856
0.408584880555413	0.366539333655606
0.850192819142372	1.43482256198774
0.27306430736387	0.460341468528676
-0.311099577007122	0.597772717714439
-0.450270187730359	1.07685737600447
0.113414857601782	0.178238543661537
0.30747655482005	0.555692193052581
0.894366728899775	2.03768880607521
0.176784208851163	0.237836556143835
-0.335792986714036	0.341999456505128
0.516148983937337	0.560746901544256
-0.513934001499374	0.920053987923062
-0.207377831692014	0.3061900581238
0.017123978123211	0.0214063818090351
0.642659327168986	1.45282133077643
0.0380300613899375	0.0520118061903979
-0.18310380338655	0.281080333525586
0.307130627236839	0.52758591585688
-0.123625797011451	0.16793042170493
0.165386454624523	0.227462372680233
0.24372438394672	0.388559282863208
0.475907104514449	0.824634421105548
0.00874717690999903	0.00827894432562506
-0.108548913975549	0.119280805655734
-0.145846009690815	0.130653705619461
-0.41132333020986	0.469164080959089
-0.158588293653543	0.187867192299327
-0.0408126730176003	0.0421491216404465
0.0656573948139734	0.0685065078439335
0.210820627060477	0.270384389307658
0.780531970241821	1.17888450015517
-0.505244538036712	0.514375125268362
-1.26427386926495	1.27902924923071
-0.203152286835828	0.163927994196292
-0.712736166537815	0.427448822299876
0.266849740663684	0.140446917399864
-0.831100585707589	0.36875597674647
0.989814633801733	0.370060244008601
-0.582065968681697	0.230458165802187
0.531417270344802	0.362826933443288
0.370957217881521	0.250078528459449
-0.123038590828294	0.0774240778447467
0.495156101549934	0.444143687582478
-0.128095077854072	0.0559358444601032
0.233424805459969	0.170798849288409
-0.46511186924631	0.321098267829695
0.105789606845776	0.0645917467065362
0.758013581029091	0.316214952183279
-1.55578530455487	0.555925108003627
0.47849961331415	0.447777803088162
-0.108828988839955	0.0916698900344382
-0.167607642601052	0.201564078821126
0.543462941519641	1.06202111474899
-0.122403569719801	0.150725316367752
-0.179989677221097	0.227372987707881
0.276105071824834	0.372819668808426
0.115142062328098	0.136007359370822
0.0523461833901193	0.0562078065453888
0.502851923651852	0.948416638345821
0.0893890171373712	0.0954669565543243
0.396786104503149	0.591877390943184
-0.10658391934254	0.125850368522167
-0.234109098842121	0.300591277017159
-0.236625155756046	0.314696762935206
-0.0972035545410217	0.109228293802148
0.700516093064817	1.28322878883912
0.320507852697351	0.391263672850184
0.503885036788376	0.829303738985884
0.305935807967354	0.459277868092317
-0.403702504969545	0.621012577124482
0.668221371925336	1.111289656462
-0.176075615750952	0.185190889672159
0.202394992599322	0.203436576118703
0.244269973262587	0.298991484175692
0.609609800292174	0.848219800960597
0.418784756989672	0.536902632690035
0.382048559623263	0.590493659116201
0.185020769137975	0.233292193551997
0.178926752647755	0.21593659273389
0.899506113877726	1.97726945828615
0.130847511909269	0.13520882223594
0.0372901060418631	0.0312401411559638
0.532771649851687	0.651194684133636
0.360651197649782	0.541601499901079
0.224821952015197	0.169483333832717
0.246486137419802	0.316595701482351
0.418870777741285	0.679350377760153
0.8404152439373	1.39575601823476
0.272334670545368	0.300022913204239
0.164189547562825	0.211481974401415
0.211227932446162	0.275900634997975
0.144993097127152	0.122842149387926
0.132939569933191	0.0989515313002136
1.1821480121389	1.40748661221915
0.701308223768321	1.0532215717357
0.615767827555907	1.12860302320201
1.11714685466533	1.59182842954239
-0.334311553548079	0.297519542550678
-0.40342975572258	0.249384091053945
-0.504169587098993	0.465817972990029
0.68515503062334	1.20078336973348
0.391698632104674	0.813870314386061
0.0143356562102815	0.0196126483815223
-0.0702147588830135	0.103245819901601
0.406672180301391	1.06130055041838
-0.124528787781385	0.187314923410029
0.161376915924724	0.188335459853143
-0.362797350252573	0.610143697265294
0.154307189525225	0.141954682572404
0.508769730689956	0.520794537543705
0.150668616907593	0.207642382089
0.151711766826301	0.216835886279608
-0.138252945488852	0.193519755615141
0.207606566372014	0.353749603293667
-0.401830388279359	0.749301513601501
0.218651806678765	0.346679826715115
0.182459380944023	0.306208419801556
0.33265914067777	0.48219068278993
0.51821696654169	1.0362815596363
0.109244768438027	0.138356175000924
0.531485392387282	0.877709426117032
0.467874439267603	0.68730581382557
0.509976892864336	0.833665929206966
0.388443516074894	0.44698109599681
0.570941610116533	0.793653269160921
0.618341090352935	1.21592497956428
0.0396538856556032	0.0456251387043722
-0.105536438843082	0.114086248803337
0.699923531379828	1.35270377504773
-0.123421911311924	0.115698823702872
0.42294123172585	0.4628735370645
0.00846177243693198	0.00632672862203799
0.72821975147373	0.640878190310708
1.46718737583486	1.16767822586189
-1.08883915869338	0.4508252570074
-0.854615925633737	0.465643775598263
0.329913956359768	0.144586499251657
-0.679781921244148	0.543817472304298
-0.0180111350188297	0.0103196749268711
-0.769044040880527	0.590204986019461
0.0787881333070823	0.0354736001884745
0.0140123598386598	0.00824274573414615
0.268390678825292	0.143107451969408
-1.51048533796065	1.61105977360322
0.895247142825054	1.00477448963956
0.650191499684964	0.397400996488287
0.625111313868258	0.196272384019545
1.78429555407457	0.690274828303557
1.72025349420091	0.960536145712446
0.838353298998908	0.437467361165732
0.825310084293754	0.877644621654622
-0.627404768175071	0.571316039560397
-0.15883093573914	0.18579641366402
0.363954917397125	0.575842178678008
0.184817346805987	0.243207336717573
-0.0245649137478724	0.0261983672931224
-0.111254522370593	0.132737676951638
-0.566118995206024	0.988098938427484
-0.0632798155972827	0.0754911241638361
-0.0660363712052816	0.0793778514819877
0.501674104650622	0.843965855096947
0.29340071081766	0.39581985005633
0.281862718319012	0.456855119430474
0.424258108057135	0.755914166860504
0.23024302152256	0.287509754007666
0.326396767498738	0.508874680425512
0.463307026698094	0.825340623553288
-0.08354380465206	0.0928508501418182
0.516770092385668	0.936418317882769
-0.297908607106187	0.435231871458267
0.23600279577237	0.353855380773668
0.191010864915074	0.245419190471847
-0.425894793752662	0.640753450242553
-0.365037238156041	0.437295126617696
0.192158602122084	0.276207073217736
0.351325163646039	0.431106155963562
0.0927773636333542	0.0970724674146647
0.355985904250068	0.430171291077737
0.165337414104128	0.211143735155857
0.266207616918077	0.400819094976483
0.137503245623511	0.167409676840599
0.423095978504353	0.678282736973517
-0.0862380714562716	0.0946584596297861
0.208713502851087	0.252206769001003
0.151636177054628	0.140103735577038
0.313411416050496	0.354220603722223
0.582209078668641	0.820103497415722
-0.0324372135836948	0.0349328583402307
0.276378163246983	0.280177145458157
0.593483091030626	0.818161842727542
0.434607378262765	0.740352683528322
0.498506540344841	0.997509151862131
0.170507631219557	0.214655423286739
0.0169707383418721	0.0193815031252211
0.0166501275331782	0.0180769644241403
0.389258000865123	0.640891541769024
0.303778571794777	0.345099824770079
0.269502657476478	0.287910405827591
0.291159319140545	0.276655717149172
0.393036436739744	0.624237251021717
0.307715459027522	0.544670964357808
0.48633171371679	0.53647849386281
-0.517256063568827	0.556749542678066
1.1508462841705	0.947748183730392
0.103090954829076	0.0906627000531129
0.204914422979849	0.294199441509492
-0.120015778820646	0.185383669805225
-0.0651856374020995	0.109401257833158
-0.0217990250756275	0.0340706316671218
0.0585140907733012	0.0985994027285601
-0.163692420549925	0.298566564579411
0.134367813477384	0.180163941478214
0.246888455796425	0.348220773601645
0.318842287931421	0.409094962967274
-0.36429303531309	0.448711317361848
0.145760421420479	0.194291707294643
0.285095273234458	0.537475627632067
0.131231887387669	0.223767121770512
-0.00090108277019215	0.00132803328482473
0.264268698001384	0.542136207412599
-0.678425546539614	1.90635580511661
0.424509352712839	1.00789923174709
0.144989578279376	0.212666926710096
0.193064053543789	0.298618790578043
1.02033286816372	3.01856444266956
-0.0576960964564424	0.0744965852569997
0.269059185229371	0.403033815819595
0.0404530389468928	0.0463324979032285
0.508314146897542	0.728601834230731
0.210488052884409	0.256404196651299
-0.124672313437902	0.163761388252585
0.141844042796725	0.177613062770989
0.67280378077878	1.59443938876337
0.070493459194343	0.0879853272257479
0.189613669400489	0.226821116277284
1.21627774783739	0.647859074826469
0.0834086940274339	0.0408679215897108
-0.863263665057772	0.461342739463583
0.255299130052726	0.145434055019213
-0.23201559539424	0.183058524544028
-0.151119924504669	0.123771403501939
-0.405480913245658	0.295968707133463
-0.361511114285956	0.298541143451901
0.233671121977709	0.159288078467505
0.401243522608587	0.255580042228932
-0.644935991665426	0.62154400776793
-0.731022110478497	0.479710599213219
-0.266797699048443	0.144668185192423
1.18557923045243	0.790609818838821
0.89329805365602	0.579256448249235
0.425986889487322	0.44747101032711
0.0980564118030567	0.0570590103079768
0.578382976351446	0.658819054551221
-0.355662773822639	0.293148558567151
0.120947118118303	0.166008592321253
-0.0502747214939752	0.06277216334255
0.0713503614993531	0.0968167406185665
0.243663946203469	0.375900555835551
-0.0250173969467738	0.0315749479392348
0.0037868500329615	0.00423912413579419
0.157412369983325	0.218019777773777
0.212411163610723	0.354784504464229
0.569354251746486	1.15057153249616
-0.0156599119038392	0.0187268633741345
-0.152499554245621	0.223600251178734
0.510583369835293	1.07481024902811
0.336263595134792	0.584850463052743
0.180202880086575	0.252540608102434
0.359191864511181	0.688592786086896
-0.593290182406779	1.24953645651214
-0.13955382434698	0.19779790771641
0.0172761663006396	0.0202817636966482
0.29065895971847	0.487178031969251
0.0487065948390078	0.0566178054110267
-0.658933221819679	1.02192428592643
0.448071207173911	0.616296920753242
0.552427881746371	1.08713529469219
-0.665951771133706	1.32957611964422
0.224753219694122	0.313309672323373
0.435311749899723	0.900202998321429
0.279583743742452	0.477122678123774
0.47824889803932	0.872508151847547
0.138491351614809	0.178207540596214
0.407279980739205	0.616564191362194
0.477363857265688	0.770037817784913
0.573121895968711	1.34814452614839
0.29083211552443	0.513969999959613
-0.496584709377085	0.53730140677602
-0.190642175769754	0.252032042208112
0.206967320370651	0.340448183628681
0.0409031345151496	0.0468363127885079
0.14173855140104	0.177024376877033
-0.0315721659518512	0.0357855136874395
0.253593521036929	0.400717553735629
0.0649336278366234	0.0846797515073419
0.0550992893559149	0.0662722289108098
0.276826727444257	0.450036642688725
0.00265303045226844	0.00318366775485382
0.401075068967768	0.633992015747634
0.0719464827575516	0.0746525699821866
0.419170060938903	1.05494204117093
0.253409397369735	0.364712688413519
1.22573457394402	2.30763509066082
-0.159450194904734	0.172434800184117
0.343690311515929	0.254565437602505
-0.0475485165239815	0.0427858404746823
-0.0646380258737708	0.0763736336730406
0.485628272713103	1.20306871639627
0.0820978252987485	0.136085896537569
-0.041533318418518	0.0669328464664715
0.17849950596615	0.35735691668154
-0.458619396265794	1.213202801158
0.22464123450191	0.305939958659101
0.740649727047689	1.81769080830227
-0.0480039069914327	0.0435649652179445
0.670750684137382	1.16824104979206
-0.128982659078102	0.189632072958066
0.34369583201635	0.69153170011419
-0.0578098843067489	0.0932976367140227
0.219430518954079	0.384766921444497
0.162168807050454	0.27294618736763
0.089898487659395	0.137760197814543
0.684422968067259	2.090411059729
0.155642908072488	0.240191977960286
0.190341944579965	0.26865700830272
0.0966166057365288	0.133690328408675
0.252269034807153	0.359564051882564
0.542453442667808	0.925173664529536
-0.0252934199838238	0.0256150670081469
0.209672866727573	0.223173496895067
-0.0286711888375811	0.0257784545031196
-0.233538812072584	0.3194072029723
0.23096704906828	0.359513253686719
0.661663859610599	1.40981019103473
0.149504989583325	0.201049429359801
-0.0138069345692533	0.0139532083121697
0.326871051272681	0.140815397286749
0.382603157158612	0.152295245953705
1.01909452371293	0.595102552395854
-0.1016488175068	0.0772114290093397
0.377413723822121	0.257729255413635
-0.749042664141857	0.532157170029076
0.0845043902489682	0.0423698318812579
0.254682957435595	0.14604699223265
0.736666616278345	0.644069646025216
0.698038575342314	0.891056435126911
0.532156531599939	0.464123844012703
-0.123212342890031	0.052222932068201
1.71807471801605	0.941386230191873
1.58912587221315	1.40813867844254
0.957103245067987	0.826645629649064
0.465827123423228	0.469674007270961
1.27151565288848	0.560293032438019
0.497407928943775	0.367223533465952
1.06816793358806	1.52123573474897
0.136474660833837	0.119352409706997
0.626219613623236	1.29168751583106
0.660615596675448	1.32609271294111
-0.0419911012166402	0.050040364474944
0.0270755875420675	0.0332095238570979
0.0608047789460051	0.071285934759211
0.347352560295077	0.600319382134124
0.525110354801853	1.18149948837489
0.121527407097719	0.161050401012532
0.0571393927870707	0.0701939314570756
-0.0473261113824396	0.0541923206923143
0.167467986509659	0.243550295541796
0.401299436312181	0.733723748933
0.369996073666514	0.682693074129374
0.0760221273360044	0.0909603095595121
0.159986522550462	0.224317673562512
-0.112796434754702	0.150946475548441
0.508196028575176	1.04051749985271
0.221307363158903	0.368750934774456
0.541478385221419	1.15312008099863
0.316408151044491	0.491772322013205
0.557322924941741	0.865544127934034
0.0436857797635809	0.0383988529322569
0.066351865536901	0.0798170918941801
0.215279238574397	0.280437703129196
0.146964455488262	0.187484342153575
0.35557027065492	0.5932560875238
0.185634936814912	0.276937524789433
0.185352292428316	0.229388857630597
0.219054271268076	0.324056003192196
0.542227353267402	0.652630890992988
0.337224192969102	0.440219536049668
-0.104497836292794	0.112732702234652
-0.0432663728619049	0.0532658442409617
-0.23414710768781	0.240730870280516
0.0688980055016312	0.0843148375040799
0.0499116969698893	0.0599774242411401
-0.850854640744832	2.05357529721479
0.153427928551453	0.207657967877543
0.136021486302716	0.190087595440205
0.0158456252433018	0.0179958802434279
0.248554562473774	0.361796253060133
0.128570740618777	0.182528733963581
0.00518930175964338	0.00548017065329637
0.122132118606371	0.134418545112723
-0.164596441442582	0.120117049681599
0.484946781890755	0.837597085999182
-0.22387800230942	0.212485973159652
0.534078182667255	0.730553246732582
0.0501794515736116	0.035666101720427
0.113800967381606	0.0688404317767054
-0.219730534006181	0.151721095388696
0.217673709745918	0.278740065906639
0.075168018585302	0.10926613026674
0.339067907317423	0.712950422510286
-0.200788286984647	0.384675265176316
0.217448957900107	0.449957821138
0.32069133362432	0.665521827597787
0.312510852824649	0.439073443841485
-0.0108336955583542	0.0122771504466563
-0.113062868316033	0.103149249234807
-0.114445449157387	0.0984928754256729
0.176087417792287	0.231386125839829
0.217425327324685	0.354749959116704
0.401303288716022	0.82987057904803
0.460670874259815	1.02316854416026
0.555086633200616	1.37353577388646
0.0655017351121017	0.0839793022954034
0.185026932032512	0.301819034228762
0.49096556944988	0.867319424251662
-0.536163159762204	0.874337051915769
0.0663905273842489	0.0723767120211719
0.466691093513526	0.751164305968089
0.271554604644642	0.315896847631398
0.3716160182378	0.522318815217759
-0.62915102961179	0.763796069860494
-0.160100601827333	0.157596401817065
-0.224121964021089	0.272041529322378
-0.265646907860534	0.357728698381385
-0.461317442566696	0.800727210981742
0.274605055036684	0.40095941907894
0.170241881449505	0.200650239079248
-0.0583746331497389	0.0528034992016092
0.624868698566828	0.283599902593095
-0.894101423582584	1.0784620993045
0.69892368932692	0.601430814548198
0.298414632013925	0.145658279253567
-0.579837417008119	0.442472317979212
-0.210284508695592	0.120012766545057
-0.0930570784858029	0.0615533750801114
-0.44906720529631	0.359771704742046
-0.0740521870957192	0.0386420653355208
-0.640000640790177	0.159358973091496
-0.586113553611644	0.22793864773109
0.138575036385174	0.0340982230221567
0.836992663100372	0.442211026628736
0.736123316051325	0.416206349731998
0.535903979598813	0.269581158434891
0.724590155889703	0.711972825153884
0.614770120332633	0.492294374275795
0.584932274026948	1.02041043129417
-0.331895541018888	0.589021329072804
0.222811903570479	0.294144962574012
0.0772001131829941	0.0818116984365301
-0.39019873960939	0.634537066332254
0.671747283900831	1.2492543597666
-0.0385242599447111	0.0423874839636978
-0.184143296733694	0.219607278758784
0.18142660839948	0.233986133067042
-0.0763284866644472	0.090770279288535
-0.35333569903273	0.520775470918514
0.24791646705893	0.332680353125857
-0.233712933038542	0.324583329750674
-0.0699230133392534	0.0727584704096567
0.586738691025959	0.892979574649054
0.0646211528326624	0.0724569428283465
0.137407485269777	0.173114404821498
-0.0196209093331716	0.0216582307679975
-0.083390535278633	0.0977176776733298
-0.983404096602098	1.77200325340179
-0.550158614328843	0.663620765781165
0.109856126159581	0.132166808378638
0.198816373439458	0.23110591095069
0.407224187264539	0.435641233168215
0.0937105938627645	0.103033218084422
0.183375270118947	0.233530079308213
0.706220309577277	1.35708428188377
0.293299674545946	0.35042947762659
0.157740902558772	0.169381901092833
0.400281133166712	0.504349204845933
0.229115183620208	0.215045535305959
0.589792575637877	1.01788060716132
-0.24091348080996	0.270598471954903
0.501647092285253	0.465622475804492
0.0422767823625838	0.0372620506115466
0.593495913667331	1.30366005236053
0.121368550873114	0.124763260983091
0.548294805878682	0.934546094121733
0.450252742149196	0.819352187709789
0.0932449566664714	0.103737207958305
0.293606685053382	0.468414704790826
-0.0502861475538388	0.0406743780209215
0.48014494263057	0.878125261641257
-0.30512224116269	0.199698912801949
1.28591501802349	1.89127807861312
0.034969608419081	0.0375472158604472
-0.0307894612250934	0.0429908128876826
0.153206539013824	0.310448231004692
0.232155904684043	0.505636398415808
-0.138318222892852	0.274679504172264
0.151771638241697	0.26746088950602
0.45854653746913	0.750412368009136
0.439952580774193	0.897959114770899
-0.814925927006377	1.15009246072664
0.206511272687308	0.243212776552263
0.329994287240713	0.582516203511928
0.0399609360843528	0.0508105974350116
-0.145726220742785	0.236567831179912
-0.286081992018666	0.515334192432746
0.00784503583522777	0.0106546807276396
0.466876588278104	1.15779184362601
0.244931013004181	0.477996964754227
-0.17388877038983	0.230491091083637
0.311668487219603	0.50798614990034
-0.163023385068562	0.223909512858139
0.26293765906235	0.380131237393295
0.379308180737549	0.526478110966792
0.160435111972434	0.183957445073457
0.0992744116710894	0.0903871741049583
-0.478085803490314	0.724242679462419
0.176891144110367	0.228681033794425
0.290602539387692	0.450385873261571
0.736718594831759	1.66483284189237
0.31773827266048	0.448563859546122
-0.101341618076682	0.117517567452019
0.288637203607746	0.272532203767586
0.683629673001428	0.801538881302192
1.90747707481761	1.15171355584287
-0.119119547719085	0.0532254539577907
-0.166055731306084	0.120747125276083
0.0429988164622556	0.0304782660074255
0.476307158480104	0.260833705833215
0.000886350737252694	0.000608941373501592
-0.981566729654238	0.672703253755197
0.568084818713486	0.574105903670272
0.33765701234227	0.25610042438342
0.632712899856162	0.283645206544689
0.436550978706099	0.251330793161733
-0.279866317772248	0.0934639445027178
0.0945694238340197	0.034884535342553
0.547679363654988	0.269101540760086
1.58165524031511	1.39110633685831
1.1920964978377	0.789047273431963
0.332294342191377	0.268726507719225
0.955994348787417	0.837535283214951
0.214430887603855	0.34202902154951
0.736203012778792	1.5221327617502
-0.0358679741110149	0.0438344536157423
0.25572074378991	0.340396611882204
0.26337010722929	0.392266910759871
0.0687165307520367	0.0837948295391463
0.233569439064271	0.326611550811855
0.206053433915136	0.294470215058909
0.441264099306015	0.752528210244216
0.368050562033157	0.631226836386612
0.249328968987101	0.371848289900836
-0.318491293114082	0.507499792848792
-0.169018562671177	0.217051852716769
0.498308942581835	0.845245005172926
0.398130676752276	0.705336494676627
-0.320911364081676	0.501313106441981
0.0933093218501769	0.0992764792898897
0.209050367793222	0.2441487352363
0.0111897846476757	0.00930354778615295
-0.566367182716914	0.913737025628371
-0.0575917451401253	0.055830544032483
0.375943583594673	0.431575988001479
0.183853647970115	0.241055308739307
0.175379302517021	0.220077710137846
0.121757126904304	0.086622666318012
-0.275119152263012	0.388707134968732
-0.161911532688077	0.210995173540908
0.0858128142580253	0.0952891615741419
0.735948673498585	1.64509613311074
0.368699826189455	0.557438633713418
0.540395827175309	1.35571714623469
0.317398231090472	0.488271078742451
0.238430787943975	0.14226526652313
0.225586034161037	0.229755446634639
0.235745815902122	0.399959301849993
-0.00274028522846165	0.00416356597553878
-0.00264255900940009	0.00419520165928798
-0.111031890720749	0.21169938098062
-0.381624559399798	1.07991005541937
0.843205811470076	3.30448614844182
0.234670979233364	0.328635242116493
0.154323279566247	0.242623441474342
0.221033185463622	0.269780218350542
-0.208308150486645	0.227156304311006
0.0596267297261031	0.078908667823963
-0.48667352944309	1.10274357994981
-0.144081428529762	0.231535475770668
0.0556331166152141	0.0867930083114061
-0.272171525885159	0.562466973634646
0.345627965524342	0.734413252219496
0.120157902496934	0.191381641709384
-0.252242206924349	0.428658503294659
-0.403926408290117	0.731583434088992
0.306657044578124	0.54725384909588
0.134807911888528	0.186828403288851
0.613513448134103	1.24149373360036
0.193472360426023	0.232584360956539
-0.534464496604286	0.732318321388416
0.15501527041783	0.188985145728474
0.199711051409198	0.255354080521381
0.188040906319163	0.270877106581187
0.295940434833502	0.402012809257239
0.120558501553122	0.0844266095506355
0.0493735367471416	0.0423738548651438
-0.703113325348136	0.675541207266951
0.502639819097698	0.377752036723499
0.214847863682346	0.183803270541508
0.833889484287389	0.803797953296252
1.94795080002401	2.85488851477954
0.0715412564895946	0.0558073104718838
0.244875002220293	0.134511079950452
0.387471291006105	0.15427715005083
0.63664686009082	0.394602747743112
0.481198702134612	0.267779292471621
1.27461317657835	0.551823254202234
0.400652185651383	0.147167845394423
1.27151565288848	0.560293032438019
0.515685466372809	0.469428512507724
0.376997635670651	0.366507853738337
0.429356058075684	0.792426246415155
0.265591146000648	0.396048666113214
0.0630506909948305	0.0692268368240479
0.395016545111395	0.731277378603545
-0.323629251972165	0.503031303931881
-0.236173226597278	0.343054466437869
-0.0827031783184654	0.0923411714125853
-0.439377479772836	0.779713345460364
0.244783235632868	0.325444645297438
0.148774425722585	0.212226462762467
0.432822137468687	0.712409256539912
-0.608180175199318	1.24362629126658
0.243510728223526	0.317079299294835
-0.0571813725273139	0.0557694009395107
0.0392915430778279	0.0330112812608609
-0.00373901498274958	0.00432950691459246
0.396443222958694	0.573682495479942
0.791087507177748	1.18863236523596
0.28516695817316	0.365817459041812
0.42313057183244	0.774844149927558
0.163208198811771	0.195151156323968
0.979200323540093	1.90363581167297
0.460407088479585	0.643322157893359
0.770129169592417	1.27351330434825
0.270864209156393	0.437378969137049
-0.109618151247727	0.0838976463119932
0.178581359029034	0.221227211618809
0.0377353386149465	0.0450989294134427
0.283976919084366	0.418974052724286
0.536357954833244	1.02645891178357
-0.834964695942226	0.377915869349427
-0.665928895601667	0.327543132396934
-1.40029934822042	0.852563072158608
0.4058128793853	0.691469741567928
0.0448590663337149	0.0691763085673471
-0.053174146524978	0.0808564730352473
0.0626969923026659	0.102343625542133
0.440755636804946	1.03820958605003
0.223354797958764	0.447838713264949
0.139965759752055	0.235043166832469
0.0642340071147748	0.09107212315989
-0.121331139972296	0.188910944901311
0.093368520927077	0.124975507278564
-0.345632315218347	0.489197410684891
-0.0959752078771374	0.145031830264388
0.0219751214662881	0.0276359219935853
-0.424921216775247	0.837429287332632
-0.0970621803627169	0.133243665495903
-0.176490725321833	0.261587490302203
-0.629501886718485	1.39557717717112
-0.360500390242068	0.723820623813133
0.135283041535692	0.179571133703325
-0.748874834927915	1.59353876377856
0.398199786678705	0.671919185704603
0.427131614348477	0.801297465004582
0.0541478448487962	0.0614948418700207
0.753814863459518	1.27868981623168
0.546996993817338	0.849537489306448
0.103209735486511	0.12366578795981
0.434049170896118	0.259472955551103
-0.145262237649226	0.106433918983393
0.147983922149008	0.130441122167618
0.604092692959672	0.757378289031343
0.347488179925621	0.343314709537091
-0.148248822048714	0.104360059077347
0.825763986998509	0.897370906609535
-0.630530603017996	0.745861296551078
0.777777856927691	1.11318094929008
0.219180000573579	0.18318015586998
0.334328556694243	0.145234410518522
0.103626408625469	0.0501116169727896
0.637258056720072	0.290261200990141
1.11612716329839	1.58641377908307
0.116018404751165	0.127434889208881
0.473294628974182	0.745082408256403
0.486113163598407	0.648343501436069
0.260432452437363	0.326182510742179
-0.508159523995101	0.693732370790665
0.000264293014806441	0.000412142701019371
0.605716946845042	0.988961858316781
-0.0888240496242723	0.0848930181716865
-0.310790940402802	0.400174319541947
0.572133927041016	0.999223508971589
0.327041075032452	0.35727370709876
0.108293673348872	0.10227249750468
0.36649583758221	0.352945681371317
0.401450922422246	0.544604124293792
-0.0653378134477624	0.0681651632997552
-0.183488406525158	0.191544444113174
0.559118726347208	0.872619542340006
0.372097316158866	0.629457398230306
0.230509344669281	0.270905668973049
0.209442175795075	0.219936403803971
0.933231017214194	1.84270761607473
-0.246249241428227	0.287065766696304
0.361791705150758	0.441760878293979
0.820596410741366	1.21277017067595
0.668106910354698	0.956614641639787
0.589635445789822	0.867710301868791
0.0150910579724223	0.0164624936045285
-0.0627374945494777	0.0431835670473748
0.283189741565905	0.405823899569574
-0.0486104404460823	0.0584692957623843
0.43688229630446	0.739615393195655
0.645717570772828	0.385834531778378
0.387125490318696	0.154239114338217
0.527157248094698	0.458344997583038
0.359960765078757	0.718013099656396
0.561945841100431	1.16196580709081
0.339703823590155	0.646138614022086
0.462231719012984	1.36233719369254
-0.392719552285922	1.03995594431632
0.360388980718323	0.78658179276632
0.133807044955712	0.200085125512805
-0.0741539025268626	0.106520004908786
0.231388652266894	0.416207979224676
-0.0455227219343518	0.070936987779865
-0.097878008789755	0.158264596539676
-0.10255968044867	0.172712156881413
0.654207559261613	1.89348588577012
-0.318904882548679	0.695815524379652
0.37121138489247	0.737523513308654
0.672325994075618	1.49829614708554
0.148829116273185	0.214635055074207
0.11738114403943	0.166672823032354
0.0165020625502403	0.0188822135057501
0.156049509668028	0.227733727096034
0.0904908101820972	0.11946803672949
0.184418915606272	0.251653172965869
0.308802429939773	0.501619148939957
0.0659657751124176	0.0818140395762371
0.00262567964993013	0.00257183734942237
0.444270116742263	0.772124775894226
0.510458262487634	1.00129398196682
0.247836874920497	0.380528797526693
0.959028868077214	1.30304160024805
-0.161994161844218	0.134257539798929
0.327077718233705	0.348272079431637
-0.468005251043917	0.657204188908905
0.409698574434317	0.454401379487024
-0.00920833011857225	0.00783131685523133
-0.0556069694496885	0.0493238920521861
-0.101062773589917	0.0959458793791553
0.480817285773844	0.545044504809685
0.365147695834585	0.451370284532681
0.672429260037012	0.859017546509495
0.055147258537841	0.0395707251235439
0.706331788360897	0.808519883061211
0.290414509229426	0.369169443051975
0.0933512667141955	0.083254439089879
0.341120695453124	0.528042837262396
0.485311074765738	0.857176202877263
-0.135833017345171	0.137370449977841
0.033343900151775	0.0353330513503025
-0.614752990615033	1.03517810179421
0.460718663626239	0.600355016350473
0.671177216491216	1.11003345793956
0.394409537739766	0.633363210600396
-0.213399830142442	0.276314645336993
-0.427125953519813	0.580308248443696
0.215200018705827	0.195063837161666
0.700229752647479	0.767301994430507
0.213599668125336	0.270682821965657
0.328970145536484	0.49593438146293
-0.322086780566848	0.426654086292011
-0.266196224113086	0.30203277889748
0.266035674732313	0.298336893899434
0.172481867335046	0.201867910702255
0.715988580967194	1.44648557274048
0.146848911973687	0.171025295837004
0.221660541230541	0.265915046721649
0.296090948763087	0.36856103128513
0.183744580368442	0.196396194548092
0.226393063022533	0.244832789339392
-0.112868986115346	0.113220853367294
-0.57319342060457	0.864080986443876
0.0275063442852439	0.0306522548357055
-0.305315137356105	0.406482269487209
0.508820048228125	0.77922810908994
0.494346406191459	0.680739636574294
0.0883493660685497	0.096916217627543
0.573054855187638	1.15198310249798
0.108724902893898	0.133568298882041
0.398101477942571	0.618165071168222
0.576551799675747	0.482516103348099
0.91139149301943	1.35413852151961
-0.162817015007283	0.1173793853039
0.537744094833399	0.554690601074411
0.269861570269929	0.286072669488794
0.732066794814544	1.42680913895454
0.0987810389673875	0.164665041264595
0.385796105821724	1.08580936592257
0.0917656625683803	0.163018426970031
0.295203602872398	0.725281654626422
0.200735812855089	0.419769033855288
0.423583972748649	1.18439987243293
0.283079958777568	0.485437892721349
0.563270702882865	1.69640343175413
0.28086834415921	0.499639680988462
-0.0825437992278397	0.0968634313835315
0.0348975692713838	0.0511722032981845
0.087962203021465	0.125296082117327
0.0853478516569247	0.112328448850675
0.211233427534657	0.367742544464467
0.313509817565019	0.633861607285543
0.381934677220233	0.769042805700093
-0.451799758230092	1.03554507088569
0.428261045296018	0.908576412925477
0.198336270822905	0.2821380304188
0.0439693329034538	0.052639567485259
0.293649419080938	0.446371392435483
0.211139392206637	0.269580877842202
0.27850128853295	0.352959193711602
0.109869795977376	0.160087613927923
0.305916512308574	0.559678385291242
0.546873216218693	1.22421734791099
0.000617064160859551	0.000643378786253875
-0.0753775811931371	0.037965884407744
0.0902718433630923	0.0505210185024589
-0.0545243847923664	0.02937354980319
0.816493103807937	0.881520517014657
-0.182206276129357	0.156916801304842
-0.546079484425588	0.648999296897092
0.146628253317034	0.111671055379133
0.434090182932528	0.456122020277508
0.310529319135373	0.280439652376733
0.579328592729536	0.737791801828351
-0.00661957391170917	0.00483169568606703
-0.15743284522497	0.0644872339206704
0.723894738104298	0.418751061525735
0.10544316520537	0.121142361682399
0.587230341309074	0.95615510551301
-0.227155491490097	0.332166570442033
0.130922795070543	0.143293774097388
-0.498347284806437	0.67972769250806
0.199418093745301	0.256288667241302
0.74538311287981	1.29495157499504
0.0145975582761753	0.0157893800894018
-0.187833355241667	0.212423540434783
0.506115173088626	0.86268236590889
0.428710744348081	0.68165237378315
0.477082527153037	0.615866365020063
-0.758093175323638	1.23889864981116
0.453206909611234	0.527338508811709
0.312864963376149	0.481583976356671
0.308349364989209	0.420372316991239
0.129989568565995	0.132931022255763
0.243317904418444	0.272691970001599
-0.0846098244350049	0.0811426952292143
0.759025182855287	1.25867677933768
0.0804924381235353	0.0866327763318162
0.149415818674071	0.173874497497128
0.0932663405415105	0.111224340616391
0.109572728656261	0.124872390596796
-0.0709773269033715	0.069975757752372
-0.0359382011049591	0.0402090237289005
0.127338091977907	0.13710023982191
0.174558031016562	0.201352394127327
1.05513840528961	1.70014623724528
0.0754416944744127	0.0738153643845331
0.368860807857573	0.438527803315796
0.42853805333066	0.542681662068681
0.715198784468804	1.14487565693079
1.01716879667435	1.95936609677224
-0.917709885085328	2.1036265401483
0.0744885534106882	0.0699375268167836
0.0255401171202894	0.0288092225992748
-0.169845609511778	0.237198404627343
0.63816064412416	0.999670645787198
0.210062995048369	0.249758560261939
0.711151321221082	1.53775778654521
1.0467292613873	1.34027797656684
0.640078592494036	0.403240372782026
0.718956568793682	0.40818403723672
0.726701885668003	0.419208659964882
-1.28830539067448	0.9483318732285
0.231415562229463	0.153937745296618
0.417377227028918	0.455995567111598
-0.179503195955137	0.215458314017789
0.328424979768493	0.830993510616457
0.148616580785433	0.325263865466892
0.221148993954149	0.538141420677137
0.41533156581194	0.898499361273738
0.244889280148469	0.370810647901621
-0.134932659457304	0.168067124936557
0.233311659925144	0.478605837406456
0.418771573342813	0.98938881230099
-0.335894656147358	0.733498636596238
-0.00827863419029317	0.0107096730886382
-0.0864247183154314	0.135157252932365
0.0454887643945384	0.0647476730956807
-0.0849266042967675	0.133808054328869
0.121430335500739	0.176299719533854
0.256449120454043	0.447649588843021
0.106566810351061	0.133543172902046
0.806646045164281	1.81019349377414
0.13604975543438	0.193670400544488
0.0516473997936994	0.0685078199425253
0.204968072331589	0.236642537411427
0.225277115286435	0.202850921553931
-0.14349926573644	0.12017010388472
-0.066262434764735	0.0338254821868638
0.433389786387422	0.365737355804353
0.114194608621336	0.0694943527371032
0.681141306416252	0.622593348571333
0.723371548540065	1.20807977390914
-0.415961640629623	0.483883092353032
0.612237508310652	0.673858179106106
0.460692261867228	0.528741490430195
0.397891879464045	0.343959831083306
0.0636735669585831	0.0685758583461425
-0.0400765053383214	0.0404477802414221
-0.0792296205341801	0.0956323760247427
-0.0319476039330364	0.0345624720423507
-0.00120092682448354	0.00118011166423941
-0.406578960306852	0.578984504244256
-0.156691271017626	0.189752751223127
0.411523686750999	0.650649647097292
-0.547970844664649	1.08364716757971
0.192289214748202	0.258164652980804
0.160131025768845	0.210505565918425
0.470661782868847	0.790765138245312
0.557095348292151	0.900300287105273
-0.145274712800302	0.15713952227848
-0.270560245882043	0.34498988698683
0.27683715198382	0.377949319477417
-0.0804122277113367	0.0776667044906664
-0.176551591948309	0.185555992937243
0.164482004990788	0.176631134075414
-0.591838663124438	0.711272918717489
0.302317577368593	0.37195851445409
-0.336175592151123	0.418204819051692
-0.107478565309944	0.128401800088023
-0.475755867866978	0.740754501907501
0.137592114671603	0.161187860572413
-0.292164457671178	0.420354743551075
0.137148665862428	0.156235081742475
-0.172460946512674	0.194394174737262
-0.149998226368122	0.17966958630015
0.271389530794759	0.280827265661
0.361655819642553	0.436638293478567
-0.226913285396229	0.248231611009303
0.71060986159185	1.12396676256068
-0.448339510883034	0.691413978067366
0.283276722306174	0.413078704082821
0.0641634828641858	0.0581681292646998
0.280732339294905	0.422791115999056
0.25409825617437	0.322250383335718
0.133212046412087	0.0930359818328046
-0.137883224840851	0.137609312157139
-0.0124516778252698	0.0114969645398314
0.21209658868814	0.306097393124609
0.287389077292536	0.305955064723682
0.22657674110353	0.170519755328294
-0.830492135794526	0.375626475897052
-0.613954633724967	0.399158038744232
0.843719155025803	0.693204883125171
-0.61437783215771	0.374227584137436
1.05065533632984	0.892717065878379
0.0916796357714893	0.0811690889992961
0.338570475063089	1.048568728116
0.248083553499687	0.597226830834132
0.340956719322275	0.804843140382852
0.42670203751071	1.05388710385509
0.226365880875933	0.406045682150324
-0.200284732655463	0.418656840924487
-0.0859021825797426	0.132362444505151
-0.0495346459779099	0.0639089777417417
-0.42208666212936	0.864386513285575
0.0918765131547555	0.132911552967387
0.116616536031417	0.158608261550515
-0.10603859766734	0.173215878096616
0.118269658275169	0.170976643733162
0.354641742179178	0.612714772423454
0.475706187296125	0.830611697036684
0.751918900405116	1.00486065312965
-0.11942564596743	0.0763358856569442
0.0611075904768477	0.0431484169117308
-0.648407753385819	0.672880893344522
0.6271592587137	0.837132445340273
0.0625227172528574	0.0672313196541802
0.0198794980145215	0.0184537082286547
0.481088616655814	0.630049520473672
0.43237522909265	0.614700675162679
0.105069883308135	0.100283499786245
0.604111370560388	0.958756950216891
0.0514487436263999	0.0588710961574876
0.25083185471472	0.29283149953457
-0.337503452466908	0.476361865974895
-0.469437848317641	0.743364880833007
0.62819588326175	1.19861689618136
-0.259524072240196	0.360774060938552
-0.106338354293513	0.111648089884031
0.567034392540426	0.808075659750649
0.131313849176245	0.143270973769585
-0.698804432591197	1.3249012589517
-0.0092967130242168	0.00862870218696151
-0.0131921054714585	0.0122459709535137
0.277747108111005	0.282686684561658
0.147239725852598	0.127842845436278
-0.304557457854614	0.426503000586316
-0.127214721817923	0.151849323803434
0.251491195961305	0.307421318306338
-0.296092227108972	0.322243297721413
0.0141437953811009	0.0128019197929706
-0.444944046962026	0.673199969178137
0.177315089616444	0.221925931280124
0.111444354606375	0.117938127428838
-0.8256557403461	1.57702762983248
-0.814655388147174	1.59453203204186
-0.339344168379439	0.465304302396577
-0.605980642944453	0.982432783013567
0.41654868171917	0.53485106035572
-0.167302124782662	0.191273937756403
0.134002619967604	0.14559389081247
0.0462135788310647	0.0428305722430072
0.314593132616549	0.365344453928531
-0.0734032711948209	0.0767912691182809
-0.187912383644057	0.225201890194265
0.0525141482568858	0.0535141530203052
-0.0875044458771691	0.108515640120028
0.0436677333265955	0.0466198211712728
0.194385154175111	0.232698997798999
0.439554275100876	0.813443180972453
0.231862012867436	0.302086356042378
0.742439442933344	1.54712100363336
0.339210400548022	0.373857913000722
0.147429598042487	0.183722084539856
0.38620539957426	0.643828613008586
-0.259524227290562	0.40398616046359
0.123686748719495	0.155973986226655
-0.0758522151918311	0.0802246102826968
0.0961264103759173	0.084963574340861
0.373498008907588	0.254017944809343
0.486377761444542	0.370894860338069
-0.0353729812133116	0.0201503253787298
1.05040615519709	0.877058096743004
0.211027376175325	0.173588110999605
0.113123982674055	0.111648393705444
0.125935558325668	0.275016517350837
0.0348883579145928	0.0489201651074658
0.0710895425789707	0.0879085644699868
0.0934679035347641	0.0978845690635708
0.801476171167914	1.53122641695811
-0.209442614639704	0.354702326411645
-0.0859085192177673	0.109449528319376
-0.0496776417704899	0.0614580988217828
-0.269592119252092	0.330594974446859
-0.591859318847489	1.10428903986941
-0.447050738324059	0.630783443090281
-0.448314234818117	0.969658875726197
0.0244302475058564	0.0278199771437127
0.162596229033216	0.23670573181576
0.270710203969657	0.371584152320858
0.0625623406712706	0.0782436025868031
0.290746702363965	0.266702201062166
0.0228263826170876	0.0186427394563039
0.407779829930199	0.449559670001367
-0.0686559783144003	0.0546663590289376
-0.0486732193874585	0.0331334704879425
-0.0828867786315793	0.0634609482302912
-0.761255149750026	1.1673957862492
0.140275200494559	0.105086385783772
0.00262474128380996	0.00181862444776154
0.00626007188848192	0.00492158872414854
0.220173178212492	0.204034041094532
0.470579637200999	0.459477571206782
-0.840905795387658	0.977539017820104
0.229150746135781	0.186502974796252
0.0933792583978023	0.0781463702791684
0.57140080901823	1.01220359431037
-0.121416162597242	0.0997558393512554
0.663842146627105	0.78141210586856
0.0200880077467115	0.0155411282251684
-0.215605885069639	0.285941524853005
0.218145858562117	0.227697938833587
-0.164010023294405	0.149526585234852
0.138343162847702	0.108048138972336
-0.48088091083535	0.463978661751737
-0.517365648858218	0.558908901897724
0.012408971352402	0.0100807193385303
0.222693326324287	0.202740222921044
-0.0507254228332311	0.0453481528320726
0.380267611326796	0.532005000919181
-0.292403003728527	0.411307591645419
-0.380855170727833	0.54776660367437
0.0881165819705301	0.10750012744022
0.327214029387713	0.353985899988949
-0.0727905464685441	0.0553288638606028
0.153330075230527	0.139690878909315
-0.053952743457513	0.0674015535226633
0.636770930315007	0.777869792472521
-0.00608059681110003	0.00828154780529669
0.182665759346013	0.246206416575393
-0.316983285309466	0.424645374480692
-0.0635572441792456	0.0618142961562114
0.0366158249465152	0.0314237949373478
0.0364416477436189	0.0366606707767226
0.249964287684903	0.343905193929589
-0.0575320966466919	0.0637253026311304
0.479271450346431	0.795375728065217
-0.00489749925255317	0.00533215127845188
0.452911702901282	0.923424263735084
0.188329203702034	0.229555644226079
0.298926206590678	0.275734677004312
0.291295189783601	0.260239216647947
0.218513453299534	0.151685207158262
0.279030386147797	0.477214266626262
0.352227543018356	0.437544806404175
0.568695221579903	0.881602588721965
0.535401937939974	0.798781533627903
1.38388735220237	2.93188049893924
0.255992613915963	0.636061965848337
0.423897460143379	0.739628545443941
0.722486970140608	0.981239697483026
0.219906275556173	0.211856694132075
-0.618405517869742	0.701707942677202
0.300659038216375	0.257990244997546
0.562777459224887	0.664425462295625
0.692403277536382	1.04464460712353
-0.0711772260247363	0.0983594600423245
-0.504980452426819	0.940844365389996
-0.047169316887136	0.0535699318281485
0.161274130651387	0.161600449859226
-0.355228835668218	0.534965021157617
0.207229933625029	0.288469886061033
0.545609101590301	0.386835539574318
0.483875810851069	0.379246633703967
0.0410754485399439	0.0271709127739019
0.00210582079884328	0.00132741751818111
-0.641480174642577	0.661339997173473
-0.965409653490282	0.883398361830769
0.681718921551003	0.629567224610256
0.138518364072368	0.10791225124954
0.728412239507729	0.641866080812821
0.642522948937865	0.597481105040699
0.0944177451572865	0.0532698254298367
-0.137987985023209	0.101319669389332
-0.596292433182927	0.500991100627428
-0.219337407760134	0.153082841054577
0.837214646824466	0.442535748288755
-1.23007704818744	0.706799346788183
-1.27240090051265	1.47967118810908
-0.241288933682396	0.28456269154482
-0.380993565510113	0.366714063469484
-0.595824814543643	0.595001181194487
-0.700308138200057	0.689100038238689
-0.116353441113873	0.108992025510346
0.988880350405094	1.27380474124186
-0.102018277121576	0.0671180169482148
-0.760328634359528	0.609901461735405
-0.0388286471527081	0.0217811624239208
0.640687974830802	0.40404467129253
-0.0358491358004649	0.024866966454895
0.069741901597809	0.0507739346352816
0.0747978888344397	0.0587326246839751
-0.0878602392079399	0.0824230098376683
-0.334071100936649	0.43074781054202
0.137239504826408	0.112202392856333
0.256014548162043	0.313485697136219
0.0131519373887063	0.00780426008144521
-1.33614395832476	1.44203190019395
0.234165629369983	0.151290208238028
0.0801244958633677	0.108021424657284
0.394015288795375	0.363216184728392
0.503407871251442	0.468551332147059
0.496666230842309	0.371113866800859
0.3204080524704	0.255498762140924
0.469783710997291	0.687471390928838
0.739868309912474	0.910217520323046
-0.01332430937529	0.00952234691179928
0.0674492472023827	0.0501029654263393
0.124843748680475	0.0869766564337773
-0.0539538293090819	0.0531637713986239
-0.129162717550533	0.154065556549446
-0.0915325759370549	0.116951171705428
0.135526704573953	0.193620496966514
-0.0331114509500516	0.0400211907670987
0.22543587122615	0.281759525443316
0.142811069479451	0.186029689479216
0.686326154125331	0.6344753317932
0.152723952438259	0.153715712302453
0.281726456698845	0.555036563381684
0.28146858662939	0.27864615799895
0.121641121018572	0.0852438124009283
-1.22424132183494	0.702006140494017
0.0956500859890663	0.0553970896537385
0.84044579256429	0.658029674106255
0.185044270370095	0.25588236047196
0.277219354371574	0.339973394990515
0.87259840491834	1.35949143810398
0.270209708196918	0.298807502505817
0.629847112771214	0.861012675207262
0.0588502253557261	0.104792864180729
0.328434258065112	0.598343057804589
0.294916173006958	0.820166516518207
0.126254916527593	0.134375723086517
0.950994262634751	1.44193048686728
-0.181248195277914	0.149038857935604
0.618547514379251	0.60627098005696
0.532560764772945	0.481079563793012
-0.270845624353899	0.231552341353772
0.139414466355607	0.113356372286173
0.398150954679652	0.361993166082772
0.31531131739451	0.372220963304277
-0.00563308629084525	0.00790803546010641
-0.191244057484895	0.306005924119909
-0.562970608094987	0.920112275250293
0.0237346319179599	0.0192079036272178
-0.307457978195412	0.539925938613732
0.0348893633722551	0.0380478867387538
0.298221466220996	0.469326578735079
0.374612878488257	0.253048106683272
0.72359091330982	0.411035815700144
1.80795261299892	1.84265825031186
-0.268396313356254	0.143720245486951
1.95670573997359	1.7336834425564
-0.849930581650638	0.778102305048488
-0.60058562269873	0.48635722097522
0.583988024806188	0.395704901851963
0.295621493740346	0.139182120425954
0.268390678825292	0.143107451969408
0.430925050561783	0.363982967294708
1.47003389996206	1.11587686147928
0.378906057678463	0.150402881153989
-0.546164865744194	0.281591026621729
0.0956198025242267	0.0389718540774758
0.788818792027748	0.656338070591505
-0.106390444752499	0.0993536926434924
0.0460666156916211	0.0319513714193677
0.521762486424291	0.458684839148626
-0.36795209381588	0.172628722272154
-0.378722837853903	0.45232884109322
-0.404740515706296	0.290142845100199
-0.530778165871329	0.350602383993437
0.617092059970347	0.507658709150761
-0.46325755324146	0.262203033687692
0.0871517254215424	0.032712784093823
-0.292038134119474	0.193271287062161
-0.314081577166863	0.23771518014707
-0.53447433483973	0.457919334808057
0.139326873055276	0.117429428364952
-0.221280728883498	0.268064445552167
-0.175970282706034	0.169925840237508
0.991347789336542	1.79195364236683
0.436320648700765	0.361725624582836
0.327538003969043	0.264406139924408
-0.264677264557232	0.180191122173712
0.0870790643767254	0.131892021072203
0.46220393202705	0.417130759891815
-0.0341511156980552	0.0190329898022077
0.0137590237677148	0.00814336753843681
0.46521516402136	0.596976240021924
1.70005827056999	1.25435927682746
0.922746209080712	0.699654995545398
0.105473665891278	0.0601387326391613
0.503171446373941	0.373280834754913
0.726701885668003	0.419208659964882
0.0958283023824542	0.156012327100822
-0.0932052783420071	0.0892587341322179
0.22629698474125	0.173477991773816
0.241491871247783	0.143644220890016
0.68873862661018	0.639632409426223
0.0909477966976534	0.0455470891315947
0.0943459316697465	0.146334297927775
-0.00959096887781681	0.00797428732049718
0.336666266183068	0.533845923349
0.179078407793737	0.278399725752887
-0.0570287134804147	0.0752576420682885
-0.0469088719558833	0.0612873944389227
0.116455564877751	0.125134410998965
0.0191243259103911	0.0230599396611967
0.098307059588246	0.143498930188249
0.118759994153136	0.071001826942276
0.0199971665858698	0.0236212238526356
0.121772860856388	0.162206218042446
-0.0542072337014235	0.0438199635363785
0.313862524569584	0.27984049113571
0.409768008227391	0.368699244845233
-0.213269505493944	0.0784096849000416
-0.0245269757560646	0.0137563164751944
-0.719423765251542	0.429775023806601
0.540104018138716	0.275020632758012
0.394576923057773	0.706979695777503
-0.475288129597271	0.667496117365444
0.520922131892256	0.635249553833549
0.655374478649819	1.08281320184759
-0.115898823863951	0.0980755187597765
0.36793851667159	0.968230345416849
0.823322746232364	2.0258934264281
0.213678478837675	0.458852039589573
0.20308239957328	0.42932307013188
0.396361240208328	0.575320917857796
0.00672139210640942	0.00521186693559662
-0.148485384844541	0.0908950549635009
0.390750334535308	0.364710758225987
0.134846571350943	0.100719457567418
-0.362741906685078	0.295273959527312
0.0708260896517092	0.0535996864759835
0.157742695603109	0.16553018388157
0.766495039764493	0.823955575417505
1.63296539042054	2.00475223353339
-0.566464404542075	0.753975693045517
0.850404080763249	1.342062026645
1.15079992919835	1.9951658767738
0.467778171852204	1.03706900131652
-0.498294017326443	1.18730095860906
-0.324744417465037	0.504696790053848
-0.00243470402253943	0.00235771383262853
-0.0263978431840364	0.0220332218646836
-0.0619509517870671	0.0757444237253508
0.0463951303579125	0.0529810449535855
0.527623229730995	0.479448982188771
0.37705935132171	0.26118753964283
0.302087961328145	0.143186896612148
0.576108449984252	0.382782146568484
0.444644614305111	0.263111675912093
-1.52202933581077	1.33117052448061
-0.266291879453787	0.202263108978046
0.333311546065403	0.265038172841155
-0.46414780897148	0.327861216715975
0.213364395183348	0.160197384311263
-0.469522262305472	0.274037065143796
0.250917110343404	0.144877366019759
0.0811453519095544	0.0339995920866729
-0.0754199241629742	0.0384137420330674
-0.862334531566668	0.583276553786497
-0.257918771212392	0.138567294426106
0.837561740713851	0.436477511840473
0.68150444228335	0.615107236907078
0.676034633321608	0.962511153520474
0.836091306902365	0.791735965469215
0.846571241416051	0.693579768293055
1.25665556979673	1.34673454835073
0.460574065126717	0.444327390598622
-0.225002929242614	0.199090602239724
-0.125840408110702	0.0549781692091687
0.786218515205646	0.53650542822265
0.837834994166314	0.668988818523968
-1.2951598251463	0.990108031095625
0.338166140129769	0.246098984270897
0.529234578084769	0.482065811307424
-0.395600873475866	0.31909511372189
0.262943216021781	0.260583874067494
-0.212427719710259	0.21674483865264
-0.357015297185839	0.378818755188015
-0.398455592274566	0.46294668118967
-0.184534019952021	0.111046070526761
0.779826392617507	0.763174425327313
0.503154465587994	0.375936766801166
-0.287397889414657	0.426668081174363
0.0984690180605402	0.0585697358924208
0.591389118362253	0.388752496080059
-0.34829442017465	0.220696850964703
1.17812670769595	2.04110822813357
0.447518819526057	0.260856369853821
-1.41049773403756	1.14311169257422
0.403469246056251	0.24900656470029
0.236735397668672	0.141257667004118
0.0302928707928722	0.0405935171475889
0.431823214297358	0.523862203560217
-0.919224794134986	0.98480639021207
-0.112656790052154	0.0723102350329057
-0.675406088069623	0.564521560709514
-0.100832276335971	0.0474271711137038
0.23291460651679	0.163116212000688
-0.0119708450043262	0.0162744767207804
0.344706072663227	0.566236980815059
0.208657154233973	0.25141240473284
0.524732437355097	0.788293968715443
0.110822526076507	0.111468147193981
0.0925154243599998	0.110155893151158
0.0208476898625606	0.0232792185307151
0.166315546376704	0.231929808633367
0.204334006999826	0.307121929934075
-0.434184526589924	0.760507914521253
-0.416858814893889	0.595008065593671
0.0963288430739161	0.116056261933509
-0.0662483174216183	0.0811549596582601
0.354452671290668	0.544643850877144
-0.566238639009209	0.421418836501924
-0.254676126724564	0.337202978574491
-0.0719092507463819	0.0722095364706659
-0.36297449314394	0.349749680577057
0.279423586473404	0.378574980559425
0.217461009606788	0.165119103907833
0.138785863564168	0.10803157327216
0.709674119077605	0.519976646972424
-1.3461963127793	0.609158553986361
-0.05408205521357	0.0291929898443734
-1.89961029133142	1.22999440752788
0.970021743020495	2.12179549602028
0.967908287179379	1.50951059610988
0.381295734873709	0.372741151081392
0.747970311542824	0.827298578794173
-0.774241763718739	0.80505907522932
0.236603163330326	0.53790236735466
0.185202029769332	0.251853729127861
0.272002340848288	0.641369892164526
0.558197178223441	2.06136786203255
0.590507028658249	0.726438121148038
0.550615383969944	0.470757746971024
1.15946012115615	1.28041062351691
0.378774938723583	0.249942500886104
0.299794985602757	0.146352472299992
1.23654610195308	1.92239014393125
0.698366624194649	0.9652489491251
-0.221418648961732	0.12762433360989
1.39318357627588	0.844716719578192
0.743873038271537	0.918822399416402
0.296437318251659	0.654347602715427
0.0713434997664219	0.128515363020922
0.148181686403629	0.238616982939365
-0.0579139499846367	0.0516779690527186
0.806077713186478	1.04673024339779
-0.0915224890890771	0.128349084971966
0.223812120150649	0.353958114945937
0.958609302336779	0.841064496244886
0.576346540306945	0.380087384133969
0.330036493253211	0.145441913385551
-0.310070913516107	0.202226129869858
0.440046122667645	0.26091204488864
0.475055174337078	0.258640565200159
0.382384243852191	0.149809651962008
0.644337245257175	0.405003422190796
-0.097717619066393	0.0466458274484992
1.70627104477825	1.62380934329231
0.839032124497062	0.441230165753466
0.637480503841396	0.395945375934381
0.98058446323703	0.967207093442465
0.781400998351169	0.655957842667659
1.39820118403776	1.28465894950298
0.273706168823837	0.14553524770598
-0.309538882098077	0.156057072857695
-0.0779187490192132	0.0403100098932859
0.0723792014498128	0.0291134197912156
-0.0965607597209318	0.0468724554560699
-1.34033260165057	0.62892338816335
1.02530028321231	0.610366091604657
-0.458812338875862	0.31879595527915
0.465387898965641	0.510641922922257
0.0961496419949776	0.0476021583410219
-0.863007174550135	0.656330302283972
-0.397459049827393	0.241948000066975
-0.239495035555056	0.277591857224861
0.534461753093745	0.383454595618336
0.30252323548956	0.146139107359954
0.341009037904587	0.146374275858858
-0.0834370052587057	0.0420123690122596
-0.13179291684382	0.0578753842626721
-0.213050249805718	0.0788921042346355
0.830236434817393	0.788841241146817
1.00590303775858	1.1017602278526
0.393745841149554	0.36035889179399
0.945041833587831	2.06903825163782
0.302072825932418	0.355631611361666
0.53204449081165	0.564436351770157
-0.0774713377149793	0.0397445796191206
-0.0753775811931371	0.037965884407744
0.611910924740515	0.592432620604199
0.293114520244044	0.501436276500255
0.0911525988041536	0.0498192663073617
0.84897140882904	0.68727921605602
-0.0745072979530363	0.0383694593531174
0.904364211866301	1.46006806051972
-0.00679604207064067	0.00406331859453733
1.51001401108646	1.52836322639832
1.35325029376989	1.5822933175524
0.15984347827129	0.141691887423006
-0.163229421570654	0.300747879534361
0.60719215917499	0.835351787410981
0.49910186460448	0.36342772940237
0.0909528988286461	0.0375370576227913
-0.166718442547382	0.0672079514758431
1.01046368031327	0.478572690780905
1.0661649450047	1.00693002615456
0.225414153789616	0.388441950220932
0.0137241756098142	0.018201335119523
0.079957650067416	0.118714984567838
0.135054356559848	0.202444052841595
0.465315085278783	0.550205667396545
0.159442496813192	0.230482778694446
0.107838500872265	0.158416807153698
0.209758833608974	0.366477960439167
0.131095952456889	0.0328847958873426
0.48140870027126	0.267817293310809
-0.59215246516852	1.19314798974506
0.141241386327061	0.176248095784831
0.427965454592794	0.368980803393006
0.520433144615784	0.79953074782731
0.956688492970824	1.06239671721003
3.13018662409477	2.42947863325527
0.0799999112298487	0.0285100061187578
0.420167935033712	0.966235806452128
0.471267626068661	0.90629596894925
0.460433873691072	0.916441882978706
0.168757114821651	0.254126363607972
0.278445430579822	0.694547128840865
0.0538850595391569	0.0787115811897266
0.0171554940019099	0.0256261221349747
0.551727525271538	1.67516026406929
-0.0625433138187022	0.0863873909923892
0.76329252897814	1.77038797499534
0.439712650237238	0.613819207779185
0.292900963936116	0.277466452391006
0.435851810902122	0.60359942030735
0.373876305535432	0.436465998270249
0.299210331605126	0.35483574506856
0.113815341322851	0.137756694439934
0.120997549678303	0.159661078322328
0.20445651730751	0.320462466381798
0.33345372105197	0.570749781325721
0.077133832490288	0.0620351627135819
0.115496732486587	0.0761752443705527
-0.530977300266737	0.526556553905902
0.455537122873274	0.354633856551865
-0.00992375577132827	0.00589722202626851
0.232564654885715	0.14671578261034
1.00002179343417	1.57973275275413
0.865383740254742	1.15979342879953
-0.314642751780435	0.237603587450316
-0.642436930443215	0.454080843530736
0.463766750524668	0.460728908404172
0.438927029435611	0.448419026474716
0.231847900069874	0.182038232445791
-0.581217718769291	0.561960560028985
0.290508469960176	0.267398993166534
0.33375268828311	0.259340012898564
0.467201446009642	0.359271122200042
-0.667469620433217	0.544152747973409
-0.0249675326605515	0.0177014183475009
-0.714155462048967	0.727933544960439
-0.408279828626634	0.296382697226943
0.268443933803704	0.140217974510144
1.22702822340489	1.75860755614767
0.336325317300093	0.421661794478581
0.00236853437591349	0.00159066539513045
0.696956033577909	0.716183047628753
0.230634365648405	0.152248653733481
-0.155382701395771	0.143294226546505
0.593175106110363	0.658176320843686
0.615899094407454	0.507235369109598
1.09236047936493	1.24248207403983
-0.412555208682336	0.330227488403194
0.81474952810708	0.965622486522519
-0.126775009274547	0.11612218051758
0.156699013071365	0.143397291594554
1.66592041687169	2.3845544000914
0.033926887807376	0.0289827834883199
0.270169650394704	0.311949774014568
0.607437972068492	0.681383707084755
-0.380776697309913	0.443195328026966
0.514923103345436	0.537033649846872
-0.625720314711924	0.579681692877779
0.223972481730082	0.177646375222484
0.478953540822234	0.688788846165112
0.873843792591401	1.26287555787545
0.218602360072442	0.209462576426535
0.153926829079767	0.131093227232305
0.423056884201692	0.663074739719224
0.823220244204993	0.785973085257653
-0.19199164139726	0.135611253857918
0.967878553589401	1.17486608950908
0.490754737493142	0.471885975455114
0.693938041429344	0.877548302677763
-0.22625779092915	0.179045961130597
0.0583569226432593	0.0540224359676291
0.252161282749261	0.367833643158971
0.159363925129472	0.159073877541913
0.364660380002323	0.528418256206779
0.922391083989448	1.45080063553534
1.30985579116054	2.60596811228496
0.520964010958435	0.799371379698587
0.0627682971601198	0.0602655344093989
-0.0609505443865817	0.0646608592358083
-0.780777979291313	1.53144577432488
-0.555138804063668	0.876160234659566
-0.0260952832590479	0.0244686378837987
-0.112418460333652	0.124306748086097
-0.0826410321213955	0.0418152796723774
-0.776733349944904	0.273361419213273
-0.249426755837697	0.195043470085703
0.109189965226432	0.115153762775863
0.825449454005311	1.46506888788419
-0.0272367041257145	0.0272254125076702
0.00948719598697882	0.00985902835318281
0.425480590401027	0.672795019373059
0.353433711906155	0.606493475809561
0.216539565214923	0.205479600136301
0.204171241378845	0.202280826381142
-0.0519019274623422	0.0355667863773582
-0.102500541678776	0.0679448408734158
-0.0290751231493571	0.0165285905885275
-0.259977643658084	0.176363900088639
-0.669135452736553	0.545285225660339
-1.71707277454718	1.76582418005232
0.542825190194197	1.88764099000872
0.507357904170225	1.31124257525064
0.332572121905829	0.810444910605955
0.263870618419303	0.537680619103326
0.3268290443121	0.95113594733821
0.242759493733136	0.521909287744262
0.313062253086856	0.784329681516809
0.546090655843728	1.53667327567693
0.143024604010957	0.251698157317567
0.388790904778126	0.732980870598225
0.525441371070156	0.909025717141107
0.430540449493071	0.661092950963118
0.366714040239637	0.77713902320152
0.283662783576199	0.272554464245403
-0.143116576910376	0.103737279066878
0.274793035276215	0.281202835384222
0.593331335694528	0.744642469998806
-0.0629230317552561	0.0556151512931211
0.112496471811366	0.101285793184095
-0.400243761669885	0.390852517516408
0.375863296220481	0.438035678792938
0.196283436358164	0.187057509968501
0.263936308607247	0.28307470798442
0.578123562596398	0.660927266973272
1.32568253814447	2.43349185598318
0.747758555479932	1.15203411383821
-0.841132620076935	1.08620635204407
-0.040769217144585	0.0273431290682847
0.531887242005907	0.644971960231016
0.100957970095341	0.0893720349799524
0.411962387343624	0.449996649492133
-0.439837888615826	0.378548956465085
1.01254017173317	1.0751104851772
-0.0680563727287444	0.05440911145018
0.304401110311268	0.382974636361192
0.0845325798767425	0.0852850532009835
0.524165731513728	0.555611897675599
0.293960589423737	0.254576058347328
-0.534020096117838	0.608386762977001
0.478317043654835	0.603650475270955
0.223538042364943	0.198297466249904
0.100516447709225	0.0890894299103723
-0.300535698368151	0.2978676658174
0.09694799323974	0.085253964939703
0.14964557153573	0.138279293243274
0.381809021467096	0.353908956313578
0.287289091357749	0.292394132511084
0.476473103425217	0.547940170170073
-0.465288434011261	0.5729503734103
0.632358920670893	0.994639645256209
0.0707417036622694	0.0568861937205301
0.63492597058457	0.76828255645483
0.14872382109875	0.129477415762404
0.498204541382713	0.598593535985284
-0.00733246392345335	0.00736964968446765
0.906423850167019	1.82852498207523
-0.0303487782171891	0.027391433524176
0.226562543035329	0.257974305442029
0.169336630162447	0.20845479182677
-0.56950649625717	0.521177181184796
-0.0662271906208463	0.0593775388276944
0.203445753802935	0.190819644577116
0.563321326298041	0.633692595887019
0.73773004278442	0.997983651024756
-0.346995571849539	0.451803183408966
0.517403246545113	0.702321824793399
0.284500105424517	0.392215295601822
0.388789554733205	0.579420199440994
0.331669229579691	0.459565706337925
0.479850565722529	0.54971073319314
0.497439047190068	0.613299831502764
0.074026301373673	0.0716750719739262
0.352991805595929	0.365322758165263
-0.3797339655912	0.472447100916181
-0.570537855074821	1.23108127083587
-0.563482125113398	1.00016767665683
-0.23014815660602	0.27726326518643
-0.0784627451517276	0.0697434216257919
0.21946335073407	0.170280885398495
-1.01828659280719	0.637408799626532
0.557376577844266	0.72879829225445
-0.28719548609773	0.361579182019575
0.0821538835485655	0.0889914989395627
-0.440841706604668	0.756333893128854
-0.255251280670035	0.329294397426011
0.697682894361054	0.956196215831448
0.0682542206077247	0.0747331425817186
-0.042768919208725	0.0424276235386144
-0.0255537477149143	0.020688738891896
0.460282640108394	0.544415669090478
1.11789904331261	1.66562333500301
-0.360477423558768	0.263758786347815
-0.517069198141737	0.486555004266917
0.412090484417769	0.363004860935991
-0.277061224063963	0.214143955900007
-0.78183576886175	0.899797016611637
-0.0732368694950006	0.0573775814195246
-0.603653374542254	0.504756098580206
0.874686828304428	2.47559881319139
0.631926899063573	1.43228792993995
0.338376236090111	0.511702767585108
-0.0565021763930851	0.0689382591956528
0.337087623450206	1.20010490506836
0.283282364361358	0.673375608588169
0.277845971866069	0.872568450048413
-0.103767216151743	0.224550838935642
0.148117792511639	0.206177634197044
0.732400759078523	1.30728817921321
0.493536636883011	0.632922738219339
0.497814111947853	0.363320562427718
0.440267877640488	0.368151720516888
-0.463448517992124	0.367491523659963
-0.688369265886209	0.626841788564684
0.899090590156183	0.813121361246967
0.954602367592362	1.06276944674468
1.28811549965333	1.09871749024263
0.543631012100973	0.38196091379088
0.769469642911215	0.752987360080482
0.50070769503941	0.375683398672381
0.852351501265693	0.99269502135109
-1.53364238807161	1.0656066382611
0.430730335133066	0.355406235054673
1.07692166363047	1.11972795625796
0.334767953081255	0.242029335822294
-0.0756243753658199	0.038150821597503
-0.179860771632979	0.106711807690091
0.0906174707155895	0.0304322117217034
-0.410855379105132	0.289969941353597
0.20682475315642	0.226739278886783
0.363350277453454	0.261536408242337
0.650952910202385	0.400989431894135
0.818028016373699	0.769320862508888
0.733720403606184	1.01190348636143
0.597284114183683	0.586629819892557
-0.295988890487246	0.195689696365106
-0.0604261071010873	0.0317140718899725
0.126073282213621	0.0836612547075478
0.625292350275095	0.505971578847127
0.299372420725254	0.265540120125691
-0.369677100876107	0.305448641247254
-0.182429769278254	0.129132486218363
-0.297027913719052	0.34224242787738
0.811659148716058	1.37900568022475
0.703076898261219	1.10620145856024
0.330960877427362	0.360913963086748
-0.402178239106298	0.357605726741572
0.221244749824605	0.146488684566406
-1.20122654648637	1.31212492564358
0.672432584384366	1.84343585765819
0.216064339409122	0.198196304584688
0.306315687384768	0.246469911729351
0.800564133499948	1.09347368102592
0.200595966792035	0.247572782833815
0.781318425776804	0.673562153869531
0.229317751018965	0.152728648295544
0.436862700768845	0.369650479031876
0.943863753356692	1.11942825091318
1.70804935193238	1.94135260867966
1.17594162680744	1.54986534819654
-0.0126837593472658	0.0105531736748789
-0.123522418980136	0.218285536726378
0.366394608673348	0.559210486481668
0.220200352335405	0.237573271062874
0.300012310059578	0.27097815126367
0.38103515424647	0.359373731806997
0.289422202549495	0.257124743009431
0.0681363182504075	0.101325556588339
-0.222531508043347	0.440196132947193
-0.155645510847115	0.239219102427088
-0.296283954975202	0.455180412593769
-0.26174746030387	0.4335705971769
0.183093114185571	0.307677275520799
0.134528727815402	0.223280906660668
1.03959103991561	0.74125980018061
0.106699312271987	0.0317396669326602
-0.71697620411267	0.43558708778509
-0.279430728037865	0.404581457071735
0.31568660365332	0.470764328634725
-0.114245707283734	0.107236929188096
0.209968513715028	0.313747512417913
0.125319764790643	0.184440861416311
-0.130875816268332	0.187187091685982
0.487519042817205	0.465151743380111
-0.464098647788524	0.468612242666353
0.22381888323341	0.140848699263121
-0.976106580937273	0.817546120557475
-0.0522870906703081	0.0277826105279918
0.089916188224717	0.0450991840758368
1.03446273879201	3.19497281334414
0.272719501979566	0.383102383433281
0.786246083910375	1.71459809911453
0.43668187131427	0.785374606144954
0.234240287008594	0.711442075747073
-0.0192010758863512	0.0258880961470576
0.538529824910695	2.15410009471773
0.311231283791601	0.984147651030563
0.233880538427939	0.315998929931832
0.546110651199641	0.765006292948209
0.677744829872562	0.62224102587339
0.663356293670345	0.515732924950821
0.379891851131117	0.253829027591797
1.50798667635239	1.45898293983801
0.838006203055094	0.441776293809228
0.727876981574748	0.423287503112856
1.5607876674141	1.06469461757353
0.490039698642135	0.266999599121614
0.889287748104964	0.579536858192426
1.02319714136402	0.594218984140642
0.482737087298241	0.266707303625697
0.0866943528225326	0.0326428558841227
-0.99744095750731	0.737954524085429
0.293507542193522	0.140217240500855
0.253942954368126	0.144545273826505
0.788933508867651	0.55499393094929
0.540803068022158	0.273453425092001
0.47959999342944	0.367876421762419
0.323893677605251	0.358751650066765
0.36015527712022	0.257527292440695
0.385290840327136	0.151404029628506
-0.543178770428252	0.358910877299884
0.0734164215737066	0.0675609979074383
0.130133961225072	0.0914630045217634
0.713838075251245	0.505062552405925
-0.463343579802402	0.19330217913611
0.233443311696783	0.150890618853153
0.236002561690043	0.143552915927413
-0.405714672349931	0.248603199025271
-0.120961031673039	0.0783953699064004
-0.0499307088929525	0.0271636481111013
0.335061077582188	0.365868757662566
0.101310419688559	0.116887332427882
0.202387664260599	0.203772156806171
0.34121534077561	0.428047600916264
-0.190383220810939	0.134796338906766
-0.263402458300406	0.180792480386187
0.717092548460597	0.793149100965388
-0.0344700694748088	0.0448979197041213
0.780873399604429	0.76154552993094
-0.224928986983423	0.155851528516436
0.62005145875109	0.604700950657121
0.145554193583932	0.146158112227506
-0.71214727858002	0.426165882604599
-0.257846732132649	0.142934962537973
0.0853666232399289	0.0320956660862347
0.1136208425894	0.0326873912947526
-0.111089910650973	0.0704286047137306
-0.123562208423619	0.0547185599913862
0.876518424411827	0.797798175273707
1.10955362212576	1.97482600391019
0.0755045602188781	0.126592804799462
-0.259333305879254	0.291338507033545
0.746761518550181	1.17656864958388
0.354306659467196	0.252644580898372
0.534333113924666	0.377861737701747
-0.466370521800077	0.262027555084102
1.84062457985274	1.51271074063011
1.70608086610454	1.97070707060646
0.0302356250517427	0.0467310684268935
-0.0765339450700052	0.119468432324136
0.115884080781607	0.189571362136111
0.174756704721591	0.18620113387474
0.00226111854724063	0.00266190423795219
0.315585693971103	0.643864021015757
0.629385413593992	0.194506072165704
-1.55733623928366	0.564277333756921
1.97468705919913	0.505783057758019
0.439266013235913	0.263003267665621
0.686282441989029	1.27948874844548
-0.0702825758545388	0.0676411353881546
0.276358661681042	0.273484450500783
0.622067464382327	1.10918323908191
0.23563304585174	0.449668438479141
0.264448144205545	0.462459899916276
-0.101322370553636	0.066455922001311
-0.666172098115839	0.328477045331021
-0.284001775827514	0.0952732627148877
0.468879749800397	0.168499787486955
0.0879318573784117	0.0296056594020433
-2.84997540219217	1.76223046658577
0.68179732042651	8.26419037773072
0.832201747417404	4.95593776343846
1.45451495625258	6.72552895827018
0.653834349842223	1.63392261289624
1.23956543843139	3.76178092635117
0.364501429414171	0.557520956749125
0.50803829149067	2.61104134098199
0.0547822694592722	0.0785989414405425
0.774425301706569	4.34792761852623
0.258380433205805	0.882513670269932
0.704437383814909	1.0908581060944
0.394667708752825	0.354444091858746
0.503036787419767	0.379117651123794
0.727041192356021	0.640355847039885
0.612233280281018	0.575574530619011
0.84660255600601	0.436007183603273
0.849208821152351	1.08010304959122
0.187789186291989	0.227686700766507
0.921076707981364	0.931220675718414
1.39141520023444	0.805364237837218
-0.0541393515310122	0.0292511545073133
1.27013054399965	0.549674436661392
0.731396585621785	0.652781790067648
0.584736686563855	0.38566234466697
0.300379625710334	0.145838889891367
-0.746684360729097	0.511776556784212
0.106369781814571	0.0608042941334575
0.299583712363214	0.143891491696437
0.0905514262926073	0.0443842538202998
0.373022574852651	0.48162527672076
0.841681739431177	0.689324385000296
-0.0550351948978529	0.0298335084539623
0.645168319346042	0.405872156828181
0.151869595698241	0.141159399703701
-0.750730751868937	0.526418530655257
0.477986404222405	0.374460959853937
2.30197199708046	1.14269865460286
0.724382977295296	0.413116722977274
-0.554083659400514	0.297885786472831
0.887047551124519	0.813882725337303
-0.667627543713216	0.749295516926038
-0.140526567408067	0.10216220060149
-0.557970696792389	0.695440255450539
0.0143238232350741	0.0137232495105137
0.995974635931228	2.14478104739482
0.00660034093577718	0.00631438103545603
0.104759974108591	0.0594812633945202
-0.210366322083577	0.077161622895309
0.441323068804373	0.26365298515217
0.467180146722733	1.17633214097375
0.144241858736993	0.11798353387393
0.255303563597816	0.14539969195123
0.503946576899907	0.38111113015627
0.696805852026735	1.05398535641322
0.725140538649774	0.413163571332625
0.490841801639808	0.35256740906874
0.626822281046653	0.283304798763251
0.659067204370717	0.517901578513023
-0.155746333931212	0.0635521931970406
-0.861345058574218	0.570800323831591
0.746154897630804	0.746661034723974
-0.0934120381950323	0.0812481381725484
-0.0939753398689413	0.182356461137406
0.520350347447675	0.847866200929269
0.373479183710139	0.443066054922219
-0.256606042536127	0.171549838566587
0.258940811640536	0.147943591255045
0.845020752055049	0.427457734676837
0.0574134697453336	0.0903731010786354
0.11018785011774	0.175943454640614
0.708838875002683	1.1159412692959
0.316512818175928	0.580881950036773
0.310144494286141	0.662443612117538
0.627544602140403	0.19579358232226
0.160933101379453	0.0319961864807483
-0.101833386693362	0.0492645664250021
0.36279410663063	0.626203696222746
0.419084532851017	0.68224918861182
-0.140759743570278	0.117150274450688
0.27776117812635	0.386429089752414
-0.00332482159275847	0.00497258496075338
-0.134378756473665	0.21936210119978
-0.579985477202539	0.224463114819652
0.0924123040839588	0.0454293653330192
0.0950090979418569	0.0314575348485671
0.261550360038025	0.13491106345984
-1.55111967449878	0.7959193225625
0.387688441138252	0.155102467174966
-0.775622638237998	0.26848481112963
0.444145874758273	5.69933756427653
0.318703482913537	1.78821941043773
0.930951213310842	5.79074784704506
0.949709617358479	4.45935394429537
0.692879372369267	2.47529268496365
0.635766406371511	1.95876244500255
0.386860854251966	1.9730343149284
0.0623762398852477	0.113675627393617
0.251982951066347	0.862743340114889
0.240161342133165	0.870475957655333
0.0563226831696374	0.0831020540839053
0.894910996715758	1.70889876448998
0.0793360241965697	0.078417424794853
0.144565988386361	0.136145524250242
0.557531908552347	0.802135053124585
0.217422202125157	0.214532183526842
0.946936443546968	1.84805527977068
0.238339159524417	0.31901079215474
0.380635032646169	0.450447258099404
0.405871852586868	0.446126918741452
0.652433922854448	0.612322691007316
0.773954245783586	0.765546637545937
1.15861503535281	1.17764605099191
0.655909725515971	0.625955623360409
0.232597752106628	0.165334359624227
0.0288965382128748	0.019218025281937
0.789363914584399	0.542483332141733
0.640078592494036	0.403240372782026
-0.0405789510575492	0.0218671517463616
0.923817938241167	0.932173873941505
0.822026486426338	0.890404390429369
0.0104349710443666	0.00616626344345953
0.018131034568259	0.0167887372046346
0.44259551197903	0.459855340785988
0.788475466572992	0.851630441675833
0.3183120459634	0.259448012380777
1.17355189648869	1.63525887380683
-0.260344674315427	0.176949354658892
1.02214550711009	1.20632401999959
0.21479765305706	0.183873545211854
0.600366942354984	0.677279524942551
-0.270277952853065	0.269702499839832
0.148848229545831	0.195933060817999
0.374292490009592	0.602167121270807
-0.097153900896573	0.105931648999097
-0.174408975967767	0.143031191046451
0.810604327988777	0.863125717686214
0.854221539094146	1.00558252478295
0.479713690648845	1.16237426366099
0.232708430956914	0.199886995571126
-0.617173640064683	0.560398847706338
-0.408132593328762	0.359740866151846
-0.0284183946112705	0.0290289036644364
0.09746541061098	0.052747981479843
-0.497002909372728	0.429665767552962
1.07732326154477	1.14454512867916
-0.0485148324870148	0.0262224663272892
0.325291205237388	0.26263250588598
-0.710813598387844	0.677649748688554
0.615362578684486	0.602256438799477
-0.0640767567840527	0.0707590353475252
0.0700018929844289	0.125537012421039
0.264710198801923	0.407643751916679
0.165216104642145	0.209481852534726
0.548318265238554	0.557909501976715
-0.405758563621796	0.326860737364757
-0.558086131040618	0.515500391880644
0.721260658469248	0.629608002002919
0.510464843724763	0.557329548398563
0.346570906282679	0.726863683272302
0.570733128585877	0.469008024862061
-1.55578530455487	0.555925108003627
1.97468705919913	0.505783057758019
1.97468705919913	0.505783057758019
0.128800416543683	0.0902221265671741
-0.408514631813731	0.787661218291603
0.0347068661600419	0.0401584437679599
0.407920496420829	0.507214643039205
0.265223014659525	0.139097696035055
-0.1207191203742	0.0542706438276606
-1.39655382082852	0.879090309264026
0.150168071438755	1.17367662280987
0.145513709949212	0.856058737495878
0.377170324267942	2.40444797845485
0.361793634045033	1.77512255224187
0.235700477131301	0.887888434421424
0.285611747182393	1.14559594056276
0.0831330543173429	0.24772924697412
-0.33248103851207	1.28234320648887
-0.00249446460525014	0.00510367398521866
0.127414487561027	0.323886285762703
0.0542899480684865	0.114300724156869
0.0886332145361638	0.165636654965711
0.125149509558502	0.192719064911911
0.234589091902443	0.393112084081548
0.206511200688545	0.339707753417074
0.169774027937998	0.300613421261002
0.139541307985217	0.231732855755074
0.592745890940854	0.671651139129838
0.319628230096858	0.370978501877383
0.573670589532777	0.950436135688973
-0.42393367097157	0.627813572584581
-0.39636130353098	0.385590327080977
-0.144213522509192	0.154847792585153
-0.262221070343515	0.355322095296201
-0.338904936127944	0.402751640288646
0.142853829829263	0.152994230134778
-0.0412276365987022	0.0377852686729096
-1.19024222686822	2.45047931855012
0.209194163525877	0.249542825639055
-0.0880794306297663	0.102291373917681
-0.00610144484518213	0.00568215519944537
0.629060933430446	1.06744273429398
0.435719359347528	0.550366863208435
0.106095131135353	0.0992320765875255
-0.304518158614129	0.401194530995214
-0.613574893117874	1.23409370545521
0.288744476581641	0.407050656630429
0.0131005367636863	0.0139674586069087
-0.711660824455997	1.01147712087767
0.218925701611911	0.352490700851755
0.160150903113462	0.156937800807317
-0.216984289143387	0.226122462528002
0.829740487682521	1.22741750112085
0.264836466844993	0.326293732061665
-0.174222725435945	0.182442114937487
-0.648183613850238	1.11097813243325
0.0910895600673558	0.108822327200566
0.257082859191884	0.402795728679424
-0.28141305412964	0.407223263122909
0.141842633012733	0.205376125029387
-0.0287686931100948	0.0313115324538821
-0.182766494091135	0.280817887671865
0.179003431553715	0.20996130375297
0.16706050689262	0.189324585336865
0.345249481828052	0.247967826715284
1.40253554946393	0.854068627129443
0.131095952456889	0.0328847958873426
-0.570255023476282	0.788664085431724
0.0844419865937377	0.110307971194293
-0.142997399182124	0.188737613057883
-0.205460595175262	0.297410479546102
0.213896053742552	0.178695406401267
0.139259494399737	0.105176431849554
0.221462342043257	0.187697601250849
0.158052382006657	0.160619167022515
-0.0537898764130538	0.0434369606850548
-0.402467436860482	0.418923229942091
-0.372930214690984	0.417739922650764
0.114117068712062	0.725720419636249
0.18862995701146	1.26795595877103
0.125470426750295	0.571240196713263
0.0896213880803923	0.340996457974185
-0.146362917022075	0.573541183005525
-0.024178514351911	0.0573593151665591
-0.0943565682935225	0.242792169060291
0.0823219226386395	0.161110627728994
0.195407896932921	0.427146781641669
0.0208716716680252	0.043845833729888
0.173395215691942	0.412684618348392
0.266464575176946	0.720277884438501
0.266677774695338	0.606582699960957
0.378669767501951	0.894834541571455
0.244440742444549	0.4437965005071
0.216944600501216	0.345802843414253
0.177677636578443	0.229965672838535
0.158384207489072	0.171723108988795
-0.00297300157444383	0.00249819912022572
0.63989703635838	1.35790327751087
0.687072245581214	1.11161300830445
0.146640010392365	0.181974428184869
0.524770047871843	0.9628502695228
-0.673486368973918	1.33893382485148
0.0150725940017951	0.016162694139121
0.201422717685747	0.276465535348948
0.0429797955999717	0.048712248233762
-0.727278573081404	1.52810965068206
0.248136171751193	0.334601337878975
1.00093679536609	2.44873977126182
0.457524915663481	0.683237850998096
-0.696990999208094	0.93278888047195
-0.414003357052361	0.601798914572572
0.204765283093845	0.219183688635738
0.122305552703404	0.136372727659655
0.155046000220513	0.195394900349429
0.571674881632619	1.39460358534159
-0.345506034934133	0.441372428271546
0.269907176307755	0.43333364773735
-0.629431753247073	1.32600763381843
0.134923040192443	0.188409254079513
0.204025183211574	0.295679212606413
0.073407142460852	0.0925778797670866
-0.361271615359593	0.572124982739898
-0.192794882990499	0.269259440406078
0.31954033990833	0.532437975199254
-0.0190328962579637	0.0224503797473032
0.929332534268258	1.12814397964839
0.100716903124938	0.108268339145021
0.329816967290564	0.501790762431309
0.02782782998838	0.0330365698160901
0.232167588104928	0.183940643680867
0.829913783967464	0.80262246950152
0.981944393838738	1.45000833520244
-0.00370630095193995	0.00229588920500402
-0.371255912339298	0.175627475435745
0.160933101379453	0.0319961864807483
0.161561791226678	0.0319809243486957
0.0387413390117654	0.0383260156963653
0.0730159224179469	0.0719984707518073
0.20746931500733	0.28009809071553
0.06683313717231	0.0782242215392208
0.234463345950947	0.354060893442177
0.0540080597275151	0.0589234696785527
-0.0714355047533499	0.0841722959972994
-0.830503073331004	1.84617331937902
0.308304673699965	0.432194151953126
-0.0582628797060218	0.0708572235715929
0.00702005083455872	0.00718686847285817
0.0243249608360623	0.111207170020998
0.0294517724344463	0.119014487659876
0.0406911682236437	0.148758731910988
-0.0849630639596287	0.322335323208662
0.0660726858018116	0.156661428948109
0.152678649133998	0.465260568389872
0.231412167029086	0.461614980794176
0.577491305326624	1.61159677263851
0.118810946242426	0.277898410343929
0.0396500379625446	0.0802225651144075
0.0786761137363635	0.149370771361461
0.0266023136958814	0.042965124728664
0.269169341302463	0.543532920059055
0.370650971938372	0.691374244647321
0.0973299086567025	0.130984874706824
-0.553800961954955	1.02067314137713
0.339553497434046	0.370985157312769
0.292209317809522	0.399898351052699
-0.736585031697048	1.530638737454
-0.107808256604836	0.140497984019706
-0.266620850563699	0.444730369992332
0.0378525577544567	0.0446028149823703
-0.337720442964837	0.632058571978862
-0.339218915905024	0.510621502212557
-0.406411246892529	0.596279387679688
-0.0346421164150741	0.0348510264102709
-0.384535037515491	0.473608854154656
0.152090852916092	0.161119887232573
0.0537288589677917	0.0487969460870117
-0.676102552941797	1.30617309022228
-0.454312907819692	0.837805115906514
0.0649314421301167	0.0855726738276528
0.496615468292807	0.624209482041106
0.159760183733419	0.204908682025514
-0.669525589141178	1.53314918436363
-0.0802426065766549	0.0982276344960617
0.272936246122939	0.378351388939275
0.245054049099306	0.413264676947978
-0.071314148394394	0.0879713676047695
-0.164628844975101	0.217791147266999
0.0835935377843171	0.10713380031129
0.366979411175561	0.623101186710219
-0.0828599994114194	0.0722889092886227
-0.0630248694049728	0.0749861366199973
0.0810001596791581	0.105610066175325
0.136789528308431	0.188648313494672
0.399197370798756	0.367518685007007
-0.765629461622983	0.683139462607161
0.298788134257532	0.144112202833273
0.303919057286746	0.14658104402286
0.584851149019897	0.395356840315238
0.0478961078878424	0.0329230940125112
0.54336384439524	0.378269347699224
0.160933101379453	0.0319961864807483
0.139434386480084	0.0343274486546545
-0.0512804284721312	0.05982813479725
1.40424436504297	1.21903224642904
-0.131816119198323	0.141243489739346
0.104573567519729	0.126717262557453
-0.539196485483611	1.1044751443639
0.251716736244647	0.371379976582715
0.14163795310523	0.195994584965009
-0.0498310752427532	0.0596700886272319
0.101663262582734	0.143115627380562
0.0188187021025201	0.0846367536331172
-0.0374974741355164	0.161653019022013
-0.456558015605358	4.22684879835538
-0.324974063651091	1.54122151458401
-0.0781986939716683	0.21880592525704
-0.238666046425544	0.564632863718318
0.0192316545363051	0.0287435944312668
-0.198535602377351	0.598479948128
-0.0188385151659098	0.0365709604198197
0.160623101131209	0.376217016733654
0.151232177797224	0.374099978497887
0.0994233066930127	0.194220355209497
0.203961624309292	0.405827913915294
0.222748693321745	0.496661956087904
0.562640600157256	1.63322253547404
0.394047303383717	0.802707297515786
0.217763914907334	0.398215033795302
0.360849737326596	0.611404819343247
0.638219173755878	1.27116243031504
0.371608396747705	0.69339582018837
0.360857997101831	0.721934988552054
-0.265740505812369	0.399670163427618
0.242099891136224	0.298486262206647
0.280670976815593	0.361332595590853
0.49423036199554	0.909120433355363
0.862705366039614	1.83954506551014
0.113976753649339	0.138342246777888
0.122381488402245	0.146716853289116
0.222330651733279	0.312247012679192
0.047497432412118	0.061653995623459
-0.451326899479471	0.978979887527291
-0.11337797446903	0.145732965662135
0.0483049179602185	0.0575292305345272
0.828441670305461	1.92218391522909
0.418830462740677	0.59470964660033
0.141441228117888	0.149645680580874
-0.124402212254761	0.115280519161375
0.106480195095011	0.113791300786406
0.11437813386351	0.121261437098228
0.106172608186692	0.123954592701708
0.440649349638006	0.866903071659935
-0.116178324046476	0.160920776326246
-0.595708669997541	0.703832821093074
-0.344892829747672	0.60250277340648
-0.257177435236074	0.468812321873982
-0.0658859858868383	0.0871048791442999
0.315672793758403	0.497946180222353
0.0874987474019902	0.124127093684571
-0.154702185068049	0.219163600894669
-0.659236219030207	1.44332996481483
0.0579432583478858	0.0762514857874893
0.40620860195665	0.77001951499717
0.918622774430051	1.91009621751121
0.0344837277373515	0.0360529324749227
0.205089495777404	0.309249044917258
-0.0995714450709135	0.083030152695855
0.221217675322285	0.206898213520876
0.365073579725291	0.238934188366827
1.01757793898787	0.598051372992414
-0.582849608363218	0.228720993086107
0.543203790604821	0.271859732277069
0.269186847232439	0.139485265162488
0.325240915946393	0.269043161393209
0.666371716032478	0.570796097443639
-0.269602921600341	0.206549206759024
-0.155631257896724	0.0970162117509272
0.356253016195343	0.254226580646719
0.0944005307972782	0.130365376697428
-0.223595286117155	0.348214151838625
0.0121048811523126	0.0130314835675434
0.446160170152405	0.852496387328676
-0.0902600290164891	0.120482086047508
0.065418509178656	0.0832291239802073
-0.0389503700882427	0.19859070495606
0.0216034564323597	0.0864149080829119
0.186193594559159	0.801026094139036
0.0511968271290284	0.148773526744396
0.284297341148777	0.745789209704939
0.359825464997157	0.973637915970793
-0.30874745206281	1.17838832732641
0.237742767960924	0.829779976151185
0.243858331679838	0.730364463020548
0.327226135346679	0.843653461818984
0.42829351979031	1.37509041088117
0.00813679559794229	0.0126963222548884
0.184493188194286	0.304865876126009
0.481341838901148	1.21139528720639
0.0213774358761725	0.0247582894267834
0.485361916734752	0.969096681615863
0.506544902967032	1.2315404032839
0.336906280852646	0.647799702174259
0.369823370831222	0.760229184681942
0.278272757953899	0.497025845399204
0.244076315012619	0.347699161524146
0.369020070892698	0.681775814398377
0.271945588529254	0.430551847077065
0.267080571616824	0.429652557493164
-0.569377646788783	1.17307760238248
-0.158245509967328	0.245812109156358
-0.0113100653849746	0.0143154155030576
-0.0356597155553839	0.0450052491716491
-0.126274307209909	0.187255884773579
0.210620051206169	0.304406163747251
-0.420123355040918	0.705349990405082
-0.354484307175041	0.491849241360326
-0.589158260752229	0.87952065058446
-0.396917850233286	0.53530953676851
0.16662095810126	0.204962754312194
0.523515145333006	0.876910506312096
0.102544802628068	0.133760197786434
-0.128657216605591	0.193438703465513
0.652209337219402	0.888582610990567
-0.125930465420948	0.157354427545763
-0.393892253322627	0.883201781306223
0.135194624663791	0.189433748127875
0.401075024554823	0.75089128722008
0.104424643811683	0.172657351829519
0.0525269594146675	0.0659709861057943
0.0396340832436604	0.0565057182268712
0.360451123877679	0.708986098670604
0.228575677598901	0.225551159065876
-0.0328294726566718	0.0298895136780377
0.299961145851773	0.499967971798111
0.102113749721909	0.14457416782119
-0.193747564037201	0.173394256142148
-0.366855444653429	0.437705802575788
-0.141510981825784	0.100835325927947
0.0963488324646129	0.0538615610203501
1.027546362055	0.693729623790435
1.15803693828684	0.880665898032191
0.430713919541632	0.254954877411655
0.830129349884103	0.652212702268889
-0.138674237015512	0.114399483643141
0.673234682103146	0.598603481300135
-0.176925685903597	0.125922617722932
0.0770244698523058	0.0582324611187385
0.395310275274023	0.358462556138278
0.340373510012893	0.346591889980509
0.290263060328463	0.49903279132718
-0.39387830350772	0.798937812854909
-0.00788919061144851	0.0101859326463769
0.00360720252287295	0.00474155368331379
-0.00880814659410674	0.037744241706956
0.076182635688421	0.329498365948432
-0.000503520822808647	0.00140669636192871
0.137205536768136	0.3509693973125
0.281233664051179	0.789961818502088
0.181068138818944	0.646799221870187
0.209389728269811	0.70237055432962
0.180839877702566	0.569711029798349
0.320705144655192	1.19898463953891
0.382652647745559	1.07324238817463
0.163839405098954	0.29775284128207
0.245595487151188	0.459609755417374
0.572592455968764	1.14740745927746
0.147907636146021	0.209146973409252
0.290495672166479	0.466196462768492
0.329984962847297	0.624960896380202
0.337443631208488	0.620746035870097
0.0427907447855931	0.0524400203748411
0.124139995603981	0.132091334143484
0.22786958142067	0.302514545186905
0.0518455125441535	0.0626917615474101
0.225749996590134	0.363271106486286
-0.0169064421855907	0.0185493642227164
0.169705882621461	0.244610082453488
-0.132979360366009	0.151166261074815
0.294854143339366	0.392247052399489
0.420836112040128	0.712483717141517
0.1540254379443	0.167325441922006
0.511289210924808	0.555181350498984
0.216353787760183	0.269597664178341
0.648324531551055	1.1299823869744
0.190901218721195	0.261677955917321
0.0882785119841189	0.126069373997453
0.165505957984423	0.234183473898115
-0.0330984259962026	0.039020303100275
0.323520315609766	0.454146820766432
0.169144744355253	0.243556604016109
0.0804463999395639	0.106276857095949
0.791651061192669	0.554514854370946
0.0184359850730767	0.0157678375260137
-0.175729856085382	0.142442987269427
0.258818903267783	0.147630103369725
0.0899066072194522	0.0339580755737397
1.02146580950097	0.604380928050667
0.380247755522496	0.149092007600893
0.233254062930102	0.150242118828468
-0.836036541006263	1.19255931538662
-0.353632304945966	0.28782663532193
-0.399267337773759	0.350111554223902
-1.01139287714584	1.08329450950399
-0.534684558961883	0.454338418613529
-0.745338495681718	0.524883078840706
-0.0782780100390107	0.0690823155505474
-0.00142904977652277	0.00130751751296735
-0.146858799387881	0.134018055854241
0.542170907378914	0.27421082563308
-0.0327298742338054	0.0409199037449309
0.0612233609817579	0.0773456559853963
-0.191781667491028	0.247483352820386
0.20960709953606	0.32475012735417
-0.00910661425799285	0.00998876171384004
-0.312114778344767	0.499964086030193
-0.112229186408526	0.157102003636664
-0.0446581945569718	0.233841313211522
0.00086281482747905	0.00312370930376314
-0.00542294238088994	0.017468072840583
0.056921203550791	0.197334241775736
0.262142214984387	1.27778294883431
0.374995987828077	1.6216967059006
0.471651777387812	1.70342448807359
0.313276593116132	0.388377964449001
0.214584080458086	0.252809086424486
0.302239545382897	0.377785081545024
0.534310486950607	0.789276661487725
0.462927422120999	0.626873001190742
0.40557990532048	0.522603184489958
0.20428570216909	0.212263076939093
0.275847430957137	0.292635136203705
0.330607915094152	0.369045034860404
0.568435642113128	0.87571481603022
0.678370317393135	1.33739566306271
-0.212010550122557	0.27420052730548
-0.112760170360166	0.139020073713401
-0.18723694527229	0.288211669535035
0.26203430656939	0.380304210589947
0.964851776688109	2.43463244221132
0.46683200670416	0.949532464254358
0.365267824649948	0.594155804536671
0.699757914042349	1.28048545103928
0.3842913085402	0.544621418507511
-0.166943525081605	0.187026859787694
-0.0774251540678234	0.074960731827078
0.151153568750124	0.16575631019155
0.166808886980878	0.195651122431703
-0.187895555369624	0.257057329103887
0.0593208923198163	0.0572098097460243
0.0109053740787417	0.0132016073451099
-0.310698441275888	0.413207001068258
-0.773739778411783	1.75507655519505
-0.149988526193617	0.221278146464405
0.0974205288173551	0.143688747813477
-0.864773034443131	0.745348879355598
0.797640609225716	0.546009286382348
0.109486668566919	0.031707627493827
-0.1021549737003	0.102898978600854
0.0547628170130436	0.0485443712107665
0.345944066544258	0.408414772943264
0.151015531101163	0.134096952205887
0.283763523911005	0.286943354736937
-0.0760403011226196	0.0671052014463489
0.297897844631024	0.27536587717951
0.383994069756161	0.436467253451095
0.421481790204805	0.460414944651112
0.312210416516257	0.353209764576968
0.439484805169496	0.449152090833961
0.00915305494439848	0.0396328066063206
-0.315856038518184	2.7523798844266
-0.195391750211513	1.03589531892946
-0.216404908371183	1.33841137093983
0.20451395544236	0.907738052489952
0.136136510656118	0.415543645080607
0.279588236962365	0.420973422889159
0.687734414421437	1.32103900244351
-0.0169175575683386	0.0169336961065159
0.096684444125892	0.105691606021558
0.323227219977047	0.439017458335819
0.0989484736844353	0.115096813484421
0.213319182413121	0.270057880916956
0.507119701412493	0.840776477146057
0.391138056502402	0.534519127786169
0.243006510841205	0.363894475840864
0.103264739867073	0.103894900503955
0.255586519844405	0.360972142396737
0.00223820897018945	0.00219390574249871
0.0833393567539485	0.087745302599815
0.395165389360854	0.542016149924619
0.458502871625559	0.83009778243868
0.400034145742776	0.690362750207764
0.354154977165455	0.497960752814316
0.281867018643224	0.346478443148592
-0.0439537182184545	0.043916051669707
0.90631116304361	1.19608605359107
-0.259267599949436	0.223456455185392
0.126570640136033	0.0881571945006131
-0.212751317062499	0.197942743769173
-0.827676009727715	1.29900713751974
0.319255610001415	0.377061652438241
-0.0626213313896637	0.0548775859757467
0.224709245212718	0.242303155769163
0.337195415758741	0.436140572658577
-0.165771505753098	0.120542802472613
0.48221603163314	0.268087670491657
0.462987726475782	0.160675467808725
0.07225135115965	0.0732001155351631
-0.118854472652264	0.139000613301543
0.161548342955639	0.167933661199976
0.0165323048943366	0.016874360325875
0.179253321001491	0.217724766679424
0.15377906441779	0.171187271777245
0.329759116839997	0.472802203126397
0.171628068185346	0.176912965752622
0.0667147446138708	0.0642488771598013
-0.14687315152826	0.156850189237903
0.213782847912446	0.256608151382023
0.124403753991435	0.131097049983288
-0.0163291775764133	0.016788721225144
0.247145763993559	0.323433774750927
-0.0846777502991439	0.0863433374084986
0.6186577915948	1.2189794791471
0.165973538997646	0.157563197818443
0.0846866195758036	0.535399226156624
-0.150623512329842	1.09258859818763
-0.293206939365196	2.43231652210973
0.153684000451454	0.55275412100692
0.45683993421833	0.54148697918864
0.724004830116194	0.903894904685226
0.394043127306997	0.422732621921989
0.182766011561679	0.30396479376886
-0.218424348067788	0.288269968043805
-0.0509863387787878	0.0627249867675116
0.588254163339666	0.797912118261605
1.04305651616146	1.62418708153864
0.220178082153253	0.250513055426474
0.169945773289028	0.219480860487342
0.442141673942343	1.02540579006353
0.26485481483111	0.422515671783201
-0.234019471467921	0.286884192976405
-0.0218030044266579	0.0242053934612726
0.138231349124531	0.168847397212834
0.00613917387684094	0.00641380930257459
0.30535776095186	0.443455335723656
-0.131713308583568	0.161637935983556
0.463775325175411	0.780646937385812
-0.134463461329834	0.145904994600314
-0.0352237780220072	0.045478882576208
0.0379028052278354	0.0513212020426487
-0.214042323583013	0.370752899980884
-0.0568252820085184	0.0307896745265239
0.0947970045774614	0.0350762188944842
-0.535604556685493	0.673162988849732
0.329125512536671	0.626528587492432
0.0403244825066203	0.051354556444413
0.00637103413246879	0.00641485945245464
0.372987741573934	0.695123164883341
0.212143551981907	0.33333771070297
0.242535087100729	0.322861137812028
-0.222697204275692	0.247206735126782
-0.326934056994763	0.26976516204257
-0.0675284667366279	0.0448957355584623
0.616185404266866	0.507923715289205
0.637964877228614	0.766367463719394
-0.164887256748924	0.0672145030838833
0.986555750657687	0.981232899260835
0.950511907895041	0.834434990937646
0.328140853186511	0.264334640938709
-0.0459849214210902	0.251950087149529
0.359863717774826	3.800933749968
0.480600244461214	3.02015931061356
0.539305878741274	2.42859419675128
0.425683922520813	0.533856700345884
0.314838732039129	0.357465916833523
1.01410096767863	1.75315533265497
0.37608992948786	0.500330679922729
-0.0595023766128283	0.0803099197354623
-0.00738034139969212	0.00821451935793835
0.454930424674616	0.815494213039049
0.776663789620608	1.31326314050085
0.454280314070288	0.546012874662559
0.458172418520584	0.522573687486591
0.124826409796247	0.163253785309702
0.311789186802718	0.37542850600531
-0.0965384194116013	0.090828663753007
0.534125836082987	0.803493761526409
0.220533758772753	0.356741926842503
0.270060476099661	0.32481517942091
-0.549863005008309	1.51989899501376
-0.0625321695207605	0.0706153158486792
-0.132806323921512	0.196043727493703
0.0264958889608628	0.0319715554137908
0.159926626744886	0.230066007939734
0.194875981478915	0.284280519116997
0.164358373047182	0.233877054805075
-0.0477252667641037	0.0593307242768435
0.108448597122207	0.152020621255822
0.0240605573201734	0.027024966689149
-0.116322803159164	0.168544942944639
0.312768762351994	0.677187632964969
-0.0644779890984414	0.101694835150694
1.24942867388673	1.4977467795325
0.105890886238133	0.031571173120284
0.136021285196088	0.0336738525935131
0.149093682375229	0.135384988568579
-0.558066648674189	1.31141950222044
-0.0141999158003952	0.0176540172530359
0.551703829588753	0.757645576988051
-0.00369998730140402	0.00432205001684738
-0.0343929810624305	0.0503048745771732
-0.03049526026286	0.0446099412183182
-0.134609275515581	0.145215227538131
-0.133321988102405	0.153422887903986
0.384876287346792	0.362329174475537
0.977341847582638	0.956676554896561
-0.217542075377981	0.152443646286946
2.02610688280263	2.74894752098795
0.475303744763382	0.509148078720803
0.0213665305739835	0.0141629766065914
0.148281927271574	0.122864167401035
0.380730273101705	0.359184374330677
-0.997160212324965	1.11363013785809
-0.887755549507456	1.11852357558525
0.340406957026946	0.434176127718017
0.242606572949649	0.341562875482765
0.320612601013225	0.273135399193554
1.06900654280015	1.03484508331903
0.293281434884525	0.285011493551337
0.508285257798559	1.05510846395462
0.28440100558953	0.405171233215729
0.663587882636696	1.36420796529037
0.401645721756696	0.591981245815568
0.341234371041017	0.525183199380228
0.17051971450751	0.219788979845442
0.423425794006365	0.669163453894636
0.655521695887011	1.18170093046213
0.283639798962362	0.388602438195013
0.187078322912612	0.263730952189591
0.709712810697519	1.61479014459047
0.124961387457951	0.173181571603812
0.200556822548529	0.264662473314195
0.108848763455499	0.144710331390594
0.272533645654867	0.427794881369561
0.557178406659158	1.00027581436874
0.0146313856122624	0.0165445130877877
0.0317944946691239	0.0375722728204794
0.288601619443873	0.475462398382179
0.17486475375572	0.222042989345446
0.243062467753938	0.338304950146343
0.164099540725913	0.236011937276757
0.199219837759551	0.193991462721237
-0.338394230810374	0.426908678975931
-0.284406892307484	0.236997418113773
0.581332002995993	0.667171713614505
0.0242440885821195	0.0224904782662079
-0.114679965411666	0.0862257400707148
0.024386632333709	0.0153916051846132
0.0974121362658273	0.0524445765577028
0.492196473890569	0.543298989379834
0.537852216562037	0.722362736644179
0.150893662503061	0.16244326215388
0.305481772718522	0.256800230219613
-0.862551297633426	0.736549252195647
-1.78465645045878	0.426908302872845
0.125320244601736	0.0309288119654429
-0.234813576950145	0.320852997966639
0.0857359714905008	0.090899937163037
-0.575369907140617	0.94279002346458
-0.126618179077114	0.144458628446406
-0.791108593312555	1.53465877487305
-0.363427996143743	0.326083668757175
0.0568268815168211	0.0502383558838913
0.400014721061988	0.677961262517899
0.196196961928381	0.266283694437415
-0.416129353584306	0.567701634817691
-0.214642511763839	0.268698163733049
0.162748924649924	0.17495832737462
-0.174671249159484	0.227626755155582
0.250011877734685	0.313332394258879
0.278255666360322	0.352374592758436
-0.0112413684680902	0.0113942256330251
0.418542011459952	0.533806698293004
0.0624800109317859	0.0583079335736967
-0.146190220856174	0.158384872321534
0.161655468405337	0.199268600570009
0.119258282634508	0.151524293549081
0.111079882938613	0.11227233235742
0.434061880588597	0.537354135045711
0.0601234059238568	0.0759645510554407
0.171858599466683	0.220348327068653
0.439360890052165	0.803487566760654
0.3575439434379	0.51991693107514
0.60496864453108	1.13706763459505
0.421455205454925	0.761186546962294
0.328331906148913	0.576796308277345
0.154881974880219	0.190843601161553
0.746188348201785	1.09543923352108
-0.0631097535707494	0.0710431816878679
0.243382567151257	0.395378048104293
0.205341555594417	0.1879436468912
0.911759230833437	2.37801493432631
0.318726193769134	0.607640012493734
0.539271515734429	0.968304577551615
0.0201762142630922	0.0241445857435896
0.171515597718009	0.228744182111671
0.206993854855889	0.303022871605679
0.0794398717393619	0.0945346011529539
0.140923188908528	0.182962078426186
0.014201070006461	0.0162223175544494
0.298211673036802	0.360841499221498
0.250432556098726	0.318021926048049
0.590894318974431	1.12622032182818
0.209097177344141	0.299913270609262
-0.661652385872576	1.47683626171186
0.0396336130001239	0.0463268886883011
-0.0501241778621609	0.0350336473453738
0.158683321425988	0.160297618880871
1.21254126949647	0.651277465098327
0.34761561363616	0.258624462586517
0.534751137008231	0.264057605654082
0.161561791226678	0.0319809243486957
-1.55549517505662	0.562270427898177
1.97380475978639	0.507300323751526
-0.320612498959166	0.43720339862108
-0.00726246982552251	0.00605703931327507
-0.524254706114538	0.639049148869237
-0.25592592418604	0.329387794295645
-0.0644853311791543	0.0538929196424262
-0.754200368632471	0.601737787876428
-0.24162438541121	0.229257324199276
-0.634724622484675	1.23695577850993
-0.149294991280627	0.189249768121423
0.0568900614603516	0.0643579302424477
-0.219941645422046	0.271249170860626
0.173885480466929	0.206501106949397
0.697731756241013	1.42347523324445
-0.0574513196989442	0.0578339299540231
0.310381123756875	0.465876519527795
-0.212209387406317	0.251904834851568
0.464278048401885	0.804510868932438
0.124479107248817	0.159043427561603
0.512164306165504	0.97918504173022
0.485698940879391	1.10129509360918
0.409689110261632	0.762576550720757
0.251842905039345	0.427337321136044
0.542650063750419	1.15763434473269
0.824319126758725	1.55783554938952
0.279374927311166	0.37442198190946
0.043798929135076	0.0522788876715006
0.634415616410369	1.38676012732741
0.501894332222391	1.15583870541248
0.356669712110266	0.499087396976502
0.396734261065915	0.644521447615289
0.321423084647329	0.554064355596783
0.198050082948904	0.282817981192222
0.223454969129398	0.212818865218336
0.474650185883809	0.851993179242726
-0.0358733714401766	0.0439937815618521
0.103182592141741	0.134648288132458
0.273257285144222	0.406772898513741
0.267813179423089	0.481341303307931
0.371617167219172	0.691835274351025
0.414431796668725	0.722813046349122
-0.00089241894836407	0.00112086684083641
0.251170142454614	0.33455535415144
-0.0101887413056056	0.00834562487237762
0.106227065595058	0.0643977204489015
0.432861412383146	0.527923758707846
-0.160851947544049	0.169680054584221
0.297669463727366	0.450199518060207
0.0754815797225463	0.0923940811384995
-0.0851166355128954	0.111865307124339
0.221021528068365	0.341325561501756
0.0425193279147833	0.0502150821424469
-0.0446052516301104	0.0242026231465246
-0.0840183490510224	0.0649895184460138
1.05188330564842	0.883291636479832
0.643697721802678	0.603094838199132
1.55921300755868	1.06533101272684
0.88908381817954	0.577573488359286
0.763881984362718	0.321877135457019
0.451953222189055	0.352491573211512
0.161755803122477	0.0320254240836173
-1.16625640745034	0.352286373904616
1.97380475978639	0.507300323751526
0.0075245017222998	0.00753093884638371
0.708543938134031	0.990700151993717
-0.31810421096211	0.260629152851933
-0.456952199556717	0.581582580652212
-0.478653251365815	0.415464592395323
-1.73721782886818	0.993817150263911
-0.991740478886949	0.717336893564833
-0.0561284886729515	0.054522253896254
0.238934022101215	0.319837061857191
-0.0584058915326971	0.0692266819306661
0.223119738024942	0.340495170324269
0.171359984082115	0.218153933685851
-0.0621467714395494	0.0730728088278903
0.0654092434437744	0.0877614166490997
-0.0854370145070271	0.107963013443888
0.0303476600692688	0.0364564702322038
-0.14193060976437	0.201295115713799
0.0256731406113866	0.0312724556702861
0.321771645859415	0.487910069817316
0.110474496886812	0.132753613072981
0.164259028383487	0.210312512403063
0.133760116321062	0.190655303906089
0.280090662349744	0.527744167085092
0.289536571743574	0.492633225009318
0.273325871566441	0.461262103152817
0.225626273486777	0.415096111310843
0.333038126787846	0.628628205667955
0.244465690253835	0.387593971182555
0.467531783229182	0.868689150091624
0.141739553031269	0.189509079032715
-0.0465225815828947	0.0601495027774737
0.0477346516319439	0.0637835486527726
-0.341121097092894	0.637931632391473
0.330272571599786	0.580052489722159
0.378101355121012	0.575389596329766
0.461251961395689	0.759691378474806
0.166362813672327	0.188659141979932
-0.236552033021554	0.288973039913558
-0.5175233161387	0.923662736867063
0.088181418154711	0.125810204575363
-0.0408019939087032	0.0536104213764211
0.136473225334839	0.165981454719599
-0.160440170504323	0.228502902071623
0.436092464450663	0.778563240930047
0.770547947815061	1.77267853494233
0.369306654332085	0.463631013048378
0.211784559131314	0.255441537488841
0.0263589616186645	0.0275301947820482
-0.224906852486637	0.350466666584496
-0.132789509647088	0.189248841195095
0.229690098397774	0.187072693963822
0.146547238162622	0.183489501774506
0.418940302465035	0.86057076447975
-0.20712866683979	0.29358243737258
0.514139795909411	1.03398398863011
-0.0594621604704265	0.0771276467870914
0.123759670645662	0.158561571248613
0.176241725516218	0.234933501763978
0.203919729273873	0.318971387460717
0.16808481160997	0.246523183993918
0.0676176064647565	0.081886769056714
0.0541206128806419	0.0628997595158881
0.0859451255110699	0.0867077725560457
-0.271874949320453	0.206971212942028
-0.0093792269466227	0.00673274890364412
-0.276708446869382	0.330528294808002
0.364833237359541	0.526839301180481
0.116947257431829	0.153351212042464
0.51644372550925	1.09885943221382
-0.551425398447055	1.10522583355446
-0.0936400211484176	0.110246859887553
1.01438867785546	1.08123541482826
0.239136970828103	0.145102756507901
1.47047036558283	1.62328359157157
0.440929584332831	0.26273686420356
0.430732758890136	0.254269894627966
1.27128376686122	0.551552779073802
0.161561791226678	0.0319809243486957
-0.220420414238674	0.246978280977609
0.43085976759642	0.36094875287381
0.813653200206161	0.966062368171433
0.633215254303343	0.823923926272499
-0.95469306491492	1.18319433028275
0.271693128590238	0.141107292285943
-1.22686630906222	1.45683538405461
0.217239238143989	0.242363900090472
0.339591768133899	0.469319124768597
0.229588073050095	0.337561368851518
0.0166089161423215	0.0181478243627612
0.124458684164934	0.162602770362342
-0.0335238271305242	0.0400509859631728
0.49729869400884	1.04101976849687
0.102302739550776	0.127946226941859
0.334412524349407	0.582823502518079
0.0866894237027597	0.111937650221771
-0.187965884836905	0.273056122559058
0.690017957835346	1.26807761721199
0.205553768587718	0.288739419196976
0.434746814784778	0.827073555214814
0.136861000228275	0.19493869139677
0.237402867418592	0.447053772068437
0.218840337052277	0.364796834293087
0.455047221198056	0.96641365915201
0.123039027206943	0.188086056264605
0.164181818879327	0.254387540815349
1.03688609120313	2.66287580714835
0.333170919650925	0.607917257436275
-0.309560280091242	0.59399402563389
-0.261319402831757	0.428998382030323
0.12413581412508	0.167431037550787
0.453898099395246	0.724245700741806
0.156777428842095	0.183976783381023
0.387202391453363	0.524547991626614
0.107595881523357	0.105153800370958
0.278526417130037	0.383246579824174
0.191765368556093	0.285913609834306
0.143290683282232	0.213247864879065
-0.0271080942944835	0.0346657101750434
0.0537853851159218	0.0637645900134393
0.180517139240368	0.29598629471782
0.0416181778696874	0.0495034090315668
0.130285653134189	0.147887382905358
0.612913627468239	1.02618600958979
0.0331043483112979	0.0350815036874773
0.272934242768754	0.451815204981467
-0.372676940301678	0.674643131429824
-0.148217268983539	0.149708397048009
-0.191407763969728	0.281253650004632
0.50583127718785	1.14032461242514
-0.355920773900039	0.604597129464211
0.0114184261445291	0.0123151060072104
0.00943681669174101	0.0120325396196983
0.667121114171039	1.66085883991871
-0.150912055474253	0.203605950091955
0.701691983395508	1.76582977769359
-0.295979099513955	0.519844892754535
0.193194198519593	0.295036300730381
-0.38027531203433	0.623000831042941
0.281449194767814	0.33722434792084
-0.711724747544901	0.781289238768404
-0.061069563723463	0.0547105460255544
0.131263630033655	0.145276746060268
-0.488894958961891	0.863124646752725
-0.11144610158241	0.146067516448972
-0.242685805193719	0.331483568606596
-0.18237554531535	0.252641830714658
-0.0357646411774224	0.0381032018176915
0.484911184594242	0.462894117470616
0.098892797045066	0.0532871499343527
0.468805613329089	0.359141363517939
0.727806679367532	0.410656393567251
0.322582903009982	0.138679917130802
0.180513525103218	0.202429148245497
0.785774335912544	1.04474152268859
0.0684788098474225	0.0529401064138128
-0.0643112383188362	0.0612417458843755
0.925139994398429	1.12978497332361
-1.26113298117156	1.26662595962694
0.326148279910721	0.268643408161011
0.0550765689596633	0.0602567121725235
0.533152274076097	0.854143639745584
0.00314909387112793	0.0037115059641991
0.514359218974104	1.07146498958512
0.449076969294949	0.951184130586684
-0.0793748534749813	0.0975814702280512
0.233803343700872	0.384353840538754
0.248225204198101	0.381932326264135
0.722772744216107	1.22242171565868
0.731526699518324	1.4405219978408
-0.0437697932763005	0.0508760424307932
0.237950858164724	0.374336021012323
0.421785507090557	0.749548872009976
0.0727124498576466	0.0953240284753239
0.295903436767017	0.56565052602177
-0.180603261841408	0.266394512809725
0.325616422077884	0.656915541061418
0.687984031035531	1.5995859274933
-0.553622440245501	1.16373922451917
-0.608676168161436	1.25015440149236
0.186768358959623	0.277283144506509
-0.34314404493107	0.600258378248317
0.266102208507973	0.458721960139172
0.335877908036741	0.567381021710725
0.150945997424668	0.194236345225745
0.204897276676709	0.271277557335096
0.402302691999558	0.604047500167043
0.710107856131776	1.77480677216733
0.383217381485144	0.51843357944873
0.553843554778269	1.08604993348317
0.011800117119354	0.014994187564109
0.196186788143245	0.283095251807252
0.111950856219814	0.129685373050124
0.0373091531167327	0.0378197941779555
0.304920526559553	0.387887297979602
0.144376419562289	0.171660239577942
-0.0566104106378202	0.063980558852667
0.419237202633782	0.749021356078818
0.0864786920142271	0.114683578951078
0.476984301153332	0.537639948892656
0.41885259020065	0.712831165164714
-0.1349509267301	0.203142847810706
-0.00530821281296677	0.00579229948280283
-0.697278677560996	1.44984409587827
0.472121864292963	0.896364602927432
0.109943728841578	0.150938728321085
-0.635788628779554	1.18993979292171
0.187688839515596	0.284780617055969
0.429222667475782	0.826131148031949
0.411067251219956	0.82623037490311
0.470230232100552	0.816998602965482
-0.549287474136223	0.61165129690548
-0.313778538416761	0.292064862426252
0.20564981108676	0.220681572867229
-0.0774936971435815	0.0685129686252626
0.285048271908318	0.402308651211085
0.387587055044632	0.684664303170223
0.43034741998483	0.774585858948964
-0.318630382254582	0.571130711753106
0.128630471401443	0.166998055988819
0.113825959172718	0.0712610556402903
1.54287262663294	1.65480998538368
0.838240624365703	0.441134008477171
0.331964986193957	0.144747024419261
0.473252028526874	0.169521440947685
0.929110561060995	0.717761146927568
1.97676053356259	0.502874955670354
-0.588632593775578	1.13814883557541
0.359965063101082	0.365790001814111
0.269652169941794	0.269141719346799
-0.0255898864531522	0.0260502723894795
-0.614688710485999	0.810530725921502
0.103122674887522	0.0617636524933109
0.534026678692864	0.483579025589655
0.700020028467502	1.25481926607937
0.177258303277211	0.201052064152071
-0.290398503138692	0.40643513984378
0.14464327955123	0.167198751417764
0.324398819402542	0.530085728602482
0.531602637520812	1.02431834200019
0.0144676868889837	0.0152909846300745
0.299781830319995	0.497288227411989
0.0739676014748979	0.0832369950021084
0.257838775738554	0.304093519460882
0.177978103624132	0.213684549866212
0.623682835092399	1.07004140787937
0.247023745093848	0.355897138731347
0.459250697122927	0.835197166579636
0.234709617646245	0.442618657033965
0.340072970189675	0.701848452583044
0.215074408303292	0.338841105496812
0.207037027382627	0.369691387001682
0.421336602503521	0.908173315886004
0.00706100246897313	0.00904044897607221
0.00951173003787836	0.0113577365679356
-0.0735198382551778	0.100215540685384
0.117415379783015	0.162265679386708
0.152574946959058	0.234355681900527
0.237400620684934	0.451981061627572
0.038193901223613	0.0511319937197236
0.366089246189097	0.674226344614318
0.350247298684307	0.524549493642701
0.474205059930021	0.685407356539185
0.610377338787093	1.49328225947598
0.194955830971918	0.287059833196679
0.125966538527284	0.148569240230457
-0.0321955479001106	0.0396627172164452
0.504100140815346	0.950638212883655
0.444232677866329	0.758880792283762
0.511313682474734	0.638457548395797
0.369812719508921	0.540289610118994
0.435199027800456	0.679368865752702
-0.395208711342794	0.624344583955521
0.508170980735672	1.05716250166197
0.0551437119991182	0.0751443990138897
0.00537525703361032	0.00448494640192718
0.215753874087413	0.349914971921881
0.381052981921964	0.830925279448944
0.0484469248628659	0.0629420096659639
0.0392089102951979	0.0466538234501469
0.323960163052461	0.621371782223868
-0.126756924194997	0.193672457436378
0.37265726589005	0.700167424171882
-0.00460743313618016	0.0056335703130331
0.252443773082421	0.417205872665646
-0.0126284892110927	0.0138533294987134
-0.102477662812082	0.142701004789387
-0.334204667793162	0.44024235597299
-0.0140327905528481	0.0102156900235933
-0.0166202487226042	0.0154013834411545
0.315165560786892	0.466520629373954
-0.0914681194548637	0.105861509864977
-0.247829093929108	0.396688993604078
0.219291795752388	0.363242245896414
0.0856931305660195	0.119830403392575
0.213647155255021	0.321872569222083
0.499969034425254	0.475292848069973
0.583988024806188	0.395704901851963
-1.22972610494584	1.02260960465282
0.300379625710334	0.145838889891367
0.160740188615653	0.0319518046826111
-0.640000640790177	0.159358973091496
-0.782558554408207	1.66931219689273
-0.625653525474235	0.872578735105051
-0.0409861286418802	0.036425423521072
0.42557116724632	0.660844995029341
0.207853981052326	0.196083032918729
-0.0738908763955227	0.0380772250018831
1.09093003523738	1.26114506857087
0.137605284928006	0.175690735111884
-0.51179615862972	0.944180231798441
-0.188123861834787	0.278254213668896
0.361499036321964	0.639070426222499
0.232953124951187	0.354064462180373
0.0361002990598353	0.0437827929906795
0.10879318235217	0.150963734494397
-0.291141945107145	0.486879092770381
0.370263538393925	0.684233650778923
0.331255428764644	0.529181357583571
0.105234912653959	0.114658385069157
0.708099236415513	0.815954498607365
0.113589260546538	0.133494006989119
0.152521843330106	0.199635992129215
0.513450929944275	1.02292252481056
0.557714412177431	1.26012580681064
0.160494099955175	0.215198222878552
0.5878256680588	1.28570338389276
0.183249064069612	0.279021732025737
0.304025951701495	0.506747215055226
0.457531124177103	0.776953853041877
0.698146948742343	1.47642736676134
-0.545081423788116	1.09068256616709
0.312166975055783	0.510129147223578
0.457948233856068	0.855867624128722
0.555989224447598	1.28619993110562
0.16813573041906	0.242860774717753
0.255925238808175	0.355719090550227
0.243401602180154	0.323904198777692
0.24912542002711	0.34884573508662
0.459699649590393	0.886019152397092
0.218316511521475	0.321615251253047
0.30299686473665	0.41399170441128
-0.194582379742186	0.235457468762014
0.0571870683090594	0.0611706513977633
-0.36580317431009	0.5414418351618
-0.0248615540202744	0.0225232764458873
-0.290337090374431	0.34709610639802
0.0374503360983371	0.036273161396989
0.127379995285775	0.147192972610187
-0.277484840012234	0.40084763412583
0.0209753724287744	0.0241828292181833
-0.0291580314647846	0.0320442853426236
-0.0392376453268107	0.0467231931799756
0.0353168587568533	0.0443108752267226
0.32600821855304	0.523576024164934
-0.048361832349661	0.0641089248639471
-0.310962748113647	0.460857488934807
0.896213579814845	2.31619174597063
0.385995797807653	0.533457698726326
0.323177555253947	0.486179240303473
-0.0945381234526869	0.110198771024322
0.188263919170262	0.258728863506193
0.126617840115921	0.160123711048123
-0.234663777589293	0.304768224223419
0.728524492198119	1.14895039490396
0.0823661164512185	0.0961739078452773
0.336497652409535	0.473994538482595
0.0598798785714766	0.0644349336651235
-0.21025767135148	0.286116228468238
-0.223057086478222	0.334830292717376
0.115083785301829	0.140939753332911
0.327887623411314	0.336564481081037
0.835154503989041	0.78893226169611
0.0784456542911969	0.0612822343807722
0.33722014981336	0.25653662102338
-2.57293681855607	0.711530396312166
0.179503786147847	0.200240154919189
-0.258060271347093	0.330496535502018
0.484853384320493	0.704435979392145
-0.035842428150342	0.0360736763470199
-0.131568497233074	0.132308036481723
-0.271423889197308	0.273550056885778
-0.54363593406882	0.852039259679443
-0.105333129169064	0.121880245823382
-0.0468668768107516	0.050518038282796
0.158811579147731	0.193670710514144
0.0912225708896931	0.111701925802286
0.168814520567102	0.214443893145339
0.217466651955469	0.270335923942991
0.0190675645332151	0.0191990182189278
0.230789598132507	0.274652985912195
-0.952996652323938	1.59518805647406
0.500294980872313	0.641148449984453
-0.00450273111002105	0.0046148140997582
-0.221009652769315	0.267994664838519
0.249157439221851	0.320060227583802
0.0947102821601928	0.115428082273879
0.591253039058025	1.14601750005352
0.23278481548146	0.33815267810664
0.479784859676225	1.05503093400811
0.443426844860669	0.781252483888786
-0.0303669642872894	0.036198664776982
0.287229835346962	0.411680187805837
-0.192270167912326	0.267747802384136
0.525077336275426	0.893114707716192
0.141826041818553	0.194877669733744
0.279815227657609	0.474666936154567
0.410827407703913	0.675325486181625
0.428216681779198	0.603824596854597
0.51168972042786	0.996460414877221
0.39647206670049	0.601447783583261
0.407501087111839	0.671981295880393
0.45770795817074	0.806085893719898
0.543164978368777	0.853076661776673
0.479221124968242	0.618661664843588
0.209258662642371	0.220868305287222
-0.262344217745889	0.319135280488139
0.5925013247169	0.948359866461112
-0.0521355226450621	0.0505157457870268
0.184008018406251	0.216263899610579
-0.0592801228374352	0.0730732541418249
0.438027541417654	0.462152382894261
-0.237887622191326	0.332295973821122
0.329360122742447	0.552733165509105
0.697425410372972	1.39599773105381
-0.0851452614206121	0.107397121542804
-0.356031018751051	0.513115733481697
0.153677979992394	0.166872346762559
-0.0362172189446059	0.0385682892469038
0.248330280513784	0.371985509273546
0.255455433788445	0.381260987369278
0.0788518101260278	0.0956326350596762
-0.100476791835294	0.10483291279492
-0.0927832070594153	0.0845310305209353
-1.02032938070665	1.0856328044033
0.202287023088262	0.213444942189987
-0.00817018542524733	0.00681455827868818
0.0307884826726668	0.0328849848608266
0.340879231675359	0.521733851121837
-0.0639989321118005	0.0726837626245776
0.145894477556383	0.191701606508907
0.0970063040704314	0.0437209783591574
-0.210841410392648	0.0783398753488635
0.0764726385581555	0.0314327847898208
0.42824451344386	0.254247367253763
0.372822251198457	0.252167476649822
0.160740188615653	0.0319518046826111
0.504392995085967	0.938041036610923
0.128785866613733	0.100847015468621
-0.708797873738322	0.734198874047823
0.151692176662617	0.157770108664278
0.459314927015775	0.461493631340312
-0.714606957930188	0.429081632987986
-0.0410697787373748	0.0286575655212132
-0.139985668309086	0.137642519809009
0.214817689254938	0.249063642933881
-0.0377167285639831	0.0401640499571533
0.558873806271693	0.929345002326138
0.640661492556519	1.25824041151426
0.674243224626178	1.1799835987538
0.312758612826499	0.367774273350299
0.498876374271946	0.474712121493328
0.132935533302867	0.0965898021432431
0.169015810816638	0.197909086982111
-0.105433422109422	0.109451292101101
-0.381325650918242	0.574743977714172
0.23423432711238	0.311011066751306
0.20410357771226	0.255554773803811
0.329293891889542	0.500000747055288
0.647053740034002	1.12253793780893
0.661593848757815	0.979875370947685
0.243374358834254	0.424500657509249
0.198866946769955	0.329812240101238
0.326717972145387	0.597272763734225
0.768901827906337	1.75672147141292
-0.24318767355744	0.385834905618214
0.873820017081196	2.63850816335525
0.198166330316862	0.305589493720054
-0.167309039125977	0.240041810081728
0.479215664064111	0.962810258889547
0.293230754908448	0.470450170780919
0.326620116852843	0.517079159537946
0.274288468703578	0.442782565202818
0.133147580155703	0.177554668403848
0.274291288118418	0.379642968433527
0.235489198180832	0.361597138273266
0.411362183197746	0.750150149059744
0.317146928377332	0.482383171838824
0.160541092688278	0.183525789724749
0.26122704031968	0.27576992439846
-0.130103961204794	0.139492014554523
0.41139968190592	0.598621480366389
-0.169901625893858	0.19133433698396
0.177685167090026	0.233280005165327
0.360053196023031	0.528137330775017
0.460606627822904	0.841337097064354
0.15152995974033	0.15566772653105
-0.151780788800106	0.177626127842774
-0.0680243418071994	0.091748764675661
-0.3589112408463	0.60760729713922
-0.000133232827840976	0.000187255679213248
0.0953000656235504	0.118478585424237
0.25184152256268	0.423601624015096
0.276515815175882	0.403941034915421
0.445559021288246	0.841209189455397
0.12519377227738	0.159360923224459
0.189326667338261	0.251305407114257
-0.383641728691856	0.526855027601335
0.268770403606062	0.299266063358512
-0.563330446911936	0.601661937057462
-0.1225235324432	0.121305036387967
0.65654784694935	1.18126350057845
-0.222442547848932	0.287510617056984
0.299376330724858	0.487132934289855
0.550321807549508	1.16021063259615
0.114698945209507	0.150808246023014
0.314351715835988	0.26843483415827
0.262825601173876	0.148583611746415
0.919415711437296	0.699562114955171
0.0834382591402687	0.0338296245296985
0.397097564526737	0.243303491078038
0.228800657740034	0.28252318192751
-0.0670572339714497	0.0530301340659875
-0.644926602511678	0.830381219189117
0.0390309643368027	0.0385025552906789
-0.669819290155341	0.752492015460193
-0.752280904452715	0.523223977426316
-0.0276874764089148	0.0196876610521459
0.286959302762505	0.398486990965107
0.529306449114506	0.983361551319511
0.345749566636308	0.561038409440447
0.395304640490393	0.599997062143066
0.282320948593493	0.390004320377321
0.28878184343282	0.420589914010264
0.314946679807501	0.504900092374595
-0.0733026931848339	0.0830855208097932
0.147768381678767	0.186618671313739
0.289519621461579	0.434407311743779
0.00105313173454173	0.0011314542877586
0.637804340023971	1.21498008998648
0.184103238155351	0.252188285716761
0.385306818604541	0.741043598280183
-0.101585967633899	0.13507974649402
0.48425876239045	0.99539231626688
0.448447655821851	0.75452585648279
0.617616847395614	1.61093271203035
-0.0905957331455685	0.112632191821765
0.250619929557509	0.353704918680003
0.385805197974297	0.668884890476389
0.210166908401914	0.307586212410086
0.700858809072381	1.28668168966188
0.786676451801317	1.40090060014559
0.283175023912529	0.404411671609073
0.460739639276022	0.691659492355606
0.749632222500863	1.5783338771457
0.515239515200117	0.899579929202274
0.211330681307901	0.25790805272469
0.937552707933323	1.68775119724122
0.181297524277608	0.20645556262381
-0.67607945438882	1.00688378750669
-0.0390801496994293	0.0388523079726235
0.154690179393779	0.184905448290025
0.15689634787008	0.164459450043904
0.0699577132353305	0.0778631006460621
-0.0256404514887967	0.0237158951262596
-0.00275020062986535	0.00284309729201634
0.802630053206689	1.89247595221009
0.0752768950199668	0.0787225703386432
0.125928878364659	0.165826256950476
0.47363600319222	0.841190258328907
-0.289813200535985	0.396147348121435
-0.0999869820162882	0.109685489865916
0.54602178901794	0.955006571508293
-0.131073687854939	0.155621015815965
0.776835161379882	1.56809533596929
0.127382599782146	0.14023182521276
0.343449080318891	0.439743479246857
-0.730119210579894	0.928481111117807
-0.0210186607982467	0.0192643953911731
-0.0410555638583474	0.0373084843290722
1.00077690683077	2.00483888617811
0.21252685844389	0.264057580325681
0.641191844210607	0.95929736434142
0.989327510918325	0.977816755645121
-0.293770720490056	0.191872691646948
0.650270523336903	0.619010374411149
-0.0618722117096847	0.0314853121897403
0.0867962392650095	0.0439491301409202
0.112958762917061	0.0669185785673486
0.160740188615653	0.0319518046826111
1.97468705919913	0.505783057758019
0.122321254541553	0.125647295328822
-0.140412046545379	0.129428615912822
0.807715093245109	1.29745494053383
-0.238617310236844	0.261407315903499
-0.678853044152976	0.909675611037378
-0.409430025537728	0.367206595112077
-1.24618202815585	2.01459301885458
0.168168615315749	0.196122962477376
0.506211314434805	0.84506824950248
0.405166588307467	0.611199350481249
0.358376656303441	0.472836538140274
0.0941717769107252	0.0970444187483712
0.30916392367559	0.355343364416339
0.108892808395643	0.10586608773581
0.127306404625305	0.137834241707767
-0.083701124433776	0.0953924565207797
0.425918832640161	0.619230732207114
0.284747406414264	0.38423490167993
0.763923752398252	1.43842803047346
0.209851791829399	0.273462440427465
0.379751657867172	0.611711794309264
0.000193405891031637	0.000255673568777825
0.390722818310049	0.606612567057479
-0.0825481685596125	0.0977352920968869
0.745479069434809	1.82074407495222
0.0670729081949598	0.0734895731809012
0.891707596137143	2.13525154877484
0.344362963475992	0.563020765336116
0.535099249321446	0.953451501798242
0.777309138430481	1.44380234799319
1.13663898986176	2.39892422554283
0.135377747670779	0.149638949215472
0.181068060912952	0.234266729343063
-0.0307479823131448	0.030028962660916
-0.113760459505416	0.124366677369671
0.436691825327006	0.595363313800445
-0.174959555812896	0.192275610761571
0.527122878328419	0.910257863287368
0.46623999726224	0.647972073230311
0.567708301159179	0.889130537457152
0.101891745466688	0.0916678183683518
0.344022910761888	0.428281693232142
0.872302065116814	1.54121582158412
-0.352885503799196	0.525024473221041
0.534555968391902	0.957783235798746
-0.21755811347669	0.269438114662127
0.120912398914859	0.139269929197661
0.287967374677154	0.366175615393697
0.187478882508245	0.264802905654867
0.294851820346454	0.367406739694619
0.317727975003372	0.408959582735225
0.456217043944228	0.612707846255826
-0.174165866116598	0.196214573221033
0.00470489893132583	0.00470963686442713
-0.065643855291083	0.0700082186260972
0.707920651556384	1.39965583328421
-0.587132599699968	0.904908560652913
-0.25527037285232	0.331856848280101
0.104144779104078	0.117113153304245
-0.224044314253222	0.264271175506852
0.270529001758297	0.33321136781306
0.0900920500969158	0.0764002376343244
0.836851427874885	0.66831994910194
-0.179848619710544	0.147706424984865
-0.64070176958529	0.657969594974657
-0.0759563362345674	0.0507379905696729
0.556917417965365	0.638243724214529
1.97468705919913	0.505783057758019
1.12065741345952	2.50587602580657
0.206413759138407	0.24387478253413
-0.189530741315896	0.223247066205605
0.137628658223158	0.159453278300573
-0.0900403748491918	0.0965994188011343
-0.186494103225541	0.197666868943527
0.132351354962112	0.155073219425283
0.0595769313292	0.0625288464254046
0.449519583928761	0.58670874906982
0.726077708297284	1.07192453455113
0.205792569596808	0.219366735082663
0.633983566507702	0.984474631104282
0.627454513631668	0.882117515869614
0.131036303757632	0.146851671091046
0.260770278167072	0.285542163244366
0.155237281349945	0.156127696839628
0.538448720986408	0.78953004538523
0.494962071406459	0.602341034001144
0.202389444480346	0.226273286365347
0.465387057396631	0.632482862320912
1.02555615049123	2.04017696416881
0.395605741719547	0.701653108870091
0.0399722956313284	0.0442645468823062
0.566258371742271	1.09644851469266
-0.0923512834676864	0.113567479757596
0.526663549713365	0.903256756298447
0.540891452211625	0.882572805664118
0.569990072768481	1.00268475664354
0.0335920333772537	0.032798935044149
-0.439969215731114	0.673071323543616
0.422438309288338	0.702837887300546
0.210752359684756	0.243036839257173
0.0766899867369542	0.0727911600388213
0.792727298784062	1.55220412265858
0.234576505469815	0.298587615949291
-0.084515660668638	0.0892470790497076
0.373864400880637	0.527405282366432
0.136375650443923	0.147947922351349
0.465565223392829	0.62686825975047
0.262163837772633	0.289839539432852
0.264285242072002	0.29651653913008
0.338010095810913	0.426050048036464
0.267683019473654	0.304934832525659
0.44309006552576	0.525105601428589
-0.513930307423871	0.78711918711402
0.314841298087247	0.468674057195736
0.709877028692062	1.09787682403724
0.203010230230286	0.228588994761848
0.52258652042714	0.95975043900044
1.06069910296904	1.98544783524235
0.321442603840868	0.470607068626534
0.263394915173432	0.315679526868989
0.0875440896092759	0.0929399920656295
-0.480642993680341	0.70339607797396
-0.133216078007488	0.163156719659569
-0.114769925869968	0.111690838787166
-0.249374743167163	0.250406582441344
1.23095428405346	2.48752133926575
-0.0919477362297661	0.0805649273141154
-0.573406143300366	0.785062933452747
0.661244531488087	0.932169543506299
0.414940121743476	0.49925234503711
0.345048497186321	0.427045788744652
1.03000498202594	2.1324611029032
-0.443003902799123	0.394650901158356
0.0956500859890663	0.0553970896537385
-0.502441038812416	0.395975352859824
1.80744479254645	1.85102464496734
0.435932315304516	0.261928419773529
0.197683413022097	0.222743645844812
0.373763679162495	0.424670013475147
-0.557576434802854	0.826399890511939
-0.0146698378983602	0.0137921068028007
0.21843936431193	0.218712684582583
-0.714345794125656	0.735402826074982
-0.254095640951316	0.259381752066035
0.209193544016165	0.212384555577698
0.310183231367283	0.377349683377481
0.0234399814228421	0.0212832108604497
-0.482686941866913	0.553104745018273
-0.844147845578981	1.12744910811598
0.552226167857736	0.725148035117628
0.00403018245387393	0.00352309567826258
0.420332046465004	0.531029510360045
-0.0629820253564152	0.0661891510096137
0.240126271002536	0.286849742629645
0.299457064157391	0.349073098412137
0.448015620531991	0.618190125458637
0.379903201277276	0.437210211689589
0.420017343412778	0.511144838011139
-0.284338198872316	0.329338188171954
0.259871880604558	0.280963806331692
0.168385832952435	0.185015094967518
0.472112739033349	0.665106138020862
0.403876528576939	0.430762112819472
0.932548301862583	1.94230593529159
0.393202145457381	0.569382704755345
0.00394835571939164	0.00380093790064848
0.125924759964568	0.131334531247565
1.11959050299729	2.13539330060164
0.545370780452707	0.752494829040507
0.461788394374128	0.535927312107201
0.484630945528916	0.592885651552936
-0.106727719244761	0.101814733686326
0.0188228222739398	0.0188099297279479
0.856674208430916	1.4383408694097
0.114819852692301	0.121703049371481
-0.0114092140569007	0.00966140667539757
-0.346007670428488	0.457353658998452
0.460931770944742	0.548562327265439
0.267245376552653	0.2972882339241
-0.654397534054026	0.844790496908458
0.317036002541823	0.372547835437853
-0.574879360356281	0.970911754119538
-0.247685046058846	0.34354088905114
0.0607193484189704	0.0592479507065085
0.114111720025935	0.129675771832692
1.0045011985833	1.71751037655466
0.33080129308614	0.359193705375887
0.391014066023609	0.504372068748531
0.164609305188482	0.226678634645316
0.250772009504165	0.295449197237727
-0.152560660081759	0.177683017965865
-0.466171460883145	0.635436518763454
0.247973399571464	0.314634975041986
-0.324329294686797	0.410053705119078
-0.278169205021741	0.250594315183757
0.360950772610868	0.500367149816311
-0.246248603457431	0.20873055438615
-0.156742369893216	0.152609190591064
0.401316248522311	0.509097226018676
0.335862457084878	0.440941088063142
-0.237320661967886	0.281260091249606
0.105075028407189	0.152440854347793
0.0464697530894229	0.050550284995169
-0.290140672241036	0.355852326719821
-0.0277358995655863	0.022032854658771
0.295263908136464	0.360412254075906
0.601324243269081	0.817809569350124
0.287595689182146	0.374886759259633
0.217564308746988	0.215763480887147
0.173821606074583	0.175940412859968
-0.483924864515437	0.623942758077281
0.420450744437329	0.435819295479904
0.026982821190722	0.0227159509934362
-0.034227625153957	0.0404249069687653
0.551977721848617	0.931086067474272
0.460370553570188	0.648877913624214
0.20827024751918	0.27649195237558
-0.0944020170143755	0.0986361326830717
-0.476135067208004	0.889832240707944
1.11714615185669	1.9750926903058
-0.329943798430976	0.372561864055137
0.86261660085644	1.16774963977215
0.0968862361421011	0.0865848606921634
0.0792484253694203	0.0610086015556086
0.439598675081195	0.452143932432927
0.854964158734893	1.14038438306543
-0.507971254661672	0.599451469115397
0.169394775965539	0.180819477328349
0.215897814575315	0.185137880042655
0.0472225364187833	0.0386232095489374
0.312787189755705	0.333872771880678
0.496833266506083	0.537995762730356
0.367317688184473	0.495506515754708
0.604645200919979	0.734447111406177
0.354167042423625	0.515991349513825
0.527702708943739	0.899416395776077
0.186829294845247	0.200569086691004
0.360699847821432	0.443951795193866
0.277157814190967	0.360655000390221
0.165351716477826	0.160564607248534
0.550403359528846	0.905754939579138
0.484704704272017	0.699206109502979
0.477193271006182	0.653786353044835
1.0005925682409	2.39003639781197
0.152754628773601	0.138242538368078
0.252770334565484	0.296418735776015
-0.147938343920474	0.152871944358919
0.262916731957026	0.302972280228758
-0.0214500690313817	0.0197113439479261
0.100514858196746	0.0893112655720508
0.510475618765689	0.705966889741638
0.575183140431641	0.888909151801928
0.252599290383274	0.290994109863669
-0.161287085926245	0.15720402210123
0.353353850996809	0.470990713220577
-0.14191922904567	0.172619470222362
0.0258672197471384	0.026336945580774
1.08286559632107	2.38463676368104
0.302329635452038	0.279475071088635
-0.192278158798464	0.198087505658377
-0.104415251296369	0.107684110184741
-0.292034471733837	0.471631098979827
0.521410336029851	0.835545083388302
0.421468979801776	0.621993469425946
0.215079811526528	0.217348989600577
0.344149253855916	0.574085647912775
-0.100615916814677	0.0967864814262074
0.655149244732764	1.01914808320062
0.147668998268373	0.138308348569341
0.514384917437945	0.717429562470707
0.785642253279953	1.36529898156429
0.394046434321495	0.481554690530903
0.302692069269279	0.366437032879742
-0.0912086412564727	0.0859970558320407
0.284781178086841	0.440328699832939
-0.0647643907947501	0.0676146989565721
-0.0840229182755301	0.095151430454314
0.755099728125654	1.25000912030513
-0.32005383547596	0.382625185743655
0.380079469870388	0.442784740356068
0.145769110698517	0.150881658026964
0.11646544990916	0.123086817792822
-0.0175068022867793	0.0148543437456831
-0.364254380398893	0.405192481929997
0.690552626998769	0.888424793628346
-0.203333454015533	0.223563487312182
0.114365782101932	0.137613314858425
0.321781976984248	0.44765643812846
-0.174950191559984	0.197520393325447
-0.00122042885364229	0.00125818588752854
-0.28579709204398	0.383146090672716
0.225871715116546	0.337907140487434
-0.206366361685323	0.224478607434541
-0.340763623442007	0.408249681047728
0.604828890774538	1.10685773706529
-0.199432364377207	0.203710256031503
0.825550191332797	1.20801700431876
-0.020544374396866	0.0170293781003235
0.0830040976349483	0.0702922793283828
0.938526450846857	1.40775682766274
-0.177207784880658	0.169389387307823
0.398445052479248	0.419894725550308
0.0357849197942683	0.029160112123005
0.216520796907537	0.342623002310816
0.368345449547685	0.624661918250412
0.260868580886054	0.390000243705932
0.312301840853621	0.510514771555362
0.527030488321344	1.06717219940182
0.318615242741568	0.47948404677191
0.709476052048647	1.67860316087376
0.0646800837726234	0.069365843986044
0.518949251003266	0.906541270920422
0.386849541114304	0.580937018145101
-0.165815543822943	0.199787513373254
0.39893457200161	0.60608375228372
0.417273652248375	0.732727055802695
0.252144514068218	0.312297706527319
0.532081322033009	0.761304432015682
0.519020765563133	0.858768440283583
0.723686127679508	1.30247831979904
0.00801489787232375	0.00711251679282803
-0.6577553533905	1.1923985161436
-0.050587915113524	0.0460729888505888
-0.543047328292578	0.781701734996893
0.466109445699082	0.686989469248538
0.241680152459282	0.322636259567578
0.251727734105155	0.316542316958852
0.497129953253189	0.832483313861101
0.648168014942822	1.37691611840058
0.0762284902169832	0.0790955334606248
0.0376213929279337	0.0370421964178405
0.208208791092772	0.228480068141743
0.135383929559495	0.152235072691288
0.281704125169623	0.284394612204684
0.255472283059091	0.311434971899497
0.0225863021596699	0.0200825081768827
0.40003643529263	0.590804322965507
0.148701656043163	0.197635342182099
0.854919455844018	1.34363777121923
0.407189826694341	0.662429014918864
0.485144491367633	0.878640075519676
-0.415992607009243	0.59230049947619
0.327648298560165	0.526162890780629
0.246610731303851	0.293080347341855
0.259140120968727	0.343400773298478
0.304091731554474	0.382353482050067
0.0869498467806956	0.0941360811414361
-0.482803813230336	0.790148805137874
-0.434758498448479	0.687942510542455
0.0114417619486989	0.0106613884267199
0.0988112204138641	0.103307698797933
-0.696485683583876	0.676329526775793
0.00360522327901886	0.00349446350005194
0.031163472153596	0.0273137077679386
0.526743276916747	0.86133944437988
0.000544629365673837	0.000419923158477106
0.0984228265724316	0.112915554913814
0.34110979296678	0.508029605416991
1.29926119787732	1.1128953541079
0.0932283745455532	0.0464346564815869
-0.993679583860411	0.740719023640293
1.04768766670257	0.883445162770058
0.2222314030178	0.148460937107412
-0.033852321044278	0.0304579714517268
1.97380475978639	0.507300323751526
0.901535019897722	2.04322153111994
-0.277988719399069	0.305520443873056
0.220706841174914	0.194948808785424
0.283931179055052	0.362507065340162
-0.273673132674836	0.297034957346415
0.657492369750676	0.504465371257101
-0.100835914607274	0.0945045059590018
-0.380176321301679	0.536076913800666
0.349274661554585	0.419220731914689
0.627252655250408	1.24834644767643
0.0412339423371078	0.038631355694537
-0.198645509023705	0.202163862794257
-0.274270170607893	0.335963644084217
-0.824122358084585	1.49539313670304
0.81402565995713	1.46291135362151
-0.278076211492522	0.355743810898079
0.458754309166594	0.658954772295771
-0.065588921448879	0.0638242426666595
0.844596711765817	2.44414871588871
0.113915237459404	0.159284557437215
0.559727693047176	1.23817266578321
0.154055517048357	0.239901703029875
0.327917489575188	0.583975952976273
0.291359240741158	0.47426273370271
-0.29418163121643	0.41691946672713
-0.0787900715883322	0.0948871745823882
0.153257321908232	0.206764753153453
-0.198962515585547	0.244542021562441
0.118585363071876	0.148526966879474
-0.00178325853609454	0.00210252825974855
0.0411784724101789	0.0451393594092726
0.146938928901472	0.180220456791295
0.414528390530422	0.666136219480852
0.79312068763208	1.24420445101725
0.258366447991254	0.348295651694892
-0.143480005979883	0.161722620659897
0.823903123052943	1.5710079727587
-0.41783200999807	0.599274633558118
0.375467784293431	0.507287130204652
0.457305569611637	0.538242885607607
0.0745051359745275	0.068277421391845
0.758136271268539	1.32747727200909
0.185637006582338	0.247803106773841
0.944221655882975	1.59961526171685
0.522279717203451	0.761744021770434
0.81508109739964	1.54755846809868
0.3585950253161	0.480068283396023
1.15578860769611	2.77389928036853
0.318832498616449	0.468408978719155
-0.135312986203054	0.182037027254326
-0.0549524430837669	0.0594298010130391
-0.0917182907080929	0.109862529017753
0.000492944387177899	0.000521997508447404
0.0713136473055993	0.0798125701282699
0.0898102781622695	0.0964768800227132
0.367898942101482	0.591224053312129
-0.0500645433237707	0.0559322071579653
-0.0791497090714501	0.068876145936497
-0.439478739163675	0.389772514816851
0.12040458580096	0.110281440048113
0.0989698657292857	0.0899706886283096
0.0217153141860941	0.0243333668880885
-0.183626996522679	0.224784563509467
-0.0130791061730222	0.0153106482873575
0.0968422816365068	0.112505240149115
0.0845208646704387	0.0386603768350212
0.0895393182286878	0.0413754136624102
-0.560373390902077	0.294509956641704
0.299137341145611	0.144019037287505
-0.146232308723073	0.0918378524764652
0.38598137711165	0.361993268997127
-0.122935185313432	0.13995315003271
0.162132020249798	0.159434852168436
0.0529658161142686	0.0456449467556948
-0.269925776456335	0.322452571034785
0.278120953883379	0.280020165644021
0.826158093319378	0.789827852503257
-0.774336441524898	0.779129154161879
-0.000806478284477013	0.0007567720873897
0.245025265530495	0.308222027209257
-0.146102001053656	0.173891734201824
0.394994609732243	0.594991232799258
0.575281104474987	0.884875696629124
-0.410212649343923	0.529158764302657
-0.264376079590389	0.363249386413447
-0.670149006558068	1.18483299467446
-0.376592270201688	0.560369151592581
-0.472866094676958	0.765458502024083
0.0266602956870438	0.0279281312006964
0.562387370552237	1.20090837744761
0.313844980510554	0.510661339630894
0.34439663541238	0.629171205414605
0.435908787634913	0.84116292564219
-0.169882077932392	0.245592477956948
0.27520456876245	0.391504679014476
0.176656320288967	0.22877400175023
0.236217432228028	0.352110490426687
-0.00599537500219156	0.00617362165994436
0.2218407357578	0.28953886667301
0.822680676370966	1.86334965814075
0.209757893072899	0.277431916128168
-0.184584816766486	0.218126769887197
0.202224762274101	0.203161504533268
0.155061755926267	0.137152165776862
0.256859575229983	0.338422044684199
0.614161087868694	1.11062695555748
0.102119843999422	0.111561842745158
0.455153539534933	0.687946757557516
-0.12127516721518	0.129375036445409
0.3257385463711	0.436773344710634
0.539024085221291	0.856666228430827
0.38056932810526	0.447462214250383
0.542711302415917	0.791172816538455
0.42055901206287	0.527304259160729
0.145988575954477	0.176312941271396
0.496496212484392	0.831220503402953
0.851685949226041	1.82578371650875
0.426769818504652	0.704052789064278
0.885203365235258	2.03398542185198
0.594967945590347	1.14311584837759
-0.0425858328006797	0.0468639726683436
-0.116284198969749	0.135573094196433
0.105464381849447	0.118531524796446
-0.197957806448599	0.255469831133618
-0.132028230067148	0.155623980197045
0.321551703202175	0.472198984692714
0.122299998083067	0.153619299118718
0.161545645677391	0.179466924534556
-0.318262726136087	0.241484398346372
0.300359770463409	0.366602566117024
-0.423558990479221	0.548598115641411
-0.0388801785642602	0.0444207598380826
0.10187536433473	0.134524509389053
0.321143437514761	0.492408948961856
0.100799606794318	0.115096831357863
-0.0167820760036658	0.0219626366952002
0.0838934094898634	0.0421651059533709
0.297993198533066	0.141745427276146
-0.344019852439352	0.216459537875656
-0.311415351497956	0.1590712120316
0.543614903023271	0.380025799501513
0.230705822169209	0.206996027982958
1.97468705919913	0.505783057758019
0.936949289040237	0.252050724097018
-0.243142943091687	0.337746205794977
-0.191849854478624	0.202537203232635
-0.450864619959996	0.554442405925877
-0.117405147554665	0.136652695167133
-0.0780188087382435	0.0733348561118349
-0.071522785991622	0.0483789390354673
0.532619681600006	0.648020054363521
0.361814083257162	0.57402031693299
0.417517762130498	0.666456954613361
-0.00255075957434447	0.00258751151176822
0.217420960488548	0.233803267350279
0.218851832717917	0.253252583052122
0.250595306322496	0.297627189334329
0.178946447610061	0.225098703938372
0.146817070414456	0.151183045378641
0.11481729375242	0.118561563326863
0.531232731391716	0.855864498701346
0.902112743595733	1.78140405846716
0.422325669386163	0.516871563277165
0.607444065163643	1.18661646975446
0.190195652678116	0.259085428275808
0.261019484372696	0.378791023715229
0.182637302095276	0.269864099340744
0.35262545265933	0.605389324138093
-0.124344806598145	0.156399171679939
0.10431139947884	0.114569223580465
0.151595453833529	0.145812866868217
0.0821852389088824	0.0678311736829164
0.296293592158681	0.380956822971746
0.322545695018634	0.472476268858015
0.342620102680847	0.447262543943468
0.211350061733549	0.285766961365489
-0.346737785896098	0.460879173462435
0.587621830548166	0.97903795400046
0.906028596004952	1.60773592559054
-0.0377534071067008	0.035387063540128
0.659889747202059	1.14822913957036
0.684760132166738	1.46177613174645
-0.131770484521263	0.179041782787761
0.413196382155801	0.593250199644985
0.510265851177042	0.764023216040884
-0.268572379823534	0.350299317133106
0.314068991133292	0.4896857979227
0.380195929042295	0.620103572862639
-0.187910047125958	0.244130353271899
-0.512853989422664	0.99245647717696
0.235536368196216	0.306232167217364
-0.924874463994529	1.34829246914297
-0.373884014412923	0.598860673044789
-0.0639447877262706	0.0781830775315957
0.0847122337015407	0.109263290660583
0.245845263652409	0.315299626352624
0.0245631706804379	0.0278478430118342
0.301999538888079	0.450992442654771
0.0652906371872083	0.0833573265493977
0.214993224730708	0.248061206968516
0.0336704648604269	0.0370603038441081
0.435984399301294	0.367576634142921
-0.187538874035408	0.111285621555791
1.06289787989796	1.02021591894194
-0.0715293698531773	0.036711565305757
0.103006705873776	0.114180896436367
-0.354138542773433	0.522519980868214
0.362040281510643	0.518310113036608
-0.085011965599657	0.0833085104096567
0.713780458683888	1.54204058996503
-0.157881177325334	0.18858326945855
-0.194292367540063	0.154820142934548
-0.256391498250219	0.262298917772749
0.245347888208458	0.360715020637749
0.087381834908847	0.102911106923027
0.385496432083574	0.534443364280611
0.596141778849339	0.984856516310598
-0.50259696531525	0.619250932104997
0.279623002676486	0.346559841129222
0.332285190628333	0.45589830100729
-0.131636188345791	0.151490698257635
-0.0355824596094707	0.0325452584756581
0.377862826069965	0.451612671688487
-0.368337671342536	0.466237566113334
0.180864228624241	0.216274051497769
0.390812484051845	0.517055823871028
0.094049177822705	0.0840480901701502
0.155597005028344	0.141938921211421
0.225912635711887	0.270058578701053
0.2590646070466	0.298781956494586
0.836597416486528	1.4708565594194
1.15445300219769	2.32736482080041
0.79979848902241	1.29630980741399
0.389205382292482	0.526993172538672
0.434221809692103	0.760774138937351
0.339572814737149	0.44666502223576
0.998514949466783	1.84280706788039
-0.444295848487322	0.518688435141382
0.04983983230206	0.0494604393039306
0.176219233233746	0.209632376168803
-0.435390121188045	0.61917386899534
-0.276272670639419	0.355365179801124
0.371675446339314	0.502832687449635
0.082163299922254	0.0693590182010435
0.0217726225814946	0.0244365964346161
0.076501849991413	0.0828926256780206
-0.259984174718769	0.432726997414625
-0.27695388101731	0.414749208835612
0.0131463429620786	0.0134262346063258
-0.122747079640831	0.14152548073347
0.291512543295498	0.336831557979506
0.188774974905856	0.259502589391061
0.294955137527002	0.286995871947299
0.58893070589182	0.57531637100103
0.604752061429816	0.672728246344552
0.776061035234389	0.846690148006097
-0.187098583344972	0.13338306311777
0.366111772278995	0.260718370541864
-0.0129097698421797	0.00744097700032677
0.155898567890998	0.0309449703044398
-0.16567384342216	0.18926860610218
-0.192151388724433	0.238150342161079
0.257675218451568	0.312017913603867
-0.0413126289176238	0.0476169541950044
-0.435922509684036	0.592798158246261
-0.0527669499917206	0.0362795293479137
0.20948257996562	0.224823370864307
0.0870231158599937	0.0933785056653262
0.471380468627252	0.618837973601792
0.12785808069677	0.138046325458178
-0.481056700916275	0.680114893811838
-0.21509011530939	0.20438350521829
-0.429839144970912	0.439169950554544
-0.456907316698476	0.468207009685711
-0.134617423956742	0.124725010588095
-0.245656931075801	0.233164953334528
-0.630513049141999	0.865061716097597
0.939239365624081	1.74861626296919
0.513693447215285	0.638020354659089
0.34408573980282	0.367943880595927
0.134473520250811	0.109337492673719
-0.916164570363781	1.45522224454035
0.00655770912372035	0.00514677414619964
0.777518651360218	1.07294847522543
0.371727694874538	0.372517857938098
0.0985154432720535	0.0863562677258813
0.456004068766755	0.757941590921607
0.585636738650485	1.24555022605216
0.0217503225462752	0.0250779604676628
-0.0337928849021895	0.0341912244781011
0.0592155014425683	0.0579207788816058
0.3237472586545	0.372083999963823
-0.031840044898439	0.0321129496156026
0.425158782069752	0.602952073887627
0.213624758755389	0.25695628956292
0.160159606906013	0.199331962446871
0.0129804241876324	0.0128589577006605
0.226337749589718	0.295909571473149
0.194048957475806	0.244670273120748
1.97468705919913	0.505783057758019
-1.88258357064959	0.73954899922872
-0.26383816474024	0.286815066475021
0.236829415591131	0.37419400226313
0.107939746221947	0.137757638267625
0.471808361201789	0.908048734167664
0.375772762035301	0.710351014011327
0.363035338305716	0.624877813315831
-0.0457600079364202	0.0543347674946183
0.114599896650031	0.129621460806025
-0.368276828875547	0.540340799706328
-0.0154140144223738	0.0111715894427707
-0.597673655822034	0.630993018932861
0.295600392875835	0.266847370094682
-0.0345451387238235	0.0245653473257774
-0.0841169964054137	0.0653440670359924
0.0437931170134932	0.0318451670170544
-0.0254903705812285	0.0181865367236408
0.0672197200304754	0.0514639849466659
-0.48387607453413	0.425320837551715
-1.12740447619366	1.16131738498796
0.216651510350792	0.175238789509528
0.357589364218808	0.351123773537312
-0.147437644501641	0.0902211450411839
0.441348440357788	0.372460669257909
0.154108035142338	0.154101944297386
0.559651458022152	1.00116296353856
0.0549862043714422	0.067795950199414
-0.100504186472852	0.123445298953095
-0.368821995635696	0.497327899124918
-0.147478467505649	0.147716492659142
0.0808251341802363	0.0635686941987385
-0.0107420885994655	0.00911491794169165
0.0438902071185283	0.0437847922412044
0.139642808971594	0.200601545547292
0.0243459510712208	0.0252934647422646
0.398792490954828	0.674054989503489
0.184324701984235	0.209399560930994
-0.232432015530293	0.282905347254893
0.38810375050516	0.525888022601177
0.168883488423988	0.207969107499283
1.97468705919913	0.505783057758019
0.55516320852219	0.665252366070332
0.500787068755864	1.02620926016357
0.380708796199337	0.645212491157494
0.217844908758555	0.310478327556968
-0.341172282648651	0.584292139835918
0.220490250069248	0.289289010212508
0.255575153818309	0.396282655918581
0.372586803679522	0.443027694251501
0.319301548843732	0.368917025390514
-0.143506449443111	0.106915003434906
0.97781401197017	1.19326522555387
-0.363271631793815	0.300834533917176
0.336285645390779	0.262023457168332
-0.0618567470079765	0.0416316097003961
0.64788475998186	0.617684249796121
1.26098010958232	1.37602107034688
-0.0544647689945774	0.0367811753431994
0.143391165188373	0.111888511313655
0.311776458474075	0.265000880023736
0.660489629559521	0.518662947481794
0.281902454732724	0.365458884595057
-0.174188613657852	0.166247925731947
1.18069097566006	1.56908267844836
-0.642908160794603	0.668701581271039
-0.671841321145864	0.788004232899779
-0.886629793003343	1.54332475667281
-0.141028096890245	0.190187345199607
-0.116932307023906	0.136167832967844
0.114622216023175	0.130836603280508
0.00621274865301564	0.00623473414864683
0.622677277765823	0.981604935453283
-0.115731445326906	0.105683690440884
0.373623622575384	0.593860001564235
0.548890151361706	0.871000304730956
-0.0389002809877459	0.0431167476796063
1.97676053356259	0.502874955670354
0.121533347481972	0.0814459424379417
-0.165895399381424	0.206184122315705
-0.209344370910902	0.282792348085652
0.0789240393660122	0.0821261426617767
-0.305000404168905	0.413568981014831
0.0874251532721298	0.093810195253156
0.215630660518497	0.303068154533363
-0.822847502098186	1.29339326714242
-0.510702881600621	0.546673001576135
-1.2592358672816	1.28609382868091
0.367180753474537	0.259757960580358
0.264337154515899	0.138788037945047
-0.861942749840201	0.734910313995998
-0.534412347558521	0.363600525681166
-0.766231759834138	0.661212849825267
-0.527056671710673	0.350534042527828
0.334620311182726	0.25653843134252
0.232063441220853	0.195024294825344
0.358687467554798	0.350223296411716
-0.622068272887877	0.396869971796601
-0.475197023291394	0.273047374784913
-0.623524247715543	0.39574967741299
-0.318691697043415	0.240889882030809
-0.000158038240279521	0.000148991337554465
-0.0543043681810861	0.0725551790381035
0.199461436815818	0.246242150582879
0.10585807468785	0.117222078296834
0.0586082370330063	0.0722270612860325
-0.090492141198944	0.126844452736792
-0.114275868939882	0.169453407919483
0.19788960596967	0.349390864060527
-0.0989096249432882	0.15028824157887
0.0384375387806973	0.0489290232227468
1.97380475978639	0.507300323751526
-1.81417561519294	2.31079882290325
-0.275382358261494	0.490531874309615
-0.334331158680755	0.516065379148323
0.155325602333655	0.131198088805984
-0.212686033628254	0.317723538310825
-0.261503810489502	0.527944421490592
-0.226722007454186	0.427884150222709
-0.834473115337415	1.01639057105973
0.303672474955691	0.271026192729651
-0.765332584715352	0.68405472588244
0.265174222418775	0.139742979018145
-0.72009015162577	0.431469719577452
-0.123915308315656	0.0558287485044921
0.8472613084063	0.68766439344455
-1.23571056172708	0.666645926353523
-0.163194382959817	0.066626144164882
0.089912326203539	0.037142287263524
-1.52220284403396	1.31178619001517
0.240543074975582	0.153177820629996
0.171517857256105	0.246148678067112
0.840197256334259	0.67720264792305
0.467385788998481	0.163100123573847
0.260542127414399	0.132566878052087
0.624587867128508	0.198927485591104
0.636814891785243	0.285444213923407
0.268160278405429	0.141256438276768
0.402565283507411	0.633564601473628
0.375901356794818	0.257323431089715
0.0844644592108922	0.0393498032116042
0.0834366069335447	0.0381348836121172
-0.00709526577872947	0.00422846184498147
-0.20913015096636	0.359329090289371
0.00458461383029886	0.00594314760072937
0.0343757791819878	0.0450952898125791
0.327283645414751	0.374172014413589
-0.231131741190668	0.237563825872305
0.164770323733408	0.254238135291567
0.127668668943542	0.198388495066342
-0.62244332039155	1.8372141250228
-0.393432362577102	0.919750342300676
0.0872002123684097	0.145757546484739
1.97676053356259	0.502874955670354
0.160933101379453	0.0319961864807483
-0.462639922810554	0.309040676073241
-0.342501525810724	0.577149043188374
-0.110061185461464	0.12502014670338
-0.244729654116957	0.213535995020771
0.144301349304065	0.185731703414406
-0.0846439353251592	0.141433958976473
0.122024062201214	0.19611826979874
0.826224928136798	0.796897872996776
-0.760306308732788	0.599304378193049
-0.100389347106791	0.0485547746140757
0.434670744208338	0.260909755916999
-0.586426040214859	0.23111507384329
-0.393887584749523	0.116155148037716
-0.278485017315576	0.0910434984847956
-0.835109891738321	0.344708056245993
0.241061058859512	0.327810573475983
-0.507430110914262	0.380122808450309
1.03107836629504	0.59784054013178
0.246814997196321	0.148407878112244
1.2754207234776	0.553509369366178
0.294631877105711	0.143927262674391
-0.124146748273497	0.0556953981805395
0.384165164256183	0.153408917525475
2.06478537980343	1.42499246888964
0.261993291247371	0.281334716955045
0.131854732783083	0.100420466066886
0.325738977177356	0.142358073071432
0.300538477757394	0.14274218330029
-0.187301287891771	0.113038774831426
-0.0310359578896112	0.0375019441058987
0.0283859666634617	0.0232794198196925
0.282488455364847	0.502522977303202
0.605774779036551	1.18956858526123
-0.126334928469888	0.118079242863073
0.429863591155054	0.595220527260855
-0.244143080106569	0.404801694487078
0.0325192291018877	0.0444177897357396
0.0718210364057729	0.0999005066819418
0.22411267361634	0.418561808677489
0.0317660645120373	0.0466010112327022
-0.0600954636653205	0.0745292405618298
0.595586452533182	0.819256179552185
1.97380475978639	0.507300323751526
-0.825052150636406	0.367016246256311
0.364321997215209	0.501935747988551
-0.380532354665787	0.422659198218295
0.545797203839465	0.474656004555493
-0.3467953903695	0.474782799129924
-0.042270272430533	0.0518811172662793
0.0233753233940228	0.0254484337309653
-0.352461397883184	0.220251877898064
-0.307753235510743	0.201176602949856
-0.205267340627602	0.0762137640766235
-0.46165913382378	0.195036889389983
-1.89571593277419	1.19062589517769
0.299569669387105	0.488951470321978
0.616901459658314	0.494995199208969
-0.0965150396789003	0.0463679576168333
0.37322613405701	0.140669225688754
-0.057313458428822	0.0454928308729392
0.533708321780946	0.254985229185185
0.263923720982437	0.136804939909477
-0.751951497812124	0.531534090359685
0.0768258742089552	0.0315763548590475
0.578259662904897	0.389157584814692
0.541126940328815	0.641352709245385
0.113570971076932	0.0723718833365797
0.875856867485793	0.787720689244569
0.120954478272046	0.173411992291516
0.340465624015693	0.410479947507585
0.352420879906149	0.451881739145737
0.488434567829593	0.729216257234054
-0.441335004107597	0.919957466733541
0.0689504330660918	0.0946003346205677
-0.237050686414512	0.422393188717532
0.19516042583934	0.373234741045821
0.477411225512487	0.755727971392748
0.319267452907026	0.581881407714902
0.156717287362563	0.0309763327377747
0.478927752447524	0.267522807264418
-0.0859194068069118	0.0993139015123259
0.803078149295406	1.28383931179934
0.214377200249744	0.193904664752361
0.523905771585207	0.962940359630301
0.279931196935577	0.526449056585056
0.192155025361402	0.288172325168246
-0.958271381776207	0.858318108816339
-0.177999596262182	0.108050875614443
-0.370800484226962	0.168376381985609
1.18498976026629	0.792840767617146
-0.0330493918766774	0.0188174861769586
0.169231011910155	0.19551326898947
0.229343055390273	0.153859643245978
-1.33984489921055	1.45953555738483
0.0974642059024008	0.0875989952608489
0.249596654081224	0.150402119967246
0.0922778962460906	0.0525246984118828
-0.222763115001135	0.156993917038138
0.561204474309817	0.496263824023546
0.237750072024673	0.172295672283867
0.0736172597171969	0.0595184123847551
0.135959828157446	0.178557651589905
0.734211129072668	1.0759807307851
-0.123012027356503	0.110751145779468
0.29836777127917	0.273974301260479
0.218253209432776	0.151834768706475
0.232169793932147	0.175740723352928
0.332740487234634	0.263138487386689
-0.839495780540664	0.848528723898579
0.0696844959663538	0.0851501467240793
0.35803191972411	0.548298842040054
0.292350117142379	0.450873739458736
-0.0672389919589333	0.0821418440781892
0.216240429621044	0.292148753444439
-0.15066401238753	0.198944138831426
0.367785181274589	0.594767087428344
0.321970696400006	0.525534840958013
0.64103241851478	1.32518108736063
-0.0503578214848079	0.0589459970974136
-1.78463242356912	0.426932892345841
-0.617962500852124	0.544611412638119
-0.346221556183535	0.518687654797404
-0.571620175965974	0.887609902888543
0.355495651489269	0.365444060196237
0.120635564407629	0.14035022044391
0.0959089994167016	0.122632902864948
-0.522602261330688	0.947386750077545
0.281469403240081	0.28349028534586
0.616454284476611	0.720950695175123
0.497230482631554	0.641581862142724
0.0625913909211918	0.0462821221200238
0.942239613189566	1.21496579065386
0.340147927239942	0.348110784720535
0.153006227417723	0.138872014094902
-0.673824784244871	0.925002359774728
0.857006919496554	1.08761379284276
-0.0192586443475604	0.0183531180734678
-0.117645662615095	0.120547690750395
-0.345861468933772	0.380782236375078
0.157536955142077	0.156690799809368
0.0446854980748449	0.0388233863087599
-0.40126675308141	0.498209010055637
-0.197558501998107	0.213779682936753
0.434160562914844	0.682830828664412
0.0516939053718593	0.0488839989033323
0.518470764219415	0.631109907145646
0.437655564183883	0.436575373933456
0.170156001520058	0.162194941639765
0.23125884042137	0.253241962337924
0.0662650054260052	0.0643423418933543
0.251974731223682	0.312087407967884
0.154230470681701	0.1535087774381
-0.113556931955286	0.0702510155678218
-1.5529829834638	0.82050805401385
1.97380475978639	0.507300323751526
0.936135362615267	0.248516942959805
-0.0306135183719742	0.0216893518465407
-0.0801101051259457	0.0847730283435065
-0.0629650107149549	0.0551573374048778
0.0836705880021644	0.0860203900931435
0.233595312069806	0.29447778879444
-0.300069520958324	0.322309278967861
0.337936094919174	0.258399734116463
0.978370138934513	1.17758509009318
1.65769899956113	2.00488935259665
-0.0948385861458724	0.0624047111756708
0.334810472739897	0.267218018141386
0.562153792511295	0.490119166652883
0.19027726435894	0.19673925413443
-0.657477337205472	0.485812111708192
0.150039030466483	0.130892739184882
0.649099594721796	0.940397499567457
-0.238328286943451	0.243455753045276
1.18129588068981	1.91416423155949
-0.158788880757323	0.113241205611101
0.130274510451825	0.107755212271179
0.156532139030359	0.152372157966498
0.391103451088004	0.36010459979508
0.129032757417895	0.0995184627802185
0.196569324218741	0.294172251471057
0.00287920673542883	0.00249079806743469
0.257464976582932	0.271180187814342
0.390958673541556	0.244764055666878
1.78403187530208	0.692347013094343
0.217605639904726	0.182801467653508
0.801159070062603	1.18162178489537
0.157698203496911	0.146175619591389
0.0395044424652843	0.0334019671828422
0.101802691657131	0.0971114802224194
0.610421170254365	0.478306197190163
0.330640142027686	0.251196741534292
0.131723558372572	0.0916687183911163
-0.936488288570314	1.35470440667009
0.122092030624681	0.183464518194489
-0.200264435901232	0.225759275592443
-0.168184397798758	0.172427965216634
0.518996777935638	0.459987916780072
0.622182513600161	0.592313398677784
0.922016675448329	1.08658407182085
0.81248602065899	0.857906976358047
-0.037630753060001	0.0301565144035113
0.112244763859853	0.138501881130479
0.241600189133955	0.334475475541092
0.0230894018090856	0.0259885561714295
0.285493615254006	0.401340802150524
0.180348134787187	0.224586514866496
0.281468472198877	0.472450789661241
0.663389403814476	0.60159671059183
-0.0319288210554526	0.0346264982136949
-0.128892548516692	0.132356887057261
-0.0269588452900054	0.0274620037903871
0.146859202320213	0.172329937091744
-0.0396976964065156	0.0438612341246207
0.0767115915895918	0.093157643938284
-0.728366949463688	0.897027713229447
0.315137802570726	0.257323415652149
0.82571611544528	0.960043870100004
0.429911001216141	0.514525479908981
0.787004273605768	0.663898470018671
1.73000542332919	2.53705223885574
-0.146237248223237	0.117365397843579
-0.627066713626657	0.87055213564449
0.206829325408906	0.251375132660042
0.565611186044982	0.801109170202454
-0.0136258825846012	0.0137215265520611
-0.598474557967316	0.626223327218701
0.442856846034724	0.460797948320785
-0.00547075756384022	0.00400208160798786
0.0327782160972326	0.0217722746491767
0.461858561850432	0.675848480182489
-0.0687977777319716	0.0736686274473525
0.301939912507542	0.476606261103843
0.249943073157858	0.322171412050809
0.93662806551827	0.251725171025196
0.574217611365487	0.660631951629534
-0.389385289396389	0.524668295777142
0.299964532101005	0.361677409267662
-0.38412027179167	0.457486117894323
0.0273164806480369	0.0282441397272681
-0.469965799119223	0.632366750873843
0.135271667499093	0.134515812287331
0.355059769909733	0.377419956635301
1.17228977492773	1.06045432596339
1.40410213752045	1.2648310510168
0.253942954368126	0.144545273826505
0.51396026635461	0.377658524981308
0.820860762198153	0.890975239071462
-0.85191994969795	0.873840982216454
-0.0553541962629962	0.0300205640419907
0.560876508316941	0.729139600779726
0.540491577139796	1.17947883823747
-0.586699010244805	0.959603822535453
0.343463859907076	0.377567185664055
0.1434724473176	0.118356196994052
-0.650223926231666	0.689519659290858
-0.0974388131382095	0.0646523741390289
0.584602432471717	1.34606402610926
2.75865935988269	0.81924552539881
1.56034672716492	2.35534034442064
0.0231250519134332	0.0250692561337317
-0.351602379130563	0.479330246593846
0.047685307827353	0.0412965960928365
0.446787328579909	0.674474562468095
-0.0285103786275793	0.0323156388179882
0.334950107906577	0.468255103157984
0.878180168301091	1.09944679483739
-0.0778866044607925	0.052665165555549
0.886041400327515	0.828694878321888
-0.394826173842728	0.411466199787023
0.554437122843841	0.691249388519755
0.0593867040531242	0.0434437246619926
-0.274816035764291	0.314910835582905
-0.16359037762679	0.173790252273688
1.01854947381315	1.68235392426211
0.201044579810236	0.201363567445909
-0.0114453933586088	0.00832395921890104
0.691566641274482	0.802279449482499
0.10071640437976	0.0854522659241766
0.160556578999873	0.150746063051814
0.292403837902854	0.364310474737432
-0.776573159028771	1.08492325506938
-0.226175705084554	0.236222296682212
-0.556384837221851	0.668001022593306
0.339162286344738	0.348626867698756
0.142885273494973	0.115765605470972
-0.287782736487637	0.219509500769366
-0.409343247703754	0.329703187486538
0.43733702836971	0.367853121757866
0.397817926423866	0.351192895935994
0.222514096353732	0.155709882196529
-0.943123028146056	0.93594881383519
0.575962489709405	0.720016409777398
0.140942448635055	0.118608098282895
0.252484988401399	0.283256529839572
0.473814188671729	0.676271605241422
0.42050130234321	0.511498983964809
0.315858535573944	0.382203626784556
-0.178746186888268	0.146864135778848
0.306658122647288	0.260379061079465
-0.19812745383225	0.217887579457971
0.0185681399608	0.0192332602466935
0.496657526767072	0.752090567963596
0.113258209323042	0.132793945825089
-0.180056851776618	0.174751931787341
0.0978016477592615	0.0895619613548134
-0.114094616480038	0.11673469808673
-0.246265268933774	0.235123251128184
0.128689041560195	0.0890545123342269
-0.292153990958	0.244809131270565
0.549565351428389	0.276084934192602
-1.16263957678134	1.09465726110507
-0.0958095231504543	0.0624938801436046
-0.783300680228594	1.01443578137206
-0.0631374561904901	0.0710529543472349
0.0452874755501405	0.0405030345741463
0.219642641589966	0.245996644875123
-0.364437498659305	0.354709537345227
-0.122800929842727	0.0889644437180571
0.781624920560097	0.872211754215106
0.676694931981105	0.604124333323079
0.557141244039296	0.805684073348329
-0.295358842402119	0.341098644231486
0.0248981856084477	0.0203912859921403
-0.380473333846489	0.5157791720676
0.0208528448337916	0.0215712867857305
-0.0320661243514983	0.0319554081595265
0.156391530788681	0.1432722686345
0.0411236551788247	0.0281832103548866
-0.606710605907536	0.506279071566645
-0.863630912272759	0.559858431489807
1.38864877033353	0.825917594631426
0.890001919829241	0.575497038966442
1.5681336721255	1.04462268075136
-0.215184550202241	0.121661656796724
0.0895393182286878	0.0413754136624102
0.117058161822164	0.0788227996413967
0.073321991098237	0.0946156583352681
-0.423474534460684	0.437100640536937
-0.0102364237970203	0.00741266411200172
-0.297212573906675	0.196291893060582
-0.28044005051345	0.093602107118087
1.00104526969502	0.472056239911211
0.93400551048453	1.39566017101293
0.567549213310685	0.650271036397297
0.0913518037671437	0.127550437222354
0.295136795974583	0.372317871365031
0.43064153814712	0.518805178940369
0.0168229327224083	0.0107383870482657
0.22381622662488	0.250296007855156
0.156731827684754	0.240417992050903
0.300696503296846	0.50105593221496
-0.867738354956604	0.57403394443624
0.0972138042336943	0.0524424595252047
0.0903909959633259	0.0301138324552253
0.433221282250615	0.262166748508237
0.468879749800397	0.168499787486955
0.473016555356817	0.169758973781371
0.442982200501524	0.262433310921544
0.48361022152163	0.262005477210535
0.333426471636443	0.146195637742811
0.224776416455953	0.187612812223709
-0.0468039599111144	0.062406197326721
0.52036182076012	0.567784091207478
0.555254517264865	0.546330810364616
0.578150046023503	0.37850799127629
0.389568783074436	0.239407696860517
0.484821405319552	0.254306258436939
0.533079993183738	0.781801946775872
-0.0731135248662878	0.0967622273781221
0.107944594164435	0.137960992071751
0.543790073701251	0.645163177220433
0.152469831504513	0.135439940831582
-0.0118025462355584	0.0165302015049667
0.0178019383194578	0.0249580597842925
0.272852071201705	0.419062452530467
0.600802025052647	1.10663386852764
0.481927826686536	0.265889081020244
-0.239369975686475	0.297481809982838
-0.526283147581848	0.797651763527266
-0.479442913893889	0.450314933942295
-0.0505309635644032	0.0498342775267747
-0.290640562988344	0.632697395307935
0.0797062135068676	0.122032738143548
-0.825052150636406	0.367016246256311
0.236614614034859	0.165766609535142
0.398812451346906	0.251765508553344
0.540803068022158	0.273453425092001
0.291662021353179	0.140451764743239
0.459684686980837	0.334215986863732
0.89923260619578	1.03064956397277
0.000175108384876334	0.0002912293884522
0.403721263232589	0.450985691280073
0.11026323720898	0.0655370356460789
-0.392404453311796	0.144157768850524
1.02350516387716	0.613901700970229
-0.124962734206979	0.0558483034946973
0.089706189285249	0.0297183763780821
0.440710454829264	0.263970300835595
0.249992520597353	0.361149771579631
0.349493346098489	0.362979857317489
0.164328207111856	0.259823506825064
-0.221608229523107	0.258121586381149
0.834701907379569	1.14421750446832
0.369263656475438	0.415211303011288
0.132985929594779	0.206609436680883
0.0637712509776824	0.0923026220076285
0.27836754274808	0.560197119456208
0.239530900090866	0.355307203187624
0.514728179202539	1.00644564154615
0.632153675998967	0.29425293949616
-0.11427594273992	0.116029368349633
0.530461046659772	0.621282718325091
0.770812204764134	0.907226221575024
0.08517698738355	0.0895432307133736
0.16723299180497	0.263935865104053
-0.151283354019654	0.17868606212337
-0.461118616814615	0.198462405769007
0.104915158203019	0.066046971182047
0.998336524716011	0.477586917922281
2.45883171075545	2.09300231123895
0.54558502555317	0.279094013022216
-0.472537731361743	0.270093239924592
0.255419269118298	0.145425102138196
-1.04207252394145	0.50484754890368
-0.0892309947939061	0.0429271882884134
0.220035709573647	0.161579671832804
-0.0464507521195489	0.058858253931566
0.144644767029396	0.11463845506256
0.750507606400804	0.839899341882165
-0.760991767054014	0.674486794818931
0.0988852672677753	0.0597572393132205
0.077157857091852	0.0343872240822703
0.0889452998007644	0.0411998474082092
0.280869808501617	0.141691719312062
-0.222283168775403	0.336753919701687
0.554049482827224	0.769377432500937
0.101882284972004	0.140961333002804
0.074216771557982	0.0811649992079695
0.194918144571275	0.200761367551194
0.103372467853782	0.104952483366704
0.0381547978290616	0.0506937367038863
0.184872475188134	0.260998836159163
0.218951707325004	0.351699711057126
0.471471810353444	0.521298079535063
0.0230561412388714	0.0257455765618739
0.333641621489864	0.575717255806041
-0.0877554813199476	0.115076458720088
0.936135362615267	0.248516942959805
1.97468705919913	0.505783057758019
-0.0397424757893091	0.0212889758937655
0.0956542880279892	0.102371937808164
0.0224243360749502	0.0212142828811169
0.556187261793719	0.640034260007499
0.730459933083485	1.28812625200748
-0.276187699306844	0.475725010043115
-0.057392555835589	0.0680978418982704
-0.409200532397099	0.294983526833342
0.563169589678841	0.486936370101271
-0.0652773897127267	0.0335728050833185
1.18194518170976	0.753636101808805
0.336373277979543	0.149265447800236
0.628971045961407	0.846941472117246
0.48281343494537	0.269248883630287
0.54263790738132	0.383390285834914
0.998413521025044	1.29409627102943
1.00064228948607	0.456459248937446
0.760879099926836	0.315270286829278
1.02302460518575	0.577400845295504
0.075954118324483	0.0344413025867641
0.0875093290674736	0.0290544871801537
0.298414632013925	0.145658279253567
1.04733853551753	0.877237412284614
-0.197746774166302	0.140531229118083
0.411235384925804	0.636781505223341
-0.481660210668185	0.420526382436837
-0.847610347499896	0.921168003540603
0.248626698219444	0.141452317185676
0.583745668332706	0.384485362550516
-1.04158984137343	0.53533960532776
-0.0730185654232178	0.0376632496614663
0.234379676270922	0.140356644894385
0.415631998106307	0.552061937964664
0.123447564911494	0.118455869293828
0.2784763215954	0.386418512077307
0.208412125846831	0.235179335687993
-0.489055914094515	0.558786662621056
0.614628978263992	0.828209681327973
0.0255198778162165	0.0265996917607539
0.341580764058283	0.516178687969418
0.661526542199436	1.32129323576894
0.313196318888485	0.38916682893699
0.379115430406188	0.565788463351862
0.481643409023976	0.75637880358695
0.0945694238340197	0.034884535342553
0.624325944969053	0.193381339624786
-0.405714672349931	0.248603199025271
0.517776538986339	0.630779700088293
-0.0246589919004235	0.0197702487847473
0.131917137676351	0.0900822215397834
-0.212975390546478	0.221721335091665
-0.0578449857517616	0.0601499458807632
-0.0113211924025343	0.0104535591667186
-0.255359238651722	0.133441537074645
0.0942783684470522	0.0533639670778576
0.124391283007343	0.0817716861590123
0.829260692404611	0.798557956903623
0.615785632808787	1.18990566942006
0.545398354813932	0.564993570090558
0.434432267058143	0.363890184305551
1.73420710735797	2.45987849948582
-0.120423752016884	0.114075446683546
0.886199123437982	0.577881755971411
-1.80094005939318	1.45360126256475
1.21939782893481	0.644778266780906
-0.261596746442699	0.142247773041289
0.401769601696468	0.258670430721836
0.585969103291097	0.389434506749406
-0.952601098083886	0.877743353547803
-0.612358790818139	0.650370249863191
-0.31653173982431	0.52600005463207
0.766461603862553	1.17887821734856
-0.596130422017516	0.781818691507819
-0.176509654501394	0.144747290267776
0.434477241865668	0.364642801137824
-0.303279859630529	0.25722215753079
1.15995006828869	1.03948290515302
0.111725291283519	0.0701362981329345
0.291470027394055	0.420218872771342
-0.100078946935987	0.118493309783385
-0.0610965536844567	0.067899618831031
-0.258495112296509	0.351948769948986
0.250776678784155	0.322560755843627
0.0222970253750629	0.0241758807134016
0.0604611499283232	0.0730903133543475
-0.0111644383600904	0.0122407874783924
0.178435654191108	0.252869820140971
-0.695191797692136	1.29086157648982
0.609401692781744	1.24562132090234
-1.22679896423099	0.695680159634985
0.628857327571628	0.197056680914058
0.101839206089575	0.057577219816119
0.0341687185821591	0.0343238057832805
0.283608902242842	0.329921467241289
0.418428727788332	0.449784505149917
-0.0773630467859556	0.0749456907241441
-0.00688617791693397	0.00644101738457124
0.205086087453327	0.244677400348781
0.129623367512056	0.0956145797205513
1.03468629444975	1.30386797586767
0.287119687590173	0.261065555064279
0.692974958412441	1.09914755470053
1.20581490826735	2.23523637280675
0.784299376026174	0.869494985404905
0.586043224845478	0.494624830440701
0.0633770246792567	0.0467971653630328
-0.061443106537429	0.048645441711166
0.721731238367866	0.532919376888833
0.223972481730082	0.177646375222484
-0.12949497406709	0.109360581379481
0.487915513742166	0.553839087250284
-0.068650518854228	0.0718629253449905
0.123247789748763	0.136463489980874
0.689820507479404	1.02533388170625
-0.4040868992859	0.445983748659499
-0.204465135716628	0.213060944182067
0.136268813129685	0.0999442037607706
-0.198459980162807	0.175431838734142
-0.72778205566366	1.16049676521154
0.0755792768927672	0.0784110307049414
0.161821891204508	0.223665813182177
-0.351102668836924	0.517694091375697
0.494310274432309	0.690872633372975
0.297342430456513	0.483997025396379
0.340918086407801	0.535156659727274
0.247443541825662	0.325629957995993
0.136879341505673	0.192627945359445
0.0526326369610587	0.0649422379453623
0.120557912110306	0.137825489803815
-0.399511385121091	0.46837748329715
-1.66320379693116	1.23199197169526
0.61304291462206	0.187449389511089
-0.212535069838156	0.184333780330516
-0.0586896865509452	0.0566097795774703
0.360938225456016	0.512033637746947
-0.0672960948890796	0.0656718006678166
0.240989698483473	0.320463240594878
-0.241039963362339	0.266357627046933
0.528652828014475	0.844415306740517
-0.162865689256704	0.145876350572584
0.41017565478409	0.45376861631519
0.0513090871147792	0.0364243595692936
-0.453401287036856	0.360820702415737
1.59240186416024	1.39517258941111
1.1517879404243	2.30154085612134
-0.211089340807877	0.0774020586287784
-1.00883112050014	0.612393238869622
0.723304527256086	0.419545854477267
0.615327109553631	0.495991299436977
0.096623805139516	0.0545531051856167
1.16859125070892	0.928489359416609
1.51379611328748	0.742583436825289
-0.322497588084376	0.365928619909804
-0.0491831454623508	0.0788395055465046
-0.128461387629818	0.140676917054852
0.385230691589784	0.45585658715426
0.888856718389041	0.826301549294193
-0.320318862555906	0.157963039426728
-0.37513919642174	0.176396462973594
0.264568372627439	0.139567721963749
0.248938226048057	0.139409246635622
-0.0573182887767381	0.0806842690651741
-0.280394224231342	0.375288935073799
0.000343688795524648	0.000459391304185802
-0.0172437718136919	0.0212236266605717
0.391530108768325	0.524175561742268
0.835085847854812	1.33351444101439
0.206194802589021	0.311424698769295
0.206845470052249	0.358046344315302
0.233128996122313	0.431478717813853
0.988195915952673	0.365337773621531
-0.639682584148206	0.157127056635448
1.97380475978639	0.507300323751526
0.624292267145148	1.34859035646976
-0.393543976217746	0.559887954714205
0.343755733890126	0.352664261267162
0.184966219493578	0.246825582648257
0.567606430639326	1.57492750196533
-0.163661154468351	0.252963472625146
0.107714150413526	0.0683585558986129
0.426443028447316	0.352763221115235
0.289858711280834	0.138508732922461
-1.55465829852658	0.814507298358949
-2.12796494259867	0.996271467577876
-0.582065968681697	0.230458165802187
-0.104386831978648	0.0876508010414479
0.38690849947455	0.154440061925014
0.00731587652205561	0.00444144330360252
0.399857215604546	0.24841976616067
-0.555248276616239	0.299230658919866
0.5535566974311	0.485912888125144
-0.0931089614968962	0.0450944544819058
-0.462564337551351	0.320226456286509
0.0904211651002287	0.0771957369662812
0.375776187260882	0.945486041644716
-0.0295102376360468	0.0290128904074565
0.21983374316475	0.25841373743198
-0.909989086782629	1.03528783665799
1.26652697677619	1.18218868096737
0.353293723801063	0.248447920697257
1.71272171315654	1.23818794216264
0.357911190978268	0.246807943968765
0.416811627468166	0.933938548393665
0.0486753790882156	0.0509459055101853
0.137221998406948	0.222011259111326
0.129509126150163	0.174297344918184
0.0262953705487527	0.0261103230721555
0.425375968883062	0.621017307632846
0.163590879890007	0.172128674084335
0.422831949799683	0.903641292788123
1.21254126949647	0.651277465098327
0.936135362615267	0.248516942959805
1.97468705919913	0.505783057758019
0.631600235043546	0.370493629265726
0.180138302816892	0.23841688568344
0.530676084869195	0.986049995294682
0.337495985071553	0.361769723778205
0.139073737953791	0.17005295654776
0.16816418812954	0.288203071886106
0.290606353236245	0.508530917176777
0.446300256413858	0.434230371122802
0.0481405836674598	0.0346002323372155
0.631570631302287	0.380352351697687
0.0887861071916133	0.036561118475134
-0.161281526041735	0.065148014098318
-0.570998166646144	0.285691145759189
-0.741917710897155	0.521393256156759
0.270850422926533	0.30332497746056
0.506115642675283	0.632256916843137
0.561287467714637	1.1993641393595
-0.671598278541261	0.748949209410076
0.731709198886387	0.922055418677209
0.518731331709074	0.453243843461434
0.868459727557357	1.43307475300365
0.344857634430523	0.351429409738206
0.640128127321361	0.859744170945398
-0.0552613789195666	0.0537825518631692
-0.0100493529284971	0.0103846574359444
0.0627833070326135	0.0910144224067865
0.179160358519461	0.231841553730665
-0.114783794967982	0.137429528274336
0.369982427245309	0.411782926477475
0.99447953812813	1.87883499008405
0.781148372459755	1.03426150250204
0.280233704791257	0.307988914998739
0.759389899317834	1.44782436195585
-0.119017471993468	0.186004261223451
-0.169921181047658	0.266137744628632
-0.552942780890554	1.34736026931206
-0.15857648326605	0.228371972750004
-0.180434916426455	0.282895807781155
0.0536438101555801	0.0657720214719335
0.160740188615653	0.0319518046826111
-0.10969690752206	0.101764396393794
0.102665772967044	0.130390011106026
-0.135066651551949	0.173960527430084
0.179955948235744	0.224915313452817
0.498643029479206	1.03344273333363
0.00342398032505572	0.00409833060748587
0.0947450888660415	0.136944671854794
0.292713596601859	0.366631571168877
0.314780424708499	0.366210535370028
0.979690585439276	1.25067126046343
-0.121707041229899	0.100883136292107
0.144030933844239	0.111874598184268
0.480473952176462	0.527365531996068
0.0450375033055954	0.0308850346433648
0.162661063085614	0.175578183780291
-0.322303586124061	0.744330377662132
-1.01438692630242	1.29394697084974
-0.392165602856165	0.435901673993152
-0.250249803488491	0.208115588804763
0.492097465305183	0.632570769271917
0.863509601047943	1.50857279450349
0.0304077363477471	0.0395271249626199
-0.548998059596857	2.11486860222463
-0.0414135573682983	0.0600019855687573
0.0175642186992536	0.0222516789838775
-0.389017910948863	0.587057499216246
1.02634242259913	2.05606684105004
-0.050237840579765	0.0461326314161555
0.10161139649062	0.0923567628730051
0.327333337019568	0.40157182681712
-0.324135513827479	0.898277182431815
0.843968593686863	2.300231703373
-0.194124227990103	0.31645456399739
-0.507492927836037	1.19767082558715
-0.628713470586809	1.15064159134844
0.234947503086548	0.330298851696796
0.032114495241314	0.0374467244877078
0.110558512326178	0.157141886486108
1.97380475978639	0.507300323751526
-0.287442871182259	0.308502955860252
-0.406008504658383	1.03479367747503
-0.292936761102432	0.65115879541703
-0.14549363253333	0.190871816712661
-0.342569156982703	0.7104837778095
-0.574936569136124	1.74039324441493
-0.208325714882514	0.417423701974681
-0.173575480250859	0.196710069571031
0.104481110535408	0.108935903787525
0.0850305783274318	0.070583311270775
0.307570204840553	0.254592775651234
0.215551451550557	0.166102760874637
-0.0840183490510224	0.0649895184460138
0.116828495923561	0.0807794163404548
-0.108619800855633	0.0919462839559649
0.323847339804266	0.261703356745591
-0.330099909772244	0.2787774157553
0.116051594309097	0.174612367533183
0.198938184193682	0.3321495023108
0.885484942943628	2.67121883425549
-0.168507933610801	0.256989909825797
0.127060600519191	0.180038430623424
0.601238485154893	1.63569234875548
0.0169813915749762	0.0156942429331044
-0.0626550125851056	0.0485550953270859
0.128261138514054	0.149030108404494
0.312836679998383	0.442503871515592
0.150797144335444	0.203797336562819
-0.386909372465037	0.765105873486589
0.0092752979678801	0.0113435245022472
-0.352475184637642	0.723413630968708
0.0971585343784284	0.130126484901107
-0.325697943230441	0.273932269191227
-0.429377083109803	0.552880973953834
-0.75719591266083	0.604852482550596
-0.0714657084391409	0.0485068067538827
0.217564982264238	0.210721607273944
0.260091238060332	0.288827919752495
0.977437604416586	1.18233865188355
0.379336254052717	0.25842520843936
0.231833866580741	0.152775999643259
0.956501690882235	0.822210253524309
1.00451279246564	1.08696643362279
1.97380475978639	0.507300323751526
0.135971937439255	0.0340016318793727
0.106279324246301	0.131266876290301
0.206494988937976	0.217706790676542
0.511421710137277	0.706620782556507
-0.0906040277003125	0.104928769422463
0.526177152380782	0.560500006779987
-0.707709884406515	0.693412860950205
-0.183308740959984	0.179312971543777
0.179233932734211	0.251116932334497
0.391902166774573	0.608684680941224
0.0194651274679844	0.0240915927418887
0.269039796668867	0.419464937020037
-0.0336187947501712	0.042258225971259
-0.0416172684170003	0.0552226565715706
0.150295868251962	0.222820488202582
0.293832185415359	0.520875131284896
-0.194822604721671	0.303611699212688
0.118171217213533	0.168579567759603
0.164684040382933	0.255502099761168
0.826190436721373	1.87054389140573
0.258681118496355	0.4597500002636
0.450434127518094	0.825436851712244
0.257373369847571	0.444382259330925
0.421585496110954	0.87996364191187
0.23653882853895	0.373740707818199
-0.066863705747872	0.0439004227603799
0.520377768747795	0.710256831851075
0.787687338016516	1.40717206650164
-0.155494629794058	0.184990305087685
-0.507573368639444	0.965265137311938
-0.0818751721056646	0.106692053980011
0.350348289037847	0.655569320162282
-0.184100528463459	0.250925629837738
0.229305386903898	0.145704948038824
-0.404014884734878	0.327518501286813
-0.302677908796187	0.200276806423745
-0.0554002969331895	0.0294119510581788
-0.763062048284947	0.727674023870673
-0.398417638086082	0.384578347395945
1.51667672225729	1.5260613220855
1.70384129122803	1.60649270473037
-1.03992346950592	0.520610579831946
1.00746369492863	0.48000141001136
1.58685799574108	1.41125356386804
1.17541357662971	0.917966545905881
0.227098472311369	0.16149726929044
0.088759599638871	0.0367899537009823
0.67607458304965	1.16836573524435
-0.385548117091954	0.359781876495311
-0.299165968948344	0.255793065539689
-0.171219833981274	0.181064975022364
0.447589175829	0.51493219698814
-1.53028151922888	1.03725096352884
0.420101487026191	0.366169470937657
-0.045322532833779	0.0452308449108747
0.20652989933986	0.273086162646306
0.398737254576184	0.790582295105041
-0.353051734959312	0.529150155091172
0.255335086885056	0.398360666656148
-0.3407044962023	0.640786146247415
0.350071060288195	0.632261991033668
-0.499297637185777	1.13491031527765
0.0150564426902972	0.0206535809104682
0.23536542862735	0.421802372990883
0.198363035701307	0.35587901949281
0.0960279742334889	0.136200021593676
0.405762375344478	0.887100738235211
-0.0342803968905403	0.0194831005071767
-0.455612889279114	0.532275746661257
0.119122305582288	0.114747074379668
0.21605770067151	0.30159791414553
-0.0106816329929578	0.012765058360563
0.210370887694002	0.339344301616818
0.0387349063211754	0.0543579060571006
-0.0673323102105202	0.0843969417784438
1.29023536609521	1.1154515538794
-0.537171786482493	0.603755394248867
0.219192362721384	0.157583625051074
-0.122281304392624	0.0540529611036639
-0.772925013610393	0.744637831364104
0.140566834730881	0.105580737884026
0.367669870226305	0.262380337746617
0.829316652761824	0.419936146762338
1.3921369862292	0.836676452534335
0.0920426487669301	0.0342214754968509
1.18695687133029	0.780331476074155
-0.26244081997715	0.14196212796805
0.223101496277613	0.182219703215043
0.867183938714383	0.89891989521552
-0.536420704707615	0.365802554258717
0.120486930831648	0.0834879257900299
0.464291415301483	0.166089883752403
1.97468705919913	0.505783057758019
-0.23350164786924	0.293755028668194
-0.00777577072345781	0.00648774493027101
-1.19404557304848	1.87142535999207
-0.117222180118582	0.126509705452604
-1.03051355639393	1.54566867784417
-1.07532628501021	0.977404260373485
-0.262974204251963	0.222944267270118
-0.319429518269654	0.425710712635092
0.011756777209125	0.0114747952385953
0.218750600726318	0.361811195915231
-0.124147871395934	0.189873204586428
-0.185782568920754	0.276733225355114
0.522462274395072	1.18366778755269
0.26863724913363	0.484243987761522
0.340421390278868	0.700731581136529
-0.0272717539797177	0.0381644975364891
0.326464051667118	0.712141437436966
0.149138453850985	0.265846577701609
0.373543916333443	0.814568186036811
0.142161311634719	0.245314201062329
0.316958870350029	0.45624557909123
0.368181656331076	0.754614473849912
0.225527911719483	0.345463595388762
0.257840455927509	0.425667448570654
0.11238633579163	0.160552568335258
0.228073564189013	0.154026986753828
-0.110806647081964	0.110462306750447
-0.604975202854768	0.765935777703187
0.602905616060297	1.09694574213937
-0.431068727242864	0.779604991096849
0.517578882525796	1.02251637562084
-0.463817505579554	0.903240723058044
0.085821440655098	0.102535217377483
0.106769101928071	0.0673315611566062
-0.0452236856702596	0.036371057448123
0.878710472563777	0.80749359643573
0.559961396274519	0.496631249879288
-0.111784512370047	0.0857942963526372
-0.132486907983001	0.109928399859005
0.0940728149715145	0.0506017527545468
1.03450980013753	0.720316398619791
-0.226452116122611	0.128324575121843
1.51818106119555	0.730530153064536
-0.164995205073257	0.0665695976215219
-0.85509671473869	0.47889248649431
0.450335943344145	0.360649415649714
-0.507376828162037	0.401987548817441
-0.46166007212017	0.316324138063081
0.299747181082389	0.269675217620096
0.610627054961991	0.588776371522455
0.37777694485128	0.148016390764183
-0.236045895454775	0.271255431295171
0.484005581465133	0.549918387912234
-0.533512207176382	0.528687689740845
0.12674104730207	0.137905770578598
-0.216817464058266	0.207252255256417
-0.308769747898424	0.158933278517096
0.0339507076156033	0.0231631866479281
0.815663263112409	1.39253305599291
0.254645360714297	0.328807863501475
-0.000600694279686632	0.000716717571855509
0.311229213445883	0.496711667836928
0.110680445623087	0.14638444036733
0.230012280507349	0.369288002692177
0.0993500998575626	0.134815420972758
-0.275934868851584	0.505187969057173
0.370576251881931	0.766652699031523
0.119297147952706	0.182601843507378
0.179178220246234	0.276011402865848
0.556337072643683	0.738768059274927
0.475131577202671	0.93996830544841
0.145226568679208	0.219731839277933
0.311711344448205	0.606441156184197
0.78540783851213	0.537624034079929
-0.155483074665588	0.140766527665899
-0.413146824391378	0.415377956521758
0.110258004950233	0.122749281095061
0.283572477051472	0.448332146860953
-0.105859760481694	0.146288461187589
-0.282249924017576	0.501336042588254
0.0859598517914498	0.103095475532849
-0.155875545538631	0.0955542983362959
0.479824061013858	0.467632839443228
-0.10200037754788	0.0492682965424972
-0.218445197332055	0.125275512730434
0.509224344902192	0.475555876880909
0.217170729077616	0.18364108201915
-0.534812871602998	0.357939469172819
-0.552560089337731	0.294309953805885
-0.0294974262632434	0.016700561435889
-0.993433109998677	0.701722411457824
0.760879099926836	0.315270286829278
0.708245590680847	0.511102494583995
0.000295851871210841	0.000230176318987418
0.377476041887172	0.257579365949008
0.736663588563216	0.646913294335237
-0.967056925252928	1.15130359627106
0.495593685237091	0.363110657360287
-1.15434454382484	0.790147582040505
1.97676053356259	0.502874955670354
1.97676053356259	0.502874955670354
0.0913178326555756	0.104202504282141
0.293361676043859	0.291284137308161
-0.250630681144954	0.217858354812758
-0.197471909243073	0.222329011754637
0.130822626012769	0.105645727927086
0.432386653362424	0.261438185018409
0.14065668851257	0.117582241974446
-0.0781780345883007	0.0759318544712085
-0.118334768966154	0.149223433094733
0.295702033035477	0.493445021948205
0.139048472765799	0.207712980510017
0.101041862904326	0.126659951487145
0.120382268749557	0.166277470922716
0.0256887353157614	0.0326766878587591
-0.12631166880866	0.188424117392158
-0.136532342795915	0.210891769300001
0.237060308496302	0.402471127753245
0.162184554827122	0.171520055522122
0.320496981376715	0.564876944242107
0.00536154295969231	0.00644855514056498
0.0239955041156637	0.0159045022855049
0.168071486971845	0.173374444945349
0.525212624717821	0.715881071261808
0.156410766421868	0.199145170666885
0.0225332055196769	0.0238264069538699
0.26714538582176	0.406661249987612
-0.23875040876793	0.371227450203823
0.0566137343729145	0.065781104630126
-0.406065911149502	0.250312313131898
0.0831202918001868	0.0649050738975263
-0.118173746030065	0.0764430085339646
0.686904926146091	0.632465958000952
0.273109438098252	0.287141547706033
-0.245920158142084	0.192739343735655
-0.262785312505127	0.171367038822845
0.579983577394411	0.393310707298677
0.269186847232439	0.139485265162488
-1.5298489582158	1.06579850547836
0.759496165770658	0.319872863621296
0.0940523741280173	0.053550867075439
0.667313363192058	0.69140928837108
-0.520570521596032	0.493552413474457
-0.707063788528563	0.739100056779675
-0.0597645214680083	0.0405462677268184
-0.311415351497956	0.1590712120316
0.634344475048635	0.28450714246892
0.0229810509017539	0.021175091927726
0.216447314950658	0.180701634230644
0.75872905925096	0.82276347561138
0.110391302388345	0.115012830355014
-0.109123490875908	0.102272464197818
-0.220702302652463	0.126377376926167
0.73087064914733	0.89178151525781
0.43872158928868	0.702079169629562
-0.18793507167975	0.242433814376021
-0.12219709188951	0.166924106567679
0.0912395904107535	0.129014374130817
0.431978784274034	0.694082340959785
0.419749438762611	0.783413082448634
0.672687380515109	1.86469249551741
0.717836150704183	1.67304501769116
-0.0156217997533673	0.0189809075141069
0.272121674696425	0.494973617003203
0.35507464381426	0.664927335796947
0.216641211392057	0.396884974443992
0.174136150318752	0.310410971778797
0.199078312661365	0.236529072207545
0.226444794599864	0.164963844628803
-0.301133095961559	0.337049515039755
0.512503723265219	0.708865465236212
0.219959227028786	0.282433723869146
-0.0404284406052017	0.0504465158363471
0.0817242437782464	0.105041805183684
-0.424710696874836	0.822934208341237
0.510277536822137	1.01610336050526
0.33909121380275	0.260671367203786
-1.21405234387319	1.73427087969071
-0.92654925737765	0.913918191435208
0.737197205077542	0.725777138641429
-0.48907460656148	0.592916590375684
-0.606426720098643	0.724894051898642
0.531487470224675	0.485732937180862
-0.375584978098692	0.174395200966497
0.382234158985529	0.148061833336314
-0.353668075040463	0.225661219272378
0.0916937971843033	0.0450208655796657
0.40445819381564	0.249964107803246
0.294823910515387	0.277560587445356
-0.601009568557874	0.714036509271369
0.0200393632832344	0.0147667508389163
1.05964454349096	1.00139359049162
-1.01865848858725	0.606769661076133
-0.2168756636222	0.125550368137222
0.133266060184013	0.0328944628512285
0.0711643509340268	0.0712878676709901
-0.106903198761736	0.100191252929565
-0.0243106080622786	0.0200316356039521
0.219661043460067	0.235941264331836
0.286646975072184	0.260336301333561
-2.17964807463849	1.63250062253469
0.472515020930001	0.460647670684071
-0.0519155687811548	0.0580102818460227
0.369571787125004	0.556914813991645
0.292280170312254	0.53651582293906
0.195520023149063	0.311461531333448
0.364319297930279	0.685764137091035
0.304532909396175	0.547046559195789
0.306579105149214	0.562711416885118
0.0922609272012293	0.135916569626153
0.414165182353807	0.845604634233498
-0.0817079673294385	0.124269889856486
0.446901054820295	0.976491453589287
0.398375771309355	0.808448262660913
0.479678404862549	0.932124097963745
0.215081773560465	0.376751436603789
-0.575011272344866	0.83035948768684
0.213601456935453	0.350275620507132
-0.0817367140373026	0.0763498677377296
0.148843208830394	0.126286618272034
0.211897284807174	0.204498789198375
0.605834386106743	1.08881103935215
-0.0294977276091568	0.0338003419036351
0.0316175841332707	0.0397844152582192
0.127011086845508	0.186828679924867
0.0524575407928876	0.0659519713637653
0.17301711658625	0.227746028186045
-0.442955057982327	0.347966837284956
-0.124981544232913	0.123319724341641
-0.772417736577329	0.732446649134498
-1.33642115098364	1.46128122895549
-0.197186633395609	0.158831243083495
0.0320627001371593	0.0268265775104133
-0.312796483899388	0.157772700611152
0.429081641017046	0.254966271974872
0.612513371306805	0.493037150397391
1.16811995150851	1.07749895887327
-0.214613608004669	0.0796292658596187
0.261347223243103	0.147619669224889
-0.0589289163900069	0.040197626369144
0.107246631827533	0.0656905734649893
-0.440343017911316	0.38782880055133
-0.322829654392693	0.267357159442608
-0.0509971470243832	0.0279570797119139
0.0928084312091152	0.031216186535409
-0.390243707194549	0.543183611866226
0.810187186187471	0.954894010170488
0.0640253859113894	0.0580145261028112
0.012277972301632	0.0118308787893571
-0.277743502694574	0.330315925538424
-0.257165298459165	0.138915873186479
1.02031807980618	1.20141035184262
-0.106666071387731	0.12478559844381
-0.829643550512019	1.76811741141997
-0.101580042669949	0.139019374304528
0.225929931087469	0.332767398174836
-0.0504293451614915	0.0568650546576416
0.171484687689492	0.261243198624498
-0.597116843884066	1.38382372186983
0.0478600583377625	0.0665803289137118
-0.142258874940735	0.225123525225921
0.103840157640961	0.148535410407294
0.301043024645946	0.545698324545318
0.569229984806453	1.36122048521415
0.410169814152389	0.670680477830475
0.0594505566112404	0.0802751683183009
0.219144641714972	0.230862904306489
0.0893962591473122	0.116246287021802
0.14421079723213	0.229916392268131
0.281293635460806	0.350543327779308
0.159522628744891	0.187775030014512
0.243336768447812	0.392476622653808
-0.0880055554429787	0.115873575325104
-0.0369865920269737	0.044822858498222
-0.60786467642001	1.25898347878779
0.31993721118094	0.256008820536269
-0.406089711803376	0.364961364635104
-0.536420704707615	0.365802554258717
-1.39279590360051	0.859887543541075
0.288496120226571	0.251072255420293
1.04687591427556	1.3828915829482
0.0391818018887009	0.0255267626475905
-0.376964651301715	0.172773463040549
-0.178686740135137	0.108436669829205
0.834816620363889	0.673143673520264
1.47630544950356	1.17717401272191
-0.0902760959702886	0.0430797553758103
-0.640644748138428	0.625029890295208
0.0315661834598867	0.0210890436263029
-0.0861977310004938	0.056035934325071
-0.0909478243735798	0.0917858892407465
0.480865744660399	0.542412473681231
-0.294798457622185	0.293205913475447
-0.472791031284019	0.636119262775403
-0.410759663218805	0.359298859239511
0.436764345469508	0.26264265616912
-0.0236460382962479	0.0167072837612334
-0.103016684119426	0.119230729471842
0.755424902331897	1.31635003046669
0.146860522786238	0.191678583449915
0.0485297659686601	0.05656531439485
0.358725825620501	0.534488514505446
0.681830686151642	1.73760878810072
0.194145775696659	0.280313293800986
-0.306637788598379	0.536679534734985
0.0531736468811517	0.0652636564738157
0.204990246872218	0.319262511308247
0.139402594651894	0.194401522325526
0.014924973871451	0.0188702280654852
0.0606507548863746	0.0783403112635736
0.276794835996294	0.43536956495864
0.274704867343771	0.368960382634353
-0.0927716912409968	0.0611871873373076
0.227632354068628	0.188982074139574
0.445596339643579	0.628587679028813
0.315851762120966	0.355672415851998
0.338383904389522	0.63882121338424
0.280066113055519	0.44148075107633
0.517254258133008	1.15167337479794
0.622185554772518	1.65119856257486
0.239666288527733	0.41020424024525
0.325508887488744	0.443532502721164
-0.0112098185271114	0.00934745361095493
-0.0969014014435417	0.0927507074522033
-0.358797760511747	0.589638436193433
0.0221110225014661	0.0245367140149677
0.469365746190584	0.934504239247517
0.124712311149767	0.167664219926515
-0.393148369278252	0.645888479850055
-0.247400051997927	0.194579458786301
-0.659164892436664	0.942864677950014
0.355646073434889	0.262074815020003
0.272663113675806	0.145086625140689
0.406849511216961	0.442054599600645
0.141100997016592	0.109611989574298
0.33108534342949	0.251007943933958
0.533966290053147	0.374744972959637
2.68768242853713	2.75182520611208
1.54934016408936	1.01798610559006
0.725225531330714	0.411945407357969
-0.610785813869827	0.390624867140605
0.783274987808755	0.769502052133356
-1.03983796776952	1.3176795591084
-0.161165768822731	0.116123934220244
-0.07853524151715	0.0617433826325989
0.584851149019897	0.395356840315238
0.14734254879698	0.180596812034625
0.137386514595464	0.103416735835609
0.230575175629649	0.170296175670148
0.0166123369951026	0.0146381571559915
-0.347241597588077	0.340861311652971
0.234246626913604	0.155492345599376
0.690678053293605	0.81241518959477
0.0819837577733116	0.0836618151653393
0.206287005716487	0.232908728671463
0.168728829146529	0.239538667263816
-0.308786598955957	0.491562717720757
-0.0168165426053795	0.0185841881426564
0.351877258626833	0.555607536294381
0.079901738748227	0.105602405280065
0.0472615965132721	0.058690071749486
0.123128954061256	0.169924990922037
0.0347576425288132	0.0394907628205191
0.0724047769017503	0.0679626667357738
-0.363130742755124	0.468860604191699
0.37618632002433	0.255740677895494
0.0575926682583582	0.0790834114667754
0.328374406872326	0.640212582926925
0.50054582312054	1.20891749637692
0.125985670156461	0.202352612658476
0.316060611429884	0.565369483183791
0.23668767651806	0.395523226063663
0.294937205147697	0.567420926848881
0.577246972670872	0.957198749741943
0.483055718945132	0.699935807452247
0.480899681715574	0.765031336992568
0.508979063498658	1.05843150941708
0.418712066146138	0.761422830679764
-0.0360252181739075	0.0470315571718366
-0.0514514274597337	0.0659169015690591
0.0709313853543408	0.0863830799105022
0.212169522478992	0.188502681904015
0.0563328520092705	0.0521029365702572
-0.128045036284214	0.0826023544987131
0.634113052074026	0.499766359418451
0.210125984915429	0.214048600949662
0.144126578509146	0.118827075532475
-0.0551189676905513	0.0378210163686334
1.06271616500082	0.832641169141673
0.292078663055401	0.139111947045922
0.589356441874463	0.393650109194264
0.00491152878905237	0.00294162514257183
0.205272838620467	0.172448798996947
-0.0509134516404951	0.0410181464082618
-0.273210190892494	0.210807077325636
-0.212477271720518	0.202719206245158
-0.179512881303806	0.108352410785862
0.181341220823557	0.222213741431363
-0.347507583536281	0.450139209325695
0.478540174444129	0.620491753990511
-0.00794665618060761	0.00747768133193935
-0.549359396874223	0.656161360638616
0.225581659863973	0.159368123445556
0.59975352027372	0.757319643496103
0.0875940050516517	0.107191059275108
0.390177934426261	0.611720413012597
0.195109646927714	0.315127375591173
0.0382137640506882	0.0506889023918813
-0.370860938143334	0.593744871016702
0.200383702565842	0.317782170666666
-0.00193765811413973	0.00244036398324364
0.0421824215016956	0.0595354267059463
0.136771852569569	0.220995084837035
0.205932846639548	0.355697017005098
0.0266161998521409	0.0351973619667888
0.167656314766372	0.198278846797649
0.208838476446986	0.294795144972083
0.486586446594617	0.467154006406801
0.0599110051508915	0.0805917252088719
0.222035324194033	0.345828602869054
0.27633831344073	0.524796907411566
0.167722555316385	0.279597268071605
0.15554731343684	0.238095095486698
0.0136675893147914	0.017706468821341
0.431681021063348	0.908115531508243
0.316771277521834	0.578078769796165
0.361658848923739	0.523861621428878
0.0465197151726276	0.0565573064923502
0.209578704942069	0.313035827919229
-0.153035005343972	0.224983416527111
-0.0641627851288958	0.0765940185807935
-1.12889415335994	1.17781313629836
-0.538988357841078	0.535122342412584
0.111530459788847	0.0631169467496009
-0.535494405314191	0.456824470408298
-0.0511492805420375	0.0413520715134216
0.0752367803064744	0.0590731280760043
1.17315354659055	1.55595016111066
0.233829566613347	0.136591222975995
-0.20378258017569	0.11310353715343
-0.554893997589455	0.294105744615111
-0.255148407029237	0.139651900109271
-0.0864262894473772	0.0669705215275713
-0.926156586085605	0.999018833525449
-0.154231891064742	0.126512889102817
0.32715969315819	0.25998565548411
-0.396781402792765	0.670790348528459
0.473358085365237	0.616664943027712
-0.128401839545633	0.118071281665378
0.485465114770732	0.681759734465479
0.156412896359218	0.140107964955757
-0.177168431952244	0.202455385988809
-0.14484598230439	0.182362198538687
0.254512696473821	0.410254899056154
0.37102078808779	0.628896405176386
0.16609777792273	0.198837524444815
-0.100091525405666	0.135235501748824
0.757050236990951	2.04624750948155
0.216982470431218	0.387800855440616
0.147842329450433	0.211673538111177
-0.0790776202574721	0.113607248976164
0.310736164238271	0.551329917051664
0.440340135217779	0.9406190709985
0.0506423397425644	0.0642695315293661
0.354789770333485	0.487526111010956
0.463723907045923	0.829024881185874
0.309237658478721	0.256142106873852
0.251578340433198	0.449956309947713
0.533095917322492	1.22471431438523
0.534688746329643	1.05150982523456
0.222730660695758	0.362959171263062
0.32882642999763	0.498822834421677
0.375710752187403	0.617964633743619
0.485803495586377	0.904979603396537
-0.459940651828606	0.724516578113392
0.303365673488444	0.274334745450282
-0.0464014663986698	0.0373843705185543
0.223296291645893	0.178873471296501
0.232119636523089	0.157617476802795
0.514483903215182	0.562270847083718
1.17173821893064	0.926759139573953
0.0891183691182324	0.0336026115967113
0.00823283320623866	0.0048651952205436
-0.177649321856052	0.144400945135429
-0.455218180166889	0.361521145676302
-0.605554949202988	0.499206356431322
-0.0124257464792596	0.0105737531766303
0.160933101379453	0.0319961864807483
1.97380475978639	0.507300323751526
0.258747581140818	0.324344296464086
0.00874410321892425	0.0065528509919078
0.554787136060306	0.798278502401185
0.255696931689094	0.314238216723368
0.768710181784678	1.66879581975451
0.170796737661724	0.215463033322158
0.602721847258797	1.27737213335601
0.228026285381687	0.325713568222713
-0.0783783274721656	0.0918813278777913
0.291267934720864	0.501549464764223
0.179475573428811	0.264439052378733
0.25099474698309	0.413590330403131
0.238366922806905	0.431563881140068
0.00416972537374885	0.00508702726239581
-0.236124334425581	0.379393846130935
0.438066485682265	0.956456270936298
0.434064180904447	0.809159371317986
0.200440028566178	0.301906691817552
0.154031715081576	0.235245027427704
0.215323767961041	0.33699077469623
0.375088660384755	0.728097508274599
-0.36063514661098	0.614740149551915
-0.0223666883342092	0.0238425707991336
0.781624920560097	0.872211754215106
0.848867688771457	0.686989047807637
0.84044579256429	0.658029674106255
2.85318511337009	1.87131611505574
0.629183020268755	0.286870587583842
1.90712075243122	1.14982214275232
0.587019295325007	0.393755107461782
-0.531219930994074	0.520396218481663
-0.260905850325815	0.17844819454879
-0.507127416830197	0.396558840803103
0.625894735245032	0.609509683375983
0.160740188615653	0.0319518046826111
-0.00302057089109887	0.00250613550673601
-0.192348361635228	0.188304183915301
-0.191458416495351	0.170621062839399
-0.198373551043073	0.22258565953431
0.212648441162875	0.192546035260461
0.297425159337766	0.455657901899236
0.497164587054321	0.796911594335731
0.479567210975744	0.918513447042377
-0.00375291158117745	0.00410929621515354
0.241374651390169	0.354588316840628
0.599456713872704	1.28077999890764
0.628217654550365	1.38009900447827
0.461675785630283	0.931471472137834
0.457833510988367	0.914343561960312
0.103514865574586	0.128822030839603
-0.0105252789147067	0.0130813026689571
0.188367578049059	0.301592544288954
0.285370523211955	0.506832055946772
0.289684871524376	0.565532842794133
0.158260549160439	0.263364059661299
0.51035904218582	1.2905624103019
0.404313353659645	0.76347977796268
0.547572535928764	0.774334936461116
0.388265714648376	0.596934136370269
0.256351209109909	0.39677535924449
0.328236644040682	0.529806943271467
0.203996787362883	0.304362740399582
0.274019501673851	0.437618952171051
0.117786849425215	0.075725087631519
0.234940651709152	0.172298153274538
0.0663308810730408	0.0499048181372089
0.986524217343863	0.988779608310209
-0.366011852994259	0.172792344232777
0.580726936058216	0.383888601501911
0.988307346542886	0.972629549777633
0.830391875049368	0.655099504703176
-0.231581452043791	0.197658413109333
-1.04243993102539	1.56989772559088
0.737316227825012	0.813339621171221
0.200324602785171	0.18575378392187
1.97380475978639	0.507300323751526
1.97468705919913	0.505783057758019
-0.0351046783879116	0.0369437656112373
0.0837222414759293	0.0681270072922564
0.470760043951144	0.606601653288842
0.253547436062657	0.317454956601837
0.301208548535514	0.258036652129492
-0.0493709748713352	0.0548685518446244
0.178581937803102	0.259368814505676
-0.251056224608822	0.412807992353842
-0.678554515445707	1.582710234896
0.334896100174283	0.552784026967847
-0.0242847245797222	0.0309739886275363
0.44002041784069	0.91677575401301
0.0389513552823526	0.04725058645754
0.302706618123513	0.567060164981475
-0.0768386899645176	0.0952148309553287
0.292855668862803	0.502798284211236
0.141896658867054	0.196572091137394
0.28267381766037	0.395138072528703
0.164600189895404	0.237776028293547
0.959849630187713	3.20060742775784
0.392414209928172	0.732804372824955
0.183555526581084	0.289491421450843
0.246288583949823	0.380917240551709
0.337415277299528	0.56428167024171
0.103245203318461	0.0968380141216417
0.384363825980533	0.362943060807243
0.0711842274035806	0.0705619228179091
0.392758863882325	0.54081157992933
0.248763063155933	0.334371001504293
1.02587792959907	0.61401603805108
0.755256679659665	0.315358191682953
0.476680740349667	0.256496697274721
-0.253096214253794	0.137699161332838
-0.466528280266725	0.440973776850351
-0.266433756411127	0.180352717194113
1.32024374526007	1.72364915044457
1.24426826898779	1.80810299071507
0.224009918489256	0.150210169229575
1.0344509957594	0.741998347171739
1.97380475978639	0.507300323751526
0.160933101379453	0.0319961864807483
-1.78465645045878	0.426908302872845
0.479181847286535	0.708615884656674
0.0133411242752401	0.010634618868933
0.0825195481454493	0.0344930609934762
-0.0324978994988622	0.0230652308676058
-0.0858983512434899	0.114440312748633
-0.00515656421074224	0.00589910778679941
0.0804713008343887	0.0873016071539646
-0.0536727990137954	0.0619840770193286
0.0798170049536099	0.103881346326293
-0.070703919109845	0.0900934124252169
0.389294647938926	0.681713202598091
0.345098505294695	0.661605652508667
0.207455424136324	0.312062111457684
0.0750358408383372	0.0943918551437125
0.492359900558692	0.982324086674291
0.22494680806073	0.297543245463272
0.235897466570893	0.357176093325238
0.124326706707647	0.203757135041153
0.38836456195241	0.813107043112461
0.0534243170251482	0.0731846419831159
0.0510320671681645	0.0766647250600321
0.188502887532533	0.329458601990187
0.0374538220813689	0.0376835618245874
-0.0537282374948313	0.0361966716032561
0.548295757774728	0.806009146355582
0.387865235828964	0.540145884814164
-0.237440932487651	0.290306346127205
0.458733092083138	0.851621970649307
-0.0458509416284081	0.0545348020873334
0.373634386921072	0.746806465212836
0.234441239742005	0.171035256442951
-0.0924637793794129	0.0782355206447809
1.72327626242576	1.94542633966307
0.481198702134612	0.267779292471621
0.24879708937893	0.165226742723268
0.503283263534137	0.444687064789068
-0.119693378685332	0.0771431256361919
-0.301550826147095	0.202538490036772
-0.485496402070713	0.424917586346422
-0.0529066632233955	0.0285604562571436
0.479137264361896	0.26629920759056
0.160933101379453	0.0319961864807483
1.97468705919913	0.505783057758019
0.338802126966135	0.371748907249384
1.14417779400096	2.02096807924079
0.214594815228348	0.269459581311532
-0.244231223182119	0.356464198448263
0.446807097469401	0.888992021613333
0.273601084049084	0.411690187470824
0.351028427447391	0.62195110319885
0.186720994574631	0.291625668192438
0.310130124978801	0.576697985864254
0.805272634669196	2.26518149050877
0.137962351715124	0.195604635832914
0.396312902494707	0.7770619730672
0.545573404981808	1.27498866891563
0.761977777901446	1.32805577822608
0.256683903523255	0.407970365133509
0.142016498098466	0.224778589370786
0.204634673924908	0.321581852473269
0.142492895020375	0.198483340658266
0.211416828015776	0.384905887588772
0.223218010137233	0.43028576176901
-0.0257556780713686	0.0352756085692887
0.133982723829375	0.192320956762818
0.349599513781449	0.766410467603215
0.0870198165144613	0.128349220295328
0.215158805045632	0.392943142665211
0.134455179611781	0.209687348527542
0.240322618834109	0.316069872099187
0.396330539067563	0.358219850224008
0.299581075399841	0.364783862412758
0.353612738080175	0.512043361484478
0.0355380816916267	0.0405226005091187
0.078566618154877	0.100784361781585
0.0540285186272873	0.0714615305427712
-0.0848033230856819	0.117300083906258
0.104341406112762	0.130434325538902
0.0611511623587888	0.0465952935039792
0.507846432236943	0.372501407174909
-0.00880557391182554	0.00737282566507198
0.0262696355751474	0.020811674926408
-0.254423920444783	0.174045862817167
0.657748381262541	0.50044516703651
0.478927752447524	0.267522807264418
0.577208492118636	0.381852531958699
0.776044365723686	0.665016272609709
-0.695054482347401	0.62693250064018
0.109853570278975	0.0706054792898941
-0.108347394371362	0.0816639534319358
-0.127122328680957	0.0917981241496778
0.128228309875623	0.0932329873799327
1.33100941827255	0.963647829576159
-1.78862229588068	0.423952932487382
1.97468705919913	0.505783057758019
0.139810587060482	0.0348059719484757
0.559708237189336	0.661045238394632
-0.0607235815135065	0.068783691367294
0.0284940002884558	0.0307032832262537
0.430382816070693	0.820319695891622
0.346235699727562	0.746444920228041
0.0611513206076148	0.0735917771346888
0.125734269199397	0.16343443955476
0.445458717509455	0.927277751399823
0.157899886444917	0.24268749334842
0.617325056989778	1.48721161259864
-0.0415024638649277	0.0598853846546832
0.360182900968916	0.723775129870711
0.279438243631024	0.53746610225696
0.234417668101758	0.407281584978844
0.595620380381947	1.27556168032725
0.290153121653923	0.409922570873095
0.534682358466993	0.935742530086369
0.358305399617269	0.758607132917065
0.657329948662275	1.4167357966213
0.199801660130905	0.305518229905481
0.482714512795043	0.912208063450243
0.298353824873869	0.567438026174628
0.165394546223566	0.277358314117223
0.0614838889506897	0.0977906274798506
0.222323555328713	0.410420700800045
0.775730599360758	2.26682091587166
0.459856375271109	1.08137441126594
0.0783132294824899	0.115147857427423
0.0977810905228629	0.132038216286211
-0.185443111576189	0.192524977024856
-0.691111739238152	0.629031023995092
0.406492404463544	0.569898221003023
0.0110995746016906	0.0100954345238449
0.374315900289707	0.58674319301502
0.191252721564827	0.292756691602928
-0.00919359914011367	0.011571385764564
-0.113445697242902	0.158066914404949
0.263458523804574	0.39526207507359
0.110346826135476	0.0665057915225326
0.465509263015401	0.531875561548179
0.089443628583226	0.0745600306294296
-0.0619840687600466	0.0554973552313186
0.336342266914355	0.257044349334625
1.36956663595865	1.44645240375926
0.730822840997305	0.417730586421886
-0.375247997469844	0.175690384362677
0.644108323538758	0.404455416102873
0.782325620679215	0.950924437096019
0.220066627247115	0.178950121261461
0.699670592369472	0.720528883439664
-0.291271314264589	0.24240515884452
-0.748561997608493	0.52075847836748
-0.0771180004915132	0.0390627537238411
-0.639501772363523	0.156482268783914
0.464642315894587	0.694077155417192
0.763982503928859	1.70791998502552
-0.175584863975131	0.262357640591206
0.0611800558959169	0.0780841593261624
0.538700720227579	1.06883234536953
0.000792530438300808	0.00104006434177785
0.233886304757075	0.374556798859414
-0.106298640196731	0.154549827365853
0.0485188531375397	0.061996963749181
0.0601352611800822	0.0790565247982172
0.292318534384192	0.534482818274078
0.0200163316794029	0.0269575215885645
0.216371440543001	0.383158410131788
0.498103962367353	1.01428937261095
0.432151686216585	0.622345775333208
0.170906193991341	0.216290872996868
0.8872852719175	0.819923306257233
0.77816585872889	0.930550272708332
0.294513532371019	0.466696155381167
0.149014188129004	0.230159101925067
0.16368856520551	0.22999700185897
0.138698904231749	0.183194757333213
0.508584878164233	1.15947878257228
0.367675636949749	0.870993053386882
0.00452328786868624	0.00592213862676838
0.234292308376642	0.400640186645301
0.166509477793083	0.296964635599857
0.176863230405098	0.265075018870324
-0.333352623074199	0.516197331510663
0.153900851595997	0.16564945827025
0.225557959357505	0.165713976963295
0.0688554572642681	0.0560454756230676
-0.0597336925713527	0.0576569538403699
-0.316135028667799	0.402959275353848
0.0469894954182925	0.0518629663668071
-0.0158250493259575	0.0195432974589417
0.249296423417525	0.344268027463416
0.398240520762039	0.663713114719234
-0.656366445546662	0.483711131169145
-0.499542543543253	0.598319177491202
0.471030053518457	0.253142856445596
0.020275882023195	0.0160718510354196
-0.145921930770293	0.0919334534939823
0.402013596675108	0.259645773318899
1.40996113218081	1.32579484362078
-2.10165245037581	2.17499620958935
1.1596949122513	1.0364406943533
-0.453734530087233	0.357175528361585
0.588120755790237	0.497729829770608
-1.54578197460975	1.83054484696656
1.03268499751957	0.735502160763905
1.00555868025863	0.47258947384182
-1.78465645045878	0.426908302872845
1.97380475978639	0.507300323751526
0.224460810298488	0.17050470847108
0.359843553076832	0.351706473603977
0.364219009093935	0.510136761168454
0.217214350563943	0.285245708797904
0.538506489543993	1.02010629692244
-0.129142806930434	0.173800750191888
0.548303383307757	1.01395752269675
0.322049569406777	0.548901896348347
-0.454387602295043	0.855217253459014
0.157904019527096	0.217920094887037
-0.0323846425449855	0.0405597710572229
0.114328622056021	0.1564520705935
0.165906371023045	0.248688680573022
-0.199044514211529	0.290572536683475
-0.238489649427729	0.402238374580955
0.579789633771647	1.02322923026982
0.862131353303536	0.908377447177366
0.00114666492811794	0.00145473908462244
0.560878024002194	1.06076664245161
0.457104308856385	0.828768444195947
0.40972801223267	0.671859130777772
0.511898120989579	1.12424115509971
0.31976339071781	0.482262373021951
0.0862607786816351	0.106764059078569
0.507046289516497	0.999543093350173
0.062057119248686	0.0760835601538656
0.0215384898437897	0.0224724253967915
-0.384600278224548	0.469027265768529
-0.77896015347473	0.740409856017485
0.892916651324179	1.12126033176545
-0.0393834517600525	0.0317652360555045
0.0996756947311931	0.101781390002579
0.557455728206221	0.872718328263117
0.519969201926078	1.00982940628836
-0.252302124840172	0.396006081960393
-0.666300871351045	0.942087130849589
0.0181371220619247	0.0116487647739986
-0.610948999537156	0.6509786843121
0.779725890227255	0.671361315707499
0.476708711083205	0.265452302180591
0.228609308854098	0.162451303400065
-1.38927735165677	0.875963280248989
-0.16512239693752	0.0632238197964049
0.0874133802966138	0.0362591324413535
0.384165164256183	0.153408917525475
0.838272403840981	0.655768922092037
0.116570106037477	0.0784389781606682
0.217461009606788	0.165119103907833
-0.0743000041198605	0.0378643842847669
1.27927063807142	1.26464380146416
-0.0310012154983645	0.0175159564344653
-0.461774868028817	0.195337929159257
0.160933101379453	0.0319961864807483
0.781401146440576	0.766583468201062
0.697791967581189	0.630353780809331
0.236597397927602	0.174760117370486
0.282396181623977	0.276730160811207
0.135516307363759	0.153993968087857
-0.104765580306716	0.119953214907055
0.299289442738624	0.473688696076257
0.443215499568957	0.609818444090466
0.367275677923174	0.586387068730866
-0.13209800040613	0.164133302051181
0.0563951720154057	0.0631256237797429
0.279305670963197	0.436536820656196
0.186385924743851	0.259760139563776
0.227494679659815	0.33280565172842
0.118461293109857	0.15617352279519
0.23993241430423	0.342597037891766
0.224990889383401	0.255135818211218
0.0904063196267093	0.0819768865586597
0.0819091495737918	0.0988414862434601
0.332130522824757	0.46201691895967
0.510820396994088	0.874113703958407
0.517861208215368	0.897563501260789
0.354543687416504	0.594229951315495
-0.222545884856276	0.319269673841405
0.346184136709187	0.557745710420458
0.177035878482404	0.240557937513418
-0.532646229001959	0.930370819476452
0.0448196152580742	0.0472729574593598
-0.21595278214523	0.257166978164141
-0.424041753747683	0.43876739347307
0.235826678423986	0.157271882099947
-0.416930854590379	0.487144198443822
-1.03667975022709	1.02545248935754
-0.0247309271036989	0.0206164324766905
-0.0530688032101489	0.0474257759193972
-0.0446034595682587	0.0437053106927685
0.39897448327469	0.601771617571285
-0.170401821181024	0.164983468030183
-0.50887611581243	0.382786062199829
-1.06066961594865	1.24361855900947
-0.581499498028677	0.229220728538513
0.331503157741764	0.146216703586919
0.33047780304915	0.144946383042607
0.0883241532368094	0.0296125933609306
-0.586679550092363	0.231015106598707
0.389592881434739	0.152826652396326
-0.164322748008806	0.0673068026150343
0.7240030497042	0.414820355987859
0.50048995628685	0.376437272763876
-0.0886283593346707	0.042612652306575
-0.250339377582746	0.1355573526466
-0.610181162543062	0.390943012900837
-0.827187756623695	0.369060658249429
0.38203990889408	0.151450660370467
1.97468705919913	0.505783057758019
0.516351855491392	0.448826044099955
0.608789097515053	0.821347313096178
0.149463219685755	0.1678999196139
0.339157476530368	0.397153646400992
0.549967607968893	0.786192430925254
0.00259928598153457	0.00249276272065571
0.163588355447764	0.167761393710395
0.0415811718405424	0.0396097245660115
0.727005387839115	1.25950309948962
-0.376913616116054	0.571975299899446
0.444357758702302	0.660748900407974
0.302305544267872	0.434145719097453
0.34210169804629	0.412807482449015
0.139192510289109	0.160674040270945
0.165750117079693	0.204329432079502
0.752646755426235	1.24221432176937
0.316367432869819	0.424774523823162
0.390759976836119	0.799260433493818
0.420606989735732	0.981143014333081
0.181250414044044	0.278262712608084
0.210344922190118	0.324071478157571
0.25773354013592	0.461843606613295
0.296849935060974	0.565065983242466
-0.215853849788449	0.357623643224912
-0.297597016958341	0.518063765009418
-0.525979315807237	1.00694431434981
-0.450989810340414	0.489958609885387
-0.0269271137585411	0.026512152427409
0.361101689811517	0.532665738429328
0.00359866764065562	0.00384438302819858
-0.0135782295608663	0.0155429920128676
0.300895148840476	0.447749213694568
-0.205183213035734	0.296131195094329
0.00459572040832141	0.00548795464499239
-0.779517080686238	0.860690655591522
-0.421703020636716	0.55183591309296
-0.681299695848625	0.559426641225124
-0.109261543705796	0.0695464492276221
0.0358619563727097	0.0337935482167538
0.0898195181818985	0.0786014512070407
-0.297669050449343	0.270654807660821
0.245956728991707	0.150360506020952
0.723304527256086	0.419545854477267
-0.865705854775837	0.581238246033172
0.387688441138252	0.155102467174966
-0.507985482283177	0.402216638464187
-0.554227737218603	0.594835743764524
-0.077387764913174	0.058427446759775
-0.237042135754186	0.205468185989444
0.500810739988632	0.526874493417551
-0.041439259149874	0.0230742141032118
-0.755400107417546	0.60674100625672
0.161755803122477	0.0320254240836173
0.340483339406662	0.563895476684392
-0.326516957988874	0.530308740691878
0.30085776441943	0.477737674902363
0.070083671897289	0.0895539007101251
-0.137797001394167	0.194471518479394
0.439530370571413	0.895638446441988
-0.0299469665876298	0.037950845381874
0.0748118472910308	0.0953475349426713
0.237500160143779	0.390842190233505
0.328207965212052	0.522310010298384
0.582014308405955	1.21283854232555
0.154004395026929	0.2267929423652
0.570960116177783	1.17658690271679
0.520895263845302	1.24649652450207
0.192273476769895	0.386426699145966
0.686044145961617	1.75288022457968
0.243495733693134	0.355754995420394
-0.629915207754084	1.22507678345968
0.248539879626888	0.40566826593799
-0.101784615695847	0.130499276217273
0.273691152305182	0.398862185730476
-0.145628210902061	0.211442199690982
-0.46841851958938	0.836585841404146
-0.308522680208927	0.572774429513668
0.191581969106334	0.305632581924927
0.223162596199188	0.353852862526026
0.150870718846734	0.192375446632107
0.761506680753254	1.50167812364204
0.850948310624342	2.01815231228963
0.0572042700208353	0.0701230391116953
-0.16611026502192	0.218117689921492
-0.178182484779652	0.244079251637207
0.317985758417462	0.474934804844939
-0.0508181067246573	0.0549802621161868
0.0432430707570644	0.0380706964255751
-0.576943207175108	0.767236352261086
0.291512543295498	0.336831557979506
0.0265982968564627	0.0255830613505873
-0.441016398568173	0.470755745774918
0.0597954333595452	0.0464256586445436
-0.00336937769748066	0.00232765437331823
0.377479163551588	0.436930119623958
0.0666041095429956	0.0641794387244924
0.205583410176171	0.193645003710676
0.289416965439443	0.385118497100375
-0.215455938127184	0.265102069212813
-0.259402711769694	0.423048660780377
-0.457302149279772	0.317813451237789
0.0847855643896627	0.031937397377471
0.248297588196522	0.326086832103793
0.492413026607919	0.685313730638026
-0.0384815768470568	0.0384234174273559
-0.14882523676942	0.17046779825713
0.113967910057974	0.130724602954573
-0.146784423651956	0.166573307778839
0.156799832995309	0.172957066749671
0.191603547602024	0.261570451751984
0.193966388107092	0.215552415171191
0.0633549845755686	0.0616874062901533
0.379372252285009	0.539599017532135
0.00557654474666043	0.00491004264809819
0.841811802728037	1.5347119720408
0.345458424116447	0.374990154857193
0.273463696066222	0.317104054667585
0.712824841485559	1.43667086818931
0.329284006537245	0.44586831457803
0.352288651693054	0.632497581196259
0.189316588718489	0.279724957147387
-0.0581098475457483	0.0659756042147996
0.310790707761049	0.560238180050135
0.173971360054383	0.239444078924552
-0.0840404505441996	0.107756868868133
0.0152118672315406	0.0169990246270299
-0.0160936860134031	0.0181459333081025
-0.147433217831181	0.176305357072309
-0.0939425084182169	0.115048792954193
-0.395208603920063	0.545184791783858
-0.234154984609094	0.320150823528958
-0.0485573643068298	0.0554625399935153
0.223186793800137	0.337478647806015
0.0198194414472826	0.0209591741147148
0.464383951595758	0.840364973285302
-0.521186050750076	0.552326302408984
-0.484756152025135	0.627051352992942
-0.0719573709432766	0.0557397218198411
0.371405034537524	0.366906245397905
-0.163770043147855	0.147449753546124
0.381743739579628	0.403671428016542
0.132282329513012	0.0964245723796081
0.00210582079884328	0.00132741751818111
-0.315878913300521	0.240447283765163
-0.246487542528439	0.193544713491084
0.544335696688573	0.270843581994959
0.336224334990039	0.24415408767161
-0.250459686631423	0.232021365294476
0.415854126681067	0.445911377916776
-0.776474878164911	0.90245891378234
0.0194589447867656	0.0171947894230361
-0.739386942081771	0.518708325648218
-0.29880389988705	0.144600114509512
0.936949289040237	0.252050724097018
0.219369222773916	0.240907634230609
0.702943524422098	1.11709816620627
0.580034550232616	0.897313587882467
0.399897619139897	0.546040872089792
0.598872401865075	0.90727608475863
-0.0510634902974996	0.0468278602415739
-0.223032981660842	0.282133918442697
0.610681065293025	1.10913248627184
-0.223360484293067	0.306973444194901
0.145593800411225	0.182845480806028
0.268404765774116	0.417011219383824
0.26911933456481	0.384304110179425
-0.420543570212411	0.663501398289196
-0.173775726004873	0.235627958044711
0.629896369366124	1.16078059252172
0.665945176307301	1.18076975641301
0.459094142026365	0.745871107398985
0.570814473137329	1.08943113069341
0.479258681788658	0.760908191413138
-0.414050792153697	0.651144666521627
-0.192069106197182	0.224860365729057
0.14596256255468	0.169690898200229
0.67494651384574	1.10536210307992
0.233613936252998	0.410670425626663
0.194425389852217	0.327652571263568
0.0898011980402008	0.133216579986955
0.690612675135266	1.8170422758228
0.157514695656284	0.231094824322436
0.0162074277768197	0.0179069548308734
-0.392577830425359	0.539153729168463
0.0230614978239256	0.0174509561367138
-0.0902991812413858	0.086384924638641
0.218019753575885	0.248199415167207
-0.179363416050246	0.225683336225548
0.245500882268473	0.39298609491708
-0.220405259740812	0.30831596995025
0.229809855878718	0.313660649793919
-0.0661923302798124	0.0785924105201155
0.292568651696952	0.283089266081756
-0.516137642935264	0.664847668489933
-1.08466036370356	1.17744024238458
-0.540641388213388	0.463557239806891
-0.11743058585072	0.101096050406051
-0.083518095032061	0.0720268419485081
0.487576674236152	0.373050803042211
0.1151101215242	0.0702398026647275
-0.303704937600986	0.154209873643731
1.84576030801722	1.40882597270411
0.238917158887917	0.130437225956845
-0.852877526961655	0.723767311988724
0.77183737930304	0.7609863786646
-0.0674381237280511	0.045786539855798
-0.194116065349926	0.137982842508305
0.966544275803979	1.15452440632832
0.84044579256429	0.658029674106255
-0.611866183484455	0.390807033194853
1.97380475978639	0.507300323751526
-1.17498896876919	0.34948213637977
-0.42631140145638	0.624944583502086
0.331385878624269	0.371582090417618
0.507078672983534	0.548736732537622
0.588338028919326	1.01992998917121
0.902585093459771	2.13408605421399
-0.374391482801516	0.576231947801018
-0.14928904734864	0.171187147539535
0.45828250293069	0.93917254296352
0.113634642079259	0.148072474113427
0.100205086034052	0.134708956756547
0.198086153899674	0.288104217254694
0.618509097596275	1.32995876917158
0.399985964607496	0.739084074699768
0.158904868581216	0.218818396356249
0.516503300915988	1.07268738079603
0.181592006592173	0.210251632506869
0.248864919713224	0.277284690945299
0.206843024315407	0.265863673524242
0.0847872646915277	0.0638131980899218
0.227626684823876	0.207558175678198
0.10025440494152	0.12373385263866
0.206138099074316	0.253970101665206
0.349313749055507	0.546873563508251
0.517539740859254	1.09359656506195
0.132649714091981	0.172001960704131
-0.515463327156335	0.860564507278836
0.645886845563756	1.30895094346986
0.200919828656037	0.268477474233276
0.358786802258192	0.573774938749907
0.115970321944393	0.135236960669417
0.187863060320261	0.332971201752789
0.261805067511697	0.452664595067598
0.198509770767803	0.339567611496954
0.385397108587466	0.779542745799426
0.306073798906838	0.524764375773214
-0.0562387428484196	0.0741844150231173
0.189211933152025	0.281710168844387
-0.0866747966290261	0.114825893477515
-0.420643168327059	0.640205555390187
0.0999067791506115	0.0952890429212271
-0.590049111677296	0.866417422080744
-0.526674394488514	0.789824493831785
-0.00092195771498919	0.00110320845938325
0.274391588961757	0.383838085757245
0.870377770131042	2.04606846868168
0.0487387265071503	0.0519813950607568
0.417466514634475	0.646809330107933
-0.0163699007156278	0.0117305576597053
-0.105296549427775	0.0954407597455903
-0.406538116117175	0.364868597126513
-0.0211044507979531	0.0143025332431967
-0.917106255689633	1.37449978084241
0.219373697953135	0.194805690157303
0.785063501666461	0.669420490865659
-0.147753029735445	0.0921322630608262
0.274914239365773	0.144876343063054
-1.34089662663072	0.632179419989469
-0.306540981149829	0.15781001314476
-0.97706899747406	0.829318123743961
-0.566591174127876	0.526019291654145
0.136806862365775	0.102839016714917
-0.125574776023803	0.103516267472032
0.210646011432868	0.174860569412364
-0.097768626970439	0.0478683956534084
-1.21774446233246	1.05089981108328
1.97468705919913	0.505783057758019
-0.638863462349974	0.156500619086685
-0.216177939745551	0.253710312570504
-0.61247457780759	0.799551825400513
0.155873346518023	0.148894790856822
0.589201135659199	0.739200609089899
0.632810849981761	1.21528173928287
0.0851027732164075	0.0966625999558481
0.407564623773394	0.71832602934789
0.245281252445795	0.312444227725106
0.166608572113681	0.224782943589504
0.30097784212492	0.47085459678838
0.10105602029154	0.125729823238708
-0.0894745304462414	0.113543029050268
-0.209113103628792	0.307971512555425
-0.376926161082755	0.620364357470985
0.861514309719448	1.89682669514065
0.574957635461611	1.1746714483971
-0.102212767785634	0.125583719710764
-0.0143268580512279	0.0132296765478739
-0.089944808844184	0.0921502579860039
-0.318121291650867	0.243532447717883
0.350786424505076	0.337039658249982
-0.452970252850997	0.761962271820797
0.37121880042019	0.595718886366217
0.155366082808786	0.166084014072097
0.279891305370797	0.407550663314515
0.569435789787408	1.15129357447264
0.593185690387061	1.1878823709286
-0.0123971161739994	0.013583482649006
0.112033274854146	0.138856154645247
0.135430950610204	0.154037132702485
0.279253532211644	0.389174498001427
0.293686397210737	0.424378409180313
0.293752135410948	0.651468739575446
-0.0998760788624272	0.13412390620756
0.0516153213293405	0.0658262971583495
0.152732258040137	0.186778904682158
0.313141461216823	0.493992608356892
0.579427752121052	1.14155263249625
-0.446997573899028	0.759934520308922
0.0105787430961006	0.0114249526484134
0.49277707062923	0.980672704085153
0.115562019180257	0.165294740411347
0.0613393468647975	0.080004443447264
-0.458225987983202	0.828003495383024
0.242602615608444	0.318005672119146
-0.0626940324337325	0.06614412484219
-0.0611443797029458	0.0653097076323786
0.507481487334187	0.785651458574869
-0.419588154970584	0.687992753506632
-0.0762919837488701	0.0955337055282624
-0.373986746756862	0.478484967747977
0.434090496400005	0.538638760594281
0.208673094529783	0.209391156889075
-0.0391568761308376	0.0345778898756302
-0.103892610343153	0.0900838177269891
0.359338645434625	0.447796176630357
-0.0104389953027776	0.00741828080119528
0.544264081686546	0.571312879881945
-0.44006647606835	0.391096611362821
-0.374693204990121	0.339791649888634
-0.358212178449736	0.39144108912025
-0.537718823107193	0.673204589189661
0.28816788102732	0.335250966975265
0.0112475098376927	0.0118650276473545
-0.431617903286228	0.738659315948559
0.480703968868038	0.36867829973022
0.382821295093324	0.152373368213228
-1.78463242356912	0.426932892345841
-2.57293681855607	0.711530396312166
-0.144594992399988	0.143096737027386
0.436839766328945	0.800244795233354
0.434256250421829	0.662291569631405
1.01750167756635	2.22376991619427
-0.403421731434518	0.500613051707606
-0.190039316152948	0.19163688283259
-0.0101479619551666	0.0103504828759646
0.169728374586855	0.199142998728596
0.783658916211327	1.44396908707335
0.061341108436751	0.0543386273301224
0.334391789710063	0.434874262850669
-0.106637971684313	0.118364455462228
0.332225085873561	0.365627562519055
-0.254176413556173	0.271261662808016
0.195673585349044	0.262399995313247
0.479374579774077	0.881308719934398
-0.619158385979163	1.06097824034589
-0.692556457380917	1.41924486901123
0.050266196651517	0.0563302654423717
-0.375960382188591	0.662550556314739
-0.012177619858539	0.0114351961319594
0.227806116151101	0.246273306728752
0.759063100821802	1.18182712990951
0.786024923838095	1.36887175270882
0.411874893000522	0.533637547543322
0.00910306957536098	0.00710403180554331
0.377276656031976	0.429919902251703
0.382928092041743	0.450144273281062
0.103435467997258	0.093739754743598
0.0869436456446367	0.133253823403906
0.317330029434501	0.67979163232508
0.337693590649972	0.790452691381589
0.415606477794412	0.96886670154859
0.356227083707834	0.800774955474337
0.229914938293125	0.406512894961247
0.172049291251206	0.294347147330991
0.433215473090203	0.911282504056789
0.161082562387082	0.257477560780803
-0.0759555277569001	0.10477299473656
0.417442435610818	0.780243237068898
0.404232369402154	0.753486111189923
-0.445184682406174	0.734648822618014
-0.394170190677928	0.562194703523627
0.057018379785355	0.059021582883431
0.20209281025139	0.239535578760738
-0.138864212049633	0.174703134298666
0.531931336281931	0.975472928418671
-0.561096798620973	1.11522869694649
0.620653147100386	1.30725422338703
0.222536532711617	0.277432494631641
0.406950723237277	0.533179045024887
-0.0275055436115285	0.0249852258172032
0.234785747029349	0.164436810737722
-0.116962417861163	0.0756738993969385
-0.588569881103988	0.715659408052491
-0.325583718722624	0.362054985044442
0.447410817173881	0.361428550232506
0.328634657126976	0.256372514962383
-0.0932235596471455	0.0617895755672176
-0.298623774335598	0.200324492085832
0.658499128321366	0.613637073496333
0.127407329667213	0.0921703938195023
-0.596623581951952	0.743343228059252
-0.291736778986674	0.2935681105188
0.298476198221554	0.283972897093231
0.224615865488389	0.228187826773787
0.0170547203351558	0.0108843218917103
0.723304527256086	0.419545854477267
0.586509489010245	1.05319532168361
-0.273541532878533	0.363595314559947
0.381752891527178	0.503371842590643
0.211026423148844	0.248988812295368
0.452260856570589	0.760727349880488
0.384704757874971	0.566440381598461
0.10960438456226	0.124287957034312
-0.289913904277805	0.385656702623034
-0.212580217338104	0.251773260288819
0.161498664013493	0.200969284701869
-0.319550366954778	0.444778457283661
0.293507973818576	0.453232005660361
0.102753233364416	0.131052921410516
0.389591723040785	0.661795968224383
0.436035375784754	0.837477145818013
-0.334864234634473	0.492382116234047
-0.225354892056874	0.299879989020076
0.124586359827661	0.14768361199147
0.163370319924833	0.187642389033706
0.149151689086937	0.170104992517399
0.0396456183525803	0.0339290372879614
-0.204498623074052	0.189411885025423
0.158041309363197	0.209805389757781
0.282791148196918	0.398539820391469
-0.107138334429987	0.117091508961027
0.446348449620474	0.764499430702076
0.450965071705571	0.747860529084547
0.218597420170192	0.270685174835734
0.825013361884984	1.63118557873624
0.339005040822541	0.496591818905335
0.389498459645206	0.598001987882961
0.541745814998209	0.932178179075244
0.389114926213887	0.792137483540765
0.318338092094652	0.674215559742713
0.320567182234443	0.742966392954878
0.279565835126915	0.551468476807688
0.211143167472887	0.37704518813625
-0.0576423819556189	0.0821132402340055
0.422079250452658	1.03131432022523
0.420138662265416	0.809463560006074
0.0635290677729146	0.0951864649371601
-0.241576116207519	0.432861874991629
0.0392885463111257	0.0468990901104132
0.434752894995582	0.807540304787031
-0.160818837481673	0.212515945609766
-0.613841152507386	0.689259058860939
-0.0531286402633683	0.0528140209942492
-0.308044479522588	0.392358986767484
0.156493468643291	0.175608739758846
0.444227514377976	0.756217391733114
0.103314599173645	0.138498449780728
-0.00332194565394796	0.00369218373735083
-0.0958272614308903	0.118178715988049
1.7190723931054	2.26469722800976
0.268884486578836	0.288829218149779
-0.633032103651776	0.624980681715219
-0.254352734969053	0.170664754548885
-0.937514875148012	1.33248702304136
-0.0182566974641656	0.0148674105116817
0.733733973507463	0.818350603465633
0.611872273136328	0.591570988656857
0.25948604384829	0.126785129936274
0.529822716289775	0.372884258801228
-0.850679624612078	0.471671553261638
-0.660790353226274	0.481719642574505
-0.707325524877737	0.738118598855231
-0.282864703114749	0.23540391861579
0.240517180766091	0.154619087955912
-0.21939001215773	0.211153488977263
0.343468740791214	0.437469337532813
0.163286866842705	0.163023995236446
0.224622087601438	0.209206359804845
-0.47078526638137	0.633730334989897
0.207872933993486	0.253060002652239
-0.35772917813661	0.597826864673796
0.309627545594202	0.497101391941592
0.10576912493106	0.124041223482299
0.493174864518808	0.942867396076148
0.107886370589928	0.144850911519693
0.433438429278504	0.853439900435769
-0.191987449214594	0.286700856624669
-0.0130056952344994	0.0150954883137603
0.396552207231769	0.694157785577081
-0.143609643095769	0.202836123737767
0.12436674377383	0.161029595057903
0.374254168358005	0.530066894615283
0.149863502217785	0.163145388779693
-0.00973581183004645	0.0103733111677882
0.214887870931051	0.170474919794913
0.200006270147497	0.200413746778852
0.359474236976989	0.534977309005812
0.163994938014933	0.359793142900842
-0.0671910836560905	0.124562529583065
-0.0337770268556722	0.0557738369425907
-0.217491247790002	0.390976146069031
-0.019714960441102	0.0312889155801166
0.0698619271099919	0.118170555121344
0.218947491193693	0.454663879180917
0.0867589944925983	0.139556587690221
0.0985183436255279	0.166465590554384
0.382015075929022	0.871837100543754
-0.595150382948343	1.40391209934026
-0.510451857959388	0.893981924642696
0.485070316990513	0.463380006024191
-0.499142207953808	0.748133838398006
0.226819510148025	0.283603659433335
0.0679013624300347	0.0897438583050601
-0.136670137250254	0.202236423751466
0.204014146730036	0.356253383516676
-0.446267223920027	0.95366205183312
0.183004484351288	0.280575940224995
0.566719932866893	0.493736643972331
0.296967313298274	0.330287563791874
-0.0189623576481692	0.0107347310551803
-0.611336326997289	0.5102525161169
-1.43203571528601	2.49744253318048
0.272791008749193	0.277429957095945
-0.255359120384852	0.175642771686316
0.42991921471025	0.254931531222735
0.383384494523392	0.153227399949693
0.724703637086408	0.418942909308191
-0.124731527838018	0.0562416772563083
0.0803460827673089	0.0336434728136676
-0.374931956734627	0.393122882725788
0.0680607188317796	0.0479604561842921
1.11293658660066	1.38688374765945
0.270778357012667	0.281884701422495
0.390173312316098	0.510197677862684
0.00986424029742286	0.00730379957467531
0.122242287645703	0.131824266921559
0.0857584799677573	0.0887387194982731
0.0504977085053152	0.0572288480212359
0.0484671305748398	0.0589750379880207
0.539310246659008	1.05059899888388
-0.356568445620224	0.65463911411679
0.0648317101757967	0.0914227643095716
0.0349267719834818	0.0438188701030261
-0.161169498201796	0.261420064125361
0.201754011468085	0.319791397328457
0.521621398646519	1.15438555956051
-0.186559993967653	0.293541154510477
0.164610655720949	0.244680057581177
0.7169460330799	1.13549027560304
0.37769740684895	0.515741711957373
0.157086485528431	0.23135230581567
0.187616858596536	0.290019043935126
0.00584827915595893	0.0110456143786997
0.104399124988956	0.203492672121608
-0.279532697514469	0.680734813641697
0.0788905722453869	0.148779224453721
-0.152619701997891	0.330444330581802
0.0841093832194898	0.163403662991507
0.0471304927194814	0.0806050081424924
-0.453082799129183	1.28605157741982
-0.306855536365493	0.634143834949309
-0.342685614707091	0.746618173232021
0.131950377416953	0.169814984132982
0.0941401400744677	0.0830017470864211
0.0440726446107117	0.0452076968407615
0.821820279224141	1.79071883980766
0.0168329032991432	0.0202498852069373
0.0686271043723221	0.096409132632272
0.033113488305782	0.044925126754639
0.190163820713485	0.318834652036515
-0.135499985805304	0.200777437208697
-0.386681728173374	0.360563604442212
-0.499730987699297	0.702370989345508
-0.253740598670785	0.172231470828346
0.132660767400772	0.0873930766826117
-0.204831215867326	0.195709777771747
-0.070361216596943	0.0625234477027096
0.236655325046742	0.139166412805052
-0.68619615912247	0.615606087969055
-0.159684062533862	0.065404231932262
-2.050434700344	1.40287540648856
0.28630263508168	0.134892025877898
0.360822594426671	0.256623423981807
-0.391503600829613	0.33660644997698
-0.0947571212938433	0.0624275263105349
0.167540653649469	0.164428127464184
0.175276527219331	0.231927714310049
-0.0652377228159585	0.0582405486742956
0.0956327861248738	0.0586536920902269
-0.0630394102719724	0.0490818591938494
-0.201469310498677	0.258700461801839
0.00222165305385362	0.00267789486330715
0.18055534058612	0.28235116042552
-0.0538579304358364	0.0727651512178554
0.185012839577147	0.261107169951695
0.136674059293934	0.20084004508051
0.0299568478452737	0.040952976981782
0.394589015536495	0.817685102608332
0.216885399891143	0.369457193290125
-0.604029021815415	1.45554917561345
-0.0452892861158371	0.0646626616145109
0.0468316673675986	0.0650816775941967
0.351721449208141	0.4755337980817
0.315863784081303	0.575787607445046
0.381969586526326	0.771355678664927
0.261684348589711	0.456085667608046
0.0606459195217158	0.0810092595485253
0.291545636646718	0.80806497782858
0.13791710369573	0.274843912455535
0.0360398193620534	0.0559333272275519
-0.121644611150372	0.223953267048819
0.547782113107407	1.73230760348893
0.195410486663951	0.362581438915917
-0.0460271774621819	0.0744857487943901
-0.337076200494091	0.738209729215566
0.333121142403485	0.755331679312163
-0.382091504597798	0.812295300517085
-0.229407680918654	0.290174696427932
0.0121774134546782	0.0101146422374678
-0.0940590204316898	0.103985061079477
-0.117633154975317	0.143073373244011
0.394918192689706	0.684436643267236
0.151826946067155	0.228136171309533
0.253328347943593	0.434441808622067
-0.198766158158942	0.322325413666134
0.0449428464450665	0.0518701837862765
-0.663721251883295	0.74485556548414
-0.826516604661842	1.36377733912026
0.247297692080861	0.150182566535858
0.364985892085833	0.259395852928137
-0.118111559817298	0.0878852424040516
-0.47361092185177	0.606608611356174
0.228362772621604	0.160641902197845
0.441103298833851	0.261848246732372
-0.302854549084004	0.198278625539698
-0.227689504518331	0.129318479212508
1.83743386579654	1.51646282515781
0.237269615232006	0.154385967292802
-0.223935372527864	0.17788141484624
0.23433655858445	0.171660792045922
0.622011997874187	0.509425219929569
0.21973347962014	0.21877492748783
0.11747921644853	0.117958414083176
0.0616429098641632	0.0450649417799948
-0.343169804921814	0.21862466603846
1.03177334646169	1.17137641265844
0.137010127332495	0.15086532397355
0.524509199787125	0.864530416354075
0.387259230172534	0.659885141720529
0.112803474097351	0.143296629653348
0.353815135125813	0.527567508762315
-0.149277198474655	0.195424253015074
0.339374288549882	0.658544485316978
0.0479262729664011	0.0584286569640242
0.0243455180632633	0.030131802175207
0.341106950540934	0.594419942125173
0.633161925546116	1.43626373328072
0.217085285513325	0.327433862535093
0.257330718418484	0.421337861543699
0.273208615894943	0.393184040924164
0.280297953976946	0.381562535524591
0.0682208300780748	0.0791540861938963
0.277329068739056	0.405450070655783
0.29249478829045	0.438513144507752
0.399405874890263	1.29349283954849
0.330135987086463	1.07592853075471
0.21288043626768	0.483855809970006
0.125520155802092	0.250815893946138
0.120330045773942	0.236115423740457
0.502854541063637	1.6469887623388
-0.204035036703078	0.416301723459218
0.420310906992927	1.21763685211844
0.0199933392981794	0.0317086367174172
-0.0164263397911838	0.0221759996922837
-0.46968267103126	1.0953447457348
-0.0864571590931991	0.107391431240655
0.155597005028344	0.141938921211421
0.103343861794557	0.121870863108202
0.529506743999131	0.914231304271314
0.505110406336917	1.03196656014438
0.264970075928516	0.463020536801169
0.0862694505338538	0.128517331920748
0.470903823301071	0.987493470913037
0.0459234326909269	0.0546034659941887
0.674862681603022	0.86749297041345
0.0452284089044221	0.048457098804504
-0.421102711149013	0.365333596096658
-0.328095793209911	0.276222702176681
0.0156164573923289	0.014159638184866
0.123285699522717	0.124700740210967
-0.194469615295125	0.155948691870098
0.0432324141207681	0.0298600657276081
0.075954118324483	0.0344413025867641
1.61768821480171	1.74200754929734
0.921368861380874	0.715491840004478
1.05373980976704	0.892700377762955
0.0705375495689158	0.0570855972581641
0.4931898231179	0.473963949413212
0.206019655588396	0.20244427909145
1.29732502278785	1.12369071945865
0.795976487215515	0.533459599010785
-1.78465645045878	0.426908302872845
-0.0893933978134844	0.0845444508825643
-0.0111039001161525	0.0113482691121659
0.694863359976631	1.50524095565721
0.564565703360538	1.24508146645948
0.326977597224172	0.605024995975977
-0.148626256885695	0.206941529119757
0.0178185064415227	0.0211206867211378
0.428773880076412	0.988455846429344
-0.421105756700397	0.887055966105802
0.171271178845938	0.263612191159847
0.141266540376081	0.206815256035491
0.00141708341155829	0.00178680104465133
0.210896343242979	0.334775704487059
0.1866408566518	0.290701731357312
0.303204242519482	0.518398572217911
0.212986568541368	0.272950733499373
0.0826313915740627	0.0980183220879654
1.24512430670856	1.63784634774401
0.352727761801602	0.62717648729534
0.0609617833937434	0.0798176529955905
0.340950804716077	0.63837439075053
-0.197031990049529	0.291539825031899
0.38283036114154	0.71909469782353
0.559958661670986	1.22660714841727
0.170214230577278	0.244690702552041
0.197098447157403	0.486518634596859
0.232458607495038	0.609283214116155
0.266973371231758	0.621920182620849
-0.0473986440286354	0.0824137824192668
0.214714986039516	0.469216983147155
-0.0175901391970137	0.0272550063127166
0.261522388689183	0.523121727962131
0.0829004731363927	0.135331940264559
-0.0562341810405874	0.0849311336115379
-0.143626295016354	0.241379353231622
-0.321344815470634	0.675827898847755
-0.0698097369378561	0.0861801731732036
-0.640548351073474	1.09778072166441
-0.128289065332736	0.164253120213975
0.460463393727657	0.910820035157089
0.459330686944473	0.856718942000595
-0.471089559513098	0.957625753603319
-0.0182488587253889	0.0231122522955074
-0.0698823148640447	0.0907559286319578
0.155139436236621	0.231536311691577
0.50570437922058	0.690411498855657
-0.597299474192913	0.934430315045934
-0.716391134728869	0.734681710747841
0.00903625351296044	0.00675470389566963
0.229801934823582	0.210736023184437
-0.109182996221273	0.103998044835534
0.207942230801877	0.160796276335752
-0.571289656730953	0.532825453179635
-0.616254687869603	0.39470616092997
0.0193311076078481	0.0127609367388905
-0.0927954363583546	0.0605249210001235
-0.149353120390761	0.123151638901142
-0.133086827577866	0.110640167335797
-0.0277600406110964	0.0222820067222972
0.982685489906909	1.25805771032442
0.487910820214137	0.559609552412148
0.0189105741021336	0.0120693330735487
0.481795300018748	0.267810275045092
0.101085448984148	0.101502714724806
0.421057404259668	0.513282776665122
0.172427492761982	0.20604721118601
0.44663827760409	0.685009171491442
0.354762261515453	0.539073198024466
-0.284541176853103	0.395896186636406
0.695677974425993	1.50618030282798
0.215956348513583	0.311924531894179
0.287889074270784	0.451548737855367
-0.325080536715719	0.466974315739663
-0.449293454693224	0.859281383744805
0.51056890741158	1.07608530293274
-0.0947860206154037	0.125897870732143
0.394470872076458	0.71422196472445
0.596708828088306	1.29753983916122
0.0253785351244779	0.0262165203431685
0.205663728991887	0.243925182139236
0.532547280652747	0.930754583172941
0.583654911466117	0.888537935562875
0.439411952768225	0.576694301776905
0.110649268828383	0.13429851369748
-0.20002438519646	0.25570911193667
0.0163159430096698	0.0176229481884675
0.15361318250232	0.188737308390997
-0.336414602231093	0.538119879193595
-0.392400462924841	0.564774457542155
0.384429512475756	0.547437099954279
0.202520330244936	0.272019279444337
0.270931079687466	0.617802055029626
-0.162635694378937	0.336417126198202
0.27267249795795	0.595997554598149
0.0476869795874131	0.0695666705816426
0.112259475977939	0.177294318787348
0.562736169004003	1.56813697269437
0.329713732914352	0.717737843300823
0.208076753622662	0.334567506212956
0.246135877396288	0.419985525126497
0.00974385412795909	0.0112051124589175
0.211667309678934	0.272443303380678
-0.239718831866224	0.315376554267934
-0.174075301542788	0.235129153749594
0.639354891056465	1.45059175285779
0.356942781930052	0.634972380216623
0.119056799720777	0.169925771544327
0.152463045245048	0.187488377106374
0.495420198518139	0.820955285227998
0.257590713521855	0.298078966433993
-0.270908681876423	0.329959007025535
0.134207636105895	0.112221954887798
0.224106963236078	0.198952287215624
0.588553652075023	0.784819277981301
-0.106980102016309	0.0896233919829907
-0.626945980047536	0.733167679315703
-0.0349457422215066	0.024813007945935
0.962795199711176	0.850544117982179
0.336286171388089	0.245434861877653
0.987498137693725	0.964500228620296
-0.317690942525064	0.240758619918981
1.34954134880207	2.23345422548972
0.031966437936641	0.0267885859831987
-0.188496964353187	0.165856350196401
0.206453950823009	0.20563394850059
0.348863853651292	0.26970248116082
0.630184479189333	0.285239430641575
0.161561791226678	0.0319809243486957
0.161561791226678	0.0319809243486957
1.97676053356259	0.502874955670354
0.135300965161014	0.140838209916233
0.269397698648786	0.299577835509503
0.127391338974877	0.0996150485827747
-0.0166734522424314	0.0177564149414038
-0.30396826372378	0.421987544159472
0.497201476772649	0.842237573136352
0.112717124870434	0.136918818448052
-0.0946113038638252	0.105257274936216
0.231984506654491	0.344060868896155
0.373181963480615	0.510229240038683
0.185027651898413	0.25630027435826
0.00351271033343023	0.00349653170469973
0.106712201676777	0.122705200052767
0.340097706406323	0.528954623692945
0.00367455118434746	0.00382273845803177
0.0642267546520659	0.0718061853645907
0.24246685880224	0.343654295050146
-0.247299126977635	0.335411141767706
-0.286940500671269	0.349526865536524
0.823501146956492	1.5207118129043
0.551489639062656	0.850376432571851
0.936739654716124	2.26454431982206
-0.212282406269608	0.237162108991295
0.261111914088269	0.380351026563707
0.250670204077843	0.349322600872772
0.0272958417027354	0.0261581934966831
0.280260952228496	0.373120584356428
0.285404812791715	0.419663618511565
0.324156281286136	0.774009641523233
0.421984505944179	1.30773056289393
0.344076696158038	0.783210381198993
0.0778909825948817	0.125589721008466
0.501935139026054	1.16045156644593
-0.0383910142943252	0.0554414056973818
0.454588732140003	1.02742715626619
0.0261589935328294	0.0301898786183579
0.604170833791215	1.4009081735572
-0.853355493968238	2.65569364137841
-0.0561488312908787	0.068704403471964
0.232169423049303	0.368665325668447
0.187269719419552	0.265809434838625
0.498054807601242	1.00197930668427
-0.128970808348862	0.17206332714135
-0.0015327330396055	0.00173504592321528
0.461514117729948	0.861747082014707
0.0973624918852985	0.121133813191861
-0.580419175392784	0.981510417116097
0.144588496269111	0.181305839526134
-0.0950539739379307	0.0824181548354223
0.000506647761389983	0.000296451826640419
-0.31762913822869	0.418255270587638
0.118909446132691	0.130115449393949
0.999009010356071	1.73095917514021
-0.0109750727492126	0.00797443723674518
0.0652687789364765	0.0476541359651876
0.227243118147017	0.194181258332052
-0.277493942138235	0.215259318714253
0.224196130724609	0.242722018093877
-0.360491012766676	0.432480439734034
-0.0423363034252306	0.0385001504494721
0.176961180015669	0.188816218702048
0.150728566270711	0.194030149367408
-0.170227711088632	0.122001811019765
0.387688441138252	0.155102467174966
-1.78463242356912	0.426932892345841
0.230562430631833	0.267912379955829
0.0693513410937406	0.0731630133804831
0.204913298889014	0.255233818505877
0.615580725713579	1.09418623285453
0.37753063731534	0.599374949341874
0.933695758914615	1.55283072439529
0.911148376537989	1.72941659778828
0.606453760092215	1.13052653046
0.564667624673691	0.923473106224797
0.20776802246533	0.28951578709003
-0.0249453374354607	0.0249550356350259
0.285337671337003	0.401180400419592
0.176453234415653	0.22015441516953
0.215016362396913	0.276569503946935
0.202470536636323	0.255786335077861
-0.28055057319664	0.424712762670265
-0.329478014714688	0.410751865510052
0.25742236372657	0.335272315571872
0.397084554480797	0.614665055756935
0.317306328266463	0.476936765237648
0.3711334793009	0.515172827952024
0.360187546143378	0.511771319261479
0.334934740099184	0.438480365868181
0.204198496663293	0.2266886581895
-0.436009065973351	0.565566149205142
-0.365115094285905	0.461616936649111
0.110015851752459	0.121290627412482
0.237867690394053	0.563944324333043
0.253353225079936	0.604946294652453
-0.0561971735757641	0.0846946463032512
0.474952627187085	1.63581740026091
0.676005427206976	1.68408854164369
0.471888439097879	0.977629347906088
0.148423788337856	0.219198354714608
0.0787663519365646	0.108867412033919
0.382521856986457	0.715970834033335
-0.21680433732083	0.311639060953461
-0.148559829006838	0.213603999276572
-0.242633148974277	0.472771898014865
-0.246420591189089	0.56111739664667
0.031803463668448	0.0386388397244642
0.312768118636347	0.548355182898398
0.179364277088592	0.222390529734781
0.414843144411299	0.774714957969179
-0.118082767252273	0.144306426426895
-0.170545458055963	0.215910444557119
0.408011372242289	0.730827410671691
-0.1908696759489	0.324076144903547
-0.00243026728932757	0.00244045874837537
0.102403851896256	0.130055715063346
-0.252969626240465	0.341555596018144
-0.228144838906278	0.254676316123502
-0.30299097109349	0.343993652988684
-0.911971110927548	1.62239758007703
0.163807137335043	0.191547909625217
-0.190261285971577	0.234522705084981
0.381846948063342	0.591000446743642
0.223010043079137	0.251067391409313
0.266380068363305	0.360790566311137
0.389815086811562	0.538472038837977
-0.191126509116622	0.240230402882861
0.268938214089795	0.427808683112774
0.134406679374261	0.195631669103161
0.230308642728025	0.148793929491093
1.49930598321088	0.706993660597526
-1.78465645045878	0.426908302872845
1.97468705919913	0.505783057758019
0.126237426903519	0.132279560152525
0.1171752491146	0.178171060468216
0.405608395930228	0.69041529765512
0.126143573970411	0.181709891060723
0.403890198814815	0.868207824072343
0.513028252173416	0.857575827908166
-0.0767996034342282	0.0851440354461313
0.867138542365527	1.78865403645122
-0.320635554188434	0.320928936519248
0.16172310680688	0.149215007567599
1.06667170261688	1.80853557135482
0.926143007714803	1.66147953971426
0.668689022150303	1.02602528957298
0.0634391987178113	0.0587112536929108
-0.580400262570598	0.76966691649703
0.0501930007974463	0.044406769494428
-0.245643810898556	0.247905035487277
-0.246713793005387	0.270003865102112
-0.0636016083440339	0.0732128029722021
0.184295076742626	0.252492298377784
0.930313306217091	1.97500459445678
-0.165315888308069	0.251828942258193
0.029834917193733	0.0379577949620503
0.35082711093415	0.457612423407685
0.0549145401667551	0.0484807704319018
-0.369318469466785	0.384900774591164
0.312696033892143	0.359911282143729
0.256591087599318	0.286438602746746
-0.0994570493311052	0.0857978385715703
0.153966977113744	0.139120000672497
0.647329293379776	0.871788830028767
0.483884883276941	0.616554961322819
0.274176980938309	1.06413092922453
0.274388026978052	0.75102004665992
-0.0148955859563531	0.0235375185863941
0.158714853608605	0.304512934965524
0.0848056118917746	0.152769712797401
0.152600359599366	0.23838659271945
0.525491513932974	1.40614669892817
0.233528704137703	0.41341021255298
0.160151345323167	0.270952778500541
-0.0211955370003102	0.0253692441629462
0.701536862734642	1.75674402303491
-0.00425554345696772	0.00513340638657402
0.0465806759875314	0.0631255221584634
-0.217654072791693	0.405123876274039
0.165445277985667	0.258375280675982
0.352883293984081	0.597226959610888
0.249989274512566	0.341694242870575
0.55499520400755	1.08074282837864
0.0306046331144833	0.034700525711385
0.326374214431606	0.453617045504252
0.0495556132437315	0.0545678572478484
-0.117897067756808	0.173151319750616
0.0346848856387259	0.0365928771893748
-0.40523752085715	0.566928465081693
-0.0818808375359844	0.0839171805160926
0.628994247290153	1.07853605166962
-0.014788215528819	0.0138117784569809
-0.634015053867955	1.04234649070279
0.21600509837287	0.230909788529301
0.502377298451333	0.722036717175749
-0.163693316992382	0.14663248323345
0.0829750874376891	0.0680691179205959
0.0984668922749053	0.104678181676282
-0.14817895655375	0.148377390386295
0.795453691884982	1.66318872369796
-0.156630658052955	0.1944143083173
0.110785110027511	0.146703799511496
0.402768385018072	0.257229942998456
-0.451918839174088	0.193891530582858
0.873050196726122	1.44305557769449
0.412950888512329	0.61199941785442
0.351865971377485	0.488194417228633
0.203140760859303	0.242924739700288
0.184361868310308	0.228039059388666
0.160640394860698	0.188132038279568
0.478993443770978	0.681468652959863
0.394049501849246	0.452754886066332
0.310677621629347	0.399096519423862
-0.00656064136735179	0.00615961294022772
0.00729751096851205	0.00659058660938368
0.302782148993129	0.366512232763046
-0.0189477448901668	0.0157432885952452
0.563222472404515	1.01523310910183
0.247014219193042	0.273549234644303
0.592000122282749	1.03155106559936
0.0834070542573624	0.0893767664426075
0.0311102286325179	0.0362911806206636
0.170498432587165	0.217014190252605
0.0272987229668837	0.0301498275421716
1.15893667986838	2.60600188843143
-0.222268080277278	0.246260909665515
0.479034334224825	0.542529963785016
0.527801975049744	0.746130823898658
0.370521170890046	0.445289394438637
0.322774465222545	0.453090241119463
0.33582497835932	0.361775783668187
0.487885447760174	0.627508643857056
0.3165813206839	0.36467550005084
0.772754164098272	1.16153888885653
0.288339386484577	0.808369623142013
0.111531730204266	0.23776903836231
0.366075092544682	1.00568248747854
0.375262418609188	1.16740070194295
-0.317925228002714	0.660530895981603
0.138724152739697	0.250279011432556
0.0284032690922123	0.0401550572556499
-0.04128757116221	0.0574017391867003
-0.235524840105507	0.398080685454337
0.101400914136842	0.136024631191771
0.147640632850909	0.215814024387456
0.159851477431436	0.25833150707695
0.158528414246733	0.267082218548881
0.107282622959184	0.154469088782404
0.621509997125247	1.42077773928299
0.262060308798297	0.428684112660537
0.357868155106507	0.510835450346289
0.0802647430873765	0.0985652708361362
0.272037240787292	0.419566681196097
0.194643435701517	0.255656973820855
0.183254964387226	0.299989551828613
-0.0801934513985554	0.0934998627746057
0.203575557418749	0.237407270819913
0.214715916246826	0.256109578919751
-0.326811235323543	0.40592332139593
0.384676988157079	0.519312161491549
-0.037231768443924	0.0337866312716012
-0.436824314098873	0.449590651665393
-0.128951237031558	0.118567339054497
-0.476610905646335	0.633062176169402
0.0102064755309675	0.00903601248285999
0.0159430153952173	0.0139677426916036
-0.71359731033715	1.09520042225729
0.153461262248039	0.168350935466065
0.380578804794075	0.560796341617371
-0.0792949345779363	0.0976411397620159
0.343582044746979	0.254551316778758
1.42543399485151	0.471359578920945
0.135971937439255	0.0340016318793727
-0.00363238100440932	0.0029771801965942
0.220823067721925	0.316576075304544
0.34735367775279	0.540532000740756
0.341481810128705	0.462757401710634
0.515386200570076	0.855700548276558
-0.0462596789313427	0.0497675720321538
0.890984108533571	1.5202792520501
-0.10403012749233	0.106464549595392
0.0219108028719235	0.0225608653127744
-0.102930900184575	0.120235342285646
0.606775943114085	1.11817338093083
0.642670494841106	1.16637888365616
0.809449737507779	1.72585399255482
-0.624553767831906	1.01796656436686
0.199106054608397	0.236950082331482
0.897732691669645	2.2280826718848
0.188330830755886	0.273831138810217
0.350135023591607	0.546755589468052
0.00818743003688039	0.00885294059242371
0.12697184739137	0.164978397813804
0.266429956199066	0.405884496142887
0.377799120798406	0.529397068487501
0.267044382462995	0.29795386632366
0.0942943738039062	0.10450538440854
-0.814066521734709	1.44623716785321
0.39689112654637	0.508740519724346
0.0713182850970321	0.071393701976951
0.21837254546873	0.650781597812496
0.234540400265138	0.686563238271363
0.183816298958895	0.42440064732952
0.351273714191803	1.00429028716451
0.306137868728818	0.75431411207293
0.0078297299838465	0.0115905525558121
0.348437308436634	0.849441734196187
0.202285177623612	0.42191171075731
0.144809218828613	0.272299169374203
0.0429174078580725	0.0640820651499622
-0.130728104505249	0.230525707473532
0.264888877078539	0.460643943231439
-0.0449551419310516	0.048018601739924
0.152452120055472	0.197488745175913
-0.150281800219034	0.179459500403403
0.219749455343144	0.36212604489807
0.629400052639715	1.64009023465403
0.112577257306699	0.152980165892682
0.0579294776052574	0.0743435958819276
-0.0222750585977254	0.0181233231029056
0.526334467648139	0.469345513051752
0.318161969274842	0.362371545100308
0.196587583973502	0.189756522756119
-0.40536706763528	0.388054533587503
0.397797501481998	0.361834419960185
0.116937580406328	0.0746410261148282
-0.535801501993046	0.458765128313749
0.999670573803067	1.06828443048627
0.662151414045456	0.702745146622877
0.0149221913691596	0.0120237942471946
0.0521551056214079	0.0370631753336467
0.286268659648003	0.29032417443611
0.321470760388717	0.385091625872618
-0.259735517293383	0.140395731243877
0.241291413621841	0.14416874490803
1.97468705919913	0.505783057758019
-1.78463242356912	0.426932892345841
1.97380475978639	0.507300323751526
0.453020277371754	0.687447990662196
0.945818030891841	2.27285833926584
0.353898669901751	0.546136885545376
0.402502620116745	0.600155814285463
0.389029049107799	0.554181383031679
0.35860931668976	0.602380424369456
-0.0265160580201173	0.0303376427861979
0.0545763697851294	0.066198356728255
0.423055964557883	0.673940720983843
-0.214184142362125	0.326091730144621
-0.242959850856878	0.336219617195657
-0.312386619449047	0.519344293820656
-0.315159454220335	0.511984484378318
0.160719761807359	0.165322095089999
0.528382088469666	1.01966825697957
-0.573186585668048	0.649970490184849
-0.194171187350703	0.20517248382534
0.532822010184611	0.957185580099846
0.427962744331776	0.638589389277013
0.174510246315968	0.23367916989972
-0.0680300348165842	0.0784026896847523
-0.2266296888527	0.26016434565337
-0.0959708129208843	0.110052236185892
0.351648908314347	0.526466786769397
0.215996551464447	0.321743251883076
0.475720983190295	2.49757518813552
0.327620838876109	1.35153357779573
0.513641907145727	2.28376601704933
0.223972260725451	0.59870055597624
0.412994215670312	1.42087411342993
0.301730538692059	0.854849414464493
0.255752192198591	0.653936327758012
0.0226175749938617	0.0405024875239755
0.228425735806823	0.554463656934904
0.0215195718170091	0.0340449155163103
0.1956365475679	0.383605466352321
-0.0219313822884039	0.0202134967251466
0.0268977922216822	0.0287308120741781
0.480882509692658	0.785395812213548
0.820920215596849	2.57579200591232
0.665859788855479	1.9709366393829
0.253738169430998	0.493828953792046
0.0508028922431417	0.070867196399345
0.476931315748252	0.614729914664758
0.12196022566595	0.0818845990659753
0.373157912774037	0.25023092716827
0.971435935742338	0.84047550894166
0.579942285076239	0.492557105252264
-0.251583737423971	0.134451336233014
0.517186816632317	0.372333164967896
0.221880233827905	0.164432486675194
0.296452988988181	0.258241633845587
-0.0359908999811903	0.0255255683137373
0.073418698772437	0.0572420085761321
-2.04179088801814	2.52389753664318
0.082670686369278	0.04137223872567
3.25636558752832	1.12163392591813
-1.78862229588068	0.423952932487382
-1.78465645045878	0.426908302872845
1.97380475978639	0.507300323751526
0.294885467456487	0.406197592367267
0.29675682559663	0.47870406643994
0.704775696319748	1.62442651039285
0.800537387952849	2.03792226807259
0.292187784605577	0.542230660048391
0.0660945017414657	0.0915948070641789
-0.467952657937597	0.988136508578489
-0.0660193134858664	0.0846722799389296
-0.247435623941559	0.380168543527377
0.189163559941967	0.264636747117578
-0.0931010850133778	0.104066492406017
0.220537602939733	0.299216704009335
-0.0321351123663862	0.018377937753834
-0.3025158811311	0.293169650664268
-0.391561449220259	0.628166828003572
-0.0652565813257886	0.0799410709110721
0.219480363097253	0.321651847632281
0.203276475816702	0.304485662025669
0.0842819881621831	0.107990078197486
-0.0964253125796805	0.133011965126927
0.117973117296282	0.145588619436103
0.21202100586892	0.315090068859667
0.493746012076706	3.5766798289402
0.468784347995892	3.11251875884235
0.278652812035475	1.10027291809135
0.244701082183459	0.855898425262886
0.146858833886673	0.38435789138281
0.139357324526671	0.345948869188351
0.357810984243278	1.06289415460124
-0.00940600634627439	0.017092671045432
0.165528891930309	0.375099617606183
0.129904774317371	0.279108026835222
0.00853258055261023	0.00927182348979025
0.186741654047423	0.334175325391119
-0.0410428644537291	0.0552864283035859
0.113917098041101	0.198699403686256
-0.260302462452075	0.562062387138964
0.0215431905486431	0.033150055412767
0.113078011367286	0.19056441408421
0.170025170457102	0.30627933047616
0.203859930234381	0.209516343149774
-0.0732514648530563	0.0805029544384809
0.270183693857544	0.302801995381012
-0.042130150338058	0.0339106337380829
0.141042196893875	0.121662196269172
1.07391087984144	0.996127043385887
1.40615636993181	1.32143255713857
0.511032361558211	0.473691147183158
0.617642026222077	0.602554494374881
0.40784749522339	0.445184415791575
0.357786377076662	0.362468344381692
0.489809240849124	0.708074088960857
0.142629095184168	0.110947384916885
0.647438907299366	0.403620746931372
0.160933101379453	0.0319961864807483
0.58010907376742	1.09415100852127
0.290144213875008	0.526860688392731
0.295067571189337	0.526087997388646
-0.120954004329638	0.183677466538755
0.304316890328925	0.55623590582593
0.464784693547493	0.939904460293175
-0.00418048210740297	0.00514252046276966
0.167376553160578	0.235168592902951
0.233577574823992	0.353250873776009
0.327202051767017	0.349098669964889
-0.885595639037857	1.58892335922404
0.0592429004201769	0.0690724198462458
0.0458993262018088	0.0532906050919521
0.679451881818643	1.66767111367005
-0.192243472263505	0.28734845412298
-0.312303184460462	0.541902379243856
0.0422780023273049	0.0552231587006198
0.0796506814228754	0.102279841941769
0.237576381333627	0.527265396004578
0.117335790905241	0.200959892800633
-0.0041403953146351	0.00749655061293575
0.0204978161389646	0.0320448384036441
-0.199323674567892	0.334256036801198
0.0699069486276576	0.0919021397945674
-0.0629774202960901	0.0741729642178648
-0.12061551923898	0.294672138172964
0.0198992162923831	0.0253951472558598
-0.517016993762971	1.41584091712354
0.136382347861766	0.203237708659835
0.357708240181477	0.720112743612887
0.371774641079168	0.697085900116209
0.408649048203626	0.827330933739547
0.192016747435231	0.280127579677611
-0.033617870536	0.0474074033054185
0.340853344041457	0.527339172985704
0.13679346817725	0.105464675836043
2.76538804072366	0.79655805473969
0.940532538397073	1.69655295561772
-0.199352374688296	0.206963183963643
-0.983155579792084	1.40516385701849
-0.345623090379233	0.36292970255488
0.207641626629475	0.221654504680738
0.393063698842263	0.438471718872187
0.119711941774781	0.145307144077527
-0.128695545730906	0.207495015643178
0.355776640947029	0.52500640355811
0.0741774822138684	0.147279489715757
-0.195785344205399	0.386616207191443
-0.20177262698793	0.369120160095144
0.0191295004954876	0.0146761682552438
0.285846075470911	0.277930656431867
-0.55748427229978	0.596327485021156
-0.450627427522033	0.490290739881145
-0.371606564151727	0.414580473317584
0.151850719297591	0.135422915113736
0.157361743120359	0.301809000988332
-0.0268368571610001	0.0448050193367932
-0.0120860784887752	0.0144371904546083
0.198099841826182	0.216525498207358
0.243520244067674	0.280598747087796
0.688904783016081	0.801367158159062
0.662500700052106	0.697944065624898
0.290218206012145	0.27577972227019
0.149263024089599	0.218125404836409
0.0374881544375443	0.0466918142824232
-0.0736070472100247	0.0807533902837784
0.338423657403272	0.524091429050934
0.0516517336368934	0.0630537922032943
-0.249440356808456	0.365172791570116
0.103868562605569	0.148715554703133
0.0299779018802588	0.0376390663362272
-0.05244396863582	0.0659624413691791
0.47934582320732	0.68134728021974
0.239272007875827	0.309460080364315
0.849462652170217	2.48451153601832
-0.047728285482391	0.0518444605090313
0.411070478376113	0.728616228089704
-0.214249189996327	0.29578164919006
0.373190901902152	0.568645880509102
-0.0552556272533948	0.054572202235529
0.184164788330056	0.25374215447436
0.101853638312298	0.117254067099455
0.393993349311147	0.609240615137042
0.371499672141364	0.944567105644827
0.141257793228678	0.278114476123609
0.109018599419492	0.224755419141289
0.539607612486832	1.18933121481519
0.31097413856253	0.562338325493995
0.381116474499394	0.741066383100072
0.567296583183324	1.36847393883224
0.180572862923529	0.302277118585833
-0.231269732826713	0.414446143204072
0.166600994537879	0.27000926084626
-0.00047585920193241	0.000671968512596912
-0.239059697344465	0.417264179006276
-0.263065461684217	0.513687125164062
0.046117612716044	0.0646817819374072
-0.0497367488470002	0.0675899522254339
0.226015628742663	0.359253363475081
-0.0127603012795388	0.0148591982930113
-0.0172948074921044	0.0194099384903654
0.591636175455067	0.649467520628081
0.020062431815936	0.0163806350686413
0.0233926412734607	0.0281121739587623
0.464613914369284	1.00095282867363
0.643051957321792	1.71739352462161
0.279091489424831	0.532378491304662
0.275458350258803	0.476381077886449
0.0229546999354693	0.0350422286652583
0.040131825077473	0.0684110976500204
0.0929410952032331	0.16437605199072
0.512294113455325	0.630375365736264
0.663572781694605	0.799059261193031
0.346586536210617	0.368693601020686
1.17107627705685	1.42499746594663
0.486836559548657	0.268956339484051
1.97380475978639	0.507300323751526
0.666982399976399	1.32240051282345
0.402856155815074	0.820201204489128
0.181273517266397	0.229334207453738
0.113423299109263	0.153547171551483
0.257417256729652	0.395209837528047
0.573586600990697	1.35240726514653
-0.0254047918386996	0.0303579044731983
0.247069367902598	0.438096953535359
-0.0386617242174183	0.046691554419276
0.623580367976448	1.59844312438697
0.0800522496287162	0.10472170356808
-0.32370361216782	0.535439031230203
-0.0708823319032001	0.0883341604953745
-0.255218853502976	0.279063171948666
0.0564087265464288	0.0667296393960579
-0.310994998922282	0.30572920747641
-0.0493822710086973	0.0445774489466068
0.146775271962602	0.188527670349198
0.363421080789743	0.599605051268216
0.143606798608345	0.20178957714896
0.161009749515299	0.218214896982478
0.439676144431858	0.760668922894608
0.0249165165993719	0.0515352610333219
0.101998486873843	0.220331496438009
0.864188872255723	1.516086050308
-0.0275945921310673	0.0303465122084801
-0.0616933332667065	0.0696201327918878
-0.0400849066206805	0.0503247229616373
0.11664898783084	0.182570312115863
-0.0478394124928057	0.0331527461878802
-0.0087116520637435	0.00515848834245807
0.160933101379453	0.0319961864807483
1.97380475978639	0.507300323751526
0.35984006351863	0.646349721099341
0.339623370380811	0.601007728735522
0.413551979841985	0.811850208480169
0.0906403333434781	0.114417596322989
0.125771352653451	0.155561769518202
-0.0927667506813009	0.118960555036902
0.54443530693002	1.04164011535144
-0.394957585444161	0.702043230559904
0.367191400035829	0.615211087360287
0.0549538580194425	0.0684482046182542
-0.270349738677484	0.423174364808329
0.432077495599202	0.73131501089315
0.12299016432435	0.157903076933034
-0.0468367795970987	0.0643924082985882
0.200719479460129	0.345652600841762
0.164081837183952	0.259640525185142
0.0834374274928813	0.12549851468258
0.0198521073823029	0.0247170584908291
0.0490105670795741	0.0739920557572831
0.0566704097954199	0.0702222750834926
0.506770265813293	0.904107316469226
0.59920374763442	1.12857636435945
0.282633304008886	0.386121142145302
1.2456866096553	3.42748056303698
0.784756865866527	1.82020754520582
0.285677163043196	0.628066084175586
0.200496129023771	0.44523834520229
0.403610398384237	1.33047609953347
0.770241334886721	0.631141234851969
0.639415348961278	0.38749525015201
0.929943345728058	0.94337042076331
-0.421820936046602	0.463454516006617
-0.410237964165895	0.366601230302938
0.587546697072336	0.581695590987198
-0.0285071173500657	0.0203845874536101
-0.148552967929525	0.0920687458626768
-1.12920822904642	1.14998260282252
0.93662806551827	0.251725171025196
1.97380475978639	0.507300323751526
0.483865328849496	0.607037998579168
0.116532442234965	0.127030272059431
1.3560236856507	2.1699146363395
0.0555535727429743	0.0592056269017017
0.182780477999386	0.246015303031858
0.177013229471647	0.301216370026109
0.370187969402223	0.690945384168591
0.367654661968444	0.657092492285659
0.18333464678459	0.300694729612991
0.107128207211952	0.151387225997532
0.0605680507445798	0.0861743658772876
0.0476053746193897	0.0637290101777848
0.205668043695046	0.331877736138602
0.278219786569135	0.584148008149072
-0.0447320455217585	0.0616946961971172
-0.785209004443647	2.37990780457275
-0.149992368084866	0.229602243146241
-0.438663398846708	0.641974341492695
0.158534752352127	0.205138771743375
0.886946177226205	0.827700396413944
0.151257500039513	0.116444695708112
0.11374130546025	0.136163950727276
0.34069938046942	0.652881516307789
0.401094836726058	1.11174664953823
0.769115292881031	2.49727704096953
0.452087760892516	1.54122040067643
0.323662259272366	0.966806865421417
0.10231830705184	0.233285027897788
0.695631793405911	1.06480724922815
0.883565716155662	0.819270280869395
0.480203188661268	0.376551111329042
-0.118087811965918	0.109994058005059
-0.429495178233764	0.43858836696951
0.0699883653884002	0.0516934097299478
0.435283569641905	0.451885546146483
-1.160426190224	1.37154206683687
-0.165488512433027	0.12079217356625
0.248470152721124	0.333405895231949
0.629000120164132	0.948756241495536
0.767627333430179	0.730533511422581
0.827411142310407	1.12017224978981
-0.442936119149981	0.657318648141301
0.317425569289536	0.468521899333357
0.23547654545553	0.380386297531925
0.282242123612946	0.495219518736482
0.0160457366998868	0.0200234294653526
0.3831012124691	0.83882308547921
-0.268227379929707	0.493311665822793
0.198114789623136	0.363891100182333
0.397596533348552	0.894356890251159
-0.0469622984457481	0.0671963911244151
0.209457910023549	0.362207924812218
-0.0931887154140011	0.130501220525934
0.181953027623315	0.307288433825081
0.0639121803690074	0.0742644536493551
0.205625605417466	0.235552693884929
0.0565582506419339	0.0652337927030403
0.454677262846055	0.462331596541615
-1.05175496343129	1.66498794144938
-0.396748073008155	0.627017310830149
0.145407400665905	0.223249572809904
0.0352583283433993	0.0457621045359076
0.432183967972104	0.949531513653732
0.393959974289485	0.863178977164178
0.248030931045477	0.533865809703381
0.545969394181548	1.64229074398378
0.444221762802815	1.47757560927884
0.222623196491558	0.571056159086809
0.0730665115523821	0.148531199033682
0.23896333482851	0.616746335750463
0.760240423357627	1.45001841482811
0.88868849587421	0.811517877244693
0.353184889224266	0.259038445684182
-0.0763467632504694	0.039441567187428
0.0842762658301594	0.0419799708611689
1.80080752068302	1.76036407984175
-0.154047893013061	0.13725119370887
0.141910601518989	0.124317067576845
-1.32257473876681	2.31772063100321
0.299767511067917	0.273334066070411
0.100276895997239	0.062720841078156
0.367940359525757	0.243655914440385
-1.78862229588068	0.423952932487382
-0.0248339247533498	0.0250536611462403
-0.0658257356894172	0.0575063871805338
0.538023206457567	0.380562624421255
0.567188265021861	0.653018623814285
0.217905305703312	0.289366368991184
-0.105793337241283	0.1183927859783
0.476029092683858	1.04771650762522
-0.0650461496059063	0.08281844432499
0.334314579390287	0.56507318066723
0.378732072156187	0.720627474334103
-0.0847322363737668	0.11980936361911
0.277932330398461	0.534852023977032
0.338914414324673	0.642330847895528
0.297362345236982	0.529992462865269
-0.0691499018874631	0.0900484413417455
-0.20726734906959	0.350661957467483
-0.222502769514261	0.353462390436723
0.136502162855474	0.178907459875411
0.266331285566277	0.341480523373783
0.0952254210549811	0.0993129541695762
-0.0989980768019092	0.0647393689049865
0.0251443716643521	0.0167175987989932
0.266624851274052	0.420794562904005
0.783375266424833	1.78978540010152
0.390985842349213	0.691400510392916
0.0871996088498655	0.123000980728259
0.0478756880925052	0.0616987392486644
0.230038845048068	0.337801126628512
0.650625422685361	2.30189866542159
0.507042345963878	1.85937535121271
0.508732708456501	1.90271499227254
0.513488609934252	2.142074254549
0.458786101533017	1.97065876892178
0.145151916390278	0.376512784274765
0.539045788715681	2.36610017581776
0.328173403316057	0.956777963809558
0.915712337065157	2.2191880138147
0.0987731907453075	0.0861834889993601
0.135658389789206	0.0952739467785961
0.36059451411862	0.258863760381242
0.240013781060922	0.153413809153153
0.247289115679015	0.157573244328695
0.293234776973711	0.278834840441002
0.747051944230649	1.29841910972565
-0.110315585743179	0.0950069963344004
-0.244317168683673	0.234356551505549
-0.21187490868274	0.201929064752678
-0.00357443181160091	0.00256434528504767
0.0722136467694705	0.0770575714367263
-0.0936114103308489	0.0969395614404012
0.235388073638996	0.172752780373271
-0.025979475914433	0.0213410803498933
0.128893924253758	0.167835680214701
-0.129090817957552	0.184132277582429
0.590040138355804	1.48214761092282
0.23509140640304	0.391329010821507
-0.0675723169531116	0.0849745308200757
0.467670174315805	1.02196867044018
0.512107134966139	1.24104908110381
0.132293395809858	0.211275993114918
0.189859122070257	0.316049838721527
-0.0575043289715171	0.0811347109751964
-0.10546939384768	0.157716022022613
0.1740320509401	0.280635198698772
-0.0286081020108704	0.0381829229889137
-0.0446918931841012	0.0513054698591003
0.0140781727024031	0.0140955903263803
-0.426201926164497	0.717010842918694
0.218186125796083	0.188729094319345
-0.239974040687322	0.228377350596767
-0.322385814855052	0.501434489556848
0.115036094476362	0.159811615420265
-0.227136064457251	0.354187722332743
0.0834187675232917	0.112054850307175
0.30176045288033	0.538128270447618
0.403793043030797	0.818973757892676
0.209179268136914	0.320202135812003
0.530332937613205	1.83776751581972
0.688810452178664	3.38783941470848
0.83988910460934	4.43452382558417
0.650599403931678	3.28426495016394
0.406602634386618	1.64550341763557
0.109943548735886	0.275099875775527
0.349659583737822	1.2710894024698
0.288468437200858	0.824641759559417
0.293626803794753	0.458830748610058
0.230210344100158	0.362239198890035
-0.00766064113052537	0.00768119818129161
0.144462102418689	0.178804863004452
0.281333515791181	0.29129686535221
0.596061039826274	0.666918046657626
0.244473690602459	0.156166003065517
0.229317751018965	0.152728648295544
0.100712561392069	0.0606592376141131
0.122353814937737	0.0851204283870061
-0.22500299286205	0.26177884588996
-0.260179407738694	0.259168447531705
0.605131063625273	0.839072457658915
0.164464242528794	0.166863746621826
-0.0348448525244227	0.0248188555448455
0.293851316284399	0.39222240779738
0.211749045844097	0.201890159659292
-0.147946903609924	0.178938702091371
-0.340821077528628	0.36311021582675
0.528228339830659	0.478053565192784
0.751165062576512	1.08903040380222
0.584793600882189	1.16519597000642
0.404907987633303	0.685549459910021
0.448055080537752	0.9052011871185
0.220778516502833	0.376757173272277
-0.100459976217725	0.129395363846174
-0.217336715875079	0.332812507118312
0.479665097613971	1.08850920907044
0.166233606446379	0.252801793867167
0.227700166691966	0.379147033777384
0.452469678264194	0.949011952310783
0.0138569198897858	0.0177175917381683
0.0660542404992497	0.0882961991672638
0.42989360313297	0.893547535209366
-0.193584151095078	0.293710604802761
0.143337877316878	0.171750665564246
-0.147255104519942	0.183355433079557
-1.14655865150888	1.31810038118619
0.0421231226549484	0.0353888294779959
0.155578746467706	0.193517458417384
0.603110736063868	1.31203483372611
0.251477705455458	0.385366668976946
-0.0737311988377645	0.101740475283321
0.899149126414292	4.95822701965616
0.739093880822272	4.09185269540897
0.642483447590001	3.33203928208884
0.666005093032185	3.88885940264281
0.263902239015023	0.929312982891943
0.0449494905060739	0.0992579079253866
0.178917169378549	0.491431615944631
0.244195067419438	0.704556645065579
0.428827766051869	0.753621657235067
0.080054438653368	0.106345878788551
0.402993575116335	0.451901452780325
0.142429713302636	0.181191549311817
-0.283502466171364	0.392176883130696
-0.118989307245096	0.101598389409154
0.241111859127833	0.13015825759417
0.58456200278441	0.488916630896514
1.71132977435874	1.25242727615505
0.817809631148959	0.87267568996629
0.666890742362713	0.706894996478478
0.391925383567686	0.533440907643627
-0.647576707153859	0.842689990325759
0.546424027636875	0.724094670741309
-0.0454114026462237	0.0373202506888348
0.48083241072708	0.374013741890247
0.585456579664588	0.491165511862689
0.245477144216734	0.295081755417242
-0.114654337262504	0.114721038359719
0.202081377362698	0.232154467396021
-0.452933339056017	0.543062950919144
-0.58911468051201	0.573199995875226
-0.486917037295693	0.568123591524501
0.18998148214765	0.251456223008615
0.575702868548337	1.31716653673652
0.103135762045346	0.15694753064885
0.267770152672356	0.467321007485203
0.101534272311154	0.128920271011132
0.161337965066723	0.231131225920352
-0.159841838507941	0.237923283728185
-0.0811091329774805	0.108142413764293
0.121244694586952	0.1840088954988
0.0808808056862556	0.121275365212871
-0.519871487727695	1.05928438593644
0.121229199022126	0.18818618668435
-0.0671308947643697	0.0888691172158104
0.13620760508764	0.177341197119786
0.00319488403367198	0.0031849866267964
0.120135837339634	0.159707828560612
1.06520432953942	1.00833367349208
-0.835954806207556	1.22855650881987
0.127571628267181	0.174767975628867
-0.536403250127015	1.1889399454771
0.162283966227153	0.263802846582227
0.170315402014375	0.244743059370384
0.0785269095622838	0.101134690920081
1.16536676622418	11.8758071275848
0.652718678581783	4.4407731429922
0.854086138157009	6.0640610481273
0.716839867566383	4.84086501858924
0.308942654078466	1.21633870470195
0.245671642322395	0.859012418507687
0.209382565174101	0.608399913764895
0.363951424302658	1.28769607905406
0.565129689256759	1.52798009685648
0.304782554012404	0.367591119058118
0.210847481470108	0.323451273701942
-0.245959467186686	0.389174580154448
0.589761166264327	0.89545303398888
0.840947954063225	1.15997324428992
-0.445591230352628	0.38641892826082
0.628613703069227	0.696398209668981
0.616328700451822	0.593490623525149
-0.115753939324518	0.107675427806229
0.267589767832878	0.383013199579067
-0.0703296431325191	0.0671146240261873
0.472111451459929	0.606570281826356
0.17300047723207	0.202592544191229
-1.12508934209585	1.72878730150626
-0.0471264441183247	0.0255528788361461
0.433995194473792	0.622193252005104
0.168013442288511	0.203871035706678
0.258369190867998	0.376821971310061
0.0845192885868464	0.0951782831375976
0.303503383252456	0.273023185295884
0.42626903500772	0.569386542900408
0.469878254073814	0.936413520857237
-0.122881697640351	0.151104880036123
0.705949768631744	1.66744666142368
0.0662073333539918	0.0869705543712557
-0.0692312930367236	0.0821509651557359
-0.622655360626981	1.17822689170385
0.114196705506684	0.145738958753434
-0.374948088972718	0.634982829941217
-0.0526560207454639	0.0607055687664975
-0.180903731387215	0.263309256537488
-0.296004870448603	0.507231536809498
-0.174191222206894	0.228138845047133
-0.131728063141919	0.1738018424778
-0.179586626816143	0.245411545171482
0.228871941530013	0.32153686171715
0.492112679367296	0.814060460091407
-0.0750356133064128	0.0651342945453913
-0.817662977812344	1.27075077184887
-0.0849206744911282	0.107089681705478
0.22006117842204	0.281622870244066
-0.124527356896484	0.166205653846575
-0.0529878839302664	0.0614892685795956
0.0977138735474812	0.119879289125267
0.170108382541794	0.211367670199403
0.0869620833945286	0.130257555935371
-0.0334637494103527	0.0468246089998858
0.0985197920442606	0.147676475924085
0.528691144245642	1.15299762669374
0.285425658678448	0.334623699310759
0.228754500288386	0.299938297634581
0.251907156674707	0.391141101410467
0.175826700633596	0.207684446976358
-0.0834194998958152	0.116034828466623
0.249710864452759	0.392313369539662
0.25480131061986	0.375729567329052
0.193199197086731	0.346197557951883
0.593778903336949	0.673737378241082
1.4690514485938	1.16155787754552
0.0616204374066828	0.0792671708607336
0.141537973499045	0.202333380721593
-0.525566379644191	0.934832697805756
-0.303873982553103	0.49116905286116
0.0497611743195395	0.0584111117554527
-0.443009749854059	0.721190986051696
-0.363374380037141	0.467999081982132
0.0398109737759756	0.0370530600000743
0.0990403094396202	0.0875713814610532
0.214580390136033	0.247529332999564
-0.610192574220756	0.795547807739258
-0.288920656876895	0.311507763126667
-0.260041673016509	0.281636567772089
-0.389034709272767	0.477944192035154
-0.171555229915092	0.182278446630922
0.444560395644225	0.529474720629509
-0.228736262535494	0.232852054258075
-0.671731846848122	1.45201195191674
-0.0632244785756401	0.082110107595921
0.0470810591305261	0.0516060613394788
0.0484450294861784	0.0633496558711819
-0.45859298329048	0.753486710379018
0.098767998879911	0.124245392747518
0.271722185357404	0.274328350617485
0.907425678143092	1.38622448957248
-0.628458592651109	0.866430451967793
-0.374935357152051	0.432370452858764
0.805621903699469	1.21896258884378
0.11533536706469	0.199686508322965
-0.0942709086659069	0.167516581607885
-0.261764470224902	0.676611361770352
-0.0311100793472433	0.0597244302176712
0.38677036209935	1.22842671548548
0.15985274806275	0.418757874610998
0.220975768196732	0.572460301438901
0.0759637513537787	0.157279712189769
0.176426077902475	0.288934452156905
0.586847977693831	0.580476471100867
0.513067638339289	0.907060732879009
0.325797660398688	0.759883320217469
-0.0888344712491995	0.19072448788774
-0.221065969208875	0.556588767582912
0.00428149480965526	0.00425078463961222
-0.266655394211037	0.377928502576375
0.593380893010102	0.587567771787821
0.125673355463627	0.0948632648135895
-0.0316359383430146	0.022077102523582
1.17777758813393	1.7634007281387
0.128596147532326	0.098814149910054
0.609824697908953	0.662703426099307
-0.164622658301583	0.119972982535576
-0.0012695245869657	0.000921814285693241
-0.155256570771198	0.112079825324047
-0.129144802505781	0.0965473365512507
-0.326039463853127	0.244925478041786
-0.423104392504502	0.629714156548381
0.20837424948111	0.384129877805434
0.722687258520924	1.080143831687
-0.143803322803327	0.367353370674363
-0.181041569330867	0.411253217941476
0.579589720709255	1.41299974125857
0.22377746374123	0.154455276390687
-0.0737352336752865	0.0486555727745903
0.666751327136447	0.520210107664348
0.774126631888928	0.756275218214614
0.969029396508675	1.12810016395488
0.080273573147758	0.162375222554011
0.222350219490519	0.492716780893119
0.650739632972717	1.72631991085762
0.0408576787872701	0.0526336374161882
0.524672834972802	1.22437824520837
0.433344605697324	1.0010984601978
-0.117003980362126	0.201111615001047
0.349190010565421	0.698240978162934
0.209951580453369	0.34514983062095
0.210023026605371	0.358604464972069
-0.323044097485792	0.606467967442524
0.140504953751368	0.241067268447872
-0.294824750396157	0.475102292821199
0.289937316609788	0.485567305332719
0.170545238733552	0.197433668190835
0.16254069315446	0.177902658945775
0.0949703613236307	0.0854649588154442
0.424506559741552	0.524853200229569
-0.114333961091465	0.108087214001381
-0.0555165023827772	0.0539304124482332
-0.538358675300992	0.826213138765133
0.692416027206183	1.03720248351518
-0.515775187071034	0.721208151550756
0.516913118790753	0.545800832610833
-0.0290301933250186	0.0242160214103613
0.558824051353806	1.01563517604168
0.184726224448088	0.285283036835797
0.211052942266043	0.286007814627932
-0.00157093036163322	0.00199494305102853
-0.270861716699743	0.492884614039531
-0.0897461402070676	0.123654800455302
-0.369022843797839	0.374621086256111
0.150310979857137	0.134187348225742
0.272002395335851	0.274548353574609
0.14075973957466	0.117238789881329
-0.056589065243696	0.0900685854486519
0.13544918135712	0.193609553765259
-0.0860197767390452	0.114799257295249
0.354078910434708	0.637144916756102
0.168821575605619	0.23417993830525
0.229327115236808	0.378526848236044
0.0461973627613672	0.0629950623606786
0.101616567695371	0.155991517574776
-0.591645500651387	1.23944232801135
0.143618503838813	0.231059591486046
-0.232578862580372	0.384092421279335
0.266223354027776	0.4191464097306
-0.159172205570042	0.197923033586673
0.0987804881316959	0.111138792337349
-0.366072553413506	0.451401994251372
0.141881483278696	0.15944132359716
0.664252154433671	1.10128299206401
0.592855122196774	0.982364556333841
0.434944948801233	0.607962586225066
0.207298547358345	0.228865059058677
0.0393207349431109	0.0380073745407068
0.0598277257475036	0.0616102255796286
0.319581233410113	0.406081664653912
0.0391449279642008	0.047157486395249
-0.469377023620883	0.974426166058412
-0.252515382433783	0.379938698274075
-0.159183108457204	0.222551510588527
-0.0610613054087705	0.0761707248270536
-0.262700217983481	0.409757480592357
-0.165126332314487	0.169340803751647
-0.20169528983504	0.221915425289812
-0.176497958177511	0.212131866678459
0.490517017411831	0.668521642205183
0.0486189331368661	0.0424100609041671
0.358777522093514	0.44327599928406
0.3293077488116	0.358554422376743
0.134771444199697	0.111644371536334
0.524783571150078	0.643490921349781
0.0690835129018554	0.0650453649340028
-0.0490916157499612	0.0864839641642185
0.070860166202623	0.0993446833908306
0.917084420647431	1.32192222499278
0.734019909538254	1.33457066333934
0.401806199682814	0.444364096680186
0.537109731185454	0.634949116644389
0.612456187199122	1.11151642544249
0.0257772201589375	0.0314047935594414
0.157956986654901	0.15177089602812
0.0981097050833534	0.111274330586821
0.13375497003524	0.213508465025538
-0.0355593452464481	0.0419278442222187
0.354724173321414	0.650571812631365
0.373908537890362	0.627057560473048
0.202986967516625	0.2715110037816
-0.238110057691421	0.356221149316699
-0.236344928608492	0.333840361445083
1.06250542515057	3.15401579189139
-0.0182722268095855	0.0199347202065235
0.526332748821889	1.17636579011219
0.412094341217807	0.68152895263896
0.407858944705591	0.673203378400671
-0.0937656253676734	0.125766165070595
0.46586969780816	0.902262003169423
0.0551636110288851	0.0646103233927333
0.132024096287924	0.182053621828968
-0.0874149747143771	0.0762733824942999
0.840575991490115	1.48140536808274
0.490772302744942	0.845672076386529
0.140061672332773	0.167473294084201
0.0292372592557181	0.0308480806267685
0.331498655977403	0.484974749793971
0.0615967083906154	0.0662670872517688
0.137647279886717	0.154155260126291
0.188660242214469	0.237199638525358
0.740266113627633	1.46856233540139
0.227475426216934	0.290091566860472
0.133919691082173	0.147471670927317
0.225266955496505	0.330256326549639
0.0791680229584242	0.0817463983583922
0.233085663832507	0.305438219070172
0.123123352141808	0.150968612956386
0.04149055093078	0.0677433531265775
0.00399769087607901	0.00643259653805112
0.287083017977968	0.479267324523053
1.01970702311947	1.6308938464618
1.05217869774531	1.60261069351021
0.164314608164691	0.16624072412065
0.46776142665825	0.45370403178525
-0.0853858436069307	0.087536864375213
-0.338222456177897	0.593578909820417
0.18021250003838	0.232968587849747
0.548092610824062	0.832592744322006
0.372778226636045	0.367699439300449
0.189748437717612	0.203545491326243
-0.0402116553254351	0.0485650881655763
0.144898637510437	0.215554938026591
0.432224631329361	0.833341352307045
0.306505258865037	0.499269081751288
0.317815705793623	0.525838383119726
0.154193837898281	0.227009052616857
0.13314931794478	0.190987157702947
0.0166531193837995	0.0212264820046759
-0.381389952639465	0.626576797055411
0.116269388505017	0.159135526332546
0.61602004032938	1.4538996026851
0.244955665007592	0.372835994993671
0.0372756613643895	0.0458378741611112
0.153908489517609	0.218507757438332
-0.0829695786773953	0.103023426231867
-0.0790632062675739	0.101106780957614
-0.0705945768537536	0.0553597177745946
-0.236964038444414	0.223908033547027
0.075907087506978	0.082595003436203
0.769321268117814	1.78865932691581
0.00233825930610157	0.00258200492279276
0.0596248109791969	0.077381709326375
-0.152945287263595	0.21962769987656
0.297965556377021	0.458084655807962
0.227812186247744	0.345980036710737
0.24609162325939	0.352360485152869
0.207861337067576	0.280124392686918
0.032565325000754	0.0350478768926161
-0.172107766893427	0.217943082502288
0.337641959193822	0.471630658682744
0.121074603485123	0.2408220907368
0.290409112481201	0.731173929797998
0.408506565611743	0.82177017149491
0.992981854025163	1.75396649949625
0.78249241202056	1.1092776320428
0.522588442095822	0.642246533761678
0.570877232689126	0.653389738545321
0.724692261536633	1.05766649446252
0.375361753811414	0.6118433535059
0.171963022095324	0.213265009343956
1.97468705919913	0.505783057758019
0.239001692442017	0.454955834880065
0.274735298016335	0.295936100996488
0.145885410980536	0.216855216674639
0.567464353569854	1.21659425590449
0.269196484889515	0.498718137623858
0.256399998122203	0.417899722164368
0.26541674879757	0.488485185619202
0.243421261039154	0.4168339895856
0.0838738813716584	0.111437655871975
0.272925427561218	0.510216698140035
-0.216429884842389	0.347675909722847
0.133757621481688	0.21477271343288
0.425563561682073	0.860188811986147
-0.28965703751691	0.398778392514045
0.322570528340017	0.526421335297669
0.202840439125435	0.158406670633659
-0.629373681041241	0.893678984776174
0.167602099490188	0.232720113014424
0.293577898075051	0.456150445328979
-0.174979723504797	0.256700873761934
0.489701061534269	1.23004302940951
0.266937232357415	0.429082962605162
-0.0337671451872029	0.0413405113133071
0.227771994035594	0.377820061717756
-0.213563509703708	0.299590254511561
0.324754196729661	0.560113298956216
0.486647585780071	0.770119302679133
-0.230846999789507	0.384421371081154
0.0404780707791798	0.0461217691384497
-0.164161489907748	0.390468680634568
0.104504751469866	0.220251777477947
0.38095447928397	0.752092426333678
0.96844024467222	1.94831536834667
1.59422268347132	3.04827651341979
0.209582087994154	0.196493080821707
0.863477472194249	0.995094404902125
0.386801326433898	0.44776693111021
0.450638412631548	0.804774058871245
0.274134392078638	0.361727895689461
0.0263271411982601	0.0364075601866459
0.343641045852216	0.527581883680107
0.115172268757191	0.138266789101939
0.585099004453278	1.43758408094121
0.447949424690116	1.02655478955389
0.256416854944494	0.502641211900097
0.150543143803149	0.250353421790131
-0.057422559504101	0.0826201609066642
0.151420918224125	0.253275588114255
0.188290339060164	0.314076388037306
0.130670660580144	0.214554980603817
0.142303381744078	0.205058089550203
0.126624870028338	0.143808861633411
-0.315382500025018	0.520981631066219
0.899852301208697	1.02174544861034
-0.941212050132058	1.36395882379437
0.301102858255079	0.480772328371941
0.244629739281796	0.436835888296947
0.0100165351645893	0.0121029821135428
-0.0832213911547159	0.117686043891666
0.566384740609685	1.29097034544079
0.348032701280246	0.619701113255024
-0.0436699780900303	0.0564593820236712
-0.379104069544834	0.712219074695919
-0.528692964701379	1.08800552776755
0.116362312138894	0.155707893140571
-0.013541554519381	0.0166040648603787
-0.0835870308049876	0.221989423229066
-0.18720743195439	0.603663913477413
0.542319677086362	1.78751072736024
0.873800904264618	2.04158377454723
0.358683658701315	0.565703252995484
0.907508870112782	2.33582916988916
0.73302250658239	1.55409980796777
0.757320402060631	1.92007069146504
0.205681696417275	0.405164289370089
-0.169632971035663	0.279858813830107
0.392571149381146	0.736052834237349
0.279481361251813	0.494656667134596
-0.429553012310875	0.989325727990612
-0.0968859685656283	0.135621678616097
0.0617363282922043	0.0747081337737885
0.100345871569947	0.14837362797781
0.667063849183646	0.878247709925467
0.301927960008107	0.532611933642274
0.662459784374014	1.47943212101236
0.282155004584547	0.432848368482169
-0.447734209887151	0.812404302444032
0.234485390017217	0.361255702102734
-0.452059205619006	0.922747930569623
0.14682670696547	0.213006702518482
-0.0778272339762849	0.0918552875597724
0.135495996777455	0.173025087670458
0.244789066355667	0.423310540387442
-0.256191405089776	0.344422854109283
0.17431259586556	0.243054196101231
-0.0238178506884338	0.0189832333522844
-0.383736076394232	0.507209597554951
-0.135326764971208	0.163128201378674
0.124170406726177	0.130006730818587
0.272956438363687	0.37701136272238
-0.406267997221774	0.600112313473655
0.21784932215341	0.277758477286451
-0.074606473445825	0.0822795901655804
0.300697874274906	0.484309317899625
0.174767044719905	0.232948469133599
0.368591004087899	0.547843340559099
-0.154557173051467	0.178463494599716
0.193246392380067	0.236935318299371
0.313064604226293	1.65628631570275
0.37554549102708	2.26983344370841
0.432530873117206	2.32195007894032
0.228024786357109	0.569170266461999
0.396528169594196	1.66292176436079
0.225037645213583	0.742724549307066
0.619013130238363	0.692051651037594
1.97380475978639	0.507300323751526
0.327954083416543	0.446496922737754
-0.0628754739551961	0.108046804982899
0.386940394559067	1.00298238309649
0.148471238763798	0.216316803294607
0.583160087851622	1.74996500695777
0.316236506010064	0.833009970099748
0.433006827183307	0.448925066578421
0.473915975660591	0.46330595869271
0.423264116130514	0.366978339973875
0.0986290005057075	0.0571542742738248
0.413620299913906	0.366451268913502
-0.579232218700197	0.434535066935024
0.861941423390387	0.910581619735377
0.605399372355457	0.451657836997287
1.05262322467416	0.885342691825264
0.311920352654236	0.387778034610969
-0.263022147513215	0.408587759557058
0.464422198424316	0.548169025819994
0.137508239811601	0.296539757988508
0.196472467055316	0.377685421303902
0.233212542978695	0.382290616619688
-0.00935226448807322	0.005511197064336
-0.280604545555353	0.217642872615712
0.38388589708613	0.255182141284697
2.18346317072664	2.25932291004218
0.245174663129742	0.156810153080921
-0.577453330390772	0.439862264781291
1.40297635184608	1.32015770503647
0.243022529833037	0.136218711144371
0.317943704306886	0.996808913082309
0.254076332452687	0.836606623544017
0.205586974275771	0.538798591161986
0.997605156109495	0.464742899241794
-0.471310181833111	0.86423834907362
-0.281947421131997	0.542767058891459
-0.018290845110082	0.0245296043418551
0.22777592129997	0.434157015177061
0.19756898831091	0.300096763873955
0.433816897601451	0.930550478261884
0.105952231391513	0.141414414241592
-0.217934468346756	0.223849403204362
-1.06613668736213	1.94088024952632
-0.0977998861319913	0.0743249115594125
0.152260409531855	0.132594305029878
0.0195524625871881	0.0159645736325062
-0.216789193587165	0.255158494241947
-0.341067842389658	0.504219159282895
0.167147983484249	0.203584507801695
0.55761992838523	1.08357767793356
0.255318125813803	0.353500790967577
-0.697833518561141	1.14550011358512
0.439772823345792	0.463668270547307
0.09214296577171	0.0776800050224216
-0.289106469298813	0.286665172662631
0.44362331058178	0.462159494922706
-0.14946603455189	0.122530922662308
-0.0407497361094253	0.0324481982855696
0.189407846409214	0.75643832208628
0.210283058341887	0.752092856243299
0.265390793194584	0.83209009377578
-0.582284231500847	0.667819035358228
-0.264321842233862	0.548447341405446
-0.369385422223541	0.694313662767333
0.596286334606897	1.26067484527814
0.273872902195146	0.308267909805689
0.497005292874835	0.36052182068393
0.715579126544221	0.525875788828402
-0.64665976684077	0.474742045950749
0.250195195386112	0.141888041217471
-0.182100488701139	0.110423762240893
-0.0341872711057151	0.027659787838623
-0.319379521426148	0.490247917123796
-0.0128721680659416	0.0092581531423538
-0.211544361502675	0.41635482307178
-0.196992445923174	0.322846650471226
0.165770038342977	0.175290961702677
-0.0926857122956402	0.0450133399964721
0.0824334317309745	0.0408306467072418
0.790699644127806	0.65963056298227
0.216995673007432	1.07249849021787
0.222980389120544	0.916631232715848
0.160740188615653	0.0319518046826111
-0.369660353128241	0.410975955819045
-0.0585409462959283	0.0849140385153173
-0.340671269698505	0.649892607679423
0.334341308681708	0.504435392446455
0.427203302175462	0.253507380761389
-0.643309858029164	0.46544118862008
-0.47675863763867	0.194245193784207
-0.0424407466069348	0.0341932736686237
-0.303137927361843	0.382160791899092
-0.968211658764568	1.13141347906209
-0.188082978412924	0.333003883632197
-0.0415676525528361	0.0572195975533097
0.108186488013107	0.100286200814327
-1.05105734828419	0.502935001315003
0.107373010220628	0.0656049288263719
-0.0230119234409875	0.0130570841265456
0.931831903269781	0.711378346364405
0.147372687520526	0.447096159243545
0.228634146623712	0.763358913849661
-0.275855921866014	0.0917535826185674
0.0539843126832809	0.0681274472282691
-0.0358696202731652	0.0478139761506451
0.192170236411341	0.322880603079274
0.38769369921055	0.807068503250611
0.514712136257619	1.12320131075098
0.0541661454956652	0.0387924089264534
-0.287824594001121	0.303584844180019
-0.44512394182162	0.507490707752306
-0.833230786918034	1.54582325756066
-0.125870137920407	0.128401470260592
-0.960756528262377	1.76897119577313
0.517429447758805	0.776770025659041
-0.127634990235438	0.160484550009001
-0.873192855976652	1.38693389958898
-0.135023704498509	0.0990792303938295
-0.525902423750639	0.571307115202757
0.907146926686585	1.21859316808376
0.947580299128078	1.06163832361268
0.323861399581929	1.3634960409872
1.97676053356259	0.502874955670354
0.374767109989574	0.145743214765195
0.140105257698492	0.188636872074833
-0.182419347185985	0.293110930905807
0.162094141881151	0.279190535028876
0.0980372079906071	0.132635029996903
-0.0639449970335274	0.0552881617175409
0.575773938438244	0.876843489646013
0.225929860854567	0.231494591532355
0.0871871815898242	0.0758480710264714
0.313582880639042	0.271220361717751
0.158734095705748	0.167429129711558
-0.553617567269312	0.881560325640037
-0.530361016918158	0.84638296731565
-0.734378999220494	1.27254971490438
0.00388367025897257	0.00392932148895097
-0.163308464962583	0.181545233840868
0.106996641577384	0.0952507416975212
0.599633990143561	0.700718656582683
-0.619409508543779	0.693101502558926
0.719658720892841	0.905674614962457
1.16066907903882	2.05342616271149
-0.636716518078197	0.157098585347975
0.455413764518558	0.671030774394189
0.366567440942116	0.868126082204002
0.23746982036058	0.445300009858802
0.224029956858611	0.36035260329743
0.0461632721277881	0.0678753249727696
0.184378408306878	0.365646040064899
0.155349805536936	0.313452327542769
0.294584245221939	0.368705179910306
0.498988983418037	0.639740629110007
0.655088592421413	0.784822059667151
0.510754805404526	0.477940233509168
0.34082133812753	0.25996107313586
0.214287658460318	0.208440712886664
-0.524278136044179	0.565682497450803
0.0583772663370893	0.0433731809907074
0.35977664581162	0.250435981157463
-0.448481896241579	0.352604251615881
-1.04007350935872	1.02998050048031
0.894499445423935	0.577638636283058
-0.0524687622174817	0.0356343011097017
-0.404039407474686	0.384355301874799
-0.300538713095812	0.388000931167727
0.131632893362487	0.104750093395648
-0.15839441843023	0.241021525187823
-0.238037693602147	0.383728468608906
-0.0189163228880867	0.0159335587557087
0.533343643416404	0.376643753294003
-0.190287898109373	0.133119244126198
0.628515923946965	0.595522282315195
0.882100311799185	0.791206486374035
0.388845493290097	0.258394970121389
0.485331724803434	0.265146654053691
1.16425287369318	1.17324884094598
0.752164466814118	3.79977235155306
0.426642016629191	1.85584438531234
0.229469300098367	0.672458046295264
0.223777786021684	0.16470608107876
0.139810587060482	0.0348059719484757
0.148732549136299	0.117611897295005
0.171815372098906	0.325801879976021
0.281872837164682	0.530234512233449
0.100686410696529	0.0962748531408753
0.251325572724304	0.495286203766764
-0.0856333830343759	0.162139757857252
0.0658457472263753	0.117357642512399
0.267793530195659	0.268059524842871
0.204816720209426	0.178609867725371
0.53774137463304	0.377987506459638
0.0997583610793259	0.0537152591882611
-0.022801924514182	0.0129483088200981
1.32960615181299	0.970701521173175
0.257705927459105	0.146461735180736
0.0885007098539225	0.029893961321592
0.657137194018767	0.508677408584243
0.477118480537791	0.259951510648231
0.536106317189375	0.370480873526385
0.0890693504348329	0.0300060517425907
0.478352864946681	0.260276350212456
-0.0150113793400124	0.0108348277897182
-0.649623802138443	1.09865955208723
0.229620732193439	0.169253896721291
0.00788079253609864	0.0110998095769738
0.36600340064076	0.713703949447562
-0.205366832977313	0.212043520098566
-0.121668094679389	0.0540443606093302
-0.106522374790817	0.0494797657341005
-0.410784934595422	0.249183646293386
1.04986018576757	0.866748654498438
1.20256911343408	0.628856289887608
0.28630263508168	0.134892025877898
0.326533810708893	0.143461175416991
0.576834792733427	0.384646127340583
0.625896232550759	0.196176626366435
0.882783377699234	0.564812810137303
0.524285508728015	2.78774366328299
0.168881192781496	0.514954084552609
0.3039862692114	1.13397371026652
1.42969472595188	0.465153938385468
-0.771580366153819	0.76007588925521
0.230488801637009	0.440818896129821
-0.236623667306076	0.386611211344498
0.217418727087403	0.264069468779694
0.860358517161719	2.63400652149356
0.30002130830778	0.765872254008159
0.183684570991043	0.376284768257676
1.11187566218696	1.38344281601521
0.940463020988418	1.31047664182568
-0.0561462164169794	0.0301731244757344
-0.126203059212939	0.0559704688735377
-0.453990350053737	0.367508456903931
0.0851326806237162	0.0358639501097869
-0.982653819590526	0.812845933451497
0.762395266460821	0.311985538699812
-0.758193961711078	0.605684146682687
0.922703973279876	0.697587026639777
0.0875016638422474	0.0324626262620995
-0.655796320579541	0.476483337447563
1.17140237862673	1.05577719360866
0.136950343180641	0.103682609040092
0.262865455314755	0.309056643695695
1.17554590133425	1.31916703175827
0.405790680078988	0.97775315395062
0.445350497197048	0.896543931315355
0.340960696356177	0.35706505572195
0.110296019340347	0.0322037235891344
0.618639012225955	0.277768269479308
0.848393026448048	0.431328465476562
-0.834964695942226	0.377915869349427
0.298548613233065	0.144314003952882
0.584607187458551	0.395658106991297
0.436946321502983	0.262039275516679
0.434670744208338	0.260909755916999
0.540009294067206	0.272329982966137
-0.391189644042118	0.113734591791858
2.06328603290117	1.360668534579
0.628619294372816	0.290255645972026
1.19240616867851	0.777158061973792
0.0524106179654015	0.054164043822264
0.455187545505758	2.99703648926827
0.602479660926344	4.76858114888955
0.264264174264341	1.13717058501508
0.153454005041504	0.122781893182774
-0.130707442142708	0.24272192414895
0.215554885169974	0.348905766396998
0.795016450958449	1.50305360417795
0.563724605922142	1.5206896796212
0.207937249933481	0.525606843576278
0.095463705009942	0.19342924765508
0.617617025525161	0.689186526988959
0.405599431771863	0.368663161106264
0.0925538528421759	0.0530383813968239
-0.380376517559914	0.175702099840956
0.382434414812371	0.25887639105552
0.0972390732338461	0.0546315635246203
0.334219235028306	0.147681650478353
-0.0525512993065914	0.0285937213523128
-0.0233127926714332	0.0132112112405927
2.34096794268942	1.8637670840797
-0.572434973320836	0.428164608063272
0.635353124140713	0.508871191424107
0.140074015756528	0.114096140848598
0.292387089579494	0.384373624258727
0.988850284266456	1.25633321295532
0.123674359366033	0.221686105491718
0.136093714243437	0.221930229027788
0.328890535323691	0.363509046661675
1.3939710944188	0.848743572433226
0.0823905660319922	0.0307039768859876
0.294323297308513	0.141931976015861
0.84660255600601	0.436007183603273
0.0959248280109695	0.0468701578261942
0.439878698395342	0.263643056606572
0.635690780324444	0.289849547563034
1.21415470302291	0.641985483845437
0.336142779876848	0.148627271902018
-0.0187896706744645	0.0216770087322084
0.410351168782272	3.52680814704418
0.688419144814207	7.31122899985096
0.386680258935503	2.48255991788728
0.806014581528815	1.41925489327704
0.445449131578835	0.52723804084176
0.341210925240638	0.939005209258807
0.535338820897983	1.5788488294296
-0.0510328832863141	0.0566338588618496
0.567254386883907	1.55798832085986
0.174607725862893	0.466299217880307
0.146858718824157	0.343167369061035
0.822071046409605	1.31254998850748
0.467308982811258	0.456413258320396
-0.0558101766826444	0.029460039826923
0.473036244598595	0.25726539754493
-0.771251437577151	0.682401413105221
-1.00806288447572	0.704820677544417
0.486418059869704	0.267175712097924
-1.15903623581541	0.805080373067946
-0.614652566177748	0.386046961902568
-0.080273996970377	0.0408976561396293
1.27792330181277	1.22127998449937
0.64029445055687	0.395668639577865
0.235064358596936	0.184334700679547
0.0813859238252878	0.0803085632926997
-0.939740928162455	0.933395176638675
0.0599996730637827	0.100568095833544
0.636196108099702	1.84201584821255
0.38581460603772	0.517692206664364
0.721962134269604	0.405081831086637
1.83922361256197	1.49978834771812
0.09312360083349	0.0305560558943878
0.0822932503959057	0.0343583936843871
1.02009932648778	0.604952093835729
2.29838885407007	1.13662794825885
0.39037448924622	3.71031276724894
0.400249930310152	3.40226497140553
1.01142791937459	3.37844173711105
0.151286899666905	0.119768376912537
0.160740188615653	0.0319518046826111
-0.639682584148206	0.157127056635448
0.163970898374888	0.0321384121499014
0.0459381315233747	0.0592303641073417
-0.0498564256001868	0.101142350362928
-0.0225154908685579	0.0383330750807804
0.168266398994895	0.274486150750888
0.295248860573044	0.75090037476881
-0.0775887405381657	0.166067980860084
0.214149854514947	0.58058678339325
0.506864054010987	0.81628861878941
0.556028432622733	0.804703874276504
0.755686715695824	1.00507512234012
0.048690715839931	0.034763319849875
-0.449355303654039	0.352486033458866
-0.450648557029206	0.359743574504766
0.299766483834025	0.262167244007803
-0.118506327825271	0.075790140564649
1.0103056246558	1.10952226756795
0.840958817133548	0.684511227053732
0.690906315021319	0.638305372832186
1.0646414851331	0.999642003662674
-0.00649337795938183	0.0054871785619526
-0.207038008038141	0.454093321197059
0.00175577903501239	0.00249465979267383
0.428307298466403	0.673368325957712
0.39806742781874	0.256833279331805
-0.0712550795973209	0.0369814163347949
1.46610615981063	1.16881807597681
0.559705154067305	2.37997704149339
0.35920762451112	0.642446934224377
0.622578969180199	0.19408985182396
0.384382061483699	0.152011603867109
0.155898567890998	0.0309449703044398
-1.78463242356912	0.426932892345841
-0.776733349944904	0.273361419213273
0.77859958839841	0.77480239782968
0.24486337298685	0.661522460901164
-0.412775166655478	1.30641109333625
0.276140028270967	0.678639000750915
0.180984069127831	0.358507198050081
0.200387449999078	0.423132634142202
0.160864629893589	0.282234073512917
0.822630672567506	1.9954226574248
-0.0418863043282065	0.0437887535837989
1.00200821901826	2.15265065998995
0.159346986001216	0.149207377337885
0.00293111477637728	0.00264326329646705
0.655179021339443	1.01407474494041
-0.483339582550203	0.675924158158718
0.408718312242058	0.434603024571042
-0.356527870610211	0.347550693880182
0.314450535880716	0.361365568779734
0.150057468907106	0.185585288451654
0.13593964277814	0.150573496055546
-0.399663858360304	0.671125567807535
-0.015224609185064	0.0189743147869562
-0.000615381908693514	0.000514994060333171
0.780616350748938	0.939656764200167
0.431334815667231	1.49202121323239
0.137637544898206	0.17915755575314
-0.581308217797875	0.229779893299134
0.160933101379453	0.0319961864807483
1.58099733885939	2.50222721608578
0.29021792735931	0.73336979624899
0.118643462179761	0.264033220331648
0.199626370687124	0.546116767658409
0.357857305112911	1.27146643242789
0.0149922994930389	0.019081194654346
0.100318616973239	0.137929924281059
-0.343900875249007	0.475126395605323
-0.0671239432977832	0.0599950706989768
1.15105463227095	2.40770523519221
0.0266418008503951	0.0224440562595233
0.314848496742629	0.367493695974432
0.269372207463513	0.270575997300826
-0.179566584098279	0.159843988392869
0.21442359196483	0.206809842775092
0.411104013611757	1.12008879764766
-0.435227854766929	1.07751734240222
0.37604426994914	0.615100600720076
-0.960831292506483	1.22470135638915
0.117613825293656	0.0708297178295555
0.108046372571058	0.0657107709716574
0.410111251552022	1.62456343571148
0.142065095566362	0.202409710290712
-1.78463242356912	0.426932892345841
0.0679872720383214	0.0511103742187108
0.118785990294451	0.293395586119474
0.421119714674004	1.88155029170261
0.231376638350381	0.751476840665956
0.424699519310737	0.854744636886437
0.0330110211589673	0.03591099546987
-0.378456523085922	0.522097065332251
0.264216958744493	0.280667552387443
-0.685856496731688	0.832774716509284
0.355870403294019	0.351913417104078
-0.662637386343802	0.737069251064226
-0.301280465876883	0.272354455247088
0.529030799992558	0.563632213940565
0.504554910444895	0.554831207395052
0.302709105023442	0.366001943594143
0.126135091623137	0.261816165712526
0.0407543637482999	0.0671278645392439
-0.0302620133203811	0.0373374985468462
1.46108169616615	1.16091842648722
0.336162667475907	0.256257988512554
0.919415711437296	0.699562114955171
0.874104020694179	0.770767448559502
0.766043931474532	8.97525717159296
0.40147323546339	1.1126139060843
0.771487927349997	0.646429143918075
1.97468705919913	0.505783057758019
-1.78465645045878	0.426908302872845
0.93028286100758	2.03679286762571
0.185226062714105	0.323096286991731
0.20392331783156	0.392905553048282
0.479253922999521	0.781876552105812
-0.00550524365245614	0.00462661904334561
-0.508346154075661	0.65146748040781
-0.197921180911547	0.208540055523356
0.536831637480798	0.692132614493182
-0.216594694933308	0.190007568144744
-0.219536455833474	0.242237274277302
0.272917672871335	0.283085335388764
-0.221787099958736	0.230711887088677
0.497671152509684	0.748552518771388
0.425302144922855	0.914812814599551
-0.159377988688998	0.116099150451604
0.12356351622082	0.0892564948015068
0.837500854878361	1.0562169127302
0.373584040639174	0.343099980038845
0.502553062303137	0.373490787633194
0.138974422387727	0.651250752687241
0.396530530172775	0.979007803754124
0.110544204764343	0.0323358272520388
0.0873627928541183	0.0290462576848094
0.330831332070061	0.146387163237395
-0.639501772363523	0.156482268783914
0.455229754899875	1.04482406453454
0.339498995360834	0.459291121647442
-0.0856512418416224	0.100639056100887
-0.20932289549098	0.231723392834259
0.272688948891408	0.32250135059366
-0.24842315858398	0.263378326320205
-1.22353437494337	1.89037346198333
-0.561882580542608	0.790714871882626
-0.358148571409497	0.342308321602759
-0.551260615708079	0.658983120730795
-0.579177473110176	0.658566664042265
-0.514241895362727	0.586913798998514
0.157888355738966	0.154531598310869
0.137552032793658	0.113075635212236
0.222182891856898	0.231320939347883
0.330817947190868	0.354674927755689
-0.0285593553850632	0.016186352760508
-0.277718846700365	0.211441058319216
0.537388895009457	0.380689298570675
0.463211673732806	0.36871110313848
0.794969271886101	0.553852855146021
0.310972748106233	1.52911293216833
0.161755803122477	0.0320254240836173
2.76290464881715	0.819952959798244
0.0862639531597193	0.0675557631617141
-2.57293681855607	0.711530396312166
2.76200789831747	0.82043550292207
-0.25946647324879	0.141088166273829
0.354207768956918	0.248935332601625
1.16617304022046	1.0661430601003
0.336705412965228	0.258363162606851
0.404021661352728	0.452999150451824
0.736869387371648	1.07564283139439
0.0577615560833297	0.0529911093680525
0.0607897267248307	0.0429096938439212
-0.0861272887300662	0.0664733080361357
-0.491578573925358	0.4898803071605
-0.581224434527492	0.554949249465148
0.00212215707949599	0.00132294258272601
0.401466262543069	0.349627000114224
0.407297712608488	0.361306982932724
-1.4061413864331	1.94012881657041
-0.309705054497456	0.234663508947306
-0.280062288999461	0.216970342441141
0.224047133806306	0.149495762020508
0.350872913225846	0.267126950426899
1.17599052180885	1.03917413356686
0.239343003193561	0.143108944940958
0.917871022047521	0.691819353051286
0.476307158480104	0.260833705833215
-0.461678037235383	0.199537160848968
1.70903251831328	1.28108739731527
0.161755803122477	0.0320254240836173
1.97468705919913	0.505783057758019
1.97380475978639	0.507300323751526
-1.78463242356912	0.426932892345841
0.16377327935176	0.0320933471525009
2.75955089979932	0.83241767638386
0.136398040912652	0.0345708776686656
1.97468705919913	0.505783057758019
1.97468705919913	0.505783057758019
0.137200270318949	0.034215221257363
1.42969472595188	0.465153938385468
0.988689538058861	0.368812314185007
2.06528142219591	0.909976407752675
-0.390659605941671	0.112518694557235
-0.387876938505693	0.114973131154919
0.93662806551827	0.251725171025196
0.93941333520144	0.249112320793435
0.619347867836989	0.19358026081695
0.619099757861516	0.193888375363587
-1.78465645045878	0.426908302872845
-0.381666529524139	0.109009221620307
0.160740188615653	0.0319518046826111
0.163970898374888	0.0321384121499014
0.155898567890998	0.0309449703044398
1.97468705919913	0.505783057758019
0.16377327935176	0.0320933471525009
1.97380475978639	0.507300323751526
1.42888269566272	0.47078607324022
1.97380475978639	0.507300323751526
0.93662806551827	0.251725171025196
0.161755803122477	0.0320254240836173
2.7604431721773	0.815793584507306
-1.78862229588068	0.423952932487382
1.97468705919913	0.505783057758019
-1.78465645045878	0.426908302872845
-1.16364542892113	0.355678869647947
-2.57293681855607	0.711530396312166
1.0235683506656	0.603603657070087
-1.17135828394093	1.14318034003968
0.792479663098427	0.554653373514818
0.0878690688555356	0.0367643418199644
-1.15410855166112	0.776310532175204
0.921606303895631	0.710531987253253
0.0988205436175585	0.0288145993890404
-0.212774179706579	0.0770333347776332
0.841402271750394	0.446325086320723
0.759394054069856	0.314045211388763
-0.387876938505693	0.114973131154919
0.619347867836989	0.19358026081695
0.93662806551827	0.251725171025196
0.936135362615267	0.248516942959805
0.0941924175478843	0.0315584629857126
-0.387088198986717	0.112883681223137
0.161755803122477	0.0320254240836173
0.93941333520144	0.249112320793435
-0.271461676769526	0.0885724966546703
1.97380475978639	0.507300323751526
0.161755803122477	0.0320254240836173
0.160740188615653	0.0319518046826111
-0.787294686143379	0.271875866257107
-1.78465645045878	0.426908302872845
0.936949289040237	0.252050724097018
-2.57293681855607	0.711530396312166
-1.78465645045878	0.426908302872845
1.97468705919913	0.505783057758019
-0.644587258843674	0.15769614795416
-3.08782969879047	0.976025687118183
1.97676053356259	0.502874955670354
1.97468705919913	0.505783057758019
-1.78465645045878	0.426908302872845
-1.78463242356912	0.426932892345841
-1.78463242356912	0.426932892345841
0.0841116155399319	0.464148873442694
0.380878042016367	3.15158474023244
0.332818783543229	1.84350002386468
0.640714027256242	5.66015888868369
0.299395610056517	1.26121122571013
-0.0264582141210422	0.0447243357354482
0.787326552484098	4.13855756159633
0.829734196548511	5.96143587857936
0.779442918530945	4.65729858248693
0.588145150815917	2.84382914548829
0.382917391514147	1.34552855642879
0.83393242248848	3.48844183997019
0.288500678115898	0.808131040580764
0.0312936791455717	0.0551273280544018
0.171416855136952	0.378436333581592
0.0978561484687793	0.181020266524213
-0.218326671761768	0.470167788076918
-0.363132437621286	0.869232321403437
-0.0367706020991956	0.0543015197415188
-0.368450535863653	0.897904970173686
-0.00878179638761341	0.0123960246984401
-0.0853794462572363	0.118702838463443
-0.0355868049510874	0.0515291076694246
0.0848008073092536	0.0881316823869202
-0.266924457348288	0.34853174282962
-0.0620548809006765	0.0837973820823917
-0.0159551335997611	0.0186411762011267
0.107002815556733	0.140339070144891
-0.0317523794450258	0.0371612091097356
-0.0124386357301572	0.0143425424145161
-0.270449858580293	0.376857835731516
0.216994601144153	0.273558785865728
0.212611880697138	0.195950549707359
0.386506131628222	0.574828211284295
-0.149381761539182	0.186862498762927
0.417893695023825	0.702423353943594
0.0866351708024435	0.0746929422149518
-0.0134166629524628	0.0144412979365835
0.356865195175592	0.449237325235299
0.272415077759705	0.282597375404231
0.0585455494435758	0.311499478661547
0.000610589462233411	0.00233605472901737
0.435307579239439	3.64221932326464
0.276579293982132	1.87523545598503
0.179434510872896	0.938244867839788
0.46704504349296	3.77306788060315
0.688938991385835	4.34952565197457
0.399804070754963	1.64828998760959
0.270891896665847	0.699250823065635
0.388472051063008	1.04910965874535
0.44418887583459	1.10481180680908
0.644811314761284	1.91504143105966
-0.0127967181995825	0.0168935504041478
-0.212814466348958	0.363322477095194
-0.139970074576731	0.231850753619508
-0.0832242831013485	0.104998261219062
-0.0540444746073401	0.0607372187275202
0.0792245288106485	0.114745655551713
0.24063736315622	0.419410890763266
0.244445628102581	0.602987322537455
0.0705451708116343	0.112236017189788
0.032205382223238	0.027019399122797
-0.297992065415833	0.317053003118646
-0.0208127989260436	0.0189996123687842
-0.476670448334438	0.641210926857495
-0.315310909419418	0.349754193605639
0.297481492975262	0.289678137966643
0.462723277891449	0.442615658320171
0.282489705868097	0.283703306597666
0.26173031003263	0.293840680525955
0.113106623066583	0.17869247074387
0.0524259853474328	0.0650569512690499
0.164471873414019	0.251674947343018
0.0112532987814237	0.050059473099311
0.0551016225842407	0.259097870817941
-0.441568517200273	5.18692423441403
-0.346466538657715	2.95388928637623
0.0463824947224808	0.174989979877853
0.259991375840131	1.25284239496306
0.0585171223692529	0.158739821329905
0.509020465624622	2.24917655571591
-0.330129232332736	0.98803090093943
-0.337510584255279	0.942381961157733
-0.162244704036102	0.350028131780479
-0.10358226658128	0.183792871730779
0.0640780211711197	0.100680011677977
-0.316456303742475	0.653452701529623
-0.0991653306843314	0.135201973502872
0.0351647580230786	0.0301535466990323
-0.0590877147412109	0.0577763651658117
-0.418307525952258	0.457579771845538
0.159465033506688	0.161606205126031
0.477954704975665	0.552265397918496
0.214735154094629	0.187712708259779
0.281734448815533	0.290191838926403
1.39676165302864	2.65097293508825
0.212164514791024	0.211465299389146
0.45566795651536	0.680189825994084
-0.0365045536756207	0.0418892230982064
0.203745671019572	0.291384425242414
0.132232286312737	0.94647786969033
-0.133366415524108	0.881574872725119
0.176791555983995	1.03840407206739
0.491228518178545	4.61575654108131
0.505823893126145	4.26439692360356
0.165503803383959	0.64782747005058
0.14361028312358	0.460784053050303
-0.0730993263188668	0.17270397637417
-0.249961553144223	0.768584326024313
-0.0991247543018246	0.215166390876216
-0.196296378333876	0.372213483795544
0.0933939653214647	0.0987656671605148
0.242641808193809	0.384730347621866
-0.874541552694719	1.99228544681732
0.00559737846827627	0.00612572697745617
0.478756941396687	0.473218072114133
-0.0353859607098388	0.0285324975171951
0.515173354499918	0.857544196111636
0.205431573565576	0.184573082840755
0.111702197907773	0.107026583862809
0.513661924219782	0.555309098310927
0.674088373446224	1.10366895021536
0.140442732434138	0.172068255497805
0.237679346612741	0.341833829539277
0.0796490529042269	0.108001170234743
0.16114569965941	1.39165715292797
0.669543846912359	11.8981072171132
0.562029106137053	7.08178591738729
0.184999443847535	0.841932329903619
-0.171279046141222	0.644104644328865
0.151570938372938	0.416062757699065
0.264967537194291	0.312123471760023
-0.150343228475534	0.143501914183801
-0.123191793682303	0.111617504814702
0.208191130817086	0.187762148565208
0.222064719252193	0.19711874649746
0.0513068462408884	0.0453285102057126
0.23318956158462	0.428352768447351
0.64785821741807	1.62045173374474
-0.0891246729254459	0.0983567957865154
0.077717388658739	0.0793632847781685
0.148349739534372	0.170831749794723
0.418883340028982	0.650053003092619
0.330680820704202	0.533564378987447
0.329400642267037	0.576240628452449
-0.0355837813069424	0.0292870571076626
0.268009203586378	0.340994850888078
0.376956181168264	0.612536285782619
0.0987955706436487	0.136705873513919
0.203426014495455	0.306017893862204
0.0396437600922659	0.212806960979992
-0.307849359146506	3.38967361661801
-0.304842786976672	1.37747203380215
-0.00720140644924171	0.00424273937004134
0.232721150014082	0.178362529755191
-0.686802895121723	0.625684322139117
0.12845759174881	0.0864175982341463
0.648715402402151	0.383750912724651
0.114154005577043	0.0737233574974514
0.259682425768253	0.148028904527958
-0.0972963713246231	0.047349753987764
0.705653510689967	0.506606381262026
0.208722712347591	0.483411031801919
-0.0561951257322972	0.0711214137408942
-0.276945877010436	0.585042972361927
0.0634583710310501	0.106137809080908
0.124294603968934	0.168389044858059
0.417854702599307	0.80091617745141
0.115308746839573	0.195545565428967
0.148874514215858	0.265146947683857
0.0880974750058875	0.127860919082702
0.0953188944166024	0.145546041506786
0.288756639610827	0.68744523512435
0.477407462931154	0.377146131245617
0.227576270216391	0.212169424495534
0.537733592722652	1.28245381269086
0.0997186871341609	0.152890617262624
0.216604733886159	0.422499576257932
0.0408528934448773	0.214896954609518
0.086050287082323	0.397845769785636
0.285733646309926	0.278453498732454
0.336946489072623	0.335358177714981
0.438025378952936	0.462617257118718
-0.0195400269834354	0.0136360141777993
0.116388927410417	0.164380420766403
0.216413503419686	0.225631843069605
0.039280033637839	0.0652116879122201
0.0671312868180519	0.0526616692966662
0.438899413312748	0.463636490036162
-0.203588316497465	0.288990080891915
0.000206388875951973	0.000276313159362674
-0.102467589894118	0.177682774846789
0.274238107933	0.419497426366219
0.236784931688598	0.37514126316465
-0.245673877759718	0.457370828789268
-0.176665189209951	0.303543416186967
0.121190036396741	0.166216473507036
-0.06703740912372	0.0872031394653609
0.275138618761499	0.550199686558441
0.343039083701177	0.362369915098676
-0.0808809500978243	0.0622008180506546
0.226225007692421	0.159057309109161
0.156363347274938	0.164758671577417
0.137911065934858	0.171445790310465
0.0732174533182077	0.105235509731863
0.222359337882079	0.424594052774587
0.291450548804832	0.411535531708711
0.0482816675757829	0.245405827746723
-0.158288489034673	1.01268048328317
-0.235148892665642	1.49543962634105
-0.159979248676061	0.225157247194374
0.365213082186884	0.587250116298289
-0.117059253875626	0.172533767563077
-0.196707480198036	0.327287371057166
0.44422011107567	0.672639126513615
-0.153818729617808	0.202926637327109
0.0485461456522643	0.043382699413713
0.184714419390176	0.244829871520751
0.178488497443586	0.217597925010071
0.0165729105133844	0.0202480050659069
-0.13842415047235	0.183099339258762
0.0538951914495944	0.0657624294467055
-0.0743726626523172	0.0915643068953831
0.0272095468463128	0.0338458914622903
0.200785406018917	0.259870609625624
0.565463747923199	1.03395892959926
0.597249903423583	0.677034841062747
0.219702532372639	0.177807876999202
-0.239304150069112	0.238821803927044
-0.715129074036297	0.79483657444426
0.263500547314467	0.13732466780615
0.846376751352822	0.688511989979735
0.234552574774564	0.159292542401344
1.33291658555958	2.35361520169829
0.15830295853926	0.151863589971557
-0.523658689616757	0.980572150732307
0.204914274353468	0.243179526722537
-0.214983198765204	0.240370429494582
0.440595526526414	0.739384984954093
0.0511685540540388	0.0514299235622075
0.277572607263289	0.288892273066127
0.634215234893881	0.851871275091956
0.200201692327232	0.21185670727895
0.441948315129959	0.460786330233912
0.0146627392230088	0.0642581549720264
-0.0982013667056143	0.494348866490863
-0.135013456039396	0.573510422753868
0.282858363306957	0.623108861794039
0.0262496267442134	0.0355790223416629
0.135030085138872	0.219485463927424
-0.0728627378289045	0.109589374984013
-0.0650260141194584	0.0874023370700129
-0.00190713165857484	0.00217251040450647
0.0805007603902992	0.101884141633595
-0.0602621374847515	0.0828281623924205
0.582467450555547	1.24582574826191
0.039922996247948	0.0543628526087175
-0.223576885711728	0.261993035234385
-0.16725790338609	0.231165825356223
0.271228154668399	0.401263006416655
-0.0308710807868515	0.0393274972240716
-0.591826993784549	1.23887260324525
0.448272120434906	0.827841278034146
0.197403041348368	0.261958588705217
-0.19983283770687	0.30864415239959
-0.0991609357967419	0.116312978488263
-0.326480117935576	0.410813860832271
0.36136781003305	0.363629613586935
0.222523797994908	0.175356662178858
-0.414758516428916	0.485188645957688
0.0557287985589108	0.0420739213980633
0.0950026701569121	0.0425623749040654
0.707976776794021	0.737071659552866
0.575728801287989	0.382045796207926
0.307096169304705	0.270720566141557
0.263882751459712	0.2893741846264
-0.315329138973835	0.488967355235168
-0.136914185719331	0.153486574401162
0.374410797837129	0.4993486310237
-0.336419166376129	0.467688902330654
0.453659667972671	0.528813732362245
0.157266653897466	0.156215331817505
0.145981094352351	0.123933534780577
0.0860404923256364	0.0695308640996727
-0.0907947810322611	0.079395741105963
0.0236855406864041	0.0157803829254318
0.310124480371205	0.434178447499057
0.146983906653031	0.189056712039172
0.463013442882799	0.865269488464333
0.0026791947031771	0.0112367989280505
-0.0143109035030837	0.0543372590010536
-0.0933835859187445	0.161009406436057
-0.153954738916619	0.315732281542869
-0.0188367636114939	0.0308653607785512
0.181564494642246	0.371719617476964
0.266999905289846	0.594988487596031
0.296268342080918	0.671318836829262
-0.325634039163013	0.725523148595729
0.124936799329885	0.192791599729718
-0.0779561244178034	0.117827187891527
-0.0403385623343093	0.0545124154700202
0.300084932291287	0.593975763300198
0.113209387079476	0.167368055699979
0.246730178837112	0.397707386669133
-0.0149344816290388	0.019516153347209
-0.282929263879962	0.533759751176758
0.295714660146385	0.380531780055177
-0.0868798854748503	0.11653677818742
0.0288075083104105	0.0359606694042843
-0.0316534332641929	0.0376807848100692
0.129653606952605	0.149119829099407
-0.194939901467066	0.25447692118829
0.353785166755868	0.727012330550604
-0.271307269550855	0.488135931567692
0.0683139511668049	0.097518400903033
-0.0116637720527538	0.00949732523084325
0.155888783637188	0.139892811030429
0.827754067625554	0.868876896298005
0.096277937848226	0.0388483122727624
0.360903325965189	0.343347996937506
-0.365041991737592	0.271646979540751
0.632712899856162	0.283645206544689
0.484207603204708	0.26204977466292
-0.105732829853966	0.0675025203427975
0.536731743216929	0.482618191017654
-0.862875538230478	0.730259413741382
0.343622862500038	0.501507130273455
-0.121157745468756	0.141167581472643
0.530206465523873	1.09987255545609
0.108172579101192	0.135443512176234
0.53653112036271	0.796927488782817
-0.219153259266077	0.229891022598026
-0.24678888439808	0.191566993805528
0.374669067300423	0.25387087840167
0.207997583610928	0.158010108255593
1.16814298296012	1.04024064548484
-0.0215564276169039	0.0153873759438123
0.28252845320885	0.443285273651223
0.33405779439107	0.442110520041779
0.0203452903931823	0.0911051883665137
-0.050491060181275	0.220608414166165
0.371735979404618	1.09918816936868
-0.0164043187692105	0.0264433150941076
-0.0254631052075684	0.0428585330671844
-0.236710117854191	0.518423151549341
-0.132246123342441	0.263733036057191
0.105679853576013	0.189461607092738
0.366869406005598	0.835435133677931
-0.000792919965671172	0.00105091520857401
0.25530192936122	0.521294589220645
0.441742702027596	1.01704891713636
0.0895027171640102	0.135099918298433
-0.213661139204222	0.329533314221854
0.183256674189706	0.292152698573307
0.148493960659315	0.203191545073573
0.0329544891898295	0.0318347085683589
0.0460893317050983	0.0582626325130794
0.298344411249541	0.497581579700198
-0.548139757477946	1.02436864404786
0.349585961040235	0.368767634823424
-0.129468990204111	0.1394369287898
-0.839399042466028	1.72778283018891
-0.220279151805824	0.331538444185752
0.174192679883426	0.28462057470867
-0.131717170692615	0.212428291200593
-0.457291826732178	0.504502628318249
-0.282936044333039	0.319858140875005
-0.307562787541661	0.153719394230166
0.592771511009811	0.50589487130174
0.434477241865668	0.364642801137824
0.239016982024084	0.152260783580881
0.271202552307274	0.142961075186978
0.287117001180744	0.135603320173425
-0.673060846246852	0.327889544732269
0.331634979155595	0.257309514554165
0.640001951457204	0.600432328756492
-0.795340954441581	1.20753593364625
0.403055354076995	0.624235226581813
0.565405974562537	0.853265072687237
0.000261913362469872	0.000428741655486637
0.0038980248070599	0.00346405965524339
0.282044337238698	0.292509285649179
0.144130116895925	0.111698126758575
0.112610929088575	0.0691929303259395
-0.119386891459756	0.0748492950523088
0.238327288046665	0.151793229522862
0.455037165022039	0.458139079496094
0.563253668103543	1.00644348450601
0.553644163329038	0.871844642354406
0.0027853302811484	0.0113565353072359
-0.00750967066392803	0.0271057058700958
0.481715997524232	1.42766294290721
0.644009084670156	2.41795975152541
0.0184687223064685	0.0306763775247912
-0.153852235946713	0.296002944454317
0.229133478580198	0.497673440178375
0.103204451282225	0.175291791860094
0.0850950808866641	0.130732852271751
-0.198936903657576	0.384312268217681
0.279529481142547	0.544147880598522
0.113071174322855	0.187265698256574
-0.0813783106331209	0.126383074559015
0.410135328617327	0.71267206111716
-0.444758959757256	0.909571191998654
-0.430677013275812	0.814808537409767
0.601437583390358	0.984333305380383
0.652307301686859	1.6004449037997
-0.350663226439858	0.648898214303101
-0.0373362841357587	0.0370351007835335
0.280152629699671	0.270449595914569
-0.172304177260443	0.20860053371414
0.396476352207532	0.503056683358607
0.237092589310601	0.387619175471209
-0.051434820336392	0.0644582095969499
0.547763422284674	1.16178913951389
0.0744094413017338	0.0602660396577135
-0.310916513011179	0.321703314722382
0.278961083186836	0.145885406557841
-0.534412347558521	0.363600525681166
0.32848723236967	0.252767195086801
1.04438887013049	0.885057159937688
1.46338160738457	1.16526954450878
0.0886851644586668	0.0299012989852218
2.09554233446083	2.5489336608384
-1.49520490609342	1.79720092426328
-0.00772869746695847	0.00649922616256648
-0.256069480885267	0.306085643700555
-0.126789296212399	0.145086724279047
0.488198983653472	0.86200746283272
0.218540096156434	0.203478110736826
0.217768562601043	0.206787485466935
-0.932332200853508	0.9040037919435
-1.02370416580045	0.618957326960963
0.775381570651689	0.727644885177896
0.0250572923132196	0.116147618902661
0.0154941024983897	0.0599464167191328
0.364913941071823	0.931592554275347
0.259358516105991	0.634661785888731
0.0622507939511267	0.113152692501295
-0.0433987806520217	0.0813058068996304
0.248649494756026	0.62668776731452
0.0740034678378764	0.138287346757863
-0.127193786911584	0.251205611197559
-0.0237263231607887	0.0358282608843259
0.192799009726227	0.386289233577532
0.359440794306093	0.907008601803317
0.00314229750307159	0.00461634980091343
-0.232626551522201	0.480574943169431
0.218266734376249	0.418187893989678
-0.0762349057388346	0.0948765901701768
-0.0962106541163498	0.107647365259131
0.481670684263282	1.10326308817674
0.412762379153794	0.958374609057407
-0.354773711924492	0.702373817835805
0.152661736062877	0.191307954720358
0.395420336248843	0.760060771359665
-0.0506850268426874	0.0665584328210673
0.373352654292632	0.622128970884256
-0.59221024635036	0.727022102117645
0.0281919191188488	0.0261806067815332
0.354475428455185	0.524093130834295
-0.224554294977971	0.384596452179924
0.00849336604511937	0.0111620947399623
0.142735230500147	0.200643193937798
0.0450502394851066	0.0333015953186983
0.106337794205959	0.0980835855763747
1.1598669233663	1.17366981550803
-0.223074814989056	0.128007836384192
-1.53776137897775	2.12700742608869
-0.0745072979530363	0.0383694593531174
1.01607176279652	0.584669538955163
0.768269955825028	0.316525143750115
-0.311191472797984	0.159513177265249
-0.405831049619843	0.29383436612224
0.556005974035105	0.48726321563146
0.0777523623747261	0.0775999747813897
-0.210009769884196	0.259825044749116
-0.169165750855499	0.241764338090225
0.409724356723088	0.69711492756313
0.388490938255251	0.469295740988167
-0.0641059018320365	0.0560793913426882
0.0271956674572739	0.0180061613653317
-0.346045434295429	0.221657996566709
0.09518742264606	0.0514897180040901
0.335578365424594	0.149008067009566
0.0484153215764671	0.25150832719146
0.0108555440966838	0.0410370981343034
0.0303377641209647	0.0877968828218397
0.162578188963332	0.333844520086903
-0.192977659975291	0.450971709882969
0.339220876746915	1.08771922965912
0.286446448123581	0.835297796890077
0.0886887040541984	0.181407118358193
-0.0804289587272932	0.164832836147643
0.393227780920588	1.18093829271208
0.0712709739731576	0.127376029644032
0.438710102878995	1.27865932497327
-0.0338154424082243	0.0544596417097502
-0.0487375140843075	0.0841987020850005
-0.211737498948195	0.419882598740844
-0.0124793064986994	0.0143058445506858
-0.581832640102569	1.01534996220066
0.281352515770235	0.478717555478019
0.062809682919114	0.0987419216447103
-0.475781955656376	1.1645981053325
0.104114967976862	0.125868780247288
-0.035260325477801	0.0502989113400064
-0.276370727831069	0.501572775255895
-0.460321213916397	0.873568668485098
0.220501498049756	0.20328378939154
0.0479593160339452	0.0516399063343251
-0.0768538995945616	0.0895620371426242
0.23657454097853	0.440631339219112
-0.135238382271167	0.218682099753663
0.107764395630675	0.159435172208365
-0.0284148249091473	0.023403350450625
0.638711013918381	0.90324362655509
-0.0462898480931964	0.0250624888541004
-0.160248654031285	0.0658860105547905
0.861751680113143	1.00432933195389
0.340183163041399	0.261446080600631
-0.161612068207759	0.066269525048099
1.56037152275339	1.04657659726383
0.405303184555719	0.255654933138217
0.12323803786471	0.0874951022006863
0.229415580169891	0.170388341436062
0.0973375625771929	0.110504420606707
0.635282924314714	1.2028473424755
-0.151655186008592	0.220817421360434
-0.473331443902181	0.769399344672566
-0.144679734914903	0.137993069374314
0.322970311809094	0.340602859847656
0.139818904620731	0.122899498072494
0.470187628290302	0.357227376511552
0.226920192392349	0.177282440615875
0.0854341976988351	0.520456236586185
-0.123622863066449	0.713370034358091
-0.167956095387642	0.89153140244316
0.037653275030464	0.120188317227125
0.0235837754013078	0.0443596674568592
0.412727377173309	0.82622641967112
0.168229218061338	0.373419370399559
0.213766577048848	0.569814876770389
0.20511209087313	0.52018880404327
0.146836010918985	0.362569334484865
0.290024548334276	0.802222955880379
0.0693862652770991	0.135864525957528
-0.107757560772634	0.222194534731048
0.231676517214768	0.53590603014711
0.262759677805293	0.634528137283532
-0.113752403303328	0.205501359762612
0.182269838688163	0.385409077921365
0.0981054752822755	0.175294665836887
-0.120806892311048	0.152727780304766
0.110596412119174	0.134619913337134
-0.00608824052419477	0.00776897034526105
-0.233340738690148	0.413021783775963
-0.0486241944603783	0.069958838212568
0.50318612930029	0.993140618025686
0.281226377957413	0.559211931263879
-0.0460309490976074	0.0658840467833004
0.127629239676332	0.179003185017073
0.411258521648372	0.447799709022092
-0.114957267138313	0.123679801367345
0.279607533435817	0.421114184109571
-0.066864160304726	0.0982989720163107
-0.0721804503624976	0.107153804194403
0.375465598750722	0.843642878252011
0.159255023197165	0.15161241046774
0.947978387016042	1.47698206443984
1.70089219117227	1.61915768378029
0.0887080389946732	0.0408047389358506
-0.0452727320544723	0.0316109482801624
0.244875002220293	0.134511079950452
0.936135362615267	0.248516942959805
-0.0749431187417266	0.038486681481255
0.624868698566828	0.283599902593095
-0.346374269549013	0.2244748383601
0.226827714181932	0.179239614066069
-0.0613134043633901	0.0681081034736514
-0.416549248889382	0.695889611507945
0.196026018388596	0.284794966758
0.0463235314812146	0.0594149873103061
0.446061294901401	0.645313495690865
0.302058140365344	0.368147565265352
0.677968730687496	0.783707242007373
0.771672088731679	0.650449617534771
0.129422554270975	0.0947986563034201
0.782496909225907	0.53596559705725
0.413798611065075	0.362057438645048
0.0794571745119863	0.470385607373868
-0.0291606391315098	0.121207537189919
-0.0613387872600924	0.233166417267367
-0.10359362701747	0.401262575217286
-0.0855292562576215	0.29777238028736
-0.105132594366335	0.249186845013532
-0.0781102842360608	0.191488066930696
0.100359439571957	0.130986529373303
-0.288871825561673	0.512476899749135
0.306437338009281	0.862170945428131
0.273511421201481	0.807581107390792
0.362017195775411	1.22976087827631
0.130555380864766	0.323094571123495
0.13648555065574	0.311288467058069
0.181787887520251	0.461223921816825
0.321873794770483	0.989539774352056
-0.0405894876016016	0.0726127198493037
-0.0201608560261747	0.0343457403721492
0.133483998106812	0.249975202190957
0.326056644192687	0.854338687069937
-0.106817212128007	0.174621784743284
-0.108107331430567	0.196296163410047
0.0119607718507225	0.0133042430003558
-0.358190261010056	0.52889888724067
-0.0670809157760863	0.089029474515472
0.476474906453118	1.29364803206761
-0.232769747218587	0.407069986777906
-0.0595110062768604	0.0690053622126473
-0.121288281390474	0.205209700206584
0.0622596859654283	0.10155050135226
-0.359347163087428	0.714054036543376
-0.169288735955852	0.166171846691265
-0.25027961001165	0.316273593089254
0.221564651377383	0.304833894729139
0.253250713471622	0.470129228611368
-0.00900494016666612	0.01245773629343
0.314440499660275	0.60357280978993
0.146262353920886	0.135188679892075
-0.345176288366274	0.434524244302123
0.330812444267164	0.267382033276687
-0.22579105221389	0.154439314298507
-0.143231499884093	0.105592693771015
0.230673146184794	0.181983326444163
-1.73827214507188	0.978850420167772
0.0974265469600276	0.0393500851322341
2.06556956572392	1.42676332999395
0.236898076791794	0.14438824021241
0.0217851045157641	0.0136518074945572
0.063359370393658	0.072210885049706
0.163684023214405	0.229411667631209
0.0933703095572747	0.111512509442242
0.099292744429508	0.123328780972868
0.464451368784607	0.69628550071861
0.405343561480434	0.534419055836336
0.565451735798563	0.574449207899255
1.40339204379828	0.812476802323949
-0.705577301416212	0.732227131976125
0.24819161741926	0.151154497124142
-0.143473804097013	0.106783240769096
0.184580851233253	0.255887203177118
0.0413461885694992	0.208511795034612
-0.0754151867968419	0.36798348799102
-0.0402052626008812	0.141865124876734
-0.22313948460402	1.18181539830453
-0.09130235672126	0.292950213957072
-0.185149072221121	0.524476100886446
-0.0660559327747169	0.16278811165526
-0.00403100808615412	0.00451168398847868
-0.177927077799347	0.293416581207797
0.443663319449058	1.63710919940274
-0.00333809572952289	0.00635700470625834
0.119539804192281	0.295206194235032
0.290327337828335	0.963474399530863
0.226219752650588	0.627919150377056
0.274190157697127	0.866807737152699
0.149621142906642	0.341672237508857
0.00776881226991363	0.0134901595506184
0.0715264961976693	0.128527168579571
-0.193455923748782	0.426887735401897
0.00407796957606121	0.00649705163610925
0.253133401062614	0.574860635498949
0.0922448896924087	0.164640763047574
-0.23447144757354	0.494904703377469
-0.00396324327344705	0.00475055232241752
0.28021549400269	0.386978503484435
0.105035733567254	0.1499034366391
-0.370435074149681	0.952472782440567
0.256298281899378	0.507024315670853
0.30431993231454	0.519842548719522
0.370637475137871	0.862318198873072
0.00985760419736344	0.014079603646996
-0.022666256440439	0.0267829371459761
-0.106682197839873	0.0815522882540012
0.208618854687689	0.283687763600009
-0.206790187487135	0.270597529245933
0.375463642629664	0.779201672382436
-0.135216469761363	0.228111067373422
-0.0879435859829366	0.126246310565542
-0.0259520674607327	0.0214628935921777
0.0293444196907311	0.0239140857197029
-0.0121323729502472	0.00713332134119294
0.839809962987053	0.67963573445547
0.83846401392994	0.679191643223926
-0.571706220571736	0.437034755499899
0.628072039901837	0.199114579100589
2.33691277946113	1.82286561879027
0.0877560202401585	0.0294172086337526
0.722381915557024	0.637846438963134
1.16913823196957	1.43078494296154
0.351809931916475	0.539666616586509
0.0518014851380106	0.0608036198935372
0.222315381734916	0.327461378502754
0.369327050689571	0.668869349629857
0.352062723113566	0.451550280774897
-0.681130214992871	0.796577997777478
0.219742939648413	0.178590799893779
-0.467926408471007	0.256495675744261
0.0424142394754277	0.0292564137100516
0.725816803275535	0.414124343279484
0.289700882037425	0.263574588235643
0.466669982835126	0.883187674688454
0.0902227332884218	0.562889176535307
-0.0400477040080837	0.172506594656865
-0.11577194761455	0.546856538089122
-0.107751536752876	0.403670265701783
-0.0557341651976244	0.139859809705453
0.0643178232660815	0.178305189041067
0.116363645098842	0.17479388401119
-0.212265247094743	0.392478301021212
0.144601888568488	0.330907437532775
0.248746582414309	0.815498150572774
0.186839326177559	0.559804685041934
0.254755785364402	0.866076527473703
0.0513347933705731	0.108609570866984
0.250041894737978	0.792846986198511
0.173218796470066	0.451063842000268
0.473349915943224	1.72580716189383
0.366716649377378	1.19241718030486
-0.197468777766777	0.456947817961163
0.265344636388913	0.713613442151889
-0.26480920147734	0.68594397166273
-0.0202386217086425	0.0330156944286105
-0.250041762968214	0.544441472692917
-0.62903647393802	1.39894374402739
0.211615406546348	0.301874874334919
-0.0957759720601885	0.140889654347488
-0.011538455867406	0.0171733355770465
0.310515533486715	0.639987914572637
0.0631890657549469	0.0777593116869473
0.424644481463826	1.21013059949095
-0.12639576755846	0.21189684545073
-0.178242333974888	0.276008155385913
-0.218255828981176	0.242388493296855
0.582283092272474	1.11883036540507
0.00258100456081653	0.00267474501941499
-0.124844329564292	0.21094387252246
0.447833989107847	1.08754450316961
-0.121368629239255	0.201303366775586
-0.285634780037419	0.304817775239304
-0.307210305997043	0.298279410701991
-1.15540318474369	0.776744127087871
-1.16784237548772	1.13500939333144
0.501646932588955	0.371232330201514
0.0303932154237613	0.0202398871008878
1.27380424157735	0.544045684621799
-0.669303762897495	0.32589877152953
1.02018138345647	0.609115429201752
-0.6846806137133	0.620861423638927
0.619906530305385	0.692711055331885
0.139275667746835	0.166562971604981
0.280392599720316	0.452044347427742
0.185105995360195	0.255630114928155
0.315712303491182	0.517745941854829
0.403986310173416	0.542842232168615
-0.0177842905706405	0.0127731249110102
0.144226135093625	0.118992893855534
0.487002633061976	0.37663536560078
-0.944641400728536	0.938109210911855
0.106086881719936	0.0651420702754242
0.437857305130392	0.446712103643194
0.104230528855393	0.126362069568492
0.732306507591383	1.39176390804115
0.0408143268982428	0.202043447377991
-0.0664110791656453	0.313125427639896
-0.00718827597304755	0.0224993711958923
0.0435922570151945	0.11366902098124
0.231748999209268	0.97285212492155
0.405245359646259	0.910539371041136
-0.224248632148703	0.432580974972935
0.197822100627772	0.508811317175357
0.0431257384996516	0.100633400116928
0.298278786776863	1.07336041771286
0.0641698653071321	0.157020693389904
0.509864839893537	2.21448707564219
-0.0497179312761228	0.105177555447614
0.199739284648011	0.551328019092466
0.465425519645585	1.68493672403806
0.143837535002878	0.327500150032876
0.0493606001693	0.0893898631818104
0.347141572348567	1.04694790535954
0.0163046351578332	0.0275047409648759
-0.19066641969437	0.409930008484534
0.210869242479524	0.445076038085039
0.309187935062541	0.484578083090858
-0.599639948699215	1.15599047215017
-0.104867761718704	0.144808347185936
0.0920794050880694	0.156659189450397
-0.0203486392131205	0.0268766097992116
0.618627297819491	1.25343240166022
-0.0591022032025285	0.0930639809691623
-0.0308941589696602	0.0463146632200979
-0.479046545896129	1.07507435268007
0.570644647831411	0.654483322895743
0.676442309156716	1.02055222302079
0.521229811496749	1.0040152126849
0.122800033470404	0.207417098406847
-0.0675292087571365	0.102574087749684
0.263893403831422	0.547267119062966
-0.147189972054427	0.13406411414224
-0.456434361019747	0.534248525917279
0.107337769404123	0.0614446163407885
0.599602309723417	0.387159070919429
0.431197912938678	0.360531692100052
0.259433167220816	0.14745805138251
-0.121393007823991	0.0538478834691685
0.758714786046977	0.318159770607972
-0.469407380214586	0.261138309182658
0.0911525988041536	0.0498192663073617
0.455557662986574	0.373418050248314
0.45430992348247	0.690481087628406
0.278094417205108	0.40525665756286
-0.0683616262907486	0.0877282502072178
-0.15759557942337	0.240604022818798
0.661467413369774	1.08799672531059
0.298232858591702	0.281688820604938
-0.00535999660563545	0.00319768160085876
1.59118611666564	1.37964157644902
0.0774495839942711	0.0623587082523051
0.251782974655791	0.145492311751113
0.225435895050794	0.171972451770792
0.472158869927648	0.665347909903304
0.0304096557481139	0.148068144999889
-0.0505982435123946	0.226998590959996
0.315182150744009	1.76135196689976
-0.0116682114473416	0.0332594287000931
0.325893647818232	0.721727107013704
0.0140308899057527	0.0215058434016797
0.0142757877180066	0.0288524303034479
0.0320009754384763	0.0770638320064455
0.199438634822602	0.663189945200386
0.302735615726842	1.23991763933768
-0.037988416667385	0.0816025827791571
0.413487594044125	1.78655686088454
-0.0265477920055832	0.0547613880778055
0.215323505114568	0.585445771584692
-0.0898689520571812	0.193594742027113
-0.103746390819883	0.200014300695284
0.222495918516251	0.558115863304468
-0.160893408310262	0.355167673796776
-0.528940378901508	1.8335427655474
-0.224261730132586	0.5107586239717
-0.169861607646127	0.251009157703884
0.236557390495623	0.368051419054425
-0.0483134552633985	0.0702984302584031
-0.270240620018062	0.602335369711493
-0.159052018958819	0.293789304828031
-0.0966087025882519	0.140206162549459
-0.0107398893855803	0.0172747373171048
-0.137519013569145	0.242746834430373
-0.57214687015792	1.30579554977526
0.663855899422134	0.95239836851524
0.299443995872216	0.435885636887201
0.163639057159064	0.206420185761419
-0.0756926306996994	0.121413827067289
-0.0436489338420514	0.0675977961278168
0.117901530308602	0.200129415687304
-0.0719180665314646	0.0647407212651479
0.0520620432793145	0.047359956111917
-0.404576489686318	0.24826351092798
0.370407701029599	0.24838839376719
0.777286705934424	0.85950039526912
0.235969274707027	0.167669610400395
0.0794301360210236	0.0323418538381508
0.834405419444274	0.671091890329365
0.426982712027639	0.252890069832953
0.108723167278915	0.129204279983579
0.180672010659827	0.25417877514219
0.21210641458991	0.339638104818597
0.132155394843391	0.187048409590312
0.216536512751802	0.26347077661323
-0.0128019750497018	0.012048966748957
0.148521100727469	0.12582503435823
-0.179917149057935	0.109583215200897
0.524285962658412	0.601707882896223
0.494973995154075	0.364101253135627
0.853717580478591	2.24911235111345
0.259297079459908	0.378733645271415
0.0707453215078362	0.408384988032328
-0.174889078136848	1.16749594098387
-0.182422514930972	0.991640212949478
-0.569571931958856	4.18382224736286
-0.427664477307433	1.91470816455964
0.157271560997769	0.527219132212146
-0.0211513633166282	0.0447913634091278
0.319906967758045	1.15026159784665
0.0402200720497092	0.0892192866413683
0.203970980083769	0.575769027192823
-0.037086768988554	0.0748234810613167
0.028806439386001	0.0542341647748048
0.00732200374774589	0.0116613578751219
-0.0687712257587516	0.122957949717388
-0.425705023766978	1.1704303058006
-0.0518673576260013	0.0897334711794479
-0.156533837010734	0.292684001026512
-0.31253174002011	0.716986735452933
-0.0793173518230616	0.13544775098396
-0.320578996426554	0.768746220723281
0.00292562261560159	0.00419845216975675
-0.0401541727701249	0.0651663047619769
0.226857811248891	0.440957303255592
0.0893260666807753	0.156006147910003
0.0404538121580736	0.0510059472498731
-0.0252629228727887	0.0368250379077847
-0.245684356918221	0.43366386101233
-0.204350506127111	0.313295013513951
0.277803776742569	0.403270796273462
-0.380599848160617	0.727222992095346
0.230907150475997	0.371474808738667
0.346524512501244	0.772096097578035
0.143011165303832	0.224193910575465
0.216710168700098	0.395056178813419
-0.464434573130812	0.875587545631026
0.150182214361902	0.18663691894977
0.270734033043375	0.283150366521058
0.364368778847569	0.370159308140869
-0.834390883970989	1.34291995725649
0.384723985868389	0.360154752266161
0.0694091540373341	0.0505073257954761
0.0136260096962932	0.00806092690018044
0.790450075993264	1.95703382198287
0.500165062818017	0.85287867094579
0.406443826852943	0.647846804338149
-0.292112037975735	0.41777845688405
0.288484013739787	0.285883068889738
0.200397317100306	0.208834556956258
0.642789077528513	1.62720572380251
0.00669176967504988	0.0292731599006537
-0.373202697965937	3.70441564168395
-0.39083980974365	3.40632519171891
-0.400640972612137	2.66216838448991
-0.199920905330963	0.859325333555779
0.478993111696231	2.05736769818871
0.342454636916825	1.17135566577236
0.451810072774835	1.72256946093909
0.0470449614030206	0.0887011337642636
0.0952073262129654	0.192742915010314
-0.348379241557757	0.957789616946729
0.297707455083326	0.68827833800188
0.0328241713280903	0.0503816986600968
0.189710945232215	0.350111938027738
0.0397495641227184	0.0558645795586177
-0.206065434795734	0.35975235117554
-0.411934494497662	0.893538858641839
-0.199939614432948	0.373093047260346
0.141783365213383	0.322915415955804
-0.141205795849603	0.319418325366603
0.201779661803979	0.453640873551662
0.2071282661263	0.308220560876844
0.0902051124209927	0.162708452391353
0.224568665191109	0.328317303405284
-0.12198933308869	0.170752750881212
-0.267431828596788	0.423073521910946
0.220051727570879	0.331609939961164
-0.110732976025763	0.202931906575549
0.16324587374769	0.300525445965899
0.335136991220729	0.756080912170443
0.564052194862034	1.33090252615581
0.115115977740061	0.144542775785952
-0.3225185675625	0.57803699506079
-0.231495942632637	0.445642484566731
0.155388831861002	0.232193200360609
0.0470250764406194	0.0538049801984392
0.115467437628213	0.161065874956478
-0.0632738396533015	0.0715290351237929
-0.359415743726414	0.451910558391754
0.162999383161123	0.1789808399248
0.406880380344597	0.60113817860019
0.443933661259715	0.544058212882089
0.598982676582331	1.19134396088589
0.340129945790325	0.600014506950905
0.220078980515026	0.358898075177591
0.433822928511372	0.749558813260865
0.302112701693955	0.534566963666557
0.0277082619606153	0.131074996426715
-0.118723543323026	0.597682928307625
-0.186803418305774	0.766136774554682
0.358729864351562	2.21326023673643
0.774758205738386	5.92312963458363
0.325490527880632	1.33736469519495
0.245085948318903	0.831734275899162
0.0733352528681375	0.16627181458262
0.00574280441538077	0.0106662604995687
0.0533430754979758	0.103681496409291
0.22204403923062	0.529627956438032
-0.0500445938105187	0.0876928223207447
0.246252471030354	0.536472481071909
-0.278704469246299	0.630445874343994
0.0784604781967068	0.128574181628955
-0.152354034665671	0.277012841860385
-0.352199182193406	0.8618481287386
-0.180630607334013	0.368896829554
-0.326651667716047	0.846438636600009
0.303251362396772	0.669183906855846
0.114390714549545	0.203074469827933
0.345618367145873	0.581265135486187
-0.249056129903635	0.449598980127711
-0.149250387519502	0.237009692737406
-0.501411178811949	1.17333953665645
-0.308936754008946	0.461619402171478
0.591646063354367	1.54802992219495
-0.0507149556039244	0.0741506758466097
0.43844996410653	0.963677446684417
0.138416681999994	0.213086269015259
0.0537573393714354	0.0855410667285435
0.813129590937395	1.90796958919208
0.0717797904046248	0.086349127633312
-0.517190688333215	0.560597114275886
0.0198676250733547	0.0152944768960345
-0.0181431147497524	0.0152293905527545
-0.473041986278648	0.447880466434552
0.0965442474824757	0.0561708510560141
1.16297742184263	1.24000072902862
-0.00676192099922037	0.00386385544978611
1.101004122878	1.96074288307714
0.461585791595355	0.865191551925554
0.155207378198222	0.192829331064193
0.578315221939947	0.869368299657486
0.308314847442214	0.337328037936558
-0.0746378866091606	0.468052208863787
0.0643641172654899	0.348409520425225
0.437495668019674	4.42376956144316
0.696150876019102	2.59403085859444
0.699730058274455	2.27642327101076
0.240412623275401	0.427410896291653
0.411414695590927	0.884818412624108
0.330816002703551	0.631755444554317
-0.151707258506729	0.212322566550547
0.453484679949203	0.793998769605238
0.142090231001849	0.164872966182706
0.309113161305131	0.369314013754024
0.410155373761997	0.53393524567753
-0.3826380630177	1.62404044666324
-0.243593423667679	0.832402402772285
0.0472518152009847	0.0809865929298461
-0.138987435285229	0.129480146857825
-0.11922392936044	0.207406080196873
-0.142032052704293	0.157571196666442
0.0432519799522009	0.037204450895654
0.571396610845815	0.660694723539725
-0.209764253850957	0.20476772582228
0.159179098386997	0.445110978731053
-0.128825667469682	0.284482621983308
0.0743919298017342	0.115908910531145
0.943796775388439	1.39851317369191
0.668635804441175	0.704497553514547
0.179327491246366	0.208492949743644
0.111547589738931	0.251165415023109
0.171293007485938	0.304936865788441
0.506594146673163	1.99242274023006
-0.0949645269973767	0.168000316088688
-0.379105691500617	1.00119201205788
-0.194785661810063	0.369891775286813
0.270088594119149	0.630978171193042
0.0946748658083191	0.186303104815498
0.265286606333211	0.575238179365713
0.23816793632579	0.566266007080077
0.458485958946786	0.458615578391578
0.467426972950713	0.763823708742043
0.323248196934961	0.454845597237997
0.117150192716992	0.869145021212809
0.0148179495007024	0.0597031884097892
-0.13318835510956	0.382183934006135
-0.437856183613308	2.01330542134902
-0.327167096245503	0.885670215398628
-0.508107426219996	0.914207086447479
-0.636263769706305	2.16867917756306
-0.0468921145606013	0.0530453335625803
-0.487768604695027	0.7135120044483
-0.507146847485899	0.7685516711774
0.0578591665568742	0.0683507950045424
-0.0686947450995142	0.150670040504137
-0.151440792068968	0.310531897365055
0.299741266996597	0.641235263501089
-0.287349335891994	0.331884553900706
-0.493299734377707	0.695126805842112
-0.680377069047081	1.13362926338854
-0.432694830597661	1.45541618231459
-0.454595846715488	1.06074139167906
0.227665930035313	0.514458181653886
0.0257210788814745	0.0412468899625323
-0.256272647788982	0.543358397579122
0.154763180076696	0.275332886908345
0.222242009331115	0.448672610256383
0.411327364343097	0.981133287539441
0.109844557816142	0.19188171988111
0.12556342194553	0.219686283849329
0.031897919044763	0.156847742184041
0.131020057002194	0.751584568471157
-0.0696017187919061	0.257081837704374
-0.108121790680497	0.231449137640707
0.00601072665325883	0.00903991387498118
0.022233573942743	0.0403268035829239
-0.248506527206082	0.455630572996804
-0.329181005028213	0.786797620535982
0.479481204911411	1.33971420118453
-0.362643188376535	0.831176251756375
-0.262312633900228	0.616393719078826
0.102414093604203	0.186788582535748
-0.0582940695655857	0.100000053935582
-0.218945659068723	0.388668741208064
-0.181011324730805	0.328208402713793
-0.226532700210962	0.460951171150619
-0.243285205154336	0.465988488672046
-0.0633338598181957	0.0848923195791148
0.586472077211304	1.09314129468226
-0.261215033188394	0.35494730354552
-0.677662200349252	1.27309236018603
0.284723981399695	0.364312835002344
-0.526186378299616	0.704851955503467
0.542600384365334	0.866225573783993
-0.093304191572823	0.0800550051729381
0.273370029075006	0.382261654878656
0.0201842792399703	0.0920097416240112
-0.0530295248830522	0.240714853701758
0.0819002816935058	0.141939270959957
-0.255206611356538	0.630392111160184
0.0603048178563513	0.109678122784408
0.34840784785025	0.740548278121291
0.010318738486961	0.0169166833210269
-0.043109354057265	0.0733161610548457
-0.101632786525128	0.151918382493494
0.518177145011203	0.790245386399921
0.328151063641533	0.606484730362145
0.21872085998522	0.297538649000127
0.098242982668347	0.175492048621113
0.127312135406179	0.250166261682967
0.0726461032345277	0.117164367971503
0.456024737946365	0.664587199217467
0.303583093423525	0.399998293367435
0.125294771918291	0.0855496891392163
-0.179301821921608	0.109140615840324
-0.58594470079331	0.587661823544682
-0.442427638190676	0.389965251975625
-0.554744827463794	0.294858265108523
0.33286243990568	0.146558965159955
-0.582755448440276	0.441961613307807
1.46094412727449	1.65373319483494
0.0170723384279934	0.0772326331947966
-0.0241180295579901	0.0996484175362379
0.0319041635948099	0.0531709741502111
-0.103842486271652	0.225198663237652
0.448533393177904	1.39532133012705
0.193026616938605	0.354021950353501
0.33835256219432	0.996072980768543
0.351815348561617	0.976645853911422
-0.2627891037058	0.529682265593705
0.312396327819213	0.37497740844049
-0.135966869529528	0.180720776804354
0.156235167833809	0.232249812658467
0.0833513816117536	0.139440447442936
0.165769874112493	0.350119167065771
-0.0546197194770828	0.0873200584482807
0.511459303997756	0.783708475786399
0.99797288268374	1.9779415063555
0.0967060003315663	0.0520168491006514
0.59858356293207	0.600949500495044
-0.0177284148797741	0.0128865714095916
-0.215341659868084	0.125351447019843
0.473826364775071	0.169892826333506
-0.228927903351423	0.128561667832101
0.725955522291532	0.397860514190828
0.559831565816626	0.489166192536552
0.771346558160291	0.924282996867041
0.0152231989536035	0.0696118567077386
0.0314324404469524	0.0492777329880829
-0.0581787613312934	0.104623531244443
-0.183331110264019	0.481204462414751
0.521914253220027	2.09795204814064
0.468508971839049	1.34018317123032
0.107931747835998	0.233280326051514
0.329588875279563	1.00097940830918
0.291006104954041	0.690280795472721
0.725705413445744	1.29490045808425
0.235907835994006	0.356862281279341
0.306832040511395	0.556155978021291
-0.051086935700549	0.0877455431078066
0.0603026255269807	0.109350581268639
0.19528134464983	0.438302699927345
0.358391614054673	0.486333278943184
0.213366841207147	0.292810445931249
-0.663808560295747	0.535519268416375
0.224349094675285	0.159213038604781
0.313562374515479	0.274612951510805
0.584172179057205	0.497950990130558
1.46452726926096	1.18925648666736
0.662414472035833	0.524073347744227
0.410158186619591	0.355290530602562
-0.114928799199297	0.221489601868272
0.100296244469151	0.21558452535041
0.287491147793023	0.841837983193664
0.255329345820437	0.692727242370525
0.455655913785728	1.31416720515833
-0.0749249617067333	0.156014311707011
0.456399916784216	1.59129639897319
0.344117932193124	0.843042936823163
0.238264249436785	0.297018201132169
0.628759977535664	1.47495635437007
0.0121399872899403	0.0154831552455898
0.206528454273578	0.453284477115267
0.349712713281403	0.928978461927676
0.335209217892795	0.861492000067299
-0.459418674161679	0.724684119285668
0.506272092055706	0.757028462731218
0.240247136699696	0.16988627733774
0.655360500911466	0.508087803141456
0.537319033217234	0.38219872170346
-0.0689547120492666	0.12836868941221
0.370819329524787	1.22970052738849
0.132177723133698	0.348593827382182
0.358827927727916	1.18580740789246
0.334370162070766	0.858723408666947
0.322341154268496	1.09587444779853
0.154920800682705	0.363971345293096
0.567084603280402	1.90986082416458
0.396085908418832	0.542354473794845
0.58054332658588	1.46947607710786
0.231750204126035	0.433168573153317
0.304242473381769	0.846475839291567
-0.0944470409674937	0.187514691110403
0.380652734592316	1.11356554341463
0.283655916716014	0.392022287479259
-0.00170630548521046	0.00140139491561047
0.677127965928676	0.619740648144831
0.745780749526979	0.746197686874369
-0.0941268732114753	0.189586413174484
0.314906438940692	1.0215747901814
0.458104509036392	1.97399358220127
0.521171992973014	2.27341387614356
0.34757520487979	0.928535825782289
0.330512043426255	1.13440242554482
0.464506671883685	1.8719903857036
-0.175651729223121	0.371664546846749
0.702082151051893	1.36925352496901
0.00903174578390607	0.0112382207223409
0.622712084818677	1.81771839639681
0.181030424679395	0.40335869254508
0.21858514761589	0.516287527407799
0.329502575193449	0.820748990209218
-0.176811348198334	0.198617066535609
0.389544879607903	0.546500513946393
0.475778648747167	0.368293788783866
0.229678559617978	0.155941636664753
0.329231194039399	1.1680462773824
0.514231267254335	2.5023417533903
0.43219909352384	1.71586759518101
0.715567860504452	2.76388801783515
0.182310048274948	0.491622601940016
0.156172653810188	0.386197719439523
0.0595334898664247	0.10383984449766
0.920413497492899	1.93263915076141
0.719882780764053	1.92774036876106
0.312187431280284	0.675659368541963
0.456791454979473	1.4145628662023
0.234459901215378	0.549706588677823
0.330603933953685	0.848326358818186
0.169470482545552	0.193746947881618
-0.168037310975074	0.189847592372641
0.356129617888363	0.254198326412389
-0.0276065867430702	0.0190565485041712
0.540456811252097	0.561589042879798
0.880515003937562	0.817617073887069
0.643041325820118	1.21208397366841
0.523704122479247	2.58408403965545
0.564997707412167	2.10352456338922
0.392736068126972	1.52704547322663
0.355986173256248	1.27083989164379
0.0707155198697441	0.120589377605278
0.675216617853141	1.32332941818162
0.567974342134567	1.45460374846277
0.674062301240092	2.02047018971037
0.268592042731104	0.675967605385114
0.0330484095986658	0.0563528331125647
0.237517405106106	0.549872829482489
0.0724012723225894	0.0892580047885166
0.335663373145636	0.505445998878528
1.33175912624471	2.41166684279399
-0.0308024379208418	0.0172039809213741
-0.319635451428769	0.265816958047743
-0.224294519192426	0.156699549302919
0.0901343226601897	0.0337551502791564
1.16552622641471	0.852603362648469
0.417555260396565	0.822861327481938
0.180562840245046	0.240408490835566
0.576287154120404	1.08555050346469
0.377323448402173	1.45640752723123
0.513674277262049	2.62892917224043
0.436330385449594	1.42061866620907
0.738365042786213	4.48836997780245
0.241376852116587	0.726061171515011
0.0165280920829233	0.026641043588581
0.484187316885359	0.846905557032699
0.311149472623857	0.625199051701871
1.14914952060509	4.24010925437746
0.103802084405166	0.198952061710665
0.316315201518217	0.848894902626077
-0.0437237808364484	0.0743938733297613
-0.0457499833255274	0.0456963379054863
0.36026381051052	0.568863825591624
0.4056527544295	0.362846855208446
-0.145540756783643	0.0898588419340284
0.133794428748408	0.0973343838388377
0.236198130396032	0.179027260381972
-0.215175949532535	0.0800150283620708
0.435497473575959	0.261954223768217
0.291266578772074	0.265469172678749
0.213922967181629	0.172748331475703
0.474465991080752	0.962736162990956
0.401433674216361	0.777660068919904
0.606374080727186	1.05452286919015
0.383220312237137	1.73703477754125
0.688209190514725	5.10721274114927
0.51301970348277	2.09166045383034
0.493784527118031	2.46539411909146
0.12949178988787	0.344282174273741
0.281555639712769	0.7839178177702
0.679871319038655	1.45505668872724
0.672559564889624	1.91227907933935
0.890631839739326	3.38099618829701
0.209688161916662	0.526558029565817
0.267767005294502	0.794530195367628
0.42233678694273	1.36184132152044
0.481937353615294	0.809741101352159
0.830506166701971	1.81217330692184
0.373642914086762	0.342943690668606
0.773068054786564	0.848144833130939
0.820095348541282	0.954535099720679
0.23072156882363	0.179930956862114
2.17163829686705	2.22440346649415
0.64327196811567	0.93359569936557
0.349761249527953	0.660857788731615
0.279771218488397	0.565366286916999
0.66319048393504	1.83706012010078
0.780494331007722	1.64925442297578
0.48545982096407	2.97285024355866
0.459864996396423	2.29242464577543
0.225241946524904	0.702461118791896
-0.186049276109094	0.435341768274722
0.684785317959324	1.24988606664017
0.456071556104984	0.999833021856765
0.665195837147195	2.13640094922741
0.346196089753158	1.0574427066052
0.290920835330842	0.858728428888701
0.183391594565976	0.413376220686681
0.543691876303578	0.877817557306319
0.107325328053892	0.122999221982288
-0.0931350465716694	0.0606056493525185
0.108857979722392	0.0689751260562644
-0.0565033586981653	0.0430965948826878
0.646162363564003	0.403963997176508
0.293396360809277	0.282359023845661
-0.220590801550138	0.325580239292581
0.358620847635201	0.634243942056915
0.03163283712496	0.0384123586253969
0.170033985275677	0.253972009082617
0.441031064414872	3.68549542057745
0.515511797924243	3.99866845805793
0.57971613833537	2.87081504332485
0.427409763083076	2.10183234216242
-0.0401989317548336	0.0871389301070002
0.0590126256689113	0.112290871405051
0.617682238319133	1.22456740482533
0.2474514120926	0.46407443905757
0.435845380791423	1.13053183226135
0.408908882120908	1.39225138503852
0.444170898474712	1.49093719045797
0.39299314633003	1.24390965285622
0.433628314945888	0.735335695231598
-0.230522875121815	0.332607335465345
1.01706775042115	1.39274549687927
0.124439510165791	0.0875023854643802
-0.0365642110028001	0.0258117963432536
0.220697367038635	0.19080790950157
1.00823941136175	0.480029165942847
0.54036116126535	0.269722664227428
0.740761429892662	0.838589352477451
0.08353618563264	0.0707500593603922
-0.328685310622222	0.524472697592682
0.367549233703598	0.735625330279658
0.567542670159222	2.89406276053208
0.290360431306157	1.24038095106037
0.091258358623976	0.247397716006443
-0.236968084707571	0.709594321222479
0.725056759389724	1.89110358144421
0.427158290235122	1.15672532375562
0.463077119366212	1.53186128972463
0.164414690119556	0.404082906571415
0.20113315426647	0.531688374311514
0.259653928061693	0.724408616145272
0.211387825781799	0.336782015462006
0.771929199432016	1.89428516612785
0.907428192096589	1.20235426453636
1.2335912182505	1.79365806268491
0.361602861186639	0.442717144403742
0.267609650128039	0.266728259823697
0.11872799769435	0.0746169325568162
0.797851726061361	0.55109100377131
1.17132269102807	0.926159239993014
0.336469652366079	0.335192931035088
0.346557320239691	0.434461674297482
-0.0206628588296516	0.025101418784179
0.163394351217558	0.237325857309415
0.0102608629875801	0.0478600448828922
-0.260517235978116	2.68746740066541
0.321560846329493	1.17752776999575
0.335105634189556	1.13890422685073
0.16283874338073	0.376016518308046
0.0751470742803884	0.160194141420542
0.0548365853064118	0.161216364922796
0.188621151901456	0.641696366212711
0.158780611268763	0.444661327957545
0.240291503940092	0.553158966937238
0.222658909205128	0.454193100004943
0.223329860098058	0.526770862533575
0.326678272702111	1.23232890445813
0.186600106001899	0.416727198331404
0.204436760520489	0.452409879771208
-0.0849175146904831	0.164758887022577
-0.0497526085106739	0.0813510835051592
0.393253970286627	0.909238479024735
-0.317149079962713	0.776037790847453
0.0684392450781311	0.0991028095719667
-0.00692610943467566	0.00906450817958515
0.226415332052999	0.408666180129881
0.0741331383094868	0.145949879224029
0.0518410841514649	0.294272800284607
0.312708934308768	3.03321529444748
0.532653459453891	4.43483295568317
0.345642291941416	2.51523752176668
-0.0645557597666684	0.153215349103786
-0.196749639154395	0.588010083578512
-0.0526179318851173	0.107786194737602
-0.260018431230342	0.810759705762267
0.099415272680468	0.336027592922655
0.00435960890836557	0.0103498176464342
-0.231203011369352	0.809616062176568
-0.394843617978518	1.01395435444737
0.157567515335072	0.284708301450197
0.093955303204052	0.16883467702517
0.0820558696301258	0.209124149159935
0.0826061542257022	0.174873171371316
0.638332243401817	2.66584904765885
-0.0282968569780534	0.0485530734309357
0.0499918086172376	0.0907430014571097
0.189184828102711	0.365707666193486
-0.103625377635931	0.173110871189582
0.076761618680848	0.118440343612212
0.208295095511948	0.357710154691674
0.408324801979096	1.08684608699366
0.0780278001198471	0.151555217342552
0.521148291411086	1.24060792362048
-0.0212993229061678	0.100233934915872
-0.0773101849463926	0.388043639988359
-0.234505727661896	1.6422704374189
-0.341830768375558	2.05653214377207
-0.645389336030901	5.4022106542651
-0.783276764975476	6.70936332426489
-0.869048453378955	7.47549515487564
-0.0888225574137742	0.249002520662057
-0.332453863956094	1.5814097180313
-0.0528547631944063	0.137211455454392
0.274374844564521	0.872573613918943
0.184686635004153	0.482736808951401
0.0353329488556604	0.073662175580546
-0.134703474796525	0.318073837932762
0.479510619129442	1.57451844071379
0.595495123386124	1.57571184514989
0.19162807246239	0.355489850468219
0.380543620226792	0.728144796927252
0.236355472445767	0.330648006939898
-0.683426670295953	1.05172609830641
0.0814845076693551	0.0827809053141578
0.0478033629593246	0.0498598403455343
0.220220727155787	0.31894607168554
-0.0146551117649766	0.0213782796792099
-0.0257592305896867	0.120192315487436
-0.132372088848754	0.776834775055604
-0.341195717638142	2.26694509930049
-0.297408974543826	1.97681583808017
-0.593503375870387	5.10114525773528
-0.473830471287313	2.65427730189215
0.254076013184986	0.570525048212053
0.331414991889995	1.03032871845196
0.177855505982018	0.469477179009752
0.116449162220517	0.307431320555795
0.484384972563087	2.22114967832694
0.134066484052394	0.345245871589867
-0.00563325086725349	0.00733758480230137
0.764145675172628	2.35699859256175
0.469338539371575	0.525155960169478
0.831735175257596	1.22738694550039
0.460374210059375	0.587960080020791
0.0784118616260896	0.0630143885875349
0.92526964395199	0.714552043070034
0.777289401457927	0.670715091667003
0.459524926904893	0.376701677316891
0.582975816059558	0.674910445884625
0.0393917932722162	0.0339065273614772
0.161992784139321	0.231141229839578
0.0194250152971451	0.0919007580611815
-0.134694377527552	0.757130661519427
-0.310690675575685	2.21285131390083
-0.415856260022524	2.82676840065478
-0.326639950481267	1.583842401129
0.201966468434748	0.715591807711581
0.314353683140623	1.41555597411073
0.432332472469118	2.23067872011525
0.411250168117568	1.7547621712834
0.503321099111782	2.25477910071107
0.380327809432251	1.48668628447279
0.146634240315827	0.351866162312688
0.918775957334794	4.83572091694762
0.672725836857277	2.13481634280467
0.569925725713358	1.42097466970536
0.236349611215913	0.42209866043252
0.760149960818191	2.11282455098603
0.385528372420144	0.608565283441285
0.940332201783868	2.00412593449147
0.685529634845132	1.1002059625003
0.498968170526041	1.08149946060774
0.212282918788546	0.384259698008787
0.0253447675726301	0.0335584529258011
0.294835559970562	0.588316009024329
0.384070450075149	0.890282107532697
-0.0459692842449872	0.213370707244946
-0.160973237716018	0.935615239304223
0.0547538727535363	0.173914501238365
-0.429113443382913	2.03347040748036
0.323193976664747	0.980711231335076
0.604870047983605	2.53609571703742
0.530898259902073	2.23648340780969
0.64843642527359	3.0535797350209
0.495341461588213	1.91688787217587
0.429586350316175	1.49824270807843
0.261172989336139	0.531299238872493
0.562053934534887	1.61423600140382
0.351391910771792	0.439452722497598
-0.352483978096554	0.468344164111222
0.361177831036023	0.447071308139783
0.389914788692371	0.414987525394428
0.842575902349863	1.06036334967514
0.370447658445598	0.357608148723318
0.208455803914636	0.166604537146957
0.361434006308535	0.366804406621383
0.380140597554034	0.510519916613138
-0.0318295468334998	0.0345949286810357
0.233324296798208	0.314387215413666
-0.0197267773008843	0.0900127979612626
0.0281943714466023	0.1144291666312
-0.00494165951388066	0.0143550500066744
0.772243015782311	4.07699003138628
0.465448614763708	2.53812002557274
0.876965725543409	7.91815451539278
0.640383380880132	4.48908412731712
0.542737699454943	3.22111763847276
0.515107811847017	1.32736578699296
0.596544330307579	1.77780857947029
0.839383868689087	1.25460025044835
0.464326361837185	0.616051411428348
0.382781817316136	0.514583458512145
0.314423602469708	0.327238540404845
-0.0538935333130025	0.0293895179253828
0.232577669903032	0.159416954974782
0.834921318912687	1.06090240258167
0.0795279992727558	0.456803460267461
0.0858780412483331	0.404084212880555
0.634181763001578	4.55229625810706
0.568323425276212	4.21221844732861
0.553064941081024	3.75521043012829
0.644303029181081	4.54564880028218
0.486107068641801	1.38736265663378
0.494726176525205	1.45778164412411
0.513028348988338	0.648392673643705
0.473553213054335	0.670990306145443
0.754857361122176	1.33646091307599
0.813135748664654	1.27263181703074
-0.0544647689945774	0.0367811753431994
0.233078655658806	0.146526745974694
-0.677140277507628	0.547757287890235
0.685322393793659	0.85304705082991
0.321098735853586	0.394775512980554
0.179463922053996	1.33113538147319
0.736974102238501	1.76613587259633
0.770527237384531	1.76462390501052
0.154399372519142	0.232720759323828
0.533103329089882	0.87389163991444
0.476608000485845	0.540643310644986
0.14541319553492	0.109428789304363
0.337314494840106	0.258862171879015
0.434817148220415	0.615708008972271
0.357120627312551	0.561935892133926
0.153000410993405	0.614584164867446
-0.263058280984912	1.29363035439222
-0.0338054611459042	0.0856388548144655
0.0719188979560166	0.187191937567489
0.034472105784905	0.0781768516483202
0.169413587254177	0.454708782861668
0.343771451952461	1.14759720864105
0.209845396428362	0.628985739535622
0.224410275133422	0.86747748628286
-0.281138421194673	1.14428717967955
-0.182498336537104	0.584333479375141
0.12413130291201	0.309815662117746
-0.203948852747989	0.501437872830503
0.319315172699501	0.843526970866666
0.181674616957824	0.358559972349812
0.396926455767216	1.35125885498364
0.14252827853243	0.378570053782373
-0.420242299773325	1.77425006981884
-0.40622383900147	1.58835180740515
-0.0588227255484539	0.105080466541715
0.0153473815612749	0.0222142340494
0.178624765487809	0.309463066063572
0.892265166648209	2.74168614271629
0.335672981480384	0.726420638193336
0.118068755977614	0.245282909829462
0.481741301767224	1.24744656183593
-0.177747968830371	0.304050970541268
-0.263866901492474	0.560719615670749
0.502831434066962	1.18028900149688
1.26749622682779	2.45863023183046
0.913575531627365	1.3928473902483
-0.52509929614155	0.566008185988225
0.161401661942355	0.205050610426689
0.733907544618559	2.45761471127208
0.256625360693092	0.544699026481565
-0.00189910531525358	0.00303636433770112
0.589847350677805	1.51792185438238
0.702054032358614	0.954829931264116
0.798999203155039	1.11258562306884
-0.309786708556645	0.365575342124568
0.225556473763023	0.299918088272306
0.812629377355594	1.83256778865647
0.86305774805717	5.20561282617531
0.0449276814390664	0.0928572193028798
0.0823150920955681	0.195831841006001
0.936212784984428	4.81609407004959
0.354132662844309	0.585938775900547
-0.00681625420341403	0.00645183506458597
0.376932572031546	0.532901886305209
0.369613909072033	0.734260597158747
0.419691670364062	3.92103725070283
-0.00134011051455517	0.00429964504777503
-0.0626005992080828	0.236198514486636
0.4967161444709	3.86190786199241
0.309555850207984	1.46984065894289
0.457583028698055	2.35981598625024
0.345341500932378	1.28456926558976
0.347499531831371	1.38861724054462
-0.103324684015519	0.294390645965316
0.0493819459229511	0.107433365522823
0.275909430536115	1.11370854335211
0.133225545663688	0.375598992688792
0.488196723597212	3.85408979646793
0.411863770103874	2.25384880504374
0.48193621365767	3.11339011835262
0.22819205880653	0.903439743846623
0.514825539742685	4.43989965360194
0.439068739673167	2.60807080842631
0.668556697410466	5.77051814215484
0.43992924357274	3.74325241066476
0.450738733482387	2.99380360759921
0.450471974586029	3.45642706067541
0.445227844784369	4.81348644279859
0.402731085013798	3.15107849175247
0.529356212764016	5.12817231854268
