x	y	clickSelects	showSelected1
0.123320601815399	1	1	log2(tiles)=2.00 log10(pixels)=2.75
-0.00307035192678518	1	2	log2(tiles)=0.00 log10(pixels)=2.50
-0.00448733218585007	1	3	log2(tiles)=0.00 log10(pixels)=2.25
0.0287536009528289	1	4	log2(tiles)=1.00 log10(pixels)=2.25
-0.0861861476162833	1	5	log2(tiles)=1.00 log10(pixels)=2.00
0.0770043267933502	1	6	log2(tiles)=2.00 log10(pixels)=3.00
0.0563025007672873	1	7	log2(tiles)=0.00 log10(pixels)=1.50
-0.0200257143004445	1	8	log2(tiles)=1.00 log10(pixels)=2.75
0.0185139398778875	1	9	log2(tiles)=0.00 log10(pixels)=1.50
-0.0136034977233575	1	10	log2(tiles)=0.00 log10(pixels)=2.75
-0.0169633170664203	1	11	log2(tiles)=2.75 log10(pixels)=3.75
-0.0673000966639572	1	12	log2(tiles)=2.00 log10(pixels)=3.25
0.0770043267933502	2	13	log2(tiles)=2.00 log10(pixels)=3.00
-0.0713107602244101	1	14	log2(tiles)=2.00 log10(pixels)=3.25
-0.0779021420642825	1	15	log2(tiles)=1.00 log10(pixels)=1.75
-0.122571222148401	1	16	log2(tiles)=1.50 log10(pixels)=3.25
0.121231455149621	1	17	log2(tiles)=1.50 log10(pixels)=3.00
-0.00307035192678518	1	18	log2(tiles)=1.00 log10(pixels)=2.50
-0.0652491253364209	1	19	log2(tiles)=3.25 log10(pixels)=4.00
-0.0536436112666676	1	20	log2(tiles)=1.00 log10(pixels)=2.75
-0.0339966563652008	1	21	log2(tiles)=0.00 log10(pixels)=1.75
0.0440680443502757	1	22	log2(tiles)=0.00 log10(pixels)=1.50
0.101059354908116	1	23	log2(tiles)=2.00 log10(pixels)=3.00
0.0166155475571772	1	24	log2(tiles)=2.00 log10(pixels)=3.00
0.12283547952152	1	25	log2(tiles)=1.50 log10(pixels)=3.50
-0.122895201635192	1	26	log2(tiles)=0.00 log10(pixels)=2.25
-0.0104502791595271	1	27	log2(tiles)=2.00 log10(pixels)=3.25
-0.111188586526477	1	28	log2(tiles)=2.25 log10(pixels)=3.50
0.0786380383696725	1	29	log2(tiles)=3.25 log10(pixels)=4.00
-0.0357403698031509	1	30	log2(tiles)=1.00 log10(pixels)=3.00
0.0843571127184051	1	31	log2(tiles)=3.25 log10(pixels)=3.75
0.0203612826477078	1	32	log2(tiles)=1.50 log10(pixels)=3.00
-0.0122050067260773	1	33	log2(tiles)=2.00 log10(pixels)=3.25
-0.0497508916806391	1	34	log2(tiles)=0.00 log10(pixels)=2.50
0.109807769328703	1	35	log2(tiles)=2.50 log10(pixels)=3.50
0.0742824552976926	1	36	log2(tiles)=1.00 log10(pixels)=2.25
0.0568580295188172	1	37	log2(tiles)=1.00 log10(pixels)=2.75
-0.063837352959244	1	38	log2(tiles)=1.00 log10(pixels)=2.50
0.0797835966168101	1	39	log2(tiles)=1.00 log10(pixels)=1.50
-0.117982957425132	1	40	log2(tiles)=1.00 log10(pixels)=2.50
-0.0540392964224314	1	41	log2(tiles)=2.00 log10(pixels)=3.00
0.0575072019056577	1	42	log2(tiles)=0.00 log10(pixels)=2.50
0.0486506454452691	1	43	log2(tiles)=2.00 log10(pixels)=2.75
0.0507170782823851	1	44	log2(tiles)=1.00 log10(pixels)=2.75
-0.0572411818452761	1	45	log2(tiles)=2.25 log10(pixels)=3.75
0.014547752660286	1	46	log2(tiles)=1.00 log10(pixels)=2.50
-0.0195421077239	1	47	log2(tiles)=2.00 log10(pixels)=3.00
0.0950980400142569	1	48	log2(tiles)=1.00 log10(pixels)=1.75
-0.011615876487844	1	49	log2(tiles)=3.25 log10(pixels)=3.75
-0.0809219076239263	1	50	log2(tiles)=1.50 log10(pixels)=3.00
-0.0421181032660076	1	51	log2(tiles)=1.00 log10(pixels)=2.50
-0.0734887386354246	1	52	log2(tiles)=0.00 log10(pixels)=2.50
-0.00696195131370558	1	53	log2(tiles)=1.00 log10(pixels)=2.25
-0.0501622741327541	1	54	log2(tiles)=2.50 log10(pixels)=3.75
0.0782731120520697	1	55	log2(tiles)=2.75 log10(pixels)=3.75
-0.0456086680807002	1	56	log2(tiles)=1.50 log10(pixels)=3.25
-0.0476919903378748	1	57	log2(tiles)=2.00 log10(pixels)=3.00
0.0569048513364727	1	58	log2(tiles)=0.00 log10(pixels)=2.00
0.114897216033135	1	59	log2(tiles)=1.50 log10(pixels)=2.50
-0.0739087409443187	1	60	log2(tiles)=0.00 log10(pixels)=1.25
0.113943352306837	1	61	log2(tiles)=1.00 log10(pixels)=2.00
0.0734250567459815	1	62	log2(tiles)=3.50 log10(pixels)=4.00
-0.0859447081065485	1	63	log2(tiles)=1.00 log10(pixels)=3.25
-0.106672870007954	1	64	log2(tiles)=1.00 log10(pixels)=3.25
-0.024905478918531	1	65	log2(tiles)=1.00 log10(pixels)=2.75
-0.122895201635192	1	66	log2(tiles)=1.00 log10(pixels)=2.25
0.0273496077747564	1	67	log2(tiles)=1.50 log10(pixels)=3.00
0.0606978403536118	1	68	log2(tiles)=0.00 log10(pixels)=2.00
0.076341350205793	1	69	log2(tiles)=1.50 log10(pixels)=2.50
0.0374264979406238	1	70	log2(tiles)=1.50 log10(pixels)=2.00
0.0253058652647704	1	71	log2(tiles)=2.00 log10(pixels)=3.00
-0.0200257143004445	1	72	log2(tiles)=0.00 log10(pixels)=2.75
-0.104381261757305	1	73	log2(tiles)=2.50 log10(pixels)=3.75
0.0526682161121932	1	74	log2(tiles)=0.00 log10(pixels)=2.50
-0.0486028756795487	1	75	log2(tiles)=1.00 log10(pixels)=2.25
0.101258348719075	1	76	log2(tiles)=0.00 log10(pixels)=1.75
-0.106547323513813	1	77	log2(tiles)=0.00 log10(pixels)=1.75
-0.119788758288394	1	78	log2(tiles)=1.00 log10(pixels)=1.50
0.110589710299249	1	79	log2(tiles)=1.00 log10(pixels)=2.00
0.0569048513364727	1	80	log2(tiles)=2.00 log10(pixels)=2.00
-0.0816140833099999	1	81	log2(tiles)=1.00 log10(pixels)=2.75
-0.00181197299379954	1	82	log2(tiles)=1.00 log10(pixels)=1.75
0.0527737252919756	1	83	log2(tiles)=0.00 log10(pixels)=2.75
-0.118556230986828	1	84	log2(tiles)=1.00 log10(pixels)=2.75
-0.0705810742857072	1	85	log2(tiles)=0.00 log10(pixels)=2.00
0.110338006570994	1	86	log2(tiles)=1.00 log10(pixels)=2.75
0.0824384599156054	1	87	log2(tiles)=0.00 log10(pixels)=2.25
0.0281644194244697	1	88	log2(tiles)=1.00 log10(pixels)=3.00
-0.116461091629783	1	89	log2(tiles)=1.00 log10(pixels)=2.25
-0.0723930472795069	1	90	log2(tiles)=2.00 log10(pixels)=2.75
-0.00584540598155714	1	91	log2(tiles)=0.00 log10(pixels)=2.50
-0.0510299956639813	1	92	log2(tiles)=1.00 log10(pixels)=1.75
-0.0404849854573692	1	93	log2(tiles)=1.00 log10(pixels)=2.25
-0.0157001606532141	1	94	log2(tiles)=1.00 log10(pixels)=2.50
0.113841821876069	1	95	log2(tiles)=1.00 log10(pixels)=2.50
0.0171717284030137	1	96	log2(tiles)=1.00 log10(pixels)=2.25
0.0825089127062364	1	97	log2(tiles)=0.00 log10(pixels)=1.75
0.0950980400142569	1	98	log2(tiles)=0.00 log10(pixels)=1.75
0.00432137378264263	1	99	log2(tiles)=0.00 log10(pixels)=2.00
0.116877814337499	1	100	log2(tiles)=1.00 log10(pixels)=2.75
0.0563025007672873	2	101	log2(tiles)=0.00 log10(pixels)=1.50
0.110589710299249	2	102	log2(tiles)=1.00 log10(pixels)=2.00
-0.0268721464003014	1	103	log2(tiles)=1.00 log10(pixels)=2.00
-0.102059991327962	1	104	log2(tiles)=0.00 log10(pixels)=1.50
-0.0376020021010439	1	105	log2(tiles)=0.00 log10(pixels)=1.50
-0.00181197299379954	1	106	log2(tiles)=0.00 log10(pixels)=1.75
0.0413926851582249	1	107	log2(tiles)=0.00 log10(pixels)=1.00
-0.0939017979871681	1	108	log2(tiles)=1.00 log10(pixels)=2.75
-0.00336580106242135	1	109	log2(tiles)=0.00 log10(pixels)=2.75
0.0453229787866576	1	110	log2(tiles)=1.00 log10(pixels)=2.00
-0.0491495019089223	1	111	log2(tiles)=2.00 log10(pixels)=3.25
-0.103871964321762	1	112	log2(tiles)=0.00 log10(pixels)=1.25
0.0353298350107671	1	113	log2(tiles)=0.00 log10(pixels)=1.75
0.0195129442179165	1	114	log2(tiles)=1.00 log10(pixels)=2.25
0.111727836017593	1	115	log2(tiles)=1.00 log10(pixels)=2.25
0.0493405494535817	1	116	log2(tiles)=0.00 log10(pixels)=1.75
-0.118615343229427	1	117	log2(tiles)=1.00 log10(pixels)=3.00
0.0287536009528289	1	118	log2(tiles)=2.00 log10(pixels)=2.25
-0.102059991327962	1	119	log2(tiles)=1.00 log10(pixels)=1.50
0.0327543789924976	1	120	log2(tiles)=1.50 log10(pixels)=2.50
-0.0325160557860937	1	121	log2(tiles)=0.00 log10(pixels)=2.25
0.0493405494535817	1	122	log2(tiles)=2.00 log10(pixels)=1.75
-0.0967874862246563	1	123	log2(tiles)=1.00 log10(pixels)=1.75
-0.0409586076789064	1	124	log2(tiles)=0.00 log10(pixels)=2.00
-0.0541003475907664	1	125	log2(tiles)=1.00 log10(pixels)=2.25
-0.085026652029182	1	126	log2(tiles)=1.00 log10(pixels)=1.50
0.110589710299249	1	127	log2(tiles)=0.00 log10(pixels)=2.00
0.123851640967086	1	128	log2(tiles)=1.50 log10(pixels)=2.00
0.0331886910752575	1	129	log2(tiles)=1.00 log10(pixels)=2.75
-0.121815491926587	1	130	log2(tiles)=2.75 log10(pixels)=3.75
0.0791812460476247	1	131	log2(tiles)=0.00 log10(pixels)=2.00
0.103144372620182	1	132	log2(tiles)=0.00 log10(pixels)=2.50
-0.00181197299379954	2	133	log2(tiles)=0.00 log10(pixels)=1.75
0.010545010206612	1	134	log2(tiles)=1.00 log10(pixels)=2.50
0.0629133566428555	1	135	log2(tiles)=0.00 log10(pixels)=1.75
0.04309160017658	1	136	log2(tiles)=2.00 log10(pixels)=2.75
0.100248018334163	1	137	log2(tiles)=0.00 log10(pixels)=2.25
0.102059991327963	1	138	log2(tiles)=0.00 log10(pixels)=1.50
0.0170333392987803	1	139	log2(tiles)=0.00 log10(pixels)=2.00
0.0587085705331658	1	140	log2(tiles)=1.00 log10(pixels)=2.50
-0.00508145755864708	1	141	log2(tiles)=2.75 log10(pixels)=3.75
0.0253058652647704	1	142	log2(tiles)=1.00 log10(pixels)=2.00
-0.0642582613977365	1	143	log2(tiles)=1.00 log10(pixels)=2.75
-0.0596683018297086	1	144	log2(tiles)=2.00 log10(pixels)=2.25
0.000431248660202055	1	145	log2(tiles)=2.50 log10(pixels)=3.75
0.111598524880394	1	146	log2(tiles)=1.50 log10(pixels)=3.00
-0.00863830616572736	1	147	log2(tiles)=0.00 log10(pixels)=1.50
-0.1249387366083	1	148	log2(tiles)=1.00 log10(pixels)=2.00
0.0211892990699383	1	149	log2(tiles)=1.00 log10(pixels)=2.00
-0.00863830616572736	2	150	log2(tiles)=0.00 log10(pixels)=1.50
-0.119788758288394	1	151	log2(tiles)=0.00 log10(pixels)=1.50
-0.0228787452803376	1	152	log2(tiles)=0.00 log10(pixels)=1.50
0.0287536009528289	1	153	log2(tiles)=0.00 log10(pixels)=1.25
0.0569048513364727	2	154	log2(tiles)=0.00 log10(pixels)=2.00
-0.0482135644757098	1	155	log2(tiles)=0.00 log10(pixels)=2.50
0.101258348719075	2	156	log2(tiles)=0.00 log10(pixels)=1.75
-0.0739087409443187	2	157	log2(tiles)=0.00 log10(pixels)=1.25
-0.0404849854573692	1	158	log2(tiles)=2.00 log10(pixels)=2.25
-0.0457574905606751	1	159	log2(tiles)=0.00 log10(pixels)=1.00
-0.0809219076239261	1	160	log2(tiles)=0.00 log10(pixels)=2.00
0.0514037100173552	1	161	log2(tiles)=2.00 log10(pixels)=2.75
0.112131379313037	1	162	log2(tiles)=1.00 log10(pixels)=2.75
-0.0458800173440752	1	163	log2(tiles)=0.00 log10(pixels)=1.25
-0.0458800173440752	2	164	log2(tiles)=0.00 log10(pixels)=1.25
-0.071379327328061	1	165	log2(tiles)=1.50 log10(pixels)=3.50
-0.0687587626244128	1	166	log2(tiles)=0.00 log10(pixels)=1.75
0.0695439355418688	1	167	log2(tiles)=0.00 log10(pixels)=1.75
-0.0886319977650252	1	168	log2(tiles)=1.00 log10(pixels)=2.25
0.0863598306747484	1	169	log2(tiles)=1.00 log10(pixels)=2.00
-0.0872421683184259	1	170	log2(tiles)=1.00 log10(pixels)=1.75
-0.103871964321762	1	171	log2(tiles)=1.00 log10(pixels)=2.25
-0.0969100130080565	1	172	log2(tiles)=0.00 log10(pixels)=1.00
-0.0757207139381184	1	173	log2(tiles)=0.00 log10(pixels)=2.00
0.0353298350107671	2	174	log2(tiles)=0.00 log10(pixels)=1.75
0.0681858617461617	1	175	log2(tiles)=1.00 log10(pixels)=2.00
0.0158738437116792	1	176	log2(tiles)=1.00 log10(pixels)=2.50
0.123249290397901	1	177	log2(tiles)=0.00 log10(pixels)=1.50
0.111727836017593	1	178	log2(tiles)=1.00 log10(pixels)=1.25
-0.0739087409443187	3	179	log2(tiles)=0.00 log10(pixels)=1.25
-0.00963731050575611	1	180	log2(tiles)=0.00 log10(pixels)=1.75
-0.0705810742857072	2	181	log2(tiles)=0.00 log10(pixels)=2.00
0.0170333392987803	1	182	log2(tiles)=1.00 log10(pixels)=2.00
-0.0424298239020637	1	183	log2(tiles)=0.00 log10(pixels)=1.75
-0.00963731050575611	1	184	log2(tiles)=1.00 log10(pixels)=1.75
-0.0195510786217261	1	185	log2(tiles)=1.00 log10(pixels)=1.25
0.0185139398778875	1	186	log2(tiles)=1.00 log10(pixels)=1.50
-0.0806831194338877	1	187	log2(tiles)=1.00 log10(pixels)=2.75
0.0346284566253203	1	188	log2(tiles)=2.00 log10(pixels)=3.00
-0.0739087409443187	4	189	log2(tiles)=0.00 log10(pixels)=1.25
-0.085026652029182	1	190	log2(tiles)=0.00 log10(pixels)=1.50
-0.0872421683184259	1	191	log2(tiles)=0.00 log10(pixels)=1.75
0.0492893340876801	1	192	log2(tiles)=2.00 log10(pixels)=3.25
-0.00709998889129659	1	193	log2(tiles)=2.50 log10(pixels)=3.50
0.0781756614383227	1	194	log2(tiles)=1.50 log10(pixels)=3.25
0.0542468081661105	1	195	log2(tiles)=2.25 log10(pixels)=3.50
-0.0877074906769537	1	196	log2(tiles)=2.25 log10(pixels)=3.50
0.00587485567249146	1	197	log2(tiles)=1.00 log10(pixels)=1.75
0.0374604745184151	1	198	log2(tiles)=0.00 log10(pixels)=2.75
0.102059991327963	2	199	log2(tiles)=0.00 log10(pixels)=1.50
-0.0687587626244128	2	200	log2(tiles)=0.00 log10(pixels)=1.75
0.0413926851582249	1	201	log2(tiles)=0.00 log10(pixels)=2.00
-0.0779021420642825	1	202	log2(tiles)=0.00 log10(pixels)=1.75
-0.0867002359187481	1	203	log2(tiles)=1.50 log10(pixels)=2.50
-0.076813731587726	1	204	log2(tiles)=1.00 log10(pixels)=2.25
-0.0257241303992108	1	205	log2(tiles)=0.00 log10(pixels)=1.75
-0.0128616245228135	1	206	log2(tiles)=1.00 log10(pixels)=2.50
0.111727836017593	1	207	log2(tiles)=0.00 log10(pixels)=1.25
-0.106547323513813	1	208	log2(tiles)=1.00 log10(pixels)=1.75
0.0791812460476247	1	209	log2(tiles)=1.00 log10(pixels)=2.00
-0.031517051446065	1	210	log2(tiles)=1.00 log10(pixels)=2.00
-0.103871964321762	2	211	log2(tiles)=0.00 log10(pixels)=1.25
0.0924226808222062	1	212	log2(tiles)=0.00 log10(pixels)=1.25
-0.0598039199714864	1	213	log2(tiles)=1.00 log10(pixels)=1.75
-0.0872421683184259	2	214	log2(tiles)=0.00 log10(pixels)=1.75
-0.0492962828549808	1	215	log2(tiles)=1.00 log10(pixels)=2.75
0.0561799739838871	1	216	log2(tiles)=1.50 log10(pixels)=1.75
0.0440680443502757	1	217	log2(tiles)=0.00 log10(pixels)=2.50
0.102059991327963	3	218	log2(tiles)=0.00 log10(pixels)=1.50
0.0791812460476249	1	219	log2(tiles)=0.00 log10(pixels)=1.00
0.0413926851582249	2	220	log2(tiles)=0.00 log10(pixels)=1.00
-0.0686362358410126	1	221	log2(tiles)=0.00 log10(pixels)=1.50
-0.0376020021010439	1	222	log2(tiles)=1.00 log10(pixels)=1.50
-0.00963731050575611	2	223	log2(tiles)=0.00 log10(pixels)=1.75
-0.0457574905606751	2	224	log2(tiles)=0.00 log10(pixels)=1.00
0.0211892990699383	1	225	log2(tiles)=0.00 log10(pixels)=2.00
-0.0362121726544447	1	226	log2(tiles)=0.00 log10(pixels)=2.00
-0.063837352959244	2	227	log2(tiles)=1.00 log10(pixels)=2.50
0.0934216851622351	1	228	log2(tiles)=0.00 log10(pixels)=2.00
-0.0946639625349381	1	229	log2(tiles)=1.00 log10(pixels)=2.25
-0.103871964321762	3	230	log2(tiles)=0.00 log10(pixels)=1.25
0	1	231	log2(tiles)=0.00 log10(pixels)=1.00
-0.0457574905606752	1	232	log2(tiles)=1.00 log10(pixels)=2.00
0.0943925503754266	1	233	log2(tiles)=1.50 log10(pixels)=2.50
-0.0528419686577808	1	234	log2(tiles)=0.00 log10(pixels)=1.50
0.113943352306837	1	235	log2(tiles)=0.00 log10(pixels)=1.00
0.120902817614527	1	236	log2(tiles)=1.50 log10(pixels)=3.00
0.00527250510330601	1	237	log2(tiles)=0.00 log10(pixels)=1.25
-0.086299074610352	1	238	log2(tiles)=0.00 log10(pixels)=2.75
0.0208520116421442	1	239	log2(tiles)=0.00 log10(pixels)=1.75
-0.0739087409443187	5	240	log2(tiles)=0.00 log10(pixels)=1.25
0.0400346113625178	1	241	log2(tiles)=1.00 log10(pixels)=2.25
0.068201724066995	1	242	log2(tiles)=1.00 log10(pixels)=1.50
-0.0272835288524167	1	243	log2(tiles)=0.00 log10(pixels)=2.25
0.0281512503836436	1	244	log2(tiles)=1.00 log10(pixels)=0.75
-0.0872421683184259	3	245	log2(tiles)=0.00 log10(pixels)=1.75
-0.0877779434675845	1	246	log2(tiles)=1.00 log10(pixels)=3.00
0.102059991327962	1	247	log2(tiles)=0.00 log10(pixels)=0.50
-0.102372908709559	1	248	log2(tiles)=1.00 log10(pixels)=2.00
0.0413926851582249	3	249	log2(tiles)=0.00 log10(pixels)=1.00
-0.0228787452803376	2	250	log2(tiles)=0.00 log10(pixels)=1.50
-0.0510299956639812	1	251	log2(tiles)=0.00 log10(pixels)=0.75
-0.0376020021010439	2	252	log2(tiles)=0.00 log10(pixels)=1.50
0.0742824552976926	1	253	log2(tiles)=0.00 log10(pixels)=2.25
-0.0222763947111522	1	254	log2(tiles)=0.00 log10(pixels)=2.00
0.0791812460476249	2	255	log2(tiles)=0.00 log10(pixels)=1.00
-0.0969100130080565	2	256	log2(tiles)=0.00 log10(pixels)=1.00
-0.031517051446065	2	257	log2(tiles)=1.00 log10(pixels)=2.00
-0.0273344077338891	1	258	log2(tiles)=1.50 log10(pixels)=3.00
0.0314789170422551	1	259	log2(tiles)=0.00 log10(pixels)=1.50
-0.0528419686577808	2	260	log2(tiles)=0.00 log10(pixels)=1.50
-0.0900668766687054	1	261	log2(tiles)=1.00 log10(pixels)=2.50
-0.0969100130080565	3	262	log2(tiles)=0.00 log10(pixels)=1.00
0.0837843746564788	1	263	log2(tiles)=1.50 log10(pixels)=2.75
-0.0431741239681505	1	264	log2(tiles)=1.00 log10(pixels)=2.25
-0.0528419686577808	3	265	log2(tiles)=0.00 log10(pixels)=1.50
0.0944711286416449	1	266	log2(tiles)=2.00 log10(pixels)=3.00
0.0563025007672873	1	267	log2(tiles)=1.00 log10(pixels)=1.50
-0.0457574905606752	1	268	log2(tiles)=0.00 log10(pixels)=2.00
0.0466651902615309	1	269	log2(tiles)=1.00 log10(pixels)=2.25
0.0281512503836436	1	270	log2(tiles)=0.00 log10(pixels)=0.75
-0.031517051446065	1	271	log2(tiles)=1.50 log10(pixels)=2.00
-0.0739087409443187	6	272	log2(tiles)=0.00 log10(pixels)=1.25
-0.0451551399914898	1	273	log2(tiles)=0.00 log10(pixels)=2.50
-0.10790539730952	1	274	log2(tiles)=0.00 log10(pixels)=2.00
-0.102372908709559	2	275	log2(tiles)=1.00 log10(pixels)=2.00
0.0333012287035497	1	276	log2(tiles)=1.00 log10(pixels)=2.25
-0.11518562967954	1	277	log2(tiles)=1.50 log10(pixels)=3.25
-0.10790539730952	2	278	log2(tiles)=0.00 log10(pixels)=2.00
0.0413926851582249	4	279	log2(tiles)=0.00 log10(pixels)=1.00
-0.0457574905606752	2	280	log2(tiles)=0.00 log10(pixels)=2.00
0.00281643118827146	1	281	log2(tiles)=1.00 log10(pixels)=2.75
-0.0622494371796121	1	282	log2(tiles)=1.00 log10(pixels)=2.50
-0.0541003475907664	1	283	log2(tiles)=0.00 log10(pixels)=2.25
-0.0176062401770314	1	284	log2(tiles)=0.00 log10(pixels)=1.75
0.0314789170422551	2	285	log2(tiles)=0.00 log10(pixels)=1.50
0.101258348719075	3	286	log2(tiles)=0.00 log10(pixels)=1.75
-0.0675841383226414	1	287	log2(tiles)=2.25 log10(pixels)=3.75
-0.0596683018297086	1	288	log2(tiles)=0.00 log10(pixels)=2.25
0.0950980400142568	1	289	log2(tiles)=0.00 log10(pixels)=0.75
-0.10049933868539	1	290	log2(tiles)=2.00 log10(pixels)=3.50
0.0287536009528289	2	291	log2(tiles)=0.00 log10(pixels)=1.25
0.0281512503836436	2	292	log2(tiles)=0.00 log10(pixels)=0.75
-0.0528419686577808	4	293	log2(tiles)=0.00 log10(pixels)=1.50
-0.0510299956639812	2	294	log2(tiles)=0.00 log10(pixels)=0.75
0.00587485567249146	1	295	log2(tiles)=0.00 log10(pixels)=1.75
-0.0779021420642825	2	296	log2(tiles)=1.00 log10(pixels)=1.75
0.0334237554869499	1	297	log2(tiles)=1.00 log10(pixels)=2.00
-0.0872421683184259	4	298	log2(tiles)=0.00 log10(pixels)=1.75
0.0185139398778875	2	299	log2(tiles)=0.00 log10(pixels)=1.50
-0.00966114521239847	1	300	log2(tiles)=1.00 log10(pixels)=3.00
-0.0528419686577808	5	301	log2(tiles)=0.00 log10(pixels)=1.50
0.0569048513364727	3	302	log2(tiles)=0.00 log10(pixels)=2.00
0.0576661039098294	1	303	log2(tiles)=1.50 log10(pixels)=3.00
0.00432137378264263	2	304	log2(tiles)=0.00 log10(pixels)=2.00
0.0629133566428555	2	305	log2(tiles)=0.00 log10(pixels)=1.75
0.113322860120456	1	306	log2(tiles)=1.00 log10(pixels)=1.75
-0.0809219076239261	2	307	log2(tiles)=0.00 log10(pixels)=2.00
-0.109064892896621	1	308	log2(tiles)=1.00 log10(pixels)=2.50
0.0132176000679389	1	309	log2(tiles)=1.00 log10(pixels)=2.50
-0.0404849854573692	1	310	log2(tiles)=0.00 log10(pixels)=2.25
-0.0510299956639813	1	311	log2(tiles)=0.00 log10(pixels)=1.75
-0.0969100130080565	4	312	log2(tiles)=0.00 log10(pixels)=1.00
-0.0510299956639812	3	313	log2(tiles)=0.00 log10(pixels)=0.75
0.0950980400142569	2	314	log2(tiles)=0.00 log10(pixels)=1.75
-0.0872421683184259	5	315	log2(tiles)=0.00 log10(pixels)=1.75
-0.0969100130080565	1	316	log2(tiles)=0.00 log10(pixels)=2.00
0.0413926851582249	5	317	log2(tiles)=0.00 log10(pixels)=1.00
-0.0687587626244128	1	318	log2(tiles)=1.00 log10(pixels)=1.75
-0.0739087409443187	7	319	log2(tiles)=0.00 log10(pixels)=1.25
-0.0969100130080565	2	320	log2(tiles)=0.00 log10(pixels)=2.00
0.0622928644564746	1	321	log2(tiles)=0.00 log10(pixels)=2.50
-0.103871964321762	4	322	log2(tiles)=0.00 log10(pixels)=1.25
0.0134279935629373	1	323	log2(tiles)=0.00 log10(pixels)=1.75
0.0777311796523921	1	324	log2(tiles)=2.00 log10(pixels)=3.00
0.0355573090077739	1	325	log2(tiles)=1.00 log10(pixels)=2.25
0.0413926851582249	6	326	log2(tiles)=0.00 log10(pixels)=1.00
0.0791812460476249	3	327	log2(tiles)=0.00 log10(pixels)=1.00
0.0250448070368452	1	328	log2(tiles)=1.00 log10(pixels)=2.50
0.106381365110605	1	329	log2(tiles)=1.00 log10(pixels)=2.50
-0.119788758288394	2	330	log2(tiles)=0.00 log10(pixels)=1.50
0.0892526340326998	1	331	log2(tiles)=1.50 log10(pixels)=3.25
0.0791812460476249	4	332	log2(tiles)=0.00 log10(pixels)=1.00
0.10422605308447	1	333	log2(tiles)=1.00 log10(pixels)=2.50
0.00527250510330601	1	334	log2(tiles)=1.00 log10(pixels)=1.25
0	1	335	log2(tiles)=0.00 log10(pixels)=2.00
0.0722192947339193	1	336	log2(tiles)=0.00 log10(pixels)=1.25
-0.0424298239020637	2	337	log2(tiles)=0.00 log10(pixels)=1.75
0.0413926851582249	7	338	log2(tiles)=0.00 log10(pixels)=1.00
-0.0872421683184259	6	339	log2(tiles)=0.00 log10(pixels)=1.75
-0.0195510786217261	2	340	log2(tiles)=1.00 log10(pixels)=1.25
-0.0969100130080565	5	341	log2(tiles)=0.00 log10(pixels)=1.00
0.0722192947339193	2	342	log2(tiles)=0.00 log10(pixels)=1.25
-0.103871964321762	5	343	log2(tiles)=0.00 log10(pixels)=1.25
-0.0510299956639812	4	344	log2(tiles)=0.00 log10(pixels)=0.75
-0.0779021420642825	3	345	log2(tiles)=1.00 log10(pixels)=1.75
-0.0228787452803376	1	346	log2(tiles)=0.00 log10(pixels)=0.50
-0.0686362358410126	2	347	log2(tiles)=0.00 log10(pixels)=1.50
0	2	348	log2(tiles)=0.00 log10(pixels)=1.00
0.0791812460476249	1	349	log2(tiles)=1.00 log10(pixels)=1.00
0.102059991327963	4	350	log2(tiles)=0.00 log10(pixels)=1.50
-0.119788758288394	3	351	log2(tiles)=0.00 log10(pixels)=1.50
0.0208520116421442	2	352	log2(tiles)=0.00 log10(pixels)=1.75
0.0353298350107671	1	353	log2(tiles)=1.00 log10(pixels)=1.75
0.0899051114393981	1	354	log2(tiles)=1.00 log10(pixels)=2.00
0.0171717284030137	2	355	log2(tiles)=1.00 log10(pixels)=2.25
-0.0195510786217261	1	356	log2(tiles)=0.00 log10(pixels)=1.25
0.00527250510330601	2	357	log2(tiles)=0.00 log10(pixels)=1.25
-0.0779021420642825	2	358	log2(tiles)=0.00 log10(pixels)=1.75
0.00527250510330601	3	359	log2(tiles)=0.00 log10(pixels)=1.25
0.0413926851582249	8	360	log2(tiles)=0.00 log10(pixels)=1.00
0.00860017176191752	1	361	log2(tiles)=0.00 log10(pixels)=2.00
-0.0467086218813386	1	362	log2(tiles)=1.00 log10(pixels)=2.75
-0.119788758288394	4	363	log2(tiles)=0.00 log10(pixels)=1.50
-0.102059991327962	2	364	log2(tiles)=1.00 log10(pixels)=1.50
-0.116531544420413	1	365	log2(tiles)=0.00 log10(pixels)=1.75
-0.0526834582676168	1	366	log2(tiles)=2.25 log10(pixels)=3.75
0.102059991327963	5	367	log2(tiles)=0.00 log10(pixels)=1.50
0.0281512503836436	1	368	log2(tiles)=0.00 log10(pixels)=1.75
-0.0541003475907664	2	369	log2(tiles)=1.00 log10(pixels)=2.25
0.0606978403536118	2	370	log2(tiles)=0.00 log10(pixels)=2.00
-0.0228787452803376	3	371	log2(tiles)=0.00 log10(pixels)=1.50
-0.0686362358410126	1	372	log2(tiles)=1.00 log10(pixels)=1.50
0.0353298350107671	3	373	log2(tiles)=0.00 log10(pixels)=1.75
-0.102372908709559	3	374	log2(tiles)=1.00 log10(pixels)=2.00
0.113943352306837	2	375	log2(tiles)=0.00 log10(pixels)=1.00
0.00514997831990605	1	376	log2(tiles)=1.00 log10(pixels)=1.50
0.0510299956639813	1	377	log2(tiles)=0.00 log10(pixels)=1.25
0.0924226808222062	2	378	log2(tiles)=0.00 log10(pixels)=1.25
0	3	379	log2(tiles)=0.00 log10(pixels)=1.00
-0.0915149811213503	1	380	log2(tiles)=0.00 log10(pixels)=2.00
0.0791812460476249	5	381	log2(tiles)=0.00 log10(pixels)=1.00
-0.0376020021010439	3	382	log2(tiles)=0.00 log10(pixels)=1.50
0.102059991327962	2	383	log2(tiles)=0.00 log10(pixels)=0.50
-0.119788758288394	2	384	log2(tiles)=1.00 log10(pixels)=1.50
-0.0739087409443187	8	385	log2(tiles)=0.00 log10(pixels)=1.25
0.079946695941636	1	386	log2(tiles)=0.00 log10(pixels)=2.75
-0.0739087409443187	9	387	log2(tiles)=0.00 log10(pixels)=1.25
0.102059991327962	3	388	log2(tiles)=0.00 log10(pixels)=0.50
-0.0510299956639812	5	389	log2(tiles)=0.00 log10(pixels)=0.75
-0.0228787452803376	2	390	log2(tiles)=0.00 log10(pixels)=0.50
0.111727836017593	1	391	log2(tiles)=2.00 log10(pixels)=3.25
-0.0142785735184199	1	392	log2(tiles)=1.00 log10(pixels)=2.50
0	4	393	log2(tiles)=0.00 log10(pixels)=1.00
-0.119788758288394	5	394	log2(tiles)=0.00 log10(pixels)=1.50
-0.113509274827518	1	395	log2(tiles)=0.00 log10(pixels)=2.00
0.119915410257991	1	396	log2(tiles)=2.00 log10(pixels)=3.00
-0.115522729839268	1	397	log2(tiles)=1.00 log10(pixels)=2.75
-0.103871964321762	1	398	log2(tiles)=1.00 log10(pixels)=1.25
0.0561799739838871	1	399	log2(tiles)=0.00 log10(pixels)=1.75
0.0510299956639813	2	400	log2(tiles)=0.00 log10(pixels)=1.25
-0.0457574905606751	3	401	log2(tiles)=0.00 log10(pixels)=1.00
-0.0458800173440752	3	402	log2(tiles)=0.00 log10(pixels)=1.25
-0.0195510786217261	2	403	log2(tiles)=0.00 log10(pixels)=1.25
-0.0967874862246563	2	404	log2(tiles)=1.00 log10(pixels)=1.75
-0.0969100130080565	6	405	log2(tiles)=0.00 log10(pixels)=1.00
-0.122634143407268	1	406	log2(tiles)=1.50 log10(pixels)=2.75
-0.0195510786217261	3	407	log2(tiles)=0.00 log10(pixels)=1.25
0.0924226808222062	3	408	log2(tiles)=0.00 log10(pixels)=1.25
-0.103871964321762	2	409	log2(tiles)=1.00 log10(pixels)=2.25
-0.0739087409443187	1	410	log2(tiles)=1.00 log10(pixels)=1.25
0.113943352306837	3	411	log2(tiles)=0.00 log10(pixels)=1.00
-0.0969100130080565	7	412	log2(tiles)=0.00 log10(pixels)=1.00
-0.0168027348934308	1	413	log2(tiles)=1.50 log10(pixels)=2.75
0.0314789170422551	3	414	log2(tiles)=0.00 log10(pixels)=1.50
-0.102059991327962	2	415	log2(tiles)=0.00 log10(pixels)=1.50
0.0791812460476249	6	416	log2(tiles)=0.00 log10(pixels)=1.00
0.00527250510330601	4	417	log2(tiles)=0.00 log10(pixels)=1.25
-0.00863830616572736	1	418	log2(tiles)=1.00 log10(pixels)=1.50
0.0492180226701815	1	419	log2(tiles)=1.00 log10(pixels)=2.00
0	5	420	log2(tiles)=0.00 log10(pixels)=1.00
0.12057393120585	1	421	log2(tiles)=1.00 log10(pixels)=2.00
-0.0604807473813815	1	422	log2(tiles)=0.00 log10(pixels)=2.00
0.0413926851582249	9	423	log2(tiles)=0.00 log10(pixels)=1.00
0.0924226808222062	4	424	log2(tiles)=0.00 log10(pixels)=1.25
-0.0510299956639812	1	425	log2(tiles)=1.00 log10(pixels)=0.75
0.0924226808222062	5	426	log2(tiles)=0.00 log10(pixels)=1.25
0.0791812460476249	2	427	log2(tiles)=1.00 log10(pixels)=1.00
-0.0510299956639812	6	428	log2(tiles)=0.00 log10(pixels)=0.75
0.112783856719735	1	429	log2(tiles)=0.00 log10(pixels)=1.50
0.0722192947339193	3	430	log2(tiles)=0.00 log10(pixels)=1.25
-0.0969100130080565	1	431	log2(tiles)=1.00 log10(pixels)=1.00
-0.0228787452803376	1	432	log2(tiles)=1.00 log10(pixels)=1.50
0.0791812460476249	7	433	log2(tiles)=0.00 log10(pixels)=1.00
-0.119788758288394	6	434	log2(tiles)=0.00 log10(pixels)=1.50
-0.103871964321762	6	435	log2(tiles)=0.00 log10(pixels)=1.25
-0.119186407719209	1	436	log2(tiles)=0.00 log10(pixels)=2.00
-0.0195510786217261	4	437	log2(tiles)=0.00 log10(pixels)=1.25
0.0950980400142568	2	438	log2(tiles)=0.00 log10(pixels)=0.75
-0.0528419686577808	6	439	log2(tiles)=0.00 log10(pixels)=1.50
-0.0195510786217261	5	440	log2(tiles)=0.00 log10(pixels)=1.25
0.102059991327962	4	441	log2(tiles)=0.00 log10(pixels)=0.50
0.113943352306837	4	442	log2(tiles)=0.00 log10(pixels)=1.00
-0.0510299956639812	7	443	log2(tiles)=0.00 log10(pixels)=0.75
0.0791812460476249	8	444	log2(tiles)=0.00 log10(pixels)=1.00
-0.0376020021010439	4	445	log2(tiles)=0.00 log10(pixels)=1.50
-0.103871964321762	7	446	log2(tiles)=0.00 log10(pixels)=1.25
-0.0915149811213503	2	447	log2(tiles)=0.00 log10(pixels)=2.00
-0.100326278518962	1	448	log2(tiles)=1.00 log10(pixels)=2.50
-0.0969100130080565	8	449	log2(tiles)=0.00 log10(pixels)=1.00
0	6	450	log2(tiles)=0.00 log10(pixels)=1.00
0.0281512503836436	3	451	log2(tiles)=0.00 log10(pixels)=0.75
-0.102059991327962	3	452	log2(tiles)=0.00 log10(pixels)=1.50
-0.102059991327962	3	453	log2(tiles)=1.00 log10(pixels)=1.50
0.0950980400142568	3	454	log2(tiles)=0.00 log10(pixels)=0.75
-0.0339966563652008	2	455	log2(tiles)=0.00 log10(pixels)=1.75
-0.0458800173440752	1	456	log2(tiles)=1.00 log10(pixels)=1.25
0.123249290397901	2	457	log2(tiles)=0.00 log10(pixels)=1.50
-0.0457574905606752	3	458	log2(tiles)=0.00 log10(pixels)=2.00
0.0413926851582249	10	459	log2(tiles)=0.00 log10(pixels)=1.00
-0.0195510786217261	6	460	log2(tiles)=0.00 log10(pixels)=1.25
-0.102059991327962	4	461	log2(tiles)=0.00 log10(pixels)=1.50
0.0950980400142568	4	462	log2(tiles)=0.00 log10(pixels)=0.75
0.0281512503836436	2	463	log2(tiles)=1.00 log10(pixels)=0.75
-0.115204636051019	1	464	log2(tiles)=2.00 log10(pixels)=3.00
0.107332496431269	1	465	log2(tiles)=1.50 log10(pixels)=1.75
-0.0458800173440752	4	466	log2(tiles)=0.00 log10(pixels)=1.25
0.0281512503836436	4	467	log2(tiles)=0.00 log10(pixels)=0.75
-0.0739087409443187	10	468	log2(tiles)=0.00 log10(pixels)=1.25
-0.0171264163912461	1	469	log2(tiles)=2.00 log10(pixels)=2.50
-0.0228787452803376	3	470	log2(tiles)=0.00 log10(pixels)=0.50
-0.0457574905606751	4	471	log2(tiles)=0.00 log10(pixels)=1.00
0.0413926851582249	11	472	log2(tiles)=0.00 log10(pixels)=1.00
-0.0195510786217261	7	473	log2(tiles)=0.00 log10(pixels)=1.25
0.0983048630481607	1	474	log2(tiles)=0.00 log10(pixels)=2.25
0.0100713879850747	1	475	log2(tiles)=1.00 log10(pixels)=2.25
0.0950980400142568	5	476	log2(tiles)=0.00 log10(pixels)=0.75
-0.0510299956639812	8	477	log2(tiles)=0.00 log10(pixels)=0.75
-0.0228787452803376	4	478	log2(tiles)=0.00 log10(pixels)=0.50
0.0950980400142568	6	479	log2(tiles)=0.00 log10(pixels)=0.75
0.0281512503836436	5	480	log2(tiles)=0.00 log10(pixels)=0.75
0.102059991327962	5	481	log2(tiles)=0.00 log10(pixels)=0.50
0.0281512503836436	6	482	log2(tiles)=0.00 log10(pixels)=0.75
0.0548206787211623	1	483	log2(tiles)=1.00 log10(pixels)=2.75
0	7	484	log2(tiles)=0.00 log10(pixels)=1.00
-0.085026652029182	2	485	log2(tiles)=0.00 log10(pixels)=1.50
0.0950980400142568	7	486	log2(tiles)=0.00 log10(pixels)=0.75
-0.0424298239020637	1	487	log2(tiles)=1.00 log10(pixels)=1.75
-0.103871964321762	2	488	log2(tiles)=1.00 log10(pixels)=1.25
-0.0458800173440752	2	489	log2(tiles)=1.00 log10(pixels)=1.25
0.0374264979406238	1	490	log2(tiles)=0.00 log10(pixels)=2.00
-0.0969100130080565	3	491	log2(tiles)=0.00 log10(pixels)=2.00
0	8	492	log2(tiles)=0.00 log10(pixels)=1.00
-0.045880017344075	1	493	log2(tiles)=1.00 log10(pixels)=2.25
-0.0376020021010439	2	494	log2(tiles)=1.00 log10(pixels)=1.50
0.0281512503836436	7	495	log2(tiles)=0.00 log10(pixels)=0.75
-0.0510299956639812	9	496	log2(tiles)=0.00 log10(pixels)=0.75
-0.103871964321762	8	497	log2(tiles)=0.00 log10(pixels)=1.25
0.0950980400142568	8	498	log2(tiles)=0.00 log10(pixels)=0.75
-0.0705810742857072	3	499	log2(tiles)=0.00 log10(pixels)=2.00
0.113943352306837	5	500	log2(tiles)=0.00 log10(pixels)=1.00
0.113841821876069	2	501	log2(tiles)=1.00 log10(pixels)=2.50
0.0950980400142568	9	502	log2(tiles)=0.00 log10(pixels)=0.75
-0.0814454694497266	1	503	log2(tiles)=1.50 log10(pixels)=3.00
0.00527250510330601	5	504	log2(tiles)=0.00 log10(pixels)=1.25
0.0185139398778875	2	505	log2(tiles)=1.00 log10(pixels)=1.50
0.0638672203691533	1	506	log2(tiles)=2.00 log10(pixels)=2.25
0.0722192947339193	4	507	log2(tiles)=0.00 log10(pixels)=1.25
-0.0739087409443187	11	508	log2(tiles)=0.00 log10(pixels)=1.25
0.00527250510330601	6	509	log2(tiles)=0.00 log10(pixels)=1.25
-0.0458800173440752	3	510	log2(tiles)=1.00 log10(pixels)=1.25
-0.103871964321762	9	511	log2(tiles)=0.00 log10(pixels)=1.25
0.068201724066995	1	512	log2(tiles)=0.00 log10(pixels)=1.50
-0.0510299956639812	10	513	log2(tiles)=0.00 log10(pixels)=0.75
0.0185139398778875	3	514	log2(tiles)=0.00 log10(pixels)=1.50
0.111727836017593	2	515	log2(tiles)=0.00 log10(pixels)=1.25
-0.0195510786217261	8	516	log2(tiles)=0.00 log10(pixels)=1.25
0.111727836017593	3	517	log2(tiles)=0.00 log10(pixels)=1.25
-0.0272835288524167	1	518	log2(tiles)=1.00 log10(pixels)=2.25
0.102059991327962	1	519	log2(tiles)=1.00 log10(pixels)=0.50
-0.0457574905606751	5	520	log2(tiles)=0.00 log10(pixels)=1.00
0.0569048513364727	4	521	log2(tiles)=0.00 log10(pixels)=2.00
0.0281512503836436	8	522	log2(tiles)=0.00 log10(pixels)=0.75
0.0791812460476249	9	523	log2(tiles)=0.00 log10(pixels)=1.00
0.113943352306837	6	524	log2(tiles)=0.00 log10(pixels)=1.00
-0.00963731050575611	3	525	log2(tiles)=0.00 log10(pixels)=1.75
-0.0144715530924513	1	526	log2(tiles)=0.00 log10(pixels)=2.25
-0.0710230527068307	1	527	log2(tiles)=1.00 log10(pixels)=2.25
0.0722192947339191	1	528	log2(tiles)=1.00 log10(pixels)=2.25
0.0629133566428557	1	529	log2(tiles)=1.00 log10(pixels)=2.75
0.0510299956639813	1	530	log2(tiles)=1.00 log10(pixels)=1.25
0.113943352306837	7	531	log2(tiles)=0.00 log10(pixels)=1.00
-0.106547323513813	2	532	log2(tiles)=0.00 log10(pixels)=1.75
0.0287536009528289	1	533	log2(tiles)=1.00 log10(pixels)=1.25
0.0281512503836436	3	534	log2(tiles)=1.00 log10(pixels)=0.75
-0.103871964321762	10	535	log2(tiles)=0.00 log10(pixels)=1.25
0.0791812460476249	10	536	log2(tiles)=0.00 log10(pixels)=1.00
-0.085026652029182	3	537	log2(tiles)=0.00 log10(pixels)=1.50
-0.109064892896621	2	538	log2(tiles)=1.00 log10(pixels)=2.50
0.0791812460476249	11	539	log2(tiles)=0.00 log10(pixels)=1.00
0.0413926851582249	12	540	log2(tiles)=0.00 log10(pixels)=1.00
0.102059991327962	6	541	log2(tiles)=0.00 log10(pixels)=0.50
-0.0228787452803376	5	542	log2(tiles)=0.00 log10(pixels)=0.50
0.0950980400142568	10	543	log2(tiles)=0.00 log10(pixels)=0.75
0.113611979892144	1	544	log2(tiles)=0.00 log10(pixels)=2.25
0.0287536009528289	3	545	log2(tiles)=0.00 log10(pixels)=1.25
-0.0429044595807819	1	546	log2(tiles)=2.00 log10(pixels)=3.25
-0.0457574905606751	6	547	log2(tiles)=0.00 log10(pixels)=1.00
0.0510299956639813	3	548	log2(tiles)=0.00 log10(pixels)=1.25
-0.113509274827518	2	549	log2(tiles)=0.00 log10(pixels)=2.00
0.0722192947339193	5	550	log2(tiles)=0.00 log10(pixels)=1.25
0.0934216851622351	1	551	log2(tiles)=1.00 log10(pixels)=2.00
-0.0598039199714864	2	552	log2(tiles)=1.00 log10(pixels)=1.75
-0.0969100130080565	9	553	log2(tiles)=0.00 log10(pixels)=1.00
-0.106547323513813	3	554	log2(tiles)=0.00 log10(pixels)=1.75
0.0413926851582249	13	555	log2(tiles)=0.00 log10(pixels)=1.00
0.0333012287035497	2	556	log2(tiles)=1.00 log10(pixels)=2.25
0.107209969647868	1	557	log2(tiles)=0.00 log10(pixels)=2.00
0.00514997831990605	2	558	log2(tiles)=1.00 log10(pixels)=1.50
0.0563025007672873	2	559	log2(tiles)=1.00 log10(pixels)=1.50
0.05307844348342	1	560	log2(tiles)=1.00 log10(pixels)=3.00
0.113943352306837	8	561	log2(tiles)=0.00 log10(pixels)=1.00
0.0440680443502757	2	562	log2(tiles)=0.00 log10(pixels)=1.50
0.00587485567249146	2	563	log2(tiles)=0.00 log10(pixels)=1.75
0.102059991327963	6	564	log2(tiles)=0.00 log10(pixels)=1.50
-0.0739087409443187	12	565	log2(tiles)=0.00 log10(pixels)=1.25
0.117000341120899	1	566	log2(tiles)=0.00 log10(pixels)=2.50
0.0281512503836436	9	567	log2(tiles)=0.00 log10(pixels)=0.75
-0.0228787452803376	6	568	log2(tiles)=0.00 log10(pixels)=0.50
0.0950980400142568	11	569	log2(tiles)=0.00 log10(pixels)=0.75
0	9	570	log2(tiles)=0.00 log10(pixels)=1.00
0.0413926851582249	14	571	log2(tiles)=0.00 log10(pixels)=1.00
0.0510299956639813	4	572	log2(tiles)=0.00 log10(pixels)=1.25
-0.0228787452803376	1	573	log2(tiles)=1.00 log10(pixels)=0.50
-0.0969100130080565	10	574	log2(tiles)=0.00 log10(pixels)=1.00
-0.0969100130080565	4	575	log2(tiles)=0.00 log10(pixels)=2.00
0.0413926851582249	15	576	log2(tiles)=0.00 log10(pixels)=1.00
-0.0739087409443187	13	577	log2(tiles)=0.00 log10(pixels)=1.25
0.113943352306837	1	578	log2(tiles)=1.00 log10(pixels)=1.00
-0.119788758288394	7	579	log2(tiles)=0.00 log10(pixels)=1.50
0.00514997831990605	1	580	log2(tiles)=0.00 log10(pixels)=1.50
-0.0969100130080565	11	581	log2(tiles)=0.00 log10(pixels)=1.00
0.0281512503836436	10	582	log2(tiles)=0.00 log10(pixels)=0.75
-0.0598039199714864	1	583	log2(tiles)=0.00 log10(pixels)=1.75
0	10	584	log2(tiles)=0.00 log10(pixels)=1.00
0.0981891169913989	1	585	log2(tiles)=1.00 log10(pixels)=2.75
-0.0510299956639812	2	586	log2(tiles)=1.00 log10(pixels)=0.75
0.0791812460476249	3	587	log2(tiles)=1.00 log10(pixels)=1.00
0.0950980400142568	12	588	log2(tiles)=0.00 log10(pixels)=0.75
0.0510299956639812	1	589	log2(tiles)=0.00 log10(pixels)=0.25
-0.076813731587726	1	590	log2(tiles)=2.00 log10(pixels)=2.25
0.0718820073061255	1	591	log2(tiles)=0.00 log10(pixels)=2.00
0.0791812460476249	12	592	log2(tiles)=0.00 log10(pixels)=1.00
0.111727836017593	4	593	log2(tiles)=0.00 log10(pixels)=1.25
-0.106547323513813	2	594	log2(tiles)=1.00 log10(pixels)=1.75
-0.0228787452803376	7	595	log2(tiles)=0.00 log10(pixels)=0.50
-0.0686362358410126	3	596	log2(tiles)=0.00 log10(pixels)=1.50
-0.0969100130080565	12	597	log2(tiles)=0.00 log10(pixels)=1.00
-0.0376020021010439	5	598	log2(tiles)=0.00 log10(pixels)=1.50
-0.10790539730952	3	599	log2(tiles)=0.00 log10(pixels)=2.00
0.0195129442179165	1	600	log2(tiles)=0.00 log10(pixels)=2.25
-0.0528419686577808	7	601	log2(tiles)=0.00 log10(pixels)=1.50
-0.0809219076239261	3	602	log2(tiles)=0.00 log10(pixels)=2.00
0.0950980400142568	13	603	log2(tiles)=0.00 log10(pixels)=0.75
0.113943352306837	9	604	log2(tiles)=0.00 log10(pixels)=1.00
0.0791812460476249	13	605	log2(tiles)=0.00 log10(pixels)=1.00
-0.0195510786217261	9	606	log2(tiles)=0.00 log10(pixels)=1.25
-0.0598039199714864	3	607	log2(tiles)=1.00 log10(pixels)=1.75
-0.0562730510763529	1	608	log2(tiles)=1.50 log10(pixels)=2.75
0.0314789170422551	4	609	log2(tiles)=0.00 log10(pixels)=1.50
0	11	610	log2(tiles)=0.00 log10(pixels)=1.00
0.111727836017593	5	611	log2(tiles)=0.00 log10(pixels)=1.25
0.0171717284030137	3	612	log2(tiles)=1.00 log10(pixels)=2.25
-0.0170038896078464	1	613	log2(tiles)=0.00 log10(pixels)=2.25
-0.0702477199975919	1	614	log2(tiles)=1.50 log10(pixels)=2.50
0.102059991327962	2	615	log2(tiles)=1.00 log10(pixels)=0.50
0.0950980400142568	14	616	log2(tiles)=0.00 log10(pixels)=0.75
0.123249290397901	3	617	log2(tiles)=0.00 log10(pixels)=1.50
0.0797835966168101	1	618	log2(tiles)=0.00 log10(pixels)=1.50
-0.0528419686577808	8	619	log2(tiles)=0.00 log10(pixels)=1.50
-0.0376020021010439	6	620	log2(tiles)=0.00 log10(pixels)=1.50
-0.0741724253752576	1	621	log2(tiles)=0.00 log10(pixels)=3.00
-0.0376020021010439	7	622	log2(tiles)=0.00 log10(pixels)=1.50
-0.116531544420413	2	623	log2(tiles)=0.00 log10(pixels)=1.75
0.0791812460476249	14	624	log2(tiles)=0.00 log10(pixels)=1.00
-0.0510299956639812	11	625	log2(tiles)=0.00 log10(pixels)=0.75
-0.0458800173440752	5	626	log2(tiles)=0.00 log10(pixels)=1.25
0.0791812460476249	15	627	log2(tiles)=0.00 log10(pixels)=1.00
0.102059991327962	7	628	log2(tiles)=0.00 log10(pixels)=0.50
-0.0457574905606751	7	629	log2(tiles)=0.00 log10(pixels)=1.00
0.112783856719735	2	630	log2(tiles)=0.00 log10(pixels)=1.50
-0.0510299956639812	12	631	log2(tiles)=0.00 log10(pixels)=0.75
-0.0969100130080565	13	632	log2(tiles)=0.00 log10(pixels)=1.00
-0.0457574905606751	8	633	log2(tiles)=0.00 log10(pixels)=1.00
0.0510299956639812	2	634	log2(tiles)=0.00 log10(pixels)=0.25
0.0440680443502757	3	635	log2(tiles)=0.00 log10(pixels)=1.50
0.0510299956639813	2	636	log2(tiles)=1.00 log10(pixels)=1.25
-0.0939017979871681	1	637	log2(tiles)=1.50 log10(pixels)=2.75
0.102059991327962	8	638	log2(tiles)=0.00 log10(pixels)=0.50
0	12	639	log2(tiles)=0.00 log10(pixels)=1.00
-0.0458800173440752	6	640	log2(tiles)=0.00 log10(pixels)=1.25
-0.0510299956639812	13	641	log2(tiles)=0.00 log10(pixels)=0.75
-0.102059991327962	4	642	log2(tiles)=1.00 log10(pixels)=1.50
0.0423916894982539	1	643	log2(tiles)=0.00 log10(pixels)=1.75
0.0722192947339193	6	644	log2(tiles)=0.00 log10(pixels)=1.25
-0.0510299956639812	14	645	log2(tiles)=0.00 log10(pixels)=0.75
0.113943352306837	10	646	log2(tiles)=0.00 log10(pixels)=1.00
0.112783856719735	3	647	log2(tiles)=0.00 log10(pixels)=1.50
0.102059991327962	9	648	log2(tiles)=0.00 log10(pixels)=0.50
0	13	649	log2(tiles)=0.00 log10(pixels)=1.00
-0.119666231504994	1	650	log2(tiles)=1.00 log10(pixels)=2.25
-0.00612308505878856	1	651	log2(tiles)=2.00 log10(pixels)=3.00
-0.0457574905606751	9	652	log2(tiles)=0.00 log10(pixels)=1.00
0.0413926851582249	16	653	log2(tiles)=0.00 log10(pixels)=1.00
-0.102059991327963	1	654	log2(tiles)=2.00 log10(pixels)=2.50
0.0722192947339193	7	655	log2(tiles)=0.00 log10(pixels)=1.25
-0.102059991327962	5	656	log2(tiles)=0.00 log10(pixels)=1.50
0.0510299956639812	3	657	log2(tiles)=0.00 log10(pixels)=0.25
0.0950980400142568	15	658	log2(tiles)=0.00 log10(pixels)=0.75
-0.0510299956639812	15	659	log2(tiles)=0.00 log10(pixels)=0.75
0.0791812460476249	16	660	log2(tiles)=0.00 log10(pixels)=1.00
0.0563025007672873	3	661	log2(tiles)=0.00 log10(pixels)=1.50
-0.102059991327962	5	662	log2(tiles)=1.00 log10(pixels)=1.50
0	14	663	log2(tiles)=0.00 log10(pixels)=1.00
-0.0228787452803376	8	664	log2(tiles)=0.00 log10(pixels)=0.50
-0.0228787452803376	9	665	log2(tiles)=0.00 log10(pixels)=0.50
-0.0457574905606751	10	666	log2(tiles)=0.00 log10(pixels)=1.00
0.0791812460476249	17	667	log2(tiles)=0.00 log10(pixels)=1.00
-0.11261017366127	1	668	log2(tiles)=1.00 log10(pixels)=2.50
-0.103871964321762	11	669	log2(tiles)=0.00 log10(pixels)=1.25
-0.0739087409443187	1	670	log2(tiles)=1.00 log10(pixels)=2.25
0.0695439355418688	2	671	log2(tiles)=0.00 log10(pixels)=1.75
0.0493405494535817	2	672	log2(tiles)=0.00 log10(pixels)=1.75
0.0510299956639813	5	673	log2(tiles)=0.00 log10(pixels)=1.25
0.0510299956639812	4	674	log2(tiles)=0.00 log10(pixels)=0.25
0.00587485567249146	3	675	log2(tiles)=0.00 log10(pixels)=1.75
-0.0739087409443187	14	676	log2(tiles)=0.00 log10(pixels)=1.25
0.123249290397901	1	677	log2(tiles)=1.00 log10(pixels)=1.50
0.0563025007672873	4	678	log2(tiles)=0.00 log10(pixels)=1.50
0.113943352306837	11	679	log2(tiles)=0.00 log10(pixels)=1.00
-0.0969100130080565	14	680	log2(tiles)=0.00 log10(pixels)=1.00
0.0791812460476249	18	681	log2(tiles)=0.00 log10(pixels)=1.00
-0.102372908709559	1	682	log2(tiles)=0.00 log10(pixels)=2.00
-0.0228787452803376	10	683	log2(tiles)=0.00 log10(pixels)=0.50
-0.119788758288394	3	684	log2(tiles)=1.00 log10(pixels)=1.50
0.0287536009528289	4	685	log2(tiles)=0.00 log10(pixels)=1.25
-0.103871964321762	12	686	log2(tiles)=0.00 log10(pixels)=1.25
0.0413926851582249	17	687	log2(tiles)=0.00 log10(pixels)=1.00
-0.0510299956639812	16	688	log2(tiles)=0.00 log10(pixels)=0.75
0.102059991327962	10	689	log2(tiles)=0.00 log10(pixels)=0.50
0.123249290397901	1	690	log2(tiles)=2.25 log10(pixels)=1.50
0.0281512503836436	11	691	log2(tiles)=0.00 log10(pixels)=0.75
-0.0510299956639812	17	692	log2(tiles)=0.00 log10(pixels)=0.75
0.0510299956639812	5	693	log2(tiles)=0.00 log10(pixels)=0.25
-0.0195510786217261	10	694	log2(tiles)=0.00 log10(pixels)=1.25
0.113943352306837	12	695	log2(tiles)=0.00 log10(pixels)=1.00
-0.031517051446065	1	696	log2(tiles)=0.00 log10(pixels)=2.00
0.102059991327962	11	697	log2(tiles)=0.00 log10(pixels)=0.50
0.0791812460476249	19	698	log2(tiles)=0.00 log10(pixels)=1.00
0.0293837776852097	1	699	log2(tiles)=0.00 log10(pixels)=2.00
0.0950980400142568	16	700	log2(tiles)=0.00 log10(pixels)=0.75
0.0453229787866576	1	701	log2(tiles)=0.00 log10(pixels)=2.00
-0.0510299956639813	2	702	log2(tiles)=1.00 log10(pixels)=1.75
0.0078558716958308	1	703	log2(tiles)=1.00 log10(pixels)=2.50
0.113943352306837	2	704	log2(tiles)=1.00 log10(pixels)=1.00
-0.107303046740334	1	705	log2(tiles)=2.00 log10(pixels)=2.50
-0.102059991327962	6	706	log2(tiles)=1.00 log10(pixels)=1.50
0.102059991327962	12	707	log2(tiles)=0.00 log10(pixels)=0.50
-0.0510299956639812	3	708	log2(tiles)=1.00 log10(pixels)=0.75
-0.0458800173440752	7	709	log2(tiles)=0.00 log10(pixels)=1.25
-0.0510299956639812	18	710	log2(tiles)=0.00 log10(pixels)=0.75
-0.0739087409443187	15	711	log2(tiles)=0.00 log10(pixels)=1.25
-0.0510299956639812	19	712	log2(tiles)=0.00 log10(pixels)=0.75
0.102059991327962	13	713	log2(tiles)=0.00 log10(pixels)=0.50
0.0510299956639812	6	714	log2(tiles)=0.00 log10(pixels)=0.25
0.0510299956639812	7	715	log2(tiles)=0.00 log10(pixels)=0.25
0.0281512503836436	12	716	log2(tiles)=0.00 log10(pixels)=0.75
0.0950980400142568	17	717	log2(tiles)=0.00 log10(pixels)=0.75
-0.103871964321762	13	718	log2(tiles)=0.00 log10(pixels)=1.25
0.0950980400142568	18	719	log2(tiles)=0.00 log10(pixels)=0.75
-0.0969100130080565	15	720	log2(tiles)=0.00 log10(pixels)=1.00
0.102059991327962	14	721	log2(tiles)=0.00 log10(pixels)=0.50
-0.0228787452803376	11	722	log2(tiles)=0.00 log10(pixels)=0.50
0.123249290397901	4	723	log2(tiles)=0.00 log10(pixels)=1.50
-0.0655015487564323	1	724	log2(tiles)=0.00 log10(pixels)=2.00
-0.102059991327962	7	725	log2(tiles)=1.00 log10(pixels)=1.50
0.113943352306837	13	726	log2(tiles)=0.00 log10(pixels)=1.00
0.0950980400142568	1	727	log2(tiles)=1.00 log10(pixels)=0.75
0.0281512503836436	13	728	log2(tiles)=0.00 log10(pixels)=0.75
0.0492180226701815	2	729	log2(tiles)=1.00 log10(pixels)=2.00
0.0413926851582249	18	730	log2(tiles)=0.00 log10(pixels)=1.00
0.0413926851582249	19	731	log2(tiles)=0.00 log10(pixels)=1.00
0.113943352306837	14	732	log2(tiles)=0.00 log10(pixels)=1.00
0.111727836017593	6	733	log2(tiles)=0.00 log10(pixels)=1.25
-0.0969100130080565	16	734	log2(tiles)=0.00 log10(pixels)=1.00
-0.0257241303992108	2	735	log2(tiles)=0.00 log10(pixels)=1.75
0.0185139398778875	4	736	log2(tiles)=0.00 log10(pixels)=1.50
0.113943352306837	15	737	log2(tiles)=0.00 log10(pixels)=1.00
-0.0969100130080565	17	738	log2(tiles)=0.00 log10(pixels)=1.00
-0.0797382846050425	1	739	log2(tiles)=2.00 log10(pixels)=2.25
0.102059991327962	15	740	log2(tiles)=0.00 log10(pixels)=0.50
-0.0376020021010439	8	741	log2(tiles)=0.00 log10(pixels)=1.50
-0.0228787452803376	12	742	log2(tiles)=0.00 log10(pixels)=0.50
0.113322860120456	1	743	log2(tiles)=0.00 log10(pixels)=1.75
-0.0510299956639812	20	744	log2(tiles)=0.00 log10(pixels)=0.75
0.0314789170422551	1	745	log2(tiles)=1.00 log10(pixels)=1.50
0.0440680443502757	1	746	log2(tiles)=1.00 log10(pixels)=1.50
-0.0510299956639812	21	747	log2(tiles)=0.00 log10(pixels)=0.75
-0.0528419686577808	9	748	log2(tiles)=0.00 log10(pixels)=1.50
-0.0228787452803376	13	749	log2(tiles)=0.00 log10(pixels)=0.50
0.102059991327962	16	750	log2(tiles)=0.00 log10(pixels)=0.50
0.102059991327962	17	751	log2(tiles)=0.00 log10(pixels)=0.50
-0.0228787452803376	14	752	log2(tiles)=0.00 log10(pixels)=0.50
0.0510299956639812	8	753	log2(tiles)=0.00 log10(pixels)=0.25
0.113943352306837	16	754	log2(tiles)=0.00 log10(pixels)=1.00
0	1	755	log2(tiles)=1.00 log10(pixels)=1.00
0.0510299956639813	6	756	log2(tiles)=0.00 log10(pixels)=1.25
0.0950980400142568	19	757	log2(tiles)=0.00 log10(pixels)=0.75
0	15	758	log2(tiles)=0.00 log10(pixels)=1.00
-0.0228787452803376	15	759	log2(tiles)=0.00 log10(pixels)=0.50
0	16	760	log2(tiles)=0.00 log10(pixels)=1.00
-0.0457574905606751	11	761	log2(tiles)=0.00 log10(pixels)=1.00
-0.116531544420413	3	762	log2(tiles)=0.00 log10(pixels)=1.75
0.102059991327962	18	763	log2(tiles)=0.00 log10(pixels)=0.50
0.0281512503836436	14	764	log2(tiles)=0.00 log10(pixels)=0.75
-0.0969100130080565	18	765	log2(tiles)=0.00 log10(pixels)=1.00
0.0281512503836436	15	766	log2(tiles)=0.00 log10(pixels)=0.75
0.0510299956639812	9	767	log2(tiles)=0.00 log10(pixels)=0.25
-0.0228787452803376	2	768	log2(tiles)=1.00 log10(pixels)=1.50
0.0413926851582249	20	769	log2(tiles)=0.00 log10(pixels)=1.00
-0.0376020021010439	1	770	log2(tiles)=1.50 log10(pixels)=1.50
-0.0739087409443187	16	771	log2(tiles)=0.00 log10(pixels)=1.25
-0.119788758288394	8	772	log2(tiles)=0.00 log10(pixels)=1.50
0.00587485567249146	4	773	log2(tiles)=0.00 log10(pixels)=1.75
-0.0457574905606751	12	774	log2(tiles)=0.00 log10(pixels)=1.00
0.0950980400142568	20	775	log2(tiles)=0.00 log10(pixels)=0.75
0.0791812460476249	4	776	log2(tiles)=1.00 log10(pixels)=1.00
0.00527250510330601	7	777	log2(tiles)=0.00 log10(pixels)=1.25
-0.0510299956639812	22	778	log2(tiles)=0.00 log10(pixels)=0.75
-0.0457574905606751	13	779	log2(tiles)=0.00 log10(pixels)=1.00
-0.0228787452803376	16	780	log2(tiles)=0.00 log10(pixels)=0.50
-0.0457574905606751	14	781	log2(tiles)=0.00 log10(pixels)=1.00
0.0924226808222062	6	782	log2(tiles)=0.00 log10(pixels)=1.25
0.0827853703164498	1	783	log2(tiles)=1.00 log10(pixels)=2.00
0.0413926851582249	21	784	log2(tiles)=0.00 log10(pixels)=1.00
-0.0376020021010439	9	785	log2(tiles)=0.00 log10(pixels)=1.50
0.102059991327962	19	786	log2(tiles)=0.00 log10(pixels)=0.50
-0.0228787452803376	17	787	log2(tiles)=0.00 log10(pixels)=0.50
-0.0969100130080565	19	788	log2(tiles)=0.00 log10(pixels)=1.00
-0.0228787452803376	18	789	log2(tiles)=0.00 log10(pixels)=0.50
0.102059991327962	20	790	log2(tiles)=0.00 log10(pixels)=0.50
0.0510299956639813	7	791	log2(tiles)=0.00 log10(pixels)=1.25
0.0910646070264991	1	792	log2(tiles)=1.00 log10(pixels)=1.50
-0.0809219076239261	4	793	log2(tiles)=0.00 log10(pixels)=2.00
-0.105548319173784	1	794	log2(tiles)=1.50 log10(pixels)=2.50
0.0950980400142568	21	795	log2(tiles)=0.00 log10(pixels)=0.75
-0.0228787452803376	19	796	log2(tiles)=0.00 log10(pixels)=0.50
0.0904441148401185	1	797	log2(tiles)=1.50 log10(pixels)=2.25
-0.0228787452803376	20	798	log2(tiles)=0.00 log10(pixels)=0.50
0.0281512503836436	16	799	log2(tiles)=0.00 log10(pixels)=0.75
-0.0739087409443187	17	800	log2(tiles)=0.00 log10(pixels)=1.25
-0.0739087409443187	2	801	log2(tiles)=1.00 log10(pixels)=1.25
0.0722192947339193	8	802	log2(tiles)=0.00 log10(pixels)=1.25
-0.0228787452803376	21	803	log2(tiles)=0.00 log10(pixels)=0.50
0.0281512503836436	17	804	log2(tiles)=0.00 log10(pixels)=0.75
0.0791812460476249	5	805	log2(tiles)=1.00 log10(pixels)=1.00
0.0281512503836436	4	806	log2(tiles)=1.00 log10(pixels)=0.75
-0.106547323513813	3	807	log2(tiles)=1.00 log10(pixels)=1.75
0.0287536009528289	2	808	log2(tiles)=1.00 log10(pixels)=1.25
0.102059991327962	21	809	log2(tiles)=0.00 log10(pixels)=0.50
-0.0458800173440752	8	810	log2(tiles)=0.00 log10(pixels)=1.25
-0.0510299956639812	23	811	log2(tiles)=0.00 log10(pixels)=0.75
-0.0510299956639812	24	812	log2(tiles)=0.00 log10(pixels)=0.75
0.123249290397901	2	813	log2(tiles)=1.00 log10(pixels)=1.50
-0.0458800173440752	9	814	log2(tiles)=0.00 log10(pixels)=1.25
-0.102059991327962	8	815	log2(tiles)=1.00 log10(pixels)=1.50
0.0423916894982539	2	816	log2(tiles)=0.00 log10(pixels)=1.75
-0.0228787452803376	4	817	log2(tiles)=0.00 log10(pixels)=1.50
0.0950980400142568	22	818	log2(tiles)=0.00 log10(pixels)=0.75
0.0413926851582249	1	819	log2(tiles)=1.00 log10(pixels)=1.00
0.113943352306837	17	820	log2(tiles)=0.00 log10(pixels)=1.00
-0.0528419686577808	10	821	log2(tiles)=0.00 log10(pixels)=1.50
-0.0228787452803376	22	822	log2(tiles)=0.00 log10(pixels)=0.50
-0.0686362358410126	4	823	log2(tiles)=0.00 log10(pixels)=1.50
0.0924226808222062	1	824	log2(tiles)=1.00 log10(pixels)=1.25
-0.0739087409443187	18	825	log2(tiles)=0.00 log10(pixels)=1.25
0.102059991327962	22	826	log2(tiles)=0.00 log10(pixels)=0.50
-0.119788758288394	9	827	log2(tiles)=0.00 log10(pixels)=1.50
0.0510299956639812	10	828	log2(tiles)=0.00 log10(pixels)=0.25
-0.0376020021010439	10	829	log2(tiles)=0.00 log10(pixels)=1.50
0.0950980400142568	23	830	log2(tiles)=0.00 log10(pixels)=0.75
0.0950980400142568	24	831	log2(tiles)=0.00 log10(pixels)=0.75
-0.0967874862246563	1	832	log2(tiles)=0.00 log10(pixels)=1.75
0.0208520116421442	1	833	log2(tiles)=1.00 log10(pixels)=1.75
0.102059991327962	23	834	log2(tiles)=0.00 log10(pixels)=0.50
0.0281512503836436	18	835	log2(tiles)=0.00 log10(pixels)=0.75
-0.0195510786217261	11	836	log2(tiles)=0.00 log10(pixels)=1.25
-0.103871964321762	14	837	log2(tiles)=0.00 log10(pixels)=1.25
0.0510299956639813	3	838	log2(tiles)=1.00 log10(pixels)=1.25
0	17	839	log2(tiles)=0.00 log10(pixels)=1.00
-0.0510299956639812	4	840	log2(tiles)=1.00 log10(pixels)=0.75
0.102059991327962	24	841	log2(tiles)=0.00 log10(pixels)=0.50
-0.0686362358410126	5	842	log2(tiles)=0.00 log10(pixels)=1.50
-0.0510299956639812	25	843	log2(tiles)=0.00 log10(pixels)=0.75
-0.0969100130080565	2	844	log2(tiles)=1.00 log10(pixels)=1.00
-0.0228787452803376	23	845	log2(tiles)=0.00 log10(pixels)=0.50
0.102059991327962	25	846	log2(tiles)=0.00 log10(pixels)=0.50
-0.0228787452803376	24	847	log2(tiles)=0.00 log10(pixels)=0.50
-0.106547323513813	4	848	log2(tiles)=1.00 log10(pixels)=1.75
-0.0969100130080565	20	849	log2(tiles)=0.00 log10(pixels)=1.00
-0.0228787452803376	25	850	log2(tiles)=0.00 log10(pixels)=0.50
-0.0969100130080565	21	851	log2(tiles)=0.00 log10(pixels)=1.00
0.0791812460476249	6	852	log2(tiles)=1.00 log10(pixels)=1.00
-0.0739087409443187	19	853	log2(tiles)=0.00 log10(pixels)=1.25
0.0950980400142568	25	854	log2(tiles)=0.00 log10(pixels)=0.75
0.0510299956639812	11	855	log2(tiles)=0.00 log10(pixels)=0.25
-0.0457574905606751	15	856	log2(tiles)=0.00 log10(pixels)=1.00
-0.0228787452803376	26	857	log2(tiles)=0.00 log10(pixels)=0.50
0.00587485567249146	5	858	log2(tiles)=0.00 log10(pixels)=1.75
-0.0457574905606752	4	859	log2(tiles)=0.00 log10(pixels)=2.00
0.0510299956639812	12	860	log2(tiles)=0.00 log10(pixels)=0.25
0.0510299956639812	13	861	log2(tiles)=0.00 log10(pixels)=0.25
0.0510299956639812	14	862	log2(tiles)=0.00 log10(pixels)=0.25
0.0950980400142568	26	863	log2(tiles)=0.00 log10(pixels)=0.75
-0.0105501823333083	1	864	log2(tiles)=1.00 log10(pixels)=3.00
0.0510299956639812	15	865	log2(tiles)=0.00 log10(pixels)=0.25
-0.0969100130080565	22	866	log2(tiles)=0.00 log10(pixels)=1.00
0.102059991327962	26	867	log2(tiles)=0.00 log10(pixels)=0.50
-0.0969100130080565	23	868	log2(tiles)=0.00 log10(pixels)=1.00
-0.0457574905606751	16	869	log2(tiles)=0.00 log10(pixels)=1.00
0.102059991327962	3	870	log2(tiles)=1.00 log10(pixels)=0.50
0.0281512503836436	19	871	log2(tiles)=0.00 log10(pixels)=0.75
0.0510299956639813	1	872	log2(tiles)=2.00 log10(pixels)=1.25
0.0281512503836436	20	873	log2(tiles)=0.00 log10(pixels)=0.75
0.0185139398778875	5	874	log2(tiles)=0.00 log10(pixels)=1.50
-0.0969100130080565	24	875	log2(tiles)=0.00 log10(pixels)=1.00
-0.0228787452803376	27	876	log2(tiles)=0.00 log10(pixels)=0.50
0.0281512503836436	21	877	log2(tiles)=0.00 log10(pixels)=0.75
0.0791812460476249	20	878	log2(tiles)=0.00 log10(pixels)=1.00
0	2	879	log2(tiles)=1.00 log10(pixels)=1.00
-0.0228787452803376	28	880	log2(tiles)=0.00 log10(pixels)=0.50
-0.119788758288394	4	881	log2(tiles)=1.00 log10(pixels)=1.50
-0.0686362358410126	2	882	log2(tiles)=1.00 log10(pixels)=1.50
0.00527250510330601	8	883	log2(tiles)=0.00 log10(pixels)=1.25
-0.0458800173440752	10	884	log2(tiles)=0.00 log10(pixels)=1.25
0.0510299956639812	16	885	log2(tiles)=0.00 log10(pixels)=0.25
-0.0510299956639812	26	886	log2(tiles)=0.00 log10(pixels)=0.75
-0.0969100130080565	25	887	log2(tiles)=0.00 log10(pixels)=1.00
-0.0457574905606751	17	888	log2(tiles)=0.00 log10(pixels)=1.00
0.0510299956639812	17	889	log2(tiles)=0.00 log10(pixels)=0.25
0.102059991327962	27	890	log2(tiles)=0.00 log10(pixels)=0.50
0.0791812460476249	21	891	log2(tiles)=0.00 log10(pixels)=1.00
0.0510299956639812	18	892	log2(tiles)=0.00 log10(pixels)=0.25
0.0791812460476249	22	893	log2(tiles)=0.00 log10(pixels)=1.00
-0.0458800173440752	11	894	log2(tiles)=0.00 log10(pixels)=1.25
0.102059991327962	28	895	log2(tiles)=0.00 log10(pixels)=0.50
-0.0228787452803376	29	896	log2(tiles)=0.00 log10(pixels)=0.50
-0.0739087409443187	20	897	log2(tiles)=0.00 log10(pixels)=1.25
-0.0510299956639812	27	898	log2(tiles)=0.00 log10(pixels)=0.75
-0.0510299956639812	5	899	log2(tiles)=1.00 log10(pixels)=0.75
-0.0457574905606751	18	900	log2(tiles)=0.00 log10(pixels)=1.00
-0.0195510786217261	12	901	log2(tiles)=0.00 log10(pixels)=1.25
-0.0510299956639812	28	902	log2(tiles)=0.00 log10(pixels)=0.75
-0.0687587626244128	2	903	log2(tiles)=1.00 log10(pixels)=1.75
-0.0228787452803376	30	904	log2(tiles)=0.00 log10(pixels)=0.50
0.0510299956639812	19	905	log2(tiles)=0.00 log10(pixels)=0.25
0.0791812460476249	23	906	log2(tiles)=0.00 log10(pixels)=1.00
0.0287536009528289	3	907	log2(tiles)=1.00 log10(pixels)=1.25
0	18	908	log2(tiles)=0.00 log10(pixels)=1.00
-0.103871964321762	15	909	log2(tiles)=0.00 log10(pixels)=1.25
0.0314789170422551	5	910	log2(tiles)=0.00 log10(pixels)=1.50
0.0281512503836436	22	911	log2(tiles)=0.00 log10(pixels)=0.75
-0.085026652029182	4	912	log2(tiles)=0.00 log10(pixels)=1.50
-0.0228787452803376	31	913	log2(tiles)=0.00 log10(pixels)=0.50
-0.0757207139381184	2	914	log2(tiles)=0.00 log10(pixels)=2.00
-0.0195510786217259	1	915	log2(tiles)=0.00 log10(pixels)=2.25
0.0287536009528289	5	916	log2(tiles)=0.00 log10(pixels)=1.25
-0.0132282657337552	1	917	log2(tiles)=0.00 log10(pixels)=2.00
-0.0458800173440752	12	918	log2(tiles)=0.00 log10(pixels)=1.25
-0.0510299956639812	29	919	log2(tiles)=0.00 log10(pixels)=0.75
-0.0195510786217261	13	920	log2(tiles)=0.00 log10(pixels)=1.25
-0.0510299956639812	30	921	log2(tiles)=0.00 log10(pixels)=0.75
-0.0655015487564323	2	922	log2(tiles)=0.00 log10(pixels)=2.00
0.102059991327962	29	923	log2(tiles)=0.00 log10(pixels)=0.50
0.0281512503836436	23	924	log2(tiles)=0.00 log10(pixels)=0.75
0.0950980400142568	27	925	log2(tiles)=0.00 log10(pixels)=0.75
-0.0739087409443187	21	926	log2(tiles)=0.00 log10(pixels)=1.25
0.0281512503836436	24	927	log2(tiles)=0.00 log10(pixels)=0.75
-0.0228787452803376	32	928	log2(tiles)=0.00 log10(pixels)=0.50
0.0440680443502757	2	929	log2(tiles)=1.00 log10(pixels)=1.50
0.0287536009528289	4	930	log2(tiles)=1.00 log10(pixels)=1.25
0.0910646070264991	2	931	log2(tiles)=1.00 log10(pixels)=1.50
0.0413926851582249	22	932	log2(tiles)=0.00 log10(pixels)=1.00
-0.0457574905606751	19	933	log2(tiles)=0.00 log10(pixels)=1.00
0.0791812460476249	7	934	log2(tiles)=1.00 log10(pixels)=1.00
-0.0510299956639812	31	935	log2(tiles)=0.00 log10(pixels)=0.75
0.0797835966168101	2	936	log2(tiles)=0.00 log10(pixels)=1.50
0.0510299956639812	20	937	log2(tiles)=0.00 log10(pixels)=0.25
-0.0228787452803376	1	938	log2(tiles)=1.50 log10(pixels)=1.50
0	3	939	log2(tiles)=1.00 log10(pixels)=1.00
-0.0228787452803376	33	940	log2(tiles)=0.00 log10(pixels)=0.50
-0.0510299956639812	32	941	log2(tiles)=0.00 log10(pixels)=0.75
0	19	942	log2(tiles)=0.00 log10(pixels)=1.00
-0.103871964321762	3	943	log2(tiles)=1.00 log10(pixels)=1.25
0.0791812460476249	24	944	log2(tiles)=0.00 log10(pixels)=1.00
0.111727836017593	7	945	log2(tiles)=0.00 log10(pixels)=1.25
-0.0195510786217261	14	946	log2(tiles)=0.00 log10(pixels)=1.25
0.00587485567249146	6	947	log2(tiles)=0.00 log10(pixels)=1.75
0	20	948	log2(tiles)=0.00 log10(pixels)=1.00
-0.0376020021010439	3	949	log2(tiles)=1.00 log10(pixels)=1.50
0.10530504614111	1	950	log2(tiles)=0.00 log10(pixels)=2.50
-0.0195510786217261	15	951	log2(tiles)=0.00 log10(pixels)=1.25
0.0287536009528289	6	952	log2(tiles)=0.00 log10(pixels)=1.25
0.0510299956639812	21	953	log2(tiles)=0.00 log10(pixels)=0.25
-0.0228787452803376	34	954	log2(tiles)=0.00 log10(pixels)=0.50
0.0510299956639812	22	955	log2(tiles)=0.00 log10(pixels)=0.25
-0.0228787452803376	35	956	log2(tiles)=0.00 log10(pixels)=0.50
0.0950980400142568	28	957	log2(tiles)=0.00 log10(pixels)=0.75
-0.0510299956639812	33	958	log2(tiles)=0.00 log10(pixels)=0.75
0.0510299956639812	1	959	log2(tiles)=1.00 log10(pixels)=0.25
0.0950980400142568	29	960	log2(tiles)=0.00 log10(pixels)=0.75
0	21	961	log2(tiles)=0.00 log10(pixels)=1.00
0.0281512503836436	25	962	log2(tiles)=0.00 log10(pixels)=0.75
0.0510299956639812	23	963	log2(tiles)=0.00 log10(pixels)=0.25
0.0334237554869499	2	964	log2(tiles)=1.00 log10(pixels)=2.00
0.111727836017593	8	965	log2(tiles)=0.00 log10(pixels)=1.25
0.0791812460476249	25	966	log2(tiles)=0.00 log10(pixels)=1.00
-0.0681564120552274	1	967	log2(tiles)=0.00 log10(pixels)=2.25
0	22	968	log2(tiles)=0.00 log10(pixels)=1.00
-0.0457574905606751	20	969	log2(tiles)=0.00 log10(pixels)=1.00
0.0825089127062364	1	970	log2(tiles)=1.00 log10(pixels)=1.75
0.0510299956639812	24	971	log2(tiles)=0.00 log10(pixels)=0.25
0.0910646070264991	1	972	log2(tiles)=0.00 log10(pixels)=1.50
0.0287536009528289	7	973	log2(tiles)=0.00 log10(pixels)=1.25
-0.0510299956639812	34	974	log2(tiles)=0.00 log10(pixels)=0.75
0.0510299956639812	25	975	log2(tiles)=0.00 log10(pixels)=0.25
0.00527250510330601	9	976	log2(tiles)=0.00 log10(pixels)=1.25
-0.0969100130080565	26	977	log2(tiles)=0.00 log10(pixels)=1.00
-0.0228787452803376	36	978	log2(tiles)=0.00 log10(pixels)=0.50
0.0510299956639812	26	979	log2(tiles)=0.00 log10(pixels)=0.25
0.102059991327962	30	980	log2(tiles)=0.00 log10(pixels)=0.50
-0.113279432843593	1	981	log2(tiles)=0.00 log10(pixels)=2.25
-0.0457574905606751	21	982	log2(tiles)=0.00 log10(pixels)=1.00
0.0830440298234874	1	983	log2(tiles)=2.00 log10(pixels)=3.25
0.113943352306837	18	984	log2(tiles)=0.00 log10(pixels)=1.00
-0.0376020021010439	11	985	log2(tiles)=0.00 log10(pixels)=1.50
0.0510299956639812	27	986	log2(tiles)=0.00 log10(pixels)=0.25
-0.0510299956639812	35	987	log2(tiles)=0.00 log10(pixels)=0.75
-0.0528419686577808	11	988	log2(tiles)=0.00 log10(pixels)=1.50
-0.0705810742857072	4	989	log2(tiles)=0.00 log10(pixels)=2.00
-0.106547323513813	5	990	log2(tiles)=1.00 log10(pixels)=1.75
0.102059991327962	31	991	log2(tiles)=0.00 log10(pixels)=0.50
-0.103871964321762	16	992	log2(tiles)=0.00 log10(pixels)=1.25
0.0510299956639812	28	993	log2(tiles)=0.00 log10(pixels)=0.25
0.0950980400142568	30	994	log2(tiles)=0.00 log10(pixels)=0.75
0.0791812460476249	26	995	log2(tiles)=0.00 log10(pixels)=1.00
0.0950980400142568	31	996	log2(tiles)=0.00 log10(pixels)=0.75
-0.0510299956639812	36	997	log2(tiles)=0.00 log10(pixels)=0.75
0.102059991327962	32	998	log2(tiles)=0.00 log10(pixels)=0.50
0.0950980400142568	32	999	log2(tiles)=0.00 log10(pixels)=0.75
0.0791812460476249	27	1000	log2(tiles)=0.00 log10(pixels)=1.00
-0.0739087409443187	22	1001	log2(tiles)=0.00 log10(pixels)=1.25
-0.085026652029182	2	1002	log2(tiles)=1.00 log10(pixels)=1.50
0.00527250510330601	10	1003	log2(tiles)=0.00 log10(pixels)=1.25
0	23	1004	log2(tiles)=0.00 log10(pixels)=1.00
0.0510299956639812	29	1005	log2(tiles)=0.00 log10(pixels)=0.25
0.0950980400142568	33	1006	log2(tiles)=0.00 log10(pixels)=0.75
0	1	1007	log2(tiles)=0.00 log10(pixels)=0.00
-0.0195510786217261	16	1008	log2(tiles)=0.00 log10(pixels)=1.25
-0.0457574905606751	22	1009	log2(tiles)=0.00 log10(pixels)=1.00
0.0791812460476249	28	1010	log2(tiles)=0.00 log10(pixels)=1.00
-0.0969100130080565	27	1011	log2(tiles)=0.00 log10(pixels)=1.00
-0.0457574905606751	23	1012	log2(tiles)=0.00 log10(pixels)=1.00
-0.0969100130080565	28	1013	log2(tiles)=0.00 log10(pixels)=1.00
0.113943352306837	19	1014	log2(tiles)=0.00 log10(pixels)=1.00
0.102059991327962	33	1015	log2(tiles)=0.00 log10(pixels)=0.50
0.0287536009528289	8	1016	log2(tiles)=0.00 log10(pixels)=1.25
-0.116531544420413	1	1017	log2(tiles)=1.00 log10(pixels)=1.75
0.0250448070368452	2	1018	log2(tiles)=1.00 log10(pixels)=2.50
0.111727836017593	9	1019	log2(tiles)=0.00 log10(pixels)=1.25
-0.0457574905606751	24	1020	log2(tiles)=0.00 log10(pixels)=1.00
-0.0195510786217261	17	1021	log2(tiles)=0.00 log10(pixels)=1.25
-0.0228787452803376	37	1022	log2(tiles)=0.00 log10(pixels)=0.50
0.0281512503836436	26	1023	log2(tiles)=0.00 log10(pixels)=0.75
0.0510299956639812	30	1024	log2(tiles)=0.00 log10(pixels)=0.25
-0.0969100130080565	29	1025	log2(tiles)=0.00 log10(pixels)=1.00
-0.0228787452803376	38	1026	log2(tiles)=0.00 log10(pixels)=0.50
0.0287536009528289	5	1027	log2(tiles)=1.00 log10(pixels)=1.25
0.0510299956639812	31	1028	log2(tiles)=0.00 log10(pixels)=0.25
0.102059991327962	34	1029	log2(tiles)=0.00 log10(pixels)=0.50
-0.0457574905606752	1	1030	log2(tiles)=1.50 log10(pixels)=2.00
0.0950980400142568	34	1031	log2(tiles)=0.00 log10(pixels)=0.75
0.102059991327962	35	1032	log2(tiles)=0.00 log10(pixels)=0.50
0.0950980400142568	35	1033	log2(tiles)=0.00 log10(pixels)=0.75
-0.0228787452803376	39	1034	log2(tiles)=0.00 log10(pixels)=0.50
-0.0510299956639813	2	1035	log2(tiles)=0.00 log10(pixels)=1.75
0.0680633349627615	1	1036	log2(tiles)=1.00 log10(pixels)=2.25
-0.0257241303992108	3	1037	log2(tiles)=0.00 log10(pixels)=1.75
-0.0457574905606751	25	1038	log2(tiles)=0.00 log10(pixels)=1.00
0.0510299956639812	32	1039	log2(tiles)=0.00 log10(pixels)=0.25
-0.0686362358410126	6	1040	log2(tiles)=0.00 log10(pixels)=1.50
0	24	1041	log2(tiles)=0.00 log10(pixels)=1.00
-0.0378123955960423	1	1042	log2(tiles)=0.00 log10(pixels)=2.25
-0.0969100130080565	30	1043	log2(tiles)=0.00 log10(pixels)=1.00
-0.0228787452803376	40	1044	log2(tiles)=0.00 log10(pixels)=0.50
0.0950980400142568	36	1045	log2(tiles)=0.00 log10(pixels)=0.75
-0.0228787452803376	41	1046	log2(tiles)=0.00 log10(pixels)=0.50
-0.0228787452803376	42	1047	log2(tiles)=0.00 log10(pixels)=0.50
0	25	1048	log2(tiles)=0.00 log10(pixels)=1.00
-0.0739087409443187	23	1049	log2(tiles)=0.00 log10(pixels)=1.25
0	2	1050	log2(tiles)=0.00 log10(pixels)=0.00
-0.103871964321762	17	1051	log2(tiles)=0.00 log10(pixels)=1.25
-0.0376020021010439	12	1052	log2(tiles)=0.00 log10(pixels)=1.50
-0.103871964321762	18	1053	log2(tiles)=0.00 log10(pixels)=1.25
0.0791812460476249	29	1054	log2(tiles)=0.00 log10(pixels)=1.00
0.102059991327962	36	1055	log2(tiles)=0.00 log10(pixels)=0.50
0.0185139398778875	6	1056	log2(tiles)=0.00 log10(pixels)=1.50
-0.106547323513813	4	1057	log2(tiles)=0.00 log10(pixels)=1.75
-0.0176062401770314	2	1058	log2(tiles)=0.00 log10(pixels)=1.75
-0.0510299956639812	37	1059	log2(tiles)=0.00 log10(pixels)=0.75
0.0477747053878224	1	1060	log2(tiles)=1.00 log10(pixels)=2.50
0.0281512503836436	27	1061	log2(tiles)=0.00 log10(pixels)=0.75
0.123249290397901	5	1062	log2(tiles)=0.00 log10(pixels)=1.50
-0.0195510786217261	18	1063	log2(tiles)=0.00 log10(pixels)=1.25
0	26	1064	log2(tiles)=0.00 log10(pixels)=1.00
-0.0228787452803376	43	1065	log2(tiles)=0.00 log10(pixels)=0.50
0.0287536009528289	9	1066	log2(tiles)=0.00 log10(pixels)=1.25
-0.0228787452803376	44	1067	log2(tiles)=0.00 log10(pixels)=0.50
0.0950980400142568	37	1068	log2(tiles)=0.00 log10(pixels)=0.75
0	3	1069	log2(tiles)=0.00 log10(pixels)=0.00
0.0510299956639812	33	1070	log2(tiles)=0.00 log10(pixels)=0.25
0	4	1071	log2(tiles)=0.00 log10(pixels)=0.00
-0.0872421683184259	7	1072	log2(tiles)=0.00 log10(pixels)=1.75
-0.0686362358410126	7	1073	log2(tiles)=0.00 log10(pixels)=1.50
0	27	1074	log2(tiles)=0.00 log10(pixels)=1.00
-0.0779021420642825	3	1075	log2(tiles)=0.00 log10(pixels)=1.75
-0.0510299956639813	3	1076	log2(tiles)=0.00 log10(pixels)=1.75
-0.0228787452803376	45	1077	log2(tiles)=0.00 log10(pixels)=0.50
0.0950980400142568	38	1078	log2(tiles)=0.00 log10(pixels)=0.75
0.0950980400142568	2	1079	log2(tiles)=1.00 log10(pixels)=0.75
0.102059991327962	37	1080	log2(tiles)=0.00 log10(pixels)=0.50
-0.0457574905606751	26	1081	log2(tiles)=0.00 log10(pixels)=1.00
-0.0228787452803376	46	1082	log2(tiles)=0.00 log10(pixels)=0.50
0.0510299956639812	34	1083	log2(tiles)=0.00 log10(pixels)=0.25
0.0950980400142568	39	1084	log2(tiles)=0.00 log10(pixels)=0.75
-0.0969100130080565	31	1085	log2(tiles)=0.00 log10(pixels)=1.00
-0.0228787452803376	47	1086	log2(tiles)=0.00 log10(pixels)=0.50
-0.0510299956639812	38	1087	log2(tiles)=0.00 log10(pixels)=0.75
0.0950980400142568	40	1088	log2(tiles)=0.00 log10(pixels)=0.75
0.0281512503836436	28	1089	log2(tiles)=0.00 log10(pixels)=0.75
-0.102059991327962	6	1090	log2(tiles)=0.00 log10(pixels)=1.50
0.102059991327963	1	1091	log2(tiles)=1.00 log10(pixels)=1.50
-0.103871964321762	19	1092	log2(tiles)=0.00 log10(pixels)=1.25
-0.0228787452803376	48	1093	log2(tiles)=0.00 log10(pixels)=0.50
0	5	1094	log2(tiles)=0.00 log10(pixels)=0.00
0.102059991327962	38	1095	log2(tiles)=0.00 log10(pixels)=0.50
0.0281512503836436	29	1096	log2(tiles)=0.00 log10(pixels)=0.75
-0.103871964321762	20	1097	log2(tiles)=0.00 log10(pixels)=1.25
0.0281512503836436	30	1098	log2(tiles)=0.00 log10(pixels)=0.75
-0.0568754016455384	1	1099	log2(tiles)=0.00 log10(pixels)=2.25
0.0510299956639812	35	1100	log2(tiles)=0.00 log10(pixels)=0.25
-0.0510299956639812	39	1101	log2(tiles)=0.00 log10(pixels)=0.75
-0.0195510786217261	19	1102	log2(tiles)=0.00 log10(pixels)=1.25
-0.0510299956639812	40	1103	log2(tiles)=0.00 log10(pixels)=0.75
0.0791812460476249	30	1104	log2(tiles)=0.00 log10(pixels)=1.00
0.0281512503836436	5	1105	log2(tiles)=1.00 log10(pixels)=0.75
-0.0228787452803376	49	1106	log2(tiles)=0.00 log10(pixels)=0.50
0.0791812460476249	31	1107	log2(tiles)=0.00 log10(pixels)=1.00
0.0510299956639812	36	1108	log2(tiles)=0.00 log10(pixels)=0.25
0.0629133566428555	3	1109	log2(tiles)=0.00 log10(pixels)=1.75
0.113943352306837	20	1110	log2(tiles)=0.00 log10(pixels)=1.00
0.0950980400142568	41	1111	log2(tiles)=0.00 log10(pixels)=0.75
-0.0458800173440752	13	1112	log2(tiles)=0.00 log10(pixels)=1.25
0.0281512503836436	31	1113	log2(tiles)=0.00 log10(pixels)=0.75
-0.0228787452803376	50	1114	log2(tiles)=0.00 log10(pixels)=0.50
-0.0195510786217261	20	1115	log2(tiles)=0.00 log10(pixels)=1.25
0.0950980400142568	42	1116	log2(tiles)=0.00 log10(pixels)=0.75
-0.0969100130080565	32	1117	log2(tiles)=0.00 log10(pixels)=1.00
0	28	1118	log2(tiles)=0.00 log10(pixels)=1.00
0.0510299956639812	37	1119	log2(tiles)=0.00 log10(pixels)=0.25
-0.114393726401688	1	1120	log2(tiles)=0.00 log10(pixels)=2.50
-0.0510299956639812	41	1121	log2(tiles)=0.00 log10(pixels)=0.75
-0.0228787452803376	2	1122	log2(tiles)=1.00 log10(pixels)=0.50
-0.0228787452803376	51	1123	log2(tiles)=0.00 log10(pixels)=0.50
0.0510299956639812	38	1124	log2(tiles)=0.00 log10(pixels)=0.25
-0.00963731050575611	4	1125	log2(tiles)=0.00 log10(pixels)=1.75
-0.103871964321762	21	1126	log2(tiles)=0.00 log10(pixels)=1.25
0.113943352306837	21	1127	log2(tiles)=0.00 log10(pixels)=1.00
0.0791812460476249	32	1128	log2(tiles)=0.00 log10(pixels)=1.00
0.0510299956639812	39	1129	log2(tiles)=0.00 log10(pixels)=0.25
0.0950980400142569	1	1130	log2(tiles)=1.50 log10(pixels)=1.75
-0.0457574905606751	27	1131	log2(tiles)=0.00 log10(pixels)=1.00
-0.119788758288394	5	1132	log2(tiles)=1.00 log10(pixels)=1.50
-0.0195510786217261	21	1133	log2(tiles)=0.00 log10(pixels)=1.25
0.0510299956639812	40	1134	log2(tiles)=0.00 log10(pixels)=0.25
0.0287536009528289	6	1135	log2(tiles)=1.00 log10(pixels)=1.25
0.0281512503836436	32	1136	log2(tiles)=0.00 log10(pixels)=0.75
0.102059991327962	39	1137	log2(tiles)=0.00 log10(pixels)=0.50
-0.0528419686577808	12	1138	log2(tiles)=0.00 log10(pixels)=1.50
0.102059991327962	40	1139	log2(tiles)=0.00 log10(pixels)=0.50
0.0510299956639812	41	1140	log2(tiles)=0.00 log10(pixels)=0.25
-0.0510299956639812	42	1141	log2(tiles)=0.00 log10(pixels)=0.75
-0.0228787452803376	52	1142	log2(tiles)=0.00 log10(pixels)=0.50
-0.0228787452803376	53	1143	log2(tiles)=0.00 log10(pixels)=0.50
0.0287536009528289	10	1144	log2(tiles)=0.00 log10(pixels)=1.25
-0.0739087409443187	3	1145	log2(tiles)=1.00 log10(pixels)=1.25
0.0510299956639812	42	1146	log2(tiles)=0.00 log10(pixels)=0.25
0.0791812460476249	33	1147	log2(tiles)=0.00 log10(pixels)=1.00
0	29	1148	log2(tiles)=0.00 log10(pixels)=1.00
-0.0510299956639812	43	1149	log2(tiles)=0.00 log10(pixels)=0.75
0.0510299956639812	43	1150	log2(tiles)=0.00 log10(pixels)=0.25
-0.0228787452803376	54	1151	log2(tiles)=0.00 log10(pixels)=0.50
-0.0969100130080565	33	1152	log2(tiles)=0.00 log10(pixels)=1.00
0.102059991327962	41	1153	log2(tiles)=0.00 log10(pixels)=0.50
0.0950980400142568	43	1154	log2(tiles)=0.00 log10(pixels)=0.75
0.102059991327962	42	1155	log2(tiles)=0.00 log10(pixels)=0.50
0	6	1156	log2(tiles)=0.00 log10(pixels)=0.00
0.0510299956639812	44	1157	log2(tiles)=0.00 log10(pixels)=0.25
0.0563025007672873	5	1158	log2(tiles)=0.00 log10(pixels)=1.50
-0.0457574905606751	28	1159	log2(tiles)=0.00 log10(pixels)=1.00
0.0510299956639812	2	1160	log2(tiles)=1.00 log10(pixels)=0.25
0.102059991327962	43	1161	log2(tiles)=0.00 log10(pixels)=0.50
0.0791812460476249	34	1162	log2(tiles)=0.00 log10(pixels)=1.00
-0.0228787452803376	5	1163	log2(tiles)=0.00 log10(pixels)=1.50
0.0281512503836436	1	1164	log2(tiles)=1.00 log10(pixels)=1.75
0	30	1165	log2(tiles)=0.00 log10(pixels)=1.00
-0.0228787452803376	55	1166	log2(tiles)=0.00 log10(pixels)=0.50
0.123249290397901	6	1167	log2(tiles)=0.00 log10(pixels)=1.50
-0.0228787452803376	56	1168	log2(tiles)=0.00 log10(pixels)=0.50
0.102059991327962	44	1169	log2(tiles)=0.00 log10(pixels)=0.50
0.111727836017593	10	1170	log2(tiles)=0.00 log10(pixels)=1.25
-0.106547323513813	5	1171	log2(tiles)=0.00 log10(pixels)=1.75
-0.0510299956639812	44	1172	log2(tiles)=0.00 log10(pixels)=0.75
-0.0228787452803376	57	1173	log2(tiles)=0.00 log10(pixels)=0.50
-0.0228787452803376	58	1174	log2(tiles)=0.00 log10(pixels)=0.50
0	31	1175	log2(tiles)=0.00 log10(pixels)=1.00
0.0413926851582249	23	1176	log2(tiles)=0.00 log10(pixels)=1.00
0	7	1177	log2(tiles)=0.00 log10(pixels)=0.00
-0.0510299956639812	45	1178	log2(tiles)=0.00 log10(pixels)=0.75
0.102059991327962	45	1179	log2(tiles)=0.00 log10(pixels)=0.50
0.0453071164658239	1	1180	log2(tiles)=1.00 log10(pixels)=2.50
-0.119788758288394	10	1181	log2(tiles)=0.00 log10(pixels)=1.50
0.0287536009528289	11	1182	log2(tiles)=0.00 log10(pixels)=1.25
-0.0228787452803376	59	1183	log2(tiles)=0.00 log10(pixels)=0.50
-0.0228787452803376	3	1184	log2(tiles)=1.00 log10(pixels)=0.50
-0.0228787452803376	60	1185	log2(tiles)=0.00 log10(pixels)=0.50
0	8	1186	log2(tiles)=0.00 log10(pixels)=0.00
-0.0739087409443187	24	1187	log2(tiles)=0.00 log10(pixels)=1.25
0.0440680443502757	4	1188	log2(tiles)=0.00 log10(pixels)=1.50
-0.0228787452803376	61	1189	log2(tiles)=0.00 log10(pixels)=0.50
0.0510299956639812	45	1190	log2(tiles)=0.00 log10(pixels)=0.25
0.0950980400142568	44	1191	log2(tiles)=0.00 log10(pixels)=0.75
-0.0528419686577808	13	1192	log2(tiles)=0.00 log10(pixels)=1.50
0.0722192947339193	9	1193	log2(tiles)=0.00 log10(pixels)=1.25
0.0510299956639812	46	1194	log2(tiles)=0.00 log10(pixels)=0.25
0.0281512503836436	33	1195	log2(tiles)=0.00 log10(pixels)=0.75
-0.0457574905606751	29	1196	log2(tiles)=0.00 log10(pixels)=1.00
-0.0510299956639812	46	1197	log2(tiles)=0.00 log10(pixels)=0.75
-0.116531544420413	4	1198	log2(tiles)=0.00 log10(pixels)=1.75
-0.0228787452803376	62	1199	log2(tiles)=0.00 log10(pixels)=0.50
-0.0457574905606751	30	1200	log2(tiles)=0.00 log10(pixels)=1.00
-0.0228787452803376	63	1201	log2(tiles)=0.00 log10(pixels)=0.50
-0.0228787452803376	64	1202	log2(tiles)=0.00 log10(pixels)=0.50
0.117271295655764	1	1203	log2(tiles)=0.00 log10(pixels)=2.00
0.0281512503836436	34	1204	log2(tiles)=0.00 log10(pixels)=0.75
0.0281512503836436	35	1205	log2(tiles)=0.00 log10(pixels)=0.75
-0.0228787452803376	65	1206	log2(tiles)=0.00 log10(pixels)=0.50
-0.0376020021010439	13	1207	log2(tiles)=0.00 log10(pixels)=1.50
-0.0967874862246563	2	1208	log2(tiles)=0.00 log10(pixels)=1.75
0.113943352306837	3	1209	log2(tiles)=1.00 log10(pixels)=1.00
0.0563025007672873	6	1210	log2(tiles)=0.00 log10(pixels)=1.50
0	9	1211	log2(tiles)=0.00 log10(pixels)=0.00
0.0791812460476249	35	1212	log2(tiles)=0.00 log10(pixels)=1.00
0.0510299956639812	47	1213	log2(tiles)=0.00 log10(pixels)=0.25
-0.102059991327962	7	1214	log2(tiles)=0.00 log10(pixels)=1.50
0.0510299956639812	48	1215	log2(tiles)=0.00 log10(pixels)=0.25
-0.0969100130080565	34	1216	log2(tiles)=0.00 log10(pixels)=1.00
0.0510299956639812	49	1217	log2(tiles)=0.00 log10(pixels)=0.25
0.0440680443502757	5	1218	log2(tiles)=0.00 log10(pixels)=1.50
0.0510299956639812	50	1219	log2(tiles)=0.00 log10(pixels)=0.25
0.0510299956639812	51	1220	log2(tiles)=0.00 log10(pixels)=0.25
-0.0510299956639812	47	1221	log2(tiles)=0.00 log10(pixels)=0.75
-0.0510299956639812	48	1222	log2(tiles)=0.00 log10(pixels)=0.75
0.0510299956639812	52	1223	log2(tiles)=0.00 log10(pixels)=0.25
0.0950980400142568	3	1224	log2(tiles)=1.00 log10(pixels)=0.75
-0.0510299956639812	49	1225	log2(tiles)=0.00 log10(pixels)=0.75
-0.0510299956639812	50	1226	log2(tiles)=0.00 log10(pixels)=0.75
0.0950980400142568	45	1227	log2(tiles)=0.00 log10(pixels)=0.75
0.0510299956639812	53	1228	log2(tiles)=0.00 log10(pixels)=0.25
0	10	1229	log2(tiles)=0.00 log10(pixels)=0.00
0.102059991327962	46	1230	log2(tiles)=0.00 log10(pixels)=0.50
0.0281512503836436	6	1231	log2(tiles)=1.00 log10(pixels)=0.75
0.0281512503836436	36	1232	log2(tiles)=0.00 log10(pixels)=0.75
0.102059991327962	47	1233	log2(tiles)=0.00 log10(pixels)=0.50
-0.0969100130080565	3	1234	log2(tiles)=1.00 log10(pixels)=1.00
0.0924226808222062	7	1235	log2(tiles)=0.00 log10(pixels)=1.25
-0.0779021420642825	4	1236	log2(tiles)=0.00 log10(pixels)=1.75
-0.085026652029182	5	1237	log2(tiles)=0.00 log10(pixels)=1.50
-0.085026652029182	6	1238	log2(tiles)=0.00 log10(pixels)=1.50
0.0510299956639812	54	1239	log2(tiles)=0.00 log10(pixels)=0.25
0.00527250510330601	2	1240	log2(tiles)=1.00 log10(pixels)=1.25
-0.106547323513813	6	1241	log2(tiles)=0.00 log10(pixels)=1.75
-0.0510299956639812	51	1242	log2(tiles)=0.00 log10(pixels)=0.75
-0.0228787452803376	66	1243	log2(tiles)=0.00 log10(pixels)=0.50
-0.0739087409443187	25	1244	log2(tiles)=0.00 log10(pixels)=1.25
-0.0228787452803376	67	1245	log2(tiles)=0.00 log10(pixels)=0.50
0.102059991327962	48	1246	log2(tiles)=0.00 log10(pixels)=0.50
0.0510299956639812	55	1247	log2(tiles)=0.00 log10(pixels)=0.25
0.0924226808222062	8	1248	log2(tiles)=0.00 log10(pixels)=1.25
-0.0739087409443187	26	1249	log2(tiles)=0.00 log10(pixels)=1.25
0.102059991327962	49	1250	log2(tiles)=0.00 log10(pixels)=0.50
-0.0228787452803376	68	1251	log2(tiles)=0.00 log10(pixels)=0.50
-0.0228787452803376	69	1252	log2(tiles)=0.00 log10(pixels)=0.50
-0.0228787452803376	70	1253	log2(tiles)=0.00 log10(pixels)=0.50
0.0510299956639812	56	1254	log2(tiles)=0.00 log10(pixels)=0.25
0.0510299956639812	57	1255	log2(tiles)=0.00 log10(pixels)=0.25
0.102059991327962	50	1256	log2(tiles)=0.00 log10(pixels)=0.50
-0.0228787452803376	71	1257	log2(tiles)=0.00 log10(pixels)=0.50
0.0924226808222062	9	1258	log2(tiles)=0.00 log10(pixels)=1.25
-0.00963731050575611	1	1259	log2(tiles)=1.50 log10(pixels)=1.75
0.113943352306837	4	1260	log2(tiles)=1.00 log10(pixels)=1.00
-0.0510299956639812	52	1261	log2(tiles)=0.00 log10(pixels)=0.75
0.0281512503836436	37	1262	log2(tiles)=0.00 log10(pixels)=0.75
-0.0132282657337552	2	1263	log2(tiles)=0.00 log10(pixels)=2.00
-0.0228787452803376	72	1264	log2(tiles)=0.00 log10(pixels)=0.50
0.0510299956639812	58	1265	log2(tiles)=0.00 log10(pixels)=0.25
-0.0510299956639812	53	1266	log2(tiles)=0.00 log10(pixels)=0.75
0.0510299956639812	59	1267	log2(tiles)=0.00 log10(pixels)=0.25
0	32	1268	log2(tiles)=0.00 log10(pixels)=1.00
-0.0228787452803376	73	1269	log2(tiles)=0.00 log10(pixels)=0.50
0.0950980400142568	46	1270	log2(tiles)=0.00 log10(pixels)=0.75
0.00514997831990605	2	1271	log2(tiles)=0.00 log10(pixels)=1.50
0.0510299956639812	60	1272	log2(tiles)=0.00 log10(pixels)=0.25
-0.0687587626244128	3	1273	log2(tiles)=0.00 log10(pixels)=1.75
-0.0510299956639812	54	1274	log2(tiles)=0.00 log10(pixels)=0.75
0.0863598306747484	1	1275	log2(tiles)=0.00 log10(pixels)=2.00
-0.0969100130080565	35	1276	log2(tiles)=0.00 log10(pixels)=1.00
-0.0228787452803376	4	1277	log2(tiles)=1.00 log10(pixels)=0.50
0.102059991327962	51	1278	log2(tiles)=0.00 log10(pixels)=0.50
-0.0228787452803376	5	1279	log2(tiles)=1.00 log10(pixels)=0.50
0	11	1280	log2(tiles)=0.00 log10(pixels)=0.00
0.0510299956639812	61	1281	log2(tiles)=0.00 log10(pixels)=0.25
0.0510299956639812	62	1282	log2(tiles)=0.00 log10(pixels)=0.25
-0.0739087409443187	4	1283	log2(tiles)=1.00 log10(pixels)=1.25
0.0510299956639812	63	1284	log2(tiles)=0.00 log10(pixels)=0.25
-0.0969100130080565	4	1285	log2(tiles)=1.00 log10(pixels)=1.00
0.0791812460476249	36	1286	log2(tiles)=0.00 log10(pixels)=1.00
-0.103871964321762	22	1287	log2(tiles)=0.00 log10(pixels)=1.25
-0.103871964321762	23	1288	log2(tiles)=0.00 log10(pixels)=1.25
0.102059991327962	4	1289	log2(tiles)=1.00 log10(pixels)=0.50
-0.0228787452803376	6	1290	log2(tiles)=1.00 log10(pixels)=0.50
-0.119788758288394	11	1291	log2(tiles)=0.00 log10(pixels)=1.50
0.0722192947339193	10	1292	log2(tiles)=0.00 log10(pixels)=1.25
0.102059991327962	52	1293	log2(tiles)=0.00 log10(pixels)=0.50
0.0287536009528289	12	1294	log2(tiles)=0.00 log10(pixels)=1.25
0.0950980400142568	47	1295	log2(tiles)=0.00 log10(pixels)=0.75
0.0510299956639812	64	1296	log2(tiles)=0.00 log10(pixels)=0.25
-0.0510299956639812	55	1297	log2(tiles)=0.00 log10(pixels)=0.75
0.0910646070264991	1	1298	log2(tiles)=1.50 log10(pixels)=1.50
0	33	1299	log2(tiles)=0.00 log10(pixels)=1.00
0.0185139398778875	3	1300	log2(tiles)=1.00 log10(pixels)=1.50
0.102059991327962	53	1301	log2(tiles)=0.00 log10(pixels)=0.50
0.0413926851582249	24	1302	log2(tiles)=0.00 log10(pixels)=1.00
-0.0457574905606751	31	1303	log2(tiles)=0.00 log10(pixels)=1.00
-0.0510299956639812	56	1304	log2(tiles)=0.00 log10(pixels)=0.75
-0.0458800173440752	14	1305	log2(tiles)=0.00 log10(pixels)=1.25
0	12	1306	log2(tiles)=0.00 log10(pixels)=0.00
-0.0510299956639812	57	1307	log2(tiles)=0.00 log10(pixels)=0.75
0.0510299956639812	65	1308	log2(tiles)=0.00 log10(pixels)=0.25
0.102059991327962	54	1309	log2(tiles)=0.00 log10(pixels)=0.50
0.102059991327962	55	1310	log2(tiles)=0.00 log10(pixels)=0.50
0.102059991327963	7	1311	log2(tiles)=0.00 log10(pixels)=1.50
-0.0228787452803376	74	1312	log2(tiles)=0.00 log10(pixels)=0.50
0.0185139398778875	4	1313	log2(tiles)=1.00 log10(pixels)=1.50
-0.0510299956639812	58	1314	log2(tiles)=0.00 log10(pixels)=0.75
0.00527250510330601	11	1315	log2(tiles)=0.00 log10(pixels)=1.25
0.0287536009528289	13	1316	log2(tiles)=0.00 log10(pixels)=1.25
-0.00448733218585007	1	1317	log2(tiles)=1.00 log10(pixels)=2.25
0.102059991327962	5	1318	log2(tiles)=1.00 log10(pixels)=0.50
-0.0457574905606751	32	1319	log2(tiles)=0.00 log10(pixels)=1.00
-0.103871964321762	24	1320	log2(tiles)=0.00 log10(pixels)=1.25
-0.102059991327962	8	1321	log2(tiles)=0.00 log10(pixels)=1.50
-0.0228787452803376	75	1322	log2(tiles)=0.00 log10(pixels)=0.50
0.0281512503836436	38	1323	log2(tiles)=0.00 log10(pixels)=0.75
0.0510299956639812	66	1324	log2(tiles)=0.00 log10(pixels)=0.25
0.0281512503836436	39	1325	log2(tiles)=0.00 log10(pixels)=0.75
0	13	1326	log2(tiles)=0.00 log10(pixels)=0.00
-0.0510299956639812	59	1327	log2(tiles)=0.00 log10(pixels)=0.75
0.0510299956639812	67	1328	log2(tiles)=0.00 log10(pixels)=0.25
0.0950980400142568	48	1329	log2(tiles)=0.00 log10(pixels)=0.75
-0.0510299956639812	60	1330	log2(tiles)=0.00 log10(pixels)=0.75
0.0899051114393981	1	1331	log2(tiles)=0.00 log10(pixels)=2.00
-0.0510299956639812	61	1332	log2(tiles)=0.00 log10(pixels)=0.75
0.112783856719735	4	1333	log2(tiles)=0.00 log10(pixels)=1.50
-0.0510299956639812	62	1334	log2(tiles)=0.00 log10(pixels)=0.75
0.0510299956639812	68	1335	log2(tiles)=0.00 log10(pixels)=0.25
0.112783856719735	1	1336	log2(tiles)=1.00 log10(pixels)=1.50
-0.0457574905606751	33	1337	log2(tiles)=0.00 log10(pixels)=1.00
0	14	1338	log2(tiles)=0.00 log10(pixels)=0.00
0.0281512503836436	40	1339	log2(tiles)=0.00 log10(pixels)=0.75
0.0510299956639812	69	1340	log2(tiles)=0.00 log10(pixels)=0.25
0	15	1341	log2(tiles)=0.00 log10(pixels)=0.00
0.102059991327962	56	1342	log2(tiles)=0.00 log10(pixels)=0.50
-0.0969100130080565	36	1343	log2(tiles)=0.00 log10(pixels)=1.00
-0.10790539730952	4	1344	log2(tiles)=0.00 log10(pixels)=2.00
0.0510299956639812	70	1345	log2(tiles)=0.00 log10(pixels)=0.25
0.0510299956639812	71	1346	log2(tiles)=0.00 log10(pixels)=0.25
0.0510299956639812	72	1347	log2(tiles)=0.00 log10(pixels)=0.25
0.102059991327962	57	1348	log2(tiles)=0.00 log10(pixels)=0.50
0.102059991327962	58	1349	log2(tiles)=0.00 log10(pixels)=0.50
-0.0228787452803376	76	1350	log2(tiles)=0.00 log10(pixels)=0.50
-0.0969100130080565	37	1351	log2(tiles)=0.00 log10(pixels)=1.00
0.0287536009528289	14	1352	log2(tiles)=0.00 log10(pixels)=1.25
-0.0510299956639812	63	1353	log2(tiles)=0.00 log10(pixels)=0.75
0.102059991327962	59	1354	log2(tiles)=0.00 log10(pixels)=0.50
-0.0458800173440752	15	1355	log2(tiles)=0.00 log10(pixels)=1.25
-0.0739087409443187	27	1356	log2(tiles)=0.00 log10(pixels)=1.25
0.102059991327962	60	1357	log2(tiles)=0.00 log10(pixels)=0.50
0.102059991327962	61	1358	log2(tiles)=0.00 log10(pixels)=0.50
-0.0228787452803376	77	1359	log2(tiles)=0.00 log10(pixels)=0.50
0.0510299956639812	73	1360	log2(tiles)=0.00 log10(pixels)=0.25
0.0510299956639812	74	1361	log2(tiles)=0.00 log10(pixels)=0.25
-0.103871964321762	4	1362	log2(tiles)=1.00 log10(pixels)=1.25
0.102059991327962	62	1363	log2(tiles)=0.00 log10(pixels)=0.50
-0.0969100130080565	38	1364	log2(tiles)=0.00 log10(pixels)=1.00
-0.0228787452803376	78	1365	log2(tiles)=0.00 log10(pixels)=0.50
0.0510299956639812	75	1366	log2(tiles)=0.00 log10(pixels)=0.25
0.0510299956639813	4	1367	log2(tiles)=1.00 log10(pixels)=1.25
-0.0376020021010439	14	1368	log2(tiles)=0.00 log10(pixels)=1.50
0.0510299956639812	76	1369	log2(tiles)=0.00 log10(pixels)=0.25
-0.0969100130080565	39	1370	log2(tiles)=0.00 log10(pixels)=1.00
-0.0228787452803376	79	1371	log2(tiles)=0.00 log10(pixels)=0.50
-0.103871964321762	5	1372	log2(tiles)=1.00 log10(pixels)=1.25
0.0281512503836436	7	1373	log2(tiles)=1.00 log10(pixels)=0.75
-0.0376020021010439	15	1374	log2(tiles)=0.00 log10(pixels)=1.50
-0.0458800173440752	16	1375	log2(tiles)=0.00 log10(pixels)=1.25
0.102059991327962	63	1376	log2(tiles)=0.00 log10(pixels)=0.50
0.0510299956639812	77	1377	log2(tiles)=0.00 log10(pixels)=0.25
0	16	1378	log2(tiles)=0.00 log10(pixels)=0.00
0.0950980400142568	49	1379	log2(tiles)=0.00 log10(pixels)=0.75
0.0281512503836436	41	1380	log2(tiles)=0.00 log10(pixels)=0.75
0.0281512503836436	42	1381	log2(tiles)=0.00 log10(pixels)=0.75
-0.085026652029182	7	1382	log2(tiles)=0.00 log10(pixels)=1.50
-0.0969100130080565	40	1383	log2(tiles)=0.00 log10(pixels)=1.00
0.0950980400142568	50	1384	log2(tiles)=0.00 log10(pixels)=0.75
0.0510299956639812	78	1385	log2(tiles)=0.00 log10(pixels)=0.25
0	17	1386	log2(tiles)=0.00 log10(pixels)=0.00
0.0510299956639812	79	1387	log2(tiles)=0.00 log10(pixels)=0.25
-0.0228787452803376	6	1388	log2(tiles)=0.00 log10(pixels)=1.50
0.102059991327962	64	1389	log2(tiles)=0.00 log10(pixels)=0.50
0.0510299956639812	80	1390	log2(tiles)=0.00 log10(pixels)=0.25
0.0950980400142568	51	1391	log2(tiles)=0.00 log10(pixels)=0.75
0.0510299956639812	81	1392	log2(tiles)=0.00 log10(pixels)=0.25
0.0950980400142568	52	1393	log2(tiles)=0.00 log10(pixels)=0.75
-0.0510299956639812	64	1394	log2(tiles)=0.00 log10(pixels)=0.75
-0.0510299956639812	65	1395	log2(tiles)=0.00 log10(pixels)=0.75
-0.0510299956639812	66	1396	log2(tiles)=0.00 log10(pixels)=0.75
0.0510299956639812	82	1397	log2(tiles)=0.00 log10(pixels)=0.25
-0.0457574905606752	2	1398	log2(tiles)=1.00 log10(pixels)=2.00
0.102059991327962	65	1399	log2(tiles)=0.00 log10(pixels)=0.50
0.0791812460476249	8	1400	log2(tiles)=1.00 log10(pixels)=1.00
0.0510299956639812	83	1401	log2(tiles)=0.00 log10(pixels)=0.25
0.0510299956639812	84	1402	log2(tiles)=0.00 log10(pixels)=0.25
0.113943352306837	22	1403	log2(tiles)=0.00 log10(pixels)=1.00
-0.0510299956639812	67	1404	log2(tiles)=0.00 log10(pixels)=0.75
-0.0969100130080565	41	1405	log2(tiles)=0.00 log10(pixels)=1.00
0.0510299956639813	5	1406	log2(tiles)=1.00 log10(pixels)=1.25
0.0314789170422551	2	1407	log2(tiles)=1.00 log10(pixels)=1.50
0.0510299956639812	85	1408	log2(tiles)=0.00 log10(pixels)=0.25
0.0314789170422551	6	1409	log2(tiles)=0.00 log10(pixels)=1.50
0.0510299956639812	86	1410	log2(tiles)=0.00 log10(pixels)=0.25
0.119231719730976	1	1411	log2(tiles)=1.50 log10(pixels)=1.75
0.00514997831990605	3	1412	log2(tiles)=0.00 log10(pixels)=1.50
-0.0457574905606751	34	1413	log2(tiles)=0.00 log10(pixels)=1.00
0.0510299956639812	87	1414	log2(tiles)=0.00 log10(pixels)=0.25
0.0510299956639812	88	1415	log2(tiles)=0.00 log10(pixels)=0.25
-0.00863830616572736	3	1416	log2(tiles)=0.00 log10(pixels)=1.50
0.0413926851582249	25	1417	log2(tiles)=0.00 log10(pixels)=1.00
-0.103871964321762	25	1418	log2(tiles)=0.00 log10(pixels)=1.25
0.0606978403536118	1	1419	log2(tiles)=2.00 log10(pixels)=2.00
0.102059991327962	66	1420	log2(tiles)=0.00 log10(pixels)=0.50
0	18	1421	log2(tiles)=0.00 log10(pixels)=0.00
0.0722192947339193	11	1422	log2(tiles)=0.00 log10(pixels)=1.25
0.0950980400142568	53	1423	log2(tiles)=0.00 log10(pixels)=0.75
0.0510299956639812	89	1424	log2(tiles)=0.00 log10(pixels)=0.25
-0.0969100130080565	42	1425	log2(tiles)=0.00 log10(pixels)=1.00
-0.0510299956639812	68	1426	log2(tiles)=0.00 log10(pixels)=0.75
0.0413926851582249	26	1427	log2(tiles)=0.00 log10(pixels)=1.00
-0.0457574905606751	35	1428	log2(tiles)=0.00 log10(pixels)=1.00
0.0281512503836436	43	1429	log2(tiles)=0.00 log10(pixels)=0.75
-0.0969100130080565	5	1430	log2(tiles)=1.00 log10(pixels)=1.00
0.102059991327962	67	1431	log2(tiles)=0.00 log10(pixels)=0.50
0	19	1432	log2(tiles)=0.00 log10(pixels)=0.00
-0.0510299956639812	69	1433	log2(tiles)=0.00 log10(pixels)=0.75
-0.0228787452803376	80	1434	log2(tiles)=0.00 log10(pixels)=0.50
0	20	1435	log2(tiles)=0.00 log10(pixels)=0.00
0.0510299956639812	90	1436	log2(tiles)=0.00 log10(pixels)=0.25
0.102059991327962	68	1437	log2(tiles)=0.00 log10(pixels)=0.50
0.0797835966168101	3	1438	log2(tiles)=0.00 log10(pixels)=1.50
0.0510299956639812	91	1439	log2(tiles)=0.00 log10(pixels)=0.25
-0.0510299956639812	70	1440	log2(tiles)=0.00 log10(pixels)=0.75
0.107332496431269	1	1441	log2(tiles)=1.00 log10(pixels)=1.75
0.102059991327962	69	1442	log2(tiles)=0.00 log10(pixels)=0.50
0.102059991327962	70	1443	log2(tiles)=0.00 log10(pixels)=0.50
0.00527250510330601	12	1444	log2(tiles)=0.00 log10(pixels)=1.25
-0.0457574905606751	36	1445	log2(tiles)=0.00 log10(pixels)=1.00
0.102059991327962	71	1446	log2(tiles)=0.00 log10(pixels)=0.50
-0.0222763947111522	2	1447	log2(tiles)=0.00 log10(pixels)=2.00
0.0950980400142568	54	1448	log2(tiles)=0.00 log10(pixels)=0.75
0.102059991327962	72	1449	log2(tiles)=0.00 log10(pixels)=0.50
0.0950980400142568	55	1450	log2(tiles)=0.00 log10(pixels)=0.75
-0.0228787452803376	81	1451	log2(tiles)=0.00 log10(pixels)=0.50
0.0791812460476249	9	1452	log2(tiles)=1.00 log10(pixels)=1.00
-0.0458800173440752	17	1453	log2(tiles)=0.00 log10(pixels)=1.25
0.0950980400142568	56	1454	log2(tiles)=0.00 log10(pixels)=0.75
0.0510299956639812	92	1455	log2(tiles)=0.00 log10(pixels)=0.25
0	34	1456	log2(tiles)=0.00 log10(pixels)=1.00
0.102059991327962	73	1457	log2(tiles)=0.00 log10(pixels)=0.50
0.0510299956639812	93	1458	log2(tiles)=0.00 log10(pixels)=0.25
0.102059991327962	74	1459	log2(tiles)=0.00 log10(pixels)=0.50
0.102059991327962	75	1460	log2(tiles)=0.00 log10(pixels)=0.50
0	35	1461	log2(tiles)=0.00 log10(pixels)=1.00
-0.0739087409443187	28	1462	log2(tiles)=0.00 log10(pixels)=1.25
0	21	1463	log2(tiles)=0.00 log10(pixels)=0.00
-0.0228787452803376	82	1464	log2(tiles)=0.00 log10(pixels)=0.50
0.102059991327962	76	1465	log2(tiles)=0.00 log10(pixels)=0.50
0.101258348719075	4	1466	log2(tiles)=0.00 log10(pixels)=1.75
0.102059991327962	77	1467	log2(tiles)=0.00 log10(pixels)=0.50
-0.0228787452803376	83	1468	log2(tiles)=0.00 log10(pixels)=0.50
0.102059991327962	78	1469	log2(tiles)=0.00 log10(pixels)=0.50
-0.00963731050575611	5	1470	log2(tiles)=0.00 log10(pixels)=1.75
0.0413926851582249	27	1471	log2(tiles)=0.00 log10(pixels)=1.00
0.102059991327962	79	1472	log2(tiles)=0.00 log10(pixels)=0.50
-0.0969100130080565	43	1473	log2(tiles)=0.00 log10(pixels)=1.00
0.0510299956639812	94	1474	log2(tiles)=0.00 log10(pixels)=0.25
0	22	1475	log2(tiles)=0.00 log10(pixels)=0.00
0.0510299956639812	95	1476	log2(tiles)=0.00 log10(pixels)=0.25
-0.0228787452803376	84	1477	log2(tiles)=0.00 log10(pixels)=0.50
-0.0969100130080565	44	1478	log2(tiles)=0.00 log10(pixels)=1.00
-0.0510299956639812	71	1479	log2(tiles)=0.00 log10(pixels)=0.75
0.102059991327962	80	1480	log2(tiles)=0.00 log10(pixels)=0.50
-0.0228787452803376	85	1481	log2(tiles)=0.00 log10(pixels)=0.50
-0.103871964321762	6	1482	log2(tiles)=1.00 log10(pixels)=1.25
0.0791812460476249	37	1483	log2(tiles)=0.00 log10(pixels)=1.00
0.05307844348342	1	1484	log2(tiles)=1.00 log10(pixels)=2.00
-0.00696195131370558	1	1485	log2(tiles)=0.00 log10(pixels)=2.25
0	36	1486	log2(tiles)=0.00 log10(pixels)=1.00
-0.0228787452803376	86	1487	log2(tiles)=0.00 log10(pixels)=0.50
0.102059991327962	81	1488	log2(tiles)=0.00 log10(pixels)=0.50
0.0281512503836436	44	1489	log2(tiles)=0.00 log10(pixels)=0.75
-0.0228787452803376	87	1490	log2(tiles)=0.00 log10(pixels)=0.50
0.00527250510330601	13	1491	log2(tiles)=0.00 log10(pixels)=1.25
-0.0228787452803376	88	1492	log2(tiles)=0.00 log10(pixels)=0.50
0.102059991327962	82	1493	log2(tiles)=0.00 log10(pixels)=0.50
0.0510299956639812	96	1494	log2(tiles)=0.00 log10(pixels)=0.25
-0.0510299956639812	72	1495	log2(tiles)=0.00 log10(pixels)=0.75
0.111727836017593	11	1496	log2(tiles)=0.00 log10(pixels)=1.25
0	23	1497	log2(tiles)=0.00 log10(pixels)=0.00
0	24	1498	log2(tiles)=0.00 log10(pixels)=0.00
0.0510299956639812	97	1499	log2(tiles)=0.00 log10(pixels)=0.25
-0.0228787452803376	89	1500	log2(tiles)=0.00 log10(pixels)=0.50
0.0510299956639812	98	1501	log2(tiles)=0.00 log10(pixels)=0.25
-0.0228787452803376	90	1502	log2(tiles)=0.00 log10(pixels)=0.50
0	25	1503	log2(tiles)=0.00 log10(pixels)=0.00
0.0510299956639812	99	1504	log2(tiles)=0.00 log10(pixels)=0.25
0	26	1505	log2(tiles)=0.00 log10(pixels)=0.00
0.0510299956639812	100	1506	log2(tiles)=0.00 log10(pixels)=0.25
0	27	1507	log2(tiles)=0.00 log10(pixels)=0.00
0	28	1508	log2(tiles)=0.00 log10(pixels)=0.00
0	29	1509	log2(tiles)=0.00 log10(pixels)=0.00
0	37	1510	log2(tiles)=0.00 log10(pixels)=1.00
0.012837224705172	1	1511	log2(tiles)=1.00 log10(pixels)=2.00
-0.102059991327962	9	1512	log2(tiles)=1.00 log10(pixels)=1.50
0.102059991327962	83	1513	log2(tiles)=0.00 log10(pixels)=0.50
0.0510299956639812	101	1514	log2(tiles)=0.00 log10(pixels)=0.25
0.0510299956639812	102	1515	log2(tiles)=0.00 log10(pixels)=0.25
0.0510299956639812	103	1516	log2(tiles)=0.00 log10(pixels)=0.25
-0.0228787452803376	91	1517	log2(tiles)=0.00 log10(pixels)=0.50
0	30	1518	log2(tiles)=0.00 log10(pixels)=0.00
0.0510299956639812	104	1519	log2(tiles)=0.00 log10(pixels)=0.25
0.0281512503836436	45	1520	log2(tiles)=0.00 log10(pixels)=0.75
0	31	1521	log2(tiles)=0.00 log10(pixels)=0.00
0.102059991327962	84	1522	log2(tiles)=0.00 log10(pixels)=0.50
-0.0228787452803376	92	1523	log2(tiles)=0.00 log10(pixels)=0.50
0	32	1524	log2(tiles)=0.00 log10(pixels)=0.00
0.0924226808222062	2	1525	log2(tiles)=1.00 log10(pixels)=1.25
0	33	1526	log2(tiles)=0.00 log10(pixels)=0.00
0	34	1527	log2(tiles)=0.00 log10(pixels)=0.00
0	35	1528	log2(tiles)=0.00 log10(pixels)=0.00
0.0510299956639812	105	1529	log2(tiles)=0.00 log10(pixels)=0.25
0.0281512503836436	46	1530	log2(tiles)=0.00 log10(pixels)=0.75
0.102059991327962	85	1531	log2(tiles)=0.00 log10(pixels)=0.50
-0.0228787452803376	93	1532	log2(tiles)=0.00 log10(pixels)=0.50
0.0510299956639812	106	1533	log2(tiles)=0.00 log10(pixels)=0.25
0.102059991327962	86	1534	log2(tiles)=0.00 log10(pixels)=0.50
0	36	1535	log2(tiles)=0.00 log10(pixels)=0.00
0	37	1536	log2(tiles)=0.00 log10(pixels)=0.00
-0.0228787452803376	94	1537	log2(tiles)=0.00 log10(pixels)=0.50
-0.0195510786217261	22	1538	log2(tiles)=0.00 log10(pixels)=1.25
-0.0228787452803376	95	1539	log2(tiles)=0.00 log10(pixels)=0.50
0.0510299956639812	107	1540	log2(tiles)=0.00 log10(pixels)=0.25
0.102059991327962	87	1541	log2(tiles)=0.00 log10(pixels)=0.50
0.102059991327962	88	1542	log2(tiles)=0.00 log10(pixels)=0.50
0	38	1543	log2(tiles)=0.00 log10(pixels)=0.00
-0.0228787452803376	96	1544	log2(tiles)=0.00 log10(pixels)=0.50
0	39	1545	log2(tiles)=0.00 log10(pixels)=0.00
-0.0228787452803376	7	1546	log2(tiles)=1.00 log10(pixels)=0.50
-0.0228787452803376	97	1547	log2(tiles)=0.00 log10(pixels)=0.50
-0.0510299956639812	73	1548	log2(tiles)=0.00 log10(pixels)=0.75
-0.0457574905606751	1	1549	log2(tiles)=1.00 log10(pixels)=1.00
-0.0228787452803376	98	1550	log2(tiles)=0.00 log10(pixels)=0.50
0	40	1551	log2(tiles)=0.00 log10(pixels)=0.00
0.0510299956639812	108	1552	log2(tiles)=0.00 log10(pixels)=0.25
-0.0510299956639812	6	1553	log2(tiles)=1.00 log10(pixels)=0.75
0	41	1554	log2(tiles)=0.00 log10(pixels)=0.00
-0.0457574905606751	37	1555	log2(tiles)=0.00 log10(pixels)=1.00
0	42	1556	log2(tiles)=0.00 log10(pixels)=0.00
-0.0457574905606751	2	1557	log2(tiles)=1.00 log10(pixels)=1.00
-0.0228787452803376	99	1558	log2(tiles)=0.00 log10(pixels)=0.50
-0.0510299956639812	74	1559	log2(tiles)=0.00 log10(pixels)=0.75
0.102059991327962	89	1560	log2(tiles)=0.00 log10(pixels)=0.50
-0.0457574905606751	38	1561	log2(tiles)=0.00 log10(pixels)=1.00
-0.0510299956639812	75	1562	log2(tiles)=0.00 log10(pixels)=0.75
0	43	1563	log2(tiles)=0.00 log10(pixels)=0.00
0.0281512503836436	47	1564	log2(tiles)=0.00 log10(pixels)=0.75
0	44	1565	log2(tiles)=0.00 log10(pixels)=0.00
0.102059991327962	90	1566	log2(tiles)=0.00 log10(pixels)=0.50
0.102059991327962	91	1567	log2(tiles)=0.00 log10(pixels)=0.50
0.102059991327962	92	1568	log2(tiles)=0.00 log10(pixels)=0.50
0.0510299956639812	109	1569	log2(tiles)=0.00 log10(pixels)=0.25
0.0281512503836436	48	1570	log2(tiles)=0.00 log10(pixels)=0.75
0.0950980400142568	57	1571	log2(tiles)=0.00 log10(pixels)=0.75
0	45	1572	log2(tiles)=0.00 log10(pixels)=0.00
0.0510299956639812	3	1573	log2(tiles)=1.00 log10(pixels)=0.25
-0.0228787452803376	100	1574	log2(tiles)=0.00 log10(pixels)=0.50
0	38	1575	log2(tiles)=0.00 log10(pixels)=1.00
-0.0228787452803376	101	1576	log2(tiles)=0.00 log10(pixels)=0.50
-0.0969100130080565	45	1577	log2(tiles)=0.00 log10(pixels)=1.00
0.0950980400142568	58	1578	log2(tiles)=0.00 log10(pixels)=0.75
0	46	1579	log2(tiles)=0.00 log10(pixels)=0.00
0.113943352306837	23	1580	log2(tiles)=0.00 log10(pixels)=1.00
0	47	1581	log2(tiles)=0.00 log10(pixels)=0.00
-0.0228787452803376	102	1582	log2(tiles)=0.00 log10(pixels)=0.50
0.0510299956639812	110	1583	log2(tiles)=0.00 log10(pixels)=0.25
0.102059991327962	93	1584	log2(tiles)=0.00 log10(pixels)=0.50
0.0281512503836436	49	1585	log2(tiles)=0.00 log10(pixels)=0.75
0	48	1586	log2(tiles)=0.00 log10(pixels)=0.00
0.0629133566428555	4	1587	log2(tiles)=0.00 log10(pixels)=1.75
0.102059991327962	94	1588	log2(tiles)=0.00 log10(pixels)=0.50
0.0413926851582249	28	1589	log2(tiles)=0.00 log10(pixels)=1.00
0.0510299956639812	111	1590	log2(tiles)=0.00 log10(pixels)=0.25
-0.103871964321762	26	1591	log2(tiles)=0.00 log10(pixels)=1.25
-0.0228787452803376	103	1592	log2(tiles)=0.00 log10(pixels)=0.50
0.102059991327962	95	1593	log2(tiles)=0.00 log10(pixels)=0.50
0.102059991327962	96	1594	log2(tiles)=0.00 log10(pixels)=0.50
0.102059991327962	97	1595	log2(tiles)=0.00 log10(pixels)=0.50
0.102059991327962	98	1596	log2(tiles)=0.00 log10(pixels)=0.50
-0.0228787452803376	104	1597	log2(tiles)=0.00 log10(pixels)=0.50
0.102059991327962	99	1598	log2(tiles)=0.00 log10(pixels)=0.50
0	49	1599	log2(tiles)=0.00 log10(pixels)=0.00
0.0281512503836436	50	1600	log2(tiles)=0.00 log10(pixels)=0.75
-0.0528419686577808	14	1601	log2(tiles)=0.00 log10(pixels)=1.50
-0.0228787452803376	105	1602	log2(tiles)=0.00 log10(pixels)=0.50
0.0791812460476249	10	1603	log2(tiles)=1.00 log10(pixels)=1.00
-0.0969100130080565	46	1604	log2(tiles)=0.00 log10(pixels)=1.00
0	50	1605	log2(tiles)=0.00 log10(pixels)=0.00
0	51	1606	log2(tiles)=0.00 log10(pixels)=0.00
0.0281512503836436	51	1607	log2(tiles)=0.00 log10(pixels)=0.75
-0.0457574905606751	39	1608	log2(tiles)=0.00 log10(pixels)=1.00
-0.0228787452803376	106	1609	log2(tiles)=0.00 log10(pixels)=0.50
0.0510299956639812	112	1610	log2(tiles)=0.00 log10(pixels)=0.25
0.0510299956639812	113	1611	log2(tiles)=0.00 log10(pixels)=0.25
-0.0510299956639812	76	1612	log2(tiles)=0.00 log10(pixels)=0.75
0.0510299956639812	114	1613	log2(tiles)=0.00 log10(pixels)=0.25
0.102059991327962	100	1614	log2(tiles)=0.00 log10(pixels)=0.50
0	52	1615	log2(tiles)=0.00 log10(pixels)=0.00
0.0510299956639812	115	1616	log2(tiles)=0.00 log10(pixels)=0.25
0.0510299956639812	116	1617	log2(tiles)=0.00 log10(pixels)=0.25
0.0413926851582249	29	1618	log2(tiles)=0.00 log10(pixels)=1.00
0	53	1619	log2(tiles)=0.00 log10(pixels)=0.00
0.102059991327962	101	1620	log2(tiles)=0.00 log10(pixels)=0.50
0.0510299956639812	117	1621	log2(tiles)=0.00 log10(pixels)=0.25
0.0950980400142568	59	1622	log2(tiles)=0.00 log10(pixels)=0.75
0.0281512503836436	52	1623	log2(tiles)=0.00 log10(pixels)=0.75
0.102059991327962	102	1624	log2(tiles)=0.00 log10(pixels)=0.50
0	54	1625	log2(tiles)=0.00 log10(pixels)=0.00
0	55	1626	log2(tiles)=0.00 log10(pixels)=0.00
0.0510299956639812	118	1627	log2(tiles)=0.00 log10(pixels)=0.25
0	56	1628	log2(tiles)=0.00 log10(pixels)=0.00
0.0314789170422551	7	1629	log2(tiles)=0.00 log10(pixels)=1.50
0	57	1630	log2(tiles)=0.00 log10(pixels)=0.00
-0.0228787452803376	107	1631	log2(tiles)=0.00 log10(pixels)=0.50
-0.0510299956639812	77	1632	log2(tiles)=0.00 log10(pixels)=0.75
-0.0872421683184259	8	1633	log2(tiles)=0.00 log10(pixels)=1.75
0.0510299956639812	119	1634	log2(tiles)=0.00 log10(pixels)=0.25
-0.085026652029182	3	1635	log2(tiles)=1.00 log10(pixels)=1.50
0.0281512503836436	53	1636	log2(tiles)=0.00 log10(pixels)=0.75
0.0510299956639812	120	1637	log2(tiles)=0.00 log10(pixels)=0.25
0	58	1638	log2(tiles)=0.00 log10(pixels)=0.00
0.102059991327962	103	1639	log2(tiles)=0.00 log10(pixels)=0.50
0.0281512503836436	54	1640	log2(tiles)=0.00 log10(pixels)=0.75
0.0281512503836436	55	1641	log2(tiles)=0.00 log10(pixels)=0.75
0.102059991327962	104	1642	log2(tiles)=0.00 log10(pixels)=0.50
0.0314789170422551	8	1643	log2(tiles)=0.00 log10(pixels)=1.50
0.0287536009528289	7	1644	log2(tiles)=1.00 log10(pixels)=1.25
-0.0969100130080565	47	1645	log2(tiles)=0.00 log10(pixels)=1.00
0.0510299956639812	121	1646	log2(tiles)=0.00 log10(pixels)=0.25
-0.0458800173440752	4	1647	log2(tiles)=1.00 log10(pixels)=1.25
-0.0228787452803376	108	1648	log2(tiles)=0.00 log10(pixels)=0.50
-0.103871964321762	27	1649	log2(tiles)=0.00 log10(pixels)=1.25
-0.0228787452803376	109	1650	log2(tiles)=0.00 log10(pixels)=0.50
0.0510299956639812	122	1651	log2(tiles)=0.00 log10(pixels)=0.25
0	59	1652	log2(tiles)=0.00 log10(pixels)=0.00
0.102059991327962	105	1653	log2(tiles)=0.00 log10(pixels)=0.50
0.0281512503836436	56	1654	log2(tiles)=0.00 log10(pixels)=0.75
0.0510299956639812	123	1655	log2(tiles)=0.00 log10(pixels)=0.25
0.0510299956639812	124	1656	log2(tiles)=0.00 log10(pixels)=0.25
0.0510299956639812	125	1657	log2(tiles)=0.00 log10(pixels)=0.25
0.102059991327962	106	1658	log2(tiles)=0.00 log10(pixels)=0.50
0.0924226808222062	10	1659	log2(tiles)=0.00 log10(pixels)=1.25
-0.0228787452803376	110	1660	log2(tiles)=0.00 log10(pixels)=0.50
0.0510299956639812	126	1661	log2(tiles)=0.00 log10(pixels)=0.25
-0.00863830616572736	2	1662	log2(tiles)=1.00 log10(pixels)=1.50
0.0510299956639812	127	1663	log2(tiles)=0.00 log10(pixels)=0.25
0.0950980400142568	60	1664	log2(tiles)=0.00 log10(pixels)=0.75
0.0510299956639812	128	1665	log2(tiles)=0.00 log10(pixels)=0.25
0	60	1666	log2(tiles)=0.00 log10(pixels)=0.00
0	61	1667	log2(tiles)=0.00 log10(pixels)=0.00
0	62	1668	log2(tiles)=0.00 log10(pixels)=0.00
0	63	1669	log2(tiles)=0.00 log10(pixels)=0.00
0	64	1670	log2(tiles)=0.00 log10(pixels)=0.00
0	65	1671	log2(tiles)=0.00 log10(pixels)=0.00
0.0510299956639812	129	1672	log2(tiles)=0.00 log10(pixels)=0.25
0.0924226808222062	11	1673	log2(tiles)=0.00 log10(pixels)=1.25
0.0453229787866576	2	1674	log2(tiles)=1.00 log10(pixels)=2.00
0.0510299956639812	130	1675	log2(tiles)=0.00 log10(pixels)=0.25
0	39	1676	log2(tiles)=0.00 log10(pixels)=1.00
0.0950980400142568	61	1677	log2(tiles)=0.00 log10(pixels)=0.75
0	66	1678	log2(tiles)=0.00 log10(pixels)=0.00
0.0510299956639812	131	1679	log2(tiles)=0.00 log10(pixels)=0.25
0	67	1680	log2(tiles)=0.00 log10(pixels)=0.00
-0.0228787452803376	8	1681	log2(tiles)=1.00 log10(pixels)=0.50
0	40	1682	log2(tiles)=0.00 log10(pixels)=1.00
0.0510299956639812	132	1683	log2(tiles)=0.00 log10(pixels)=0.25
-0.0969100130080565	6	1684	log2(tiles)=1.00 log10(pixels)=1.00
0	41	1685	log2(tiles)=0.00 log10(pixels)=1.00
-0.0655015487564323	3	1686	log2(tiles)=0.00 log10(pixels)=2.00
0.102059991327962	107	1687	log2(tiles)=0.00 log10(pixels)=0.50
-0.0457574905606751	40	1688	log2(tiles)=0.00 log10(pixels)=1.00
0.0950980400142568	62	1689	log2(tiles)=0.00 log10(pixels)=0.75
0.0510299956639812	133	1690	log2(tiles)=0.00 log10(pixels)=0.25
0	68	1691	log2(tiles)=0.00 log10(pixels)=0.00
0	69	1692	log2(tiles)=0.00 log10(pixels)=0.00
0	70	1693	log2(tiles)=0.00 log10(pixels)=0.00
-0.0228787452803376	111	1694	log2(tiles)=0.00 log10(pixels)=0.50
-0.0510299956639812	78	1695	log2(tiles)=0.00 log10(pixels)=0.75
0	71	1696	log2(tiles)=0.00 log10(pixels)=0.00
0.0510299956639812	134	1697	log2(tiles)=0.00 log10(pixels)=0.25
-0.0228787452803376	112	1698	log2(tiles)=0.00 log10(pixels)=0.50
0.0950980400142568	4	1699	log2(tiles)=1.00 log10(pixels)=0.75
-0.0969100130080565	48	1700	log2(tiles)=0.00 log10(pixels)=1.00
0	42	1701	log2(tiles)=0.00 log10(pixels)=1.00
0	72	1702	log2(tiles)=0.00 log10(pixels)=0.00
0	73	1703	log2(tiles)=0.00 log10(pixels)=0.00
-0.0228787452803376	113	1704	log2(tiles)=0.00 log10(pixels)=0.50
0.0510299956639812	135	1705	log2(tiles)=0.00 log10(pixels)=0.25
0.0510299956639812	136	1706	log2(tiles)=0.00 log10(pixels)=0.25
0.102059991327962	108	1707	log2(tiles)=0.00 log10(pixels)=0.50
0.0510299956639813	8	1708	log2(tiles)=0.00 log10(pixels)=1.25
0.0510299956639812	137	1709	log2(tiles)=0.00 log10(pixels)=0.25
0	74	1710	log2(tiles)=0.00 log10(pixels)=0.00
0	75	1711	log2(tiles)=0.00 log10(pixels)=0.00
0	76	1712	log2(tiles)=0.00 log10(pixels)=0.00
0.102059991327962	109	1713	log2(tiles)=0.00 log10(pixels)=0.50
0	77	1714	log2(tiles)=0.00 log10(pixels)=0.00
-0.103871964321762	28	1715	log2(tiles)=0.00 log10(pixels)=1.25
-0.0510299956639812	7	1716	log2(tiles)=1.00 log10(pixels)=0.75
-0.0376020021010439	4	1717	log2(tiles)=1.00 log10(pixels)=1.50
0	78	1718	log2(tiles)=0.00 log10(pixels)=0.00
-0.0458800173440752	18	1719	log2(tiles)=0.00 log10(pixels)=1.25
0	79	1720	log2(tiles)=0.00 log10(pixels)=0.00
0.0510299956639812	138	1721	log2(tiles)=0.00 log10(pixels)=0.25
0.0950980400142568	5	1722	log2(tiles)=1.00 log10(pixels)=0.75
0	80	1723	log2(tiles)=0.00 log10(pixels)=0.00
0	81	1724	log2(tiles)=0.00 log10(pixels)=0.00
0.0510299956639812	139	1725	log2(tiles)=0.00 log10(pixels)=0.25
0	82	1726	log2(tiles)=0.00 log10(pixels)=0.00
0.0510299956639812	140	1727	log2(tiles)=0.00 log10(pixels)=0.25
0.0791812460476249	38	1728	log2(tiles)=0.00 log10(pixels)=1.00
0	83	1729	log2(tiles)=0.00 log10(pixels)=0.00
0	84	1730	log2(tiles)=0.00 log10(pixels)=0.00
0	85	1731	log2(tiles)=0.00 log10(pixels)=0.00
0.0510299956639812	141	1732	log2(tiles)=0.00 log10(pixels)=0.25
0.0413926851582249	30	1733	log2(tiles)=0.00 log10(pixels)=1.00
0.113943352306837	24	1734	log2(tiles)=0.00 log10(pixels)=1.00
-0.0510299956639812	79	1735	log2(tiles)=0.00 log10(pixels)=0.75
0.0510299956639812	142	1736	log2(tiles)=0.00 log10(pixels)=0.25
-0.0228787452803376	114	1737	log2(tiles)=0.00 log10(pixels)=0.50
0.0950980400142568	63	1738	log2(tiles)=0.00 log10(pixels)=0.75
0.0510299956639812	143	1739	log2(tiles)=0.00 log10(pixels)=0.25
0.0510299956639812	144	1740	log2(tiles)=0.00 log10(pixels)=0.25
0.102059991327962	110	1741	log2(tiles)=0.00 log10(pixels)=0.50
-0.0969100130080565	7	1742	log2(tiles)=1.00 log10(pixels)=1.00
0.102059991327962	111	1743	log2(tiles)=0.00 log10(pixels)=0.50
0.102059991327962	112	1744	log2(tiles)=0.00 log10(pixels)=0.50
0.0510299956639812	145	1745	log2(tiles)=0.00 log10(pixels)=0.25
0.102059991327962	113	1746	log2(tiles)=0.00 log10(pixels)=0.50
0.102059991327962	114	1747	log2(tiles)=0.00 log10(pixels)=0.50
-0.0969100130080565	49	1748	log2(tiles)=0.00 log10(pixels)=1.00
-0.102059991327962	9	1749	log2(tiles)=0.00 log10(pixels)=1.50
0	86	1750	log2(tiles)=0.00 log10(pixels)=0.00
0	87	1751	log2(tiles)=0.00 log10(pixels)=0.00
0.102059991327962	115	1752	log2(tiles)=0.00 log10(pixels)=0.50
0.0510299956639812	146	1753	log2(tiles)=0.00 log10(pixels)=0.25
0.0510299956639812	147	1754	log2(tiles)=0.00 log10(pixels)=0.25
-0.0228787452803376	115	1755	log2(tiles)=0.00 log10(pixels)=0.50
0	88	1756	log2(tiles)=0.00 log10(pixels)=0.00
0	89	1757	log2(tiles)=0.00 log10(pixels)=0.00
0	90	1758	log2(tiles)=0.00 log10(pixels)=0.00
-0.0228787452803376	116	1759	log2(tiles)=0.00 log10(pixels)=0.50
0.0510299956639812	4	1760	log2(tiles)=1.00 log10(pixels)=0.25
0	91	1761	log2(tiles)=0.00 log10(pixels)=0.00
0.0950980400142568	64	1762	log2(tiles)=0.00 log10(pixels)=0.75
0.102059991327962	116	1763	log2(tiles)=0.00 log10(pixels)=0.50
0	92	1764	log2(tiles)=0.00 log10(pixels)=0.00
-0.0228787452803376	117	1765	log2(tiles)=0.00 log10(pixels)=0.50
0	93	1766	log2(tiles)=0.00 log10(pixels)=0.00
0	94	1767	log2(tiles)=0.00 log10(pixels)=0.00
-0.0510299956639812	8	1768	log2(tiles)=1.00 log10(pixels)=0.75
0	95	1769	log2(tiles)=0.00 log10(pixels)=0.00
0	96	1770	log2(tiles)=0.00 log10(pixels)=0.00
0	97	1771	log2(tiles)=0.00 log10(pixels)=0.00
0	98	1772	log2(tiles)=0.00 log10(pixels)=0.00
0.0413926851582249	31	1773	log2(tiles)=0.00 log10(pixels)=1.00
-0.0510299956639812	80	1774	log2(tiles)=0.00 log10(pixels)=0.75
-0.103871964321762	29	1775	log2(tiles)=0.00 log10(pixels)=1.25
-0.0969100130080565	50	1776	log2(tiles)=0.00 log10(pixels)=1.00
-0.0228787452803376	118	1777	log2(tiles)=0.00 log10(pixels)=0.50
0	99	1778	log2(tiles)=0.00 log10(pixels)=0.00
0	100	1779	log2(tiles)=0.00 log10(pixels)=0.00
0.0510299956639812	148	1780	log2(tiles)=0.00 log10(pixels)=0.25
-0.0458800173440752	19	1781	log2(tiles)=0.00 log10(pixels)=1.25
-0.0510299956639812	81	1782	log2(tiles)=0.00 log10(pixels)=0.75
-0.0457574905606751	41	1783	log2(tiles)=0.00 log10(pixels)=1.00
0	101	1784	log2(tiles)=0.00 log10(pixels)=0.00
0	102	1785	log2(tiles)=0.00 log10(pixels)=0.00
0.0413926851582249	32	1786	log2(tiles)=0.00 log10(pixels)=1.00
0.0950980400142568	65	1787	log2(tiles)=0.00 log10(pixels)=0.75
0.0281512503836436	57	1788	log2(tiles)=0.00 log10(pixels)=0.75
0.0281512503836436	58	1789	log2(tiles)=0.00 log10(pixels)=0.75
0	103	1790	log2(tiles)=0.00 log10(pixels)=0.00
-0.0228787452803376	119	1791	log2(tiles)=0.00 log10(pixels)=0.50
-0.0510299956639812	82	1792	log2(tiles)=0.00 log10(pixels)=0.75
0.068201724066995	1	1793	log2(tiles)=1.50 log10(pixels)=1.50
0	43	1794	log2(tiles)=0.00 log10(pixels)=1.00
0	104	1795	log2(tiles)=0.00 log10(pixels)=0.00
0.0281512503836436	59	1796	log2(tiles)=0.00 log10(pixels)=0.75
0.0510299956639812	149	1797	log2(tiles)=0.00 log10(pixels)=0.25
0	105	1798	log2(tiles)=0.00 log10(pixels)=0.00
0	106	1799	log2(tiles)=0.00 log10(pixels)=0.00
0.0510299956639812	150	1800	log2(tiles)=0.00 log10(pixels)=0.25
0.0510299956639812	151	1801	log2(tiles)=0.00 log10(pixels)=0.25
0	107	1802	log2(tiles)=0.00 log10(pixels)=0.00
0.0950980400142568	66	1803	log2(tiles)=0.00 log10(pixels)=0.75
0.0510299956639812	152	1804	log2(tiles)=0.00 log10(pixels)=0.25
-0.0598039199714864	2	1805	log2(tiles)=0.00 log10(pixels)=1.75
0.0510299956639812	153	1806	log2(tiles)=0.00 log10(pixels)=0.25
0.0281512503836436	60	1807	log2(tiles)=0.00 log10(pixels)=0.75
0	108	1808	log2(tiles)=0.00 log10(pixels)=0.00
0	109	1809	log2(tiles)=0.00 log10(pixels)=0.00
-0.0969100130080565	51	1810	log2(tiles)=0.00 log10(pixels)=1.00
0	110	1811	log2(tiles)=0.00 log10(pixels)=0.00
0	111	1812	log2(tiles)=0.00 log10(pixels)=0.00
-0.113509274827518	1	1813	log2(tiles)=1.50 log10(pixels)=2.00
0	112	1814	log2(tiles)=0.00 log10(pixels)=0.00
0.0510299956639812	154	1815	log2(tiles)=0.00 log10(pixels)=0.25
0	113	1816	log2(tiles)=0.00 log10(pixels)=0.00
0	44	1817	log2(tiles)=0.00 log10(pixels)=1.00
0	114	1818	log2(tiles)=0.00 log10(pixels)=0.00
-0.0228787452803376	9	1819	log2(tiles)=1.00 log10(pixels)=0.50
0	115	1820	log2(tiles)=0.00 log10(pixels)=0.00
-0.0228787452803376	120	1821	log2(tiles)=0.00 log10(pixels)=0.50
0.0281512503836436	61	1822	log2(tiles)=0.00 log10(pixels)=0.75
0	116	1823	log2(tiles)=0.00 log10(pixels)=0.00
0	117	1824	log2(tiles)=0.00 log10(pixels)=0.00
0.0186381012476144	1	1825	log2(tiles)=1.00 log10(pixels)=2.75
-0.0510299956639812	83	1826	log2(tiles)=0.00 log10(pixels)=0.75
-0.0228787452803376	121	1827	log2(tiles)=0.00 log10(pixels)=0.50
0.0510299956639812	155	1828	log2(tiles)=0.00 log10(pixels)=0.25
-0.0510299956639812	84	1829	log2(tiles)=0.00 log10(pixels)=0.75
-0.0510299956639812	85	1830	log2(tiles)=0.00 log10(pixels)=0.75
0.0791812460476249	39	1831	log2(tiles)=0.00 log10(pixels)=1.00
0	118	1832	log2(tiles)=0.00 log10(pixels)=0.00
0	119	1833	log2(tiles)=0.00 log10(pixels)=0.00
-0.0177287669604316	1	1834	log2(tiles)=0.00 log10(pixels)=2.00
0.0510299956639812	156	1835	log2(tiles)=0.00 log10(pixels)=0.25
-0.119788758288394	12	1836	log2(tiles)=0.00 log10(pixels)=1.50
0	120	1837	log2(tiles)=0.00 log10(pixels)=0.00
0	121	1838	log2(tiles)=0.00 log10(pixels)=0.00
0.0413926851582249	33	1839	log2(tiles)=0.00 log10(pixels)=1.00
0.0510299956639812	157	1840	log2(tiles)=0.00 log10(pixels)=0.25
0.0950980400142568	67	1841	log2(tiles)=0.00 log10(pixels)=0.75
0.102059991327962	117	1842	log2(tiles)=0.00 log10(pixels)=0.50
0.0281512503836436	62	1843	log2(tiles)=0.00 log10(pixels)=0.75
0.0510299956639812	158	1844	log2(tiles)=0.00 log10(pixels)=0.25
0	122	1845	log2(tiles)=0.00 log10(pixels)=0.00
0	123	1846	log2(tiles)=0.00 log10(pixels)=0.00
-0.0228787452803376	122	1847	log2(tiles)=0.00 log10(pixels)=0.50
-0.0228787452803376	123	1848	log2(tiles)=0.00 log10(pixels)=0.50
-0.0228787452803376	124	1849	log2(tiles)=0.00 log10(pixels)=0.50
0.0281512503836436	63	1850	log2(tiles)=0.00 log10(pixels)=0.75
0.0510299956639812	159	1851	log2(tiles)=0.00 log10(pixels)=0.25
0	124	1852	log2(tiles)=0.00 log10(pixels)=0.00
0.0510299956639812	160	1853	log2(tiles)=0.00 log10(pixels)=0.25
-0.0969100130080565	52	1854	log2(tiles)=0.00 log10(pixels)=1.00
-0.0969100130080565	53	1855	log2(tiles)=0.00 log10(pixels)=1.00
0	125	1856	log2(tiles)=0.00 log10(pixels)=0.00
0	126	1857	log2(tiles)=0.00 log10(pixels)=0.00
-0.0510299956639812	86	1858	log2(tiles)=0.00 log10(pixels)=0.75
0.0281512503836436	64	1859	log2(tiles)=0.00 log10(pixels)=0.75
0.0510299956639812	161	1860	log2(tiles)=0.00 log10(pixels)=0.25
0.0791812460476249	40	1861	log2(tiles)=0.00 log10(pixels)=1.00
0.102059991327962	118	1862	log2(tiles)=0.00 log10(pixels)=0.50
0.0825089127062364	2	1863	log2(tiles)=0.00 log10(pixels)=1.75
-0.0228787452803376	125	1864	log2(tiles)=0.00 log10(pixels)=0.50
0.0510299956639812	162	1865	log2(tiles)=0.00 log10(pixels)=0.25
0.0510299956639812	163	1866	log2(tiles)=0.00 log10(pixels)=0.25
-0.0228787452803376	126	1867	log2(tiles)=0.00 log10(pixels)=0.50
0.0510299956639812	164	1868	log2(tiles)=0.00 log10(pixels)=0.25
0.102059991327962	119	1869	log2(tiles)=0.00 log10(pixels)=0.50
0.0695439355418688	3	1870	log2(tiles)=0.00 log10(pixels)=1.75
0.111727836017593	12	1871	log2(tiles)=0.00 log10(pixels)=1.25
-0.0510299956639812	87	1872	log2(tiles)=0.00 log10(pixels)=0.75
0.102059991327962	6	1873	log2(tiles)=1.00 log10(pixels)=0.50
-0.0510299956639812	88	1874	log2(tiles)=0.00 log10(pixels)=0.75
0	127	1875	log2(tiles)=0.00 log10(pixels)=0.00
0	128	1876	log2(tiles)=0.00 log10(pixels)=0.00
0	129	1877	log2(tiles)=0.00 log10(pixels)=0.00
0	130	1878	log2(tiles)=0.00 log10(pixels)=0.00
0	131	1879	log2(tiles)=0.00 log10(pixels)=0.00
0.102059991327962	120	1880	log2(tiles)=0.00 log10(pixels)=0.50
0.0281512503836436	65	1881	log2(tiles)=0.00 log10(pixels)=0.75
0.0510299956639812	165	1882	log2(tiles)=0.00 log10(pixels)=0.25
0.0950980400142568	68	1883	log2(tiles)=0.00 log10(pixels)=0.75
0.102059991327962	121	1884	log2(tiles)=0.00 log10(pixels)=0.50
-0.0969100130080565	54	1885	log2(tiles)=0.00 log10(pixels)=1.00
-0.0510299956639812	89	1886	log2(tiles)=0.00 log10(pixels)=0.75
0	132	1887	log2(tiles)=0.00 log10(pixels)=0.00
0	133	1888	log2(tiles)=0.00 log10(pixels)=0.00
0.0510299956639812	166	1889	log2(tiles)=0.00 log10(pixels)=0.25
0	134	1890	log2(tiles)=0.00 log10(pixels)=0.00
0.102059991327962	122	1891	log2(tiles)=0.00 log10(pixels)=0.50
0.111727836017593	2	1892	log2(tiles)=1.00 log10(pixels)=1.25
0.0314789170422551	9	1893	log2(tiles)=0.00 log10(pixels)=1.50
0	135	1894	log2(tiles)=0.00 log10(pixels)=0.00
0.102059991327962	123	1895	log2(tiles)=0.00 log10(pixels)=0.50
0.0281512503836436	66	1896	log2(tiles)=0.00 log10(pixels)=0.75
-0.0228787452803376	127	1897	log2(tiles)=0.00 log10(pixels)=0.50
0.102059991327962	124	1898	log2(tiles)=0.00 log10(pixels)=0.50
0.0510299956639812	167	1899	log2(tiles)=0.00 log10(pixels)=0.25
-0.0510299956639812	90	1900	log2(tiles)=0.00 log10(pixels)=0.75
-0.0228787452803376	128	1901	log2(tiles)=0.00 log10(pixels)=0.50
-0.0228787452803376	129	1902	log2(tiles)=0.00 log10(pixels)=0.50
-0.0228787452803376	130	1903	log2(tiles)=0.00 log10(pixels)=0.50
-0.0195510786217261	23	1904	log2(tiles)=0.00 log10(pixels)=1.25
0.113943352306837	25	1905	log2(tiles)=0.00 log10(pixels)=1.00
-0.0228787452803376	131	1906	log2(tiles)=0.00 log10(pixels)=0.50
0	136	1907	log2(tiles)=0.00 log10(pixels)=0.00
0	137	1908	log2(tiles)=0.00 log10(pixels)=0.00
0	138	1909	log2(tiles)=0.00 log10(pixels)=0.00
0.0510299956639812	168	1910	log2(tiles)=0.00 log10(pixels)=0.25
0	139	1911	log2(tiles)=0.00 log10(pixels)=0.00
0.0510299956639812	169	1912	log2(tiles)=0.00 log10(pixels)=0.25
0	140	1913	log2(tiles)=0.00 log10(pixels)=0.00
-0.0510299956639812	91	1914	log2(tiles)=0.00 log10(pixels)=0.75
-0.0228787452803376	132	1915	log2(tiles)=0.00 log10(pixels)=0.50
0	141	1916	log2(tiles)=0.00 log10(pixels)=0.00
-0.0228787452803376	133	1917	log2(tiles)=0.00 log10(pixels)=0.50
0	142	1918	log2(tiles)=0.00 log10(pixels)=0.00
0.0510299956639812	170	1919	log2(tiles)=0.00 log10(pixels)=0.25
0	143	1920	log2(tiles)=0.00 log10(pixels)=0.00
0.102059991327962	125	1921	log2(tiles)=0.00 log10(pixels)=0.50
-0.0228787452803376	134	1922	log2(tiles)=0.00 log10(pixels)=0.50
0.102059991327962	126	1923	log2(tiles)=0.00 log10(pixels)=0.50
0.0281512503836436	67	1924	log2(tiles)=0.00 log10(pixels)=0.75
0	144	1925	log2(tiles)=0.00 log10(pixels)=0.00
0.0413926851582249	34	1926	log2(tiles)=0.00 log10(pixels)=1.00
-0.0228787452803376	10	1927	log2(tiles)=1.00 log10(pixels)=0.50
0.102059991327962	127	1928	log2(tiles)=0.00 log10(pixels)=0.50
0.102059991327962	128	1929	log2(tiles)=0.00 log10(pixels)=0.50
0.111727836017593	13	1930	log2(tiles)=0.00 log10(pixels)=1.25
0	4	1931	log2(tiles)=1.00 log10(pixels)=1.00
0.102059991327962	129	1932	log2(tiles)=0.00 log10(pixels)=0.50
-0.0969100130080565	55	1933	log2(tiles)=0.00 log10(pixels)=1.00
0	145	1934	log2(tiles)=0.00 log10(pixels)=0.00
0.102059991327962	130	1935	log2(tiles)=0.00 log10(pixels)=0.50
0	146	1936	log2(tiles)=0.00 log10(pixels)=0.00
0.0510299956639812	171	1937	log2(tiles)=0.00 log10(pixels)=0.25
0.0791812460476249	41	1938	log2(tiles)=0.00 log10(pixels)=1.00
0.0950980400142568	69	1939	log2(tiles)=0.00 log10(pixels)=0.75
-0.0510299956639812	92	1940	log2(tiles)=0.00 log10(pixels)=0.75
-0.0457574905606751	42	1941	log2(tiles)=0.00 log10(pixels)=1.00
-0.0228787452803376	135	1942	log2(tiles)=0.00 log10(pixels)=0.50
0	147	1943	log2(tiles)=0.00 log10(pixels)=0.00
0.102059991327962	131	1944	log2(tiles)=0.00 log10(pixels)=0.50
-0.0510299956639812	93	1945	log2(tiles)=0.00 log10(pixels)=0.75
0.0510299956639812	172	1946	log2(tiles)=0.00 log10(pixels)=0.25
0	148	1947	log2(tiles)=0.00 log10(pixels)=0.00
0	149	1948	log2(tiles)=0.00 log10(pixels)=0.00
0.102059991327962	132	1949	log2(tiles)=0.00 log10(pixels)=0.50
0.102059991327962	133	1950	log2(tiles)=0.00 log10(pixels)=0.50
0	150	1951	log2(tiles)=0.00 log10(pixels)=0.00
0	151	1952	log2(tiles)=0.00 log10(pixels)=0.00
0.0510299956639812	173	1953	log2(tiles)=0.00 log10(pixels)=0.25
-0.0510299956639812	94	1954	log2(tiles)=0.00 log10(pixels)=0.75
0	152	1955	log2(tiles)=0.00 log10(pixels)=0.00
0.0510299956639812	174	1956	log2(tiles)=0.00 log10(pixels)=0.25
0	153	1957	log2(tiles)=0.00 log10(pixels)=0.00
0.0510299956639812	175	1958	log2(tiles)=0.00 log10(pixels)=0.25
0	154	1959	log2(tiles)=0.00 log10(pixels)=0.00
0	155	1960	log2(tiles)=0.00 log10(pixels)=0.00
0	156	1961	log2(tiles)=0.00 log10(pixels)=0.00
0.0281512503836436	68	1962	log2(tiles)=0.00 log10(pixels)=0.75
0.0287536009528289	15	1963	log2(tiles)=0.00 log10(pixels)=1.25
-0.0510299956639812	95	1964	log2(tiles)=0.00 log10(pixels)=0.75
-0.0969100130080565	56	1965	log2(tiles)=0.00 log10(pixels)=1.00
0.0563025007672873	3	1966	log2(tiles)=1.00 log10(pixels)=1.50
-0.106547323513813	7	1967	log2(tiles)=0.00 log10(pixels)=1.75
0.0510299956639812	176	1968	log2(tiles)=0.00 log10(pixels)=0.25
0	157	1969	log2(tiles)=0.00 log10(pixels)=0.00
0	158	1970	log2(tiles)=0.00 log10(pixels)=0.00
-0.00863830616572736	4	1971	log2(tiles)=0.00 log10(pixels)=1.50
0	159	1972	log2(tiles)=0.00 log10(pixels)=0.00
0.0510299956639812	177	1973	log2(tiles)=0.00 log10(pixels)=0.25
-0.1249387366083	1	1974	log2(tiles)=0.00 log10(pixels)=2.00
0.0510299956639812	178	1975	log2(tiles)=0.00 log10(pixels)=0.25
0	160	1976	log2(tiles)=0.00 log10(pixels)=0.00
0.0510299956639812	179	1977	log2(tiles)=0.00 log10(pixels)=0.25
-0.0228787452803376	136	1978	log2(tiles)=0.00 log10(pixels)=0.50
0	161	1979	log2(tiles)=0.00 log10(pixels)=0.00
-0.0228787452803376	137	1980	log2(tiles)=0.00 log10(pixels)=0.50
0.102059991327962	134	1981	log2(tiles)=0.00 log10(pixels)=0.50
0	162	1982	log2(tiles)=0.00 log10(pixels)=0.00
0	163	1983	log2(tiles)=0.00 log10(pixels)=0.00
0	164	1984	log2(tiles)=0.00 log10(pixels)=0.00
-0.0228787452803376	138	1985	log2(tiles)=0.00 log10(pixels)=0.50
0.0510299956639812	180	1986	log2(tiles)=0.00 log10(pixels)=0.25
0.0510299956639812	181	1987	log2(tiles)=0.00 log10(pixels)=0.25
0	45	1988	log2(tiles)=0.00 log10(pixels)=1.00
0	165	1989	log2(tiles)=0.00 log10(pixels)=0.00
0	166	1990	log2(tiles)=0.00 log10(pixels)=0.00
0.102059991327962	135	1991	log2(tiles)=0.00 log10(pixels)=0.50
0	167	1992	log2(tiles)=0.00 log10(pixels)=0.00
0	168	1993	log2(tiles)=0.00 log10(pixels)=0.00
0	169	1994	log2(tiles)=0.00 log10(pixels)=0.00
0	170	1995	log2(tiles)=0.00 log10(pixels)=0.00
0.0510299956639812	182	1996	log2(tiles)=0.00 log10(pixels)=0.25
0.102059991327962	136	1997	log2(tiles)=0.00 log10(pixels)=0.50
0.102059991327963	8	1998	log2(tiles)=0.00 log10(pixels)=1.50
0.0510299956639812	5	1999	log2(tiles)=1.00 log10(pixels)=0.25
-0.0510299956639812	96	2000	log2(tiles)=0.00 log10(pixels)=0.75
0	171	2001	log2(tiles)=0.00 log10(pixels)=0.00
0	172	2002	log2(tiles)=0.00 log10(pixels)=0.00
0	173	2003	log2(tiles)=0.00 log10(pixels)=0.00
-0.0228787452803376	139	2004	log2(tiles)=0.00 log10(pixels)=0.50
-0.0458800173440752	20	2005	log2(tiles)=0.00 log10(pixels)=1.25
0.0510299956639812	183	2006	log2(tiles)=0.00 log10(pixels)=0.25
0.0510299956639812	184	2007	log2(tiles)=0.00 log10(pixels)=0.25
0.0510299956639812	185	2008	log2(tiles)=0.00 log10(pixels)=0.25
-0.0228787452803376	140	2009	log2(tiles)=0.00 log10(pixels)=0.50
0	174	2010	log2(tiles)=0.00 log10(pixels)=0.00
0	175	2011	log2(tiles)=0.00 log10(pixels)=0.00
0	176	2012	log2(tiles)=0.00 log10(pixels)=0.00
0	177	2013	log2(tiles)=0.00 log10(pixels)=0.00
0	178	2014	log2(tiles)=0.00 log10(pixels)=0.00
0	179	2015	log2(tiles)=0.00 log10(pixels)=0.00
-0.0228787452803376	141	2016	log2(tiles)=0.00 log10(pixels)=0.50
0.0281512503836436	69	2017	log2(tiles)=0.00 log10(pixels)=0.75
0	180	2018	log2(tiles)=0.00 log10(pixels)=0.00
0.0950980400142568	70	2019	log2(tiles)=0.00 log10(pixels)=0.75
0.102059991327962	137	2020	log2(tiles)=0.00 log10(pixels)=0.50
-0.0228787452803376	142	2021	log2(tiles)=0.00 log10(pixels)=0.50
0.0281512503836436	70	2022	log2(tiles)=0.00 log10(pixels)=0.75
0.102059991327962	138	2023	log2(tiles)=0.00 log10(pixels)=0.50
0	181	2024	log2(tiles)=0.00 log10(pixels)=0.00
0.0510299956639812	186	2025	log2(tiles)=0.00 log10(pixels)=0.25
0	182	2026	log2(tiles)=0.00 log10(pixels)=0.00
0	183	2027	log2(tiles)=0.00 log10(pixels)=0.00
0.0510299956639812	187	2028	log2(tiles)=0.00 log10(pixels)=0.25
-0.0228787452803376	143	2029	log2(tiles)=0.00 log10(pixels)=0.50
0	184	2030	log2(tiles)=0.00 log10(pixels)=0.00
0.0510299956639812	188	2031	log2(tiles)=0.00 log10(pixels)=0.25
0.0281512503836436	1	2032	log2(tiles)=1.50 log10(pixels)=0.75
-0.0458800173440752	5	2033	log2(tiles)=1.00 log10(pixels)=1.25
0	185	2034	log2(tiles)=0.00 log10(pixels)=0.00
0	186	2035	log2(tiles)=0.00 log10(pixels)=0.00
0.113943352306837	26	2036	log2(tiles)=0.00 log10(pixels)=1.00
0.0281512503836436	71	2037	log2(tiles)=0.00 log10(pixels)=0.75
0.0510299956639812	189	2038	log2(tiles)=0.00 log10(pixels)=0.25
0.0413926851582249	35	2039	log2(tiles)=0.00 log10(pixels)=1.00
0.102059991327962	139	2040	log2(tiles)=0.00 log10(pixels)=0.50
0.0510299956639812	190	2041	log2(tiles)=0.00 log10(pixels)=0.25
0.102059991327962	140	2042	log2(tiles)=0.00 log10(pixels)=0.50
0.0950980400142568	71	2043	log2(tiles)=0.00 log10(pixels)=0.75
0	187	2044	log2(tiles)=0.00 log10(pixels)=0.00
0	188	2045	log2(tiles)=0.00 log10(pixels)=0.00
0.0510299956639812	191	2046	log2(tiles)=0.00 log10(pixels)=0.25
0	189	2047	log2(tiles)=0.00 log10(pixels)=0.00
0	190	2048	log2(tiles)=0.00 log10(pixels)=0.00
0	191	2049	log2(tiles)=0.00 log10(pixels)=0.00
0	192	2050	log2(tiles)=0.00 log10(pixels)=0.00
0.0510299956639812	192	2051	log2(tiles)=0.00 log10(pixels)=0.25
0	193	2052	log2(tiles)=0.00 log10(pixels)=0.00
0	194	2053	log2(tiles)=0.00 log10(pixels)=0.00
0	195	2054	log2(tiles)=0.00 log10(pixels)=0.00
0	196	2055	log2(tiles)=0.00 log10(pixels)=0.00
-0.0228787452803376	144	2056	log2(tiles)=0.00 log10(pixels)=0.50
0	197	2057	log2(tiles)=0.00 log10(pixels)=0.00
0	198	2058	log2(tiles)=0.00 log10(pixels)=0.00
-0.0228787452803376	145	2059	log2(tiles)=0.00 log10(pixels)=0.50
0.0510299956639812	193	2060	log2(tiles)=0.00 log10(pixels)=0.25
0	199	2061	log2(tiles)=0.00 log10(pixels)=0.00
0	200	2062	log2(tiles)=0.00 log10(pixels)=0.00
0	201	2063	log2(tiles)=0.00 log10(pixels)=0.00
0	202	2064	log2(tiles)=0.00 log10(pixels)=0.00
0.0510299956639812	194	2065	log2(tiles)=0.00 log10(pixels)=0.25
-0.0510299956639812	97	2066	log2(tiles)=0.00 log10(pixels)=0.75
0.0413926851582249	2	2067	log2(tiles)=1.00 log10(pixels)=1.00
0.102059991327962	7	2068	log2(tiles)=1.00 log10(pixels)=0.50
0.0510299956639812	195	2069	log2(tiles)=0.00 log10(pixels)=0.25
0	203	2070	log2(tiles)=0.00 log10(pixels)=0.00
-0.0510299956639812	98	2071	log2(tiles)=0.00 log10(pixels)=0.75
0.0281512503836436	72	2072	log2(tiles)=0.00 log10(pixels)=0.75
-0.0228787452803376	146	2073	log2(tiles)=0.00 log10(pixels)=0.50
0	204	2074	log2(tiles)=0.00 log10(pixels)=0.00
0.0950980400142568	72	2075	log2(tiles)=0.00 log10(pixels)=0.75
0	205	2076	log2(tiles)=0.00 log10(pixels)=0.00
0	206	2077	log2(tiles)=0.00 log10(pixels)=0.00
0.0510299956639812	196	2078	log2(tiles)=0.00 log10(pixels)=0.25
0.0510299956639812	197	2079	log2(tiles)=0.00 log10(pixels)=0.25
0.0281512503836436	73	2080	log2(tiles)=0.00 log10(pixels)=0.75
0.0510299956639812	198	2081	log2(tiles)=0.00 log10(pixels)=0.25
0.0510299956639812	199	2082	log2(tiles)=0.00 log10(pixels)=0.25
0.0510299956639812	200	2083	log2(tiles)=0.00 log10(pixels)=0.25
0.0510299956639812	201	2084	log2(tiles)=0.00 log10(pixels)=0.25
0.102059991327962	141	2085	log2(tiles)=0.00 log10(pixels)=0.50
0.111727836017593	3	2086	log2(tiles)=1.00 log10(pixels)=1.25
0	207	2087	log2(tiles)=0.00 log10(pixels)=0.00
0	208	2088	log2(tiles)=0.00 log10(pixels)=0.00
-0.0228787452803376	147	2089	log2(tiles)=0.00 log10(pixels)=0.50
0	209	2090	log2(tiles)=0.00 log10(pixels)=0.00
0	210	2091	log2(tiles)=0.00 log10(pixels)=0.00
0	211	2092	log2(tiles)=0.00 log10(pixels)=0.00
0.0510299956639812	202	2093	log2(tiles)=0.00 log10(pixels)=0.25
0.102059991327962	142	2094	log2(tiles)=0.00 log10(pixels)=0.50
0.102059991327962	143	2095	log2(tiles)=0.00 log10(pixels)=0.50
0.0791812460476249	42	2096	log2(tiles)=0.00 log10(pixels)=1.00
-0.0510299956639812	99	2097	log2(tiles)=0.00 log10(pixels)=0.75
0.0510299956639812	203	2098	log2(tiles)=0.00 log10(pixels)=0.25
-0.0457574905606751	43	2099	log2(tiles)=0.00 log10(pixels)=1.00
0	212	2100	log2(tiles)=0.00 log10(pixels)=0.00
0	213	2101	log2(tiles)=0.00 log10(pixels)=0.00
0.00527250510330601	14	2102	log2(tiles)=0.00 log10(pixels)=1.25
0	214	2103	log2(tiles)=0.00 log10(pixels)=0.00
0.102059991327962	144	2104	log2(tiles)=0.00 log10(pixels)=0.50
0	215	2105	log2(tiles)=0.00 log10(pixels)=0.00
0.102059991327962	145	2106	log2(tiles)=0.00 log10(pixels)=0.50
0	216	2107	log2(tiles)=0.00 log10(pixels)=0.00
-0.0228787452803376	148	2108	log2(tiles)=0.00 log10(pixels)=0.50
0.0281512503836436	8	2109	log2(tiles)=1.00 log10(pixels)=0.75
0	217	2110	log2(tiles)=0.00 log10(pixels)=0.00
-0.075118363368933	1	2111	log2(tiles)=1.00 log10(pixels)=2.50
0	218	2112	log2(tiles)=0.00 log10(pixels)=0.00
0.0510299956639812	204	2113	log2(tiles)=0.00 log10(pixels)=0.25
0.0510299956639812	205	2114	log2(tiles)=0.00 log10(pixels)=0.25
-0.0969100130080565	57	2115	log2(tiles)=0.00 log10(pixels)=1.00
0.113943352306837	27	2116	log2(tiles)=0.00 log10(pixels)=1.00
0.0287536009528289	16	2117	log2(tiles)=0.00 log10(pixels)=1.25
0.0510299956639812	206	2118	log2(tiles)=0.00 log10(pixels)=0.25
0	219	2119	log2(tiles)=0.00 log10(pixels)=0.00
-0.00584540598155714	2	2120	log2(tiles)=0.00 log10(pixels)=2.50
0	220	2121	log2(tiles)=0.00 log10(pixels)=0.00
-0.0457574905606751	44	2122	log2(tiles)=0.00 log10(pixels)=1.00
0.0353298350107671	4	2123	log2(tiles)=0.00 log10(pixels)=1.75
0.0510299956639812	207	2124	log2(tiles)=0.00 log10(pixels)=0.25
0.0510299956639812	208	2125	log2(tiles)=0.00 log10(pixels)=0.25
0	221	2126	log2(tiles)=0.00 log10(pixels)=0.00
0	222	2127	log2(tiles)=0.00 log10(pixels)=0.00
0	223	2128	log2(tiles)=0.00 log10(pixels)=0.00
0.113943352306837	28	2129	log2(tiles)=0.00 log10(pixels)=1.00
0.0208520116421442	2	2130	log2(tiles)=1.00 log10(pixels)=1.75
0	224	2131	log2(tiles)=0.00 log10(pixels)=0.00
-0.0228787452803376	149	2132	log2(tiles)=0.00 log10(pixels)=0.50
-0.103871964321762	30	2133	log2(tiles)=0.00 log10(pixels)=1.25
0.102059991327962	146	2134	log2(tiles)=0.00 log10(pixels)=0.50
0.0510299956639812	209	2135	log2(tiles)=0.00 log10(pixels)=0.25
0.0510299956639812	210	2136	log2(tiles)=0.00 log10(pixels)=0.25
0	225	2137	log2(tiles)=0.00 log10(pixels)=0.00
0	226	2138	log2(tiles)=0.00 log10(pixels)=0.00
0	227	2139	log2(tiles)=0.00 log10(pixels)=0.00
0	228	2140	log2(tiles)=0.00 log10(pixels)=0.00
0.102059991327962	147	2141	log2(tiles)=0.00 log10(pixels)=0.50
0	229	2142	log2(tiles)=0.00 log10(pixels)=0.00
0	230	2143	log2(tiles)=0.00 log10(pixels)=0.00
0.0510299956639812	211	2144	log2(tiles)=0.00 log10(pixels)=0.25
0.0510299956639812	212	2145	log2(tiles)=0.00 log10(pixels)=0.25
0	231	2146	log2(tiles)=0.00 log10(pixels)=0.00
0.0413926851582249	3	2147	log2(tiles)=1.00 log10(pixels)=1.00
0.102059991327962	148	2148	log2(tiles)=0.00 log10(pixels)=0.50
0	232	2149	log2(tiles)=0.00 log10(pixels)=0.00
0.102059991327962	149	2150	log2(tiles)=0.00 log10(pixels)=0.50
-0.0510299956639812	100	2151	log2(tiles)=0.00 log10(pixels)=0.75
-0.0510299956639812	101	2152	log2(tiles)=0.00 log10(pixels)=0.75
0.102059991327962	150	2153	log2(tiles)=0.00 log10(pixels)=0.50
-0.0228787452803376	150	2154	log2(tiles)=0.00 log10(pixels)=0.50
0.102059991327962	151	2155	log2(tiles)=0.00 log10(pixels)=0.50
0	233	2156	log2(tiles)=0.00 log10(pixels)=0.00
-0.0457574905606751	45	2157	log2(tiles)=0.00 log10(pixels)=1.00
0	234	2158	log2(tiles)=0.00 log10(pixels)=0.00
0	235	2159	log2(tiles)=0.00 log10(pixels)=0.00
0	236	2160	log2(tiles)=0.00 log10(pixels)=0.00
0.0510299956639812	213	2161	log2(tiles)=0.00 log10(pixels)=0.25
0.0185139398778875	7	2162	log2(tiles)=0.00 log10(pixels)=1.50
-0.0228787452803376	151	2163	log2(tiles)=0.00 log10(pixels)=0.50
0	237	2164	log2(tiles)=0.00 log10(pixels)=0.00
-0.0457574905606751	46	2165	log2(tiles)=0.00 log10(pixels)=1.00
-0.0228787452803376	152	2166	log2(tiles)=0.00 log10(pixels)=0.50
-0.0228787452803376	153	2167	log2(tiles)=0.00 log10(pixels)=0.50
-0.0228787452803376	154	2168	log2(tiles)=0.00 log10(pixels)=0.50
0.0510299956639812	214	2169	log2(tiles)=0.00 log10(pixels)=0.25
0	238	2170	log2(tiles)=0.00 log10(pixels)=0.00
0	239	2171	log2(tiles)=0.00 log10(pixels)=0.00
0	240	2172	log2(tiles)=0.00 log10(pixels)=0.00
0	241	2173	log2(tiles)=0.00 log10(pixels)=0.00
0	242	2174	log2(tiles)=0.00 log10(pixels)=0.00
0	243	2175	log2(tiles)=0.00 log10(pixels)=0.00
-0.098721986001856	1	2176	log2(tiles)=1.00 log10(pixels)=2.75
0.0950980400142568	6	2177	log2(tiles)=1.00 log10(pixels)=0.75
-0.0457574905606751	47	2178	log2(tiles)=0.00 log10(pixels)=1.00
0.0281512503836436	74	2179	log2(tiles)=0.00 log10(pixels)=0.75
0.0510299956639812	215	2180	log2(tiles)=0.00 log10(pixels)=0.25
0.0510299956639812	216	2181	log2(tiles)=0.00 log10(pixels)=0.25
0.102059991327962	152	2182	log2(tiles)=0.00 log10(pixels)=0.50
0.0281512503836436	75	2183	log2(tiles)=0.00 log10(pixels)=0.75
0.0510299956639812	217	2184	log2(tiles)=0.00 log10(pixels)=0.25
0	244	2185	log2(tiles)=0.00 log10(pixels)=0.00
0.0510299956639812	218	2186	log2(tiles)=0.00 log10(pixels)=0.25
0	245	2187	log2(tiles)=0.00 log10(pixels)=0.00
0	246	2188	log2(tiles)=0.00 log10(pixels)=0.00
0	247	2189	log2(tiles)=0.00 log10(pixels)=0.00
0	248	2190	log2(tiles)=0.00 log10(pixels)=0.00
0	249	2191	log2(tiles)=0.00 log10(pixels)=0.00
-0.0228787452803376	155	2192	log2(tiles)=0.00 log10(pixels)=0.50
-0.0969100130080565	58	2193	log2(tiles)=0.00 log10(pixels)=1.00
0.0510299956639812	219	2194	log2(tiles)=0.00 log10(pixels)=0.25
0.0950980400142568	73	2195	log2(tiles)=0.00 log10(pixels)=0.75
0	250	2196	log2(tiles)=0.00 log10(pixels)=0.00
0.0510299956639812	220	2197	log2(tiles)=0.00 log10(pixels)=0.25
-0.0739087409443187	29	2198	log2(tiles)=0.00 log10(pixels)=1.25
-0.0510299956639812	102	2199	log2(tiles)=0.00 log10(pixels)=0.75
0.0510299956639812	221	2200	log2(tiles)=0.00 log10(pixels)=0.25
0	251	2201	log2(tiles)=0.00 log10(pixels)=0.00
0.0950980400142568	74	2202	log2(tiles)=0.00 log10(pixels)=0.75
0	252	2203	log2(tiles)=0.00 log10(pixels)=0.00
0	253	2204	log2(tiles)=0.00 log10(pixels)=0.00
0	254	2205	log2(tiles)=0.00 log10(pixels)=0.00
-0.0228787452803376	156	2206	log2(tiles)=0.00 log10(pixels)=0.50
0	5	2207	log2(tiles)=1.00 log10(pixels)=1.00
-0.0969100130080565	59	2208	log2(tiles)=0.00 log10(pixels)=1.00
0	255	2209	log2(tiles)=0.00 log10(pixels)=0.00
0	256	2210	log2(tiles)=0.00 log10(pixels)=0.00
0	257	2211	log2(tiles)=0.00 log10(pixels)=0.00
0	258	2212	log2(tiles)=0.00 log10(pixels)=0.00
-0.0195510786217261	24	2213	log2(tiles)=0.00 log10(pixels)=1.25
-0.0228787452803376	157	2214	log2(tiles)=0.00 log10(pixels)=0.50
-0.0228787452803376	158	2215	log2(tiles)=0.00 log10(pixels)=0.50
0.0510299956639812	222	2216	log2(tiles)=0.00 log10(pixels)=0.25
0.0510299956639812	223	2217	log2(tiles)=0.00 log10(pixels)=0.25
-0.0969100130080565	60	2218	log2(tiles)=0.00 log10(pixels)=1.00
-0.116531544420413	5	2219	log2(tiles)=0.00 log10(pixels)=1.75
0	259	2220	log2(tiles)=0.00 log10(pixels)=0.00
0	260	2221	log2(tiles)=0.00 log10(pixels)=0.00
0	261	2222	log2(tiles)=0.00 log10(pixels)=0.00
-0.0228787452803376	159	2223	log2(tiles)=0.00 log10(pixels)=0.50
0.0510299956639812	224	2224	log2(tiles)=0.00 log10(pixels)=0.25
0.0510299956639812	225	2225	log2(tiles)=0.00 log10(pixels)=0.25
0.102059991327963	9	2226	log2(tiles)=0.00 log10(pixels)=1.50
0	262	2227	log2(tiles)=0.00 log10(pixels)=0.00
-0.0228787452803376	11	2228	log2(tiles)=1.00 log10(pixels)=0.50
0.0791812460476249	43	2229	log2(tiles)=0.00 log10(pixels)=1.00
0.102059991327962	153	2230	log2(tiles)=0.00 log10(pixels)=0.50
-0.0510299956639812	103	2231	log2(tiles)=0.00 log10(pixels)=0.75
-0.0457574905606751	48	2232	log2(tiles)=0.00 log10(pixels)=1.00
0	46	2233	log2(tiles)=0.00 log10(pixels)=1.00
0.102059991327962	154	2234	log2(tiles)=0.00 log10(pixels)=0.50
0	47	2235	log2(tiles)=0.00 log10(pixels)=1.00
-0.0228787452803376	160	2236	log2(tiles)=0.00 log10(pixels)=0.50
-0.0510299956639812	104	2237	log2(tiles)=0.00 log10(pixels)=0.75
0	263	2238	log2(tiles)=0.00 log10(pixels)=0.00
-0.0228787452803376	161	2239	log2(tiles)=0.00 log10(pixels)=0.50
-0.102059991327962	10	2240	log2(tiles)=1.00 log10(pixels)=1.50
0	48	2241	log2(tiles)=0.00 log10(pixels)=1.00
0	264	2242	log2(tiles)=0.00 log10(pixels)=0.00
0.0950980400142568	75	2243	log2(tiles)=0.00 log10(pixels)=0.75
-0.0510299956639812	105	2244	log2(tiles)=0.00 log10(pixels)=0.75
0.102059991327962	155	2245	log2(tiles)=0.00 log10(pixels)=0.50
-0.103871964321762	31	2246	log2(tiles)=0.00 log10(pixels)=1.25
0.0510299956639812	226	2247	log2(tiles)=0.00 log10(pixels)=0.25
0.0510299956639812	227	2248	log2(tiles)=0.00 log10(pixels)=0.25
0	265	2249	log2(tiles)=0.00 log10(pixels)=0.00
0.0950980400142568	76	2250	log2(tiles)=0.00 log10(pixels)=0.75
0.0950980400142568	7	2251	log2(tiles)=1.00 log10(pixels)=0.75
0	266	2252	log2(tiles)=0.00 log10(pixels)=0.00
-0.0228787452803376	162	2253	log2(tiles)=0.00 log10(pixels)=0.50
0	267	2254	log2(tiles)=0.00 log10(pixels)=0.00
0	268	2255	log2(tiles)=0.00 log10(pixels)=0.00
0	269	2256	log2(tiles)=0.00 log10(pixels)=0.00
0.0281512503836436	2	2257	log2(tiles)=1.50 log10(pixels)=0.75
0.0791812460476249	11	2258	log2(tiles)=1.00 log10(pixels)=1.00
0	270	2259	log2(tiles)=0.00 log10(pixels)=0.00
0	271	2260	log2(tiles)=0.00 log10(pixels)=0.00
0.0510299956639812	228	2261	log2(tiles)=0.00 log10(pixels)=0.25
-0.0228787452803376	163	2262	log2(tiles)=0.00 log10(pixels)=0.50
0.0510299956639812	229	2263	log2(tiles)=0.00 log10(pixels)=0.25
0	272	2264	log2(tiles)=0.00 log10(pixels)=0.00
-0.0457574905606751	3	2265	log2(tiles)=1.00 log10(pixels)=1.00
-0.0228787452803376	164	2266	log2(tiles)=0.00 log10(pixels)=0.50
0.0950980400142568	77	2267	log2(tiles)=0.00 log10(pixels)=0.75
0.102059991327962	156	2268	log2(tiles)=0.00 log10(pixels)=0.50
-0.0969100130080565	61	2269	log2(tiles)=0.00 log10(pixels)=1.00
0.102059991327962	157	2270	log2(tiles)=0.00 log10(pixels)=0.50
0	273	2271	log2(tiles)=0.00 log10(pixels)=0.00
0	274	2272	log2(tiles)=0.00 log10(pixels)=0.00
0.102059991327962	158	2273	log2(tiles)=0.00 log10(pixels)=0.50
0	275	2274	log2(tiles)=0.00 log10(pixels)=0.00
-0.0228787452803376	165	2275	log2(tiles)=0.00 log10(pixels)=0.50
0	276	2276	log2(tiles)=0.00 log10(pixels)=0.00
0	277	2277	log2(tiles)=0.00 log10(pixels)=0.00
0.102059991327962	159	2278	log2(tiles)=0.00 log10(pixels)=0.50
0	278	2279	log2(tiles)=0.00 log10(pixels)=0.00
0	279	2280	log2(tiles)=0.00 log10(pixels)=0.00
0	280	2281	log2(tiles)=0.00 log10(pixels)=0.00
-0.0510299956639812	106	2282	log2(tiles)=0.00 log10(pixels)=0.75
0.0510299956639812	230	2283	log2(tiles)=0.00 log10(pixels)=0.25
-0.0228787452803376	166	2284	log2(tiles)=0.00 log10(pixels)=0.50
0.102059991327962	160	2285	log2(tiles)=0.00 log10(pixels)=0.50
0.102059991327962	161	2286	log2(tiles)=0.00 log10(pixels)=0.50
-0.0228787452803376	167	2287	log2(tiles)=0.00 log10(pixels)=0.50
0.0510299956639812	231	2288	log2(tiles)=0.00 log10(pixels)=0.25
-0.0969100130080565	62	2289	log2(tiles)=0.00 log10(pixels)=1.00
0	6	2290	log2(tiles)=1.00 log10(pixels)=1.00
0	49	2291	log2(tiles)=0.00 log10(pixels)=1.00
0	281	2292	log2(tiles)=0.00 log10(pixels)=0.00
0	282	2293	log2(tiles)=0.00 log10(pixels)=0.00
0	283	2294	log2(tiles)=0.00 log10(pixels)=0.00
0.102059991327962	162	2295	log2(tiles)=0.00 log10(pixels)=0.50
0.0510299956639812	232	2296	log2(tiles)=0.00 log10(pixels)=0.25
0.0950980400142568	78	2297	log2(tiles)=0.00 log10(pixels)=0.75
0	284	2298	log2(tiles)=0.00 log10(pixels)=0.00
0	285	2299	log2(tiles)=0.00 log10(pixels)=0.00
0.0510299956639812	233	2300	log2(tiles)=0.00 log10(pixels)=0.25
0.0510299956639813	9	2301	log2(tiles)=0.00 log10(pixels)=1.25
0	286	2302	log2(tiles)=0.00 log10(pixels)=0.00
0	287	2303	log2(tiles)=0.00 log10(pixels)=0.00
0	288	2304	log2(tiles)=0.00 log10(pixels)=0.00
0.0281512503836436	76	2305	log2(tiles)=0.00 log10(pixels)=0.75
0.0510299956639812	234	2306	log2(tiles)=0.00 log10(pixels)=0.25
0	289	2307	log2(tiles)=0.00 log10(pixels)=0.00
0.0510299956639812	235	2308	log2(tiles)=0.00 log10(pixels)=0.25
0	290	2309	log2(tiles)=0.00 log10(pixels)=0.00
0.0281512503836436	77	2310	log2(tiles)=0.00 log10(pixels)=0.75
0.0287536009528289	8	2311	log2(tiles)=1.00 log10(pixels)=1.25
0	291	2312	log2(tiles)=0.00 log10(pixels)=0.00
0	292	2313	log2(tiles)=0.00 log10(pixels)=0.00
0	293	2314	log2(tiles)=0.00 log10(pixels)=0.00
0.0510299956639812	236	2315	log2(tiles)=0.00 log10(pixels)=0.25
0.0950980400142568	79	2316	log2(tiles)=0.00 log10(pixels)=0.75
0.102059991327962	163	2317	log2(tiles)=0.00 log10(pixels)=0.50
0.0510299956639812	237	2318	log2(tiles)=0.00 log10(pixels)=0.25
0.0281512503836436	9	2319	log2(tiles)=1.00 log10(pixels)=0.75
0	294	2320	log2(tiles)=0.00 log10(pixels)=0.00
0	295	2321	log2(tiles)=0.00 log10(pixels)=0.00
-0.0228787452803376	168	2322	log2(tiles)=0.00 log10(pixels)=0.50
0.0510299956639812	238	2323	log2(tiles)=0.00 log10(pixels)=0.25
-0.0228787452803376	169	2324	log2(tiles)=0.00 log10(pixels)=0.50
0.0281512503836436	10	2325	log2(tiles)=1.00 log10(pixels)=0.75
-0.0228787452803376	170	2326	log2(tiles)=0.00 log10(pixels)=0.50
0.0510299956639812	239	2327	log2(tiles)=0.00 log10(pixels)=0.25
0	296	2328	log2(tiles)=0.00 log10(pixels)=0.00
-0.0458800173440752	21	2329	log2(tiles)=0.00 log10(pixels)=1.25
0	297	2330	log2(tiles)=0.00 log10(pixels)=0.00
0.0510299956639812	240	2331	log2(tiles)=0.00 log10(pixels)=0.25
0.0510299956639812	6	2332	log2(tiles)=1.00 log10(pixels)=0.25
0	298	2333	log2(tiles)=0.00 log10(pixels)=0.00
0	299	2334	log2(tiles)=0.00 log10(pixels)=0.00
0.0791812460476249	12	2335	log2(tiles)=1.00 log10(pixels)=1.00
0	300	2336	log2(tiles)=0.00 log10(pixels)=0.00
0	301	2337	log2(tiles)=0.00 log10(pixels)=0.00
0	302	2338	log2(tiles)=0.00 log10(pixels)=0.00
0	303	2339	log2(tiles)=0.00 log10(pixels)=0.00
-0.0457574905606751	49	2340	log2(tiles)=0.00 log10(pixels)=1.00
0.0950980400142568	80	2341	log2(tiles)=0.00 log10(pixels)=0.75
-0.0510299956639812	107	2342	log2(tiles)=0.00 log10(pixels)=0.75
-0.0458800173440752	22	2343	log2(tiles)=0.00 log10(pixels)=1.25
0.0950980400142568	81	2344	log2(tiles)=0.00 log10(pixels)=0.75
0	304	2345	log2(tiles)=0.00 log10(pixels)=0.00
0	305	2346	log2(tiles)=0.00 log10(pixels)=0.00
0.102059991327962	164	2347	log2(tiles)=0.00 log10(pixels)=0.50
0	306	2348	log2(tiles)=0.00 log10(pixels)=0.00
-0.0228787452803376	171	2349	log2(tiles)=0.00 log10(pixels)=0.50
0.0281512503836436	78	2350	log2(tiles)=0.00 log10(pixels)=0.75
-0.0969100130080565	63	2351	log2(tiles)=0.00 log10(pixels)=1.00
0	307	2352	log2(tiles)=0.00 log10(pixels)=0.00
0	308	2353	log2(tiles)=0.00 log10(pixels)=0.00
0	309	2354	log2(tiles)=0.00 log10(pixels)=0.00
0	310	2355	log2(tiles)=0.00 log10(pixels)=0.00
0	311	2356	log2(tiles)=0.00 log10(pixels)=0.00
-0.0228787452803376	172	2357	log2(tiles)=0.00 log10(pixels)=0.50
0	312	2358	log2(tiles)=0.00 log10(pixels)=0.00
0.0510299956639812	241	2359	log2(tiles)=0.00 log10(pixels)=0.25
-0.0222763947111522	1	2360	log2(tiles)=1.00 log10(pixels)=2.00
-0.0228787452803376	173	2361	log2(tiles)=0.00 log10(pixels)=0.50
0.0413926851582249	36	2362	log2(tiles)=0.00 log10(pixels)=1.00
0	313	2363	log2(tiles)=0.00 log10(pixels)=0.00
0	314	2364	log2(tiles)=0.00 log10(pixels)=0.00
0.00527250510330601	15	2365	log2(tiles)=0.00 log10(pixels)=1.25
0	315	2366	log2(tiles)=0.00 log10(pixels)=0.00
0.102059991327962	8	2367	log2(tiles)=1.00 log10(pixels)=0.50
-0.0510299956639812	108	2368	log2(tiles)=0.00 log10(pixels)=0.75
0	50	2369	log2(tiles)=0.00 log10(pixels)=1.00
0.0950980400142568	82	2370	log2(tiles)=0.00 log10(pixels)=0.75
0.0510299956639813	10	2371	log2(tiles)=0.00 log10(pixels)=1.25
0	316	2372	log2(tiles)=0.00 log10(pixels)=0.00
0	317	2373	log2(tiles)=0.00 log10(pixels)=0.00
-0.0510299956639812	109	2374	log2(tiles)=0.00 log10(pixels)=0.75
0.102059991327962	165	2375	log2(tiles)=0.00 log10(pixels)=0.50
0	318	2376	log2(tiles)=0.00 log10(pixels)=0.00
0.0281512503836436	79	2377	log2(tiles)=0.00 log10(pixels)=0.75
0	51	2378	log2(tiles)=0.00 log10(pixels)=1.00
0	319	2379	log2(tiles)=0.00 log10(pixels)=0.00
0	320	2380	log2(tiles)=0.00 log10(pixels)=0.00
0.102059991327962	166	2381	log2(tiles)=0.00 log10(pixels)=0.50
0	321	2382	log2(tiles)=0.00 log10(pixels)=0.00
0	322	2383	log2(tiles)=0.00 log10(pixels)=0.00
-0.0228787452803376	174	2384	log2(tiles)=0.00 log10(pixels)=0.50
0.0510299956639812	242	2385	log2(tiles)=0.00 log10(pixels)=0.25
-0.0969100130080565	64	2386	log2(tiles)=0.00 log10(pixels)=1.00
0.0510299956639812	243	2387	log2(tiles)=0.00 log10(pixels)=0.25
0	323	2388	log2(tiles)=0.00 log10(pixels)=0.00
0	324	2389	log2(tiles)=0.00 log10(pixels)=0.00
0.0510299956639812	244	2390	log2(tiles)=0.00 log10(pixels)=0.25
0	325	2391	log2(tiles)=0.00 log10(pixels)=0.00
0	326	2392	log2(tiles)=0.00 log10(pixels)=0.00
0	327	2393	log2(tiles)=0.00 log10(pixels)=0.00
0.0510299956639812	245	2394	log2(tiles)=0.00 log10(pixels)=0.25
-0.0228787452803376	175	2395	log2(tiles)=0.00 log10(pixels)=0.50
0.0950980400142568	83	2396	log2(tiles)=0.00 log10(pixels)=0.75
0.0510299956639812	246	2397	log2(tiles)=0.00 log10(pixels)=0.25
-0.0457574905606751	50	2398	log2(tiles)=0.00 log10(pixels)=1.00
0.102059991327962	167	2399	log2(tiles)=0.00 log10(pixels)=0.50
0	328	2400	log2(tiles)=0.00 log10(pixels)=0.00
-0.0228787452803376	176	2401	log2(tiles)=0.00 log10(pixels)=0.50
0	329	2402	log2(tiles)=0.00 log10(pixels)=0.00
-0.0228787452803376	177	2403	log2(tiles)=0.00 log10(pixels)=0.50
0	330	2404	log2(tiles)=0.00 log10(pixels)=0.00
0	331	2405	log2(tiles)=0.00 log10(pixels)=0.00
-0.085026652029182	8	2406	log2(tiles)=0.00 log10(pixels)=1.50
0	52	2407	log2(tiles)=0.00 log10(pixels)=1.00
0	332	2408	log2(tiles)=0.00 log10(pixels)=0.00
-0.0228787452803376	178	2409	log2(tiles)=0.00 log10(pixels)=0.50
0	333	2410	log2(tiles)=0.00 log10(pixels)=0.00
0.0950980400142568	84	2411	log2(tiles)=0.00 log10(pixels)=0.75
-0.0510299956639812	110	2412	log2(tiles)=0.00 log10(pixels)=0.75
0	334	2413	log2(tiles)=0.00 log10(pixels)=0.00
0	335	2414	log2(tiles)=0.00 log10(pixels)=0.00
-0.0228787452803376	179	2415	log2(tiles)=0.00 log10(pixels)=0.50
0	336	2416	log2(tiles)=0.00 log10(pixels)=0.00
0	337	2417	log2(tiles)=0.00 log10(pixels)=0.00
0.112783856719735	5	2418	log2(tiles)=0.00 log10(pixels)=1.50
0.0281512503836436	80	2419	log2(tiles)=0.00 log10(pixels)=0.75
-0.0739087409443187	30	2420	log2(tiles)=0.00 log10(pixels)=1.25
0.0561799739838871	2	2421	log2(tiles)=0.00 log10(pixels)=1.75
0	338	2422	log2(tiles)=0.00 log10(pixels)=0.00
0	339	2423	log2(tiles)=0.00 log10(pixels)=0.00
-0.0228787452803376	180	2424	log2(tiles)=0.00 log10(pixels)=0.50
0.00514997831990605	3	2425	log2(tiles)=1.00 log10(pixels)=1.50
0	340	2426	log2(tiles)=0.00 log10(pixels)=0.00
-0.0228787452803376	7	2427	log2(tiles)=0.00 log10(pixels)=1.50
-0.103871964321762	32	2428	log2(tiles)=0.00 log10(pixels)=1.25
0.0510299956639813	11	2429	log2(tiles)=0.00 log10(pixels)=1.25
0.0510299956639812	247	2430	log2(tiles)=0.00 log10(pixels)=0.25
-0.0228787452803376	181	2431	log2(tiles)=0.00 log10(pixels)=0.50
0	341	2432	log2(tiles)=0.00 log10(pixels)=0.00
-0.0195510786217261	25	2433	log2(tiles)=0.00 log10(pixels)=1.25
0.0510299956639812	248	2434	log2(tiles)=0.00 log10(pixels)=0.25
0.0510299956639812	249	2435	log2(tiles)=0.00 log10(pixels)=0.25
0	342	2436	log2(tiles)=0.00 log10(pixels)=0.00
0	343	2437	log2(tiles)=0.00 log10(pixels)=0.00
0.113943352306837	29	2438	log2(tiles)=0.00 log10(pixels)=1.00
-0.0510299956639812	111	2439	log2(tiles)=0.00 log10(pixels)=0.75
0	344	2440	log2(tiles)=0.00 log10(pixels)=0.00
0.0510299956639812	250	2441	log2(tiles)=0.00 log10(pixels)=0.25
0.0510299956639812	251	2442	log2(tiles)=0.00 log10(pixels)=0.25
-0.0228787452803376	182	2443	log2(tiles)=0.00 log10(pixels)=0.50
0.0510299956639812	252	2444	log2(tiles)=0.00 log10(pixels)=0.25
0.0281512503836436	81	2445	log2(tiles)=0.00 log10(pixels)=0.75
0.0510299956639812	253	2446	log2(tiles)=0.00 log10(pixels)=0.25
0	345	2447	log2(tiles)=0.00 log10(pixels)=0.00
-0.0228787452803376	183	2448	log2(tiles)=0.00 log10(pixels)=0.50
0.0510299956639812	254	2449	log2(tiles)=0.00 log10(pixels)=0.25
0	346	2450	log2(tiles)=0.00 log10(pixels)=0.00
0	347	2451	log2(tiles)=0.00 log10(pixels)=0.00
0	348	2452	log2(tiles)=0.00 log10(pixels)=0.00
0	349	2453	log2(tiles)=0.00 log10(pixels)=0.00
0.0510299956639812	7	2454	log2(tiles)=1.00 log10(pixels)=0.25
0	350	2455	log2(tiles)=0.00 log10(pixels)=0.00
0	351	2456	log2(tiles)=0.00 log10(pixels)=0.00
0	352	2457	log2(tiles)=0.00 log10(pixels)=0.00
0	353	2458	log2(tiles)=0.00 log10(pixels)=0.00
0	354	2459	log2(tiles)=0.00 log10(pixels)=0.00
-0.0228787452803376	184	2460	log2(tiles)=0.00 log10(pixels)=0.50
-0.0228787452803376	12	2461	log2(tiles)=1.00 log10(pixels)=0.50
0	355	2462	log2(tiles)=0.00 log10(pixels)=0.00
0.113943352306837	30	2463	log2(tiles)=0.00 log10(pixels)=1.00
0	356	2464	log2(tiles)=0.00 log10(pixels)=0.00
0	357	2465	log2(tiles)=0.00 log10(pixels)=0.00
-0.0228787452803376	185	2466	log2(tiles)=0.00 log10(pixels)=0.50
0.113943352306837	5	2467	log2(tiles)=1.00 log10(pixels)=1.00
0.0281512503836436	82	2468	log2(tiles)=0.00 log10(pixels)=0.75
-0.0457574905606751	51	2469	log2(tiles)=0.00 log10(pixels)=1.00
0.0281512503836436	83	2470	log2(tiles)=0.00 log10(pixels)=0.75
0.102059991327962	168	2471	log2(tiles)=0.00 log10(pixels)=0.50
0.0791812460476249	13	2472	log2(tiles)=1.00 log10(pixels)=1.00
0.0413926851582249	4	2473	log2(tiles)=1.00 log10(pixels)=1.00
-0.0510299956639812	112	2474	log2(tiles)=0.00 log10(pixels)=0.75
0.113943352306837	31	2475	log2(tiles)=0.00 log10(pixels)=1.00
0	358	2476	log2(tiles)=0.00 log10(pixels)=0.00
0	359	2477	log2(tiles)=0.00 log10(pixels)=0.00
0.0924226808222062	12	2478	log2(tiles)=0.00 log10(pixels)=1.25
-0.0228787452803376	186	2479	log2(tiles)=0.00 log10(pixels)=0.50
-0.0228787452803376	187	2480	log2(tiles)=0.00 log10(pixels)=0.50
0.0950980400142568	85	2481	log2(tiles)=0.00 log10(pixels)=0.75
0	360	2482	log2(tiles)=0.00 log10(pixels)=0.00
0	361	2483	log2(tiles)=0.00 log10(pixels)=0.00
0	362	2484	log2(tiles)=0.00 log10(pixels)=0.00
-0.0228787452803376	188	2485	log2(tiles)=0.00 log10(pixels)=0.50
0	363	2486	log2(tiles)=0.00 log10(pixels)=0.00
0.0510299956639812	255	2487	log2(tiles)=0.00 log10(pixels)=0.25
0.0510299956639812	256	2488	log2(tiles)=0.00 log10(pixels)=0.25
-0.0510299956639812	9	2489	log2(tiles)=1.00 log10(pixels)=0.75
0.0791812460476249	44	2490	log2(tiles)=0.00 log10(pixels)=1.00
0	364	2491	log2(tiles)=0.00 log10(pixels)=0.00
0	365	2492	log2(tiles)=0.00 log10(pixels)=0.00
0	366	2493	log2(tiles)=0.00 log10(pixels)=0.00
0	367	2494	log2(tiles)=0.00 log10(pixels)=0.00
0.0281512503836436	84	2495	log2(tiles)=0.00 log10(pixels)=0.75
0	368	2496	log2(tiles)=0.00 log10(pixels)=0.00
0	369	2497	log2(tiles)=0.00 log10(pixels)=0.00
0.0287536009528289	17	2498	log2(tiles)=0.00 log10(pixels)=1.25
0	370	2499	log2(tiles)=0.00 log10(pixels)=0.00
0	371	2500	log2(tiles)=0.00 log10(pixels)=0.00
0.0510299956639812	257	2501	log2(tiles)=0.00 log10(pixels)=0.25
0.0510299956639812	258	2502	log2(tiles)=0.00 log10(pixels)=0.25
0.0413926851582249	37	2503	log2(tiles)=0.00 log10(pixels)=1.00
0.0510299956639812	259	2504	log2(tiles)=0.00 log10(pixels)=0.25
0.0510299956639812	260	2505	log2(tiles)=0.00 log10(pixels)=0.25
0.0510299956639812	261	2506	log2(tiles)=0.00 log10(pixels)=0.25
0.0510299956639812	262	2507	log2(tiles)=0.00 log10(pixels)=0.25
0	372	2508	log2(tiles)=0.00 log10(pixels)=0.00
0.0510299956639812	263	2509	log2(tiles)=0.00 log10(pixels)=0.25
-0.0228787452803376	189	2510	log2(tiles)=0.00 log10(pixels)=0.50
0.0510299956639812	264	2511	log2(tiles)=0.00 log10(pixels)=0.25
0	373	2512	log2(tiles)=0.00 log10(pixels)=0.00
0.0281512503836436	85	2513	log2(tiles)=0.00 log10(pixels)=0.75
0	374	2514	log2(tiles)=0.00 log10(pixels)=0.00
0	375	2515	log2(tiles)=0.00 log10(pixels)=0.00
0	376	2516	log2(tiles)=0.00 log10(pixels)=0.00
0.0287536009528289	18	2517	log2(tiles)=0.00 log10(pixels)=1.25
0	377	2518	log2(tiles)=0.00 log10(pixels)=0.00
0	378	2519	log2(tiles)=0.00 log10(pixels)=0.00
0.0510299956639812	265	2520	log2(tiles)=0.00 log10(pixels)=0.25
0.0281512503836436	86	2521	log2(tiles)=0.00 log10(pixels)=0.75
0	379	2522	log2(tiles)=0.00 log10(pixels)=0.00
0	380	2523	log2(tiles)=0.00 log10(pixels)=0.00
0.0510299956639812	266	2524	log2(tiles)=0.00 log10(pixels)=0.25
0.0510299956639812	267	2525	log2(tiles)=0.00 log10(pixels)=0.25
0	381	2526	log2(tiles)=0.00 log10(pixels)=0.00
0	382	2527	log2(tiles)=0.00 log10(pixels)=0.00
0	383	2528	log2(tiles)=0.00 log10(pixels)=0.00
0	384	2529	log2(tiles)=0.00 log10(pixels)=0.00
-0.0228787452803376	190	2530	log2(tiles)=0.00 log10(pixels)=0.50
0.0281512503836436	87	2531	log2(tiles)=0.00 log10(pixels)=0.75
0.0510299956639812	268	2532	log2(tiles)=0.00 log10(pixels)=0.25
0	385	2533	log2(tiles)=0.00 log10(pixels)=0.00
0	386	2534	log2(tiles)=0.00 log10(pixels)=0.00
0	387	2535	log2(tiles)=0.00 log10(pixels)=0.00
0	388	2536	log2(tiles)=0.00 log10(pixels)=0.00
-0.0228787452803376	191	2537	log2(tiles)=0.00 log10(pixels)=0.50
0.0510299956639812	269	2538	log2(tiles)=0.00 log10(pixels)=0.25
0.0510299956639812	270	2539	log2(tiles)=0.00 log10(pixels)=0.25
0.111727836017593	14	2540	log2(tiles)=0.00 log10(pixels)=1.25
0	389	2541	log2(tiles)=0.00 log10(pixels)=0.00
0.0510299956639812	271	2542	log2(tiles)=0.00 log10(pixels)=0.25
0.0924226808222062	3	2543	log2(tiles)=1.00 log10(pixels)=1.25
0	390	2544	log2(tiles)=0.00 log10(pixels)=0.00
0	391	2545	log2(tiles)=0.00 log10(pixels)=0.00
0	53	2546	log2(tiles)=0.00 log10(pixels)=1.00
-0.0510299956639812	113	2547	log2(tiles)=0.00 log10(pixels)=0.75
0	392	2548	log2(tiles)=0.00 log10(pixels)=0.00
0	393	2549	log2(tiles)=0.00 log10(pixels)=0.00
0	394	2550	log2(tiles)=0.00 log10(pixels)=0.00
0	395	2551	log2(tiles)=0.00 log10(pixels)=0.00
0	396	2552	log2(tiles)=0.00 log10(pixels)=0.00
0	397	2553	log2(tiles)=0.00 log10(pixels)=0.00
0	7	2554	log2(tiles)=1.00 log10(pixels)=1.00
-0.0457574905606751	52	2555	log2(tiles)=0.00 log10(pixels)=1.00
0	398	2556	log2(tiles)=0.00 log10(pixels)=0.00
-0.0228787452803376	192	2557	log2(tiles)=0.00 log10(pixels)=0.50
0	399	2558	log2(tiles)=0.00 log10(pixels)=0.00
0	400	2559	log2(tiles)=0.00 log10(pixels)=0.00
0	401	2560	log2(tiles)=0.00 log10(pixels)=0.00
0	402	2561	log2(tiles)=0.00 log10(pixels)=0.00
0	403	2562	log2(tiles)=0.00 log10(pixels)=0.00
0.0510299956639812	272	2563	log2(tiles)=0.00 log10(pixels)=0.25
-0.0228787452803376	193	2564	log2(tiles)=0.00 log10(pixels)=0.50
0.0510299956639812	273	2565	log2(tiles)=0.00 log10(pixels)=0.25
0.00587485567249146	7	2566	log2(tiles)=0.00 log10(pixels)=1.75
0.0510299956639812	274	2567	log2(tiles)=0.00 log10(pixels)=0.25
0	404	2568	log2(tiles)=0.00 log10(pixels)=0.00
0	405	2569	log2(tiles)=0.00 log10(pixels)=0.00
0	406	2570	log2(tiles)=0.00 log10(pixels)=0.00
0.0510299956639812	275	2571	log2(tiles)=0.00 log10(pixels)=0.25
0	407	2572	log2(tiles)=0.00 log10(pixels)=0.00
-0.0510299956639812	114	2573	log2(tiles)=0.00 log10(pixels)=0.75
0	408	2574	log2(tiles)=0.00 log10(pixels)=0.00
0.0510299956639812	276	2575	log2(tiles)=0.00 log10(pixels)=0.25
0	409	2576	log2(tiles)=0.00 log10(pixels)=0.00
0.0510299956639812	277	2577	log2(tiles)=0.00 log10(pixels)=0.25
0	410	2578	log2(tiles)=0.00 log10(pixels)=0.00
0	411	2579	log2(tiles)=0.00 log10(pixels)=0.00
0.0281512503836436	88	2580	log2(tiles)=0.00 log10(pixels)=0.75
0.0510299956639812	278	2581	log2(tiles)=0.00 log10(pixels)=0.25
0.0281512503836436	89	2582	log2(tiles)=0.00 log10(pixels)=0.75
0	412	2583	log2(tiles)=0.00 log10(pixels)=0.00
0	413	2584	log2(tiles)=0.00 log10(pixels)=0.00
0	414	2585	log2(tiles)=0.00 log10(pixels)=0.00
0.0510299956639812	279	2586	log2(tiles)=0.00 log10(pixels)=0.25
0.0510299956639812	280	2587	log2(tiles)=0.00 log10(pixels)=0.25
-0.0969100130080565	65	2588	log2(tiles)=0.00 log10(pixels)=1.00
0	415	2589	log2(tiles)=0.00 log10(pixels)=0.00
0	416	2590	log2(tiles)=0.00 log10(pixels)=0.00
0.102059991327962	169	2591	log2(tiles)=0.00 log10(pixels)=0.50
0.0510299956639812	281	2592	log2(tiles)=0.00 log10(pixels)=0.25
-0.0228787452803376	194	2593	log2(tiles)=0.00 log10(pixels)=0.50
0	417	2594	log2(tiles)=0.00 log10(pixels)=0.00
0	418	2595	log2(tiles)=0.00 log10(pixels)=0.00
0	419	2596	log2(tiles)=0.00 log10(pixels)=0.00
0	420	2597	log2(tiles)=0.00 log10(pixels)=0.00
-0.0228787452803376	195	2598	log2(tiles)=0.00 log10(pixels)=0.50
0.0510299956639812	282	2599	log2(tiles)=0.00 log10(pixels)=0.25
-0.119186407719209	2	2600	log2(tiles)=0.00 log10(pixels)=2.00
-0.0510299956639812	115	2601	log2(tiles)=0.00 log10(pixels)=0.75
0	421	2602	log2(tiles)=0.00 log10(pixels)=0.00
0	422	2603	log2(tiles)=0.00 log10(pixels)=0.00
0	423	2604	log2(tiles)=0.00 log10(pixels)=0.00
0.0510299956639812	283	2605	log2(tiles)=0.00 log10(pixels)=0.25
-0.0510299956639812	116	2606	log2(tiles)=0.00 log10(pixels)=0.75
0.0281512503836436	2	2607	log2(tiles)=1.00 log10(pixels)=1.75
0	424	2608	log2(tiles)=0.00 log10(pixels)=0.00
0	425	2609	log2(tiles)=0.00 log10(pixels)=0.00
0	426	2610	log2(tiles)=0.00 log10(pixels)=0.00
0	427	2611	log2(tiles)=0.00 log10(pixels)=0.00
0	428	2612	log2(tiles)=0.00 log10(pixels)=0.00
0	429	2613	log2(tiles)=0.00 log10(pixels)=0.00
0	430	2614	log2(tiles)=0.00 log10(pixels)=0.00
0	431	2615	log2(tiles)=0.00 log10(pixels)=0.00
0	432	2616	log2(tiles)=0.00 log10(pixels)=0.00
0	433	2617	log2(tiles)=0.00 log10(pixels)=0.00
0	434	2618	log2(tiles)=0.00 log10(pixels)=0.00
0	435	2619	log2(tiles)=0.00 log10(pixels)=0.00
0	436	2620	log2(tiles)=0.00 log10(pixels)=0.00
0	437	2621	log2(tiles)=0.00 log10(pixels)=0.00
0.0510299956639812	284	2622	log2(tiles)=0.00 log10(pixels)=0.25
0.113943352306837	32	2623	log2(tiles)=0.00 log10(pixels)=1.00
0.0950980400142568	8	2624	log2(tiles)=1.00 log10(pixels)=0.75
0	438	2625	log2(tiles)=0.00 log10(pixels)=0.00
0.0281512503836436	11	2626	log2(tiles)=1.00 log10(pixels)=0.75
0.0281512503836436	90	2627	log2(tiles)=0.00 log10(pixels)=0.75
0.0510299956639812	285	2628	log2(tiles)=0.00 log10(pixels)=0.25
0.0950980400142568	86	2629	log2(tiles)=0.00 log10(pixels)=0.75
0	439	2630	log2(tiles)=0.00 log10(pixels)=0.00
0.0510299956639812	286	2631	log2(tiles)=0.00 log10(pixels)=0.25
0.0510299956639812	287	2632	log2(tiles)=0.00 log10(pixels)=0.25
-0.0598039199714864	4	2633	log2(tiles)=1.00 log10(pixels)=1.75
0	54	2634	log2(tiles)=0.00 log10(pixels)=1.00
0.021841606536499	1	2635	log2(tiles)=2.00 log10(pixels)=2.25
-0.0228787452803376	196	2636	log2(tiles)=0.00 log10(pixels)=0.50
0	440	2637	log2(tiles)=0.00 log10(pixels)=0.00
0.0510299956639812	288	2638	log2(tiles)=0.00 log10(pixels)=0.25
-0.0228787452803376	197	2639	log2(tiles)=0.00 log10(pixels)=0.50
0	441	2640	log2(tiles)=0.00 log10(pixels)=0.00
0.0950980400142568	87	2641	log2(tiles)=0.00 log10(pixels)=0.75
0.0510299956639812	289	2642	log2(tiles)=0.00 log10(pixels)=0.25
0	442	2643	log2(tiles)=0.00 log10(pixels)=0.00
0.0510299956639812	290	2644	log2(tiles)=0.00 log10(pixels)=0.25
0.0950980400142568	9	2645	log2(tiles)=1.00 log10(pixels)=0.75
0.0510299956639812	291	2646	log2(tiles)=0.00 log10(pixels)=0.25
0.0950980400142568	88	2647	log2(tiles)=0.00 log10(pixels)=0.75
0	443	2648	log2(tiles)=0.00 log10(pixels)=0.00
-0.0228787452803376	198	2649	log2(tiles)=0.00 log10(pixels)=0.50
-0.0228787452803376	13	2650	log2(tiles)=1.00 log10(pixels)=0.50
0.0950980400142568	89	2651	log2(tiles)=0.00 log10(pixels)=0.75
0	444	2652	log2(tiles)=0.00 log10(pixels)=0.00
0	445	2653	log2(tiles)=0.00 log10(pixels)=0.00
0	446	2654	log2(tiles)=0.00 log10(pixels)=0.00
0	447	2655	log2(tiles)=0.00 log10(pixels)=0.00
0	448	2656	log2(tiles)=0.00 log10(pixels)=0.00
0	449	2657	log2(tiles)=0.00 log10(pixels)=0.00
0	450	2658	log2(tiles)=0.00 log10(pixels)=0.00
0.0510299956639812	292	2659	log2(tiles)=0.00 log10(pixels)=0.25
0	451	2660	log2(tiles)=0.00 log10(pixels)=0.00
0.0510299956639812	293	2661	log2(tiles)=0.00 log10(pixels)=0.25
0	452	2662	log2(tiles)=0.00 log10(pixels)=0.00
0	453	2663	log2(tiles)=0.00 log10(pixels)=0.00
0.0281512503836436	12	2664	log2(tiles)=1.00 log10(pixels)=0.75
-0.0228787452803376	199	2665	log2(tiles)=0.00 log10(pixels)=0.50
0	454	2666	log2(tiles)=0.00 log10(pixels)=0.00
0	455	2667	log2(tiles)=0.00 log10(pixels)=0.00
0	456	2668	log2(tiles)=0.00 log10(pixels)=0.00
0.0281512503836436	91	2669	log2(tiles)=0.00 log10(pixels)=0.75
-0.0228787452803376	200	2670	log2(tiles)=0.00 log10(pixels)=0.50
-0.0228787452803376	201	2671	log2(tiles)=0.00 log10(pixels)=0.50
0	457	2672	log2(tiles)=0.00 log10(pixels)=0.00
-0.0228787452803376	202	2673	log2(tiles)=0.00 log10(pixels)=0.50
0	458	2674	log2(tiles)=0.00 log10(pixels)=0.00
-0.0457574905606751	53	2675	log2(tiles)=0.00 log10(pixels)=1.00
0	459	2676	log2(tiles)=0.00 log10(pixels)=0.00
0	460	2677	log2(tiles)=0.00 log10(pixels)=0.00
0	461	2678	log2(tiles)=0.00 log10(pixels)=0.00
0	462	2679	log2(tiles)=0.00 log10(pixels)=0.00
0	463	2680	log2(tiles)=0.00 log10(pixels)=0.00
0	464	2681	log2(tiles)=0.00 log10(pixels)=0.00
0	465	2682	log2(tiles)=0.00 log10(pixels)=0.00
0	466	2683	log2(tiles)=0.00 log10(pixels)=0.00
0	467	2684	log2(tiles)=0.00 log10(pixels)=0.00
0	468	2685	log2(tiles)=0.00 log10(pixels)=0.00
0.102059991327962	170	2686	log2(tiles)=0.00 log10(pixels)=0.50
0.0413926851582249	38	2687	log2(tiles)=0.00 log10(pixels)=1.00
0	469	2688	log2(tiles)=0.00 log10(pixels)=0.00
0	470	2689	log2(tiles)=0.00 log10(pixels)=0.00
0	471	2690	log2(tiles)=0.00 log10(pixels)=0.00
0.0510299956639812	294	2691	log2(tiles)=0.00 log10(pixels)=0.25
0.0510299956639812	295	2692	log2(tiles)=0.00 log10(pixels)=0.25
0.0510299956639812	296	2693	log2(tiles)=0.00 log10(pixels)=0.25
0	472	2694	log2(tiles)=0.00 log10(pixels)=0.00
0	473	2695	log2(tiles)=0.00 log10(pixels)=0.00
0	474	2696	log2(tiles)=0.00 log10(pixels)=0.00
0	475	2697	log2(tiles)=0.00 log10(pixels)=0.00
0.102059991327962	171	2698	log2(tiles)=0.00 log10(pixels)=0.50
0.0510299956639812	297	2699	log2(tiles)=0.00 log10(pixels)=0.25
0	476	2700	log2(tiles)=0.00 log10(pixels)=0.00
0	477	2701	log2(tiles)=0.00 log10(pixels)=0.00
0.0281512503836436	92	2702	log2(tiles)=0.00 log10(pixels)=0.75
0	478	2703	log2(tiles)=0.00 log10(pixels)=0.00
0	479	2704	log2(tiles)=0.00 log10(pixels)=0.00
-0.0228787452803376	203	2705	log2(tiles)=0.00 log10(pixels)=0.50
-0.0228787452803376	204	2706	log2(tiles)=0.00 log10(pixels)=0.50
0	480	2707	log2(tiles)=0.00 log10(pixels)=0.00
0.102059991327962	172	2708	log2(tiles)=0.00 log10(pixels)=0.50
-0.0872421683184259	9	2709	log2(tiles)=0.00 log10(pixels)=1.75
0	481	2710	log2(tiles)=0.00 log10(pixels)=0.00
0.0185139398778875	8	2711	log2(tiles)=0.00 log10(pixels)=1.50
0	482	2712	log2(tiles)=0.00 log10(pixels)=0.00
-0.0228787452803376	205	2713	log2(tiles)=0.00 log10(pixels)=0.50
0	483	2714	log2(tiles)=0.00 log10(pixels)=0.00
0	484	2715	log2(tiles)=0.00 log10(pixels)=0.00
-0.0228787452803376	206	2716	log2(tiles)=0.00 log10(pixels)=0.50
-0.0457574905606751	54	2717	log2(tiles)=0.00 log10(pixels)=1.00
0.102059991327962	173	2718	log2(tiles)=0.00 log10(pixels)=0.50
0	485	2719	log2(tiles)=0.00 log10(pixels)=0.00
0	486	2720	log2(tiles)=0.00 log10(pixels)=0.00
0	487	2721	log2(tiles)=0.00 log10(pixels)=0.00
0	488	2722	log2(tiles)=0.00 log10(pixels)=0.00
0.0510299956639812	298	2723	log2(tiles)=0.00 log10(pixels)=0.25
0	489	2724	log2(tiles)=0.00 log10(pixels)=0.00
0.0510299956639812	299	2725	log2(tiles)=0.00 log10(pixels)=0.25
0	490	2726	log2(tiles)=0.00 log10(pixels)=0.00
0	491	2727	log2(tiles)=0.00 log10(pixels)=0.00
0	492	2728	log2(tiles)=0.00 log10(pixels)=0.00
0	493	2729	log2(tiles)=0.00 log10(pixels)=0.00
0	494	2730	log2(tiles)=0.00 log10(pixels)=0.00
0	495	2731	log2(tiles)=0.00 log10(pixels)=0.00
0	496	2732	log2(tiles)=0.00 log10(pixels)=0.00
0.0510299956639812	300	2733	log2(tiles)=0.00 log10(pixels)=0.25
-0.0228787452803376	207	2734	log2(tiles)=0.00 log10(pixels)=0.50
0	497	2735	log2(tiles)=0.00 log10(pixels)=0.00
-0.0228787452803376	208	2736	log2(tiles)=0.00 log10(pixels)=0.50
0	498	2737	log2(tiles)=0.00 log10(pixels)=0.00
0.0510299956639812	301	2738	log2(tiles)=0.00 log10(pixels)=0.25
-0.0228787452803376	209	2739	log2(tiles)=0.00 log10(pixels)=0.50
0.0510299956639812	302	2740	log2(tiles)=0.00 log10(pixels)=0.25
-0.0969100130080565	66	2741	log2(tiles)=0.00 log10(pixels)=1.00
0	499	2742	log2(tiles)=0.00 log10(pixels)=0.00
-0.0228787452803376	210	2743	log2(tiles)=0.00 log10(pixels)=0.50
0.102059991327962	174	2744	log2(tiles)=0.00 log10(pixels)=0.50
0.0510299956639812	303	2745	log2(tiles)=0.00 log10(pixels)=0.25
0.0510299956639812	304	2746	log2(tiles)=0.00 log10(pixels)=0.25
-0.0228787452803376	211	2747	log2(tiles)=0.00 log10(pixels)=0.50
-0.0969100130080565	67	2748	log2(tiles)=0.00 log10(pixels)=1.00
0.0950980400142568	90	2749	log2(tiles)=0.00 log10(pixels)=0.75
0.102059991327962	9	2750	log2(tiles)=1.00 log10(pixels)=0.50
0.0281512503836436	93	2751	log2(tiles)=0.00 log10(pixels)=0.75
0.102059991327962	175	2752	log2(tiles)=0.00 log10(pixels)=0.50
0.102059991327962	176	2753	log2(tiles)=0.00 log10(pixels)=0.50
0.102059991327962	177	2754	log2(tiles)=0.00 log10(pixels)=0.50
0.0510299956639812	305	2755	log2(tiles)=0.00 log10(pixels)=0.25
0	500	2756	log2(tiles)=0.00 log10(pixels)=0.00
0	501	2757	log2(tiles)=0.00 log10(pixels)=0.00
0.0510299956639812	306	2758	log2(tiles)=0.00 log10(pixels)=0.25
0	502	2759	log2(tiles)=0.00 log10(pixels)=0.00
0.0510299956639812	307	2760	log2(tiles)=0.00 log10(pixels)=0.25
-0.0228787452803376	212	2761	log2(tiles)=0.00 log10(pixels)=0.50
0.0510299956639812	308	2762	log2(tiles)=0.00 log10(pixels)=0.25
0.0510299956639812	309	2763	log2(tiles)=0.00 log10(pixels)=0.25
0.0287536009528289	19	2764	log2(tiles)=0.00 log10(pixels)=1.25
-0.0510299956639812	117	2765	log2(tiles)=0.00 log10(pixels)=0.75
-0.0195510786217261	26	2766	log2(tiles)=0.00 log10(pixels)=1.25
0	503	2767	log2(tiles)=0.00 log10(pixels)=0.00
-0.0510299956639812	118	2768	log2(tiles)=0.00 log10(pixels)=0.75
0	504	2769	log2(tiles)=0.00 log10(pixels)=0.00
0	505	2770	log2(tiles)=0.00 log10(pixels)=0.00
0	506	2771	log2(tiles)=0.00 log10(pixels)=0.00
0	507	2772	log2(tiles)=0.00 log10(pixels)=0.00
0	508	2773	log2(tiles)=0.00 log10(pixels)=0.00
0.0510299956639812	310	2774	log2(tiles)=0.00 log10(pixels)=0.25
0.0510299956639812	311	2775	log2(tiles)=0.00 log10(pixels)=0.25
0	509	2776	log2(tiles)=0.00 log10(pixels)=0.00
0	510	2777	log2(tiles)=0.00 log10(pixels)=0.00
0	511	2778	log2(tiles)=0.00 log10(pixels)=0.00
0	512	2779	log2(tiles)=0.00 log10(pixels)=0.00
0	513	2780	log2(tiles)=0.00 log10(pixels)=0.00
0	514	2781	log2(tiles)=0.00 log10(pixels)=0.00
0	515	2782	log2(tiles)=0.00 log10(pixels)=0.00
0	516	2783	log2(tiles)=0.00 log10(pixels)=0.00
0	517	2784	log2(tiles)=0.00 log10(pixels)=0.00
0.0510299956639812	312	2785	log2(tiles)=0.00 log10(pixels)=0.25
-0.0457574905606751	55	2786	log2(tiles)=0.00 log10(pixels)=1.00
0.0281512503836436	94	2787	log2(tiles)=0.00 log10(pixels)=0.75
0	518	2788	log2(tiles)=0.00 log10(pixels)=0.00
0	519	2789	log2(tiles)=0.00 log10(pixels)=0.00
0	520	2790	log2(tiles)=0.00 log10(pixels)=0.00
0	521	2791	log2(tiles)=0.00 log10(pixels)=0.00
0	522	2792	log2(tiles)=0.00 log10(pixels)=0.00
0.0510299956639812	313	2793	log2(tiles)=0.00 log10(pixels)=0.25
0	523	2794	log2(tiles)=0.00 log10(pixels)=0.00
-0.0510299956639812	119	2795	log2(tiles)=0.00 log10(pixels)=0.75
0.0510299956639812	314	2796	log2(tiles)=0.00 log10(pixels)=0.25
0	55	2797	log2(tiles)=0.00 log10(pixels)=1.00
0	524	2798	log2(tiles)=0.00 log10(pixels)=0.00
0	525	2799	log2(tiles)=0.00 log10(pixels)=0.00
0.0510299956639812	315	2800	log2(tiles)=0.00 log10(pixels)=0.25
0.102059991327962	178	2801	log2(tiles)=0.00 log10(pixels)=0.50
0.0950980400142568	91	2802	log2(tiles)=0.00 log10(pixels)=0.75
0	526	2803	log2(tiles)=0.00 log10(pixels)=0.00
0	527	2804	log2(tiles)=0.00 log10(pixels)=0.00
0.0510299956639812	316	2805	log2(tiles)=0.00 log10(pixels)=0.25
0.0510299956639812	317	2806	log2(tiles)=0.00 log10(pixels)=0.25
0.0281512503836436	95	2807	log2(tiles)=0.00 log10(pixels)=0.75
0	528	2808	log2(tiles)=0.00 log10(pixels)=0.00
-0.0228787452803376	213	2809	log2(tiles)=0.00 log10(pixels)=0.50
0.0510299956639812	318	2810	log2(tiles)=0.00 log10(pixels)=0.25
0.0510299956639812	319	2811	log2(tiles)=0.00 log10(pixels)=0.25
0.0510299956639812	320	2812	log2(tiles)=0.00 log10(pixels)=0.25
-0.0967874862246563	3	2813	log2(tiles)=0.00 log10(pixels)=1.75
0.0510299956639812	321	2814	log2(tiles)=0.00 log10(pixels)=0.25
-0.103871964321762	33	2815	log2(tiles)=0.00 log10(pixels)=1.25
-0.0228787452803376	214	2816	log2(tiles)=0.00 log10(pixels)=0.50
0.0510299956639812	322	2817	log2(tiles)=0.00 log10(pixels)=0.25
0	529	2818	log2(tiles)=0.00 log10(pixels)=0.00
0.00514997831990605	4	2819	log2(tiles)=0.00 log10(pixels)=1.50
0	530	2820	log2(tiles)=0.00 log10(pixels)=0.00
0	531	2821	log2(tiles)=0.00 log10(pixels)=0.00
0	532	2822	log2(tiles)=0.00 log10(pixels)=0.00
0	533	2823	log2(tiles)=0.00 log10(pixels)=0.00
0	534	2824	log2(tiles)=0.00 log10(pixels)=0.00
-0.0228787452803376	215	2825	log2(tiles)=0.00 log10(pixels)=0.50
0.0281512503836436	96	2826	log2(tiles)=0.00 log10(pixels)=0.75
0.102059991327962	179	2827	log2(tiles)=0.00 log10(pixels)=0.50
0	535	2828	log2(tiles)=0.00 log10(pixels)=0.00
0	536	2829	log2(tiles)=0.00 log10(pixels)=0.00
0	537	2830	log2(tiles)=0.00 log10(pixels)=0.00
0	538	2831	log2(tiles)=0.00 log10(pixels)=0.00
0	539	2832	log2(tiles)=0.00 log10(pixels)=0.00
0	540	2833	log2(tiles)=0.00 log10(pixels)=0.00
0	541	2834	log2(tiles)=0.00 log10(pixels)=0.00
0	542	2835	log2(tiles)=0.00 log10(pixels)=0.00
-0.0969100130080565	68	2836	log2(tiles)=0.00 log10(pixels)=1.00
0.111727836017593	15	2837	log2(tiles)=0.00 log10(pixels)=1.25
0.0453229787866576	1	2838	log2(tiles)=2.00 log10(pixels)=2.00
0	543	2839	log2(tiles)=0.00 log10(pixels)=0.00
-0.0228787452803376	216	2840	log2(tiles)=0.00 log10(pixels)=0.50
0	544	2841	log2(tiles)=0.00 log10(pixels)=0.00
0	545	2842	log2(tiles)=0.00 log10(pixels)=0.00
0	546	2843	log2(tiles)=0.00 log10(pixels)=0.00
0	547	2844	log2(tiles)=0.00 log10(pixels)=0.00
0	548	2845	log2(tiles)=0.00 log10(pixels)=0.00
0	549	2846	log2(tiles)=0.00 log10(pixels)=0.00
-0.0228787452803376	217	2847	log2(tiles)=0.00 log10(pixels)=0.50
-0.0228787452803376	218	2848	log2(tiles)=0.00 log10(pixels)=0.50
0	550	2849	log2(tiles)=0.00 log10(pixels)=0.00
-0.0969100130080565	69	2850	log2(tiles)=0.00 log10(pixels)=1.00
0	551	2851	log2(tiles)=0.00 log10(pixels)=0.00
0	552	2852	log2(tiles)=0.00 log10(pixels)=0.00
-0.0228787452803376	219	2853	log2(tiles)=0.00 log10(pixels)=0.50
-0.0228787452803376	220	2854	log2(tiles)=0.00 log10(pixels)=0.50
0	553	2855	log2(tiles)=0.00 log10(pixels)=0.00
0	554	2856	log2(tiles)=0.00 log10(pixels)=0.00
0	555	2857	log2(tiles)=0.00 log10(pixels)=0.00
0	556	2858	log2(tiles)=0.00 log10(pixels)=0.00
0	557	2859	log2(tiles)=0.00 log10(pixels)=0.00
0	558	2860	log2(tiles)=0.00 log10(pixels)=0.00
0	559	2861	log2(tiles)=0.00 log10(pixels)=0.00
-0.0228787452803376	221	2862	log2(tiles)=0.00 log10(pixels)=0.50
0	560	2863	log2(tiles)=0.00 log10(pixels)=0.00
0	561	2864	log2(tiles)=0.00 log10(pixels)=0.00
0	562	2865	log2(tiles)=0.00 log10(pixels)=0.00
0	563	2866	log2(tiles)=0.00 log10(pixels)=0.00
0	564	2867	log2(tiles)=0.00 log10(pixels)=0.00
0	565	2868	log2(tiles)=0.00 log10(pixels)=0.00
0	566	2869	log2(tiles)=0.00 log10(pixels)=0.00
0	567	2870	log2(tiles)=0.00 log10(pixels)=0.00
0	568	2871	log2(tiles)=0.00 log10(pixels)=0.00
0	569	2872	log2(tiles)=0.00 log10(pixels)=0.00
-0.0228787452803376	222	2873	log2(tiles)=0.00 log10(pixels)=0.50
0	570	2874	log2(tiles)=0.00 log10(pixels)=0.00
0	571	2875	log2(tiles)=0.00 log10(pixels)=0.00
0.102059991327963	10	2876	log2(tiles)=0.00 log10(pixels)=1.50
-0.0228787452803376	223	2877	log2(tiles)=0.00 log10(pixels)=0.50
0	572	2878	log2(tiles)=0.00 log10(pixels)=0.00
0.0510299956639812	323	2879	log2(tiles)=0.00 log10(pixels)=0.25
0	573	2880	log2(tiles)=0.00 log10(pixels)=0.00
0.0510299956639812	324	2881	log2(tiles)=0.00 log10(pixels)=0.25
0.0510299956639812	325	2882	log2(tiles)=0.00 log10(pixels)=0.25
0	574	2883	log2(tiles)=0.00 log10(pixels)=0.00
0.0281512503836436	97	2884	log2(tiles)=0.00 log10(pixels)=0.75
0.0510299956639812	326	2885	log2(tiles)=0.00 log10(pixels)=0.25
0	575	2886	log2(tiles)=0.00 log10(pixels)=0.00
0	576	2887	log2(tiles)=0.00 log10(pixels)=0.00
-0.0739087409443187	5	2888	log2(tiles)=1.00 log10(pixels)=1.25
0.0510299956639812	327	2889	log2(tiles)=0.00 log10(pixels)=0.25
-0.0969100130080565	70	2890	log2(tiles)=0.00 log10(pixels)=1.00
0.00527250510330601	16	2891	log2(tiles)=0.00 log10(pixels)=1.25
0.0510299956639812	328	2892	log2(tiles)=0.00 log10(pixels)=0.25
0	577	2893	log2(tiles)=0.00 log10(pixels)=0.00
0.0510299956639812	329	2894	log2(tiles)=0.00 log10(pixels)=0.25
0	56	2895	log2(tiles)=0.00 log10(pixels)=1.00
0.102059991327962	180	2896	log2(tiles)=0.00 log10(pixels)=0.50
0.0281512503836436	98	2897	log2(tiles)=0.00 log10(pixels)=0.75
0.0791812460476249	45	2898	log2(tiles)=0.00 log10(pixels)=1.00
0	578	2899	log2(tiles)=0.00 log10(pixels)=0.00
0	579	2900	log2(tiles)=0.00 log10(pixels)=0.00
0	580	2901	log2(tiles)=0.00 log10(pixels)=0.00
0	581	2902	log2(tiles)=0.00 log10(pixels)=0.00
-0.0228787452803376	224	2903	log2(tiles)=0.00 log10(pixels)=0.50
0.102059991327962	181	2904	log2(tiles)=0.00 log10(pixels)=0.50
0	582	2905	log2(tiles)=0.00 log10(pixels)=0.00
0.0510299956639812	330	2906	log2(tiles)=0.00 log10(pixels)=0.25
0	583	2907	log2(tiles)=0.00 log10(pixels)=0.00
0	584	2908	log2(tiles)=0.00 log10(pixels)=0.00
0	585	2909	log2(tiles)=0.00 log10(pixels)=0.00
-0.0228787452803376	225	2910	log2(tiles)=0.00 log10(pixels)=0.50
0	586	2911	log2(tiles)=0.00 log10(pixels)=0.00
0.102059991327962	182	2912	log2(tiles)=0.00 log10(pixels)=0.50
0.0510299956639812	331	2913	log2(tiles)=0.00 log10(pixels)=0.25
0	587	2914	log2(tiles)=0.00 log10(pixels)=0.00
0.102059991327962	183	2915	log2(tiles)=0.00 log10(pixels)=0.50
0	588	2916	log2(tiles)=0.00 log10(pixels)=0.00
0	589	2917	log2(tiles)=0.00 log10(pixels)=0.00
0	590	2918	log2(tiles)=0.00 log10(pixels)=0.00
0	591	2919	log2(tiles)=0.00 log10(pixels)=0.00
0	592	2920	log2(tiles)=0.00 log10(pixels)=0.00
0	593	2921	log2(tiles)=0.00 log10(pixels)=0.00
0	594	2922	log2(tiles)=0.00 log10(pixels)=0.00
-0.0510299956639812	120	2923	log2(tiles)=0.00 log10(pixels)=0.75
0.0510299956639812	332	2924	log2(tiles)=0.00 log10(pixels)=0.25
0.0413926851582249	39	2925	log2(tiles)=0.00 log10(pixels)=1.00
0	595	2926	log2(tiles)=0.00 log10(pixels)=0.00
0	596	2927	log2(tiles)=0.00 log10(pixels)=0.00
0.0510299956639812	333	2928	log2(tiles)=0.00 log10(pixels)=0.25
0.0510299956639812	334	2929	log2(tiles)=0.00 log10(pixels)=0.25
0	597	2930	log2(tiles)=0.00 log10(pixels)=0.00
0	598	2931	log2(tiles)=0.00 log10(pixels)=0.00
-0.0228787452803376	226	2932	log2(tiles)=0.00 log10(pixels)=0.50
-0.0510299956639812	121	2933	log2(tiles)=0.00 log10(pixels)=0.75
0.0510299956639812	335	2934	log2(tiles)=0.00 log10(pixels)=0.25
0.0281512503836436	13	2935	log2(tiles)=1.00 log10(pixels)=0.75
0	599	2936	log2(tiles)=0.00 log10(pixels)=0.00
0.0510299956639812	336	2937	log2(tiles)=0.00 log10(pixels)=0.25
0	600	2938	log2(tiles)=0.00 log10(pixels)=0.00
0.102059991327962	184	2939	log2(tiles)=0.00 log10(pixels)=0.50
0	57	2940	log2(tiles)=0.00 log10(pixels)=1.00
-0.119788758288394	13	2941	log2(tiles)=0.00 log10(pixels)=1.50
0.0510299956639812	337	2942	log2(tiles)=0.00 log10(pixels)=0.25
0.0924226808222062	13	2943	log2(tiles)=0.00 log10(pixels)=1.25
-0.0510299956639812	122	2944	log2(tiles)=0.00 log10(pixels)=0.75
0	601	2945	log2(tiles)=0.00 log10(pixels)=0.00
0	602	2946	log2(tiles)=0.00 log10(pixels)=0.00
0.0510299956639812	338	2947	log2(tiles)=0.00 log10(pixels)=0.25
-0.0228787452803376	227	2948	log2(tiles)=0.00 log10(pixels)=0.50
0	603	2949	log2(tiles)=0.00 log10(pixels)=0.00
0	604	2950	log2(tiles)=0.00 log10(pixels)=0.00
0	605	2951	log2(tiles)=0.00 log10(pixels)=0.00
-0.0228787452803376	228	2952	log2(tiles)=0.00 log10(pixels)=0.50
0.102059991327962	185	2953	log2(tiles)=0.00 log10(pixels)=0.50
0	606	2954	log2(tiles)=0.00 log10(pixels)=0.00
0	607	2955	log2(tiles)=0.00 log10(pixels)=0.00
0	608	2956	log2(tiles)=0.00 log10(pixels)=0.00
0.0281512503836436	99	2957	log2(tiles)=0.00 log10(pixels)=0.75
0.0510299956639812	339	2958	log2(tiles)=0.00 log10(pixels)=0.25
0.102059991327962	186	2959	log2(tiles)=0.00 log10(pixels)=0.50
0.0510299956639812	340	2960	log2(tiles)=0.00 log10(pixels)=0.25
0.0510299956639812	341	2961	log2(tiles)=0.00 log10(pixels)=0.25
-0.0228787452803376	229	2962	log2(tiles)=0.00 log10(pixels)=0.50
0.102059991327962	187	2963	log2(tiles)=0.00 log10(pixels)=0.50
0.0510299956639812	342	2964	log2(tiles)=0.00 log10(pixels)=0.25
0.0510299956639812	343	2965	log2(tiles)=0.00 log10(pixels)=0.25
-0.103871964321762	7	2966	log2(tiles)=1.00 log10(pixels)=1.25
0.101258348719075	1	2967	log2(tiles)=1.00 log10(pixels)=1.75
0	609	2968	log2(tiles)=0.00 log10(pixels)=0.00
0	610	2969	log2(tiles)=0.00 log10(pixels)=0.00
0	611	2970	log2(tiles)=0.00 log10(pixels)=0.00
0	612	2971	log2(tiles)=0.00 log10(pixels)=0.00
0	613	2972	log2(tiles)=0.00 log10(pixels)=0.00
0	614	2973	log2(tiles)=0.00 log10(pixels)=0.00
0.00514997831990605	5	2974	log2(tiles)=0.00 log10(pixels)=1.50
0	615	2975	log2(tiles)=0.00 log10(pixels)=0.00
0	616	2976	log2(tiles)=0.00 log10(pixels)=0.00
0	617	2977	log2(tiles)=0.00 log10(pixels)=0.00
0	618	2978	log2(tiles)=0.00 log10(pixels)=0.00
0.0510299956639812	344	2979	log2(tiles)=0.00 log10(pixels)=0.25
0	619	2980	log2(tiles)=0.00 log10(pixels)=0.00
0	620	2981	log2(tiles)=0.00 log10(pixels)=0.00
0.102059991327962	188	2982	log2(tiles)=0.00 log10(pixels)=0.50
0	621	2983	log2(tiles)=0.00 log10(pixels)=0.00
0	622	2984	log2(tiles)=0.00 log10(pixels)=0.00
0	623	2985	log2(tiles)=0.00 log10(pixels)=0.00
0	624	2986	log2(tiles)=0.00 log10(pixels)=0.00
0	625	2987	log2(tiles)=0.00 log10(pixels)=0.00
0	626	2988	log2(tiles)=0.00 log10(pixels)=0.00
0	627	2989	log2(tiles)=0.00 log10(pixels)=0.00
0	628	2990	log2(tiles)=0.00 log10(pixels)=0.00
-0.0510299956639812	123	2991	log2(tiles)=0.00 log10(pixels)=0.75
0	629	2992	log2(tiles)=0.00 log10(pixels)=0.00
