x	y
-0.306491617054091	0.510668308818691
-0.281853028207278	0.341297970546844
-0.495710568179942	0.657700703490137
-0.0277845027814054	0.0342603856115054
-0.146946704657706	0.199958500929863
-0.27916438266253	0.356564041459443
-0.59655817805844	1.20593154844529
-0.0554642454596338	0.0546945258571332
-0.325136915989732	0.267848571617572
-0.0109866874364851	0.0102187580072839
0.132162927420479	0.155708581168364
-0.185377041826318	0.250044773128303
-0.496089692555523	0.923538515894525
-0.451065955723552	0.715102523969922
-0.26290960055642	0.325014762777034
-0.761094670073444	1.25444720609538
0.042632003025458	0.046472821064139
0.195140049217087	0.225103300662097
-0.486410650856723	0.783574099094321
-0.480051989557326	0.758452450361949
-0.19467661853008	0.230236618999691
-0.538057666434246	0.810254292910141
0.290594515653977	0.416245101846286
-0.519575346876361	0.972216446754838
-0.0357625225984106	0.0383268655899125
-0.325169148341792	0.411759346963315
-0.50299971154842	0.799342076849827
-0.156845209104342	0.209810068399482
-0.426880433483818	0.696789882183421
-0.234432333727497	0.288682333264443
0.287196826730563	0.392824825027467
-0.704054108453067	1.04409808428968
-0.0677064764285593	0.0660336228948982
-0.0175724102111096	0.018129460753521
-0.132198982968324	0.14298498459955
-0.745764084942763	1.18520134346417
-0.0195582063169989	0.0178446721211445
-0.346839448503676	0.557155131259615
-0.160146635900101	0.222708321525299
-0.0624189290325012	0.0663826739148788
-0.0903536349099641	0.0926650297892493
-0.206264450344926	0.255367025143157
0.3223773621518	0.366521953347193
0.385992139918217	0.650096238258574
-0.409556834208451	0.556260056719859
0.381384141392348	0.51790349469019
0.127459483997834	0.143607772534301
0.0181820120746553	0.0165528999870425
0.0612605053393287	0.0594768747871879
-0.444167065078218	0.652344083997534
-0.477422857818785	0.643510422764151
-1.03072387074393	2.02793930278023
-0.605127580346782	0.760534754474359
-0.195565705601816	0.256020236621475
-0.011693926462121	0.0119601049620441
-0.215104731214362	0.273924199766935
-0.190519474572352	0.27103064467905
0.278787578077304	0.410714667879295
-0.305312255588566	0.455006910896516
-0.21924126789983	0.255423448081952
0.0839432770840157	0.0990418769609296
-0.414365310978275	0.676829297447578
0.0577496510538651	0.0542598811095757
0.0504040738063933	0.0366494066610211
-0.780053779967205	0.848071598924407
0.139782262536825	0.10707550059546
0.308576022297665	0.262693795049753
-0.2249579526878	0.179580903492667
0.272821818831617	0.241887013067083
-0.463186213030438	0.317246753519725
-0.220419662796071	0.27304117722824
-0.196511426587814	0.204348823568629
-0.672524166194752	1.15407463559918
0.00737864074459939	0.00813991972697774
-0.110030568366799	0.138999054725768
-0.577750232674265	1.01369447016853
-0.296461612864239	0.490012989817016
-0.260920149545427	0.382669428430507
-0.42273047820235	0.780137343910943
-0.0620445900139867	0.0701309571003256
0.0144515305378475	0.0159207834665335
-0.248616539701175	0.326130273882667
-0.19344756775946	0.229552701875099
-0.0730113476119734	0.065083104677385
0.217804882820411	0.230709494988003
0.0670125615003121	0.0646707131768445
0.041211262552247	0.0283999840336882
-0.180986190354319	0.175667320852445
-0.292994940036412	0.292477902682987
-1.53917711119866	2.67041234445876
-0.261720191361939	0.22361610632308
0.168183495878744	0.157047618534845
-0.846371680680626	1.4957509310085
-0.0978229440744955	0.100562743109626
-0.513586083122001	0.817537265516928
-0.0423043229832933	0.042571900103386
-0.176161458497961	0.221381289703088
-0.462456677106593	0.802930915980254
-0.211767018259653	0.284541566221632
-0.0294023392069451	0.0274762318502732
0.00237277235935762	0.002751888093017
0.561684572084883	1.14512604603372
-0.0534355269981999	0.0679975192187798
0.104596834864604	0.119844400695194
-0.277690707283779	0.401024283487556
0.139321711903372	0.159617463435072
0.0999699101255676	0.131224172001
0.288020557915014	0.47053533049389
-0.217896530596023	0.222170070919284
-0.286393511382058	0.28451175768316
-0.276417466300242	0.256913088569497
-0.108962410049235	0.0835829117026567
-0.773912498941934	0.737873859959082
-0.192654610462048	0.138813101436773
-0.117992375970366	0.10981442890701
-0.142557455672335	0.103005809625336
-0.845069750474852	1.1188637682944
-0.400830655023316	0.359892582186814
-0.52320080093351	0.494643014213284
-0.886199220071455	1.07713706522488
-0.408646874410721	0.298931390172066
-0.511008884126332	0.548284082276698
-0.401433727826444	0.416051878400651
-0.135872159686218	0.126274297069147
-0.411446176924868	0.636452212403307
-0.553840436633322	0.980266918675836
0.0430899364519362	0.0418378412722308
-0.381428472117977	0.520784351987396
0.0787488139738993	0.09312180117043
0.381928300874961	0.571735934908814
-0.20541302940018	0.268840936076623
-0.0626804389826381	0.0669606293190162
0.413004382487153	0.626362011592356
-0.764672852772525	1.5221573865564
0.106632323222154	0.100685889494524
0.163510754286521	0.160227977709188
-0.362366816638427	0.415092564337369
0.322912702684622	0.369271196241796
-0.142652904000846	0.114833901600881
0.176423650376357	0.167776769306864
-0.0899992491637407	0.086532251355828
-0.596222334968171	0.72002236853704
-0.304333528486671	0.327945852019432
-0.427487679947995	0.443731589516158
0.156740823656533	0.136314971572895
-0.444570472280619	0.603377308046482
0.153736273651108	0.134194130751279
-0.147185170644582	0.143529484161549
-0.193058532961365	0.168824230550045
-0.25123478276525	0.19677386309504
-0.0551347196668068	0.0446556883668672
0.383428336038559	0.602538101950893
-0.232230243911016	0.286680210587899
0.46317718801331	0.547456427319377
0.112036909122324	0.108909518306514
0.202549524013913	0.246882509143074
0.292466942303624	0.421705162406158
0.483560674614207	0.781421957601519
-0.718935720917431	1.11358447892369
-0.396448554696171	0.51954043003313
0.319480856580336	0.396326191301834
-0.047787873774927	0.0504392432018782
0.19723628419785	0.234697810528496
0.390089829022724	0.494274399802188
-0.0671031256546186	0.0712036669290234
0.343766561974483	0.442833081592013
-0.437607073036782	0.610430013575307
-0.362284109519562	0.520588282383978
-0.0901427489064723	0.0870587659530263
-0.0783781036004481	0.0673009912482247
-0.88346678345719	1.1765697685135
0.214094081545155	0.216943140509647
-0.831636521479568	1.44224364195027
0.386789705579373	0.447913472558988
-0.103022445490699	0.0871432789421449
-0.356526856068187	0.428159418704262
-0.241965396329819	0.29118686503235
-0.553398715762356	0.283926108414316
-0.456584388718954	0.197922002730223
-0.0423157512072995	0.0337571542701045
-0.650931697721663	1.04050845891065
0.0307269227246021	0.0203436370380768
-0.141707437136153	0.10552057624696
0.0764238606133623	0.0600316703731984
0.0562541767423856	0.0526526910226148
-0.114398183563339	0.10832471269729
-0.333892584869462	0.322969792983276
-0.979594852744455	1.48335820825466
-0.195197514555366	0.156964198749036
-0.309966898976192	0.409945832465036
-0.0288270150283298	0.0290478919975048
0.434488940132258	0.606069506103622
0.0851830506722044	0.0928064532329761
-0.0928270879564217	0.0963910696048517
0.0296306385694319	0.0317407608127367
0.107787050217442	0.121861048464596
0.0675772906898885	0.0614832878337294
0.200870385687964	0.241054701146466
0.0552797608830955	0.0499555670536975
-0.0558842644007788	0.0506107908127211
-0.720231657199606	1.1628695933326
-0.14261666902711	0.159881680105228
-0.531131747539966	0.663114496552167
0.0692155027048046	0.0674725343916349
-0.425027688442174	0.497772192782215
-0.0834079901680228	0.0563966385878291
-0.415172165336326	0.599963683370106
0.0230319979525645	0.0214880960888697
-0.0207557948178428	0.0119575025300642
-0.0295034844055239	0.0245041495153063
-0.616466392390057	0.923681557803182
-0.989407330126511	1.07962295337705
-0.331864877988958	0.28074698294575
0.046479442383794	0.0403020766458575
0.0989561379461246	0.0911513402520357
0.221743901347891	0.205519191519305
-0.730977263590378	0.926723881710747
-0.144548822241833	0.131943724333227
-0.139605303336218	0.126558084151242
-0.297600224492253	0.373445262595606
-0.0546389519584416	0.0580589971985684
0.0330037940410181	0.0346205544138424
0.0896893522017138	0.109834905707025
0.1411256475233	0.155691821364116
-0.184321105332585	0.215365221594894
0.217664153103968	0.295817199991718
-0.452158632453304	0.793323109672354
-0.223239656236855	0.296120091477316
-0.0754343130692049	0.0846154822614532
0.128214930460394	0.143260923772317
0.135273845468266	0.161136862944996
-0.408921616401782	0.617039852660789
-0.146252365870813	0.181761369123449
-0.198819675827638	0.238804876724062
-0.171080770037579	0.182901462627222
-0.101138393457126	0.0857664116086178
0.00155250140547507	0.00134065240894598
-0.105168400997167	0.0789174749328044
-0.0649623185817284	0.0730625707707141
0.0158255276276237	0.01516715435978
-0.0653354891167333	0.0622790641875848
-0.300929938104397	0.448138183594638
-0.0195216338775947	0.0206431296579755
-0.326948737550688	0.405501493622913
0.237941658325358	0.143746974346984
-0.479782778441583	0.652266165489819
-0.239821415004592	0.261871766854833
0.73106312654185	0.655234174775455
-1.80374831853445	2.33549264450144
0.301773954881934	0.364845489448891
0.828977866175032	1.29998863931785
0.149657883293028	0.150684739263776
0.459463685401581	0.624408187079673
0.37395813500982	0.44618304228216
-0.123331363986062	0.104198244837406
-0.213890798549304	0.277512333944726
-0.145899320383755	0.176970527125823
-0.0238131866913064	0.0260560081690254
0.229350258593436	0.313596975859853
0.171271076187566	0.207090857974779
-0.158407365192279	0.19164941989386
0.0799510222318202	0.091536114256411
0.305147112330114	0.415334719256582
0.477508152680658	0.83855632852365
0.357796603298885	0.512515136214609
0.677293310817962	1.41087345377205
0.555376749352696	0.9447534066753
0.376236743862716	0.513597297094253
0.296888292024695	0.427628760276432
0.305040292717306	0.381439733625823
-0.327594264070831	0.459089411663645
-0.786267398877716	1.06867153683755
-0.441401687723965	0.339782931444589
-0.0760999225070589	0.0750194379523336
-0.651385956989399	0.979332308891037
0.130699866585044	0.102286747021196
-0.0301663583858727	0.0276124419587953
0.0340865937451353	0.0379591567016493
-0.0847601509933238	0.100320224308649
-0.160074869127741	0.188344237702504
-0.222677396161789	0.286469602556306
-0.0158811185999209	0.0160001444533832
-0.224983255030603	0.179959829934386
-0.153172747796404	0.154295630600635
-0.118530959687743	0.110056346877253
-0.0685696376651009	0.0537466533163292
0.481708036813876	0.466048849769305
-0.358936139209702	0.452379767409859
-0.0995666304246026	0.0960076923283014
0.382786982553716	0.526173077034141
0.282512832636478	0.273444447549396
0.167141005527022	0.166265678646249
0.0157555079769668	0.0125407620320435
-0.211358906267986	0.274484086031231
0.170616365671745	0.216691397935156
0.069949550924765	0.0760317435367548
-0.262707291639839	0.374272259512779
0.100391551704285	0.108821281939837
0.302105031192032	0.478802084990968
0.303986674086202	0.50081879318137
0.177937691613796	0.201429934286766
-0.475590520650364	0.836142983448512
0.258187400967321	0.375749456368935
-0.0197711425171076	0.02022862002041
0.161998254294684	0.203283503210734
0.546319812764151	0.915548258880224
-0.0646060184385316	0.0746654261328117
-0.309347780228704	0.483018545574235
-0.0871363546538327	0.091017515085755
-0.420648867912673	0.55852731580967
-0.313452639562901	0.307963400570664
-0.601132211462708	0.965957319099972
-0.38665136867312	0.578041640496251
-0.158469316879475	0.207632151913933
-0.00738005652182034	0.0069977436309797
0.17053265714521	0.16647970900164
0.675857560313603	0.870573490945727
-0.106557191434802	0.108162362917042
0.205628972253357	0.276640550117989
0.0439337203214277	0.0473356587447303
0.139752317264003	0.179177091672777
-0.70424485858161	1.20818535692952
-0.12598051285661	0.139374592444401
-0.372884176560312	0.487378292742412
0.0833727872379972	0.0842684360305565
-0.368550740169766	0.298335789767568
-1.09282409694954	1.37400645818399
-0.66782414158197	0.785042057592726
0.331358355621642	0.435235607718414
1.19708066693401	2.2445869209114
-0.124990307455102	0.126090426658645
0.263108914935612	0.267404341617643
-0.512377319847574	0.402142175432973
0.307493788103552	0.433354592154536
-0.442748667538239	0.723871341050173
0.228077835176346	0.319414778577277
0.492574855112252	0.918572707237606
0.0189186262715383	0.0190069177589118
0.866741865130919	1.97486182480665
0.0134201692705206	0.0149892829527227
-0.160068492461146	0.171216677815391
0.00221522754081998	0.00213772135956235
0.312581844092575	0.466508964309652
0.112041212743931	0.119193908391009
-0.767298326216348	1.60692095223262
-0.648926339551939	1.12086105364855
-0.37508324853542	0.58826679823127
0.247579461454286	0.330220917631122
-0.0283513656791235	0.0303367933148489
-0.561289401836983	0.846591567393369
-1.15310553166051	1.53931296563135
-0.26178792305884	0.177947872253946
-0.00703426297353407	0.00509899098952053
0.415414594144597	0.52121115769099
-0.721090816701861	1.20102475300954
-0.0148369894690651	0.0159316479902679
-0.47528109035646	0.833141562781993
0.4449724448131	0.686000776962579
0.211309258013753	0.217770757494811
0.0292311464009297	0.0233054406663823
-0.516891803630281	0.619840524606449
-0.0344234307377154	0.0378608971355344
-0.0522285775479228	0.0552215689150409
-0.162893425932499	0.181666991457031
-0.260126880715736	0.296811074975185
-0.220301426665545	0.259528051168794
0.0927440964153765	0.104278133435568
-0.115439647111802	0.123306579844872
-0.281162058706561	0.33048278086972
0.209895653827152	0.242628279434704
-0.268860803270119	0.373156745398234
-0.0834573418545063	0.0815144216482381
-0.519453149971135	0.478401687852784
-0.0998173569252029	0.0484155473043909
-0.171344302940915	0.138758881173665
-0.195746764357112	0.228575650067959
-0.0945301718552955	0.0910091439754758
0.415723314303209	0.359701571964994
0.440194812715782	0.448833886333834
-0.153246232647364	0.141189884183548
-0.674885161095996	0.987142458061589
-0.14684043888109	0.14245871867876
-0.69415570433053	1.08152701896738
0.597379650498793	0.755418959757986
-0.162897857630599	0.14758830410809
0.127963182667053	0.162371194789761
-0.194981916925973	0.243121065779046
0.165567432153706	0.203791314912386
0.403496959250377	0.696995868935203
0.130148553852284	0.147800191250023
0.0405749737793356	0.0450854500824191
0.151480339677983	0.208082319009013
0.433147709670438	0.752874679398995
0.123593592607493	0.143112649757165
-0.246864483984839	0.316511949232955
0.0338452588236793	0.0389388577174956
-0.0313257720282227	0.0290206821584049
-0.444332530231188	0.572744837059437
-0.564161520475587	1.12902622035952
0.0557624166941588	0.0597088277088435
0.184258061175282	0.197791789686832
0.26201028776223	0.285252793594122
0.134583628276957	0.0997263944171747
-0.400068100140361	0.242862993717738
-0.192336882353611	0.138140425753406
-0.527709993578763	0.873490479035151
-0.0953636606486381	0.0821356440966637
-0.372628543024741	0.412610692900847
0.70911424199486	1.51002978037
0.0170419509579566	0.0189129549264816
-0.530970062195155	0.946752516820853
0.56362808289292	1.0771351048366
-0.13184777350876	0.142363876306529
-0.51319192698836	0.658874415858186
0.600130012198494	0.822218966158911
0.255295922995148	0.422262050653096
-0.575350234964447	1.10772705661157
-0.225128616656425	0.297011492008716
-0.0719722963288509	0.0759374265235206
-0.0409995711978295	0.0448389759819299
-0.300261635358684	0.393843241438565
0.119453613280045	0.146217947190166
0.0665729338673023	0.0755114023839816
-1.20074173988817	1.67847458218985
-0.710163243013835	1.05910723240528
-0.318812765517466	0.36340925196385
-0.38494670059346	0.532611845789325
0.153037940071069	0.158795315884526
0.31328311598536	0.249165924000559
0.793302119841498	1.21812532989294
-0.156589308611996	0.155295247587599
0.119062646495059	0.126041613890287
-0.220558402346821	0.244786485983238
-0.22731232951742	0.28433718189297
0.483559436817151	0.58651229499133
-0.40790940232844	0.497003118217201
0.341738562198415	0.532650139415705
0.0972779891443683	0.118205014989121
-0.857294968181979	1.92255503640334
0.50202513285914	0.987170172762566
-0.234081182705649	0.321744532127635
0.147801474608714	0.213818750585207
0.270937690301746	0.425841501216455
-0.343103316045367	0.510110701290685
0.354717411547453	0.583546786577378
0.272490748508539	0.39907208158527
0.0100547850622292	0.0107811273597139
0.281061088190568	0.417630055793061
-0.00942941124092444	0.0110736131879545
0.435874506111266	0.750439418378482
0.0748354863228657	0.0827945845598732
0.0319659679523975	0.0343343400357467
-0.342613397258461	0.47210518363949
-0.370066811842448	0.40900901245623
-0.0675677803489806	0.0347566650964283
-0.349366585858923	0.526793646337171
0.231997362289838	0.217225130255319
0.102038071478162	0.0927275904350699
-0.113805193419799	0.130053500461337
0.0561867500501133	0.0667452515022895
0.47936072432773	0.884743839084907
0.254060232985551	0.34494716500439
0.121738636798606	0.12379226575714
0.272992371325359	0.27703388575903
0.0561289985792724	0.0492863794506612
-0.0559083612286625	0.0621360371985093
-0.040365445331034	0.0453543212435867
-0.366204981823413	0.506744155834177
-0.20738435514101	0.230417859525809
-0.198715367285235	0.200219646622059
0.260386052282375	0.341726365146963
-0.159561357702858	0.190669184630931
0.166053112487224	0.169845607403937
0.115174043123996	0.0699189204429167
-0.435734446075879	0.37950241842117
-0.690228093413095	0.861133080617971
0.353869866183882	0.452109134580553
0.619045771001204	0.901036747350538
0.0960417293957162	0.085867717337322
0.301570797551003	0.356390008047792
0.707088080687979	0.851577059825091
0.304817034987152	0.445740349133233
0.0153674222799569	0.0177462546079621
-0.282535011396749	0.428138636035379
-0.0148539805790051	0.0169889366553566
0.0580029599305535	0.0604421763378826
-0.20759310867192	0.277034593753457
0.00963655892609234	0.0103741294573639
0.360806072137744	0.542648846820039
0.386376840165672	0.673217538411464
-0.0637910621015717	0.0722766234351943
0.519776321472904	0.774738171030549
-0.515326116148093	0.885506502082433
0.1698958231446	0.217712972513129
-0.509177248573866	0.903475063755102
-0.124428154561003	0.143857288928257
-0.358296944208255	0.543950733937814
-0.731155870237874	0.898129843277599
-0.553875616157617	0.953847278519746
-0.604562436690237	0.514583937922909
0.337144115427859	0.349937430356044
0.0545900459408618	0.0555015792683741
0.325248922420074	0.487932178599527
-0.0352519041276457	0.0419257909924226
0.15308927213041	0.18060293699581
-0.0137333587881176	0.012859473526329
0.563841656608131	0.577256749876392
-0.0569697037351956	0.0450465507476922
0.0355065948946793	0.037598098381561
-0.221054128142761	0.277743697525368
-0.246839543052915	0.329996755126424
0.000922380679850976	0.000864271781951523
-0.154631667877427	0.153133414345801
0.0416388094028929	0.0365275361343881
-0.656887532553258	1.08359296051283
-0.0611199629949405	0.0598196039698616
0.00839369381801767	0.00781071395002067
0.0365170669618511	0.0349322652833122
-0.298932124496688	0.20077408945681
0.307432923435246	0.344545983476876
0.134839441916695	0.160153653221994
0.616904870417247	0.491289567475768
0.542293310035645	0.571656934510496
-0.298466335106396	0.361258976308268
0.882042548404348	1.08418200687918
-0.00155723228642674	0.00147497378860467
-0.251843398765666	0.254897559829774
0.650876144655586	0.775448557763523
-1.07870814045373	1.67669116300727
-0.188452547614934	0.248189839980532
-0.248610566126358	0.368877472718328
0.167025559983503	0.2136828353041
0.069404773009213	0.0847341042842522
-0.104414110235682	0.105320540386845
0.226152282906216	0.310268717052729
0.333537934338723	0.571245212389312
0.367333595943057	0.575920288412614
0.300817846888307	0.463394935099044
0.0103088870933453	0.0108544385489796
-0.121618044998484	0.145697597285141
0.0307504343780687	0.0314950384123315
0.370027901146817	0.552226553116611
0.350627776582283	0.565940522038184
-0.557053086769061	1.03440133626285
-0.274884122750558	0.368496875114509
-0.201561420526657	0.157538018849512
-0.300857601133938	0.395820706918463
-0.466532087445049	0.686763462642378
-0.684983478070414	1.35483801352631
-0.496120586549273	0.608234517295287
-0.383161884593131	0.430027815265524
-0.551902697742181	0.586972137075496
-0.0891539997755797	0.0784431293996349
-0.179549597439703	0.175873560263326
-0.070938973826224	0.0820132306920776
0.0313825534923948	0.0342563407704972
-0.323117963345934	0.408596922084497
0.21497788321674	0.238832966979094
1.17004877450373	1.28607615894154
-0.432477633662625	0.409982778053398
-0.485691527782339	0.877615019576741
0.372176673238005	0.570047514125243
-0.0307085982282946	0.0341032716935958
-0.205502572427368	0.298058938651171
-0.530802685082122	0.802055487611182
-0.231904664376291	0.309289540135145
-0.377564239830855	0.487940490183404
-0.310584702751795	0.369318454290287
-0.416383793975332	0.53723460728392
-0.752980094094293	0.580618550305636
-0.472569277432819	0.545006521079425
-0.360311327771874	0.498238693986188
-0.530325040421928	0.945324370584555
-0.306721055322484	0.462505057398008
-0.101501537412924	0.102704706351008
0.214089821802016	0.216628628639444
-0.363983720186072	0.377546136767203
-1.11682680058715	1.1438581381797
-0.513589320595163	0.402057214896802
-0.0899992491637407	0.086532251355828
-0.0194281455788569	0.0180623169237155
-0.269294991765489	0.232343716680417
-0.0899658770521043	0.0698884821422245
0.401247605586036	0.446125840103459
0.423047089321904	0.543252546592548
-0.167178157910076	0.170162414345312
-0.926139105440954	1.41074758111738
0.080713259258737	0.0693980295542028
-0.569510106285371	0.603211837417082
-0.10344023104464	0.112687945215894
0.363253110532124	0.562438270069574
0.0783956555177339	0.094667564610696
-0.190589982659871	0.261360869862621
0.123255869801374	0.139534805260112
-0.248948552889529	0.340719428284137
-0.129194388221315	0.158615718935271
0.00747090008570854	0.00704473449019286
0.265855158818535	0.358814785167261
-0.142516594971585	0.164064511567991
-0.158308998991353	0.19208487615309
-0.298127946673058	0.388507919053679
0.439838149690652	0.671252444342729
-0.00718527086827986	0.00782306443985682
0.122685536823897	0.132330288189142
0.254966838001235	0.330619009789252
-0.561753963619104	0.850528417279458
-0.229174066999831	0.178788094002941
-0.0505443233122156	0.0269308047416634
-0.445756017267958	0.351953574334842
-0.226773695124344	0.268868344695038
-0.322725084019972	0.474409492980411
-0.737411000106658	0.989315850167866
-0.177774561250981	0.21335472569955
-0.271165296394004	0.332978319218194
-0.0177948279758535	0.0162363232000223
-0.200877517839758	0.179435154815398
0.26357041809755	0.293411073971108
0.0607357343216479	0.0576245300941513
-0.503361209285617	0.876339462971212
-0.281905257165989	0.439075620528986
-0.605807034080714	1.21613131624436
-0.239662995570371	0.22863711288307
-0.488058152316231	0.523731900163378
-0.218856383008193	0.226705196352838
-0.291160536482849	0.403201263197428
0.0286049320146567	0.0306223075198091
0.601929239245674	1.04196666476333
-0.404862649769382	0.603459216739937
-0.00458565127071513	0.00428924225578565
0.086642919206871	0.0883516468276666
0.258701385856624	0.313828333103325
-0.0719176727508485	0.0774364927667192
-0.199137023860412	0.236760321928961
0.0455126944520511	0.0394894552481313
-0.676650607565571	1.07381691048921
-0.229676515783556	0.249788663488982
-0.628772102659985	0.74400291048989
-0.0830593286540086	0.0873228354077753
0.0102495733272619	0.01093158298422
-0.498675126622053	0.782173624920024
-0.0780418244943986	0.0758087678037746
-0.0158156232702046	0.0160388521440821
0.12690736284788	0.138571471859759
-0.224398544279138	0.258799961209477
0.375126855686428	0.356599592415953
-0.346851630502298	0.2211014461966
-1.22535606516647	0.701883429352783
-0.389073420062896	0.490044188386465
-0.0553346876678587	0.0542896979399046
-0.602080804266106	0.510050345302883
0.478756941396687	0.473218072114133
-0.618867456363002	0.928458740602251
0.335483448074261	0.429795786302771
0.665399103794266	1.01128759421715
-0.808504890108812	1.30360208220042
0.211563150552011	0.211795311140111
-0.112627319940108	0.0861536331399595
0.081310782021323	0.100062044676658
-0.135412205251223	0.17732325347846
0.739783858017552	1.5160769782036
0.218307002048573	0.316023744542041
-0.180917691151375	0.199308885832751
0.214396777510923	0.316915810053802
0.077370294505297	0.097229434662932
-0.401304482679796	0.615685283744813
-0.0273263966398013	0.0299060440604599
-0.121631782156331	0.154172790004719
-0.384765411847476	0.613462346215702
0.163397213443102	0.187221676610521
-0.160678939838836	0.173487898483619
0.237120227897398	0.361218498593088
-0.155812035281608	0.188696734540173
-0.0430194334190299	0.0426583303233069
-0.379781490318639	0.451028829218191
-0.0503864093298286	0.0350287493063237
-0.558171604990789	0.51133240393543
-0.269957351724119	0.319091029560864
0.584433101101675	1.13055189125461
-0.0314154429541236	0.0315627028861601
0.201863287135262	0.260552361179142
0.00688591008795944	0.006951420815208
0.0481206398413739	0.0490064088727007
-0.188849197304136	0.233315965148139
-0.263253911613299	0.400784771625191
0.0367798037121447	0.0407738592054313
0.17717680385389	0.22418814486018
-0.104319088470582	0.128314523811794
-0.634210562621099	1.21249805669209
0.523901328835656	0.751135925772523
-0.28304700219654	0.410402410463124
0.0122595969284201	0.0106326679004603
-0.0161621348277879	0.0161785858089676
-0.232991894788241	0.287133012199896
-0.135168677023923	0.151824039453339
-0.509612806218763	0.767030337580562
-0.41984224057866	0.708515040675074
-1.0144719179828	1.37619620379917
-0.364366671632244	0.534880081282363
-0.545098609742923	0.708530736417737
-0.43589299569142	0.421476329303361
0.00445466631975256	0.00417756913706253
-0.338028473321728	0.464616080639727
-0.0431817624868462	0.0457786667588442
-0.0400722827428133	0.0417917173097197
-0.405637699726662	0.576910450568582
0.550079449912739	0.917188464898316
-0.213449994884054	0.252672340860334
0.265084956284738	0.354439114825929
-0.89910089938383	1.4503824865127
0.222642032524133	0.190101621515777
0.315851762120966	0.355672415851998
-0.252193345744632	0.323633727162924
-0.259833802190814	0.350229331455949
-0.90893344218627	1.40242604566118
0.0167780682742103	0.0154863168111534
-0.224705693254362	0.31311469643197
-0.112130966399178	0.139784912313715
0.0317167318008842	0.0335906655424942
0.255958087968831	0.296229587817877
-0.425600233393402	0.600732000694394
0.0144956845569371	0.0143015533931209
-0.592062236138855	1.18298016162515
-0.255718239301967	0.346158411938284
-0.164683512775033	0.194653089448746
0.0577007403702127	0.0607749493195751
-0.0287600528208147	0.0255308573690115
0.0688289101923958	0.0676539061099495
0.0741649365945882	0.0834239723918064
0.435361301211545	0.501918532056099
-0.00288215285023531	0.00269652248429094
-0.979080891531082	1.77690450060591
0.279402350910665	0.400742944287211
-0.261849857459214	0.316174545612216
-0.136233124551993	0.137987210494273
-0.109152147033055	0.119686307205816
0.225830707537368	0.243062602002403
0.161732975404872	0.185736781506405
-0.53425718496236	0.666327882361158
-0.239997858587524	0.208941839725023
-0.91821630742398	1.43260859349501
-0.245410586301133	0.325968114138432
-0.128249404077502	0.140367071207198
-0.4115424854765	0.597245060592353
-0.0857075072786687	0.11128460091233
-0.155644916797412	0.211415357667792
-0.0856771127857035	0.121866161728299
0.0011223865506783	0.00120618494740343
-0.168818558557603	0.228596622431448
-0.0856558885451492	0.114652163828843
-0.1368923853353	0.19051925083356
-0.26937942016477	0.509964107770947
0.0243575389778657	0.0273217573366997
-0.198610643028237	0.293561073194909
0.18268797206119	0.223662636338276
-0.23623370378659	0.301255017249514
-0.0682196338785345	0.0706103731152046
0.129044066551199	0.136561854541402
-0.207396440231204	0.245081604397248
-0.179994890427244	0.246709565854307
-0.76115752664409	1.41228366085241
-0.516408597872759	0.944998106117819
0.506674646550443	1.0018483784639
-0.0124663021254229	0.0127972872010915
0.280796037950433	0.387594419994583
-0.0353492369058235	0.0383798352976066
-0.197476134159336	0.220178813257413
-0.688578299108985	1.16327642291253
-0.069462402599729	0.0764359471623159
0.242870284902538	0.319094222215939
0.575033271020859	0.924718701495931
-0.439384722525434	0.636900334206487
-0.0493241519873963	0.0574344155309418
0.162110117383938	0.216275940143989
0.160095025495645	0.185541385944127
-0.289789366440591	0.450498187624305
0.0931666569427521	0.115176817830218
0.132730086348413	0.171260295662198
0.0706548054587602	0.0813949573904234
-0.113105791272235	0.1422094312687
0.29717908305397	0.440106458342386
-0.115738528395355	0.151600621288738
0.0268634888204794	0.0343499118522247
0.20409011340138	0.250151922091299
0.111007649432359	0.106112270884217
-0.0062086707625537	0.00527839501591756
0.0989854488887112	0.113152489133468
-0.201956009100652	0.196482354679117
-0.184394464945659	0.200677625956269
0.43355197594544	0.611566989877301
0.0264102127262844	0.0248393960121193
-0.124289370865498	0.14281602954978
0.261313415416065	0.277702714631401
0.390231526163218	0.503283349486148
-0.217835449728431	0.209298356596372
-0.551033375806754	0.730975808044463
-1.38952084046872	3.14199942835617
0.282250208668166	0.29196947449063
-0.00100503785159176	0.00075518155722903
0.336652978803093	0.442445621559217
0.284295890107678	0.399016004649877
-0.0617815814648223	0.0693018608736857
-0.0638063895880575	0.0656037710798805
-0.421592987019646	0.68211800277487
-0.157098826608575	0.199586636388215
-0.0385058322309725	0.0411376951631138
0.817411502818666	1.22338637544947
0.106022536645971	0.121969972517175
-0.214764418654596	0.265711352559626
-0.00818522991912916	0.00769853802370596
-0.204117922903612	0.229763660663209
-0.870182072638233	1.18239023871793
-0.627071236728781	1.01469293055026
-0.56145964907646	0.777553081865699
-0.293877582213682	0.315542334979411
0.482655725991349	0.802643208162055
-0.506490711745436	0.809971383502932
-0.170466494109172	0.19242959625642
-0.0199220879145989	0.0185943990388437
0.28863759652154	0.351795389517328
0.0307821770998245	0.0242389819146736
-0.258370224830256	0.318465748277748
-0.230518821886964	0.235149500198324
-0.532313537028266	0.362901098360337
-0.453698263864104	0.583618288394693
-0.237880167261957	0.272896082617925
0.0466120316349599	0.0498138334380986
0.180696009407845	0.227421664052353
0.194351316623155	0.22858371722531
0.0734107247386718	0.0705621123155549
-0.121733735169358	0.129417990863947
0.474732592747468	0.542594997868345
0.394529401157522	0.362268576910087
0.62242915973026	0.4989125750558
-0.351099912719968	0.246988197499364
-0.243766967609892	0.29922668547229
0.696111143336921	1.35643059531537
-0.604161837709467	0.64281318765647
-0.388523716917353	0.337734218812581
0.249811816135226	0.302698420005229
-0.0085342106973154	0.00876169761952206
-0.0589554987917526	0.0526463701887953
-0.686247606905841	1.06857565722541
0.0224013771696131	0.0210541074594426
0.101246286185038	0.0926488366882951
-0.145426178378697	0.181569562449122
-0.00536586846039743	0.00447291043943718
-0.0167333200814047	0.017997364933175
-0.0479178169844017	0.0549028231141847
-0.22945399450274	0.2782033353351
0.861494193131126	1.59464846049521
0.313529518993439	0.504758472592551
-0.084481153018135	0.0804616065644754
0.354941099218901	0.522841144734465
0.34157496673527	0.514079327243461
0.21360211465124	0.230357726694417
0.332610807687219	0.455612025705037
0.402839926015749	0.523375484265791
-0.166410605173645	0.214847803773557
-0.290482589424646	0.329420047000242
-0.00615229755986166	0.00579775080009946
-0.696886654678052	0.951896480242569
0.0524688579799883	0.0374848715675313
-0.00740792101842126	0.00440369800540837
-0.334818137958809	0.301756370556223
0.146188304242501	0.134379911279268
0.078946268206405	0.08264853964084
-0.424665798634622	0.610018734790419
0.115642459252131	0.115751472403693
0.000825044534003154	0.000821719474159462
0.277095070872901	0.453419786074082
-0.226924655092872	0.343844350564092
-0.161168260095073	0.222642795469734
-0.0274686313990597	0.0291655366940463
-0.403177653285516	0.707337953674143
-0.177772919811568	0.200810795844847
-0.331636306808277	0.578037013292384
-0.287803343869685	0.401521131921519
-0.243084110003205	0.283496436360764
-0.0191272283028491	0.0190313700519488
-0.0728962984797889	0.0861192500080955
-0.4486902827924	0.625942793680821
-0.547183738978814	0.762206669043903
-0.525664710610851	0.857150180617266
0.177325352448732	0.220997215906032
0.00248869530351837	0.00276332098310725
-0.219175033493687	0.296016378573728
0.604014326444626	0.980515691159333
0.0970638763939223	0.108799865962382
0.0949739575915752	0.104861673823162
-0.134641824629868	0.151187949601393
-0.116624865821251	0.119820489256168
-0.274676945394157	0.278422539515075
-0.0414224559294298	0.037201066310393
-0.148479764207211	0.195073369248056
-0.289099246928275	0.414810790644502
-0.260097227301987	0.331074203049945
-0.366583425738074	0.596195223015612
-0.11258799006749	0.154551473828553
0.0991574462470791	0.125561798337001
-0.0914171497517351	0.116686418873946
-0.337702021080048	0.510820615284231
-0.238620540707195	0.319217487224213
-0.225587460044858	0.289672422544571
-0.0930433117947076	0.116036933209537
-0.0144362806937452	0.014596493206846
-0.270002964502307	0.338313928307844
-0.0521818517732187	0.0496583810358466
0.207211971543641	0.221670268894673
-0.149389493628412	0.18833024337749
0.268587564041144	0.359428017109029
-0.0529988363625629	0.053254755831874
-0.179284733769838	0.214883232053169
-0.205028998441584	0.251040618356964
-0.031389503529615	0.0286434917540219
-0.274447352393306	0.368229356811043
0.056359857898408	0.0529467210992108
-0.0102963024424095	0.00945913438286566
0.0288018816788494	0.0236108177918599
-0.162048453414326	0.173566402031824
-0.124488884961462	0.141838453427839
-0.00588043928959047	0.00600599799653542
0.0471130973591459	0.0420328791814173
-0.00500118035162391	0.00467374678405693
-0.232217817747354	0.270198675957054
-0.0131894955468122	0.0141719672264878
-0.708745949380752	1.20846024758304
-0.12180168502618	0.114200847649472
-0.216395728692923	0.265254126251623
0.395842235295452	0.685097494298384
-0.152589990089616	0.210619742946915
0.898181243246396	2.33490473953991
0.121018499897659	0.177426097394559
-0.449178018058184	0.857319543646104
-0.119672380281582	0.167571482864887
-0.270135481068205	0.475742807103828
-0.270387735592907	0.405266162735194
-0.0705873423649326	0.0673046770813287
-0.407666448198823	0.555160462970823
0.0918125874275026	0.109320310723765
-0.0203293674940924	0.0207155714518923
-0.550847994186019	0.946617538893422
-0.175821585135753	0.247523508661992
-0.459500881819343	0.749861741735593
-0.0889456138627512	0.110250805609801
-0.20280651669697	0.307453389678483
-0.392768867808531	0.663442195963884
-0.324941858181112	0.432542798358885
-0.0640759462029028	0.0707709272802808
-0.308366671273091	0.331348327936465
0.00838366900486054	0.00786771645798173
-0.424107632247683	0.59987708367494
-0.385681107505077	0.521601649012701
-0.574200669577119	1.02720433896826
-0.450776142902638	0.845898424317315
-0.278332254199836	0.408374977216302
-0.391881902824895	0.701203095545176
-0.175727002814556	0.263611468010362
-0.311169906649346	0.534604560178086
0.325109287751374	0.52458139915005
-0.300537329667	0.478361380198635
0.318053138294	0.560921210689239
-0.248506705933621	0.335596726019554
0.187404194669092	0.217377860868575
-0.45440650633472	0.52666131270484
-0.605506390981485	0.83601801644265
-0.374225275883576	0.444157323383669
-0.212722121304255	0.202740238506705
0.463278059331575	0.684516932542634
0.0866560989370931	0.0780368133795844
0.202773151384696	0.203019956223027
0.210291368585576	0.182355866190137
0.15917061791697	0.15018808506348
-0.356176309119766	0.420561565490813
-0.376081086924938	0.491454153183538
0.044632445644926	0.043219548416795
-0.0504885155043862	0.045217034713839
0.701884038245186	1.05809025364022
-0.374697946550763	0.385313358219675
-0.377264239616415	0.525643200233825
0.0488409308816684	0.0571994690533297
0.0311831823875153	0.0311652252098767
-0.669927020145715	0.925227941632914
-0.273970607229497	0.405521522309924
-0.0539221362611259	0.0664695755761621
-0.34889050033281	0.597383179012262
-0.346340091568833	0.498375103961828
-0.413709020675313	0.612393614005119
-0.0528901757949267	0.0515290775548092
0.427521119738492	0.603155310049325
0.253568358576175	0.322411768486798
0.060674951745751	0.0708980573285431
-0.232669938606524	0.314189044516925
-0.608318895303391	0.765689701025171
-0.6670358532064	1.20669509334882
-0.104461056887274	0.119657016776835
-0.549717698162037	0.899357191952051
-0.0558144436472242	0.0636788065614422
-0.241785493920716	0.22595174133289
-0.251278508972458	0.342227997728189
-0.156127375348009	0.186412415389636
-0.188258749002908	0.214275631893285
-0.352279516509442	0.418959750510949
-0.154754105259958	0.152687013839187
-0.115784718649122	0.0850050500796271
-0.0165998711941603	0.0153906078429173
-0.0126992415939231	0.0115326441388472
-0.0709408899077435	0.0801492875824859
-0.063285445335045	0.0681442616639461
-0.516982321640751	0.816683156172103
-0.228099936653227	0.213787790642384
-0.293491310051281	0.274048495675692
0.690426528066701	1.25083259043856
0.172921357882278	0.219235564355286
-0.0707930330934853	0.0742303044415579
-0.694801972066416	1.05691341840446
-0.81897202605865	1.51866856059122
-0.704114233984423	1.18050092136047
-0.159710788996673	0.199819201679956
-0.0999209153876787	0.112286008010725
0.649286886743883	1.07032274569442
0.122938094362723	0.131920823941206
-0.389840536252349	0.505998036150822
0.0245038078190166	0.0264043303013874
-0.193969062280591	0.252231414203535
0.123314178990753	0.128379546039573
0.286427443508005	0.38473164141171
-0.0173884882467327	0.0189361489698241
-0.541180534291857	0.755623167670941
-0.177667517607494	0.198386409883402
0.253711730200626	0.303823249670621
-0.0907889371069781	0.10006072742656
0.0437290258521851	0.0440589041458641
0.0721290750929495	0.0873278413180086
0.018044584757732	0.0181813028448338
-0.0924773939468823	0.0707654330234244
0.090949341793904	0.0973115079879735
-0.113078076578978	0.10672074002853
0.00683201610627079	0.00583265241978642
0.0254408399069616	0.0316218051232323
-0.204082115688911	0.313952959179856
-0.266766258372772	0.467629514475414
-0.799540512625028	1.32773361518074
0.159340337987434	0.210175077863868
-0.591967672658286	1.10987787754608
0.115749795998647	0.150331391660819
-0.0931685171118628	0.101651341392225
-0.0763988265786888	0.0813435268190059
-0.0137271924401045	0.012542883225924
-0.0475864287342155	0.054052386036896
0.152456580018693	0.164572495685952
-0.0637634100496251	0.0569805306613043
-0.355236802287099	0.483597016255622
-0.290873305519821	0.435356124573251
-0.519385056953461	0.916819896339393
-0.351228131513182	0.48786241127233
-0.208359198461107	0.281456659539732
-0.363176911196093	0.447928358391247
-0.192813200551591	0.153240430426877
-0.273044425609683	0.295182449158539
0.0245449565375707	0.0258822760870357
-0.0483727305851578	0.0515905248590986
-0.181308717562068	0.21559788433933
-0.172534402808687	0.21172303273399
-0.407919862798479	0.605019013364791
-0.129831166173791	0.138234292248427
-0.569821025233647	0.52905667398267
-0.247853957599717	0.217249058284698
-0.179867059940797	0.177711703040911
0.546698974606479	0.868562446444221
-0.150925933397276	0.169654098312229
-0.249390181479695	0.272926176404544
-0.170406148384158	0.154403276086232
-0.256201747638343	0.358262682147002
-0.402929854788061	0.638766301437113
-0.0529695437936774	0.0660375294318999
-0.183579692960726	0.239772749859877
-0.0588097483033947	0.0722766345685666
0.0113046493828963	0.0140117183833903
0.0446187279358723	0.0554714424164694
0.11535721850627	0.137868310947603
-0.175127102848948	0.239572689679493
0.0988469070558332	0.124336837688855
0.186833047305804	0.274012991206332
0.584299997746503	1.2412678712649
0.194778448701229	0.247630659550288
-0.0105300512808901	0.0131564989438563
-0.407418122959863	0.685644396719798
-0.225605910639921	0.312081286921281
0.0169817489561103	0.0153819508594543
-0.577591376972441	0.571363534980664
0.00807625845911995	0.00837173954328623
0.33115535535433	0.466791797924136
-0.133585759471247	0.149728411517316
0.00709613600845226	0.00812401433178088
-0.418401010129931	0.671320602077224
0.0534065164368879	0.0769604307524277
0.0246695784013895	0.0331677948968519
-0.0143386534750959	0.0189205897644811
-0.314408467957522	0.531761513939243
-0.386580151046292	0.486823915522028
-0.227815142194679	0.31216303379521
-0.157422282066717	0.169172535419388
0.108087515150553	0.10522927384394
-0.564062745154806	1.11039889309286
0.169245799841524	0.164808598218517
-0.855810135324581	0.960347904697678
-0.320231535844115	0.431444329209347
-0.399400809421856	0.355799524340969
0.0393359611884466	0.0278896168356406
-0.0695488743157682	0.0554797538317917
-0.0221683628460641	0.0226632809373862
-0.577140983305836	0.441933978901454
-0.0996071402689273	0.0914658128371408
-0.358831050613758	0.416799905616725
-0.639726286652233	0.791870539098366
-0.308022165467439	0.473606880288572
0.0120989335915026	0.0133168528944296
0.085009240737795	0.100333508971249
-0.0837261066945884	0.11436779092107
0.00642119199237693	0.00747238997278572
-0.0483367846951149	0.0624750657054223
0.09782238752007	0.132715462773286
-0.405946887260621	0.650773183918438
-0.657979439413216	1.66666561553476
0.26637981478074	0.359969617539738
0.389857462828637	0.675095808596155
0.231313718450471	0.324274648338447
-0.258661422599114	0.343620401200031
-0.446707424380142	0.75548942934227
0.592537750754569	1.35262011721999
-0.948533117891426	2.02893151956015
-0.135972827634508	0.152058214486099
-0.721699722206355	0.803551672580505
0.203857021575462	0.266612277593788
0.0244587203789978	0.0235437445702848
-0.433252956548301	0.772801560404396
0.0974474606721514	0.143644098100662
-0.194148478164176	0.318913697609611
0.501190166754242	0.973568957515216
-0.265802316156864	0.307722966793612
-0.0791425493604344	0.0814999096421055
-0.143119058041595	0.173380225577897
-0.292270652483883	0.469649326656482
-0.240234419825976	0.313481394239542
0.16449137215881	0.164782718995496
0.0129884568312479	0.0141608867615212
-0.127136528589924	0.127146401892404
-0.209879540658134	0.203510946918148
-0.0031577015002627	0.00272853811618118
-0.108603681887871	0.0832651577743031
0.0215019134622643	0.0199620750883353
0.0545554641291927	0.0557382761962043
-0.0848998340126709	0.0977036765299877
-0.308258176687831	0.508746278651865
-0.476662940670016	0.688989409821996
-1.04519647630953	1.75885803237285
-0.0748128501775153	0.0589657887158348
-0.198452580747195	0.176530953803256
-0.307957553039614	0.453438060136076
-0.216571013890128	0.2577027577108
-0.161183461941242	0.185474244006018
-0.268864677724928	0.271044443310725
-0.120640727272882	0.150538898643434
-0.23923705551804	0.31872465285144
0.242660069205204	0.400190938218561
0.430212579033433	0.760543519923782
0.0506599692640669	0.0585149237358654
0.345984343137132	0.602328225086157
-0.105995559407176	0.140631824112391
-0.0232919797524565	0.0271090137542503
0.65424681969125	1.54654098050208
0.479419786581599	0.940847036769254
0.439576911237923	0.819382514625863
0.187179383280349	0.235272104805526
-0.162704365224023	0.221761591476503
-0.0972749126228945	0.125951788854683
-0.462349570343805	0.861162739007518
-0.160294172931414	0.221198274282502
-0.0230410021520642	0.0245270768870363
-0.217930829202608	0.189952675304696
-0.115905527182283	0.0858124019820728
-0.0230296917108902	0.0259035779717376
0.0848187886041562	0.113872753814364
-0.0261034448580606	0.0332928525727379
0.203028827654495	0.327711246908572
0.14407640950964	0.192663824925059
-0.159402337230196	0.181963105174976
-0.0114478765763275	0.0114652730802703
-0.278802518872731	0.388806695256913
-0.150002865342585	0.197520683453439
-0.434080291411693	0.609519421659877
-0.740397801935991	1.47396404752048
-0.091895178887704	0.0939118847510194
0.0448451799488871	0.037672965979784
-0.0108661402536819	0.00916210502093179
-0.400830655023316	0.359892582186814
0.0952831221987153	0.103439941590508
-0.218357061207751	0.225091078973093
-0.394969122256948	0.505574496344837
-0.319727745416206	0.390367084415706
0.335695004032554	0.346132413027559
-0.147206697251564	0.0924789293881578
-0.322044674935516	0.340932473467712
-0.320690562427671	0.383268407939414
-0.171932412294605	0.155656017493549
-0.41166202455119	0.468026186997764
-0.436492539932586	0.413330596316155
-0.263927440403917	0.384427590211099
-0.1626826116557	0.205450469918046
-0.34002633889237	0.513167350160881
-0.464122903864085	0.791214442083972
0.136552683989619	0.169575101834866
0.0170309684632886	0.0193339914862673
0.00148972634181844	0.00169016337677923
0.299437917783419	0.438895878489046
0.0390718839077907	0.0468361258750254
-0.537214386112835	1.01702987829427
0.0711845054635254	0.0797757102783809
0.607066711447736	1.22229871628865
-0.328314057298923	0.48953630047241
-0.217945759569183	0.322132275588576
-0.340149743630245	0.469993995859727
0.0482392569476099	0.0592048736059665
-0.371871161840118	0.553121565752623
-0.765710714821832	0.853812785837538
-0.168564141038694	0.252900607757238
0.0630187838010392	0.0775559394146051
-0.0530645358094521	0.069939392907807
-0.381583699643972	0.684153251367919
-0.410702461151301	0.605442876172502
-0.413173762674221	0.399007767172799
0.156345963681347	0.185146666400578
-0.0398285298101257	0.0445752510282544
0.0556310576126827	0.0577578760305797
0.141608837005553	0.172904626790254
0.154510930456087	0.203496063613699
0.0233457607209715	0.0218702582318888
0.148543891652271	0.145381490471549
-0.104203774214384	0.121547613443634
0.393062892833315	0.519516868762157
-0.07152130346867	0.0595530900299034
-0.327045380135554	0.347998452956954
-0.0743507243977127	0.0582552229879637
-0.212431924785315	0.222163566759258
-0.396432997320754	0.488480159591488
-0.0847614307090249	0.077652886510285
-0.257927408751551	0.222650815003188
-0.355368191276041	0.291740375759812
-0.402635959955577	0.540557776661504
-0.310771703785871	0.430534177688847
-0.826808389988295	1.2580952761869
-0.500048581299112	0.629228901836405
-0.210448556170322	0.245609455216914
-0.792203074533416	1.26461303193305
-0.605222314042185	0.761642590763321
-0.000196270971007936	0.000222928268203359
-0.165879671374536	0.196874765354273
0.162989516977489	0.209300761419398
0.232639036290267	0.3576419081096
0.000362887840511967	0.000343414220486869
0.251158118296258	0.414401479435
0.204061790714488	0.311267139951646
-0.423287878066486	0.62860078616012
-0.0860186088870873	0.108605439020498
-0.0388145655370919	0.0396534288765911
0.32788884423728	0.496777963444124
-0.660071474526042	1.3450385416382
-0.268260207454604	0.372822881793008
-0.323733662042623	0.530284484311612
-0.231533750445833	0.335414279400364
0.190747160542258	0.271287836848652
0.0361481872242938	0.0343903772992529
-0.706403658119528	0.736368017940604
-0.407668038810091	0.803869608115802
0.53768130159412	1.05216804120931
0.0810764858875085	0.116849845421642
0.0127656080214678	0.0150901289746604
0.213054405465863	0.361612784162689
0.391467625885863	0.64806995384148
0.716476815712156	1.37708783422469
0.16216102090009	0.165522503335204
0.0490047935119136	0.055612727787937
-0.5720969328072	0.870193576898347
0.180696391179599	0.222672759052615
0.621266272254119	1.0758897626532
0.198396959223849	0.250233944286005
-0.0311236505551433	0.0318617697990691
0.0805867030318562	0.0846107102248864
0.25442461337299	0.286242281859744
-0.471583466364923	0.824914479368701
0.0688818210388027	0.0652676739129674
0.0453963026393183	0.0404464523579842
0.0895757890618178	0.0764922982231265
0.076941465469777	0.0607259321368935
-0.309687034839766	0.366867227553019
-0.541349523607738	0.827841231113899
-0.116165599099457	0.110196855234098
-0.366297383763687	0.266649276597638
-0.283016646338157	0.262298411458764
-1.12671183431538	2.19111297840041
-0.395761454507677	0.494469728123234
-0.477908499746758	0.584082385015216
-0.721122927958452	0.858230416609384
-0.653815038103315	1.12758469136201
-0.059611047604258	0.0657050132010115
-0.438812247160497	0.696477822173725
-0.0269828312899316	0.0312069239834514
0.692537246871658	1.2528338601129
0.151741169989635	0.200350454922876
-0.122563290917177	0.170859786965274
-0.128826364954136	0.152502385876173
0.500518386740802	0.925685969203273
0.0366964329379684	0.0407697326551163
-0.442996481347145	0.648973879728814
-0.0639908321449633	0.070080119863803
-0.126788952920516	0.145348783904348
-0.0961897355310608	0.122321983991249
-0.508008368533007	0.759048241017208
0.00355554226166738	0.00369972169922671
-0.301573068484213	0.420419953082252
-0.00645477454058819	0.0081154932170709
-0.0112144098903587	0.0140746245687733
0.192999822938453	0.29780596729666
-0.266500741628439	0.43145359113394
0.182503758933439	0.286350898384143
0.0188067902455925	0.022616683432355
-0.2391167802454	0.320534156797393
0.00565248776855925	0.0050287057738477
-0.527221403033345	0.857057194016639
-0.279142162978219	0.409382316543975
-0.245748482595829	0.387998091099582
0.470288302191612	0.763814371778576
0.215125534811006	0.28594254515496
0.465346549742628	0.724373909960598
0.0410732964649948	0.0402100254626259
0.214986751252546	0.208318925017778
0.0298131284171188	0.0335330349607755
-0.509841130673938	0.684857539288271
0.261685814737118	0.267198568880216
0.119666628924428	0.114406887835366
0.335514732715361	0.339569566258241
-0.120325474046661	0.112581251305968
0.168577511933846	0.182218020794053
-0.396163144001145	0.488524272029311
-0.512341809745499	0.748013255132143
-0.29268757743469	0.406138951033793
-0.138013053880849	0.15504331301033
0.0306253226828982	0.0325951041537936
-0.426873450453286	0.529541234898848
-0.335032615164408	0.306272605211743
-0.585882546692805	0.578287255599106
-0.17721445162368	0.166187793207105
-0.318136283208838	0.483929153049273
0.0682074925473476	0.0766122562219868
-0.0638417755883673	0.0725234688020511
-0.497888917178533	0.94623576995689
-0.568690497246542	1.04058529119593
0.0701897317254637	0.08000417925944
0.475445961149031	0.948760047050153
-0.0891891955523412	0.0932502835665225
0.413126534946653	0.686779473072359
0.10884304485372	0.133482077506928
0.115735771934707	0.139977190781919
0.702452871663487	1.4805712299659
0.17821104424553	0.22585337049135
-0.248524435787265	0.403086837212658
0.307404658543655	0.43607195191837
-0.255328003012823	0.333202118300796
-0.309258145283234	0.448161037064049
-0.85526991143102	0.972260970624119
-0.547851829495197	0.544293667612524
-0.493341194805256	0.638994046627237
-0.258568175075497	0.257556193833704
-0.416398631847174	0.539074304112125
0.0140127478017714	0.0103794106236309
-0.328522201303646	0.351358959270462
-0.339687993375858	0.386066348293398
-1.02699890196172	1.77562430853887
0.363241523496632	0.4276993436511
0.339871413332452	0.358718734370024
0.401610352641737	0.365097519885308
-0.469719328412065	0.268225677691262
-0.0885672443763218	0.0689619188478031
0.35567200589124	0.347871637226344
-0.972291747969201	1.21415473761475
-0.171941921187866	0.138302636152593
0.447909503973639	0.363459011348442
0.106116979534172	0.0677531613908781
-0.629940292382295	0.700852912003745
-0.46652781773932	0.321587342295363
-0.0299525518508945	0.0213543056326381
0.218322660000411	0.176910785016797
-0.84929628088798	0.797170768043096
0.347988555113221	0.256707718922653
-0.154710947934748	0.0633510190919511
-0.320455458618799	0.268922969215493
-1.28964522271415	1.66501685632199
-0.975999034287128	0.809830456552952
0.304215614132037	0.267802067036723
-0.692866781653917	0.642815826068326
-0.948866943846151	0.927568674883522
-0.97630385482385	1.1810178064268
0.0982219217817221	0.0597174230519177
-1.29345566000625	0.959583942131742
-0.449641007525451	0.445126286632769
-0.685373216848181	0.55178611213808
-1.07502862560269	0.979480198489828
0.149413090267805	0.121877048103341
0.389222349761062	0.353901178315102
-0.395222391503588	0.410328490075489
0.658940668492455	0.871442698936773
-0.771961170666419	0.800773286002011
-0.121379308990282	0.114689936172814
0.295167541322487	0.266983976143196
-0.200151880352857	0.177389780617117
0.0643849208178333	0.0604992385801289
0.108215513980633	0.0974086768734012
0.464458200404322	0.449428492924085
-0.415344253523588	0.480617019134234
0.00437288269468795	0.00347812148584381
-0.0346894771728056	0.0247390626001293
-1.58796889890734	2.63891779594096
-0.751951497812124	0.531534090359685
-1.34671841719862	1.64148857848183
-0.0286928703068574	0.0204055238685698
0.647943463097526	0.780102953913417
-0.0218438382258576	0.0156563944418102
0.13422294729982	0.103666488019167
-0.308258642209479	0.227330056991146
0.609792401145503	0.761045937022918
0.612553239854464	0.670438275319308
-0.421503109405574	0.296608043980623
-0.371148905372599	0.17258597203462
0.378731502494563	0.255664750221729
-0.319764501868637	0.23996036674867
0.576185322624316	0.47903915749754
-0.761621876641439	0.672492689319305
0.843622720216827	0.661136830411707
-0.179917149057935	0.109583215200897
0.663303875026187	0.525087165624723
1.21261064517182	0.638717036632062
0.337170515824578	0.267375193604352
-0.12013703549993	0.0538821582550206
0.897563648673859	0.55743365754398
-0.0359898903905286	0.0204846467735071
0.332067273630355	0.146581105132076
-0.126213202857492	0.0552242075112247
-0.150012573878363	0.0928550325478347
-0.354450761134347	0.2909890774012
0.080204055609142	0.0365950529503105
0.410228081791106	0.257248122913197
0.718413805550039	0.536652005694874
-0.625084191596421	0.391235974973755
-0.0538940041477505	0.0288370019580841
-0.668473014562383	0.534669939201064
-0.157668561899892	0.0639689133777527
-1.55326877890641	0.55787764416848
-0.664864888914227	0.694114780547088
-0.117610109411967	0.0510135225062148
-0.859246947242412	0.747384993822068
-0.724309433699009	0.432243556819534
-0.160574180390745	0.117267026356828
-0.185824011477735	0.111083103307513
-0.536386624394792	0.361506735160294
-0.871551321772108	0.656685784900785
-0.183226534595758	0.111361965971313
-0.524042594679983	0.482334947345974
0.109550429738904	0.0655504477034344
0.125363852726294	0.088141741575132
0.24031027564407	0.179728524421229
-0.50859437036796	0.401590011726759
-0.358339150561452	0.293114839573232
0.124511725338081	0.0925465696302063
0.324981098403066	0.270057380699306
0.0017923620811565	0.00114810514395142
-0.980525024468254	0.820230448338019
-0.762534085373659	0.620649808273815
-1.03644003104857	0.521913518182784
-1.04696771316681	0.524180112219831
-1.08802298405304	0.441732681372279
-0.295792277149039	0.197942131473248
-0.776676432102564	0.740286776295985
0.619575277810907	0.510779367974755
0.955631470585008	0.837754535306854
0.500820822107712	0.377869739096829
0.48140870027126	0.267817293310809
-0.604264173269844	0.514148794665793
0.535972379993337	0.383676808369216
-0.834070495362336	0.371482951323193
1.00415537815398	0.482946202618562
-0.469881838299861	0.273594003056729
0.335013731803448	0.148638462639069
-0.12013703549993	0.0538821582550206
0.544873249286214	0.273482132369071
-0.262124283059281	0.140807366796976
-1.03999619136926	0.523182957130856
0.0933750863322391	0.0313248687657662
-0.207173367943097	0.0763232828711131
0.0920103399530692	0.0463031668474519
1.51346491823825	0.7438385311345
0.105890886238133	0.031571173120284
0.383384494523392	0.153227399949693
-0.456783564833195	0.19638023438628
-0.37091373813818	0.175241278893481
-0.257614188510826	0.142469372974847
-0.292726962388571	0.186221451714202
0.0903010117159295	0.0298892808364189
0.10917603414718	0.0322776843956711
-0.667850779532945	0.328823170510823
-0.17901811832592	0.108384474162778
-0.579755773491192	0.224427191828899
-0.543189511443238	0.273752370902063
0.241291413621841	0.14416874490803
-0.298623774335598	0.200324492085832
-0.776474016378046	0.276116384504414
-0.279355275281961	0.0927737324616405
-0.586113553611644	0.22793864773109
-1.73999497953204	0.99277581596819
-0.304665065295781	0.155739643801014
0.26476283942323	0.138137402965678
-0.465642548043487	0.330651292958194
-0.455233891434395	0.196127072599956
-0.861700717619667	0.663896603460206
-0.302852098254227	0.199265420561229
-0.618210219786643	0.38721941423843
0.0940094690975515	0.0348134753508526
-1.32537531697911	1.23301959310504
0.399551833957001	0.258616953236406
0.0842253198822143	0.0315779595113072
0.0832690436216979	0.0384668246561059
0.294111418941372	0.140785424771727
-2.33917290399719	1.21719128071738
-0.644587258843674	0.15769614795416
-1.08941109661117	0.449371905243613
-0.284339817774806	0.0941088771467981
-0.220486374016647	0.127553509607702
-0.349558378043959	0.223798344972603
-0.211310512265181	0.120228106294782
-0.851979593074825	0.54961180910309
-0.219666689751436	0.153715440344728
0.0810316600580214	0.0334786233315246
-0.449485106561105	0.188260543114486
0.440491126861534	0.263325578536569
0.120464407670438	0.081202197261691
0.0850184068225941	0.0355687964218229
-0.555248276616239	0.299230658919866
-1.86625132070343	0.777655016228883
0.623521396956124	0.286216545105601
-0.666731446201952	0.329682758490614
-0.680092776197349	0.56448011895161
0.109736141312727	0.0324568608967043
-0.164557449222437	0.0675006772137803
-0.210509030424339	0.0746696234324695
-0.214956382852866	0.0798476249209803
-1.87104877099048	0.776323383714636
1.42500572446134	0.470534133754891
-0.777728934645525	0.271250186082935
-0.457142447574116	0.197703856707579
-1.78465645045878	0.426908302872845
0.631931289306665	0.292079755466738
0.726498057934713	0.420818365400363
-0.776474016378046	0.276116384504414
0.471630961909308	0.167165777345701
-1.16015302328965	0.346869790227819
-0.156743940836844	0.0632187093232893
-0.275040522916703	0.0923882524581995
-0.210141428254916	0.0783925957217207
-0.823191320586747	0.356753604037112
-1.78463242356912	0.426932892345841
-1.55601301743872	0.564142631889458
-0.374675972756776	0.176533407222467
-0.279866317772248	0.0934639445027178
-0.208010938895727	0.0771399420540708
-0.253469777256351	0.138390723244145
0.080479938213015	0.0303090324307097
-1.22504758882201	0.703880766273682
-0.670091368190194	0.330161476287893
-0.676860726176419	0.318940389656048
-1.23978311682794	0.677094232069794
0.0821707714101472	0.0339562345149795
-0.470366397073897	0.273331708585605
-0.473141815265657	0.27237577031264
-0.835751064012082	0.378932466766123
-0.829374109459819	0.375513678133057
0.160740188615653	0.0319518046826111
-0.583519731172434	0.218087747832431
0.136823965097013	0.034232136419998
-1.86597423745832	0.778464330527703
-0.64426146504656	0.157646216668469
2.3033601711863	1.15148127459307
1.42844964041686	0.469956675808137
0.936949289040237	0.252050724097018
1.97468705919913	0.505783057758019
0.105081591769357	0.0309646819447961
-1.16100667963252	0.351987418753263
0.138575036385174	0.0340982230221567
1.97468705919913	0.505783057758019
1.27760799916369	0.540566023925869
-3.08751630175388	0.976520553508078
1.97468705919913	0.505783057758019
-0.387088198986717	0.112883681223137
-1.08225708155965	0.440651859148283
0.160740188615653	0.0319518046826111
0.163970898374888	0.0321384121499014
0.134506689023702	0.0331418579291014
-3.47151696549049	1.23803070497021
0.161755803122477	0.0320254240836173
-0.639682584148206	0.157127056635448
0.136823965097013	0.034232136419998
0.93662806551827	0.251725171025196
2.76200789831747	0.82043550292207
-2.57293681855607	0.711530396312166
-0.636716518078197	0.157098585347975
0.100186214223273	0.0298191105273329
-0.640318820067368	0.157107672439797
-1.78463242356912	0.426932892345841
0.160740188615653	0.0319518046826111
-3.08751630175388	0.976520553508078
0.161561791226678	0.0319809243486957
-0.640318820067368	0.157107672439797
-0.640318820067368	0.157107672439797
-1.16403780129284	0.35723664848931
0.160933101379453	0.0319961864807483
-0.641793699193275	0.156071232895542
0.160933101379453	0.0319961864807483
0.05372333458441	0.0386563980307634
0.333637244017259	0.353461317035872
-0.154608268309384	0.141092707202547
0.0921464880501612	0.0799085339870846
0.0158670183120084	0.0124211421012054
0.0758844862124273	0.0611091771602867
0.160594763926306	0.148521415888099
1.31130721693447	1.88978726544014
-0.00951276020206242	0.00684691766025997
-0.265574729004506	0.25050154860414
0.15186845969695	0.116440027897502
-0.367921605441493	0.333419835055008
-0.510939221275293	0.481749234793851
-0.78238494870161	0.742854197574402
-0.342945202590496	0.220894074613753
-0.353947574398388	0.260399499922709
-0.310489272854895	0.236069027764025
0.993475529193989	1.32609351214936
-0.0780842032347186	0.0401966953559225
0.0658867510198949	0.0495059484250849
0.332408435983017	0.257383231180723
1.0974714550626	1.35382346787997
-2.09850708767101	2.17395482985272
0.34202076839525	0.251037466222696
0.35005518377652	0.262191606783501
-0.856062087694617	0.565748814413041
-0.759120666452407	0.617589318754282
-0.205604989155625	0.0765317456343149
0.13945522205257	0.111356548696388
0.620108053408796	0.683128718678551
0.116265007572804	0.0751340118939025
-0.184739108171747	0.111025850843837
0.106439645290421	0.0653822039955476
-1.11953037286822	1.37405105072293
0.461329022845618	0.376664965378961
0.108024603182734	0.0647383606239492
-0.00279386261086268	0.00178172131516028
0.383324136913173	0.25930241213072
0.234744365600093	0.165449078770574
-0.670334589670247	0.554685256326349
0.142244345585151	0.111079549947052
-1.32663456890033	1.23724784051107
-1.22070798662684	0.697118999051136
-0.867370854932579	0.577547482170948
-0.182944886284359	0.111091943809367
-0.44304024805909	0.387480239312171
-0.781270868452384	0.810974118825003
-0.843830437566136	0.912554707234996
-0.396677724686123	0.347962091433017
-0.95851009738742	0.882781846161877
-0.469279626644877	0.273797498740466
-0.667291006624285	0.329796095236639
-0.443301938542912	0.84675793441588
-0.320579444949626	0.491326131604517
0.0408827810175352	0.0460199682196843
-0.294418938580051	0.536772603657639
-0.111777145762943	0.159140066549714
0.118733383067773	0.151619440034793
-0.405699647637892	0.778960567092586
-0.185962890355337	0.265189705034275
-0.382241757316287	0.620255501043047
0.0704999614489695	0.0821408026713491
-0.176751637870581	0.243563456060223
-0.00740490260946964	0.0083461713605256
0.034657610103925	0.0411639263002444
0.588743315164448	1.39467628537881
-0.245020076190921	0.36189801665732
-0.272738331992985	0.317499227355303
0.0719168056979305	0.0788527759860314
0.0456580920192826	0.0443769036085588
-0.130784398564453	0.177538334551344
-0.0996731628377136	0.119394932678747
0.776507400996321	1.49147821704501
-0.16825340519637	0.178360890787398
-0.046122107814003	0.0459761431209076
0.291340772856856	0.355545606659433
-0.417025700176739	0.660929693408859
0.0366563717144819	0.0396289483877316
-0.10216645418744	0.106299960285646
-0.23308833565291	0.274130379254647
0.00146793876898267	0.00128680655549217
-0.224010586513364	0.334421563623913
0.453781136750096	0.800574483760548
0.581481334195577	0.883448778254281
-0.18536595525132	0.208416334737162
0.141228245906867	0.120245963941709
0.213683315065084	0.291100411248303
-0.220523596400469	0.277363956744898
-0.0718965761052756	0.0827347210159951
-0.170364870243862	0.215585350825998
-0.192745291819728	0.197527838173803
0.401138771077079	0.590303995410361
0.297381278612509	0.359806888959803
-0.516851126605485	0.899162515207851
-0.287894636583279	0.357119822097375
0.00864078262765482	0.00783843508004039
-0.0554941286443022	0.0584285984680813
-0.264865605062887	0.392195705131513
-0.269320830683109	0.391961339959208
-0.533727134478799	0.646824018963034
-0.840770634594049	1.93879025958517
-0.336262823976162	0.462096701942526
-0.366169490273129	0.599618781275358
-0.00357202332638586	0.00386938095497577
0.203943483161798	0.292144367878406
-0.0976404749012748	0.121052689361958
-0.0318267456716924	0.0323289714876846
-0.286760890078357	0.410497383887375
0.154513989170968	0.205182664756756
-0.105510690080596	0.135722445469864
0.473212961875143	0.766450141393376
-0.277212691442041	0.346930454648867
0.0794778582709847	0.0786831983766786
0.0379356647682177	0.0381583429799704
0.022600691728118	0.0223848789453597
-0.0325432811891996	0.0327087541392451
0.334443566235228	0.443621893818739
-0.413398716729507	0.532344065989729
-0.0768892355792966	0.0742208781815355
-0.19928604518159	0.25020858417119
0.639798095018117	1.01166435511237
0.0804262585030409	0.0842764567031523
-0.331280613696174	0.474832622258631
0.236072995312772	0.332564213291545
-0.346922244571959	0.481369958642119
-0.0996868381891528	0.099897614425252
-0.641572627710146	0.950654480241607
0.0144468434841143	0.0130615454127323
-0.38503071760701	0.568882927650743
-0.11077217658503	0.128092806200503
-0.0855850821912786	0.0796903853973667
0.00784694312619902	0.00697503038915805
0.00946226858220315	0.00752338430276954
-0.0859470883755762	0.0994110268412306
0.0201895926580605	0.0184034788295495
-0.278812718998296	0.296767740460439
-0.429397130061456	0.561818694908823
-0.233687656871512	0.298619012518998
-0.386853583185238	0.52728982890501
-0.521367515535394	0.79730677141679
-0.566549598316876	0.606637567149067
-0.212544503839893	0.310282256391804
0.0567486585722516	0.0613431760478217
-0.255573350742977	0.353135620792828
-0.0335651835136872	0.0415816511787312
-0.0510883977945813	0.0628422420567775
0.116668730881275	0.147448007787109
0.44563226187195	0.764366869713445
-0.21130044078575	0.276761207092875
0.114477655018525	0.15648276601563
0.174420793968794	0.233386432781001
0.572613884370391	1.03811838686591
0.116178736270441	0.113788849067488
-0.0642450046027679	0.0671682899709017
-0.0967544123721069	0.106215525566904
0.657532559595793	1.07328159889586
0.519398624235906	0.705245063664004
0.169628228671862	0.212905337697032
-0.834528557051539	1.4502849993176
-0.483818866278349	0.624513011966722
0.173294532652669	0.168767574494532
0.0185228074417268	0.0186947281897317
-0.0512986050121991	0.045293394796582
-0.0574469676396525	0.0565872722388559
-0.228397826088662	0.266185500924324
-0.00119023281674963	0.00130211301608698
0.783685859703616	1.66059102400132
-0.121396913366145	0.131796625421381
-0.106339708530886	0.1067677944097
0.311769097833752	0.453413230582135
0.00349568529909078	0.00288531754036153
0.1712877521569	0.232485639473705
-0.0368939261364955	0.0396943684439394
-0.283061286048503	0.37489718615851
-0.40345319479348	0.568445013406132
-0.00214897866501493	0.00204456659535863
-0.347182140835376	0.460112672177679
-0.517613218869538	0.72876287682749
-0.204244760074613	0.182391994532514
-0.410383358146857	0.504655017544031
-0.186202500770527	0.240679007044261
-0.581450104739612	0.999880753062593
-0.132448350992567	0.123525286917652
-0.159683921919676	0.22007163438653
-0.893799892302883	1.88558571000346
-0.350017238410834	0.513304850757862
0.00335521217360688	0.00316566128943932
0.243376754436999	0.343039964435173
0.0705305974743603	0.0729772387377475
0.671517933651632	1.32899827624708
0.306518701778871	0.467566813361745
-0.368540099832653	0.583844258434312
-0.131435575240849	0.131344396566651
0.44011892311227	0.666658252578782
0.445352823249111	0.617466462675027
-0.145303928167759	0.176510194473631
0.35518894120051	0.462636114965594
0.0587956656782866	0.0637392580374026
0.0165077854845364	0.0141470375250428
-0.0314434729203787	0.0287871014248443
-0.00776463759295053	0.00719644075179238
-0.321064867194947	0.426184591063744
0.383007611938417	0.528755092368143
0.109716508320154	0.110647174849984
-0.468412467050886	0.628012859662208
0.105210476173273	0.113145703334771
-0.28898002371978	0.367952827647526
0.0237806170609791	0.0228343573170139
0.177581721273913	0.235927669434776
0.149322033616603	0.172776972022396
0.262189493671725	0.267646152322325
0.0726097993629261	0.0687710420453677
-0.615987598474039	1.06623474124477
-0.319805518508707	0.315080763603659
-0.510174331799527	0.752459170852524
-0.266117387726465	0.3414396503863
0.686944955598137	1.20612306258283
-0.624134262112828	0.851845028804885
0.026766008388245	0.0212736376870141
-0.429008524331889	0.438084162687574
-0.0914143982561111	0.0877342477146659
-0.206863678709512	0.216997011069567
0.265644992490455	0.291793714448598
-0.826663485118574	1.35643797427965
-0.158848788960741	0.198509130061285
-0.935010927888326	1.95881408512669
-0.705309710650657	1.03718365150542
-0.260146002157906	0.412992065569258
0.202752041054516	0.243391171512789
-0.644502906262036	0.80752065800125
0.566843633188703	0.854924859185424
0.792556854701015	1.87280987768044
0.257315302963771	0.278526894971234
-0.324994601075432	0.367255746689628
0.0387443120184969	0.0374218066093059
0.222797881959554	0.324311163487485
0.694381987513745	1.22955745894533
0.095934476017545	0.112963033781706
0.527760094104335	0.776554968153809
-0.40399811144987	0.55201857834044
-0.157148580368014	0.19935077792482
0.000557726387790508	0.00051589665362887
0.116907417951914	0.11610716055282
-0.475266113512419	0.728364553035223
0.431668761111021	0.591868101493457
0.881958931066905	1.86429300264273
-0.735905891131236	1.67002692368305
0.352108366602397	0.575359197030321
-0.565286277938442	0.846234097307202
-0.231887529859436	0.287094420051967
-0.038474701987814	0.0385955815531252
-0.424035461358199	0.461593436163838
-0.0540471279425313	0.0645910531421141
-0.421983514849333	0.594455664157238
-0.690922696342823	1.2332971130842
-0.174777643094815	0.1558128976369
0.480309721581523	0.600214777392559
0.105743585656267	0.100475035169883
-0.290760183200253	0.290975594912394
0.17677352980788	0.182532682248405
-0.139653079771339	0.140708351107874
0.173939408710691	0.175027275630876
-0.227267593740749	0.236146654084344
-0.736600634537465	1.32871838231949
-0.0916673355018454	0.111510387387727
-0.223504645989394	0.259474348750213
0.0234795946267916	0.0251203866996648
0.213350081485045	0.274811125522736
0.400440790465601	0.571056570377345
-0.0215618969315312	0.0218201216720871
0.0762033901109436	0.0777704899962295
0.271969664169726	0.419020084304512
-0.189556490552187	0.244921112948199
0.726818330844347	1.17826769641456
-0.327274760356068	0.468489869275423
0.20473706323923	0.287183345754248
-0.130260278996252	0.14701115701898
0.0219245228078147	0.017454539990001
-0.0243200655173467	0.0235187161282752
0.0947269074705605	0.100869009169479
0.538899557878695	0.714859271726043
0.0343446481692433	0.0384003800042377
0.156795189632992	0.156955659853532
-0.263968262419353	0.324703899680975
0.0416476235930255	0.0390205799591183
0.0994044004898973	0.102040868082599
0.965941862896344	1.59025080096998
0.886830294244411	1.60818830618213
-0.308350589695319	0.447953020480861
0.354015977433532	0.441912840870096
-0.450519549967076	0.61165211735644
-0.0720795050688883	0.0754816315566014
0.518622574811776	0.790708221153029
0.252286406813866	0.356772163384109
-0.338688590596977	0.446732449825589
-0.594541518355234	0.909563142888306
-0.418992941887785	0.493249877348
-0.146491795687905	0.144389103426347
-0.0862168168530719	0.0962618459644634
-0.281250534044814	0.298075925160719
-0.0048671548184423	0.00407714366747693
-0.183491908727684	0.187415399963704
-0.15932700254337	0.17785784981895
-0.416064861287845	0.48719004064701
0.37062638535096	0.428031020825145
0.238474078981263	0.267274557285647
-0.170100901836682	0.177774444042929
0.213817993352573	0.244130886460017
-0.278747514082172	0.322547073969782
0.0234994562943494	0.0183952484529356
-0.033666328656429	0.0374435432647925
0.15925510915845	0.211582511335218
0.0782702300699303	0.0881596653294298
-0.0428498937676426	0.0449965187434141
0.0504069242516156	0.0516235733038024
-0.184325488686562	0.207252371368599
0.216037056152018	0.224226010548888
-0.27837175413832	0.334994128366761
0.27932815501632	0.35425066685745
-0.427691926634521	0.605136203621825
0.514657785281774	0.84448407972333
0.731943139164757	1.20545605040578
-0.242452154406265	0.267105545218082
0.250357038643902	0.295361905060764
-0.333784618561047	0.445657623429319
-0.499957863848131	0.821487695387583
0.152287730953388	0.139192676763583
-0.333409641424096	0.394941717867017
-0.0525716654051556	0.0511362077700446
0.0401431087094832	0.0388770792345079
-0.177882908466243	0.187605837827531
0.0831744827576668	0.0861785023534725
0.117193596059588	0.12525333655621
0.307097121412646	0.381901876385375
0.0682530796637293	0.0633472839830555
0.0656268860767553	0.0641545829389804
-0.066627587698362	0.0664524240849514
0.649366214382417	1.12138022952204
-0.382133210392472	0.538579025808727
0.0160617683676179	0.0161722049573936
-0.228448265815562	0.280345850070872
-0.117174348590219	0.108760419797777
-0.111758327476968	0.120085799266642
-0.12843074557494	0.144400359978328
-0.671363143153707	1.00451556188214
-0.687307932503408	0.85950049966772
-0.215549515491432	0.220788818142402
-0.072867775792148	0.0638093571648123
0.207076598794733	0.224798174390184
-0.12301578003394	0.13191658525335
-0.0475285018556304	0.0425882966198399
-0.101373038237153	0.096321028667486
-0.612509789117592	0.913952868877957
-0.156514545356657	0.177530851143581
-0.169531052586173	0.203233115920806
0.296439472392852	0.39487712586296
-0.498481845079876	0.840267690231201
0.212065412393409	0.268298206336705
-0.158198957374487	0.207816242841759
0.468291498689426	0.758664494955346
0.000512595405755656	0.00039515620099433
0.437160702162333	0.611773970390575
-0.332776736176902	0.460754356019963
0.162253007891344	0.197727414157899
-0.0224469903800513	0.0245978302197226
0.0205783923095881	0.0189626532368444
0.666328345118583	1.07330024424837
-0.183844776302213	0.173765031975792
0.420502891366482	0.523077407068023
0.149689893694358	0.164643561016105
-0.127008666272612	0.128449676834056
0.0859363710996719	0.0712030527578846
0.0800823130016202	0.067262012875953
-0.0807479289535138	0.0637003378242225
-0.406041876746229	0.446104169819518
0.846638753378152	1.33340337218126
-0.097714261036109	0.0930344409469216
0.261763715544616	0.321366339995371
0.0998918941334393	0.110078437420486
0.208767340065377	0.20160683849386
0.262005383593608	0.296272423311993
0.154695972201849	0.148866702740239
0.00277259206959618	0.00248167861344602
0.160969092503816	0.164926678139396
0.354667714512781	0.522243542000559
-0.482671228378866	0.733911669918462
-0.273119509147066	0.313239365165475
0.289142899289793	0.366858830551679
-0.210583978975993	0.205012572201747
-0.328632061761724	0.373352062577459
-0.132378887914874	0.120546702627841
-0.779249788151492	0.953560407914984
-0.406755222271658	0.392425205819795
-0.162568121822917	0.16774555551658
-0.0294520312196532	0.034426178987438
-0.0622106598713552	0.0774327742054182
-0.340259721128218	0.571782326569463
0.081506514509649	0.0992977459235197
0.360832158364459	0.567931285877728
-0.0987639139418595	0.0865435911086779
-0.694606982670988	1.08057293120067
0.134548617115986	0.162388400604205
-0.247854560370082	0.344414479700354
-0.0911714613523103	0.0877309780383193
-0.357764383080337	0.485058075471782
0.162716556564583	0.178457796145326
-0.0313815973735359	0.031530383376892
-0.65608993003987	0.899046257959363
0.453132993629251	0.68495667263905
-0.079100912251253	0.0809965359334776
-0.11470115857906	0.109505971988476
0.100656241001033	0.0922516492866412
-0.229852056953998	0.181485745515478
0.146161418837163	0.152688939472367
0.116446219419917	0.112216625302603
-0.646020387938277	1.25147323385522
0.46096235508112	0.808124006705228
-0.0622304020829618	0.0697240260678241
0.253241005072684	0.271855670442382
0.640430595834711	0.928522205557435
-0.394606317196836	0.436747944776053
0.0728385955937187	0.0845753462798709
-0.149822224990302	0.172615491770979
0.146328035207007	0.157375669741125
0.203687958112143	0.264405407308684
-0.339946726571686	0.410419095279009
-0.075845471972644	0.0816311843386659
-0.136861023945235	0.146036981686547
0.252499482733759	0.306719205122652
-0.35714577492484	0.400318625529059
-0.175848299217461	0.1891069997178
-0.380307541709397	0.524340404863211
-0.721520682085709	1.16735637074134
0.0361163279104527	0.0450049259675014
-0.0696350169182342	0.0913252853016507
-0.0555931506045084	0.0699690308997126
-0.0834425811655201	0.110544735403636
-0.32957341994914	0.464887291960413
-0.644123516393326	0.836522306693949
-0.164627434251706	0.18515571946807
-0.17118763170789	0.192124830005101
0.0644273915536508	0.0688454533313234
-0.329086386819878	0.439798692795916
-0.494863926006954	0.845651712071555
0.336296998013682	0.456305865381613
0.0487529306587046	0.0504243960269076
-0.523376996310183	0.567207044663669
-0.0246030637471386	0.0271249985202415
0.54740763856426	0.800469533638419
0.214248191659364	0.189383633701214
0.0994447012271331	0.0887676473384717
0.0696587732306502	0.0548852490204653
-0.285517142964197	0.325375630557144
-0.0326065033611492	0.0327952726365421
-0.0866491762572481	0.102363434991667
-0.0742301606044075	0.0846445579974279
0.14066744517829	0.156240957235905
-0.542947504337865	0.601845564243887
0.155987197809764	0.152631616176478
0.0246048153807867	0.0205064815464836
0.344457780096167	0.499388651373084
0.128036282637049	0.146182116483628
0.505777527188783	0.838797212565013
-0.0810456501591512	0.0821873689502599
0.37829883854731	0.522608861592866
0.136916631056234	0.151384190073556
0.216728058130188	0.313305125945141
-0.115601040195289	0.117346833758806
0.0302422656380549	0.0284214666166097
-0.511604381653567	0.800390546759818
-0.164204992273558	0.150588625878614
-0.0143855374259722	0.0135068162846756
-0.00739289139702102	0.00755009664376964
-0.665527041957939	0.748625450259355
-0.100863084979539	0.102348654962662
-0.500876640597907	0.794573339737707
-0.485414177055567	0.703312274041448
-0.400350211224888	0.548364148900441
-0.0453430403295364	0.0575519784587668
0.259468942930563	0.420082747857438
-0.227192138549406	0.369200846380215
0.0253799587743783	0.0314779120384657
0.411539241276958	0.674956680025066
-0.985201939886185	1.42503000454489
0.220488194846698	0.2896237569198
0.154738580756315	0.168977219996142
-0.121021959371099	0.149057027553715
0.353918469029357	0.538071521103196
-0.661240415035362	1.06490857957567
-0.137537608499728	0.150688672820337
0.823247529466535	1.47754767527163
-0.566005831281385	0.714592643250158
-0.0913310698776368	0.107096709785302
0.368549285852029	0.351733874978809
0.0771113159829741	0.0636721986382231
-0.718517141298195	0.834711346504905
-0.649178676732252	0.656958236104801
0.592416147013144	0.670747327421036
0.364906457635861	0.466077922787234
0.239521480972098	0.314941021624019
-0.195912383710069	0.233372073896462
-0.0345672102114067	0.0372248967698031
0.477739861141934	0.628501855797755
0.368625754762564	0.408067653114527
0.387785430430545	0.445543604490697
-0.106194600132009	0.12845275504925
-0.0328988470616736	0.0358823318502615
0.0788249364404261	0.0794754503024375
0.431570660109366	0.61946287411177
0.48854699567499	0.740004442564977
-0.0756247611255609	0.0718983380122353
0.158417235479497	0.152671422347391
-0.246187137308879	0.319047788011076
-0.596895381629871	0.999616147449221
0.505904330159306	0.832306566354287
-0.0828164558961224	0.0783529133404174
-0.0669850809127456	0.0535275809711701
-0.00942285481528966	0.00886759128581301
-0.387352765838525	0.540623669902693
-1.35657628862366	2.96299894036625
-0.0876193513754178	0.0951764755066738
-0.424202893285695	0.743659247933165
-0.301568018720912	0.474888576264241
-0.142105035841887	0.20154892877328
0.0784967802611889	0.100296384801452
-0.0606563838196668	0.064528856465057
-0.624445526009478	0.755488720299723
0.240468987213525	0.30473117064834
-0.106201463786491	0.118328676360898
-0.145756948061651	0.175214387562588
-1.28360964221015	2.81346900780183
0.720943810694495	1.23480607284498
-0.490601824921518	0.718937747227082
0.441656368374229	0.598066064778757
-0.429270070432543	0.504008764078767
0.390961975812334	0.590722326309351
-0.422626838372331	0.548000652111778
-0.0158170214323982	0.0131196777009699
-0.0786298010730607	0.0759399157329124
-0.387542296941135	0.35836857378286
0.398703946856457	0.36027813757172
0.0740912987998334	0.0731428492440799
-0.427693303705872	0.660841215339092
0.153766975601653	0.181202178142599
-0.0263481712463463	0.0265629557164277
0.0423849769544855	0.0339526173369094
0.00254184282568975	0.00193836956899839
0.724960812176476	0.904835305311848
-0.224221620872645	0.283336204223692
0.0840655791165458	0.0931620567582962
-0.400687106947834	0.549089092881018
0.399095132377052	0.601649069535469
0.148830918834044	0.165480591361163
0.636688973110658	0.755318606250956
-0.799000658797232	1.24770373751703
-0.119696710839424	0.13323311040407
-0.685102619894203	1.15480009796479
-0.266928677078828	0.33832327616851
-0.322862032835748	0.48169346710885
-0.0667583006658236	0.0797125773681317
-0.256999667777258	0.277245607408409
-0.649147208801977	1.15684873809698
-0.188145087839199	0.235033726526839
0.250439921486363	0.335448154531028
-1.0737413418084	2.34307178970716
0.159495164446574	0.187606439579908
0.5625005742037	0.882253749963703
0.140411862014722	0.169884097273546
-0.153640272001558	0.151725756213882
-0.168278086629512	0.214133791910634
-0.743964579301143	1.10204613938162
0.37536039417057	0.370653028388299
0.275480512141103	0.283536530343795
-0.782461905519098	1.05779652651321
0.399412205949784	0.442201352571498
0.453991105607925	0.627405253508636
-0.27602945157521	0.383082038642554
0.167832724670022	0.22502238424408
-0.173929552087013	0.19607088025637
0.552097992200387	0.730919307949688
-0.168783074601634	0.168070954249778
0.306901593559492	0.348920218037458
0.539876506535805	0.787260651641675
0.148446273965022	0.184656775321881
0.651040720418934	1.2114242240901
0.0548208607103371	0.0599925189611373
-0.521382106599105	0.754412185478111
0.131009064855174	0.139670398710862
-0.398158025487848	0.481700110833467
-0.126227523143055	0.134763737409662
-0.354717107288438	0.453799513235046
-0.097208179968484	0.101628982332142
-0.426940177816571	0.654999509177976
-0.292401490051581	0.448939949131353
-0.493243818612459	0.658186983746757
0.787249967601202	1.52559657172022
0.237732347277906	0.314900807307563
0.0361197882371135	0.0393331534296225
0.211913237885852	0.257945665799642
-0.134784240607325	0.169252110414963
-0.0886945565525812	0.0934130291717328
-0.0377936581280591	0.0402438961485037
-0.462677906214877	0.536163142684643
-0.99996054629082	2.30049331303494
0.703373288006258	1.20006107130089
0.577432685821337	0.74705520316734
-0.498253573280844	0.759396609329227
0.581848720151338	0.707536739275005
0.0150379570650142	0.0133595044376537
-0.462721389293738	0.723273200684421
0.419408181013921	0.627774266365176
-0.0578814653515116	0.0713027164175007
-0.0400829827999619	0.0458322558028798
-0.049199626124496	0.0437500577875461
-0.58079652764964	0.788003998165198
0.218108788996815	0.230649613783753
0.451904451711711	0.808022589873346
-0.297737687128409	0.440477544196517
0.584138306498435	0.970747625391768
-0.306726049119771	0.443762956904576
0.412492431980908	0.689034734882496
0.396800089898627	0.611593541475639
0.83372322717388	1.44310440564992
-0.0819481944145196	0.0867013868361191
0.475540345616697	0.727184187915205
-0.407268361162205	0.555446186551463
-0.00492479861191609	0.00498611351375378
-1.11500857820775	1.56499512317482
-0.170820546887378	0.211820636586535
-0.563631351763005	1.03223073026008
-0.534554649932677	0.871208995345301
-0.509934075043702	0.652167929150077
-0.076227467538415	0.0503019050668208
-0.233329903205174	0.256837047331524
-0.24309838295237	0.300377963484601
-0.0784313657508429	0.124400495179294
-0.319024185331854	0.493695066670757
-0.0599255448131028	0.0813191304838676
-0.0787695802806498	0.104369110225496
0.336278561008884	0.67799721785313
0.475472509699041	1.05031818795184
0.473175194963015	1.05516010228313
-0.247262638709803	0.391457673301682
0.0615642913259048	0.0826104875277802
-0.39798821034224	0.631837771582542
0.407145433214661	0.867326656927381
-0.0762483318678818	0.0936010497002542
0.115398709686593	0.142543068256724
0.156563070357812	0.227559356609746
-0.334025084487222	0.3764355907002
-0.300597924091186	0.460506704275707
0.0958917114635306	0.131296082865911
-0.0917318828090891	0.140235281844296
-0.0897358287479369	0.148549192748515
0.494375723322128	1.29774933167985
-0.107352794883057	0.131884594712256
-0.266491460064966	0.389061794646486
0.0766808025804013	0.0880221981869403
0.10119843668575	0.157151896607482
0.500505452377328	1.0008663708673
-0.0349065933843027	0.0412411435797962
-0.320269080216857	0.589693769982746
0.557075273124514	1.15156822932188
-0.0310733233568437	0.0347326061969552
0.259500747017354	0.304140514101578
0.496209380796859	0.974837682721544
0.13511256255506	0.175314419353713
-0.102501279620433	0.129438103661451
-0.229922289974382	0.366087198137213
-0.751480951114675	1.69032867187463
-0.673167353384367	0.970191552842923
-0.14037105489699	0.161154975253073
0.00801732587571152	0.0099623597161339
-0.119936152957628	0.1666103062614
0.238539778867632	0.420716841764946
-0.635813317356255	1.51974389692319
-0.0601188212823337	0.073451240076523
-0.504431646515552	0.674751463117327
-0.19063397524355	0.25814102823755
-0.653429566408234	1.59784177383815
-0.0895461417613626	0.126482405105429
-0.154600701868316	0.253351753342965
-0.348826838498909	0.74148871579104
-0.327349630665362	0.632253541016744
-0.0806728938423545	0.0962444663428089
-0.215816281702129	0.350669113617236
0.151825701471525	0.231711232080484
0.0759093382258493	0.101118116762928
0.654728766794124	1.32987221975231
0.393283339164973	0.695015629127343
0.0894993947854388	0.108251258350007
-0.138212922374709	0.160611655953725
-0.0559639779145516	0.0544978608557934
-0.0953599666067017	0.151121212126762
-0.336552319578779	0.51043000769315
0.603747591493915	1.16127728131981
-0.120368466386947	0.159376704243868
-0.498283106216441	0.780325583524979
0.501051454247692	0.917305588958437
0.0524491636757788	0.0663396704772291
0.0840592782126029	0.113719163596874
0.370445464826974	0.830237620177043
-0.431100659740641	0.928594939510337
-0.514383014395194	0.950412309737961
0.488290785507076	0.843771448568477
-0.18928090549565	0.214175964563958
-0.144127761953988	0.213097858200952
0.56044616222877	1.41351729009506
0.0575174875699647	0.0685787467471419
0.164035878995504	0.239095796929277
-0.370860306016753	0.665082269116129
0.177239349545676	0.242194991645601
-0.0269827345963195	0.0299938797667897
0.226752618589071	0.331639353438554
-0.489716722441757	0.758100984171481
0.58413816061389	1.25816973974178
-0.170051108300291	0.211948674687136
-0.190379206205073	0.253628020520366
0.217847750363076	0.217184442183535
-0.00390326092507956	0.0040029195998284
0.676159354150394	1.46516821918183
-0.116928514217261	0.160806613628864
-0.00190665588089098	0.00227399291929857
-0.226180320065045	0.330634500394046
-0.35921002580507	0.495233664862207
-1.40731592246918	2.26011071993225
-0.213716183883868	0.288622626016503
0.072072578766506	0.0906819099536943
0.745856400145621	1.77575891561372
0.111450544265823	0.141566580497944
-0.0536271832918376	0.0669293291526194
0.078934610403449	0.0808249521326798
0.376662160641719	0.636923335021468
0.478205607128593	0.822278283217262
0.21905932753116	0.313422794932715
-0.322036278154638	0.483244026948979
0.185298725733525	0.24976311372711
0.383823690063302	0.604473684148426
-0.0994417211641706	0.106155816830001
0.179019711301857	0.181766328218755
-0.102392067263317	0.127170112345691
-0.330771468342596	0.504948040482152
-0.36841731239474	0.468192428999476
0.221163771977524	0.29217129231791
0.0365127628204509	0.0295889542673088
-0.981693512763542	1.97893808565982
-0.15640516852493	0.219670287171976
0.776032566197707	1.97761607070207
-0.178508319628238	0.267485320639954
0.322266422890377	0.560325685951147
0.686839398004648	1.27650548713332
-0.520288768468707	0.665583106118887
-0.272898090572224	0.325031084588113
0.399551151886805	0.743311041922884
0.476962840347903	0.917846163138325
-0.0350261393728429	0.0341176879451279
0.168862751869615	0.197719822215938
-0.0264605728195866	0.026923160403226
-0.00907795634123615	0.00901927188491272
-0.639547576970271	0.958006212530326
0.113107251736628	0.113007674376903
0.0996854881601517	0.10977498662503
-0.106957091105172	0.114287492432021
-0.0723700695354748	0.0815565847365066
-0.228544770422434	0.292247835501351
-0.456236661606802	0.492411469060794
0.119844995863032	0.120415889926704
-0.115919152247486	0.132426312243042
-0.092371290927641	0.113460666659892
0.860792813043759	2.07055170505387
-0.126107606203046	0.123977865455489
-0.249878592996686	0.288997245002961
-0.129351319308098	0.096818223304268
-0.890371391810066	1.49125478121066
-0.326078997952531	0.507945338268969
-0.0270895115014814	0.0289896277681425
0.400112683277498	0.761481608593201
0.0373510150070793	0.0469199214742562
-0.0949148115702964	0.117200713466459
0.112744604623359	0.108069862007208
0.782593654127688	1.57879536302479
0.277027826105244	0.385452565643487
-0.171076852539435	0.240885326281204
0.3472773097163	0.492109455547724
0.473246711438557	0.784058108271139
0.192227472925159	0.225606867536197
0.196803426892271	0.229091542759261
0.677849641440139	1.10362385132325
-0.126288675006328	0.177479753116218
0.111345151965705	0.141427201867285
0.0891509570029781	0.0929418275315246
-0.0270712196859314	0.0284442983737863
-0.165263040310999	0.18602847834317
0.201056797233297	0.231754664171311
0.0793085192935481	0.0900144738445539
0.42993162847607	0.77542335666663
-0.0807099174947352	0.10438581690142
0.0548224018185038	0.0684825442911151
-0.0138238141819042	0.0131489456968237
0.164482726078457	0.166546263396434
-0.591160922785613	0.826598549015195
-0.343426902816901	0.545025578468503
0.0414646203155252	0.0487520634166333
0.0330917967151106	0.0324930283279829
-0.0612075055949303	0.0603996841016864
0.0868513475545397	0.0890101793763589
0.157892973322098	0.173888755186911
0.342292270598994	0.43380796104708
-0.237622161404045	0.244991586092258
-0.556491718567923	0.910364642961513
-0.208956383743195	0.272136789034635
0.598631466525848	0.677314107723327
-0.0630981231772305	0.0569764942360679
-0.284180246284342	0.400866582400651
-0.161862754821919	0.22552241567047
0.00168074012420738	0.00176706769968222
0.153996539068146	0.159078023559296
-0.225762473605278	0.249280608008133
0.561423864689873	0.663413189770775
-0.542238984263641	0.710431350285713
-0.527633974049003	0.96589076286936
-0.45612487174063	0.634199707123447
0.139464124342003	0.176351390491696
-0.283026650816985	0.448436157918663
0.530842697508784	0.852662098602919
0.131208964323021	0.139359022120476
-0.0331997200357511	0.0352916982808686
0.433615089629179	0.679661366038238
0.739569578205644	1.21228579684142
0.0925042520722805	0.102358841780284
0.0181648541608467	0.0164520204934653
-0.515447340343779	0.747695070354139
0.572266285312181	0.988639256438476
-0.0896556077567068	0.0836726777799629
-0.0494683890258977	0.053702591786179
-0.4191358249117	0.626328258716359
-0.198866594714784	0.224501968809105
0.168811279321688	0.195985542545121
-1.18953479900392	2.22408621779848
-0.0501075697852923	0.0448750173580521
-0.14577958849589	0.169718748235791
0.0925856404917834	0.115875383917524
-0.15547669010947	0.176109964183837
0.209994053951119	0.254717559207979
-0.285086427156337	0.340865627967096
-0.143417897819392	0.172447863032204
0.165678332514545	0.196276436710572
-0.05875731786115	0.0572398711933053
-0.284406562274504	0.322970508314955
0.543504134901297	0.793604708475935
-0.72994701531047	1.17285163991134
-0.332382613617084	0.395313460181314
-0.228393081981647	0.249424463859072
-0.74470338349319	0.995034036867884
-0.506178508252335	0.799814446748546
-0.622760976262563	0.931396632958812
-0.00818219730310144	0.00597822497492375
-0.397612554153262	0.578409164000478
-0.520250825050416	0.756255579792867
-0.28080830179314	0.319109324338889
-0.855584478451527	1.46741124343438
-0.108290531947063	0.117856715159881
-0.126718012209812	0.136063273431642
0.0590795654430433	0.0546775786903918
0.411811145310084	0.876438116782846
0.566897751347083	0.962713934315108
0.0501342896194373	0.0456653104233807
-0.0309809422147932	0.0320003360040096
-0.360929245759118	0.575098838463433
0.532201524940155	0.724823833508117
-0.0637520376406743	0.0509843195439844
-0.215397016206644	0.256537011389212
0.116952486517549	0.146801582508431
0.758434722762809	1.14678894212504
0.53746825876435	0.985891294405698
-0.0694633398596522	0.0733691521553915
-0.341273559641009	0.472539163083343
-0.227432685121689	0.330097103159624
0.361786862351344	0.54722270616322
-0.0337405680355812	0.0275662267750461
0.128045732871886	0.166124014316347
0.0765760656994345	0.103116984972391
-0.0175612689831012	0.0178558975365912
-0.656510290178966	0.869100361597582
-0.263825473484431	0.249912722371981
-0.0511801867219905	0.0411806860661543
-0.573358855198465	0.648171541163158
0.311924689346321	0.381448301448347
-0.733582632396287	1.65553362797561
-0.467532679476267	0.670416752925088
-0.452904474250826	0.444896364845133
0.20701824738223	0.22599862673667
-0.128116839478937	0.16070754088586
0.130143884279864	0.144180595419465
0.433033488175723	0.434421391225046
0.348038164303984	0.443310042234864
0.0278359336915324	0.0323114288598532
0.378189383896473	0.454570377389151
0.149095058615591	0.135708847814665
-0.415103531721445	0.51737587374774
0.630199502996778	1.19370445344747
-0.573326849655915	0.804850771641739
0.161392639637355	0.192837256793801
0.395481026742404	0.504047809261553
-0.455344044109028	0.587169630863462
-0.530625706537079	0.807745589015903
-0.140495110746378	0.150018774230292
-0.528257694013955	0.915535617522702
0.214561122363977	0.327189088638685
0.171845822375533	0.20636980086356
-0.157262686607244	0.127090702264906
0.488592446925494	0.751037958612797
-0.0827851674987723	0.0979795496737514
0.0475534015680038	0.03862830269857
-0.528935144170096	0.594850039735931
0.529715336796526	0.759371873268144
-0.193093633083737	0.242489269875632
0.0779612809842844	0.0747910651690189
0.344908869075163	0.41800268384824
-0.100258718237237	0.0952749022173715
0.419887514456579	0.597597363615703
0.492304533247012	0.631798333794686
-0.0527151910934815	0.0415187523556316
-0.981269608652962	1.4879201277365
-0.106770137409369	0.116581072567369
-0.0724645658509232	0.0702659091690236
-0.280352014943345	0.373426506683887
0.263784465311497	0.327555460816166
-0.372633336623194	0.465655418082605
-0.139191376954325	0.141157642001886
-0.267468274746538	0.404886882697608
-0.63437006639332	1.05135963244317
-0.0675357515181071	0.0656502923095184
0.0106553016314974	0.0109926709989474
-0.22528151542789	0.233785734110925
-0.457271719651815	0.483846582953314
-0.201688852258927	0.161623805728683
-0.54533012357576	0.85454955344426
-0.208050669159362	0.25680349493263
-0.0350954703069728	0.038412200381796
-0.69342663409017	1.19077657944147
-0.634085832204647	0.987467409851739
0.200685492179253	0.221555808878751
0.200840690768264	0.230095279041212
0.0276764972812531	0.0255576225463809
-0.161167926275567	0.18378059299355
-0.0686639006845534	0.0731555326125759
-0.416363074486983	0.561563913790496
-0.349302055266429	0.457513569574952
0.5128578481839	0.77894074796812
-0.292830663350936	0.387972958655614
0.385515452505461	0.511091613500364
-0.208000728849606	0.244891068371318
0.209856515058595	0.21467369702752
0.18842622233565	0.207536728817361
0.642591582433814	1.00974552897405
0.0396004919537877	0.0408404592130944
0.159823026066951	0.169307459837782
-0.354073383896271	0.492344579384898
0.0431723888313704	0.0442832785302829
-0.583074832821897	0.768320278579765
-0.170666277467193	0.19356184928745
-0.205077160333259	0.228659046220187
-0.733440376391781	1.0278303005927
-0.573890950733312	0.801891463118604
-0.692021689279625	1.14323788439579
-0.446551672626074	0.7034502289422
-0.356942518019434	0.445961472801264
-0.250270469304736	0.251771601251795
-0.578688311993573	0.573391052932411
-0.505583074181716	0.772301773181112
-0.133346959147437	0.150452077142097
0.250222031733835	0.331829660841471
-0.0750828990780906	0.0737234189380117
0.0629415167334674	0.0588626237074614
-0.062503174927625	0.0662557591319402
0.079956656368989	0.0796446887082096
0.168594717469916	0.187807717261829
0.665987204290581	1.5179204315742
0.0335359185876125	0.0365057255878444
0.0740880428743971	0.0890351049059954
-0.216690367213171	0.226863180592603
0.28629196810246	0.443691716174246
-0.528981594666185	0.74036902021901
0.353641436883458	0.524324870565902
0.137263096313066	0.145380826281048
-0.368137472938793	0.507598703014487
0.268627334860968	0.331578477330319
-0.152659338899696	0.162847111259896
0.447125939163276	0.439514490776193
-0.1935331210678	0.242458983613616
-0.1323439901344	0.160837786384953
-0.0982911033414272	0.112292274815491
-0.333253476150265	0.571664510309279
-0.566264424767388	0.948039216352085
-0.203837562655975	0.284688670865033
-0.145365948056697	0.15643011521429
-0.139571835550144	0.127421575054123
-0.964405303472666	1.22774465903834
-0.276274660138553	0.314548696847372
-0.86128069683946	1.88022498738774
-0.305126308048411	0.438374710730232
-0.286058041635423	0.385800679844577
-0.0460295702528905	0.0454141737641068
-0.464235123921713	0.739064839482897
-0.167527906601291	0.163622360683067
-0.448728020415677	0.651226336246525
-0.101867367456459	0.104440160412987
-0.455217768562095	0.797249923848698
0.0535309901970632	0.0616876227246541
0.0487040511067147	0.0538642490549596
-0.0835157851769959	0.0971432651795485
-0.000223881309889929	0.000201082671412573
0.0704288470357569	0.0722266993120809
0.0496469527707654	0.0535648167679314
0.0609127701014468	0.0601531561332285
0.312621790894359	0.470916241923627
0.320800153207372	0.446950276604715
0.300693534870791	0.394796863135101
0.134589798915488	0.156894827798391
-0.467426599948285	0.761209693244168
-0.253812814980446	0.321232958362349
0.015498674405662	0.0156616877799443
-0.261987824930228	0.419857361460068
-0.102295122911272	0.104112115344973
-0.565983563647367	1.04860623041339
-0.15039155357	0.20011381020065
0.014412679891187	0.0142708413662673
0.0229377056299012	0.0194636383955014
-0.729002951769961	1.17322136715662
0.462620002571416	0.790818758423219
-0.428803991897813	0.732671899325825
-0.209512791750701	0.272102085283452
0.00914023452613091	0.00735572087897386
0.0287642427395119	0.0227113941110518
-0.201575926815899	0.210782426160807
0.56146654932082	0.732551831138832
0.208112243656726	0.208027484120491
0.170790849270328	0.179670621865571
0.111837357794735	0.110223279704205
0.530522286181518	0.857941786693745
-0.209350685397194	0.273959822570212
-0.48216501735599	0.855590503619852
0.00889757785100492	0.00804960639990915
0.240478016751098	0.292970912040761
-0.382243907150873	0.588839343006546
0.425820454729168	0.520593624851125
0.861175868754086	1.39646333079839
-0.209309622469251	0.243759182631299
0.801270435804462	1.69454352020297
0.0319130729855117	0.0337816064920319
-0.25369800953594	0.326806351232613
-0.541864253731138	0.842524818774512
-0.490795596119976	0.712645075591254
-0.233958692254384	0.284375888072973
-0.253361533152717	0.338388307348238
-0.540732660764723	0.685949471713379
-0.239576330359496	0.281739213619886
-0.0421470857132614	0.0388488498240943
-0.0641865252463763	0.057668870247003
0.0802864035835324	0.0819938517163384
0.480750478683157	0.778863051719861
-0.653394612741443	0.979329021837993
-0.323802018475474	0.420417543735277
-0.419571999146191	0.55746942489128
0.112966586970523	0.108273301038611
-0.6658538863775	1.05240850907886
-0.186924247282402	0.195172176367529
-0.263932199013833	0.313189847160893
-1.17979129999015	1.53918634264097
-0.915540681164508	1.0462387399597
0.219524502861354	0.16956172852155
0.408584880555413	0.366539333655606
-0.588101849972573	0.587951302470468
0.266371126615648	0.298846110247556
0.405953549910974	0.363984653105952
0.340799892857302	0.355803715571825
0.302989934478887	0.505458131764699
-0.554621055430785	0.886254142172108
-0.254060987703687	0.23334910617093
-0.728470097942119	0.899190345985141
-0.120877951510722	0.147652034737668
0.212875866537405	0.195282014943801
-0.533488245499076	0.525669857684758
-0.594159243401042	0.861131079965328
-0.235483717184052	0.332128912828212
-0.530200768207161	0.77428050507543
0.265080566446054	0.429636844422688
-0.603270895420642	1.09544205169239
-0.253675077428098	0.356797934050412
-0.101833093662601	0.138899237784528
0.159482230600906	0.195540186266476
-0.371347131696852	0.416041624230563
-0.289190095353404	0.28816940417672
-0.32991457316092	0.374909582400813
-0.227920997617218	0.231911719206741
0.277128787440232	0.274787699865993
-0.083351196466213	0.0804046850924775
-0.623112422888129	1.60116095781634
0.00956860664249273	0.0086941927026514
0.436302189317229	0.519826015733723
-0.423786240987085	0.467653252866806
-0.0249640498257627	0.0200229714702625
-0.438052616867373	0.671339224970827
-0.434894092647601	0.443601655813788
-0.372853518468864	0.358439136486534
-0.202299055173405	0.17577189605022
-0.427684809710592	0.402505029900441
-0.0509109605145466	0.0410095300601072
-0.368395819647546	0.328253506212444
-0.280498999556305	0.217752218604055
-0.443913272180274	0.35282847101603
0.555664145020395	0.49195087321096
-0.400348830812471	0.388606273457177
-0.294755977288543	0.273150655075486
0.151080726457598	0.223108964264116
-0.517613916467887	0.716845079516094
-0.401550876469603	0.574062933559824
-1.02923207123628	1.35844474405838
-0.100856777836492	0.0670222033197861
0.536109655217846	0.549552816825834
-0.233321792948482	0.31330777788228
0.956735051107603	1.31446407677636
-0.108190649880875	0.133199784411104
0.354216374330272	0.530537582626844
-0.311037377529906	0.446265922378769
0.0996403115869124	0.142193951260364
0.153475251183621	0.183128622761833
-0.669835701222964	0.991159533353569
-0.298727441159911	0.420375925048114
-0.107815996149191	0.102067557173512
-0.100526547374971	0.086233387320687
0.227229456557718	0.201091737366895
-0.189640624948789	0.16678461033879
-0.248833273809288	0.319461545483624
-0.0730051820716363	0.101503609606536
-0.494274776286059	0.688375031328656
-0.250106207913915	0.232949251654979
-0.242086118366989	0.222445490093733
-0.650244424497514	0.852734210066239
-0.645565883280916	0.663499735498473
-0.223170489008444	0.283410756498382
-0.203005551375384	0.225484785331448
0.264641607552737	0.351324606540511
-0.236217365809805	0.293891951066268
-0.0167215874350295	0.0169237699344457
-0.289340067447706	0.334106850703395
0.172440742057829	0.212681768658833
0.306546315768795	0.454467779563197
0.624611417624208	1.0646417778278
-0.179944752273599	0.216720785268635
-0.207449895993885	0.293393611253857
-0.341712679034787	0.39157414939698
-0.56259372065426	0.984536616047326
0.721367911379096	1.3230997037262
0.092792007475534	0.0980437441945506
0.288622196253481	0.375074384680373
0.152746767480582	0.18867973081782
-0.440398761918314	0.700071509586031
0.236395704018672	0.311146067415265
0.174759012650054	0.22854551020564
-0.0413790461547931	0.0380445125966831
-0.139213568154851	0.158944407492371
-0.203622041195069	0.265046207128678
-0.205178687247191	0.242246916650162
0.353474974147571	0.434596089123866
-0.562009590632532	0.765893808113452
0.073762412459257	0.0730830285154723
-0.201428939575996	0.241570762164549
0.262267163601402	0.282994796710091
-0.125199074296679	0.126051534465109
-0.258304495240751	0.379246736433295
-0.265894606582691	0.35505712874004
0.444142394137493	0.703759872114637
-0.446978296641545	0.673909316473271
-0.169142072260822	0.185740374247143
0.345020807923378	0.512163639200914
0.656405984933501	1.36651320026927
0.0654542110358195	0.0787118059181126
0.12983986328114	0.171888341733064
-0.182426701331976	0.215618166801575
-0.837767154838137	1.66694784916874
-0.231309759918653	0.341445763368505
0.0211419970194641	0.0214747794639429
-0.357714830381916	0.555904448611221
0.131583471819576	0.148261619885683
0.172170027932251	0.19751092318984
-0.244535711575053	0.360720314684266
-0.175187871512817	0.229666991829772
0.476315736718713	0.769986743599835
0.326468100196331	0.482255849338966
-0.418075045581543	0.569248797271847
-0.0824135247641725	0.085649646462681
-0.763459240890699	1.36102295366006
-0.756526083532443	1.26371731169752
-0.0317939856448831	0.0319158744279273
-0.459882400522625	0.783316481190233
0.14287158759188	0.107375854071061
-0.182745019548878	0.286083655518183
-0.201537601067034	0.311484397345487
-0.17965469992759	0.254856380700675
-0.448540295576638	0.887868599857834
-0.415416708821826	0.747846751184899
-0.188414576479535	0.267905336993278
-0.0838881947134043	0.114022545347149
-0.296046827515622	0.444807147987805
-0.158047895905277	0.145345105203879
0.0502511556025487	0.0511838998842283
-0.547299422113705	1.01063450993167
-0.488156432358559	0.814669364611542
-0.195887195246438	0.262443021715
0.167400491098422	0.209840736893524
-0.450969343859938	0.746321857596922
-0.296205202970599	0.340627362564049
-0.451239554926056	0.789393710979285
0.173592409550167	0.182581457300324
0.938635393952615	1.52156937874518
0.173011996850701	0.201633193740417
-0.323682531575881	0.272152649243486
-0.678795532390115	1.00513568118733
-0.221982915868384	0.275291447333717
0.0132060876339132	0.0135517890351093
0.39447291951793	0.600201051432127
0.492903465902409	0.837646536700608
-0.0704753036741117	0.0711478785237385
-0.142755557668756	0.119464205381452
0.161877684112406	0.158399984611834
-0.062056209173996	0.0692920594308478
-0.537906355660694	0.781453852394495
-0.539709364061891	1.02266105464075
-0.614050775739878	1.11753462948769
-0.0969294640247688	0.107471656765338
-0.474807783120068	0.797256240896664
-0.115933290932071	0.118627597416316
0.552919393696939	0.876564453641043
0.397473457356011	0.512430143444217
-0.887631626460755	1.13040882045102
-0.203855616519977	0.221836632000822
0.212330649868639	0.200377607235721
0.454763947065809	0.459447471564293
0.212836082197362	0.219579776346308
-0.198539002450094	0.161047432976527
-0.0746118983330885	0.077724279101862
-0.0667397431511344	0.0569355290048028
0.776615342491812	1.19271248674422
-0.669511085431425	0.902031763569005
-0.0630057477496367	0.0553114553375437
-0.0758755082106854	0.0508147733473713
-0.460519605957094	0.505166117496004
-0.252096055210527	0.407282418652382
-0.126686764548546	0.158414818325788
0.0868581614370383	0.0914534180998043
-0.160759107914304	0.191022176419918
-0.230225274193759	0.215909449855588
0.153980246609784	0.177082733492397
-0.493796480512268	0.654481716531505
0.698566021144018	1.05954218779282
0.282425376192283	0.293054244928653
-0.165191519440256	0.12080990328364
-0.220761743373852	0.228718255967435
0.079530399223243	0.0965420828791623
-0.0376763094277219	0.0402968426835981
-0.314364171742309	0.46378229308673
-0.22243236962051	0.295659059911528
-0.161904663145459	0.180901915684107
0.855981229646174	1.58749243673568
-0.0792528466921005	0.077029962552121
0.20589343605078	0.252200607966506
-0.0228028252557119	0.0161876249719737
-0.712796812797109	1.01569520312523
-0.270178460626427	0.393598272202249
-0.183980294482917	0.214934896831801
0.0632968136070344	0.0693704049093351
-0.146495950977528	0.166646798088495
-0.883559582406788	2.13606582867561
0.221937729274819	0.257267590276831
0.356797812810557	0.450538153452639
0.0887041172540343	0.0845277582373419
-0.149729339733789	0.122050118805485
-0.550296057348863	0.69407953133813
0.000456493220977468	0.000338874581218104
-0.338688202457907	0.510048876261443
-0.00580230975027215	0.00661190855718095
-0.932866561214755	1.58144656915921
0.0268920078401995	0.0281527823447009
-0.432869242514523	0.583928906727342
-0.497269452362306	0.781370501496631
-0.0419838925976922	0.0416662065651832
0.237501537797447	0.31015553389417
0.134666456825875	0.10730833181119
0.16173104276531	0.16619320038723
-0.330742796578765	0.474317931640404
-0.487332840951769	0.592583033173907
0.0860654538455666	0.099776496851213
-0.0808571047365302	0.08238606864284
-0.076359487357978	0.0844649816233735
0.0861332843908095	0.0965875444725628
0.447979062358436	0.534668848158194
-0.374958498167215	0.618641369547806
-0.340238005696709	0.480247259141403
-0.12886695581315	0.123745222240629
-0.0548966657356159	0.056769361204341
0.00927522855524273	0.00767983568616494
0.338590059634126	0.476590897771367
0.5833723522019	1.02984003038797
0.212999153867081	0.301426047389443
-0.0255372656709083	0.0305588704272619
0.000360728469817934	0.000232570589634131
-0.181825647095344	0.203655678445993
0.47477144766172	0.725120278271383
-0.122514522762996	0.139870410386921
-1.63866547688162	3.68380521846609
-0.236084948014203	0.290784957141302
-0.556015546090445	1.02649575299814
-0.108178563849127	0.11955642414048
-0.271818484315002	0.448133931129249
-0.355824324781561	0.60292285480766
0.128908735187594	0.179552370397468
-0.349302944780882	0.539020755066058
0.0159356029732424	0.0186597789136009
-0.179549776002261	0.260798227125847
-0.0285284883737367	0.0326181358549309
-0.459875371867988	0.636177783607748
0.12408660622684	0.167151910941743
0.176676038807254	0.240999908974594
0.0175188577853564	0.017925169736249
-0.448520656622926	0.76029858912551
-0.445170061603089	0.554620373636643
0.269528097645656	0.327221897882047
0.133070842189825	0.1762609427408
-0.272022527514848	0.472201275309575
0.140890275546457	0.213550362075468
-0.566561221251918	1.22237231047333
-0.452659232751244	0.715957668458722
-0.192272460582602	0.253507468314869
0.0323704471166307	0.0321734913593578
-0.673768754617703	1.18531070284599
-0.311557789255655	0.471588244049535
-0.353820562714626	0.554570937156175
-0.369382489934078	0.620989960275346
-0.122433983814646	0.169365386237984
-0.347907419590737	0.532428010923543
-0.306064671713192	0.486641812910253
-0.0612730294670435	0.0769313533725617
-0.335124223339138	0.576247138985943
0.0179030822862346	0.0192935763179479
0.731903707015803	1.70804996717409
0.00534622002732058	0.00604098469168244
0.262068689959566	0.37616660910231
0.367081006142743	0.53309550200438
-0.374393653332456	0.751590084558576
-0.212109290744142	0.322891840703365
0.256084076651875	0.329959446739549
0.185614057465463	0.246793010396029
-0.558306475942724	0.772088343390441
-0.400986266811991	0.629883822399116
-0.0355957211046531	0.0409132091913166
0.134104499086043	0.20560807663656
-0.375405992376914	0.737579866922331
0.0060729745505607	0.00597873415795556
-0.33318564262887	0.433211828834303
0.0639450603684882	0.0757084646829428
-0.548418017928512	0.784213193738768
-0.346813554842347	0.524088924059254
-0.269339227554439	0.430376323558625
-0.228886650074758	0.390958109021715
0.246869197912294	0.379018310261393
0.0677029904060536	0.073167944027298
-0.249022774124461	0.38271851077304
0.943943556405001	2.13523164537004
0.328246320870331	0.533969543221443
-0.0667358333147896	0.0690524433423647
0.520807385756721	0.982253165870531
0.270273806178993	0.419205208295731
0.218102870613575	0.300226427683935
0.319762606027638	0.439563445194007
-0.401453903333663	0.638527890712401
-0.0906816837234379	0.111171005673807
-0.342441572219299	0.493168742421589
-0.320607031936975	0.510023449574331
-0.291541567856509	0.368839519582737
-0.0390322895398532	0.0454842418737601
-0.133842728301919	0.198011810521401
-0.113050454051852	0.178424674900572
-0.222169556024294	0.277285071947907
0.126905387699781	0.134951578400961
-0.265101130664444	0.327807434818666
-0.583486368801966	1.08734778333413
-0.575851848429505	1.16680248392658
0.45394097168043	0.789843542911335
0.327507454995901	0.562962140954389
-0.02659600354993	0.0287179527287266
0.445408143566335	0.816234595703467
0.143220638355574	0.180333784380084
-0.490222708647766	0.860373630465401
0.241569764408214	0.320146495357171
-0.366172555431237	0.534459097985223
-0.0951424554492639	0.112565549197792
0.1203652141935	0.152425365933378
-0.496515055659263	0.858039818245741
-0.277180207664997	0.462957590437938
-0.424653454121276	0.755240405400028
0.233305745522689	0.34874804110383
-0.0389986612040111	0.046017761933559
-0.32356237156544	0.412191294948111
-0.127458709683824	0.136408306280789
-0.0878109312876867	0.097024324982679
-0.161797704749694	0.160623562002465
0.109599595451681	0.105235398903704
-0.168644714511343	0.190750770348698
-0.228867064313643	0.255636007650974
-0.0770958271092782	0.0785541388375175
-0.0174066505441818	0.0187219782623784
-0.194929943530703	0.203619595388384
-0.502088527517035	0.853339911584224
-0.301168209620661	0.414443885582055
0.425061613942868	0.755068238809114
0.164687681127943	0.174059183002248
-0.124341825875664	0.167145854618627
0.521388868367088	0.973311746780301
0.0616452562577159	0.0663430103943979
-0.00587337011027293	0.00555369265521805
0.0271954099926347	0.0284249472861577
-0.338628174116018	0.500906001111436
0.0232478727487891	0.0274850764237717
0.527989036470996	0.698572514799229
-0.154177487770863	0.207109434934803
0.0417063221383836	0.0482954221699935
0.129297843823439	0.154665972791242
-0.0160106540418506	0.0175133553510284
-0.460736781307286	0.680283062120208
-0.208530184509035	0.295747995918033
-0.0249848432039018	0.0311337717298377
-0.444289163636677	0.542263702384809
0.208550672408089	0.227067777209757
0.463505935368709	0.672838512066295
-0.136225581910026	0.145479891629566
-0.127144896769153	0.134632913307872
-0.165796896229854	0.195218969919248
-1.00196744302425	1.91029762519651
-0.291180519483361	0.355468976533704
0.182266137637852	0.224712150683462
-0.305740417892762	0.455986233650181
0.0647587899360879	0.0778586840722695
-0.229361331277425	0.378935332822814
-0.13941515637872	0.168352519671667
-0.325643210125821	0.488841433828162
-0.283400238122276	0.368895822552556
-0.0399120698963586	0.042326081988447
-0.05450182667827	0.0620558310477627
0.123862795666777	0.173598050510267
0.345278073635757	0.591887423910759
-0.229556099012561	0.356540576305302
0.0599065195317229	0.0758178773620841
0.344778064344803	0.583174143750185
0.058585876717488	0.0796123246614949
0.559045621362251	1.17301434779777
-0.24317169093176	0.388938352429696
-0.224823425919458	0.36691297460137
-0.125088191045715	0.182106382538174
-0.228582686891434	0.340166139025425
-0.109342406979307	0.102972801004771
-0.170505977306624	0.181170346821961
0.420160404015712	0.587376743056676
-0.0749995226046444	0.0726349874310203
0.107474100241871	0.106169454142567
-0.476945797613492	0.697385314359243
0.643119196923741	1.0522558192712
0.0869074990738056	0.106831327936326
0.170340389120713	0.203894460013943
-0.749641678372282	1.68858265251395
-1.32602514874606	1.24260444322148
-0.640583503200495	0.628636648065
0.137037594374865	0.11141487802926
-0.0239418803598738	0.0338473539796173
-0.305672606137414	0.451941038941438
-0.395248927382191	0.381888390467292
0.112107401460794	0.10165995532428
-0.204649963550022	0.281065131751967
0.595867540097572	0.753715485159179
-0.558639398842298	0.513175264377321
-0.0341947528624098	0.0296357154559203
0.0741609112370611	0.096838482160136
0.308826589233836	0.334366337647299
-0.376906411035552	0.744212781578059
-0.85731573967101	2.29955800133935
0.0443542836260588	0.0556128706119723
-0.421297105443961	1.04435246206745
-0.0272907149609265	0.0320565775488001
-0.773915711303758	1.324130960321
-0.22441146685816	0.195660357606477
-0.365486553263952	0.379436549538756
-0.187076387853538	0.226087546290405
-0.261953220742861	0.32133178731109
-0.0254235378382095	0.0206730098995396
0.0576482400430763	0.0392613913010515
0.107037789986841	0.0963317744347769
-0.0503691068375041	0.0534031012808079
-0.157291692857052	0.278957737272907
0.126270716962622	0.147271098803968
-1.16613039841632	1.87318729219124
0.222783860547075	0.382562276182992
-0.144566401868666	0.133396601427644
-0.475043822222739	0.273042876154211
-0.866319346685259	1.92585623399478
-0.925779966584402	0.997308964698051
0.097007924129384	0.0584762890874478
-0.985266709276245	1.46449122907333
0.242390574088662	0.346721546600888
0.531551854818462	0.473280654584966
-0.235672569998059	0.386938946092721
-0.426939964456086	0.781711389182085
-0.773371697661453	1.48996112290911
-0.159853879774234	0.290725911829314
0.249139022495407	0.335012237544925
-0.475150187080045	0.453585686093796
-0.774904682710954	0.743937020717994
-0.402293722056266	0.330839521651454
-0.407992401468997	0.247918561636777
0.511982127542778	0.897875478514115
-0.402171327124447	0.507117592072885
-0.621408186218547	0.570744643301268
-0.0416517813678134	0.0291678149660862
-0.326247020900585	0.363440953211569
-0.149759216890657	0.250201772141083
-0.423026565356578	0.469301459594087
-0.494677033487074	0.499012086342398
-0.852289890733228	0.919513864228318
-0.213858297876407	0.149663288962525
-0.25968098000352	0.179047280266421
0.129440467197427	0.0891540448408994
0.218599465864142	0.274945951142576
-0.367331194748861	0.303918748960975
0.23234926220755	0.135844686558795
0.303168215039368	0.266796131414144
-0.588781793225523	0.903718153308964
0.0649913865934502	0.0492544510838839
0.0314811641204752	0.0338723069705471
-0.251439637388709	0.274206829291811
0.00924716563397063	0.00797323243910813
0.144982229827122	0.184895128479627
-0.00285658399466295	0.00314361280065136
-0.277960760495859	0.334902521746165
-0.0967201013839138	0.091327676774618
-0.105176274751023	0.068556810156765
0.608234989057469	0.559006027555467
-0.00363843539064669	0.0030516869468255
-0.227494412336648	0.338469520298943
-0.3275766060276	0.327123189262721
0.393073337695911	0.357492967017055
-0.194297095813449	0.138109888075716
-0.319051943435219	0.265060573944169
-0.704497570553056	0.683538306578427
-0.0574351398798515	0.0396578973560815
0.222668322334958	0.185378989745914
-0.0830519762413995	0.0865119110374415
0.0678541974758668	0.0516811859693844
0.0672600469508101	0.0808702168025148
0.460861237643064	0.754515450500442
-0.114247660734082	0.125447627718849
-0.701141662699309	1.41876399628583
-0.0549189858834769	0.0562471377087724
-0.499023485169253	0.568373445812683
-1.25450110644813	1.25966712119684
-0.359428359327891	0.297112959977214
-0.577078507301661	0.83481881282428
-0.295180228882762	0.19465911866279
-0.487480722697793	0.429393955461503
-0.236187083399718	0.204334886953696
0.478701447421203	0.665198335279316
0.95399423989534	1.50975727308298
-0.177676774957109	0.220871798589304
-0.465870742469863	0.743098454966569
-0.126091213916236	0.106148772688337
-1.16085892053033	1.38449311145052
-0.159636733956898	0.115369921910301
-0.186056219269155	0.241347639042994
0.0314664856231354	0.0298585259058426
-0.233368401556583	0.218306148218703
-0.409528498811424	0.397755679097917
-0.254675090979747	0.231709753956392
-0.110212386628823	0.0836437644425495
-0.287254901609157	0.333190576591261
0.184748684799622	0.210400294098924
-0.49648696745121	0.562665036564905
-0.512429510164645	0.472264340754921
0.220098192989557	0.242438486751802
-0.374858464451195	0.637338371845351
-0.202014239465816	0.209023902426003
-0.0295312362209825	0.0360528269679768
-0.109241149544429	0.139364210447857
-0.220366777887239	0.327586711813258
-0.232494393112728	0.432729043676049
-0.333334803021945	0.564734141584112
-0.0368772789854119	0.0338254766743872
-0.288908670178583	0.353279973215838
-0.101780436612543	0.109871948872651
-0.208365481347996	0.36576053833555
-0.406976488548587	0.362330354534792
0.0512861529524727	0.0367704671292096
0.127280668054043	0.182816878235493
-0.0886799508494184	0.0858856866409344
-0.331254944301192	0.418750173077039
-0.31376209682514	0.288190346021684
-0.204400951072756	0.180426547981247
-0.17937639987869	0.161411818399603
-0.232717702637145	0.283915047592829
0.0739010736116946	0.0739103115162176
0.0632265856264707	0.0607652454181983
0.0113271665487783	0.0111479457694218
0.0851355820383756	0.0885822387786552
-0.188578626948406	0.222600735142756
0.119848983719144	0.123031903602378
-0.233959508908256	0.288755612856744
0.272263764804388	0.366766182814558
0.285890779936535	0.403430285331874
0.000594014928546331	0.000735709249248025
-0.316332221381668	0.508653783136676
0.279098739405743	0.411056240745259
-0.437165824701946	0.67918155884965
-0.337421050658615	0.565625885178263
-0.256468029772744	0.385500967996602
-0.390816564665911	0.607287402937266
-0.606193314831801	0.944561869543187
-0.39019819019406	0.476839631317195
0.14420343042212	0.141306894936673
-0.000996580809947593	0.00106548085122915
-0.143151976322123	0.141376717598091
-0.124281380806558	0.134048505581155
-0.395907719764504	0.52083045738494
-0.286922449713534	0.310266382176146
-0.244546325801798	0.269448936119361
-0.300453456739048	0.418211138644051
-0.259321795342427	0.299029304748468
0.451117316338418	0.742300748873075
0.103355706434286	0.094623932373427
-0.0721215227981871	0.0750121869306906
0.42624386336735	0.603382101835204
-0.33841157609108	0.437008360456513
0.0270217992337976	0.0290748537637964
0.314316915544745	0.463376030285054
0.109599363000158	0.131462731079759
0.47272602288948	0.854884348574015
-0.120073632696932	0.157888629460961
0.192235721900036	0.242303222564773
-0.102289759228547	0.118608300429385
-0.0752335207308054	0.0848199893874649
-0.492308570735546	0.931478926934001
-0.433641333517829	0.739752554884369
0.0782429670797553	0.105917315798281
-0.0742376664291913	0.0968479228442755
-0.18856978009711	0.237663948286221
-0.243066667917411	0.29153210142912
-0.79339116452099	1.27804031880529
-0.37387712625823	0.390482457119939
-0.496136250298696	0.542059073273923
-0.579420675477628	0.829439857872768
-0.695250385973634	0.926138540641718
-0.312488290195704	0.457284511214669
-0.382503596939475	0.480496838363332
-0.1633806913377	0.157299981951213
-0.0723309617255331	0.0780979751840838
-0.105061291608051	0.113713975107049
-0.160915657393528	0.192204946237714
0.247726095352214	0.333198959032886
-0.186955375612257	0.208829453916352
-0.00945820114426305	0.00878709201445441
-0.302265248227085	0.325578799259185
-0.356896991862565	0.331719078023995
-0.737886226282532	0.894753588958437
-0.0718946224421814	0.0636059479140807
-0.0942720415630435	0.104977755379841
0.22388081736989	0.222179942179535
-0.240536351136762	0.210139820610196
0.155259134165064	0.15364138680654
0.198768732905255	0.301628797240993
0.264493205303898	0.348982427501954
0.26135279952704	0.415269578847693
-0.762750019054655	1.50797966519976
0.175184033432547	0.245084917049998
0.332982518504991	0.495297535819388
-0.199920898259445	0.29023942050649
0.958933965276616	2.27741188807755
-0.17221374405561	0.214597675038007
0.515600573775793	0.894624878246237
-0.161052574394119	0.1802987533358
-0.389797529537317	0.662823357453359
-0.185804229852306	0.218339384572362
-0.291600930507596	0.308743963338487
-0.395964057652868	0.410784108558552
-0.830893713688315	0.941541921666318
0.253029688673129	0.322950282815409
0.762179017700994	1.45915308477322
-0.093345839792487	0.107806649439437
-0.160124412006814	0.17956767255639
-0.125132127553095	0.123154975266421
0.015338864060819	0.0141216169898985
-0.268125868059132	0.305148754634436
-0.100209735473382	0.0942045341669372
-0.412456215609648	0.587114536094642
-0.418075849511278	0.682422269590727
-0.253096393413158	0.236235907288709
0.0210841875837482	0.0164238207864904
-0.764793234064567	1.4562893820717
0.254919254965911	0.281634428290091
0.266811901201979	0.277643328230123
-0.0228824915841194	0.021909725474368
0.218466972169433	0.314288228517409
-0.185986511914467	0.23501905383259
-0.0688442289561768	0.0875119926000578
-0.38538440842456	0.662630955197155
0.265470600016385	0.417012008193738
0.389618810900048	0.761770651249812
0.224832266163942	0.301099220604952
0.381370554370897	0.617054692083416
0.117763661638347	0.146272400774524
-0.501300588824527	0.7363590346283
0.078591817581892	0.080345367241786
0.391698987468961	0.52350704696048
-0.155115472510488	0.151730026407233
-0.0331152620933643	0.0305335918995085
-0.385287105719466	0.394123493097342
-0.254451832477193	0.23362511453179
-0.0851966048091522	0.0827086141413819
-0.668757442864466	1.15781280717985
-0.181147575778897	0.246462514340073
-0.130303663936209	0.137501084052346
-0.131213248302949	0.142332962189313
-0.1120684433006	0.159845898055001
-0.611064229695549	1.07269309627273
-0.0697004470705223	0.0721456464768195
-0.0614049697917659	0.0682634702806069
0.248335488725392	0.327450915705597
-0.124704948660468	0.156511620007879
-0.568935176345226	0.866276221775739
0.0530706590995177	0.0645773622553688
-0.0741485984502921	0.087908426441219
0.0569026146856376	0.0710005795609056
0.0432883632996711	0.0551536118474289
-0.168058712478072	0.228529122879358
0.559866478556746	1.19933613525914
-0.23005363966201	0.283566283221824
0.809236906687119	1.8029282370768
0.278902441810293	0.480331820439882
-0.340625953004802	0.6717031588634
-0.0854091162685426	0.124558619926122
-0.12842261561042	0.154009933556671
-0.0578928096384371	0.0688095956179767
-0.204538694954977	0.326505568937735
0.0185756656726888	0.0206309878607169
0.0646526534336231	0.0672088144790275
0.791387323590123	1.24824630327913
-0.0606677503386285	0.0587330846469928
0.0273854604686059	0.0259890273546697
-0.350329590755784	0.417485337885807
-0.252190199899038	0.267900561169766
0.224474832724631	0.252047225819099
-0.0772283096472239	0.0961134924935987
-0.105335579706189	0.14208819606801
0.378125120834681	0.454885256314379
-0.170395920743556	0.191497448757811
-0.657499793258164	1.39749250525377
-0.26493921136848	0.293758674182087
0.0626982771784619	0.0476700944617814
-0.211309720583955	0.281852657357372
-0.00140662705651611	0.00129506061045492
-0.0952362667381841	0.0987242316717784
-0.125864330081741	0.148257491126967
0.0277868923421683	0.0267069708227818
0.0807154583754764	0.0915119548325309
0.196907043998999	0.240535969237319
0.0609768379694107	0.0637699070899285
-0.104444667017955	0.105940657875457
0.041106977658571	0.0446171977028943
-0.510077800264247	0.935265688386962
0.250275074211271	0.354844639579397
-0.192759829940214	0.282876726953175
0.137051720403409	0.160999531196809
-0.301915473847186	0.452674828932484
-0.22818671007822	0.331367456682597
0.335089830008145	0.577934586967952
-0.367781533822204	0.748898551497349
-0.106668963443997	0.119243096046439
-0.438016472016749	0.686614853535013
0.117700748702117	0.171775768802269
0.234588401162578	0.293350697334598
0.401593808324404	0.526910575249015
-0.0294190130070314	0.0269827626705286
-0.333702210823629	0.378131589905101
-0.252540919864918	0.254442215772233
0.0284102266226495	0.0226043113986247
-0.51611672630283	0.781275208574573
0.210670042955663	0.265606842660054
0.0557308332501823	0.0590717549326675
0.141828560723101	0.114857656314247
0.123469478981592	0.135425316841714
-0.388291256526545	0.627957583185548
-0.305042138676598	0.480475315288224
-0.721804655529598	0.846746576479265
0.0032385851117671	0.00319648184545462
0.0605369135816254	0.0584219637758246
-0.24516907209408	0.393705231466388
0.602371260879152	1.24805477898889
-0.13587346233108	0.172417359915923
-0.0732937052270705	0.0932641345757233
0.169314982658699	0.219089413076074
0.0196936407408212	0.0229111738745552
0.274420001351792	0.445701256544171
0.118369769922432	0.161153905915346
0.03205489624337	0.0343145767691462
-0.0711026222125885	0.0982574862336362
-0.347524587206854	0.62632892952123
0.0198758026684009	0.0203648515066348
0.203716331838397	0.272134718260749
-0.176032646130961	0.232525117423317
-0.188752955365703	0.214495715236525
0.360808189994365	0.432210796684204
-0.351423917758096	0.415354293181746
1.27450280183477	2.275580036571
0.148014060504334	0.125830147047362
-0.140378865621989	0.137128298672186
-0.0562231831394164	0.0509442746965561
-0.185366850488613	0.167540248304572
0.0513458051735234	0.0471139049580431
0.769828033412107	1.60030768361854
-0.207167790256721	0.285525865786694
-0.227176921377499	0.269855814621697
-0.403322259959208	0.528167724034554
-0.17956382248311	0.214371370624008
-0.246745510854807	0.341903422794295
-0.129457105071357	0.149050423841841
-0.459808209293902	0.775266799241764
-0.328334606224862	0.275432251855541
-0.203467032788719	0.197638128875062
0.147110474439517	0.16786534578659
-0.107802179444607	0.0910332787799573
-0.0232598948295156	0.0194488913365907
0.127804536438701	0.177520905033551
0.0684012885763663	0.0779221438202976
-0.614389047530698	1.13675142838198
0.0428199404937373	0.0560028129179285
0.451531117853178	0.813399451347505
0.176116501133114	0.187365111933681
-0.0387300014852949	0.0314959174925566
-0.344704977146444	0.414413889442084
-0.0493356200239074	0.0442660753322682
0.498468077959252	1.07012282854215
0.41318786682294	0.749937736263182
0.284393685859911	0.382420799450464
-0.0940076962259595	0.0882307769491418
0.230706267464357	0.181857380152816
-0.831882723837039	0.881814236707318
-0.309906964462079	0.279487765447588
-0.679497128200118	0.556676521494271
-0.85517801270025	0.812100536366827
-0.538716348958335	0.846192343632516
0.153333484831406	0.140444489059402
0.276765979535314	0.267093535309793
0.00826637800999257	0.0061145159137188
-1.1073495909404	1.64223118895691
-0.235051078829591	0.301212876825263
-0.247756618186938	0.397239352205723
-0.192404992359755	0.21574044952257
-0.304887550568062	0.155524964563449
-0.133110134978381	0.153032675546714
-0.19508336393832	0.171114157041587
-0.67113546655507	0.329703498845929
-0.116762350373501	0.136588249150111
-0.76625295799745	0.683052191710631
-0.0242947010979214	0.0244787625963663
-0.160813491177424	0.158027829547218
-0.215364889859878	0.204722859868623
-0.140713246791301	0.208584863377798
0.0424321820164143	0.037280344172935
-0.276766527404179	0.365371072497048
-0.640296277835343	1.10130250171622
0.0707860462353147	0.0669012054034482
0.248784446072843	0.141488211966608
0.0928084312091152	0.031216186535409
0.00183300134372993	0.00116988342868297
0.544267017148078	0.490388197899628
0.72448470159808	0.412923256102483
1.2196138262653	0.659091286903917
0.295695895531851	0.347185862613147
0.455662378629051	0.448748653397989
0.788657829608038	0.920422813710075
0.0816136722219264	0.0373828189583356
-1.1103835723582	0.871056905753648
-0.273596445724567	0.254143525136012
0.0172807845853859	0.019434521550292
-1.2150919860407	2.16316735215797
-0.746746514409686	0.533685057220775
-0.296481675773512	0.197340779723939
-0.601198539144819	0.508401449255211
-0.345538048188383	0.343441101814177
0.33047780304915	0.144946383042607
-0.479837719835529	0.262832915396937
-0.260223851093902	0.177407714352261
-0.165806968019482	0.186959999465212
-0.122366698772524	0.138502644855977
-0.29928596154605	0.299381944850451
0.539743699634109	0.270029670305217
1.27082186295706	0.547097284510017
0.246703844946206	0.156573849219207
0.234530505406842	0.151600258114647
-0.12504178810553	0.0553590723659607
0.884666451046875	0.562529294221146
-0.0373945070587453	0.0302441418228326
-0.625109452606648	0.561186355620282
-0.0109005416362332	0.00624727210387529
-0.261596746442699	0.142247773041289
-0.552919986433542	0.290593256583323
-0.32398574651206	0.273515072616723
0.469648947942265	0.847045955251792
-0.215908086282465	0.18728030180502
0.0849080579530261	0.0355059189563874
-0.868624095819609	0.655998746714912
-0.997936259439694	0.539798880349366
-0.173472126402093	0.068004885480982
-0.177101166859507	0.107730417474968
-0.854770317592276	1.59689824731202
-0.254145647046805	0.199611813497872
-0.199795873588042	0.141670279651068
-1.12889415335994	1.17781313629836
0.440529989816907	0.368071823853188
0.0297406721034024	0.0281102457131459
0.000118584089205798	0.000102730371521697
0.360070182183531	0.371653803250049
0.532180385551088	0.373998538773814
0.845323186965606	0.690847437282587
-1.51778136931877	1.57855600493538
0.533572694810466	0.381538408730784
0.573955557372389	0.368087535569127
-1.39817782868509	0.865252407841691
0.0897999132992743	0.0707697542914115
-0.569786461237416	0.528309308006457
-0.312093532033504	0.230839483767553
-0.855812142156232	0.566116741522038
-0.0925041987480558	0.0445327343087542
-0.467286698238529	0.444437342802441
-0.038852441483682	0.0440458312409876
-0.0782683069318951	0.0600317980828134
0.339618054651012	0.268022772084665
-0.304073119607628	0.155726064760924
-0.00684032011718376	0.00405514247017334
-0.528887443146303	0.356378099244732
-0.103254030823387	0.0676332511115666
0.618583807047578	0.592275969013638
-0.63859637615346	0.607708174174854
-0.225529246945284	0.155169439451715
0.00580084770714107	0.00548050517956029
-0.113829938887091	0.124245467684922
0.53068732801401	0.650566028700364
0.523876319409092	0.454956940540443
-1.2562253418075	1.25567622263504
0.00276024872578514	0.00172436289701439
0.917871022047521	0.691819353051286
0.106463205941421	0.0635744035054983
-0.263202151092909	0.140075266728779
-0.237578794283878	0.200197253641295
0.604898754768407	0.676101934571319
0.474690057769804	0.369896781672973
-0.416056817748435	0.296553154680309
0.644943764031307	0.404900784923492
-0.600345304488248	0.633046220806009
-0.191969765805679	0.212121276777327
0.0237003730403235	0.0179455367778013
-0.850727348185885	0.873946847427457
0.564075639152306	0.494085685663951
-0.310177657888914	0.233540605509641
-0.344065959973412	0.219518355218106
-0.432217192735253	0.666749343152378
-0.106481605297526	0.0961442074341229
0.286598212002008	0.275956539749434
0.975519852964151	1.1779500548566
-0.565449033254166	0.515809152804218
-0.642946840334109	0.640030697185249
0.012543953435493	0.0138605931379847
-0.314180476307943	0.465037927444085
-0.305375811132475	0.385106460949899
0.590333475560394	0.493817478428541
-0.859903384630023	0.567007209552035
-0.452192670611692	0.357465484941039
0.305311624894993	0.266652012166721
-0.254719866692078	0.139750228188894
-0.8689406974398	0.577993276519039
0.258922884664378	0.300387673146446
-0.580821248741976	0.56446130736858
-0.0549003693424867	0.042014757882456
-0.0724827462643566	0.0482214132199813
0.389549961989353	0.347960123018119
-0.194380206832072	0.172546036488408
-0.0992250691795292	0.118791435805493
-0.314824105993831	0.240581617799009
-0.218754722822061	0.154021967061495
-0.115709578958758	0.0734764858407318
0.333494314075424	0.267123911383845
-0.215896719713117	0.121936233120954
-0.450005938050014	0.360233632258159
-0.283672228983846	0.395346702792828
-0.538637705830144	0.957217003343839
-0.168956179679239	0.154476388436845
0.105260047783671	0.0900658345515351
-0.458178616597268	0.527396703658062
0.0775810251970489	0.0673154515132079
0.637119007967738	1.27214207936246
-0.0834594630566067	0.104364307137507
-0.145573998552117	0.13161981226241
0.330462716629527	0.366946856008021
-0.0728386006640919	0.0489254738862558
0.225284575668563	0.188756320510942
-0.148424730745608	0.093607774244177
0.422464294753633	0.364124174475059
-0.29064711066365	0.245000961208324
-0.12232658107514	0.121645020757167
-1.12108911079586	1.35025968892423
-0.413183202115994	0.334072142298478
0.930202002278806	1.14227540537151
0.589017734191971	0.58368011998452
0.0574761511686588	0.0521567247482387
0.326040852768253	0.434647269878886
-0.197781790758198	0.175832577368526
0.473570079426325	0.465855563132829
0.274570429532082	0.274051388702599
-0.366829278161683	0.384007470401702
-0.390333343629905	0.570111368478082
0.204897276676709	0.271277557335096
-0.065328181153407	0.0939336465689565
-0.0436251761683405	0.0487979505396857
-0.173071420113098	0.139600917663982
0.326412918297459	0.268610983307143
-0.359521573537548	0.269364728717367
0.219833742747853	0.16802034764595
0.01149361754535	0.0137254773840046
0.0299907772611962	0.0371020633042805
-0.54431659893303	0.857973354989404
-0.442408037111806	0.394258340758754
-1.090759889697	1.22450555390438
1.14038618203151	1.87674935621673
0.542803542033447	0.652791951182881
-0.12186358988366	0.0790303604689251
0.228674431543476	0.152384383324643
-0.209619903994529	0.20158895383967
-0.478633373465857	0.52731911482233
0.223726480010555	0.160562446107921
-0.692027428377743	0.614017224038295
0.29769441523012	0.254827765232936
1.03172291876328	1.84241702162128
-0.269065973087361	0.494803736008512
0.00620240805978187	0.00496228162655991
0.0229922255049765	0.0144230202533711
1.06977121980276	1.01719832765238
0.0494134905618465	0.0355485314843025
-0.707938462623147	0.738248437768496
-0.211842993173712	0.355967227797778
-0.395727637603771	0.655845025817092
-0.173697444434813	0.254837722426104
0.494139025062412	1.12890820975314
-0.105040040062153	0.136087566233895
-0.0328167786871946	0.0393510726083288
-0.013459357797241	0.0158888451595247
0.189061039210863	0.24613049412228
0.297365892693123	0.412349572788968
-0.347331620708747	0.46327054104986
-0.00947985883023997	0.010324342389103
0.60492610146894	1.31116030285629
0.416871594466385	0.831353433694271
0.719627967884618	1.43139379776044
-0.608125020341743	0.970882970195558
-0.123500545409942	0.116844693160254
-0.374392618074752	0.414485682632477
0.0101963018020138	0.00789988234479565
0.490253589724447	0.465274265033682
0.491077176200986	0.5434871675046
-0.168843476809582	0.175497539889555
0.386148621458948	0.499688487699383
0.146806770978356	0.124456099314526
-0.00159922022163717	0.0011143520603629
-0.579500088069854	0.702506869010042
0.474587944881941	0.808686154003353
0.0467596923799854	0.0541984544867322
-0.254821609361308	0.299002634934577
-0.0505339441464771	0.048727610563133
0.273348055145227	0.311833591532479
-0.216888701304347	0.242553698042036
0.259506227334852	0.284880501828796
-0.683318725142879	1.21389198595717
-0.35639238979371	0.548588167142075
-0.630131407797108	1.24808222090557
-0.406950386595154	0.749088339889923
0.21812683053918	0.353376856711229
-0.105789947292273	0.155577054943944
-0.15031738847797	0.210951971533196
-0.447481538666623	0.779059717555954
-0.318457993776282	0.521388935514823
0.151098601332081	0.212552487961795
-0.525826211985523	1.05254307579388
-0.290962303383613	0.426605147778987
-0.197657298699092	0.234446781707662
-0.296143510749835	0.442163397090938
0.0851022289127767	0.0912573543894758
0.263756367903209	0.274149824662826
-0.231225388260157	0.217697143244708
0.220557755398688	0.229277401436521
0.658852583218548	0.77433399288863
0.106156973473847	0.092115160962164
-0.0806075836345375	0.076196874624648
-0.354530376341329	0.335604809659145
-0.363331598150214	0.344606673076932
0.270714925610022	0.303445544919338
-0.209009355682175	0.274002524331768
-0.17640786854941	0.197881489694338
0.225094435133179	0.279051856728789
-0.337225605147427	0.501174976453309
-0.0244824952860335	0.0246012661310175
-0.387145286797844	0.519656282476651
-0.761035109389911	1.29415691737453
-0.143699305335889	0.203388389900627
-0.0449083658914078	0.050462113835678
-0.229056481282708	0.303592349189803
-0.680051784948299	0.804782654172838
0.357940860192441	0.331762291832591
0.485200956307224	0.461521723759619
0.705036024362639	0.974354094854268
-0.482992749676091	0.972078197521743
0.171951847113515	0.296250963383069
0.34387387283221	0.509412770348599
-0.193955082764923	0.136915747184673
-0.410082351175763	0.332914367257489
0.400406674693176	0.514712668389022
-0.254379519314195	0.260308621501387
1.04468698076595	1.34259916162272
0.7085495092806	0.729540886444799
0.319819651957427	0.421408672991774
0.203276244063543	0.220900639580153
-0.362942881676611	0.348931231136186
-0.581641689742089	0.641908272912143
0.303051569398341	0.266277371407935
0.397692041515672	0.529918750438938
0.122822014869318	0.192145577191111
-0.524858774206505	0.768205696626606
-0.058704806856009	0.0457733964668759
0.40257277307172	0.352234069124471
0.0472678327357772	0.0338567194251046
0.107615250448097	0.0686198042879896
-0.00872518417733142	0.0109797436235058
-0.584188412664481	1.33921994100959
-0.192843762683394	0.243465718707946
-0.123288505876246	0.134932262140523
0.722336186388728	1.28824732393092
0.225406414667373	0.407400772870428
0.304902998301668	0.509528419098086
0.0836882701477276	0.107708615429054
0.399905683402417	0.455943787460662
-0.435171308588685	0.48092063732587
-0.100600810482385	0.087136612040427
0.211642936931143	0.227735661330002
-0.242348690895547	0.228341625017842
0.359333319180935	0.354624148630571
0.00392117325555539	0.00387075306872204
-0.365307937683056	0.477468855693627
-0.589301142042759	0.773970211831028
0.514803309193057	0.928530208207958
-0.0600857362879027	0.0831454241659683
-0.247260941830504	0.331673819400903
-0.271148554966848	0.310846653517729
0.0487397795417238	0.0490293042154154
-0.0830024280403097	0.0854656661356432
0.161188756473511	0.161231909331851
-0.487134307741874	0.73058635133686
-0.481503501981445	0.738421219298934
0.0142528513164459	0.0181333865868928
-0.56455760194853	1.16040884292466
-0.0632207796241988	0.0658555782715806
0.0686377727774846	0.0682923143636861
-0.404220733562193	0.591153414221143
0.225370185403272	0.25070405677244
-0.0695796540379843	0.10394339285768
0.207749248593318	0.382493107770477
-0.447711443151548	0.786105972394523
0.314642369957108	0.384889292688373
-0.401012726797484	0.372304171538422
-0.085909367486064	0.0733028089645518
-0.155497808302614	0.143267053860508
0.0275788865650888	0.02189113888164
-0.793624337334667	1.16320409212154
-0.202202524620854	0.262093715493899
-0.413003196846065	0.550494016726506
-0.838151673261152	1.13276017021016
-0.346188883377278	0.49126130249193
-0.12109831017138	0.188316459458305
0.334208692822707	0.570639123200664
0.324489349133357	0.374843601117764
-0.477353716633189	0.552198582847355
-0.275855921866014	0.0917535826185674
-0.34222891435127	0.217222545967256
-1.05049628678554	0.504249451421368
-0.348501340978256	0.225096347086732
-1.41863841289282	1.16410552490117
-0.554520887758845	0.295473214741605
0.83710792569445	0.439636783181749
-1.01551045102397	0.63009460930382
-0.303539812528948	0.146937093074201
-0.466058156357936	0.267939378960638
-0.280675536258756	0.0928245597914984
-0.672018179971873	0.332559122506053
-1.22599274398557	0.704585755161447
-0.45817017222231	0.19534589057136
-0.781609832405354	0.277434436245975
-0.128644791814718	0.0576504718648447
-1.73428105238242	0.994145024797084
0.626759732229808	0.193634819169101
1.39475888661647	0.849899962363128
-0.871079884440247	0.562135114293874
0.105332473481666	0.0313926683916637
-1.71148309845165	1.67613442704291
-0.798988604646605	1.88579458837044
-1.10502223332297	2.75329916139939
-0.865445258878639	1.83438974149745
-0.206495537937984	0.303189212240043
0.213493295274942	0.295440912449335
-0.284482449398184	0.438789877175007
-0.127021371331885	0.145676519032229
-0.376544743237704	0.536666974769882
-0.555354056078699	0.668514259170173
0.00919954615886296	0.00863500602658683
-0.240967537739263	0.283247673151692
1.00967882644461	1.11541663702156
-0.576115923165887	0.650265684766688
-0.0781237598976598	0.0680579308515877
-0.0210951323406502	0.0217345573478689
-0.267572062161032	0.334410985598336
-0.129424282412636	0.121643656832973
-0.302751860662439	0.465403769878597
-0.497809137008973	1.2294015918366
-0.725712550954431	1.94277448701606
-0.692939565312249	1.82872879151713
-0.130431097565705	0.231159390444367
-0.0516835431480237	0.0776932464263098
-0.430506482019752	0.99562195461255
-0.0158336506281661	0.0161236013305153
0.043428042876447	0.0517942494446946
-0.807244416599851	1.98783167123946
-0.0374612778466167	0.0324663185285853
-0.235955574763877	0.312837224907715
-0.326161945584266	0.565584933306089
0.788368793854108	2.21801031830714
0.15065417626229	0.205606943564251
0.48739246552932	0.976316379486861
-0.830392066033876	1.37728226392344
-0.240535263402544	0.277631741129335
-0.0619457937951971	0.0839724227550206
-0.0585132570011553	0.0728030079699946
-0.00638876352376273	0.00653855099446944
0.108537206166203	0.121767667178588
-0.308226847692132	0.409222868548105
-0.276387919490807	0.206682456876187
0.216942237156496	0.211383699384479
-0.160311710149522	0.190023531072496
-0.143821405222655	0.157639923223739
0.0233902250411585	0.0242038623869969
-0.188932716282287	0.198155332008569
0.0721484303394247	0.0568728937387611
-0.541689219761177	0.466580891350776
-0.664299062071485	0.976983508455418
-0.150594730693914	0.160544696009877
-0.000123124721140704	0.000206780773644866
-0.639652187010023	1.20256134085286
-0.197021748711674	0.237629686483869
-0.21989446174568	0.268203261839274
-0.0691807022375291	0.0459531852469369
-0.13511287814299	0.125143874712938
-0.187686036423998	0.237237323771057
-0.211372809708758	0.277619139048255
0.328487858372847	0.477622290735475
-0.414397184877204	0.534859825682976
0.441311882998284	0.445549573228797
-1.88670909187103	2.09359942724582
-0.469529834587852	0.540102394787232
-0.341876152992025	0.534106777964171
-0.213043643304031	0.287968766217877
-0.029592395020194	0.029858786826205
-0.0562217484641753	0.0760224667576311
-0.239434020994108	0.327562210789068
0.1843797567077	0.224211274853337
-0.0415807613783775	0.0470991035656662
0.200356842835822	0.290489614839648
0.444527567295386	0.669389484534274
-0.196808462071203	0.204654136810556
-0.255723167590359	0.221183695197
-0.0372299560672818	0.0466069364986891
-0.299301738168557	0.466717588251854
0.0277610806449913	0.0262973729071944
-0.104972968395891	0.113149086000378
-0.214499096138779	0.300186971376543
-0.0563824650433099	0.0666475471565848
0.0131915175177742	0.0154248085994692
-0.358352196860078	0.494119967886392
0.213601652833649	0.22119725344988
-0.352134368782256	0.261661498638753
-0.854165287189655	1.48173608178758
-0.0581945205982684	0.0608857355797596
-0.055127527292227	0.0732455854138851
-0.365790468650389	0.549461209314617
-0.737994432498748	1.03229895205741
-0.586001896571508	0.994521698144594
-0.374208385327846	0.5139038852226
-0.123371030073717	0.0909934063497431
-0.20663583228873	0.232088010444214
-0.130596810627921	0.172572420942127
0.0064584567721241	0.00777088916742023
0.0294262825775755	0.0333550089133387
0.130984602307501	0.146084283631052
-0.909075706268661	1.57215449148616
0.365630739587348	0.346569529634217
-0.600174963325706	0.942707644857812
-0.392076775875647	0.681310070178429
-0.434548895862934	0.781539028776176
-0.409912480404991	0.877042127740824
-0.0924169635753284	0.127594626719018
-0.306697676015916	0.420028271952695
-0.0930427660031493	0.136184273377814
-0.17962959529443	0.195159079215807
-0.478515152608085	0.986130194875758
-0.470350568664226	0.756485402206392
-0.323643982507585	0.548119690222344
-0.497448251453719	0.858305866627022
-0.869667004470108	1.17993648642586
0.295835814662071	0.383708445031471
-0.160351599651324	0.216040202158867
-0.107154241668457	0.130024444649624
-0.3935267587319	0.711325731442078
-0.287078272354601	0.414419743656105
-0.0195931285096456	0.0214778587769057
-0.0722487068971521	0.056863182101188
-0.498582300015472	0.810224413304834
-0.247002916975896	0.415749997143213
-0.168153313845018	0.229390144035195
-0.424014564172655	1.02043707127827
-0.265641002929484	0.467568249955304
-0.333628715294247	0.599340972694201
-0.0783897388012851	0.117708196496062
-0.176136790028344	0.251464334235748
-0.145049397743255	0.213113139997067
-0.0738895988363375	0.105737423711474
-0.263045901087442	0.529472708886267
-0.0563003237312353	0.0671135989698289
-0.454762343894278	0.895557683684961
-0.408799367497084	0.89469434670687
-0.234335944568408	0.344684028664023
-0.0550861791583075	0.0612481927130367
-0.579308299754092	0.866789369678772
0.170433061363574	0.19988415142155
-0.445600313038671	0.689668536569949
-0.226778196765512	0.32668977301551
-0.158126744883703	0.186792525300674
0.695270320128306	1.47105276235917
0.0590857890092588	0.0723975339888663
-0.0680343592653123	0.0908295573991895
-0.00625746720627898	0.00718265562828732
-0.621285618185738	1.21977703881967
0.0974107294221684	0.114001322967159
-0.136898844397625	0.157169044853883
-0.641791379198009	1.186614196716
-0.337980683318238	0.614816363106717
-0.417697042714635	0.932628151952404
-0.215994617834641	0.32865038602767
0.183344167222895	0.359287108656783
0.168580009217106	0.282125129807379
-0.461600603152158	1.18302568449341
-0.0612400281368331	0.0926140310776943
-0.397301846478824	1.06525723485372
0.171385995465616	0.312404817620936
0.209614476322609	0.325710009147951
0.368092764312623	0.590096661370634
-0.310195424420886	0.376371238747175
0.0891239739600864	0.0969122335810978
-0.136032447843695	0.125256250686891
-0.183546408663431	0.204816142252806
-0.237256385928046	0.320276370010484
-0.24259357299687	0.409339148929193
0.286745464211875	0.561343639490527
-0.291590624969912	0.449168814061836
-0.618177822057349	1.10910780618641
-0.0275282470246735	0.0259252122492859
-0.0285438844624366	0.0323417741742515
0.0451952696094464	0.0631752393002921
-0.335756390303658	0.615209054932718
-0.308043147055155	0.373276605437832
0.0394065728339	0.0522751967662042
-0.154207255536495	0.222417126182009
-0.0574587194570951	0.0714524232384427
-0.492958849899385	0.934707790708865
-0.706777730914479	1.29497041381194
-0.273242432507472	0.533490143308307
-0.11599886143979	0.193284681305025
0.0638888598873827	0.0916969588133233
-0.370221143083556	0.744214629251442
0.00736377455184017	0.00902852442692078
-0.228088084771998	0.320667375040135
-0.139069844874627	0.156371483772973
0.202230781363891	0.320873119652797
-0.0638580813649472	0.0771071139142127
-0.116376672265221	0.122826758241142
-0.486098069242541	0.908048094925394
-0.181722320060859	0.172848044575607
-0.0619969810946486	0.0489574259197914
-0.544442667544943	1.02304934267523
-0.267709000406664	0.442823630605361
-0.193240137208882	0.318905972398192
-0.244894731502042	0.353834807170693
-0.464280566786195	0.778048262318149
-0.0278020839029365	0.0395615098785631
-0.121254496570154	0.182392068116687
-0.146588581327363	0.235007196586894
-0.158287731826032	0.256223467497044
0.143499140440919	0.204717255859772
-0.138172034720956	0.188550031958958
-0.171093616057342	0.287729932223591
0.00919401292111045	0.0124498990297121
-0.189917577658075	0.313289954388968
-0.379030404971255	0.605558501583984
-0.13714874101559	0.196516004718006
-0.143991790921403	0.196330723234925
-0.0965548935675719	0.13681276999619
-0.24387418674246	0.361964104705201
-0.0705063255593057	0.0787555416767608
-0.370799225736211	0.647915685273327
-0.0526016949156913	0.0702050937763724
-0.139607451172337	0.14740197800378
-0.00859591072662358	0.0112862954526697
0.0671275403880242	0.098689393745959
0.462044931401337	0.966967512532065
-0.122782421664253	0.212587256151322
0.455931122598474	0.908630661520126
-0.243018657097122	0.282131339222769
0.130391167376089	0.146641501888493
-0.00471581198381574	0.00393732277975779
-0.40729253033883	0.363810824035882
-0.481397373086011	0.705722996930957
-0.403158885946708	0.596034972629952
-0.509673117050602	1.01096946265232
-0.163743768163782	0.183124510460683
-0.0824291795039275	0.0983043385022485
-0.394392866881348	0.561988600535804
-0.187394075338101	0.241538720764867
-0.358207817431247	0.513464733405451
