x	y	clickSelects
0.00817034690797991	0.736590922533995	11
0.0107045819338301	0.737702674068381	200
-0.0737582159768899	0.470732421286002	11
0.0514970224453	1.02030442409512	1218
-0.07030527404812	0.465153938385468	11
-0.0737582159768899	0.470732421286002	11
-0.0741875874159399	0.469908187366168	11
-0.0737582159768899	0.470732421286002	11
-0.0741875874159399	0.469908187366168	213
-0.07192868246787	0.465341987183245	213
0.0132253362857699	0.755411989060104	632
-0.11148511072307	0.817295911613523	153
0.0104651949060399	0.754856633154944	1487
-0.07537314751984	0.463995739107154	85
-0.0741875874159399	0.469908187366168	129
-0.07456600514849	0.471359578920945	2736
-0.0749942755386599	0.470534133754891	129
-0.07030527404812	0.465153938385468	796
-0.0676438680942899	0.458059145768871	284
-0.0786440607999901	0.4556622037059	71
-0.0758003184593199	0.463201860650559	874
-0.10209516358972	0.843312429550933	195
-0.06613305923165	1.77719909155373	195
-0.0758003184593199	0.463201860650559	200
-0.0715503595831399	0.469956675808137	139
-0.0918549696992299	0.800664586389455	129
-0.0749942755386599	0.470534133754891	129
0.01403586280073	0.75935685150874	528
-0.07456600514849	0.471359578920945	796
-0.0737582159768899	0.470732421286002	2850
-0.0737582159768899	0.470732421286002	143
-0.07537314751984	0.463995739107154	490
0.01346491823825	0.7438385311345	490
-0.0959060286128799	0.814064143888407	345
-0.07456600514849	0.471359578920945	1218
-0.0749942755386599	0.470534133754891	339
-0.0749942755386599	0.470534133754891	490
-0.0749942755386599	0.470534133754891	490
-0.0973957313143201	0.816588820874016	195
0.0184197635263701	0.745019451022738	11
-0.07236063103638	0.464536479293759	11
-0.0810577577579901	0.456752572492462	1218
0.0934447964813501	1.3625453288041	11
-0.07236063103638	0.464536479293759	129
-0.0810577577579901	0.456752572492462	339
-0.07073943758596	0.464346498613173	1188
-0.0758003184593199	0.463201860650559	114
-0.07456600514849	0.471359578920945	490
-0.01005520614178	2.05070957887661	195
-0.07537314751984	0.463995739107154	1218
-0.0758003184593199	0.463201860650559	85
0.00965406167298011	0.753537388773881	1549
-0.0749942755386599	0.470534133754891	1549
-0.07236063103638	0.464536479293759	339
-0.0715503595831399	0.469956675808137	339
-0.07537314751984	0.463995739107154	1188
-0.0737582159768899	0.470732421286002	143
-0.07192868246787	0.465341987183245	114
-0.07761949512029	0.458033193982778	490
-0.0749942755386599	0.470534133754891	490
-0.0758003184593199	0.463201860650559	11
-0.0715503595831399	0.469956675808137	569
0.01403586280073	0.75935685150874	1218
-0.0400410469146899	1.59949987352075	2967
0.00679113624203009	0.73476099267312	139
-0.07537314751984	0.463995739107154	297
0.0597923860002001	1.06734996387824	297
-0.0733802533353301	0.462062811856473	85
-0.0741875874159399	0.469908187366168	129
-0.0729497792457801	0.46285609419343	129
0.00379465613867991	0.729942953139323	528
-0.0715503595831399	0.469956675808137	284
-0.07537314751984	0.463995739107154	228
-0.07456600514849	0.471359578920945	461
-0.0737582159768899	0.470732421286002	1144
-0.0729497792457801	0.46285609419343	1144
-0.0711173043372799	0.47078607324022	114
0.0569316196765199	1.86411106094678	165
0.0635932412059299	1.03581954162853	11
0.00985280240579001	1.51084157598945	2896
-0.0946947984028901	1.31681851574858	46
-0.0733802533353301	0.462062811856473	11
0.01622556537349	0.742023917743276	11
-0.0749942755386599	0.470534133754891	11
0.0228055974419299	0.723041114944135	1147
0.00749970304888992	0.721665275754839	1147
-0.07456600514849	0.471359578920945	85
-0.0749942755386599	0.470534133754891	533
0.0126563438279299	0.734963629664486	171
-0.07236063103638	0.464536479293759	339
-0.0749942755386599	0.470534133754891	339
-0.07456600514849	0.471359578920945	71
-0.07537314751984	0.463995739107154	71
-0.0737582159768899	0.470732421286002	71
-0.07236063103638	0.464536479293759	284
-0.0737582159768899	0.470732421286002	228
-0.0758003184593199	0.463201860650559	228
-0.0733802533353301	0.462062811856473	114
-0.0737582159768899	0.470732421286002	114
-0.0711173043372799	0.47078607324022	11
-0.1228274376839	1.44880656448051	11
-0.0688962737552701	0.45688332645499	297
0.0568122374008	1.02126515572007	171
-0.07456600514849	0.471359578920945	129
-0.0794492695425499	0.463259696165317	129
0.01622985341309	0.718446203871944	129
-0.07073943758596	0.464346498613173	129
-0.07456600514849	0.471359578920945	339
-0.0749942755386599	0.470534133754891	306
-0.07456600514849	0.471359578920945	228
-0.0715503595831399	0.469956675808137	477
-0.10231316541434	0.861533536400506	11
-0.07073943758596	0.464346498613173	11
0.0176105378750699	0.742747126630411	11
0.0837590836442801	1.38191101379591	46
0.00857069030446001	1.46755137219881	46
0.0184197635263701	0.745019451022738	11
0.0146065898693399	0.746368120577085	533
-0.0688962737552701	0.45688332645499	533
-0.0741875874159399	0.469908187366168	339
-0.07537314751984	0.463995739107154	339
-0.0711173043372799	0.47078607324022	1188
-0.0711173043372799	0.47078607324022	228
-0.0741875874159399	0.469908187366168	205
-0.0711173043372799	0.47078607324022	2240
-0.02698881466411	1.65276906843217	11
0.0587590539757299	1.03891346998303	46
0.0197987408484901	0.730326285735904	2895
-0.09746445053607	0.854068627129443	2895
-0.09202744998524	1.32765593050464	2116
-0.0733802533353301	0.462062811856473	316
0.00598381482046007	0.736547501278866	316
-0.07456600514849	0.471359578920945	213
0.00978445793825	0.740125339762744	297
-0.0749942755386599	0.470534133754891	297
0.01379611328748	0.742583436825289	533
0.00965406167298011	0.753537388773881	129
-0.0737582159768899	0.470732421286002	129
-0.0749942755386599	0.470534133754891	129
-0.07456600514849	0.471359578920945	2290
-0.0758003184593199	0.463201860650559	71
-0.07456600514849	0.471359578920945	114
-0.0344079496546801	2.49791786075567	195
-0.0733802533353301	0.462062811856473	11
0.01265434173508	0.740078919878972	11
-0.07537314751984	0.463995739107154	139
-0.07537314751984	0.463995739107154	297
-0.0729497792457801	0.46285609419343	129
-0.07073943758596	0.464346498613173	129
-0.07236063103638	0.464536479293759	972
-0.07192868246787	0.465341987183245	490
-0.10524111338353	0.849899962363128	11
-0.1078630137708	0.836676452534335	11
0.0592130075586801	1.06533101272684	46
0.00989404706409003	0.739500966851492	11
0.0176105378750699	0.742747126630411	316
0.0597923860002001	1.06734996387824	129
-0.10253139955978	0.860000456603571	737
0.0649622183976299	1.054557462226	71
-0.0794492695425499	0.463259696165317	71
-0.0749942755386599	0.470534133754891	228
-0.0758003184593199	0.463201860650559	129
0.0128946919708099	0.735045521559099	129
-0.0768113499502501	0.463288562090449	1789
-0.0729497792457801	0.46285609419343	228
-0.10196250570816	0.844247193746378	273
-0.07456600514849	0.471359578920945	129
-0.0768113499502501	0.463288562090449	71
-0.07456600514849	0.471359578920945	71
-0.0737582159768899	0.470732421286002	370
-0.0760025568851801	0.457858179530372	228
-0.0741875874159399	0.469908187366168	1893
-0.0715503595831399	0.469956675808137	969
-0.07456600514849	0.471359578920945	969
-0.0303040282372	1.64433279191922	46
-0.10366470888589	0.844011097285775	878
-0.07236063103638	0.464536479293759	316
0.01403586280073	0.75935685150874	171
-0.07236063103638	0.464536479293759	349
-0.0711173043372799	0.47078607324022	968
-0.07456600514849	0.471359578920945	898
-0.07537314751984	0.463995739107154	1789
-0.0810577577579901	0.456752572492462	114
0.0647555373252899	1.06089481819245	273
0.0624241877232199	1.0104796582851	564
-0.04078134728976	1.17980285048284	2967
-0.06845951491037	0.457663479346108	11
0.0123236938525	0.720717472303617	2133
-0.0715503595831399	0.469956675808137	316
0.0228055974419299	0.723041114944135	158
-0.0749942755386599	0.470534133754891	158
-0.0733802533353301	0.462062811856473	177
-0.0680817409214001	0.457276094142724	8
-0.07236063103638	0.464536479293759	1863
-0.0972468413882801	0.850627726892704	2967
-0.0741875874159399	0.469908187366168	11
-0.07456600514849	0.471359578920945	11
0.00965406167298011	0.753537388773881	158
-0.0741875874159399	0.469908187366168	158
-0.0711173043372799	0.47078607324022	177
-0.0733802533353301	0.462062811856473	349
-0.0749942755386599	0.470534133754891	71
-0.0749942755386599	0.470534133754891	972
-0.07537314751984	0.463995739107154	650
-0.0386502623027201	1.6021655484943	130
-0.10366470888589	0.844011097285775	11
-0.07537314751984	0.463995739107154	11
-0.03368278255574	1.18484830776104	46
-0.10231316541434	0.861533536400506	46
0.0675515625957901	1.04269995584152	2967
-0.03106404852718	1.19488547886787	11
0.0148457312324199	0.759122259312083	316
-0.07030527404812	0.465153938385468	154
0.0592130075586801	1.06533101272684	1270
-0.0794492695425499	0.463259696165317	71
-0.0749942755386599	0.470534133754891	71
-0.0711173043372799	0.47078607324022	1356
-0.07456600514849	0.471359578920945	1893
-0.0768113499502501	0.463288562090449	2226
-0.07456600514849	0.471359578920945	169
-0.12159322290082	1.90058221919956	111
-0.11423159021614	1.91913560165951	46
-0.0737582159768899	0.470732421286002	465
-0.03826795764453	1.16897147211715	465
-0.07073943758596	0.464346498613173	129
-0.07456600514849	0.471359578920945	280
0.01103612506269	0.742009539502176	1270
0.01022504162833	0.740735343520056	1604
-0.07456600514849	0.471359578920945	650
-0.0802538349461199	0.463861149107968	105
-0.0741875874159399	0.469908187366168	347
-0.02965385660914	1.62837491495891	303
-0.0737582159768899	0.470732421286002	11
-0.07030527404812	0.465153938385468	129
0.01022504162833	0.740735343520056	129
-0.07236063103638	0.464536479293759	129
-0.0758003184593199	0.463201860650559	71
-0.07456600514849	0.471359578920945	105
-0.07030527404812	0.465153938385468	347
-0.0741875874159399	0.469908187366168	1356
-0.0758003184593199	0.463201860650559	370
-0.10042750055999	1.2316176441509	130
-0.10344523929805	0.834704026225854	447
-0.10157168531962	1.2941380670329	46
-0.09351087743777	1.32321722490508	46
-0.0794492695425499	0.463259696165317	87
-0.07192868246787	0.465341987183245	158
-0.0768113499502501	0.463288562090449	129
-0.0786440607999901	0.4556622037059	1373
-0.0737582159768899	0.470732421286002	105
-0.0729497792457801	0.46285609419343	114
-0.07456600514849	0.471359578920945	169
0.06635542018067	0.999408753035364	130
0.0647555373252899	1.06089481819245	273
-0.0199211337154901	1.6434652502518	11
-0.0711173043372799	0.47078607324022	447
-0.07030527404812	0.465153938385468	1054
0.00989404706409003	0.739500966851492	129
-0.0741875874159399	0.469908187366168	71
-0.07456600514849	0.471359578920945	71
-0.0749942755386599	0.470534133754891	788
-0.07537314751984	0.463995739107154	105
-0.0737582159768899	0.470732421286002	2226
-0.0737582159768899	0.470732421286002	144
-0.0715503595831399	0.469956675808137	169
0.11933297701169	2.44796065279729	303
-0.02568518646708	2.48823542570022	111
-0.0232689528343399	1.98046762867281	111
-0.07456600514849	0.471359578920945	447
-0.0685929592738601	1.73593257730211	525
-0.07456600514849	0.471359578920945	465
-0.0397027479384999	1.16999083621135	11
-0.0372296501135101	1.16891658203727	1238
-0.0758003184593199	0.463201860650559	129
0.06734671682236	1.0424942448562	129
-0.0741875874159399	0.469908187366168	129
0.01127567989505	0.752946896959541	1373
-0.07192868246787	0.465341987183245	2226
0.01026552966669	1.53253453611304	130
-0.0999495055675099	0.850697715795631	273
-0.07537314751984	0.463995739107154	273
-0.0138823976147899	2.40115518842558	525
-0.12191988534063	1.86704192218523	11
-0.10223303729587	0.844064024068727	1470
-0.10331862230922	0.852960107965367	124
-0.0715503595831399	0.469956675808137	124
-0.0711173043372799	0.47078607324022	129
-0.07456600514849	0.471359578920945	105
-0.0760025568851801	0.457858179530372	1893
-0.0794492695425499	0.463259696165317	143
-0.07236063103638	0.464536479293759	1479
-0.0350727944760501	1.19242697893156	11
-0.07030527404812	0.465153938385468	158
-0.07192868246787	0.465341987183245	158
-0.0688962737552701	0.45688332645499	124
0.00884228347658	0.748519684869526	1530
0.01335405667603	0.726919455715876	71
-0.0741875874159399	0.469908187366168	2629
-0.0749942755386599	0.470534133754891	2036
-0.07537314751984	0.463995739107154	347
-0.0733802533353301	0.462062811856473	1163
-0.0786440607999901	0.4556622037059	382
-0.0715503595831399	0.469956675808137	144
0.06181464325556	1.04645698745722	111
-0.10196250570816	0.844247193746378	447
0.0107315475560501	1.52625649858677	11
0.0824784006134001	1.3984684590035	87
-0.0749942755386599	0.470534133754891	11
-0.0966767859262601	0.852145928882922	11
0.01127567989505	0.752946896959541	158
-0.07236063103638	0.464536479293759	124
-0.0711173043372799	0.47078607324022	129
-0.0794492695425499	0.463259696165317	71
-0.0749942755386599	0.470534133754891	71
-0.07537314751984	0.463995739107154	71
-0.0749942755386599	0.470534133754891	71
-0.0966767859262601	0.852145928882922	11
0.05331733159362	1.73811499762825	525
-0.0425313030661301	1.16322440723876	11
-0.07192868246787	0.465341987183245	11
-0.0758003184593199	0.463201860650559	118
0.00965406167298011	0.753537388773881	158
0.01241415500652	0.743648577773175	124
-0.08949494763279	0.81141678768943	124
-0.0711173043372799	0.47078607324022	1863
0.0148457312324199	0.759122259312083	1863
-0.0711173043372799	0.47078607324022	755
-0.0711173043372799	0.47078607324022	2629
-0.0749942755386599	0.470534133754891	71
-0.0749942755386599	0.470534133754891	422
-0.07537314751984	0.463995739107154	422
-0.07537314751984	0.463995739107154	422
-0.0924824499537	1.30328922138522	273
-0.0741875874159399	0.469908187366168	465
0.11024360773126	1.74283542751069	11
-0.09765087776722	1.32417795840487	11
-0.03830310628371	1.18396966439225	158
0.0154164083408601	0.746156584553076	38
0.0184197635263701	0.745019451022738	129
0.0148457312324199	0.759122259312083	71
-0.0741875874159399	0.469908187366168	1225
-0.0737582159768899	0.470732421286002	2036
-0.0741875874159399	0.469908187366168	144
-0.08440734533953	1.83966389390058	303
-0.04092485937329	1.13623856338051	447
0.0209042273514399	1.53608959567487	11
-0.0749942755386599	0.470534133754891	87
-0.0715503595831399	0.469956675808137	87
-0.0741875874159399	0.469908187366168	465
0.0146065898693399	0.746368120577085	11
-0.10593204509906	0.841433464588651	11
0.00908286397743008	0.738233666663858	11
-0.0711173043372799	0.47078607324022	124
-0.07456600514849	0.471359578920945	124
-0.07030527404812	0.465153938385468	1225
-0.07030527404812	0.465153938385468	143
-0.0749942755386599	0.470534133754891	422
0.06262728553897	1.03118530380521	87
-0.10445304764553	0.848368946880997	648
0.0176105378750699	0.742747126630411	158
0.01379611328748	0.742583436825289	124
0.0655435304387799	1.05652961693238	124
0.0104651949060399	0.754856633154944	71
-0.07456600514849	0.471359578920945	71
-0.0810577577579901	0.456752572492462	755
-0.0741875874159399	0.469908187366168	71
-0.0749942755386599	0.470534133754891	93
-0.0749942755386599	0.470534133754891	71
-0.0733802533353301	0.462062811856473	315
-0.0749942755386599	0.470534133754891	335
-0.0715503595831399	0.469956675808137	143
-0.0715503595831399	0.469956675808137	275
-0.07537314751984	0.463995739107154	275
0.0108175863789299	1.50615010176458	11
-0.10038698566175	0.847067007001857	11
0.00541137566876992	0.735955145381462	158
-0.0749942755386599	0.470534133754891	38
0.05560707402429	1.04656930130278	124
0.00884228347658	0.748519684869526	38
0.01127567989505	0.752946896959541	129
-0.07236063103638	0.464536479293759	755
-0.0737582159768899	0.470732421286002	71
-0.0802538349461199	0.463861149107968	315
-0.0794492695425499	0.463259696165317	315
-0.0741875874159399	0.469908187366168	335
0.01379611328748	0.742583436825289	144
-0.0802538349461199	0.463861149107968	242
-0.0758003184593199	0.463201860650559	131
0.0655435304387799	1.05652961693238	743
-0.10858479976556	0.805364237837218	38
0.01403586280073	0.75935685150874	38
-0.07456600514849	0.471359578920945	38
-0.10152554485988	0.861359089511364	129
-0.07537314751984	0.463995739107154	71
-0.0749942755386599	0.470534133754891	71
-0.0749942755386599	0.470534133754891	71
-0.07537314751984	0.463995739107154	143
-0.0733802533353301	0.462062811856473	2378
0.09384281127673	1.40945835063996	111
0.07025327628871	1.24911192794433	273
-0.0760025568851801	0.457858179530372	273
0.0426220324456399	2.17354231857617	11
0.01294766137933	1.52713104238629	914
-0.0749942755386599	0.470534133754891	87
-0.06845951491037	0.457663479346108	87
-0.10117487918326	0.847218225319799	124
-0.09940682029389	1.25177218664393	124
-0.10196250570816	0.844247193746378	38
-0.07456600514849	0.471359578920945	2815
-0.0733802533353301	0.462062811856473	71
-0.07192868246787	0.465341987183245	71
-0.0737582159768899	0.470732421286002	71
-0.0749942755386599	0.470534133754891	335
-0.0786440607999901	0.4556622037059	2378
-0.07456600514849	0.471359578920945	275
0.0150840937476799	0.739530354684421	273
0.00598381482046007	0.736547501278866	87
0.00965406167298011	0.753537388773881	743
-0.0287120836978001	1.17942901761407	68
0.0142748366853001	0.743630865841538	1715
0.01127567989505	0.752946896959541	38
0.0132253362857699	0.755411989060104	38
-0.0741875874159399	0.469908187366168	71
-0.07537314751984	0.463995739107154	170
-0.0749942755386599	0.470534133754891	71
0.01346491823825	0.7438385311345	93
0.06828754770301	1.84950581459132	273
-0.03709022907874	1.62713171746717	11
0.05450974613107	1.03783139135211	71
-0.0794492695425499	0.463259696165317	1136
-0.0741875874159399	0.469908187366168	143
-0.07192868246787	0.465341987183245	242
-0.0737582159768899	0.470732421286002	1741
-0.0318874088151899	1.19137600410926	130
-0.11475077575322	0.807708634120077	273
-0.0245171312255199	1.17746476432833	273
-0.0729497792457801	0.46285609419343	87
0.0647555373252899	1.06089481819245	73
-0.0711173043372799	0.47078607324022	1715
0.01103612506269	0.742009539502176	235
-0.07456600514849	0.471359578920945	6
-0.07192868246787	0.465341987183245	335
-0.07192868246787	0.465341987183245	264
0.11346143264299	2.4116926321779	11
0.01622556537349	0.742023917743276	11
0.0495465583524399	1.01223633235005	743
0.11007560420839	1.71193041082958	73
0.0150840937476799	0.739530354684421	118
-0.0966767859262601	0.852145928882922	108
-0.0749942755386599	0.470534133754891	108
-0.10253139955978	0.860000456603571	2445
0.0107045819338301	0.737702674068381	38
0.00965406167298011	0.753537388773881	71
-0.0711173043372799	0.47078607324022	93
-0.0749942755386599	0.470534133754891	335
-0.0758003184593199	0.463201860650559	143
0.09446389367913	1.40472534825687	111
0.05450974613107	1.03783139135211	73
-0.0729497792457801	0.46285609419343	1510
-0.0737582159768899	0.470732421286002	235
-0.07537314751984	0.463995739107154	6
-0.0729497792457801	0.46285609419343	208
-0.07456600514849	0.471359578920945	71
-0.07456600514849	0.471359578920945	93
-0.0741875874159399	0.469908187366168	93
-0.07192868246787	0.465341987183245	335
-0.0737582159768899	0.470732421286002	335
0.08191338350629	1.36347622304801	130
-0.07073943758596	0.464346498613173	87
-0.07456600514849	0.471359578920945	73
-0.07236063103638	0.464536479293759	1510
-0.0733802533353301	0.462062811856473	38
-0.07537314751984	0.463995739107154	98
-0.0737582159768899	0.470732421286002	98
-0.0741875874159399	0.469908187366168	6
-0.0749942755386599	0.470534133754891	6
-0.07456600514849	0.471359578920945	93
-0.07456600514849	0.471359578920945	1231
-0.0711173043372799	0.47078607324022	93
-0.0760025568851801	0.457858179530372	93
-0.07456600514849	0.471359578920945	93
-0.0749942755386599	0.470534133754891	93
-0.0715503595831399	0.469956675808137	335
-0.0711173043372799	0.47078607324022	2207
-0.0749942755386599	0.470534133754891	144
0.0647555373252899	1.06089481819245	130
-0.07073943758596	0.464346498613173	474
-0.0715503595831399	0.469956675808137	111
-0.07073943758596	0.464346498613173	273
0.02223516202009	0.709452397085571	447
-0.0733802533353301	0.462062811856473	27
-0.07236063103638	0.464536479293759	131
-0.07236063103638	0.464536479293759	1688
0.0164634805221999	0.743060111620431	108
-0.0749942755386599	0.470534133754891	93
-0.0715503595831399	0.469956675808137	93
-0.0749942755386599	0.470534133754891	71
-0.07192868246787	0.465341987183245	303
-0.10310051917062	0.858445269472891	303
-0.04052623949016	1.16410214264861	130
0.0148457312324199	0.759122259312083	130
-0.0749942755386599	0.470534133754891	1701
-0.07761949512029	0.458033193982778	111
0.01346491823825	0.7438385311345	893
0.0707152912254101	1.01637387049632	893
-0.10659750294821	0.847226258348608	11
0.0126563438279299	0.734963629664486	250
-0.07456600514849	0.471359578920945	11
-0.07236063103638	0.464536479293759	1288
-0.07030527404812	0.465153938385468	131
-0.0749942755386599	0.470534133754891	131
-0.07537314751984	0.463995739107154	1451
-0.0749942755386599	0.470534133754891	73
-0.07456600514849	0.471359578920945	73
-0.0737582159768899	0.470732421286002	73
-0.0737582159768899	0.470732421286002	98
0.0148457312324199	0.759122259312083	303
-0.0737582159768899	0.470732421286002	130
-0.07456600514849	0.471359578920945	474
0.00989404706409003	0.739500966851492	130
0.01346491823825	0.7438385311345	35
-0.0741875874159399	0.469908187366168	894
-0.0741875874159399	0.469908187366168	273
-0.0715503595831399	0.469956675808137	250
-0.0758003184593199	0.463201860650559	11
-0.0737582159768899	0.470732421286002	131
-0.07456600514849	0.471359578920945	131
0.0146065898693399	0.746368120577085	658
0.00983444004660994	1.49063443366452	165
0.00941331320357008	0.735923451983237	303
-0.06845951491037	0.457663479346108	1591
-0.0741875874159399	0.469908187366168	130
-0.0715503595831399	0.469956675808137	1701
0.01103612506269	0.742009539502176	2649
-0.0749942755386599	0.470534133754891	35
0.12059375972202	1.75768955350535	651
-0.07236063103638	0.464536479293759	195
-0.10729132941321	0.849626314995306	195
0.01737121754615	0.720786647833283	111
-0.0794492695425499	0.463259696165317	111
-0.0737582159768899	0.470732421286002	111
-0.0749942755386599	0.470534133754891	111
-0.07456600514849	0.471359578920945	27
-0.0741875874159399	0.469908187366168	574
-0.0737582159768899	0.470732421286002	108
-0.07192868246787	0.465341987183245	1118
-0.0737582159768899	0.470732421286002	98
0.0607876674140999	1.06469461757353	63
0.0653969788242901	1.0116087735048	165
-0.0711173043372799	0.47078607324022	165
-0.0733441634785099	0.451024438456492	63
-0.0749942755386599	0.470534133754891	130
-0.0715503595831399	0.469956675808137	35
-0.0676438680942899	0.458059145768871	651
-0.0741875874159399	0.469908187366168	111
-0.0741875874159399	0.469908187366168	111
-0.0733802533353301	0.462062811856473	111
-0.0758003184593199	0.463201860650559	111
-0.0741875874159399	0.469908187366168	574
-0.07456600514849	0.471359578920945	130
0.01022504162833	0.740735343520056	111
-0.07030527404812	0.465153938385468	894
-0.0737582159768899	0.470732421286002	204
-0.07073943758596	0.464346498613173	754
-0.0749942755386599	0.470534133754891	1099
-0.0768113499502501	0.463288562090449	126
-0.0365666244629199	1.16430548377112	130
0.0647555373252899	1.06089481819245	1368
0.10810548914811	1.73548439873303	27
0.11387433613438	1.70732710399777	27
-0.0244592429053201	2.02592627544568	27
0.0184197635263701	0.745019451022738	1288
0.0248781128700599	1.52767042079421	131
-0.10073765805908	0.857947769540287	73
0.0940414601021	1.39870432026847	73
0.01346491823825	0.7438385311345	108
-0.07456600514849	0.471359578920945	108
0.0568122374008	1.02126515572007	1118
-0.0737582159768899	0.470732421286002	429
-0.0741875874159399	0.469908187366168	208
-0.07537314751984	0.463995739107154	455
-0.0741875874159399	0.469908187366168	455
-0.07456600514849	0.471359578920945	144
-0.0741875874159399	0.469908187366168	779
-0.0749942755386599	0.470534133754891	1406
-0.11077383639535	1.96800506067383	11
0.12393398707687	1.7161594669008	27
0.0142748366853001	0.743630865841538	369
-0.07030527404812	0.465153938385468	1118
-0.0768113499502501	0.463288562090449	98
0.00679113624203009	0.73476099267312	98
-0.0758003184593199	0.463201860650559	98
0.00908286397743008	0.738233666663858	21
-0.07073943758596	0.464346498613173	57
-0.0711173043372799	0.47078607324022	2311
-0.0737582159768899	0.470732421286002	144
0.00647069230716002	2.26030347278015	130
0.05608735515977	1.03729340364328	111
0.0887049570353	1.37050739577352	27
0.01818106119555	0.730530153064536	73
-0.07456600514849	0.471359578920945	754
-0.0758003184593199	0.463201860650559	108
0.01103612506269	0.742009539502176	108
-0.0758003184593199	0.463201860650559	108
-0.07537314751984	0.463995739107154	8
-0.0758003184593199	0.463201860650559	6
-0.0741875874159399	0.469908187366168	93
-0.07073943758596	0.464346498613173	93
-0.07192868246787	0.465341987183245	57
0.0139260327561599	0.727495229739064	455
-0.0680817409214001	0.457276094142724	2311
-0.0749942755386599	0.470534133754891	17
-0.0733802533353301	0.462062811856473	1406
-0.08761463164991	1.86254843330646	111
-0.02556528662396	2.04137662226969	111
0.08767938868226	1.41059121825764	11
0.09528426907083	1.4041305928271	27
-0.03661839261543	1.16526954450878	131
-0.10659750294821	0.847226258348608	131
-0.11078007038282	0.838509441100221	73
-0.07192868246787	0.465341987183245	108
0.0146065898693399	0.746368120577085	6
-0.0737582159768899	0.470732421286002	208
-0.0737582159768899	0.470732421286002	1099
-0.07456600514849	0.471359578920945	93
-0.0810577577579901	0.456752572492462	126
-0.0749942755386599	0.470534133754891	985
-0.0741875874159399	0.469908187366168	1045
-0.0741875874159399	0.469908187366168	455
-0.0733802533353301	0.462062811856473	627
-0.12378414640193	1.44667363000968	204
-0.0915146984635	1.31250833742012	204
-0.0737582159768899	0.470732421286002	73
-0.0287120836978001	1.17942901761407	73
-0.10546053359562	0.833439217457726	108
-0.07761949512029	0.458033193982778	108
-0.0758003184593199	0.463201860650559	108
-0.0768113499502501	0.463288562090449	6
0.00679113624203009	0.73476099267312	21
0.00965406167298011	0.753537388773881	21
-0.07192868246787	0.465341987183245	21
-0.0715503595831399	0.469956675808137	21
-0.0749942755386599	0.470534133754891	2592
-0.0741875874159399	0.469908187366168	93
-0.0741875874159399	0.469908187366168	93
0.05627637239018	1.00807568035361	93
-0.07761949512029	0.458033193982778	985
-0.06845951491037	0.457663479346108	2311
-0.0733802533353301	0.462062811856473	627
-0.0918463622999499	1.81226914037809	11
-0.1016607785808	0.833184512916109	73
0.01622556537349	0.742023917743276	842
-0.10738488526196	0.843213631071436	98
-0.0737582159768899	0.470732421286002	98
0.0154164083408601	0.746156584553076	57
-0.0676438680942899	0.458059145768871	1192
-0.07073943758596	0.464346498613173	455
-0.0715503595831399	0.469956675808137	229
-0.0715503595831399	0.469956675808137	444
-0.0729497792457801	0.46285609419343	1049
-0.04079835103375	2.42865777691148	947
0.06454858521066	1.04077049556386	11
-0.07192868246787	0.465341987183245	2032
0.0626007232938499	1.0552800662064	73
-0.07192868246787	0.465341987183245	108
-0.0737582159768899	0.470732421286002	842
-0.07192868246787	0.465341987183245	6
-0.07537314751984	0.463995739107154	6
-0.0749942755386599	0.470534133754891	93
-0.0711173043372799	0.47078607324022	93
0.01022504162833	0.740735343520056	126
-0.07073943758596	0.464346498613173	985
-0.0688962737552701	0.45688332645499	985
-0.0680817409214001	0.457276094142724	1735
-0.0749942755386599	0.470534133754891	1735
-0.0741875874159399	0.469908187366168	455
-0.0758003184593199	0.463201860650559	1049
-0.0676438680942899	0.458059145768871	1049
-0.07236063103638	0.464536479293759	17
-0.0711173043372799	0.47078607324022	408
-0.0365077841677099	1.19136309767125	11
0.08632776151996	2.16369079132242	369
-0.07192868246787	0.465341987183245	369
-0.07236063103638	0.464536479293759	369
-0.10174390936597	0.863099661224463	36
0.0156549382523099	0.754787524699518	36
-0.0802538349461199	0.463861149107968	36
0.0142748366853001	0.743630865841538	73
-0.0749942755386599	0.470534133754891	358
-0.10095615227472	0.862923691764986	98
-0.07456600514849	0.471359578920945	93
-0.07030527404812	0.465153938385468	126
-0.07192868246787	0.465341987183245	408
-0.07296292721092	1.70060964912561	11
-0.1246263696864	1.44214296578472	11
0.0164634805221999	0.743060111620431	73
-0.0741875874159399	0.469908187366168	1831
-0.0715503595831399	0.469956675808137	1831
-0.0741875874159399	0.469908187366168	1274
0.00460334406519003	0.734693489075444	108
-0.0749942755386599	0.470534133754891	6
-0.0715503595831399	0.469956675808137	93
0.08638572461606	1.40489467546526	7
-0.0931909137620901	0.836212761031506	111
-0.0291164147966401	1.18135285515517	111
-0.07236063103638	0.464536479293759	11
0.00517583373338004	0.73528457737615	108
-0.0729497792457801	0.46285609419343	93
-0.0802538349461199	0.463861149107968	1240
-0.0749942755386599	0.470534133754891	111
-0.0711173043372799	0.47078607324022	11
-0.09521991644901	1.32046030116034	369
-0.10760048574469	2.18911504330291	369
-0.0680817409214001	0.457276094142724	369
-0.0741875874159399	0.469908187366168	73
-0.0741875874159399	0.469908187366168	1831
-0.0676438680942899	0.458059145768871	522
-0.0711173043372799	0.47078607324022	1192
-0.0758003184593199	0.463201860650559	229
-0.0749942755386599	0.470534133754891	17
0.0144510691966799	1.51701353604732	130
0.0797664441157	1.3354678047477	7
0.0333550807312699	2.49086870494291	204
-0.08978452462887	1.33142090688147	11
-0.0760025568851801	0.457858179530372	108
-0.07456600514849	0.471359578920945	108
-0.0758003184593199	0.463201860650559	505
-0.0733802533353301	0.462062811856473	6
-0.0741875874159399	0.469908187366168	522
-0.0749942755386599	0.470534133754891	1216
-0.0729497792457801	0.46285609419343	1112
-0.07456600514849	0.471359578920945	678
0.0104651949060399	0.754856633154944	73
-0.07030527404812	0.465153938385468	108
0.01403586280073	0.75935685150874	8
-0.0741875874159399	0.469908187366168	6
-0.0676438680942899	0.458059145768871	285
-0.0729497792457801	0.46285609419343	1216
0.0154164083408601	0.746156584553076	57
-0.0737582159768899	0.470732421286002	57
-0.07192868246787	0.465341987183245	772
-0.0711173043372799	0.47078607324022	1000
-0.0810577577579901	0.456752572492462	678
-0.02248356869083	1.65468348239548	130
-0.0938165458495099	1.82546524300675	130
-0.10624818746169	0.829580839343601	111
-0.10549955985939	0.836278368304434	466
0.01127567989505	0.752946896959541	73
-0.0768113499502501	0.463288562090449	108
-0.0794492695425499	0.463259696165317	6
-0.07192868246787	0.465341987183245	858
-0.0711173043372799	0.47078607324022	285
-0.0729497792457801	0.46285609419343	6
-0.0715503595831399	0.469956675808137	57
-0.0794492695425499	0.463259696165317	229
-0.0737582159768899	0.470732421286002	229
-0.0741875874159399	0.469908187366168	229
-0.0733802533353301	0.462062811856473	17
-0.07236063103638	0.464536479293759	17
0.0154164083408601	0.746156584553076	466
0.11157904053617	1.73444351239281	73
-0.0313407288968901	1.18244827668252	8
-0.0749942755386599	0.470534133754891	1930
0.0107045819338301	0.737702674068381	6
-0.07236063103638	0.464536479293759	57
-0.07537314751984	0.463995739107154	1673
0.01127567989505	0.752946896959541	1202
-0.07456600514849	0.471359578920945	229
-0.07456600514849	0.471359578920945	229
-0.07236063103638	0.464536479293759	1112
-0.0715503595831399	0.469956675808137	2669
-0.07456600514849	0.471359578920945	17
-0.10174390936597	0.863099661224463	111
-0.03424880789478	1.19374333963478	11
-0.11706962367784	2.05358815508365	27
-0.0715503595831399	0.469956675808137	73
-0.0680817409214001	0.457276094142724	108
-0.0737582159768899	0.470732421286002	108
-0.0794492695425499	0.463259696165317	1930
-0.07456600514849	0.471359578920945	2198
-0.0741875874159399	0.469908187366168	17
-0.07456600514849	0.471359578920945	2469
0.00989404706409003	0.739500966851492	1904
0.01022504162833	0.740735343520056	73
0.0142748366853001	0.743630865841538	1930
-0.07192868246787	0.465341987183245	6
-0.0715503595831399	0.469956675808137	6
-0.0758003184593199	0.463201860650559	285
-0.0737582159768899	0.470732421286002	412
-0.0711173043372799	0.47078607324022	57
-0.0737582159768899	0.470732421286002	229
-0.07456600514849	0.471359578920945	229
-0.07073943758596	0.464346498613173	2198
0.0824358519641899	2.10699029054185	27
-0.11701508209534	1.43108112357767	73
0.05900559623053	1.06203810917617	36
-0.0733441634785099	0.451024438456492	73
-0.07456600514849	0.471359578920945	108
-0.07456600514849	0.471359578920945	108
-0.0715503595831399	0.469956675808137	108
-0.0711173043372799	0.47078607324022	727
0.01403586280073	0.75935685150874	2342
-0.0688962737552701	0.45688332645499	6
-0.07073943758596	0.464346498613173	6
-0.07192868246787	0.465341987183245	2080
-0.0711173043372799	0.47078607324022	57
-0.0733802533353301	0.462062811856473	1004
-0.07456600514849	0.471359578920945	229
-0.07456600514849	0.471359578920945	2198
-0.0758003184593199	0.463201860650559	225
0.0655435304387799	1.05652961693238	73
0.00749970304888992	0.721665275754839	18
0.01022504162833	0.740735343520056	368
-0.0741875874159399	0.469908187366168	2080
-0.07761949512029	0.458033193982778	550
-0.07456600514849	0.471359578920945	948
-0.0337899325408899	2.4203791243351	566
0.05854885496888	1.0258765468244	27
-0.03403641869194	1.19546531567178	27
0.0511227645538199	1.02073889532564	73
0.00965406167298011	0.753537388773881	18
-0.0711173043372799	0.47078607324022	73
-0.06845951491037	0.457663479346108	368
0.01403586280073	0.75935685150874	943
-0.07073943758596	0.464346498613173	6
0.0111626376348799	0.736643121612494	168
0.00965406167298011	0.753537388773881	442
-0.06845951491037	0.457663479346108	442
-0.0749942755386599	0.470534133754891	6
-0.0741875874159399	0.469908187366168	550
-0.0741875874159399	0.469908187366168	17
-0.0711173043372799	0.47078607324022	17
0.0510806928355101	2.17686316738046	111
-0.09873154076447	1.30706385755701	27
0.0082710359545799	0.733454136250542	73
-0.07537314751984	0.463995739107154	73
0.0600000626544499	1.06680392666408	368
-0.07537314751984	0.463995739107154	442
-0.07456600514849	0.471359578920945	6
-0.07192868246787	0.465341987183245	550
-0.0737582159768899	0.470732421286002	785
-0.0749942755386599	0.470534133754891	17
-0.0749942755386599	0.470534133754891	255
-0.0851773563538501	1.32531274495097	11
-0.0370735053920701	1.16573637134563	27
-0.08813376842624	1.31112209776542	27
0.0186576774498599	0.727925867470937	352
-0.10152554485988	0.861359089511364	73
0.0105905056644	0.7360536206122	73
-0.0737582159768899	0.470732421286002	368
-0.0749942755386599	0.470534133754891	368
-0.07192868246787	0.465341987183245	368
0.0154164083408601	0.746156584553076	919
-0.0749942755386599	0.470534133754891	943
-0.0758003184593199	0.463201860650559	6
-0.0733802533353301	0.462062811856473	2
-0.0758003184593199	0.463201860650559	550
-0.0758003184593199	0.463201860650559	2897
-0.02706629766807	1.18756457395507	27
-0.10716632586844	0.829790412329372	27
-0.0289934152923199	1.16364189903227	27
-0.07456600514849	0.471359578920945	368
-0.0711173043372799	0.47078607324022	368
-0.0715503595831399	0.469956675808137	943
-0.0737582159768899	0.470732421286002	943
-0.0649654566737801	0.443534784150092	6
-0.0758003184593199	0.463201860650559	6
-0.0733802533353301	0.462062811856473	583
-0.0711173043372799	0.47078607324022	2223
0.04436966203951	2.21343607370679	27
-0.10580984667836	0.848379144638786	27
-0.10480294565105	0.825366270463556	27
-0.0737582159768899	0.470732421286002	225
0.00989404706409003	0.739500966851492	116
-0.0733802533353301	0.462062811856473	73
-0.0786440607999901	0.4556622037059	861
-0.0758003184593199	0.463201860650559	181
-0.0737582159768899	0.470732421286002	368
-0.06845951491037	0.457663479346108	95
-0.07456600514849	0.471359578920945	6
-0.0794492695425499	0.463259696165317	1033
0.01103612506269	0.742009539502176	6
-0.0737582159768899	0.470732421286002	6
-0.07761949512029	0.458033193982778	1316
-0.0749942755386599	0.470534133754891	1215
-0.0749942755386599	0.470534133754891	203
0.01265434173508	0.740078919878972	73
0.0592130075586801	1.06533101272684	73
0.0189902367521499	0.732717975420443	2067
-0.0749942755386599	0.470534133754891	1033
-0.0680817409214001	0.457276094142724	1033
0.01265434173508	0.740078919878972	6
-0.07236063103638	0.464536479293759	6
0.00897773723181006	0.74032900455791	259
-0.07030527404812	0.465153938385468	1235
-0.07456600514849	0.471359578920945	2897
0.0558159288779401	1.04740259701362	109
-0.0802538349461199	0.463861149107968	73
-0.0741875874159399	0.469908187366168	108
-0.0715503595831399	0.469956675808137	2067
-0.0737582159768899	0.470732421286002	6
-0.07537314751984	0.463995739107154	6
-0.0749942755386599	0.470534133754891	314
-0.0733802533353301	0.462062811856473	1235
-0.07575256840366	2.18294527182768	192
-0.10435559651283	0.838084441018538	27
-0.0749942755386599	0.470534133754891	73
0.00759779467399002	0.729598040272049	95
-0.07073943758596	0.464346498613173	2067
-0.10017851566031	0.827822481540932	2
-0.06845951491037	0.457663479346108	57
0.0104651949060399	0.754856633154944	57
-0.0995431848314601	0.822573271285092	2213
-0.07537314751984	0.463995739107154	2213
-0.0711173043372799	0.47078607324022	785
-0.0758003184593199	0.463201860650559	116
-0.09116868173958	1.31937140421236	95
-0.0737582159768899	0.470732421286002	95
-0.07192868246787	0.465341987183245	6
-0.10302060660877	0.842370740884326	836
-0.0741875874159399	0.469908187366168	6
-0.07456600514849	0.471359578920945	1316
-0.0733802533353301	0.462062811856473	1316
-0.0711173043372799	0.47078607324022	314
-0.0733802533353301	0.462062811856473	203
-0.0715503595831399	0.469956675808137	583
-0.0737582159768899	0.470732421286002	583
-0.10073765805908	0.857947769540287	352
0.0602529122707101	1.02809740654814	73
0.0118465602259401	0.740195829260345	73
-0.0733802533353301	0.462062811856473	1836
0.01022504162833	0.740735343520056	6
-0.0741875874159399	0.469908187366168	6
-0.0758003184593199	0.463201860650559	168
-0.0715503595831399	0.469956675808137	6
-0.07456600514849	0.471359578920945	259
-0.0758003184593199	0.463201860650559	2
-0.0749942755386599	0.470534133754891	1316
-0.0741875874159399	0.469908187366168	1316
-0.07456600514849	0.471359578920945	785
-0.0786440607999901	0.4556622037059	225
-0.10524111338353	0.849899962363128	73
-0.09610695692327	0.83687414092962	73
0.0192283177445001	0.74250927943255	95
0.00884228347658	0.748519684869526	95
-0.07456600514849	0.471359578920945	1836
0.0241829551148101	0.704146915540082	6
-0.07537314751984	0.463995739107154	173
-0.0794492695425499	0.463259696165317	259
-0.0749942755386599	0.470534133754891	259
-0.07030527404812	0.465153938385468	259
-0.0711173043372799	0.47078607324022	1244
0.0184197635263701	0.745019451022738	2
-0.07192868246787	0.465341987183245	314
-0.07456600514849	0.471359578920945	583
-0.0741875874159399	0.469908187366168	583
-0.0737582159768899	0.470732421286002	373
-0.07236063103638	0.464536479293759	932
-0.04359683954542	1.14585172035416	63
0.00884228347658	0.748519684869526	73
0.01103612506269	0.742009539502176	73
-0.0729497792457801	0.46285609419343	1939
-0.0741875874159399	0.469908187366168	1262
-0.10073765805908	0.857947769540287	875
0.0142748366853001	0.743630865841538	314
-0.0794492695425499	0.463259696165317	314
-0.0741875874159399	0.469908187366168	373
0.0613676148762199	1.06671046622272	130
-0.08949494763279	0.81141678768943	73
0.01208551334991	0.747464752710999	3
-0.0737582159768899	0.470732421286002	73
-0.0711173043372799	0.47078607324022	95
-0.0737582159768899	0.470732421286002	593
-0.0729497792457801	0.46285609419343	1244
-0.0741875874159399	0.469908187366168	2
-0.0741875874159399	0.469908187366168	314
0.06618282647467	1.01851184008906	73
-0.0794492695425499	0.463259696165317	73
-0.07192868246787	0.465341987183245	95
-0.0749942755386599	0.470534133754891	836
-0.0741875874159399	0.469908187366168	593
0.0119679582697401	0.725571906938736	1244
-0.0737582159768899	0.470732421286002	549
-0.07456600514849	0.471359578920945	2
-0.0749942755386599	0.470534133754891	57
-0.0802538349461199	0.463861149107968	17
-0.0304517087593601	1.17086184538544	130
-0.10117487918326	0.847218225319799	192
-0.07236063103638	0.464536479293759	109
0.0210794203095199	1.53301756598454	73
-0.0733802533353301	0.462062811856473	1836
-0.0737582159768899	0.470732421286002	1836
-0.0794492695425499	0.463259696165317	1836
-0.0737582159768899	0.470732421286002	836
-0.0733802533353301	0.462062811856473	836
-0.0741875874159399	0.469908187366168	173
-0.0749942755386599	0.470534133754891	314
0.0118465602259401	0.740195829260345	314
-0.07073943758596	0.464346498613173	203
0.0566033618366899	1.04709326111608	73
0.01335405667603	0.726919455715876	719
-0.07537314751984	0.463995739107154	95
-0.10524111338353	0.849899962363128	95
0.00460334406519003	0.734693489075444	95
-0.07537314751984	0.463995739107154	173
0.0104651949060399	0.754856633154944	173
-0.07537314751984	0.463995739107154	593
-0.0737582159768899	0.470732421286002	314
-0.07537314751984	0.463995739107154	57
-0.0737582159768899	0.470732421286002	203
-0.07192868246787	0.465341987183245	133
0.05176721593422	1.01393338866781	130
0.0885056357613701	1.39795021618048	109
-0.0715503595831399	0.469956675808137	73
-0.0741875874159399	0.469908187366168	1145
-0.0741875874159399	0.469908187366168	6
-0.0749942755386599	0.470534133754891	6
-0.0749942755386599	0.470534133754891	2071
-0.07761949512029	0.458033193982778	173
-0.0729497792457801	0.46285609419343	173
-0.07073943758596	0.464346498613173	593
0.0142748366853001	0.743630865841538	593
-0.07456600514849	0.471359578920945	57
-0.0749942755386599	0.470534133754891	314
-0.07537314751984	0.463995739107154	909
-0.0749942755386599	0.470534133754891	203
0.01127567989505	0.752946896959541	844
-0.10117487918326	0.847218225319799	27
0.06711834058033	1.82652006266762	73
-0.0715503595831399	0.469956675808137	73
-0.0794492695425499	0.463259696165317	1836
0.0605797255292999	1.06882848215411	2071
-0.07456600514849	0.471359578920945	593
-0.0737582159768899	0.470732421286002	2
-0.07456600514849	0.471359578920945	2
-0.0715503595831399	0.469956675808137	2
-0.0737582159768899	0.470732421286002	314
-0.0737582159768899	0.470732421286002	314
-0.0786440607999901	0.4556622037059	314
-0.07192868246787	0.465341987183245	57
-0.07537314751984	0.463995739107154	909
-0.07456600514849	0.471359578920945	17
0.0611591464858601	1.04800270918825	192
-0.0729497792457801	0.46285609419343	73
-0.0715503595831399	0.469956675808137	95
-0.0768113499502501	0.463288562090449	1145
0.00884228347658	0.748519684869526	1145
0.01818106119555	0.730530153064536	593
-0.07537314751984	0.463995739107154	2
-0.0758003184593199	0.463201860650559	2
-0.0729497792457801	0.46285609419343	314
-0.0711173043372799	0.47078607324022	314
-0.0494088472985701	2.09258003962464	33
-0.0365077841677099	1.19136309767125	27
0.0176105378750699	0.742747126630411	95
0.0107045819338301	0.737702674068381	95
-0.07456600514849	0.471359578920945	6
-0.0741875874159399	0.469908187366168	57
-0.0810577577579901	0.456752572492462	909
-0.0711173043372799	0.47078607324022	57
-0.0737582159768899	0.470732421286002	17
-0.09746445053607	0.854068627129443	844
0.01328344701337	1.4859702758577	27
0.0620200247808	1.03234772571685	27
-0.0715503595831399	0.469956675808137	117
-0.0749942755386599	0.470534133754891	117
-0.12315894186013	1.43544957902801	310
-0.10580984667836	0.848379144638786	73
0.0566707320239901	1.0542572228244	73
0.0184197635263701	0.745019451022738	95
-0.0680817409214001	0.457276094142724	117
-0.0741875874159399	0.469908187366168	2
-0.0749942755386599	0.470534133754891	12
-0.0676438680942899	0.458059145768871	57
-0.0749942755386599	0.470534133754891	2253
-0.07030527404812	0.465153938385468	17
-0.10546053359562	0.833439217457726	556
-0.03403641869194	1.19546531567178	27
0.0156549382523099	0.754787524699518	27
-0.07456600514849	0.471359578920945	949
-0.07192868246787	0.465341987183245	949
-0.07537314751984	0.463995739107154	73
0.00863005873514	1.95639364186295	6
0.05399333063051	2.27388573107826	173
0.00598381482046007	0.736547501278866	57
-0.07030527404812	0.465153938385468	17
-0.10546053359562	0.833439217457726	192
0.0126563438279299	0.734963629664486	33
0.02003619715234	0.732461244675961	27
-0.0741875874159399	0.469908187366168	2340
-0.0741875874159399	0.469908187366168	95
-0.0737582159768899	0.470732421286002	95
-0.07761949512029	0.458033193982778	274
-0.07674650884629	2.20260500253898	117
0.0592130075586801	1.06533101272684	57
-0.0676438680942899	0.458059145768871	825
-0.07236063103638	0.464536479293759	245
-0.07456600514849	0.471359578920945	571
0.01208551334991	0.747464752710999	1967
-0.10344523929805	0.834704026225854	27
-0.0768113499502501	0.463288562090449	73
-0.07456600514849	0.471359578920945	480
-0.07030527404812	0.465153938385468	95
-0.0715503595831399	0.469956675808137	6
0.0184197635263701	0.745019451022738	274
-0.0733802533353301	0.462062811856473	2
-0.0794492695425499	0.463259696165317	2
-0.0749942755386599	0.470534133754891	2891
0.05560707402429	1.04656930130278	57
-0.0749942755386599	0.470534133754891	825
-0.0711173043372799	0.47078607324022	245
-0.0711173043372799	0.47078607324022	17
0.00533920907472996	1.45020450031517	705
0.0176105378750699	0.742747126630411	27
-0.0988216369263	0.850827447024653	27
-0.10209516358972	0.843312429550933	310
-0.0737582159768899	0.470732421286002	73
-0.0758003184593199	0.463201860650559	949
-0.0758003184593199	0.463201860650559	73
0.10785683166373	1.74221672482387	73
0.01818106119555	0.730530153064536	57
-0.0688962737552701	0.45688332645499	1950
-0.0737582159768899	0.470732421286002	245
-0.07537314751984	0.463995739107154	245
-0.0337254095947399	1.16000621625442	192
-0.0960737188553999	1.31322919107135	310
-0.10738488526196	0.843213631071436	73
-0.0749942755386599	0.470534133754891	1547
0.0118465602259401	0.740195829260345	1708
-0.0749942755386599	0.470534133754891	2
0.05867515600503	1.03237629767453	2
-0.0901587360430101	1.31822072424659	556
-0.0365077841677099	1.19136309767125	73
-0.07192868246787	0.465341987183245	73
-0.07030527404812	0.465153938385468	1481
-0.0749942755386599	0.470534133754891	933
-0.0741875874159399	0.469908187366168	933
0.01127567989505	0.752946896959541	37
-0.0768113499502501	0.463288562090449	41
-0.09746445053607	0.854068627129443	2
0.0689211626582	1.04219462054433	57
-0.0749942755386599	0.470534133754891	17
0.00672274968463005	1.90315841607393	27
0.0522290860132999	1.84668052381851	310
0.0709184972080601	1.01995995602935	310
-0.0715503595831399	0.469956675808137	1819
-0.07236063103638	0.464536479293759	73
0.0922082431642799	1.40802238015467	37
-0.0741875874159399	0.469908187366168	274
0.00517583373338004	0.73528457737615	1708
-0.07456600514849	0.471359578920945	2
-0.07456600514849	0.471359578920945	12
0.0142748366853001	0.743630865841538	57
-0.0749942755386599	0.470534133754891	203
-0.06845951491037	0.457663479346108	203
-0.0741875874159399	0.469908187366168	203
-0.0741875874159399	0.469908187366168	1281
-0.0737582159768899	0.470732421286002	17
-0.09363678797887	2.30566423750106	705
0.09090416829722	1.37592219066624	73
0.0148457312324199	0.759122259312083	37
0.04701266328591	0.995940782341387	274
-0.07761949512029	0.458033193982778	274
-0.0737582159768899	0.470732421286002	2
-0.0741875874159399	0.469908187366168	12
-0.0737582159768899	0.470732421286002	57
-0.0749942755386599	0.470534133754891	57
-0.03150621580655	2.41795472412793	705
0.00820857515091	1.91859715686045	27
-0.0711173043372799	0.47078607324022	73
-0.0749942755386599	0.470534133754891	73
0.01265434173508	0.740078919878972	41
-0.07456600514849	0.471359578920945	809
-0.10703556666431	0.822301295160541	1708
-0.0741875874159399	0.469908187366168	1568
-0.0737582159768899	0.470732421286002	2
-0.0749942755386599	0.470534133754891	12
-0.0749942755386599	0.470534133754891	17
0.0176105378750699	0.742747126630411	73
-0.0711173043372799	0.47078607324022	949
-0.0333225504735499	1.18736571749832	41
-0.0794492695425499	0.463259696165317	434
-0.0749942755386599	0.470534133754891	57
0.0206186307246801	0.701709536981631	203
-0.0741875874159399	0.469908187366168	203
-0.0729497792457801	0.46285609419343	224
-0.0810577577579901	0.456752572492462	106
-0.0737582159768899	0.470732421286002	403
0.0149236062160201	1.5108315565546	192
-0.0369917106158699	1.64821540486636	27
-0.10174390936597	0.863099661224463	73
-0.11078007038282	0.838509441100221	73
0.01298498191422	0.731315923596933	95
-0.0737582159768899	0.470732421286002	1891
-0.0737582159768899	0.470732421286002	57
-0.0749942755386599	0.470534133754891	377
-0.0749942755386599	0.470534133754891	106
0.05588136637303	1.05630841332154	27
0.0104651949060399	0.754856633154944	73
0.07625435399785	1.30459518330035	73
0.0913870304547	1.41078713994288	73
0.0154164083408601	0.746156584553076	73
0.0104651949060399	0.754856633154944	95
0.01022504162833	0.740735343520056	1963
-0.0737582159768899	0.470732421286002	57
-0.07192868246787	0.465341987183245	203
0.00989404706409003	0.739500966851492	17
-0.1065036386203	0.852664063939634	37
0.02003619715234	0.732461244675961	95
0.01403586280073	0.75935685150874	1042
-0.0711173043372799	0.47078607324022	1963
-0.07456600514849	0.471359578920945	1008
-0.07537314751984	0.463995739107154	1008
-0.07456600514849	0.471359578920945	57
-0.0749942755386599	0.470534133754891	553
-0.07192868246787	0.465341987183245	553
0.0146065898693399	0.746368120577085	27
-0.0706687761204801	0.437012898490519	95
-0.07537314751984	0.463995739107154	377
-0.0715503595831399	0.469956675808137	257
-0.0715503595831399	0.469956675808137	396
0.00736229032005009	0.725471133243111	396
0.00541137566876992	0.735955145381462	192
-0.07192868246787	0.465341987183245	310
-0.07456600514849	0.471359578920945	41
-0.07073943758596	0.464346498613173	106
-0.0715503595831399	0.469956675808137	106
0.01022504162833	0.740735343520056	396
-0.07192868246787	0.465341987183245	192
-0.0786440607999901	0.4556622037059	192
-0.0715503595831399	0.469956675808137	880
-0.07456600514849	0.471359578920945	27
-0.0802538349461199	0.463861149107968	310
-0.0802538349461199	0.463861149107968	310
-0.07456600514849	0.471359578920945	311
0.0633873458182199	1.05915403403321	96
-0.0715503595831399	0.469956675808137	41
-0.0758003184593199	0.463201860650559	10
-0.10231316541434	0.861533536400506	72
-0.0315309488600499	1.55434158293906	195
0.00884228347658	0.748519684869526	396
-0.07456600514849	0.471359578920945	27
-0.07456600514849	0.471359578920945	73
-0.0729497792457801	0.46285609419343	96
-0.0749942755386599	0.470534133754891	72
-0.07030527404812	0.465153938385468	106
-0.07456600514849	0.471359578920945	17
-0.07192868246787	0.465341987183245	55
0.0131200408862699	0.725329166749678	55
0.0669740460783399	0.996090717620043	27
-0.0289078111696499	1.15658726022788	27
-0.07456600514849	0.471359578920945	1051
-0.0758003184593199	0.463201860650559	1051
-0.0749942755386599	0.470534133754891	96
-0.0711173043372799	0.47078607324022	95
-0.0715503595831399	0.469956675808137	1700
0.01622556537349	0.742023917743276	72
-0.07537314751984	0.463995739107154	257
0.0582193561578901	1.05195712929014	55
0.06766288851789	1.85160399227804	192
-0.0749942755386599	0.470534133754891	33
-0.07456600514849	0.471359578920945	27
0.04680708869589	0.993797329111649	140
-0.0741875874159399	0.469908187366168	96
-0.0733802533353301	0.462062811856473	2250
-0.0680817409214001	0.457276094142724	782
-0.07456600514849	0.471359578920945	257
-0.04111631376799	1.61202490419107	396
0.0620420226	1.01521000739865	55
0.0104651949060399	0.754856633154944	33
0.01026552966669	1.53253453611304	310
0.00744198147449993	1.94127973850294	73
-0.07456600514849	0.471359578920945	73
-0.07192868246787	0.465341987183245	2623
-0.0729497792457801	0.46285609419343	240
-0.0711173043372799	0.47078607324022	838
-0.0354727307390399	1.18925648666736	838
-0.0749942755386599	0.470534133754891	17
-0.10310051917062	0.858445269472891	27
-0.07192868246787	0.465341987183245	140
-0.0711173043372799	0.47078607324022	73
-0.0676438680942899	0.458059145768871	41
-0.1016607785808	0.833184512916109	12
-0.0737582159768899	0.470732421286002	48
0.0870595160869301	1.400347291601	72
-0.0737582159768899	0.470732421286002	782
0.11852167436711	1.73366828939835	396
-0.10637880563265	0.830901774791689	33
0.0554877142731101	1.77778719672893	27
0.0643806629602599	1.03171925470223	27
-0.0729497792457801	0.46285609419343	10
-0.0733802533353301	0.462062811856473	2251
0.00941331320357008	0.735923451983237	2251
-0.0729497792457801	0.46285609419343	257
-0.09254593846092	1.80933741960079	396
-0.10231316541434	0.861533536400506	140
-0.0749942755386599	0.470534133754891	96
0.0146065898693399	0.746368120577085	37
-0.0711173043372799	0.47078607324022	37
-0.0741875874159399	0.469908187366168	1042
-0.0749942755386599	0.470534133754891	82
-0.0749942755386599	0.470534133754891	1534
-0.0749942755386599	0.470534133754891	72
-0.07236063103638	0.464536479293759	1388
-0.0649654566737801	0.443534784150092	185
-0.0741875874159399	0.469908187366168	257
0.0219977228930801	0.723057091862235	33
-0.10366986471292	0.84051380744398	33
-0.0741875874159399	0.469908187366168	1213
0.0148457312324199	0.759122259312083	96
-0.07192868246787	0.465341987183245	41
-0.0749942755386599	0.470534133754891	17
-0.0729497792457801	0.46285609419343	257
-0.07456600514849	0.471359578920945	257
0.00908286397743008	0.738233666663858	567
0.0104651949060399	0.754856633154944	41
-0.0737582159768899	0.470732421286002	1042
-0.0758003184593199	0.463201860650559	360
-0.07456600514849	0.471359578920945	12
0.0082710359545799	0.733454136250542	72
-0.0840569476536801	1.89408228910986	396
0.01103612506269	0.742009539502176	33
-0.0733802533353301	0.462062811856473	73
-0.0758003184593199	0.463201860650559	2262
-0.0749942755386599	0.470534133754891	96
-0.07456600514849	0.471359578920945	96
-0.0749942755386599	0.470534133754891	1716
-0.0296887210516701	1.173117319079	41
-0.0737582159768899	0.470732421286002	82
-0.0961221112202999	0.817990308003684	82
-0.0737582159768899	0.470732421286002	1292
-0.0733802533353301	0.462062811856473	869
0.0184197635263701	0.745019451022738	869
-0.0999495055675099	0.850697715795631	72
-0.0741875874159399	0.469908187366168	1
-0.0741875874159399	0.469908187366168	257
-0.09790565713762	1.21489958193892	331
0.0266320429061	1.50998259503718	45
-0.10423371433239	0.842513920587929	45
-0.0711173043372799	0.47078607324022	45
-0.10524111338353	0.849899962363128	35
-0.0749942755386599	0.470534133754891	396
-0.07236063103638	0.464536479293759	396
-0.0737582159768899	0.470732421286002	396
-0.11417713211604	0.808040908719037	55
0.01035664061916	0.740720745664786	803
-0.0741875874159399	0.469908187366168	192
-0.07456600514849	0.471359578920945	27
-0.0711173043372799	0.47078607324022	27
-0.0715503595831399	0.469956675808137	33
-0.0715503595831399	0.469956675808137	73
-0.0711173043372799	0.47078607324022	33
-0.0737582159768899	0.470732421286002	33
0.0502852127956701	1.79523864921727	140
0.01208551334991	0.747464752710999	73
-0.07456600514849	0.471359578920945	10
-0.0729497792457801	0.46285609419343	1175
-0.0733802533353301	0.462062811856473	82
-0.0741875874159399	0.469908187366168	572
-0.0729497792457801	0.46285609419343	1
0.00921479252032009	1.49164995822366	41
-0.10502191696684	0.846854697022837	30
-0.0737582159768899	0.470732421286002	584
-0.0715503595831399	0.469956675808137	695
-0.10231316541434	0.861533536400506	12
0.00989404706409003	0.739500966851492	12
-0.07537314751984	0.463995739107154	12
-0.07456600514849	0.471359578920945	1
-0.0737582159768899	0.470732421286002	257
0.0148457312324199	0.759122259312083	33
-0.0737582159768899	0.470732421286002	1355
0.0107045819338301	0.737702674068381	41
-0.0729497792457801	0.46285609419343	117
-0.07236063103638	0.464536479293759	695
-0.0760025568851801	0.457858179530372	41
-0.0758003184593199	0.463201860650559	30
-0.10502191696684	0.846854697022837	30
-0.0760025568851801	0.457858179530372	695
-0.0981606818586	1.27980716941239	660
-0.0737582159768899	0.470732421286002	12
-0.07456600514849	0.471359578920945	1
0.10940813329581	1.72442734099327	192
0.0569722981656999	1.02936198833838	73
0.0626007232938499	1.0552800662064	136
0.0148457312324199	0.759122259312083	41
-0.07456600514849	0.471359578920945	41
-0.07761949512029	0.458033193982778	41
-0.0733802533353301	0.462062811856473	12
0.0578471662565501	1.03675258386514	12
-0.0749942755386599	0.470534133754891	12
-0.0733802533353301	0.462062811856473	1564
-0.0749942755386599	0.470534133754891	12
0.0104651949060399	0.754856633154944	1
0.05502905240482	1.04462926254947	192
0.05739842852476	1.82555052319479	33
0.0550925515146301	1.05484613713122	96
-0.03711948016619	1.18308414155861	96
-0.0794492695425499	0.463259696165317	41
-0.0729497792457801	0.46285609419343	695
-0.07456600514849	0.471359578920945	558
-0.0741875874159399	0.469908187366168	80
-0.0733802533353301	0.462062811856473	12
-0.0810577577579901	0.456752572492462	417
0.0176105378750699	0.742747126630411	12
-0.0760025568851801	0.457858179530372	12
-0.0741875874159399	0.469908187366168	590
0.01241415500652	0.743648577773175	73
-0.07456600514849	0.471359578920945	73
-0.07030527404812	0.465153938385468	41
-0.07456600514849	0.471359578920945	30
-0.0802538349461199	0.463861149107968	695
0.0148457312324199	0.759122259312083	80
-0.0711173043372799	0.47078607324022	12
0.00965406167298011	0.753537388773881	1
-0.07192868246787	0.465341987183245	257
0.0878811399650401	1.3958790600033	73
0.0556574377165999	2.2290909996497	73
-0.07456600514849	0.471359578920945	41
-0.07192868246787	0.465341987183245	926
-0.0711173043372799	0.47078607324022	12
-0.11099702874474	0.823866463197525	1
-0.0737582159768899	0.470732421286002	257
-0.07537314751984	0.463995739107154	257
-0.10253139955978	0.860000456603571	136
0.01346491823825	0.7438385311345	41
-0.0741875874159399	0.469908187366168	10
-0.0711173043372799	0.47078607324022	84
-0.0749942755386599	0.470534133754891	531
0.0573913513780999	1.04371991004995	1148
0.00965406167298011	0.753537388773881	12
-0.0758003184593199	0.463201860650559	12
-0.0786440607999901	0.4556622037059	12
-0.0737582159768899	0.470732421286002	257
0.0566033618366899	1.04709326111608	73
-0.10659750294821	0.847226258348608	73
0.00460334406519003	0.734693489075444	41
0.01127567989505	0.752946896959541	10
-0.0741875874159399	0.469908187366168	84
-0.0749942755386599	0.470534133754891	80
-0.0758003184593199	0.463201860650559	417
-0.0749942755386599	0.470534133754891	12
-0.0737582159768899	0.470732421286002	257
-0.0802538349461199	0.463861149107968	73
-0.10524111338353	0.849899962363128	136
-0.0749942755386599	0.470534133754891	44
0.0134654725688801	0.723084709256056	10
0.0186576774498599	0.727925867470937	10
0.0148457312324199	0.759122259312083	80
0.0107045819338301	0.737702674068381	12
-0.07456600514849	0.471359578920945	1
-0.0749942755386599	0.470534133754891	590
0.0605797255292999	1.06882848215411	10
0.0993808258418101	1.36517916663814	10
-0.0729497792457801	0.46285609419343	1426
-0.0749942755386599	0.470534133754891	1
0.0148457312324199	0.759122259312083	765
-0.0733802533353301	0.462062811856473	1
-0.0741875874159399	0.469908187366168	1
0.0891209918237399	1.4012989114022	45
0.00941331320357008	0.735923451983237	140
0.05718195052855	1.04904237692793	73
0.01103612506269	0.742009539502176	73
0.0592130075586801	1.06533101272684	73
0.01022504162833	0.740735343520056	301
-0.0715503595831399	0.469956675808137	30
-0.0737582159768899	0.470732421286002	80
0.01346491823825	0.7438385311345	596
-0.0715503595831399	0.469956675808137	596
-0.0802538349461199	0.463861149107968	765
-0.0749942755386599	0.470534133754891	765
-0.07456600514849	0.471359578920945	590
-0.0741875874159399	0.469908187366168	800
-0.03568442666978	1.19630092097988	73
-0.07236063103638	0.464536479293759	44
0.0176105378750699	0.742747126630411	41
0.00736229032005009	0.725471133243111	10
-0.0737582159768899	0.470732421286002	10
-0.07456600514849	0.471359578920945	531
-0.07192868246787	0.465341987183245	117
-0.0794492695425499	0.463259696165317	500
0.00679113624203009	0.73476099267312	12
-0.0737582159768899	0.470732421286002	596
-0.07073943758596	0.464346498613173	1
0.0131977741996301	1.52341885523886	73
-0.0749942755386599	0.470534133754891	41
-0.0711173043372799	0.47078607324022	41
-0.0688962737552701	0.45688332645499	10
-0.0737582159768899	0.470732421286002	80
0.01818106119555	0.730530153064536	394
-0.0768113499502501	0.463288562090449	534
0.00702545663929999	0.729015848842153	12
-0.0391296225402999	1.18604210367493	12
-0.0758003184593199	0.463201860650559	12
-0.0711173043372799	0.47078607324022	12
0.0036739795640699	0.713308588899837	12
-0.07456600514849	0.471359578920945	12
0.0579702238373401	1.04565556199966	12
0.01265434173508	0.740078919878972	1
-0.07456600514849	0.471359578920945	1
-0.07073943758596	0.464346498613173	1
-0.0741875874159399	0.469908187366168	829
-0.0907055562172601	1.82212278992424	73
-0.0749942755386599	0.470534133754891	10
-0.0802538349461199	0.463861149107968	12
-0.0758003184593199	0.463201860650559	12
-0.0786440607999901	0.4556622037059	1
0.01325212679377	2.27036379915478	140
-0.10038698566175	0.847067007001857	1056
0.06454858521066	1.04077049556386	1146
-0.0711173043372799	0.47078607324022	10
-0.12040099982089	1.44680993145089	30
-0.10253139955978	0.860000456603571	241
0.0192283177445001	0.74250927943255	4
-0.07456600514849	0.471359578920945	12
-0.0711173043372799	0.47078607324022	596
-0.0729497792457801	0.46285609419343	1
-0.0729497792457801	0.46285609419343	1
-0.0741875874159399	0.469908187366168	829
0.0146065898693399	0.746368120577085	73
-0.0749942755386599	0.470534133754891	44
-0.0758003184593199	0.463201860650559	4
0.08501518194417	1.38387080700277	12
-0.0952849537259299	0.803980020999026	1
0.00978445793825	0.740125339762744	1
-0.09384363006819	1.32143255713857	396
0.08310019101001	1.37349899315511	55
-0.0733802533353301	0.462062811856473	73
-0.07192868246787	0.465341987183245	73
-0.07030527404812	0.465153938385468	1056
0.0189902367521499	0.732717975420443	44
0.0854284172178299	1.34826115859855	30
-0.0295343497820599	1.16747991531289	1
0.01208551334991	0.747464752710999	1
-0.0749942755386599	0.470534133754891	590
0.01127567989505	0.752946896959541	55
-0.11301395723729	2.0409803510248	13
0.0118465602259401	0.740195829260345	1
0.0605797255292999	1.06882848215411	45
0.09118611666564	1.37964157644902	45
0.00965406167298011	0.753537388773881	55
0.0156549382523099	0.754787524699518	73
0.0150840937476799	0.739530354684421	73
-0.0350738380410001	1.66942372727367	44
-0.0737582159768899	0.470732421286002	10
-0.0715503595831399	0.469956675808137	10
-0.07456600514849	0.471359578920945	30
0.0170397972530401	0.728123889030914	4
-0.0758003184593199	0.463201860650559	12
-0.10514395281241	0.841291513918511	12
-0.11470584266505	1.90894883513662	45
-0.10624818746169	0.829580839343601	396
-0.04665901515243	1.10607606348055	396
0.00517583373338004	0.73528457737615	55
-0.09567690576613	1.28217488790863	192
-0.10681642372412	0.844716719578192	55
-0.0749942755386599	0.470534133754891	13
-0.0729497792457801	0.46285609419343	1056
0.01379611328748	0.742583436825289	1056
-0.0758003184593199	0.463201860650559	1056
-0.0931909137620901	0.836212761031506	44
-0.0741875874159399	0.469908187366168	41
-0.0749942755386599	0.470534133754891	10
-0.0749942755386599	0.470534133754891	10
-0.0758003184593199	0.463201860650559	10
-0.0688962737552701	0.45688332645499	640
-0.07030527404812	0.465153938385468	1580
-0.08011762556498	2.33051292775616	45
-0.0977006911796801	1.28524623843771	55
-0.0716225452042201	1.71748259015499	1398
-0.0760025568851801	0.457858179530372	10
-0.0758003184593199	0.463201860650559	394
-0.07456600514849	0.471359578920945	1748
-0.0794492695425499	0.463259696165317	12
-0.06845951491037	0.457663479346108	65
-0.07456600514849	0.471359578920945	1
-0.0733802533353301	0.462062811856473	1
-0.0733802533353301	0.462062811856473	1
-0.08000831573583	2.20732401484243	45
-0.10152554485988	0.861359089511364	55
0.0199454940014101	1.49516523931374	73
-0.0995988256954199	0.843817707074576	1056
-0.0741875874159399	0.469908187366168	1056
-0.0749942755386599	0.470534133754891	13
-0.07030527404812	0.465153938385468	44
-0.07456600514849	0.471359578920945	10
0.0082710359545799	0.733454136250542	30
-0.0794492695425499	0.463259696165317	12
-0.07537314751984	0.463995739107154	351
-0.07192868246787	0.465341987183245	1
-0.0749942755386599	0.470534133754891	1
-0.0737582159768899	0.470732421286002	1214
0.0106104627982899	1.93266401210935	55
-0.03924578392668	2.07419900011867	1398
-0.0383566839769101	2.12317516893699	192
0.04738263923923	1.8141657094761	73
-0.0758003184593199	0.463201860650559	1056
0.0681336721254999	1.04462268075136	44
-0.07537314751984	0.463995739107154	309
-0.07456600514849	0.471359578920945	629
-0.07456600514849	0.471359578920945	10
-0.0680817409214001	0.457276094142724	4
-0.0737582159768899	0.470732421286002	12
-0.10117487918326	0.847218225319799	396
0.00897773723181006	0.74032900455791	55
-0.0733802533353301	0.462062811856473	922
-0.1057156833431	0.852504838113807	73
-0.07456600514849	0.471359578920945	1056
-0.07236063103638	0.464536479293759	1056
-0.0737582159768899	0.470732421286002	13
-0.07537314751984	0.463995739107154	629
-0.0802538349461199	0.463861149107968	629
-0.07456600514849	0.471359578920945	10
0.01379611328748	0.742583436825289	1
0.08912587221315	1.40813867844254	45
0.0597923860002001	1.06734996387824	396
-0.10323593465286	0.825981413766226	396
0.0683387667386299	1.04028149741263	396
-0.0802538349461199	0.463861149107968	396
0.04838863961304	0.996077312748809	55
0.05307548245764	1.02269854491803	55
0.0605797255292999	1.06882848215411	55
-0.0715503595831399	0.469956675808137	1056
-0.0760025568851801	0.457858179530372	44
-0.07456600514849	0.471359578920945	4
-0.10410557707171	0.837751246278576	239
-0.0741875874159399	0.469908187366168	1
-0.0737582159768899	0.470732421286002	1
-0.10095615227472	0.862923691764986	232
-0.10502191696684	0.846854697022837	10
-0.07537314751984	0.463995739107154	10
0.01022504162833	0.740735343520056	4
-0.0749942755386599	0.470534133754891	4
0.0107045819338301	0.737702674068381	12
-0.0768113499502501	0.463288562090449	351
-0.0802538349461199	0.463861149107968	1
-0.0711173043372799	0.47078607324022	13
-0.0729497792457801	0.46285609419343	698
-0.0729497792457801	0.46285609419343	698
-0.0810577577579901	0.456752572492462	1325
-0.07236063103638	0.464536479293759	12
-0.07456600514849	0.471359578920945	1
-0.07456600514849	0.471359578920945	1
-0.0737582159768899	0.470732421286002	1
-0.0030563222581399	1.81560637388247	45
-0.10117487918326	0.847218225319799	55
0.0511227645538199	1.02073889532564	1398
0.0148457312324199	0.759122259312083	73
0.00965406167298011	0.753537388773881	13
-0.06540705881243	0.442805019506784	115
-0.07236063103638	0.464536479293759	698
0.0211891667436801	0.714946119112941	41
0.0132253362857699	0.755411989060104	232
0.01403586280073	0.75935685150874	12
-0.0741875874159399	0.469908187366168	1
-0.11135122966647	0.825917594631426	1
0.08185634025073	1.39608547780933	396
-0.10095615227472	0.862923691764986	396
-0.11395495874223	2.01756031637983	307
-0.0308530642804601	1.19836095785835	55
-0.0749942755386599	0.470534133754891	115
-0.07073943758596	0.464346498613173	698
-0.0729497792457801	0.46285609419343	44
-0.0733802533353301	0.462062811856473	49
-0.07537314751984	0.463995739107154	12
-0.0749942755386599	0.470534133754891	330
0.0142748366853001	0.743630865841538	12
-0.0810577577579901	0.456752572492462	1
0.0994003082744801	2.15068702429099	307
0.11304302673424	2.41505607184171	324
-0.0381592621876199	1.65657930350415	1091
-0.11292619256324	0.814925913832034	1555
0.00541137566876992	0.735955145381462	13
0.0582193561578901	1.05195712929014	23
-0.07456600514849	0.471359578920945	49
-0.0737582159768899	0.470732421286002	239
-0.0711173043372799	0.47078607324022	1662
-0.0758003184593199	0.463201860650559	1662
0.0349486362862099	2.23977429531297	45
-0.10135588492558	1.83052165529152	396
-0.10196250570816	0.844247193746378	13
-0.10209516358972	0.843312429550933	232
-0.0711173043372799	0.47078607324022	1428
-0.0676438680942899	0.458059145768871	330
-0.0741875874159399	0.469908187366168	209
-0.0749942755386599	0.470534133754891	209
-0.07030527404812	0.465153938385468	1
-0.0318082889353399	2.1269666293136	73
0.06215605409541	1.06080530490327	13
-0.03342439032613	1.19160944546861	13
-0.0741875874159399	0.469908187366168	44
-0.0737582159768899	0.470732421286002	44
0.0219977228930801	0.723057091862235	30
0.01127567989505	0.752946896959541	10
-0.0988216369263	0.850827447024653	166
-0.0758003184593199	0.463201860650559	166
-0.03955293132473	1.16167149820094	166
-0.0711173043372799	0.47078607324022	1892
-0.0786440607999901	0.4556622037059	1
0.00989404706409003	0.739500966851492	1187
-0.0711173043372799	0.47078607324022	1662
-0.0749942755386599	0.470534133754891	1662
0.01784907305445	0.730298517292646	396
-0.09746445053607	0.854068627129443	396
-0.0986045136825899	0.835023890156743	396
0.00908286397743008	0.738233666663858	396
0.0104651949060399	0.754856633154944	55
-0.0729497792457801	0.46285609419343	55
0.0233758158667701	0.711715109313639	73
0.00621874763484009	0.734171469556092	55
-0.0741875874159399	0.469908187366168	13
-0.0802538349461199	0.463861149107968	23
0.0141594162216101	0.72456399719451	166
0.00965406167298011	0.753537388773881	12
-0.07537314751984	0.463995739107154	619
0.0193989865553801	1.53382157027127	45
-0.10752896797818	1.19148251155655	396
0.05776029812203	1.02908451933501	1398
-0.0737582159768899	0.470732421286002	73
-0.07073943758596	0.464346498613173	232
-0.07456600514849	0.471359578920945	160
-0.0741875874159399	0.469908187366168	1892
-0.0711173043372799	0.47078607324022	1
0.0139260327561599	0.727495229739064	44
0.00908286397743008	0.738233666663858	44
-0.0737582159768899	0.470732421286002	160
-0.0737582159768899	0.470732421286002	160
-0.0737582159768899	0.470732421286002	1892
-0.0749942755386599	0.470534133754891	209
0.00270021470443993	1.39961056868167	45
0.05718195052855	1.04904237692793	307
-0.0749942755386599	0.470534133754891	324
-0.0741875874159399	0.469908187366168	44
-0.0733802533353301	0.462062811856473	232
-0.0733802533353301	0.462062811856473	232
-0.07537314751984	0.463995739107154	232
0.0126563438279299	0.734963629664486	232
-0.07537314751984	0.463995739107154	49
0.01022504162833	0.740735343520056	49
-0.07761949512029	0.458033193982778	30
-0.07456600514849	0.471359578920945	30
-0.06767046273143	1.76520558502929	55
0.0620420226	1.01521000739865	324
-0.0737582159768899	0.470732421286002	115
-0.0737582159768899	0.470732421286002	23
-0.07456600514849	0.471359578920945	102
-0.07537314751984	0.463995739107154	2216
-0.0711173043372799	0.47078607324022	308
-0.10564659152511	0.810845454078973	45
-0.10331862230922	0.852960107965367	59
0.0683387667386299	1.04028149741263	73
-0.07236063103638	0.464536479293759	73
-0.07456600514849	0.471359578920945	115
-0.07192868246787	0.465341987183245	2427
-0.0794492695425499	0.463259696165317	23
-0.07537314751984	0.463995739107154	232
-0.07456600514849	0.471359578920945	952
-0.1057156833431	0.852504838113807	12
-0.07251203203766	1.69576191367639	45
0.0607876674140999	1.06469461757353	396
-0.0722235621774101	1.76066447350311	145
-0.10017851566031	0.827822481540932	1199
0.05768317519777	1.03659378609392	262
-0.07192868246787	0.465341987183245	13
-0.0715503595831399	0.469956675808137	309
-0.0741875874159399	0.469908187366168	160
-0.07537314751984	0.463995739107154	160
-0.11685328165757	1.96776043088667	45
-0.0944520346852	2.3106605138481	396
0.11638852239166	1.74667047674806	396
0.0111626376348799	0.736643121612494	232
-0.07456600514849	0.471359578920945	160
-0.0768113499502501	0.463288562090449	2233
-0.07456600514849	0.471359578920945	2415
0.05639423395646	1.04935320567443	396
0.0184197635263701	0.745019451022738	2427
0.0132253362857699	0.755411989060104	44
0.01103612506269	0.742009539502176	44
-0.0810577577579901	0.456752572492462	1287
-0.0733802533353301	0.462062811856473	1287
-0.0758003184593199	0.463201860650559	236
0.0155499165962101	1.47885132694756	45
0.0584525952289201	1.83050462711245	45
-0.10942097628459	0.82880540126259	45
0.01467406915362	1.46464616903196	396
-0.09262055640947	0.821724457428639	396
-0.0794492695425499	0.463259696165317	396
-0.10152554485988	0.861359089511364	145
-0.10253139955978	0.860000456603571	59
-0.0794492695425499	0.463259696165317	324
-0.0676438680942899	0.458059145768871	324
-0.0737582159768899	0.470732421286002	2472
-0.0958888624271399	0.846152270632132	2472
0.00436719629537996	0.730528087355242	44
-0.0749942755386599	0.470534133754891	1287
-0.07236063103638	0.464536479293759	2233
0.0582193561578901	1.05195712929014	55
-0.10174390936597	0.863099661224463	2498
-0.10366986471292	0.84051380744398	324
0.00884228347658	0.748519684869526	557
-0.0676438680942899	0.458059145768871	2472
-0.0741875874159399	0.469908187366168	115
-0.07456600514849	0.471359578920945	44
-0.07192868246787	0.465341987183245	44
-0.09610695692327	0.83687414092962	44
-0.0729497792457801	0.46285609419343	49
-0.0711173043372799	0.47078607324022	30
-0.10865030259485	0.830035231232587	324
0.0615758218923399	1.05881311769179	238
-0.10546053359562	0.833439217457726	557
0.0563992986283699	1.8483679386386	557
-0.0966993752982099	1.86231227581696	557
-0.0733802533353301	0.462062811856473	115
0.00954997059515006	0.74092511944976	44
-0.10920374755161	0.838168598528166	49
-0.0749942755386599	0.470534133754891	1391
-0.11078007038282	0.838509441100221	2472
0.06734671682236	1.0424942448562	675
-0.0737582159768899	0.470732421286002	30
-0.07456600514849	0.471359578920945	30
-0.07236063103638	0.464536479293759	30
-0.07537314751984	0.463995739107154	209
-0.0733802533353301	0.462062811856473	24
-0.12083333679523	1.84993791520179	13
-0.0423183997349199	1.16101818036597	23
-0.0711173043372799	0.47078607324022	49
-0.0741875874159399	0.469908187366168	895
-0.0729497792457801	0.46285609419343	895
0.00965406167298011	0.753537388773881	102
-0.0729497792457801	0.46285609419343	624
-0.0707647123008801	2.25327012026801	55
-0.0967963060177	1.32538269485297	238
0.09528426907083	1.4041305928271	675
-0.0971376089921001	1.28443380134702	44
0.0558159288779401	1.04740259701362	49
0.00965406167298011	0.753537388773881	30
-0.10990876980475	0.819968922494302	1167
-0.0749942755386599	0.470534133754891	236
0.00965406167298011	0.753537388773881	308
-0.0711173043372799	0.47078607324022	1902
0.11503453932289	2.37349051842597	55
0.10971579939627	2.39395319808077	324
0.00941331320357008	0.735923451983237	49
-0.06845951491037	0.457663479346108	30
-0.0749942755386599	0.470534133754891	1167
0.00541137566876992	0.735955145381462	236
-0.07456600514849	0.471359578920945	258
0.10606591818045	2.40062995491453	324
0.0874092142695499	1.40133389012593	115
-0.07456600514849	0.471359578920945	12
-0.0733802533353301	0.462062811856473	258
-0.0733802533353301	0.462062811856473	258
-0.0802538349461199	0.463861149107968	308
-0.07456600514849	0.471359578920945	308
-0.09397817504408	0.836230741533679	81
-0.11135122966647	0.825917594631426	115
-0.0711173043372799	0.47078607324022	49
-0.07761949512029	0.458033193982778	12
-0.07456600514849	0.471359578920945	624
-0.0749942755386599	0.470534133754891	258
0.01103612506269	0.742009539502176	1900
-0.0741875874159399	0.469908187366168	308
-0.0711173043372799	0.47078607324022	258
-0.0350727944760501	1.19242697893156	324
0.0531551033704101	1.83129746003728	13
0.01208551334991	0.747464752710999	675
0.0192283177445001	0.74250927943255	44
-0.10659750294821	0.847226258348608	49
0.0082710359545799	0.733454136250542	517
-0.0758003184593199	0.463201860650559	258
-0.07456600514849	0.471359578920945	1900
-0.0129670341193899	2.43455824977674	45
0.0558159288779401	1.04740259701362	55
-0.09939164460367	0.833378785197813	145
0.0876695501809499	1.34675438061807	324
-0.07537314751984	0.463995739107154	49
-0.0758003184593199	0.463201860650559	1803
0.0211891667436801	0.714946119112941	1803
-0.0749942755386599	0.470534133754891	517
0.0426015598535201	2.17466141928331	45
-0.0733802533353301	0.462062811856473	324
-0.03106404852718	1.19488547886787	238
-0.07456600514849	0.471359578920945	854
0.01403586280073	0.75935685150874	362
-0.0794492695425499	0.463259696165317	1167
0.00787770172866997	1.51986695243308	600
0.0154164083408601	0.746156584553076	12
0.01241415500652	0.743648577773175	258
-0.03249981298782	1.19522072175133	73
-0.02920461722644	1.18548521605849	23
0.0104651949060399	0.754856633154944	236
-0.0711173043372799	0.47078607324022	12
0.0104651949060399	0.754856633154944	12
-0.0737582159768899	0.470732421286002	49
-0.0711173043372799	0.47078607324022	643
0.08205722003031	1.37082892204595	24
-0.07030527404812	0.465153938385468	290
0.01241415500652	0.743648577773175	459
0.0132253362857699	0.755411989060104	459
-0.07537314751984	0.463995739107154	49
-0.0749942755386599	0.470534133754891	643
0.00989404706409003	0.739500966851492	600
-0.0749942755386599	0.470534133754891	65
-0.07236063103638	0.464536479293759	258
0.01379611328748	0.742583436825289	324
-0.07456600514849	0.471359578920945	49
0.00908286397743008	0.738233666663858	643
-0.07192868246787	0.465341987183245	600
-0.0749942755386599	0.470534133754891	600
-0.0786440607999901	0.4556622037059	2267
-0.04497557081847	2.17380432683674	145
0.01403586280073	0.75935685150874	73
-0.0794492695425499	0.463259696165317	600
-0.0711173043372799	0.47078607324022	12
-0.0749942755386599	0.470534133754891	12
-0.07030527404812	0.465153938385468	12
0.00884228347658	0.748519684869526	302
-0.07236063103638	0.464536479293759	258
-0.10388760558179	0.851430682411512	673
-0.10559101205393	0.829471534230439	600
0.0148457312324199	0.759122259312083	24
-0.07456600514849	0.471359578920945	12
-0.0737582159768899	0.470732421286002	2289
-0.07537314751984	0.463995739107154	308
0.01379611328748	0.742583436825289	236
-0.0715503595831399	0.469956675808137	600
0.00460334406519003	0.734693489075444	24
0.00621874763484009	0.734171469556092	12
-0.0749942755386599	0.470534133754891	302
0.01379611328748	0.742583436825289	258
0.0140751321378001	1.51899576345532	1035
0.0860370212142401	1.40800591822044	49
-0.0741875874159399	0.469908187366168	300
-0.0737582159768899	0.470732421286002	302
-0.0737582159768899	0.470732421286002	302
0.0146065898693399	0.746368120577085	13
0.0107045819338301	0.737702674068381	49
-0.06845951491037	0.457663479346108	300
0.01254801398565	0.724755832959694	302
0.09323099888693	1.39345627043706	324
0.00978445793825	0.740125339762744	49
-0.09492071465722	1.30078431017214	49
0.0568122374008	1.02126515572007	49
0.0142748366853001	0.743630865841538	600
0.00460334406519003	0.734693489075444	24
-0.07761949512029	0.458033193982778	24
-0.0737582159768899	0.470732421286002	302
-0.0737582159768899	0.470732421286002	24
-0.07456600514849	0.471359578920945	258
-0.0715503595831399	0.469956675808137	258
-0.0737582159768899	0.470732421286002	258
-0.03876450569455	1.16019096617688	585
-0.0737582159768899	0.470732421286002	300
-0.0737582159768899	0.470732421286002	1320
-0.0749942755386599	0.470534133754891	258
0.0104651949060399	0.754856633154944	145
0.00965406167298011	0.753537388773881	50
-0.07537314751984	0.463995739107154	49
-0.0749942755386599	0.470534133754891	49
-0.0680817409214001	0.457276094142724	2862
-0.07073943758596	0.464346498613173	302
-0.0758003184593199	0.463201860650559	258
-0.07030527404812	0.465153938385468	324
-0.10447076125116	1.22367031477072	269
0.01103612506269	0.742009539502176	269
0.08355587859406	1.3762468718432	50
-0.0737582159768899	0.470732421286002	1707
-0.0711173043372799	0.47078607324022	300
-0.07456600514849	0.471359578920945	600
-0.0758003184593199	0.463201860650559	1320
0.0148457312324199	0.759122259312083	20
-0.10331862230922	0.852960107965367	20
-0.07192868246787	0.465341987183245	1048
-0.0711173043372799	0.47078607324022	258
-0.0749942755386599	0.470534133754891	258
-0.0715503595831399	0.469956675808137	258
-0.03726221186875	1.6557494486934	13
-0.10196250570816	0.844247193746378	50
-0.07236063103638	0.464536479293759	300
-0.07456600514849	0.471359578920945	300
-0.0737582159768899	0.470732421286002	20
0.0107045819338301	0.737702674068381	20
-0.10580984667836	0.848379144638786	20
0.06612459927628	1.03641266251828	269
0.01298498191422	0.731315923596933	300
-0.0737582159768899	0.470732421286002	20
-0.07030527404812	0.465153938385468	1048
-0.10388760558179	0.851430682411512	302
0.05829963129796	1.80986668203536	145
0.00954997059515006	0.74092511944976	269
-0.0964590551403199	0.844657157092355	50
0.01241415500652	0.743648577773175	49
-0.0741875874159399	0.469908187366168	300
0.00954997059515006	0.74092511944976	600
-0.0737582159768899	0.470732421286002	1283
-0.0339417028301101	1.62150868056729	290
-0.0676438680942899	0.458059145768871	49
-0.0980343688468299	0.852542413674546	49
-0.0711173043372799	0.47078607324022	2786
-0.10324662787228	1.23570761590965	236
-0.0737582159768899	0.470732421286002	300
-0.0741875874159399	0.469908187366168	20
-0.0737582159768899	0.470732421286002	706
-0.07456600514849	0.471359578920945	258
-0.10231316541434	0.861533536400506	49
-0.0711173043372799	0.47078607324022	996
-0.07537314751984	0.463995739107154	2786
-0.10253139955978	0.860000456603571	2786
-0.10471121464068	0.829459943316607	236
0.01335405667603	0.726919455715876	236
0.00817034690797991	0.736590922533995	20
-0.07236063103638	0.464536479293759	20
-0.0711173043372799	0.47078607324022	20
0.11456990059592	1.68690135279739	141
0.0592130075586801	1.06533101272684	290
-0.03342439032613	1.19160944546861	50
0.00959164432583992	1.48457722483389	50
-0.07456600514849	0.471359578920945	2177
-0.0919128073195701	1.31213658717746	300
-0.10331862230922	0.852960107965367	300
-0.0810577577579901	0.456752572492462	883
-0.0802538349461199	0.463861149107968	706
-0.0711173043372799	0.47078607324022	258
0.01294766137933	1.52713104238629	141
0.05560707402429	1.04656930130278	141
0.0121751654503	1.94668239378362	269
-0.0737582159768899	0.470732421286002	50
-0.0749942755386599	0.470534133754891	50
-0.0768113499502501	0.463288562090449	1466
-0.09521991644901	1.32046030116034	300
-0.0749942755386599	0.470534133754891	258
-0.10366986471292	0.84051380744398	269
-0.0749942755386599	0.470534133754891	999
-0.07456600514849	0.471359578920945	999
0.00989404706409003	0.739500966851492	2177
0.0843777632615501	1.37735019848652	300
-0.0749942755386599	0.470534133754891	300
-0.0729497792457801	0.46285609419343	20
-0.0741875874159399	0.469908187366168	20
-0.0715503595831399	0.469956675808137	24
-0.0737582159768899	0.470732421286002	687
-0.0737582159768899	0.470732421286002	141
0.0154164083408601	0.746156584553076	50
-0.10287609762767	0.836171435419209	183
0.00740776771546003	1.48244577275367	300
-0.03887881923194	1.17266071381927	300
0.00989404706409003	0.739500966851492	300
-0.0676438680942899	0.458059145768871	20
-0.10637880563265	0.830901774791689	141
0.05942015767025	1.04319425183344	290
0.01208551334991	0.747464752710999	50
-0.07456600514849	0.471359578920945	1858
-0.0741875874159399	0.469908187366168	49
-0.0688962737552701	0.45688332645499	49
-0.0741875874159399	0.469908187366168	300
0.0118465602259401	0.740195829260345	1053
-0.0749942755386599	0.470534133754891	1053
-0.0794492695425499	0.463259696165317	258
-0.07192868246787	0.465341987183245	20
-0.0768113499502501	0.463288562090449	1461
-0.1049274641514	0.849173661059665	290
0.0552373827402799	1.02471796067177	300
-0.0688962737552701	0.45688332645499	20
0.00965406167298011	0.753537388773881	20
-0.0680817409214001	0.457276094142724	587
-0.0768113499502501	0.463288562090449	1053
-0.0986045136825899	0.835023890156743	50
-0.0715503595831399	0.469956675808137	50
-0.10942097628459	0.82880540126259	49
0.0104651949060399	0.754856633154944	39
-0.0711173043372799	0.47078607324022	20
0.01127567989505	0.752946896959541	20
0.00517583373338004	0.73528457737615	20
-0.0966767859262601	0.852145928882922	50
-0.07456600514849	0.471359578920945	50
-0.0711173043372799	0.47078607324022	1466
0.0633873458182199	1.05915403403321	49
-0.0688962737552701	0.45688332645499	49
-0.10580984667836	0.848379144638786	300
-0.07236063103638	0.464536479293759	419
-0.0715503595831399	0.469956675808137	300
-0.0749942755386599	0.470534133754891	24
0.0148457312324199	0.759122259312083	24
-0.07073943758596	0.464346498613173	24
-0.07073943758596	0.464346498613173	258
0.0558159288779401	1.04740259701362	290
-0.0715503595831399	0.469956675808137	852
0.00965406167298011	0.753537388773881	1482
-0.0749942755386599	0.470534133754891	852
-0.0958888624271399	0.846152270632132	300
-0.10580984667836	0.848379144638786	300
-0.0749942755386599	0.470534133754891	258
-0.07236063103638	0.464536479293759	258
0.0647555373252899	1.06089481819245	141
0.0189902367521499	0.732717975420443	49
-0.0715503595831399	0.469956675808137	852
-0.0741875874159399	0.469908187366168	49
0.0107045819338301	0.737702674068381	419
0.00908286397743008	0.738233666663858	300
-0.0711173043372799	0.47078607324022	22
-0.07456600514849	0.471359578920945	236
-0.0715503595831399	0.469956675808137	20
-0.0741875874159399	0.469908187366168	20
-0.0733802533353301	0.462062811856473	1682
0.0146065898693399	0.746368120577085	141
-0.0884037975729699	1.31073629403786	290
-0.10179881596224	1.28465894950298	290
-0.0711173043372799	0.47078607324022	49
0.05560707402429	1.04656930130278	49
0.0930230282493101	1.40527607650156	49
-0.0758003184593199	0.463201860650559	49
-0.03568442666978	1.19630092097988	300
-0.10637880563265	0.830901774791689	419
-0.07456600514849	0.471359578920945	22
-0.0711173043372799	0.47078607324022	20
0.01403586280073	0.75935685150874	20
-0.0733802533353301	0.462062811856473	20
-0.07456600514849	0.471359578920945	24
0.0511761193218001	1.79431377531905	290
-0.10942097628459	0.82880540126259	217
-0.0711173043372799	0.47078607324022	49
-0.07236063103638	0.464536479293759	20
-0.0758003184593199	0.463201860650559	848
-0.12044695888089	2.07103038103052	413
0.08685799574108	1.41125356386804	49
-0.03661839261543	1.16526954450878	49
-0.07537314751984	0.463995739107154	300
-0.07456600514849	0.471359578920945	300
-0.10095615227472	0.862923691764986	20
0.00460334406519003	0.734693489075444	24
-0.0749942755386599	0.470534133754891	147
-0.0711173043372799	0.47078607324022	258
-0.0733802533353301	0.462062811856473	258
-0.0170008678274001	2.41954282707541	585
-0.0932186565611	1.31356754064919	290
-0.07456600514849	0.471359578920945	49
-0.07456600514849	0.471359578920945	49
-0.0737582159768899	0.470732421286002	300
0.00460334406519003	0.734693489075444	300
0.0156549382523099	0.754787524699518	20
-0.03311247984307	1.18691365039172	1237
-0.10514395281241	0.841291513918511	1237
-0.0322895161686601	1.19039805713383	64
0.00517583373338004	0.73528457737615	916
0.0118465602259401	0.740195829260345	258
0.02240977043965	1.52152654743863	290
-0.09765087776722	1.32417795840487	50
0.0727468622032501	1.30046537183468	50
0.0574336657158201	1.03170340601193	135
-0.0715503595831399	0.469956675808137	22
0.00965406167298011	0.753537388773881	147
-0.0729497792457801	0.46285609419343	258
-0.0296277258856501	1.17051980575079	49
0.0148457312324199	0.759122259312083	49
-0.0729497792457801	0.46285609419343	300
0.0107045819338301	0.737702674068381	300
-0.1065036386203	0.852664063939634	300
-0.0749942755386599	0.470534133754891	916
-0.0758003184593199	0.463201860650559	2966
-0.0372296501135101	1.16891658203727	290
-0.0268738992575299	2.01602249328399	50
-0.0332117681483901	1.18972696183019	50
-0.11300335277606	1.94467421346687	2157
0.0663320662370299	1.04727552706907	217
-0.0733802533353301	0.462062811856473	325
0.00941331320357008	0.735923451983237	161
-0.07456600514849	0.471359578920945	258
0.00908286397743008	0.738233666663858	300
0.0605797255292999	1.06882848215411	300
-0.10593204509906	0.841433464588651	1713
-0.10095615227472	0.862923691764986	340
-0.0758003184593199	0.463201860650559	340
-0.0802538349461199	0.463861149107968	381
-0.10445304764553	0.848368946880997	2966
-0.0729497792457801	0.46285609419343	258
-0.0711173043372799	0.47078607324022	300
0.0148457312324199	0.759122259312083	300
-0.0737582159768899	0.470732421286002	147
-0.07030527404812	0.465153938385468	381
-0.07537314751984	0.463995739107154	2966
-0.0715503595831399	0.469956675808137	50
-0.07456600514849	0.471359578920945	49
-0.0741875874159399	0.469908187366168	49
0.0524937151743301	1.03684362807186	300
0.0156549382523099	0.754787524699518	300
-0.07073943758596	0.464346498613173	155
-0.07537314751984	0.463995739107154	2966
-0.07192868246787	0.465341987183245	258
-0.0715503595831399	0.469956675808137	49
0.0655435304387799	1.05652961693238	155
0.06239481396378	1.04839844593224	64
-0.0749942755386599	0.470534133754891	64
0.0148457312324199	0.759122259312083	64
-0.10502191696684	0.846854697022837	64
-0.10344523929805	0.834704026225854	325
-0.07456600514849	0.471359578920945	340
-0.0296277258856501	1.17051980575079	49
-0.0741875874159399	0.469908187366168	916
-0.0715503595831399	0.469956675808137	340
-0.0737582159768899	0.470732421286002	325
-0.0737582159768899	0.470732421286002	161
-0.03382425713647	1.18150198314007	585
-0.10095615227472	0.862923691764986	290
-0.0715503595831399	0.469956675808137	300
-0.0715503595831399	0.469956675808137	300
0.01127567989505	0.752946896959541	155
-0.07192868246787	0.465341987183245	64
-0.0737582159768899	0.470732421286002	381
-0.0966079562017199	0.812476802323949	135
-0.11368779721082	1.44905544238612	49
-0.07537314751984	0.463995739107154	683
0.0146065898693399	0.746368120577085	258
-0.0414912864094901	1.15774223124355	1276
0.00517583373338004	0.73528457737615	49
0.0139260327561599	0.727495229739064	300
-0.07537314751984	0.463995739107154	300
0.0082710359545799	0.733454136250542	155
-0.0758003184593199	0.463201860650559	258
0.02052820726209	1.5129174284338	141
0.0154164083408601	0.746156584553076	198
0.0727959105919001	2.47157948277969	290
-0.0758003184593199	0.463201860650559	135
-0.10231316541434	0.861533536400506	300
-0.10209516358972	0.843312429550933	325
-0.07537314751984	0.463995739107154	325
-0.0810577577579901	0.456752572492462	258
-0.10130741353172	0.840093831810346	198
-0.0461656989516901	1.11117815336829	50
-0.0741875874159399	0.469908187366168	49
0.0148457312324199	0.759122259312083	300
0.0107045819338301	0.737702674068381	155
-0.07456600514849	0.471359578920945	64
-0.0733802533353301	0.462062811856473	155
-0.07456600514849	0.471359578920945	155
0.01127567989505	0.752946896959541	155
-0.0729497792457801	0.46285609419343	325
-0.07192868246787	0.465341987183245	258
0.0833019843901099	1.40173459837472	52
-0.0906620060907	1.30692958645143	52
-0.0433577294749301	1.16055093368894	52
0.00978445793825	0.740125339762744	155
-0.07456600514849	0.471359578920945	155
-0.0749942755386599	0.470534133754891	155
-0.0794492695425499	0.463259696165317	155
-0.0749942755386599	0.470534133754891	155
0.01208551334991	0.747464752710999	460
-0.07537314751984	0.463995739107154	325
0.01127567989505	0.752946896959541	49
0.02003619715234	0.732461244675961	49
0.08947989152902	1.37194710480733	49
-0.07456600514849	0.471359578920945	155
-0.07456600514849	0.471359578920945	155
0.00965406167298011	0.753537388773881	325
0.0189902367521499	0.732717975420443	52
0.01127567989505	0.752946896959541	49
0.01103612506269	0.742009539502176	300
-0.0711173043372799	0.47078607324022	155
-0.0749942755386599	0.470534133754891	155
-0.0749942755386599	0.470534133754891	155
-0.07030527404812	0.465153938385468	64
-0.0715503595831399	0.469956675808137	64
-0.0741565637108901	0.450639304400176	161
-0.0737582159768899	0.470732421286002	258
-0.07192868246787	0.465341987183245	258
-0.07456600514849	0.471359578920945	198
0.00379465613867991	0.729942953139323	49
-0.0711173043372799	0.47078607324022	397
-0.0749942755386599	0.470534133754891	155
-0.0749942755386599	0.470534133754891	155
-0.0749942755386599	0.470534133754891	552
-0.07537314751984	0.463995739107154	325
-0.0768113499502501	0.463288562090449	258
-0.10157168531962	1.2941380670329	52
-0.0802538349461199	0.463861149107968	1057
-0.0688962737552701	0.45688332645499	56
0.05776029812203	1.02908451933501	325
-0.10331862230922	0.852960107965367	325
-0.0711173043372799	0.47078607324022	258
0.0812352776679099	1.36252904696821	1207
-0.10681642372412	0.844716719578192	52
-0.0741875874159399	0.469908187366168	161
-0.07030527404812	0.465153938385468	258
-0.0737582159768899	0.470732421286002	258
-0.10637880563265	0.830901774791689	290
-0.12026853743687	1.43726169292664	290
0.0899306808186899	2.18716743127022	52
-0.07537314751984	0.463995739107154	52
0.06612459927628	1.03641266251828	52
0.05854885496888	1.0258765468244	392
-0.0758003184593199	0.463201860650559	151
-0.0749942755386599	0.470534133754891	155
-0.07192868246787	0.465341987183245	155
0.01403586280073	0.75935685150874	155
-0.0676438680942899	0.458059145768871	577
-0.0741875874159399	0.469908187366168	258
-0.07456600514849	0.471359578920945	258
-0.0711173043372799	0.47078607324022	258
-0.07030527404812	0.465153938385468	392
-0.07537314751984	0.463995739107154	300
0.01818106119555	0.730530153064536	1241
-0.0733802533353301	0.462062811856473	64
-0.07456600514849	0.471359578920945	1095
-0.10524111338353	0.849899962363128	1241
-0.07537314751984	0.463995739107154	64
-0.0758003184593199	0.463201860650559	258
-0.07761949512029	0.458033193982778	576
-0.03624170355589	1.64490558099503	145
0.00965406167298011	0.753537388773881	529
0.00517583373338004	0.73528457737615	151
0.0104651949060399	0.754856633154944	577
-0.0741875874159399	0.469908187366168	64
-0.0741875874159399	0.469908187366168	161
-0.0483588141176099	2.0815302830836	141
-0.0291164147966401	1.18135285515517	52
-0.0737582159768899	0.470732421286002	392
-0.10388440391791	0.833113741500703	1241
-0.0737582159768899	0.470732421286002	1241
-0.07456600514849	0.471359578920945	552
-0.0758003184593199	0.463201860650559	258
-0.102805524356	0.831402101873626	290
0.0890324447527799	1.37013037571137	290
-0.0733441634785099	0.451024438456492	52
-0.0959412523691101	1.32316952490129	49
-0.07456600514849	0.471359578920945	392
-0.0737582159768899	0.470732421286002	64
-0.07456600514849	0.471359578920945	161
-0.0295296344171701	1.62328359157157	290
0.08727521283566	1.3737535803487	290
-0.0741875874159399	0.469908187366168	56
0.0189902367521499	0.732717975420443	361
-0.0794492695425499	0.463259696165317	64
-0.07456600514849	0.471359578920945	920
-0.02797341872419	2.03013065099574	1686
0.05639423395646	1.04935320567443	49
-0.0711173043372799	0.47078607324022	49
-0.0749942755386599	0.470534133754891	397
-0.10952724139579	0.804253651261954	40
-0.0737582159768899	0.470732421286002	1241
-0.0715503595831399	0.469956675808137	361
0.01103612506269	0.742009539502176	361
-0.07030527404812	0.465153938385468	920
-0.0729497792457801	0.46285609419343	462
-0.07018412244578	1.75989167055939	141
0.01035664061916	0.740720745664786	49
-0.1060289055812	0.848743572433226	49
0.0148457312324199	0.759122259312083	40
-0.07537314751984	0.463995739107154	1241
-0.0737582159768899	0.470732421286002	56
-0.0802538349461199	0.463861149107968	361
-0.0733802533353301	0.462062811856473	258
-0.07537314751984	0.463995739107154	392
-0.0711173043372799	0.47078607324022	56
0.0126563438279299	0.734963629664486	49
-0.0729497792457801	0.46285609419343	40
-0.07537314751984	0.463995739107154	56
0.0891209918237399	1.4012989114022	361
-0.0715503595831399	0.469956675808137	1483
-0.09436563608702	1.32371514548468	141
-0.0292897864757899	1.6687539426789	392
-0.07456600514849	0.471359578920945	40
-0.10288264750073	0.843460385039688	56
0.0139260327561599	0.727495229739064	56
-0.07236063103638	0.464536479293759	64
0.0611591464858601	1.04800270918825	1483
0.10153274694425	1.6644946691492	864
-0.07456600514849	0.471359578920945	397
-0.0995988256954199	0.843817707074576	56
0.0104651949060399	0.754856633154944	56
-0.07030527404812	0.465153938385468	361
0.0189902367521499	0.732717975420443	49
-0.0711173043372799	0.47078607324022	49
-0.0741875874159399	0.469908187366168	392
-0.07456600514849	0.471359578920945	397
-0.09850496796204	1.31946710327383	215
0.0607876674140999	1.06469461757353	40
-0.07537314751984	0.463995739107154	40
0.0553979685348101	1.02076779708981	74
-0.0758003184593199	0.463201860650559	56
-0.0737582159768899	0.470732421286002	361
0.01127567989505	0.752946896959541	210
0.11531486479227	1.7447860982763	146
0.01127567989505	0.752946896959541	49
-0.07456600514849	0.471359578920945	28
-0.0715503595831399	0.469956675808137	1768
-0.0758003184593199	0.463201860650559	210
-0.0711173043372799	0.47078607324022	210
0.0132253362857699	0.755411989060104	392
0.00989404706409003	0.739500966851492	40
-0.0711173043372799	0.47078607324022	548
0.00884228347658	0.748519684869526	146
0.0241829551148101	0.704146915540082	290
-0.0727888673481201	1.6963468427192	290
0.04780343248123	0.995705944253607	40
0.0148457312324199	0.759122259312083	40
0.01208551334991	0.747464752710999	56
0.0184197635263701	0.745019451022738	56
0.0118465602259401	0.740195829260345	64
-0.0749942755386599	0.470534133754891	210
-0.07030527404812	0.465153938385468	210
-0.10310051917062	0.858445269472891	40
0.05012771537189	1.02831821206316	56
-0.0802538349461199	0.463861149107968	56
-0.0749942755386599	0.470534133754891	56
0.00460334406519003	0.734693489075444	56
-0.0749942755386599	0.470534133754891	210
-0.0741875874159399	0.469908187366168	1132
0.0869315530545201	2.10752835766268	49
-0.11987005820802	1.91514088807648	49
0.10610155664627	1.71812573792518	49
0.08495042245113	1.3966980485085	49
-0.0749942755386599	0.470534133754891	215
-0.0758003184593199	0.463201860650559	215
-0.07236063103638	0.464536479293759	40
0.0156549382523099	0.754787524699518	56
-0.0737582159768899	0.470732421286002	210
-0.0749942755386599	0.470534133754891	161
-0.0741875874159399	0.469908187366168	1132
-0.0711173043372799	0.47078607324022	2360
-0.0332117681483901	1.18972696183019	1138
-0.0749942755386599	0.470534133754891	40
-0.0758003184593199	0.463201860650559	40
-0.0794492695425499	0.463259696165317	56
-0.04010132713967	1.1387569468076	182
-0.0729497792457801	0.46285609419343	161
-0.0794492695425499	0.463259696165317	1132
-0.07236063103638	0.464536479293759	1132
-0.0810214552361499	1.67355031383977	145
0.0230979316061399	1.51267522367075	145
0.0649622183976299	1.054557462226	86
-0.10223303729587	0.844064024068727	141
0.08520007272333	1.37510854312855	49
0.01103612506269	0.742009539502176	2275
-0.0741875874159399	0.469908187366168	774
0.00541137566876992	0.735955145381462	774
-0.0737582159768899	0.470732421286002	1116
-0.07073943758596	0.464346498613173	182
-0.07537314751984	0.463995739107154	210
-0.0737582159768899	0.470732421286002	161
-0.11078007038282	0.838509441100221	1357
-0.0741875874159399	0.469908187366168	215
-0.0737582159768899	0.470732421286002	774
-0.0758003184593199	0.463201860650559	1098
-0.12365963933649	1.45961881789663	49
-0.0390920843448599	1.16631927629497	49
0.01103612506269	0.742009539502176	774
-0.10152554485988	0.861359089511364	40
-0.0758003184593199	0.463201860650559	182
-0.0741875874159399	0.469908187366168	64
-0.0737582159768899	0.470732421286002	1677
-0.0749942755386599	0.470534133754891	1006
-0.0749942755386599	0.470534133754891	1006
-0.0737582159768899	0.470732421286002	1294
-0.0911244897128001	2.33817823010809	141
-0.0980343688468299	0.852542413674546	215
-0.0715503595831399	0.469956675808137	56
-0.0741875874159399	0.469908187366168	74
-0.0749942755386599	0.470534133754891	210
-0.07456600514849	0.471359578920945	1677
-0.0741875874159399	0.469908187366168	1006
-0.07192868246787	0.465341987183245	161
0.02224455328526	1.89825066302178	86
-0.0760025568851801	0.457858179530372	146
0.01346491823825	0.7438385311345	49
0.08684596615424	1.36019452952309	56
-0.0733802533353301	0.462062811856473	56
0.0107182809615101	1.48817386488267	2686
0.01379611328748	0.742583436825289	112
-0.0741875874159399	0.469908187366168	1294
-0.0399157739148599	1.16047562426625	286
-0.0749942755386599	0.470534133754891	1253
0.0904931791407599	2.1452753272942	49
-0.0749942755386599	0.470534133754891	552
-0.0749942755386599	0.470534133754891	64
0.05012771537189	1.02831821206316	146
0.0665602967747001	1.03520983718965	231
-0.0972468413882801	0.850627726892704	215
-0.0758003184593199	0.463201860650559	56
0.00989404706409003	0.739500966851492	56
-0.0737582159768899	0.470732421286002	367
-0.11156782435835	0.834566057830458	231
0.0566033618366899	1.04709326111608	231
0.05776029812203	1.02908451933501	215
-0.0741875874159399	0.469908187366168	56
-0.0741875874159399	0.469908187366168	103
0.0150840937476799	0.739530354684421	103
-0.0749942755386599	0.470534133754891	182
0.01346491823825	0.7438385311345	64
-0.0749942755386599	0.470534133754891	103
0.01103612506269	0.742009539502176	64
-0.07236063103638	0.464536479293759	1014
0.0756707390959801	1.31777748790203	56
-0.0711173043372799	0.47078607324022	56
-0.0749942755386599	0.470534133754891	103
0.0156549382523099	0.754787524699518	103
-0.0741875874159399	0.469908187366168	103
0.11751478552369	1.71404896505634	182
-0.07537314751984	0.463995739107154	723
-0.06885782567128	1.74004884903863	2360
0.06376139240415	1.03704844117834	49
-0.0737582159768899	0.470732421286002	243
-0.07456600514849	0.471359578920945	392
-0.10546053359562	0.833439217457726	56
0.01208551334991	0.747464752710999	56
0.0550925515146301	1.05484613713122	103
0.0132253362857699	0.755411989060104	243
-0.03290264447003	1.16332684548453	243
-0.07456600514849	0.471359578920945	56
-0.0737582159768899	0.470732421286002	735
0.0600000626544499	1.06680392666408	575
0.11028633742862	1.73755184518146	469
-0.0332117681483901	1.18972696183019	49
-0.0802538349461199	0.463861149107968	49
0.0633873458182199	1.05915403403321	243
-0.0737582159768899	0.470732421286002	215
0.00978445793825	0.740125339762744	215
0.0128946919708099	0.735045521559099	56
0.01127567989505	0.752946896959541	103
-0.0741875874159399	0.469908187366168	91
-0.07537314751984	0.463995739107154	723
-0.09055841494172	1.32675470557024	575
-0.0976823006527701	0.837035254474296	49
0.0154164083408601	0.746156584553076	243
-0.07456600514849	0.471359578920945	2183
-0.07456600514849	0.471359578920945	1250
-0.0737582159768899	0.470732421286002	56
-0.10401460694706	0.817962099588047	91
0.05905462459259	1.03093773189267	469
-0.10502191696684	0.846854697022837	49
-0.06740388080608	1.78025689708952	49
-0.07761949512029	0.458033193982778	243
-0.0802538349461199	0.463861149107968	392
-0.10016812883785	0.859498518679871	28
0.0866562508350399	1.40322983680954	28
0.0176105378750699	0.742747126630411	1597
-0.0737582159768899	0.470732421286002	723
0.01346491823825	0.7438385311345	723
-0.0354727307390399	1.18925648666736	49
-0.0733802533353301	0.462062811856473	49
-0.0737582159768899	0.470732421286002	49
-0.0715503595831399	0.469956675808137	392
0.0118465602259401	0.740195829260345	103
0.01403586280073	0.75935685150874	64
-0.0749942755386599	0.470534133754891	723
0.0107315475560501	1.52625649858677	469
-0.10524111338353	0.849899962363128	146
-0.10760366730216	0.837107437979988	146
-0.10999204460336	0.839650697809632	49
0.11179492018542	1.75778217898341	49
0.0631811791043899	1.05725585739241	49
-0.07456600514849	0.471359578920945	28
-0.07192868246787	0.465341987183245	56
-0.0688962737552701	0.45688332645499	56
-0.0741875874159399	0.469908187366168	56
0.0605797255292999	1.06882848215411	91
-0.1060289055812	0.848743572433226	91
-0.0711173043372799	0.47078607324022	91
-0.10038698566175	0.847067007001857	723
-0.07192868246787	0.465341987183245	56
-0.0741875874159399	0.469908187366168	103
-0.0733802533353301	0.462062811856473	103
-0.0737582159768899	0.470732421286002	103
0.0126563438279299	0.734963629664486	64
-0.0737582159768899	0.470732421286002	91
0.00954997059515006	0.74092511944976	1746
-0.0741875874159399	0.469908187366168	49
-0.0965710268179001	1.27129016878741	56
0.0186576774498599	0.727925867470937	2531
0.01127567989505	0.752946896959541	91
-0.0715503595831399	0.469956675808137	243
-0.0741875874159399	0.469908187366168	1763
-0.0802538349461199	0.463861149107968	91
-0.0688962737552701	0.45688332645499	91
-0.0941951015831799	0.817541470741283	266
0.01127567989505	0.752946896959541	49
-0.07456600514849	0.471359578920945	243
-0.0758003184593199	0.463201860650559	215
-0.07456600514849	0.471359578920945	1043
-0.0676438680942899	0.458059145768871	960
-0.07236063103638	0.464536479293759	91
-0.0838377719721499	1.31625639051422	141
0.0847844307311001	1.36428712871295	146
-0.07192868246787	0.465341987183245	49
-0.0715503595831399	0.469956675808137	243
-0.04078134728976	1.17980285048284	56
-0.07030527404812	0.465153938385468	1343
-0.0715503595831399	0.469956675808137	1343
-0.0749942755386599	0.470534133754891	468
-0.0758003184593199	0.463201860650559	156
0.0629450432369201	1.05023528568586	188
-0.0758003184593199	0.463201860650559	49
-0.10073765805908	0.857947769540287	49
-0.07236063103638	0.464536479293759	49
-0.07456600514849	0.471359578920945	28
-0.0737582159768899	0.470732421286002	243
-0.07192868246787	0.465341987183245	243
-0.0802538349461199	0.463861149107968	56
-0.07456600514849	0.471359578920945	90
-0.0741875874159399	0.469908187366168	56
0.0104651949060399	0.754856633154944	103
-0.07537314751984	0.463995739107154	206
-0.0737582159768899	0.470732421286002	91
0.0107045819338301	0.737702674068381	156
-0.0244921711617401	1.9971614425871	29
0.0109820449194999	1.52609667473327	469
0.0164634805221999	0.743060111620431	188
-0.0271009706418801	1.67275737727586	49
-0.10423371433239	0.842513920587929	49
-0.0737582159768899	0.470732421286002	243
-0.0741875874159399	0.469908187366168	56
-0.07192868246787	0.465341987183245	206
-0.0980517651802999	1.28837310109871	64
-0.11078007038282	0.838509441100221	64
-0.07537314751984	0.463995739107154	91
-0.0749942755386599	0.470534133754891	49
-0.0749942755386599	0.470534133754891	28
-0.07923251747931	1.2997040935146	28
0.00908286397743008	0.738233666663858	56
-0.0729497792457801	0.46285609419343	481
-0.0737582159768899	0.470732421286002	728
-0.0749942755386599	0.470534133754891	16
-0.0749942755386599	0.470534133754891	793
0.01818106119555	0.730530153064536	49
0.06099534711893	1.03566714362765	28
0.0613676148762199	1.06671046622272	215
-0.0733802533353301	0.462062811856473	337
-0.0260328106652701	1.1818062005976	243
-0.07456600514849	0.471359578920945	56
0.0877627917680299	2.1404715490802	188
-0.08737549540435	1.31622163361478	188
0.06516862709258	1.02300033756522	49
0.00965406167298011	0.753537388773881	215
-0.0758003184593199	0.463201860650559	2941
-0.0741875874159399	0.469908187366168	206
0.09118611666564	1.37964157644902	91
0.11233974262246	1.70316391306873	28
0.0148457312324199	0.759122259312083	544
-0.10502191696684	0.846854697022837	215
-0.10366470888589	0.844011097285775	56
0.05925933098499	1.04909242980698	56
0.0631811791043899	1.05725585739241	90
0.00298531519428003	0.718200810226843	90
-0.0749942755386599	0.470534133754891	2443
0.00989404706409003	0.739500966851492	91
-0.0733802533353301	0.462062811856473	1598
-0.0741875874159399	0.469908187366168	337
-0.07456600514849	0.471359578920945	215
-0.0943538937516799	1.28398450247748	56
-0.07456600514849	0.471359578920945	90
-0.0737582159768899	0.470732421286002	91
0.0631811791043899	1.05725585739241	91
-0.0737582159768899	0.470732421286002	337
0.11881303308252	1.73193916464878	49
0.0867739198311901	2.04502015422572	49
-0.07456600514849	0.471359578920945	305
-0.0749942755386599	0.470534133754891	305
-0.10016812883785	0.859498518679871	2941
0.00897773723181006	0.74032900455791	56
-0.0676438680942899	0.458059145768871	91
-0.0737582159768899	0.470732421286002	793
-0.07192868246787	0.465341987183245	49
0.0606244965211	1.85939558670187	1227
-0.07456600514849	0.471359578920945	1227
-0.0749942755386599	0.470534133754891	90
-0.0802538349461199	0.463861149107968	90
-0.0711173043372799	0.47078607324022	337
0.0132253362857699	0.755411989060104	266
0.01018757005114	1.92800045357764	49
-0.0741875874159399	0.469908187366168	891
-0.0758003184593199	0.463201860650559	215
-0.11020913846556	0.827690577419206	56
0.0600000626544499	1.06680392666408	56
-0.10546053359562	0.833439217457726	206
-0.07030527404812	0.465153938385468	156
-0.10729132941321	0.849626314995306	1512
0.01471352765346	1.94810849169453	49
-0.03167665092571	1.1987557085561	56
-0.0749942755386599	0.470534133754891	91
0.05424273231653	1.03845478083788	66
-0.0711173043372799	0.47078607324022	1512
-0.0927653041455301	1.31778846961262	215
-0.11099702874474	0.823866463197525	90
-0.0733802533353301	0.462062811856473	1653
-0.0749942755386599	0.470534133754891	1097
0.05718195052855	1.04904237692793	206
0.00954997059515006	0.74092511944976	91
-0.0688962737552701	0.45688332645499	28
-0.0905413555122001	1.31543225106623	56
-0.07030527404812	0.465153938385468	404
-0.07537314751984	0.463995739107154	404
-0.0880195347502699	1.32207087058593	206
-0.0390920843448599	1.16631927629497	295
-0.07030527404812	0.465153938385468	16
-0.0733802533353301	0.462062811856473	53
0.0142748366853001	0.743630865841538	66
-0.0368325956544999	1.14569553770673	66
-0.07456600514849	0.471359578920945	305
-0.0802538349461199	0.463861149107968	1097
-0.0810577577579901	0.456752572492462	1097
0.0607876674140999	1.06469461757353	206
0.01403586280073	0.75935685150874	53
-0.0749942755386599	0.470534133754891	53
-0.0741875874159399	0.469908187366168	53
0.0543042874019899	1.04963900522765	469
0.0104651949060399	0.754856633154944	66
0.0104651949060399	0.754856633154944	1512
0.0843278023403999	1.39432326491968	49
-0.0737582159768899	0.470732421286002	544
0.0132253362857699	0.755411989060104	28
0.0605797255292999	1.06882848215411	404
-0.0794492695425499	0.463259696165317	90
-0.0741875874159399	0.469908187366168	295
0.01103612506269	0.742009539502176	591
0.0558159288779401	1.04740259701362	16
-0.0749942755386599	0.470534133754891	53
-0.10703556666431	0.822301295160541	66
-0.0711173043372799	0.47078607324022	305
-0.0802538349461199	0.463861149107968	544
-0.12327574095399	1.8818241581735	544
0.0649622183976299	1.054557462226	215
-0.0733802533353301	0.462062811856473	295
0.01403586280073	0.75935685150874	53
0.0186576774498599	0.727925867470937	1745
-0.0741875874159399	0.469908187366168	544
0.1146357886701	1.74427128449373	56
-0.0749942755386599	0.470534133754891	56
0.00884228347658	0.748519684869526	56
0.00989404706409003	0.739500966851492	295
-0.0999495055675099	0.850697715795631	591
-0.07192868246787	0.465341987183245	53
0.0158984015389501	1.95307397404036	49
-0.0688962737552701	0.45688332645499	305
-0.0749942755386599	0.470534133754891	56
-0.07192868246787	0.465341987183245	56
-0.0737582159768899	0.470732421286002	90
-0.0924034006873899	0.831847765427138	591
-0.07073943758596	0.464346498613173	53
-0.07192868246787	0.465341987183245	29
0.10730087811078	1.64910846795382	1180
-0.07030527404812	0.465153938385468	646
-0.0741875874159399	0.469908187366168	544
0.0558159288779401	1.04740259701362	56
0.05900559623053	1.06203810917617	56
-0.07236063103638	0.464536479293759	850
0.01265434173508	0.740078919878972	591
-0.1057156833431	0.852504838113807	66
0.08202053811561	1.33328607243393	56
0.0877627917680299	2.1404715490802	56
-0.0794492695425499	0.463259696165317	2085
-0.07456600514849	0.471359578920945	295
-0.07030527404812	0.465153938385468	2557
0.0104651949060399	0.754856633154944	366
-0.10738488526196	0.843213631071436	56
-0.0741875874159399	0.469908187366168	789
-0.10117487918326	0.847218225319799	53
-0.0711173043372799	0.47078607324022	53
-0.10016812883785	0.859498518679871	29
0.00978445793825	0.740125339762744	28
-0.0760025568851801	0.457858179530372	544
-0.10331862230922	0.852960107965367	56
0.05560707402429	1.04656930130278	2943
-0.0741875874159399	0.469908187366168	90
0.0148457312324199	0.759122259312083	53
-0.07456600514849	0.471359578920945	544
0.08520007272333	1.37510854312855	56
-0.07456600514849	0.471359578920945	16
-0.0328126241651401	1.16767822586189	29
0.06239481396378	1.04839844593224	66
-0.0749942755386599	0.470534133754891	2151
-0.1057156833431	0.852504838113807	56
0.00793462496418007	0.726048211813645	2943
-0.07537314751984	0.463995739107154	206
-0.07073943758596	0.464346498613173	16
-0.07236063103638	0.464536479293759	53
-0.07073943758596	0.464346498613173	604
-0.07236063103638	0.464536479293759	19
0.10591610743166	1.69106792771543	56
-0.0794492695425499	0.463259696165317	652
0.08912587221315	1.40813867844254	29
-0.03106404852718	1.19488547886787	66
-0.10514395281241	0.841291513918511	66
-0.0355701842198799	1.63789119090212	544
-0.0749942755386599	0.470534133754891	206
0.0154164083408601	0.746156584553076	1182
-0.0676438680942899	0.458059145768871	49
-0.0749942755386599	0.470534133754891	604
-0.0711173043372799	0.47078607324022	222
0.00897773723181006	0.74032900455791	234
-0.0749942755386599	0.470534133754891	16
-0.04453221047019	2.14864844848706	1075
0.0816552403151101	1.39110633685831	29
-0.10467260557623	0.834558506543598	66
-0.08805679098932	2.34652603243174	1180
-0.0312752671116401	1.16750158573618	1171
-0.0397027479384999	1.16999083621135	56
0.0156549382523099	0.754787524699518	234
-0.0729497792457801	0.46285609419343	234
-0.06845951491037	0.457663479346108	206
-0.10725920746031	2.40435881547369	47
-0.0715503595831399	0.469956675808137	1585
-0.07537314751984	0.463995739107154	56
-0.07030527404812	0.465153938385468	359
0.00965406167298011	0.753537388773881	99
-0.0749942755386599	0.470534133754891	206
-0.0810577577579901	0.456752572492462	53
-0.00665849323049006	2.30312104580494	246
-0.03808385671412	1.12395287449909	49
0.00989404706409003	0.739500966851492	222
-0.0758003184593199	0.463201860650559	222
0.0886362006909101	1.38717632929451	56
-0.0768113499502501	0.463288562090449	16
-0.11127124297492	0.819754276440241	53
-0.0711173043372799	0.47078607324022	16
-0.10095615227472	0.862923691764986	49
-0.0291164147966401	1.18135285515517	19
-0.0688962737552701	0.45688332645499	222
-0.07537314751984	0.463995739107154	359
-0.0749942755386599	0.470534133754891	53
-0.09459201501326	1.32918065658003	246
0.0184197635263701	0.745019451022738	49
0.0107045819338301	0.737702674068381	28
-0.07236063103638	0.464536479293759	773
-0.0749942755386599	0.470534133754891	773
-0.0741875874159399	0.469908187366168	773
0.01346491823825	0.7438385311345	222
0.0170397972530401	0.728123889030914	423
-0.12302376094877	1.39694086645416	28
0.01151446529657	0.732510291903633	56
0.01780511326128	1.53407260083433	206
0.00817034690797991	0.736590922533995	206
-0.07456600514849	0.471359578920945	175
0.01335405667603	0.726919455715876	53
-0.0299661000379401	1.11587686147928	29
0.0623645261395101	1.04828483204733	97
-0.0409924134733901	1.17284312871128	97
-0.0980343688468299	0.852542413674546	1180
-0.0741875874159399	0.469908187366168	1513
-0.07456600514849	0.471359578920945	278
-0.0741875874159399	0.469908187366168	206
-0.0966767859262601	0.852145928882922	193
-0.0416065558702701	1.17091938739435	773
-0.07456600514849	0.471359578920945	53
-0.0715503595831399	0.469956675808137	53
0.0574336657158201	1.03170340601193	760
-0.07192868246787	0.465341987183245	760
-0.10999204460336	0.839650697809632	97
0.0550925515146301	1.05484613713122	366
-0.07456600514849	0.471359578920945	19
-0.07192868246787	0.465341987183245	278
0.0107045819338301	0.737702674068381	56
-0.10681642372412	0.844716719578192	29
-0.10179881596224	1.28465894950298	29
0.0100140110864599	1.52836322639832	29
0.00884228347658	0.748519684869526	97
0.02142723715908	0.709454559372333	254
0.01103612506269	0.742009539502176	254
0.01127567989505	0.752946896959541	254
0.0605797255292999	1.06882848215411	366
-0.0715503595831399	0.469956675808137	278
-0.0711173043372799	0.47078607324022	19
-0.0741875874159399	0.469908187366168	19
0.01022504162833	0.740735343520056	206
-0.09253860891943	1.29962901420404	34
0.0118465602259401	0.740195829260345	773
-0.0666127400737799	1.7573053487963	97
-0.10559101205393	0.829471534230439	193
0.01241415500652	0.743648577773175	656
-0.0345092791217401	1.18906627734879	970
-0.10624818746169	0.829580839343601	2022
-0.0737582159768899	0.470732421286002	421
-0.0889551930541701	1.2844224515712	16
0.00798667635238992	1.45898293983801	29
0.0607876674140999	1.06469461757353	29
0.0146065898693399	0.746368120577085	656
0.01403586280073	0.75935685150874	970
-0.07456600514849	0.471359578920945	19
-0.0741875874159399	0.469908187366168	28
-0.0758003184593199	0.463201860650559	421
-0.0810577577579901	0.456752572492462	278
-0.10858479976556	0.805364237837218	29
0.01851930137498	1.94031134105459	656
-0.09531889628003	0.831168209861941	254
0.0255795538563	0.69368174043784	366
0.10729192686742	2.39713737237418	366
0.00864540777892997	0.724054800708223	19
-0.07537314751984	0.463995739107154	278
-0.07537314751984	0.463995739107154	34
-0.0715503595831399	0.469956675808137	34
-0.0248391740071101	2.02302225985474	194
0.01026552966669	1.53253453611304	366
0.00897773723181006	0.74032900455791	421
0.0158926860872399	0.728401481667055	278
0.0146065898693399	0.746368120577085	278
0.01241415500652	0.743648577773175	278
0.01127567989505	0.752946896959541	193
-0.09746445053607	0.854068627129443	29
-0.07073943758596	0.464346498613173	823
-0.07030527404812	0.465153938385468	19
-0.0715503595831399	0.469956675808137	19
-0.0741875874159399	0.469908187366168	34
-0.0957556349570301	1.21903224642904	29
-0.0680817409214001	0.457276094142724	16
-0.0398037511118701	1.13195789162591	1002
-0.0749942755386599	0.470534133754891	512
-0.09937983961092	0.852220219404536	2317
-0.0741875874159399	0.469908187366168	823
0.00954997059515006	0.74092511944976	1002
0.0148457312324199	0.759122259312083	19
-0.0945486215665501	0.834775245513267	2317
-0.07236063103638	0.464536479293759	34
-0.0715503595831399	0.469956675808137	34
-0.10681642372412	0.844716719578192	34
0.05718195052855	1.04904237692793	193
0.09528426907083	1.4041305928271	1120
-0.0676438680942899	0.458059145768871	34
0.00864540777892997	0.724054800708223	193
0.0148457312324199	0.759122259312083	193
-0.0662895410123501	2.26080228235138	366
0.08103198297297	1.37037535278205	654
0.00989404706409003	0.739500966851492	739
-0.10863254273348	0.827384037593938	19
-0.0758003184593199	0.463201860650559	527
-0.0301895369149801	1.67396088801732	19
-0.02900743707585	1.16454174564517	19
-0.0354727307390399	1.18925648666736	19
0.0522859734855801	1.02296122480479	34
-0.0354727307390399	1.18925648666736	739
-0.03311247984307	1.18691365039172	512
-0.10388760558179	0.851430682411512	19
0.0104651949060399	0.754856633154944	19
0.08685799574108	1.41125356386804	19
0.06215605409541	1.06080530490327	19
-0.10445304764553	0.848368946880997	187
-0.07274636794083	2.25013676295744	512
-0.0353419059470701	1.58409393354646	512
-0.0737582159768899	0.470732421286002	187
0.0695033145458399	1.02282779641336	739
-0.07456600514849	0.471359578920945	193
0.0592130075586801	1.06533101272684	29
0.00965406167298011	0.753537388773881	19
-0.07537314751984	0.463995739107154	739
-0.0295296344171701	1.62328359157157	29
0.0132253362857699	0.755411989060104	34
-0.07073943758596	0.464346498613173	193
0.06970918839008	1.03466271462169	1060
-0.0794492695425499	0.463259696165317	504
0.0566033618366899	1.04709326111608	19
-0.10471121464068	0.829459943316607	19
0.04287262663294	1.65480998538368	29
-0.0768113499502501	0.463288562090449	184
-0.0802538349461199	0.463861149107968	184
-0.0749942755386599	0.470534133754891	193
-0.0758003184593199	0.463201860650559	193
0.00965406167298011	0.753537388773881	2884
-0.10174390936597	0.863099661224463	89
-0.07456600514849	0.471359578920945	184
0.00908286397743008	0.738233666663858	184
0.00965406167298011	0.753537388773881	184
-0.0735749837501101	2.12665130999096	366
-0.0737582159768899	0.470732421286002	89
0.0613676148762199	1.06671046622272	19
0.0104651949060399	0.754856633154944	184
0.0131190686848199	1.53711009819322	193
0.08767938868226	1.41059121825764	1060
0.0932214596035399	1.39929282351917	19
0.00908286397743008	0.738233666663858	504
-0.03887881923194	1.17266071381927	193
-0.0729497792457801	0.46285609419343	193
-0.0497815406592399	2.08704479857344	366
-0.0737582159768899	0.470732421286002	193
0.05012771537189	1.02831821206316	193
-0.0733802533353301	0.462062811856473	193
0.11418355786871	1.75451670647036	19
-0.10310051917062	0.858445269472891	187
-0.10580984667836	0.848379144638786	184
-0.0737582159768899	0.470732421286002	193
0.00884228347658	0.748519684869526	193
0.0883060822942501	1.39717147317895	193
-0.0912939134757	1.32112755169631	89
0.0829373863816101	1.38080386371684	134
-0.0327591990484	1.64343560580519	75
0.0146065898693399	0.746368120577085	89
0.0605797255292999	1.06882848215411	19
-0.12468334542947	1.45084953041512	2371
-0.09213986775448	1.32033651009652	527
0.05588136637303	1.05630841332154	19
-0.0711173043372799	0.47078607324022	193
-0.12192730730671	1.44629063868944	75
-0.10223303729587	0.844064024068727	19
-0.0715503595831399	0.469956675808137	193
-0.09689475857739	0.838693000917118	19
-0.1016607785808	0.833184512916109	89
-0.0988390257138101	1.27001479966508	75
-0.07322720587145	1.71720487209864	1060
0.04809070351111	2.18765558040855	75
-0.10445304764553	0.848368946880997	193
-0.0979885563213401	1.27888934351343	193
-0.0741875874159399	0.469908187366168	1407
0.05925933098499	1.04909242980698	19
0.0669134205602999	1.02761351694111	75
0.00884228347658	0.748519684869526	1407
0.0560245318563299	1.02444355572815	1407
-0.02713273087194	2.03773065171775	19
-0.1065036386203	0.852664063939634	75
-0.10231316541434	0.861533536400506	193
-0.10253139955978	0.860000456603571	1407
-0.09661727156579	1.72871582847463	501
-0.0971376089921001	1.28443380134702	19
-0.0768113499502501	0.463288562090449	355
-0.09755502115088	1.27393128622052	193
0.0148457312324199	0.759122259312083	19
-0.0715503595831399	0.469956675808137	75
-0.07073943758596	0.464346498613173	75
-0.03446142416399	1.16840552424547	501
0.00517583373338004	0.73528457737615	186
-0.0737582159768899	0.470732421286002	19
0.0104651949060399	0.754856633154944	19
-0.10817199310946	0.835631757790432	193
-0.0733441634785099	0.451024438456492	888
0.00897773723181006	0.74032900455791	19
-0.0982518556669301	0.852348041757595	19
-0.07192868246787	0.465341987183245	19
-0.0733802533353301	0.462062811856473	19
-0.0715503595831399	0.469956675808137	1061
-0.07456600514849	0.471359578920945	355
0.0605797255292999	1.06882848215411	193
-0.0794492695425499	0.463259696165317	366
0.01208551334991	0.747464752710999	19
-0.07761949512029	0.458033193982778	19
-0.0760025568851801	0.457858179530372	19
-0.07192868246787	0.465341987183245	134
-0.0794492695425499	0.463259696165317	355
-0.07236063103638	0.464536479293759	251
-0.03224002280405	1.15674977166948	391
0.00884228347658	0.748519684869526	19
-0.08760268544613	1.31662119472509	193
0.0192283177445001	0.74250927943255	121
0.0858340353537801	2.17451807969866	19
-0.10886591529141	0.827875756104269	19
0.01103612506269	0.742009539502176	121
-0.08450240070127	1.29525588658407	366
0.0105051172898101	2.29402457085599	19
0.11856464779709	1.74827186329271	19
-0.0855993586253101	1.84322081913418	120
-0.09396098593901	1.28702718391767	538
-0.09982588515613	0.832439040266724	58
-0.05127142959124	2.0933677445224	501
-0.09610695692327	0.83687414092962	355
-0.0958978624795499	1.2648310510168	29
0.0603467271649201	2.35534034442064	29
-0.10331862230922	0.852960107965367	54
0.00884228347658	0.748519684869526	19
-0.1060289055812	0.848743572433226	355
0.02256799157436	0.711719364034657	592
-0.10117487918326	0.847218225319799	193
-0.07236063103638	0.464536479293759	58
-0.07456600514849	0.471359578920945	1318
-0.0794492695425499	0.463259696165317	355
0.0862383106857201	1.40099073338571	592
-0.0749942755386599	0.470534133754891	19
0.00965406167298011	0.753537388773881	193
0.0613676148762199	1.06671046622272	194
-0.11135122966647	0.825917594631426	29
0.0681336721254999	1.04462268075136	29
-0.07456600514849	0.471359578920945	538
0.00759779467399002	0.729598040272049	538
-0.1065036386203	0.852664063939634	391
-0.07030527404812	0.465153938385468	1208
-0.0729497792457801	0.46285609419343	409
-0.07236063103638	0.464536479293759	409
-0.0737582159768899	0.470732421286002	19
-0.07030527404812	0.465153938385468	19
0.0219977228930801	0.723057091862235	58
0.0600482240867499	1.0488653788133	501
0.0146065898693399	0.746368120577085	54
-0.0711173043372799	0.47078607324022	391
-0.0711173043372799	0.47078607324022	391
-0.10637880563265	0.830901774791689	19
-0.07537314751984	0.463995739107154	19
-0.0741875874159399	0.469908187366168	19
0.00989404706409003	0.739500966851492	194
0.0104651949060399	0.754856633154944	2075
0.01403586280073	0.75935685150874	538
0.0882989931302101	1.40580420119996	391
-0.10445304764553	0.848368946880997	19
0.0647555373252899	1.06089481819245	1208
0.0141594162216101	0.72456399719451	19
-0.0794492695425499	0.463259696165317	19
-0.0794492695425499	0.463259696165317	58
-0.10095615227472	0.862923691764986	2429
0.00541137566876992	0.735955145381462	1208
-0.07030527404812	0.465153938385468	19
-0.07236063103638	0.464536479293759	19
0.01174129155268	0.715135970396547	501
0.0082710359545799	0.733454136250542	391
-0.10152554485988	0.861359089511364	391
-0.1065036386203	0.852664063939634	2429
-0.0737582159768899	0.470732421286002	19
-0.0749942755386599	0.470534133754891	193
-0.10502191696684	0.846854697022837	193
-0.0715503595831399	0.469956675808137	58
-0.07709592136727	1.63371856164298	2120
-0.0276142365659999	1.65459081696125	391
-0.10152554485988	0.861359089511364	19
-0.07537314751984	0.463995739107154	2813
-0.03042728360902	1.65059903507665	19
-0.0360850857588599	1.16214751380121	193
-0.0715503595831399	0.469956675808137	2813
0.09240186416024	1.39517258941111	29
0.01379611328748	0.742583436825289	29
-0.0336372396440201	1.16968128747118	391
-0.0636936657116101	2.21843790703523	391
-0.0278893996523899	1.18576285496174	391
0.05718195052855	1.04904237692793	1208
-0.07456600514849	0.471359578920945	19
0.01818106119555	0.730530153064536	538
0.0192283177445001	0.74250927943255	424
0.0640009526267	1.01944266961561	391
-0.07073943758596	0.464346498613173	19
-0.0749942755386599	0.470534133754891	19
0.12069785498709	1.7419684048138	19
-0.0673036941545999	2.24281569673814	261
-0.11099702874474	0.823866463197525	2813
0.11465660386853	1.60868516415052	19
-0.1057156833431	0.852504838113807	193
0.0597923860002001	1.06734996387824	196
-0.0439712997317501	1.1586643496926	1589
0.10085487832811	1.35149229476148	1589
-0.0680817409214001	0.457276094142724	317
-0.03000766671025	1.62001576473374	19
0.00884228347658	0.748519684869526	2813
0.0166767222572901	1.5260613220855	29
0.08685799574108	1.41125356386804	29
0.0168006441580699	0.73258873503678	1871
-0.07030527404812	0.465153938385468	19
-0.0711173043372799	0.47078607324022	2109
-0.07456600514849	0.471359578920945	2109
-0.1078630137708	0.836676452534335	29
-0.07456600514849	0.471359578920945	1871
0.0195690411428899	1.53605658864549	196
0.00941331320357008	0.735923451983237	1589
0.01298498191422	0.731315923596933	317
-0.10999204460336	0.839650697809632	19
0.02196142458274	1.52991177067664	120
0.01622556537349	0.742023917743276	193
0.01818106119555	0.730530153064536	29
-0.10628764183578	0.839472114168261	19
0.0934447964813501	1.3625453288041	475
0.0607876674140999	1.06469461757353	19
-0.0737582159768899	0.470732421286002	193
0.08994607396161	1.41409764990902	602
-0.10274986468951	0.837516785822705	391
-0.0715503595831399	0.469956675808137	19
0.0170397972530401	0.728123889030914	193
-0.0749942755386599	0.470534133754891	32
-0.0758003184593199	0.463201860650559	32
0.0104651949060399	0.754856633154944	193
0.05271590692901	1.83667274839712	32
0.0104651949060399	0.754856633154944	32
-0.0711173043372799	0.47078607324022	2148
0.05478422648585	1.86138268693584	391
-0.0715503595831399	0.469956675808137	26
0.04698971830957	1.77921107516941	26
-0.0236945504964401	1.17717401272191	29
-0.0984002408198501	1.83194115856109	391
0.0916168817699501	2.09737350402567	196
-0.0749942755386599	0.470534133754891	733
-0.0758003184593199	0.463201860650559	19
0.01241415500652	0.743648577773175	19
-0.03403641869194	1.19546531567178	19
-0.0715503595831399	0.469956675808137	19
-0.0749942755386599	0.470534133754891	193
-0.0737582159768899	0.470732421286002	32
0.04934016408936	1.01798610559006	29
0.0843963273653201	1.38848508753874	19
-0.03324197210656	1.65230612363164	19
0.01022504162833	0.740735343520056	276
-0.07236063103638	0.464536479293759	733
-0.0737582159768899	0.470732421286002	733
-0.10073765805908	0.857947769540287	193
-0.04293262900901	1.13891992466335	2673
0.00897773723181006	0.74032900455791	32
-0.0946947984028901	1.31681851574858	54
0.0236127869735401	0.715144716607505	276
-0.0715503595831399	0.469956675808137	19
-0.03106404852718	1.19488547886787	391
-0.07236063103638	0.464536479293759	733
0.02175948565432	0.703923940636938	730
0.0176105378750699	0.742747126630411	193
-0.09986270402198	1.29629085266425	320
-0.0729497792457801	0.46285609419343	26
0.00884228347658	0.748519684869526	276
-0.0749942755386599	0.470534133754891	733
-0.03167665092571	1.1987557085561	19
-0.0729497792457801	0.46285609419343	193
0.01184311049478	0.728889746540323	2675
-0.0711173043372799	0.47078607324022	26
-0.0737582159768899	0.470732421286002	730
0.01592336051189	1.47944849569406	19
-0.10016812883785	0.859498518679871	193
-0.0711173043372799	0.47078607324022	193
-0.0741875874159399	0.469908187366168	2675
-0.0737582159768899	0.470732421286002	2675
-0.07537314751984	0.463995739107154	276
-0.10445304764553	0.848368946880997	730
-0.10117487918326	0.847218225319799	193
0.11330379373497	1.75548068260836	54
0.0189902367521499	0.732717975420443	276
-0.07192868246787	0.465341987183245	730
0.0605797255292999	1.06882848215411	193
-0.06845951491037	0.457663479346108	32
-0.0749942755386599	0.470534133754891	714
-0.0900388678191899	1.32579484362078	29
0.019831192644	1.98055620261689	1018
-0.07456600514849	0.471359578920945	276
0.00896537198632008	1.49352018689204	19
0.01127567989505	0.752946896959541	19
0.01127567989505	0.752946896959541	193
-0.03568442666978	1.19630092097988	193
0.0639578898520801	2.43411997938678	193
-0.10388760558179	0.851430682411512	32
0.0197987408484901	0.730326285735904	32
-0.0810577577579901	0.456752572492462	320
0.0219977228930801	0.723057091862235	1018
0.0816552403151101	1.39110633685831	391
-0.0737582159768899	0.470732421286002	391
-0.0810577577579901	0.456752572492462	276
-0.0802538349461199	0.463861149107968	276
0.0509766023750999	1.01258053585824	193
-0.07456600514849	0.471359578920945	193
-0.0737582159768899	0.470732421286002	32
-0.04243132864969	1.15688179856392	32
0.00965406167298011	0.753537388773881	19
-0.0737582159768899	0.470732421286002	193
-0.0741875874159399	0.469908187366168	374
-0.10546053359562	0.833439217457726	391
-0.0242602093862601	2.01551719499136	391
-0.10174390936597	0.863099661224463	1776
0.01022504162833	0.740735343520056	276
-0.0729497792457801	0.46285609419343	1776
-0.0810577577579901	0.456752572492462	32
0.0911284787792199	1.40025122399726	391
0.01818106119555	0.730530153064536	391
0.00884228347658	0.748519684869526	193
-0.0802538349461199	0.463861149107968	1776
-0.03342439032613	1.19160944546861	391
-0.03568442666978	1.19630092097988	276
-0.0741875874159399	0.469908187366168	483
-0.0986045136825899	0.835023890156743	1271
0.00954997059515006	0.74092511944976	193
0.00978445793825	0.740125339762744	193
0.0843777632615501	1.37735019848652	193
0.01622985341309	0.718446203871944	193
0.01265434173508	0.740078919878972	193
0.05450974613107	1.03783139135211	94
-0.10920374755161	0.838168598528166	32
-0.0337801658224499	1.63272305780927	32
-0.1057156833431	0.852504838113807	391
-0.0741875874159399	0.469908187366168	248
0.0166418465049201	1.91888669872745	193
0.09528426907083	1.4041305928271	193
-0.0760025568851801	0.457858179530372	401
0.0163003952492999	1.533840770863	395
0.0104651949060399	0.754856633154944	1931
0.05718195052855	1.04904237692793	193
-0.07192868246787	0.465341987183245	193
-0.0737582159768899	0.470732421286002	193
0.11701664642435	1.75014441309236	374
0.01127567989505	0.752946896959541	1018
-0.0358963501019201	1.18752700427282	391
0.09076668752301	1.41559688599503	374
0.11768821480171	1.74200754929734	29
-0.07456600514849	0.471359578920945	193
-0.0830726483994899	1.2840962426531	794
0.0184197635263701	0.745019451022738	391
-0.0899164610199401	1.87403913598399	193
0.0107045819338301	0.737702674068381	43
-0.02009247490333	2.02403799787081	1018
-0.0995431848314601	0.822573271285092	193
0.06099534711893	1.03566714362765	193
-0.0946947984028901	1.31681851574858	283
-0.000694016789120067	0.706993660597526	29
0.0965777467389499	2.01197186602836	391
0.0127311480337899	1.98224702974512	94
-0.07456600514849	0.471359578920945	29
-0.10969465361402	0.816623647394788	193
-0.07456600514849	0.471359578920945	193
-0.07456600514849	0.471359578920945	1077
0.01103612506269	0.742009539502176	19
0.0605797255292999	1.06882848215411	193
0.00620957726991001	1.43759756348618	32
0.0858355072189001	1.39589522762753	43
-0.09384363006819	1.32143255713857	29
0.09878621492979	1.56418964263354	794
0.08638572461606	1.40489467546526	794
0.08520007272333	1.37510854312855	391
0.0158926860872399	0.728401481667055	193
-0.07456600514849	0.471359578920945	193
0.0170397972530401	0.728123889030914	193
0.10312245215313	1.59869401046277	193
0.05725386399084	1.03957936794334	32
0.10898435187541	1.73657711145751	283
0.01298498191422	0.731315923596933	391
0.01818106119555	0.730530153064536	19
0.01429703033033	1.52011700891253	2232
0.06142216309536	1.03034262134421	193
-0.07073943758596	0.464346498613173	193
-0.10707545999617	0.83961269054114	193
0.0146065898693399	0.746368120577085	672
-0.0975355822411801	1.29195025985938	283
-0.10525121455591	1.9925648275675	193
0.00759779467399002	0.729598040272049	391
0.01241415500652	0.743648577773175	672
-0.0802538349461199	0.463861149107968	196
-0.10659750294821	0.847226258348608	356
-0.0856057134186901	1.27201747781755	132
-0.0171306227732499	1.11178007508103	283
-0.0711173043372799	0.47078607324022	1110
0.0132253362857699	0.755411989060104	608
-0.0749942755386599	0.470534133754891	19
0.01473134145322	0.725136249351702	356
-0.07030527404812	0.465153938385468	356
-0.07236063103638	0.464536479293759	356
0.0605797255292999	1.06882848215411	193
0.0940414601021	1.39870432026847	283
-0.10688855044511	2.41152458992672	193
-0.03682181996071	1.61106266649777	283
0.0154164083408601	0.746156584553076	19
0.0542818691738101	1.00070808706789	19
-0.1065036386203	0.852664063939634	19
-0.10999204460336	0.839650697809632	356
0.0107045819338301	0.737702674068381	19
0.0104651949060399	0.754856633154944	19
0.00908286397743008	0.738233666663858	193
-0.02772795191331	1.66965900852078	43
-0.0309485514062	1.16155787754552	29
-0.02057884205966	2.03214306240162	19
0.11200295915077	1.73283071750211	193
0.00965406167298011	0.753537388773881	193
0.10982895684285	1.71993549725857	43
-0.0982518556669301	0.852348041757595	43
0.10810548914811	1.73548439873303	19
-0.10231316541434	0.861533536400506	391
0.05718195052855	1.04904237692793	193
-0.10302060660877	0.842370740884326	923
-0.0350727944760501	1.19242697893156	196
0.01119537537114	1.5172371400546	19
0.0184197635263701	0.745019451022738	1089
0.0197987408484901	0.730326285735904	31
-0.09702364815392	1.32015770503647	29
-0.0324893700407001	1.65028104359105	193
-0.0944688705169301	1.31887717775909	193
-0.0987560466833699	0.826852979225147	193
-0.0202642450562101	1.59918327154875	42
0.05170449082266	1.03712958822526	193
-0.0336328530686301	1.64201436565113	31
0.11526385137522	1.74774022128564	391
-0.12212496707837	1.40595895554328	19
0.0655435304387799	1.05652961693238	31
0.0659787595641299	1.03332276974541	391
-0.10331862230922	0.852960107965367	196
0.0592130075586801	1.06533101272684	19
0.0148457312324199	0.759122259312083	856
-0.07030527404812	0.465153938385468	29
-0.03568442666978	1.19630092097988	19
-0.11020913846556	0.827690577419206	856
-0.1060289055812	0.848743572433226	29
-0.03446142416399	1.16840552424547	391
-0.0304517087593601	1.17086184538544	391
0.00884228347658	0.748519684869526	19
-0.07456600514849	0.471359578920945	31
-0.0758003184593199	0.463201860650559	31
0.00447816009794999	0.716789207797112	43
0.0857752767667499	1.38821891366293	856
0.0146065898693399	0.746368120577085	19
-0.0945486215665501	0.834775245513267	54
-0.03389384018937	1.16881807597681	29
-0.0311316107538	1.17808302216528	54
0.05560707402429	1.04656930130278	19
0.0608661352351101	1.82210068554343	19
-0.0749942755386599	0.470534133754891	2208
0.0192283177445001	0.74250927943255	2208
-0.0389183038338501	1.16091842648722	29
-0.0749942755386599	0.470534133754891	2208
-0.12421096732718	1.46305655432996	31
-0.0711173043372799	0.47078607324022	128
0.06612459927628	1.03641266251828	128
-0.07236063103638	0.464536479293759	100
0.00965406167298011	0.753537388773881	930
-0.0715503595831399	0.469956675808137	31
-0.0741875874159399	0.469908187366168	128
0.0146065898693399	0.746368120577085	54
-0.07030527404812	0.465153938385468	29
-0.0711173043372799	0.47078607324022	29
-0.0680817409214001	0.457276094142724	128
-0.0737582159768899	0.470732421286002	128
-0.0711173043372799	0.47078607324022	31
-0.10087281474667	0.83139141873063	100
0.00379465613867991	0.729942953139323	100
-0.0737582159768899	0.470732421286002	14
0.0579702238373401	1.04565556199966	1379
0.00825668727621998	1.96037228353032	506
0.05760049946715	1.01491631958042	31
0.08892586281842	1.3925079662853	14
-0.1060289055812	0.848743572433226	31
-0.0711173043372799	0.47078607324022	287
-0.02218652072007	1.14950310106479	100
0.0118465602259401	0.740195829260345	31
-0.03661839261543	1.16526954450878	29
-0.07456600514849	0.471359578920945	100
-0.0279752278694201	1.16698530136442	14
0.0104651949060399	0.754856633154944	14
0.0603715227533901	1.04657659726383	29
-0.03848168188441	1.14346184836218	506
-0.07456600514849	0.471359578920945	287
-0.03167665092571	1.1987557085561	917
-0.10310051917062	0.858445269472891	287
-0.0410907331452199	1.14357698880696	1365
0.05725386399084	1.03957936794334	31
-0.0954342791473901	1.28646092970983	14
-0.0898088377302999	1.29774311711614	14
-0.0966079562017199	0.812476802323949	29
-0.0358963501019201	1.18752700427282	506
-0.0688962737552701	0.45688332645499	287
-0.06845951491037	0.457663479346108	966
-0.0937376382866399	1.33247663968042	31
-0.0676438680942899	0.458059145768871	287
-0.0966767859262601	0.852145928882922	100
-0.0758003184593199	0.463201860650559	966
-0.10152554485988	0.861359089511364	966
0.11548002078218	1.74998137926172	287
0.0681336721254999	1.04462268075136	14
0.09118611666564	1.37964157644902	29
-0.07030527404812	0.465153938385468	966
-0.10152554485988	0.861359089511364	14
0.0608376606644401	1.044614263767	287
0.0568122374008	1.02126515572007	1300
-0.0397976706169401	1.61376418998398	14
-0.10302060660877	0.842370740884326	67
-0.08792343044316	1.85825772966311	14
0.0271043492651499	1.95314284481646	287
-0.0390558727255099	1.65373319483494	29
-0.0794492695425499	0.463259696165317	1399
-0.0394899423261901	1.16466287571674	1300
-0.0749942755386599	0.470534133754891	31
0.05817989759536	1.03700418452558	233
0.00965406167298011	0.753537388773881	67
-0.07456600514849	0.471359578920945	67
-0.0741875874159399	0.469908187366168	14
-0.0354727307390399	1.18925648666736	29
0.00884228347658	0.748519684869526	67
-0.0842399360361901	1.30526156644465	14
0.07522477025418	1.32400089440929	54
0.0104651949060399	0.754856633154944	14
-0.10580984667836	0.848379144638786	67
0.0641745108480001	1.05890524499399	287
0.05776029812203	1.02908451933501	14
-0.11005997649851	1.92224707516001	233
0.00517583373338004	0.73528457737615	67
0.00793462496418007	0.726048211813645	67
-0.0711173043372799	0.47078607324022	14
-0.07030527404812	0.465153938385468	67
-0.0802538349461199	0.463861149107968	67
0.01346491823825	0.7438385311345	14
-0.0292897864757899	1.6687539426789	621
0.05961808118608	1.86767579721648	14
0.06280636181769	1.03603629233617	329
0.0913870304547	1.41078713994288	14
-0.10738488526196	0.843213631071436	329
-0.12310138441256	1.45452479824106	62
-0.03595085274351	1.18745633390968	2606
0.0452277739706599	0.978812258908613	67
-0.02606102114322	2.0443034431223	62
0.0903655401317101	1.37400349847068	62
-0.0308530642804601	1.19836095785835	67
-0.10829473220797	0.817433945787449	67
0.06239481396378	1.04839844593224	62
0.0578721159851801	2.20860441519189	31
0.01559139988243	1.53977610101579	67
0.0197987408484901	0.730326285735904	67
-0.09555193973801	0.819386760614175	621
-0.0245171312255199	1.17746476432833	62
0.12199264685569	1.72303399442228	67
0.0550271714811601	1.87549073257075	621
0.11589164750517	1.73659853406249	62
-0.0355459400222999	1.16575227180781	62
0.09134806424473	1.35024259345788	62
-0.0927653041455301	1.31778846961262	62
0.01103612506269	0.742009539502176	62
-0.0752629430449601	1.72249686980927	621
0.05639423395646	1.04935320567443	253
-0.09821502092735	1.24480189903904	62
0.0543457180760401	1.00419768113616	62
0.01208551334991	0.747464752710999	62
0.00884228347658	0.748519684869526	62
0.01843183222544	1.52461505866099	621
0.08021081658994	1.37675172768894	62
-0.12310138441256	1.45452479824106	62
-0.1059999954792	1.7335783155821	62
-0.0823599664549199	1.31257784332677	253
-0.02698881466411	1.65276906843217	62
-0.0365983649925301	1.66112662796259	62
0.0106735975624901	1.92961493804823	2991
0.09090416829722	1.37592219066624	62
-0.11648935571479	1.97093576789352	499
0.00564839092627989	1.49016522825923	62
0.00985280240579001	1.51084157598945	62
-0.12172540030447	1.468414906272	233
0.0902451348206501	2.12616181228951	499
-0.10703556666431	0.822301295160541	934
-0.1237271250507	1.44745709819357	31
0.01403586280073	0.75935685150874	31
-0.0897065934629799	1.32620056704977	934
-0.0439712997317501	1.1586643496926	67
0.08355587859406	1.3762468718432	934
-0.07140725791859	1.68649027011702	62
-0.0989591476627201	1.26034302348006	62
0.0167587551100199	2.33807326836306	253
0.01022504162833	0.740735343520056	67
-0.10253139955978	0.860000456603571	67
-0.09340277795664	1.86556406777177	1409
-0.0936370734348999	1.84860354063657	67
0.05502905240482	1.04462926254947	1409
-0.0190171542815301	2.05482198809889	1382
0.09158771287836	1.41280087166994	2475
-0.10146578406484	1.95266071988082	333
-0.08625531031573	1.31852564487173	227
-0.09593254460625	1.28804543008772	62
0.0184197635263701	0.745019451022738	227
-0.03498285787418	1.12934045163938	62
0.05747898368531	1.00443735122923	618
-0.0358963501019201	1.18752700427282	333
-0.10117487918326	0.847218225319799	227
0.07419591309032	1.29645850269294	227
-0.0711173043372799	0.47078607324022	618
0.0176105378750699	0.742747126630411	31
0.0619473201899201	1.04600649420697	62
0.0156549382523099	0.754787524699518	503
-0.07456600514849	0.471359578920945	618
-0.0737582159768899	0.470732421286002	62
0.0605797255292999	1.06882848215411	176
0.0913870304547	1.41078713994288	83
0.05372176753239	1.03281291910096	62
-0.0186710810775399	1.59570982669766	333
0.11526385137522	1.74774022128564	62
0.10228086293338	1.57077794836029	62
0.00965406167298011	0.753537388773881	83
0.05091582425178	1.03439199234338	83
0.00379465613867991	0.729942953139323	62
0.00962662438885009	1.89196732248499	333
-0.02376314300558	2.06726485307066	62
0.08892586281842	1.3925079662853	62
-0.0809822272109599	1.30239956022475	62
-0.0802538349461199	0.463861149107968	614
0.05529540147136	1.86665121511401	62
-0.03790041655174	1.16770704959339	162
0.0507086292472601	1.01442531967128	162
-0.11156782435835	0.834566057830458	83
0.06142216309536	1.03034262134421	162
-0.1065036386203	0.852664063939634	162
0.01010283030911	1.51607710777688	31
0.0796461698586299	2.08680174840813	162
-0.10738488526196	0.843213631071436	162
0.10777697973415	1.63658283365919	2425
-0.08839237082175	2.27073929006187	62
0.0615758218923399	1.05881311769179	62
0.01379611328748	0.742583436825289	162
0.00736229032005009	0.725471133243111	62
-0.0280991692442101	1.15623318655977	62
-0.07456600514849	0.471359578920945	162
0.0816552403151101	1.39110633685831	162
0.01403586280073	0.75935685150874	62
-0.10546053359562	0.833439217457726	448
0.11359406293161	2.38601375806115	162
0.0551358333893499	1.00769583292158	162
0.01403586280073	0.75935685150874	162
-0.0833407170913501	0.578255259332351	162
-0.0363713458891499	1.15827144282307	62
-0.07456600514849	0.471359578920945	31
-0.0741875874159399	0.469908187366168	162
-0.07761949512029	0.458033193982778	62
-0.0762209490289501	1.6346544133069	448
0.01265434173508	0.740078919878972	162
-0.10196250570816	0.844247193746378	62
0.0864542818785401	1.36676447860193	62
-0.106719872803	0.838486531256811	62
-0.07456600514849	0.471359578920945	448
-0.0348606381887799	1.19762349299734	448
-0.09045770140766	1.81969311018668	448
0.00864540777892997	0.724054800708223	62
0.01103612506269	0.742009539502176	448
-0.0711173043372799	0.47078607324022	62
0.0936439232210999	1.40057419443573	162
-0.10117487918326	0.847218225319799	62
0.0584265020681001	1.06003994572561	62
-0.0178333934008901	2.0423403736025	915
-0.09846958256411	0.831432015899949	2000
0.06035524290867	1.8561133805991	915
-0.0933910078533	1.30514171719546	563
-0.10445304764553	0.848368946880997	563
-0.10366986471292	0.84051380744398	62
-0.0619386833448501	1.78923624385667	915
0.0626007232938499	1.0552800662064	563
0.0193169177365	1.52440168490003	915
0.01827134791868	1.52458168962653	563
-0.0758003184593199	0.463201860650559	783
-0.0711173043372799	0.47078607324022	783
-0.10170430774372	2.36885913414971	386
-0.0737582159768899	0.470732421286002	62
-0.06207920391975	1.96178858932032	1354
-0.11668872210352	1.91635734389919	62
-0.0925539042362999	1.86448741100304	62
