x	y
0.220188031408022	0.394706901692347
0.865805860394619	2.49988836921228
0.283465958857328	0.598319964397578
0.220937499833571	0.504331011092994
0.261952766003837	0.36068216329203
0.329452504121171	0.250225577965303
0.073923540148274	0.0591579543713581
0.251357308783271	0.486257409957941
0.338817021128234	0.619799954677962
0.430653024415641	0.936721314438098
0.362204646431865	0.727919387938204
0.274784388268117	0.564467864328655
0.577648293502055	1.71590357247528
0.238816670492392	0.493509200302356
0.570167912415514	1.03268928703028
-0.367317963269155	0.347126691397078
0.711249955739489	0.874021111351457
0.279595827466602	0.290832815045622
0.0998824127533753	0.0917385162889013
0.582257313037529	1.33751748555585
-0.0481169659296338	0.0677976211996045
-0.352857865359923	0.591113215630096
0.0693759501969945	0.0995262570603432
0.322455047654099	0.635542737968522
0.00202756931401936	0.00244047909334319
0.230427874730095	0.441651406800867
0.2743543497485	0.569862324935771
0.489880496723188	0.54035260427255
0.162714749236335	0.148992471151993
0.272821373216936	0.2660549537383
0.375036362932372	0.451863362301115
0.379456191443632	0.577566685015774
-0.083341755488433	0.0730395636070615
0.06753970550016	0.0732890065342939
0.25875339175391	0.439088747309537
0.680415592971147	1.10838310897722
0.0790533142950091	0.0679265893121309
-0.210030370974283	0.275072324901303
0.0199995426511606	0.0246908005428891
0.291948885517432	0.344951754501642
0.150203625948761	0.147981911545521
1.24035384524421	2.02516886926031
-0.0434138935454739	0.0428864178107436
-0.0608205919023955	0.0759221550405058
0.085707553221084	0.0890292978647807
0.639084994010961	0.774187437609215
0.227730353724603	0.221843015086001
0.293548916409874	0.37200441720254
0.316869237753457	0.643769782122455
0.109704676224594	0.13249280535702
0.148206768616187	0.159608629224482
0.210999157191522	0.271656207484935
-0.309814068519089	0.441892226388683
-0.1358204045622	0.187946900986594
0.445790065080313	0.911898334042501
0.353350841450073	0.635036134882183
-0.239485151492448	0.310630412334017
0.289066292711635	0.476045433622507
0.0466912702217995	0.0530369356712842
-0.456792736279077	0.7725617509389
-0.326708386025304	0.51700596255334
0.3519436301282	0.600814249899169
0.707785397436446	0.808477451564313
0.0864828773550613	0.0713117786594253
-0.344521883969112	0.21286679051493
0.272916152946318	0.295129279096727
-0.36751615291778	0.506798052868271
0.297072868517929	0.259177256494711
0.64716545675947	0.602524449203244
0.230263954290618	0.156918478712901
0.698405060863041	0.956168698907278
0.142924908555481	0.22896857015578
-0.0143317389504341	0.0178620373019229
0.0308735115705854	0.0406227467057547
0.297815421364917	0.48217940631283
0.05641922891787	0.0640145275433822
-0.449822826910771	0.718962875770345
0.590739542516431	1.21478610165234
0.0969425344742576	0.13686614358444
0.243920288257256	0.386423060352051
0.557437328657974	1.04586029409205
0.551772360947687	1.07572366889627
0.23936718356159	0.372580855762582
-0.294606145227613	0.456413510575425
0.0335841493241743	0.0386613337392904
-0.464231225802943	0.862443786917755
0.390728763772184	0.674007414044365
0.179930166158174	0.243902022354248
0.459069210550764	0.456951948837838
0.214840321782861	0.18782484675985
0.405097149541724	0.355874118446451
0.500432248787831	0.628398978171684
0.48586688991407	0.773725625583724
0.379800600473384	0.36735383876629
0.104611676807081	0.066322222921322
-0.655537708672337	0.692638676267353
0.782780551313153	1.04246538382278
0.0713655711297994	0.103019907738861
0.0476873605571986	0.0613072634126199
1.67007357108445	2.56285790657931
0.347158822289602	0.598921861441536
0.215125716444848	0.345661047853438
-0.229946104266396	0.346312615572731
-0.450648257078769	0.71604471694857
-0.305774587878414	0.479904101615259
0.495739194040209	0.938561209647134
0.0875765843817712	0.117770329260561
-0.756978062275907	1.69837839084829
-0.232075599338197	0.294273349091621
0.0595870270525375	0.073788420276254
0.394584096608411	0.674180552489399
0.0738599560130579	0.0871130528628734
0.32017538152731	0.462176962889753
0.20779604240313	0.397044799058947
0.77285659171527	1.15492056257895
0.712439281317156	0.986124942313212
0.57162824321105	0.65593569997969
0.257659259034436	0.312306164086743
0.244350861134589	0.344643193770067
0.123835447268252	0.128493781537751
0.0698730293016342	0.0533311565285274
0.495262242030626	0.620483487616098
0.324623138294805	0.376481268105817
0.158010554790191	0.275432517953297
-0.275806625425829	0.516948253234742
0.194461440329835	0.317272643559006
-0.0144039861972402	0.0121436831999134
0.279596710474316	0.397316308162673
0.282284342878186	0.422030506588126
-0.232791704945163	0.272144673688859
-0.461548421376236	0.721094652516449
0.28083079591312	0.373344875055879
0.621007469553905	1.12284693851564
-0.0822539435539385	0.0967881479808782
-0.0642443965306836	0.0750739341217963
0.357416606587704	0.603150200078483
0.268120829139117	0.436854110577752
0.412123308449562	0.69578269682252
0.437810610575955	0.765429421816159
-0.924514303387755	2.33201742924174
0.325822725689004	0.553998884672438
-0.267339161795639	0.317955780844927
0.444179986246376	0.752660321194975
-0.0314154429541236	0.0315627028861601
-0.0545498202751779	0.0656875679181623
-0.494069350643736	0.745729274264018
0.144281106802793	0.204742808591773
0.254617874963174	0.378871480393811
0.236226376379469	0.30334681151716
0.456899518280139	0.823797158256125
0.359366867648033	0.58144031291966
0.277403612347295	0.299988140510547
0.431112597542466	0.780693686580752
-0.179982261057787	0.2177777019704
0.306322102027999	0.356046688320565
0.930027856716256	1.82974614667915
0.167396747177441	0.232471457174045
0.0601492665768919	0.064136283339923
-0.0659264260592633	0.0777498886657826
0.145568971725267	0.131800940664979
0.556871354961534	0.650542463937296
0.518217343147657	0.635628244186873
0.363170788845816	0.372723262861187
0.321286657212487	0.260730626569322
0.318353154633385	0.356340340509146
-0.111787486034619	0.0961488023458769
0.239127447082108	0.290475740967767
0.00218668849790058	0.00182592878525447
0.0521298195405143	0.0594843253820223
0.132926819562046	0.1643151127903
0.0112916771265384	0.00973851042167627
-0.228443234797988	0.267047259682871
0.0532274213818742	0.0512921751300981
0.801338159712024	1.27469765301618
0.0842739455331541	0.0716818318738772
-0.970031473266023	1.61559435206986
-0.232499169381615	0.31112818847525
0.127256065257893	0.136990186194814
0.250394912141587	0.348736035348789
0.165624113969792	0.242666153791832
0.300791765146732	0.417698888335765
0.214804435279612	0.192701050777931
0.423059296400002	0.576794888561759
0.209898199862707	0.256665903419417
0.159263865844099	0.177300411616763
0.0514010337525568	0.06712578280632
0.0992696887329287	0.112459071637545
0.163096473755098	0.163520725191871
-0.137654155195949	0.143674032258861
0.193705557374754	0.263289845079136
0.361561148980263	0.745185602749458
0.00424215939791337	0.0053710474764176
0.12564001685308	0.182998365604916
0.176820238470205	0.256668292032322
0.596085602335436	1.37017006653827
0.255759338449439	0.301674389212307
0.42681049606992	0.611825604260537
-0.0557547853935165	0.0546490852010942
0.386437539666351	0.438237725473908
-0.46815650263598	0.606468978524798
0.153053298786205	0.160247292828233
0.0604503593054202	0.0649593078929846
0.357860658194001	0.441571058645769
0.590684144349521	1.09875200058787
0.159244678402845	0.185770508324564
-0.00987699327404451	0.00935126592454363
-0.139252936552852	0.138878530837422
0.217117309944882	0.247832155687174
0.148614550764896	0.201372526958546
-0.102520336450372	0.13707067871099
0.433743581608899	0.989006455182498
0.177490983355456	0.217760418861721
0.215107278549167	0.288261186634399
0.308794662935124	0.562957683921766
0.586632252291201	1.39912339751656
0.589019328044753	1.10812727539494
0.314545571735656	0.384334189286431
0.623370572245212	1.05172047231197
0.516127555517883	0.895795025909909
0.358025939464129	0.527466156595388
-0.0327139280321069	0.0349196211286274
0.0680952635227165	0.0745725965870787
0.200350486955355	0.307074885011358
0.621998356087779	1.44055214497273
0.366192387524912	0.609540480663735
-0.0309411470691038	0.0346064231134727
0.363044277442552	0.553064006286245
0.550169945604262	1.24614709162129
0.196503278832058	0.322187475360812
0.104729604576822	0.145941292907728
-0.0193303677407725	0.0195555786621616
0.271268440893444	0.463154338624086
0.375389210294495	0.426116854845777
-0.138433285123742	0.12546279647792
0.388595406208299	0.353579131123843
-0.36340633199177	0.423227198895738
0.0887273700166296	0.0806111170361686
0.23310347071752	0.274752957541804
0.329843278193987	0.353163566275129
0.23648491428932	0.300285636558459
0.873374762532996	2.04952330073716
-0.636144597998004	1.05525021584693
-0.0647977421157743	0.0567163532609429
0.195888676958987	0.23273222509661
0.0149431297023506	0.0173279428879215
0.297713985790338	0.474987651608645
0.322404385158542	0.491570631954162
0.124718254378937	0.177620544983538
0.32716564028848	0.525564580911611
1.10400043705026	2.14509974264458
0.323566735039417	0.352913710204052
0.351280163741284	0.35721480855525
0.487595754291141	0.622556990223638
0.516825189668324	0.775946710509576
0.41223002601561	0.529063003009584
-0.718437647595325	0.829085028981789
0.153442047064709	0.133785197843278
0.246749080293424	0.275442870105473
0.90606553732902	1.21135845676259
0.16924265128343	0.166647923820388
0.341451840353235	0.49595289808133
0.875605356012404	1.6229233428049
0.0353921918549489	0.0294562915262749
0.363309792307114	0.422456532574842
-0.000124753208905544	0.000205163533903117
0.149560508140529	0.178726900373374
-0.00773192398889113	0.00964709825593535
0.433258299816598	0.537528635771916
0.270270947311991	0.278190141450707
0.803220274169329	1.64094046774527
0.267469008249468	0.309967820311908
0.0228710252259167	0.0203571532096854
0.305478074261672	0.346871991811974
-0.0450503059269067	0.0408302004523255
0.220458691307091	0.314995033630872
0.140385671239224	0.179439894990572
-0.362530966288042	0.450922319555489
0.469808367885112	0.700637020977907
0.215901421033718	0.261171889330488
-0.00714819273947874	0.0067328536440736
0.458676511114419	0.523515793644263
0.119467000640814	0.138419596384489
0.32311743628398	0.438897043735843
0.168594312113223	0.242229126379136
0.489627314215497	0.535733760171842
0.37436473317142	0.345850517351348
0.772984720630323	0.929362975466518
0.895100161693302	1.3992750258913
0.321098982395253	0.354485514000356
0.436556281161208	0.455415207960829
0.735084451235367	0.915610611557862
1.13080888704264	1.70347904672639
0.483308596884896	0.748592355338684
0.41257502745133	0.547762172709445
2.17111649695956	3.28080522769043
-0.0519019274623422	0.0355667863773582
0.418813252799322	0.369023982208435
-0.237283034209973	0.185704468620808
0.105871002301346	0.089388983163431
0.425335710353241	0.536618722396467
0.136500632662184	0.115485914693943
0.116599741936266	0.0738287307510225
0.639128232103603	0.594986004840377
0.207890147170466	0.179868997849686
0.205567779524682	0.253984444686345
0.200108641550133	0.272099687583756
0.133711580385987	0.144290024762476
0.226286296166889	0.329643759836513
0.180519950636657	0.230027693996483
0.00558031135659397	0.00579386034718919
-0.25194885776997	0.239898293657579
0.237498180767204	0.207305374869055
0.0595925921444994	0.0740909717439488
0.174748068041848	0.238920789221913
0.122787689245369	0.163538933266512
0.353037030835859	0.537997536834771
0.0805100775166348	0.0833846387034756
0.0184342952075037	0.0187479300972942
0.119231137814034	0.149540519419608
0.183461643425958	0.241825187958862
-0.113295969074167	0.128078337638826
0.528559496083767	0.720278407518073
0.336156071933526	0.468612664766808
0.386003770887632	0.547363311572115
0.033195934013627	0.0364291342613642
0.755787799699402	1.37508295659791
0.353058463844769	0.534643371826571
0.39139739748104	0.358188578367217
0.372874606532203	0.562219725225772
0.282336085283627	0.37472063075583
0.266504214529139	0.30243438865754
0.938634310703894	1.2247607320946
0.504696165524953	0.373133472956271
0.844119543400564	0.444272399279107
-0.0300831965281225	0.017058170149981
0.58052374648902	0.489342121217442
0.618194374535716	0.499711152741947
0.221384567534406	0.16670610090975
0.705793817928028	0.971814208045439
0.221593675448418	0.174537144777965
0.0888779249201486	0.0481107325558539
0.0957430039930622	0.0477886462254486
0.276353925022429	0.142914152985313
0.475284375496026	0.25690036064787
1.36973008824267	1.39458365348269
0.319605310109801	0.246159976852814
-0.485023921584374	0.41527583910698
0.103838253558347	0.0599916617713074
-0.27308242362959	0.0894113194013756
-0.74491896436428	0.535638650470479
0.507199323367849	0.377747698327111
0.929141795404892	1.14966742099874
-0.216355602062589	0.20629761941995
-0.602143283051849	0.640029292157305
0.681066071348158	1.19031693936745
0.329010417049819	0.435472810497582
0.263663996255907	0.333179020818374
-0.106729779041458	0.0912012680789864
0.246178245088405	0.139639620157194
0.510215771742756	0.375344458104469
-0.306218809513338	0.415961725306857
0.182938991859451	0.255415748239771
0.354043127728139	0.539261302543061
-0.0032974197442596	0.00304648966660179
-0.168631289747099	0.217958769210984
0.465652571988508	0.866067374432985
0.522407949607743	0.779585658777037
0.0237756298517128	0.0218223613026684
0.162128308072731	0.151610178199494
0.224296483976682	0.18246032754948
-0.00185670644496023	0.00178705316344837
0.424113735263856	0.564814049707305
0.153321232727945	0.165151029029173
0.26584689810893	0.280573079278038
0.408544971429384	0.445452821426295
0.738924627804595	0.739720676842942
1.0343777142972	0.735609265667634
1.05798866673812	0.994314380340827
0.291149238971614	0.263883847599698
0.519341405753496	0.469286717520157
0.743493773399648	0.749899375855892
0.960999002013971	0.848798287193226
0.385202979352245	0.364427965484457
-0.166712667758245	0.143973513321656
1.17752993574789	1.74938642669485
1.06256214487668	1.53963718003008
0.274310329319495	0.14550190465031
0.576590648878182	0.383832896710603
0.483334455731227	0.373080839830518
-1.63517614356641	1.51758142801564
0.534648658977387	0.480021512211736
0.534617318064204	0.636603729302631
-0.998984425793989	0.712102185389399
-0.869406521977041	0.650369092581842
0.249186891579581	0.142194128510298
-0.744829014251907	0.520688261186382
-0.313734038451704	0.32219843873539
-0.290494460924268	0.346346830868473
-0.358958051370427	0.321291481266314
0.263906969811699	0.334654126681639
-0.083742734519446	0.0796409821067184
-0.255555212796726	0.295912365626001
0.633041859124949	0.854854891559659
0.546379899761992	0.278782292168428
-0.177404873578663	0.123177026999357
-0.520040789121146	0.846370837975634
0.262420199983074	0.428508661385112
0.129654032552813	0.163612843152774
0.140097995058838	0.182383845165126
0.21352294167077	0.315880390495564
0.243727663037233	0.396028695944316
-0.0413557658178149	0.0498380016800015
-0.216974091131127	0.319040813693656
-0.0498938251872508	0.0571837829812402
0.163754976543695	0.232445477326082
0.156564088189747	0.208676177147148
0.20622868725767	0.223651809595544
0.304365235715978	0.38381871038365
-0.234673329264556	0.289223002861361
0.224137122322573	0.217572984298042
0.395188883910104	0.579965987423585
0.561609197139369	0.651867321799559
0.216927867489563	0.24909527068365
0.433386516643322	0.805755636938478
-0.0284507550873724	0.025481042626426
0.292093138815452	0.363266966489282
0.225913018848057	0.182623234765267
1.46134973769728	1.6021655484943
0.105208833833231	0.0669308418223378
0.482135781823873	0.267553500475216
0.270254292300365	0.141536637378941
0.835102678366774	0.788608567265067
0.445906606088347	0.370756443269251
0.650670083971899	0.711397064608458
0.3491498340296	0.262318769806275
0.640687974830802	0.40404467129253
1.28931069733071	1.07547689826383
0.502127612184245	0.458577710288012
0.714044756640818	0.980941301400219
0.0492581494327013	0.0420373131435088
0.400226150125745	0.350522363202522
0.469117173889614	0.168787192966773
2.27635351797898	2.50858243040227
0.578353556120071	0.488774516890502
0.881580081255185	0.56290634711184
1.15826613136003	1.02225522519179
0.0908227484271627	0.0448151966148411
-0.0129722333622399	0.00749386126582958
0.705807624969092	0.809505671624482
-0.145714744808525	0.0900516134815995
0.32789534696627	0.143887921280941
0.841753994334421	0.6823910581187
0.506744343793444	0.381472238485196
0.138490332788323	0.107995584231329
0.41682617600985	0.5346526218128
-0.242661646711367	0.209677582333921
-0.425674987494414	0.568933891599123
0.38546897777278	0.540919272527455
0.292441142353815	0.384770481566883
0.32715111857404	0.356318545502007
0.234309874488856	0.139104366157423
0.102662760627476	0.0594767423167772
0.563748478590133	1.14042748218583
0.557942760140741	1.08631655042713
0.160244459226786	0.220276365398916
0.0217410330063136	0.025735758351749
0.154296819020565	0.218954065410823
0.348532607285458	0.598516971453533
0.171585192026441	0.209537131771173
0.322699942497136	0.609807599885189
0.312541384045618	0.545509901170807
0.0668452837733512	0.0850548235558953
-0.0146768446841476	0.0158886204584228
0.385204425732635	0.713796624494543
0.10748295006548	0.14722733013691
0.21397023164845	0.294382572580818
0.21276870573727	0.270374156321312
0.385358736533388	0.60249327412358
0.0442420118567932	0.0428493975297224
0.223680016630748	0.222988488138057
0.368529500953316	0.516971133016665
1.19649177214566	3.44634521922345
0.519816278797388	0.915900953161402
-0.104743159008744	0.105669081653903
0.557416794176657	0.647669217712664
0.273400132000527	0.261990992354244
-0.181042846448968	0.145955399413232
0.299583609986108	0.145277617147665
0.473234195173706	0.361075012265093
0.495143967126062	0.462442943363489
1.35106991460247	0.927634603724238
0.00365380907716998	0.00255239667417531
-0.611591830629083	0.379281571089165
0.538374036093806	0.379880015442779
-0.452299551496913	0.452562586172594
0.249353216556473	0.282282586308342
-0.508220872814285	0.642450452560182
0.456290367952793	0.553254376863902
0.0882716621319048	0.033012148890023
-0.0328250480866064	0.0184746279962313
0.490208820774688	0.504475994233578
0.00916534527279763	0.00552941103657311
0.220662192186766	0.144115533132013
-0.359514167861823	0.262862112817709
0.129804512883231	0.08852122260791
-0.492002270550739	0.567751932500392
0.741108354895192	0.744865007494839
0.395597566718087	0.251812489997293
-0.0052208072071808	0.0029549294111023
0.30875176989208	0.263535757746842
-0.149960301380554	0.141801055781895
0.203780363033339	0.263045996489597
-0.086422152054024	0.0667475797890532
0.0572066537757976	0.0532521727727815
-0.214725517769264	0.221241911290787
0.241064417581974	0.336851161839703
0.096975565800298	0.0920819069061998
-0.455778273247872	0.364868749167285
0.501934427890406	0.372591828147983
0.0273021106259542	0.0286815490278526
0.273899695941221	0.396058723050031
0.394979552359067	0.731207661584281
0.249825514158606	0.444219039677548
0.208506028432097	0.252069830508861
0.327884306932641	0.444187919398493
0.283044206554526	0.446892731363709
0.265281646419686	0.440015058542034
0.239107645679025	0.358985830948022
0.0306151308917855	0.0386727178526872
-0.117276130316036	0.151474223833874
0.242242095717068	0.366170643193181
0.258236632105113	0.283291803801879
0.35422845787063	0.500018259712508
-0.475362982084535	0.901157585662568
0.300954943272098	0.379459034856144
0.0896162187291078	0.0979804649109529
0.502561231902408	0.808466801895053
0.46571068626243	0.623749442064178
0.855805980764942	1.8187935990838
0.323277638573781	0.437937285273645
0.234716851239978	0.30409374221144
0.398411363954261	0.427219538266417
0.561301886530241	0.572388230366362
0.614508101017108	0.600745388857674
0.551054602538821	0.485696490906812
0.282442605840539	0.273571931759464
0.921045522239521	0.931924003791358
-0.0891461118572407	0.0595092734019117
0.0592002825722021	0.0448430481603585
1.13251839371095	2.0774024148688
-0.577920551268265	0.734581946487109
-0.0554046325583779	0.0381688766888108
0.758714786046977	0.318159770607972
0.244787670166202	0.148689921185817
0.66548206397874	0.704730651009898
0.504131047579681	0.377043827486658
0.59945730949849	0.592296242314355
-0.657143471553216	0.482829306388365
-0.103961972381929	0.066685808779682
-0.0152171745184057	0.011035887316166
0.323549042013059	0.264741694303554
1.03793378667281	0.748283672469665
0.885523759064788	0.811031254453855
-0.217892793140633	0.14939751413646
-0.0820237265711881	0.0713543761638538
-0.421646219324126	0.576336128440394
-0.321502485743083	0.27948295122812
0.129699592070635	0.139063239116713
-0.281595066272728	0.323182917358816
0.106367655363131	0.113780954952118
-0.174847818828871	0.168455987507598
1.71052090928805	1.97052003209833
-0.0424978102467065	0.0567140503780829
0.34913403681076	0.630092517789995
0.166508824319944	0.256859722304841
0.135023405768654	0.183168858762994
0.195526751974588	0.300927158942484
0.256731601631069	0.434731554417142
0.701264373592905	1.68543110059699
0.142852648485336	0.183988663793142
0.117189125144959	0.116652208149938
0.269748050424724	0.416364289753107
0.306732989965077	0.440498928642779
0.257958500159722	0.340250577433415
0.49725619502633	0.702103325657125
0.531517171746645	0.619262954851782
1.23545678554511	1.91795607108641
0.470384759819781	0.842727642853628
0.0596576770834719	0.0440571087529779
0.259429194789251	0.259959084705249
0.812727651434154	0.862377086563006
1.15637713939378	0.874182172377865
1.04462142519926	0.879654660533345
0.157068050174464	0.124874058859692
-0.573241910264286	0.437497897201308
0.52361720089179	0.474555597787295
0.580790680172011	0.586626818899948
-0.0087405953296729	0.0073898107576443
0.276178468954003	0.283128479906939
-0.313228695894731	0.311168537136688
0.275852315554615	0.14455106668645
0.27669458796215	0.145159000285439
-0.774212595048243	0.94462313655993
0.890486449017622	0.577894080505482
-0.162585610049277	0.116388933787499
0.0203940132047681	0.0126995539333861
0.451352759806902	0.504462591709607
0.336162593266472	0.352529902222818
0.929552579974457	0.940241022118654
1.39957249944001	1.2316176441509
-1.25450110644813	1.25966712119684
0.666751327136447	0.520210107664348
0.337322563732666	0.370283742154946
-0.327113245876188	0.458569951765632
-0.151854605144116	0.138299416414007
-0.0290785394681083	0.0266383374760684
0.385731577952865	0.478073204219963
0.204827239361661	0.260423477192336
0.386751548436932	0.523078932552268
0.322370897141986	0.535030962012691
0.0820644634488635	0.104984065640594
-0.0747656979175273	0.0973581679383945
0.182692289675064	0.271741674197736
0.650224371517535	1.21144188785064
0.266203637585862	0.325858340578342
0.0351373820528483	0.0348677094098001
0.231430878830795	0.359734881782057
0.112645372976216	0.128494139224393
0.0798786981862823	0.0897623743458634
0.237382618865342	0.324772858405589
0.129631434499981	0.149339603791277
0.171107308519263	0.155237494995822
0.199121412162257	0.24516641387519
0.445648252289215	0.586686533177818
0.922583501720839	1.47907752890794
0.530180429177248	0.476182350741201
0.1951095850025	0.255565886981099
0.130628018606731	0.0996976757790614
1.69715653564177	1.59422466582442
0.430311351119137	0.250915086863264
0.287336261479797	0.276653168238055
1.70221972730922	1.26285318370064
0.616347535369221	0.484785202024866
0.126782740532117	0.0842217256805957
0.569300594721595	0.792200658456346
0.312762467631562	0.368129943807803
0.442412672340249	0.454659777455438
1.56635542018067	0.999408753035364
-0.411044223432809	0.296546082123718
-0.460882317822865	0.508271782931972
0.221319565291219	0.155572219872486
0.232957762353521	0.163967802102953
0.877777639990904	0.775791470047934
0.140508548864802	0.109492030127817
0.786766669702927	1.13220971963348
-0.0972444395926314	0.0644735134466697
0.00455795943141438	0.0027743463735813
-0.178268960859445	0.107300396473881
-0.48968957529946	0.427852555060558
0.358229946103279	0.352232278399501
-0.234284958028052	0.286096078315911
0.253635037515219	0.279602658749547
0.0811195379733899	0.0861863915039218
-0.255056171845862	0.329145484632076
-0.359247567197418	0.526952613001306
0.208050560262706	0.256522485165903
0.493274851218212	0.47595052769584
0.238263600095472	0.161956187247844
0.280048174205257	0.469022682036553
0.201417651190721	0.338714524275785
0.235883433072216	0.401795356066051
0.157985369079174	0.236334606541202
0.0977041618073695	0.0912619869121089
0.634602278364125	1.36983579193515
-0.0594390521211477	0.0617234524488742
-0.0216937407771507	0.0234418214775372
0.306283681448717	0.379355039231628
-0.117670217629715	0.1199586748227
0.205411607673176	0.235282666094223
0.495214742147641	0.714248290563323
0.602630216330375	1.01314243019507
0.50672509713221	0.546703196709117
0.218749340062511	0.1964357585744
-0.362075346993772	0.292115907993708
0.944464763342188	1.05696299160627
1.18275207326922	0.753657350764145
-0.689325587055566	0.607034588146764
0.492758035737499	0.560027344411396
0.12366938381736	0.0829403027532729
0.112635077867126	0.0722595256830848
0.291171229671544	0.28628265015801
0.382221721429705	0.427074997520504
0.904834394898652	1.38618356237728
0.271293638151537	0.268791187896775
-0.530826734031399	0.3598151407103
0.71903661173636	0.515765508897441
0.0388528439120427	0.0268472030551871
0.746452229944536	0.744123692734426
-0.297705886849718	0.199715158165948
0.395782748873144	0.252677736323662
0.115133074459826	0.0773872429243011
1.09565911412326	1.86748783739022
0.216604171359921	0.155894903026448
-0.209917302952759	0.0784337334473744
-0.397558364774861	0.243273008201214
-0.0123157904717418	0.00718452080538771
0.145330543161391	0.126926308894685
0.201876499361691	0.242904770336462
-0.0518416990551022	0.046567789263681
-0.1024798117663	0.111755097210858
0.595923003837608	0.975406168261958
-0.0445008156596549	0.0443227270726138
0.154455045957332	0.146154597942777
0.331491801458488	0.256130181160051
0.887471764946748	0.569885977936437
0.50674464475572	1.06878684016845
0.120295210872079	0.163468374766449
0.623634995731787	1.07251189876767
0.235903443997986	0.237573379713055
-0.0559005264768961	0.0502127235200055
0.544024296186668	0.711929921636268
0.693446623233749	1.031699461924
0.61294067786438	1.07105279574601
-0.214170645068963	0.169026081978394
0.837420231463591	1.91132274425806
0.565310944367182	1.17230679036921
0.565051021070787	1.04912210765197
0.360789307503305	0.352742645980186
0.553355492172524	0.574963175497945
1.15899234660844	1.0528119431817
0.31815371066334	0.272747735104956
0.315266427656366	0.270895208930622
0.234880465534196	0.141760626461396
0.550630805519086	0.481182535493718
1.00829017042741	1.67010484287667
-0.865420485550223	0.676740239253672
1.51026552966669	1.53253453611304
0.236801734513198	0.151547162643029
0.675828383772872	1.09367336022245
0.524856185295127	0.559338497049555
1.05017527614137	1.34845751632848
0.547281532749481	0.379710806915772
-0.643561706061	0.626058454757662
0.130046798780534	0.0964664075683293
-0.74584370292944	0.564973875397276
0.378731502494563	0.255664750221729
-1.32312049147894	1.24498411807673
-0.219988078759545	0.153964487479105
0.30931615438981	0.270734820382481
-0.600881057264078	0.501679146170516
0.724382977295296	0.413116722977274
-0.0282699790182197	0.0159468126602577
0.228334375844237	0.151642006996319
-1.33211120644767	2.47863476915836
1.0237567785355	2.03374522773855
-0.32861530470089	0.273236600048677
0.25958279465754	0.296133803213709
0.265572465813127	0.323492168492365
-0.21547710938014	0.251796642849342
0.188283455159155	0.303102246447885
0.100068544810522	0.136843121344911
0.00388219900408104	0.00429153794009658
0.850530212898882	1.73330269179558
0.415250918467499	0.662694412954527
0.705425734415757	1.33752832898665
0.460682755999137	0.716492994788792
0.711113679317709	1.34023217842497
0.0034724849168242	0.00263132873065404
0.260799833215161	0.29654081652682
-0.0150155818000988	0.0123693266489869
0.303378406847482	0.345083736609127
0.213325346047022	0.269418781190308
-0.102392508134495	0.0784199541129332
0.410077852252208	0.524933100084633
0.259792815289344	0.390043312750453
0.109116746049223	0.126262658113024
0.684990179691355	0.809420085550261
1.03876219460484	0.746007754495403
0.442136408077384	0.454979612761701
0.122114365044543	0.0890210608400509
0.219533796816411	0.167316066274606
0.545938566386707	0.27345741734971
-0.867738354956604	0.57403394443624
-0.121565381825996	0.10345931526221
-1.13068369270548	1.16353250298494
0.0913802266364042	0.0419812615280688
0.589756758486795	0.497848651211435
0.0566164706323476	0.0539945551511876
0.144300899981425	0.108295883166965
-0.660090992075699	0.692928690696167
1.02329163109817	0.607299662209699
-0.0964972394777625	0.0461479609322932
0.0237042637033354	0.0149567970773481
-0.688926533228053	0.624831245512393
0.58035816918117	0.38973819253744
-0.605466181789991	0.505559089219318
-0.214546465132174	0.165068805410185
0.374162460861495	0.361155709473146
0.958432774370587	0.85258136773236
-0.275855921866014	0.0917535826185674
0.721152387814029	0.40547628985828
1.05763336318517	1.00516995024121
-0.048145754110818	0.0438010651007445
0.412579595926078	0.598582423776595
0.172637492833544	0.156812340979745
-0.657570026860585	1.18220300691274
0.137774532428462	0.153997675623221
-0.0823203989106428	0.092374265473701
0.109664880497696	0.104586716160042
0.777150205577129	0.653926551956236
-0.156688426045576	0.249161113977092
-0.0325359299396573	0.0421454620172869
0.194240734737456	0.302987000800083
0.200928508221017	0.361504534792554
0.277085220470302	0.398185799783288
0.39960456407061	0.455214846022479
0.493285282383581	0.617827098300501
0.215984853585313	0.355881833237068
0.103207575205485	0.133529137582196
0.121706608475437	0.127686941780895
0.0760497494720427	0.0769528990388528
0.0454604724483529	0.0501417262606146
0.479772500960354	0.833355082973575
0.260764149293268	0.30516957062695
0.652559282805147	1.18020831381302
0.398005784056416	0.542272724440907
0.37511691755291	0.494526847125841
0.108996076086888	0.128864982433778
0.307068486016092	0.261984443017273
0.485867756683867	0.513292056271683
1.26187788977975	1.4851152063169
1.27108989136304	1.26102052673015
1.05836440504927	0.883826647014581
2.36718052031719	2.66449846227754
-0.239063522574587	0.227810288826272
-0.197352495302641	0.140013965657919
0.229415580169891	0.170388341436062
0.531064596124004	0.373159533106095
-0.4721537047403	0.271798049310183
0.457258064463613	0.464645912926892
-0.585520595576755	0.439769231677614
0.077105368685086	0.0374685535479861
-0.0681237158671938	0.0345284920709348
0.768589207004254	1.13911861649015
-0.284426939187759	0.29937705147457
0.0128108166012791	0.00986375876011345
0.622393455684897	0.28163121195196
-0.217216099258473	0.123730138823714
0.157538892934523	0.121099153736317
-0.26670365936461	0.143666470440148
-0.538829572118261	0.35585985832212
-0.254257753080101	0.138345745573129
-0.18797809609142	0.149782349454229
-0.0611128425441846	0.0490959267993648
1.09862629838575	1.24065935227664
0.986203745990755	0.374239917977977
-0.743010858788042	0.512550314066528
-0.0680989198818962	0.0451869886801088
0.213285735395468	0.215814710975125
0.0783994215518553	0.0951392942810385
0.277847569817658	0.272114136862474
0.931009070108886	1.92601990775647
0.909552789137136	2.17398712373077
0.324161856969946	0.480099307251352
-0.0565132560083383	0.0506245678234561
0.981769074092686	0.95212685996222
-0.0555306191615296	0.0799291231031596
-0.435465972646096	0.961428776868507
-0.266088168926872	0.491647218147559
-0.401494559450066	0.87766762261349
0.508510024027981	1.26840810154006
-0.218597393125646	0.284907848994824
-0.114481657472321	0.117902774661942
0.535445493699508	0.636298298360977
0.311695542893036	0.682628853412722
0.231957042856695	0.418553707696356
0.31439747622053	0.592107245438686
0.451827060640378	0.892413345666056
0.0998903779573361	0.138358605618883
0.31637413369488	0.606858922156865
0.268617483421054	0.44045289822429
-0.21821770195096	0.198478689561741
-0.0757440187298612	0.0783139467686588
0.00697678959922886	0.00752299178022816
0.163160383544284	0.221551255309253
0.0899093131454321	0.0994669918334151
0.361457211138644	0.547812729374367
0.347474724072084	0.415909411120811
0.431101075260522	0.797512405013086
0.245823478311436	0.416292929351285
0.071141973105586	0.0663494580722708
-0.031251779384622	0.0410192729092343
0.358770848875777	0.609038701822389
-0.015319434493588	0.0174281688479001
-0.560341534262434	0.749501606251964
0.216204669491292	0.214803185339547
-0.029492877676775	0.0210528733636768
-0.093375708577802	0.0607369558588215
0.212931827777301	0.187342919508247
-0.505242028835104	0.625999785726435
0.86553787030202	1.26585678489504
0.64696772141387	0.850898748215984
0.312464436986653	0.264096748348889
-0.597673655822034	0.630993018932861
-0.108344784614509	0.117483995117235
0.446049632230198	0.460998052187398
0.50379671465338	0.543707254269333
0.155574783880375	0.142683160000968
0.0532964685437297	0.0581230593176095
-0.207962196419456	0.264507346893016
-0.745988719320301	1.09532258605411
-0.0640717933363819	0.0430345025402294
-0.203560836005962	0.162181815749091
-0.115352435065892	0.109484065878702
-0.30542186945563	0.2839669748902
0.787227476779196	1.04417219342598
0.437856233478662	0.449039204328834
-0.297706255172183	0.328629776788936
0.333492462992907	0.486044266789722
0.709175088976157	0.819133342168439
-0.370683057058703	0.175755939568286
0.279950804580767	0.280211614724727
0.22016180980347	0.184940527958827
-0.0750331278254809	0.0852885025376359
0.0421502828815819	0.0520723479329288
0.112750574549445	0.131971718021621
0.335393558425272	0.626205592949685
-0.144374503071	0.185424498961658
0.155823615204571	0.205825141589978
-0.363556233048634	0.518805187499814
-0.416592543530194	0.455342104249936
0.062833661470602	0.0470273313094173
0.221848822094304	0.366496914871436
-0.263183673875629	0.430702730484266
-0.277435610144513	0.44613219325756
0.131995527399779	0.175297900762927
0.161274027098739	0.258155285644447
0.344729417502925	0.667730331429644
0.117515069786076	0.152767028789176
0.14051186811921	0.191459408929741
0.326623180687871	0.583782198517311
0.0943436104570839	0.125142262567031
0.555177381211496	1.14525119075719
0.374821557203402	0.673331003780881
0.146630961575849	0.177489908093363
0.181821778973094	0.233410126941975
-0.00208569329604416	0.0021705654128663
0.0583168701345998	0.0674521841180645
0.0205505891923279	0.0257764012389366
0.219728078969948	0.30204110723733
-0.169591797963279	0.218709694702785
-0.965899688150252	2.09390786613708
0.570345271300409	1.29381502434503
-0.185880362765566	0.265608786476088
0.0161164829810149	0.0188527944326529
0.0735648886359419	0.0843101597061901
0.0233610712885987	0.0255204057483321
0.317405022073368	0.452136026023799
0.539670165836376	0.954134193716338
0.412934740360174	0.779353922527731
-0.234982582576939	0.412677578821765
0.114302760766427	0.175543585858366
-0.0698857911390515	0.0978294966023448
0.027321018673336	0.0314095055402335
-0.118833148367449	0.166289909260618
-0.0497435917984673	0.065419789820715
0.302535161974012	0.481581916924695
0.706896061682091	1.41004054410226
-0.349296130097257	0.415364245828923
0.748356728841573	1.47870584954376
0.516716481512691	0.844365676144647
0.169620242152594	0.207718890086091
0.102198527509018	0.122670065647185
0.137249276919683	0.151865053471279
0.290721412604144	0.400951292516228
0.245786320926594	0.364839133451203
0.0941986870960685	0.107948172048185
0.317293649297623	0.47465261460588
0.263599536796082	0.30058425728517
0.0306281566953805	0.0329878353677552
0.0386862397820457	0.0458468069242252
0.101714552827669	0.124371401428946
-0.417651532932214	0.47812007343198
0.597766120219607	0.936882912868542
-0.0827645818828006	0.0891331519254504
-0.281729064543778	0.376219158088682
0.77124556508032	1.60066731526965
0.04568777843366	0.0442221563018744
0.0165667408635663	0.0178902549093531
0.588699098057223	1.05692689973282
0.0683205498510067	0.0693335738801061
0.126005365594053	0.130568748081786
0.445574163172762	0.662165065177403
0.263515896727266	0.390452176772255
-0.0677850661826569	0.0895054276944662
0.183753881918793	0.258262772299692
0.0953648826175664	0.13369854582044
0.297821336949547	0.499797262439777
-0.44370290733631	0.790078620420514
0.110382145821179	0.151320716819225
-0.14223544096653	0.196132328597544
-0.162090564532869	0.237039504093569
0.390463912427367	0.718049627633101
0.00430650679400374	0.005400473129972
0.280009952625643	0.419142129982231
-0.156521819193978	0.189626204031323
-0.313817666782693	0.449702977437309
-0.0942593584634997	0.107809805476931
0.267394400645466	0.390987195505822
-0.383381073690728	0.840319661717539
0.464076307120735	1.25557221875346
0.918766650498397	1.80119874419741
0.230999005904155	0.306097553557847
0.168620267148791	0.211103487044137
0.485865943137385	0.833307307659572
-0.154649844871126	0.194585818662446
-0.104163227514012	0.11077772245798
0.429361122844929	0.710983402822334
-0.0768140427102044	0.0755969107930833
0.00793288114270778	0.00804291705669937
0.715809474588772	1.41503210778951
0.0984838963693376	0.122315057180395
0.194739073491	0.323794172275208
-0.157061036118854	0.245540940871868
0.24134770025808	0.304233895860085
0.269516764656268	0.416383307049472
0.107412450581191	0.141624943936247
0.330306159636118	0.43625623626969
0.273909456070932	0.406344141202713
0.0325726749758836	0.0383220123539503
-0.0183807202145385	0.0150909166911687
-0.0666008043733263	0.0758107785163031
0.0889262299963613	0.119248364864363
0.423128305079294	0.751251869684114
-0.423764179523482	0.665840350616698
0.135462904077189	0.116436531884043
0.133052543371187	0.110400834714371
-0.130887379534064	0.0943386803460585
0.933008225801352	0.714716126112334
1.06513423889883	1.01312734191365
0.491084535207411	0.550289698402876
0.301975096605505	0.261755946112699
0.321206906153638	0.249158836678871
1.70627104477825	1.62380934329231
0.473673490262176	0.362693542974731
-1.36989078019871	2.73669750409825
-0.692877980282193	0.625048525491785
0.578394272720979	0.4822877495152
0.301110062861082	0.271547793837477
0.196822812168914	0.200354020844376
-0.721371222877068	0.940565894716163
0.54318867403539	0.627072171298901
0.642965059696112	0.402976398719721
-0.857633174302402	0.806583911623141
0.031050618441671	0.0250242239788246
0.338695429192945	0.26944335739978
0.0109990846328453	0.00663890669478006
0.235464829148616	0.159812249258017
0.616599053238943	0.675867845781852
0.0455050890375168	0.0392586663916612
-0.202064358842798	0.162912141347509
0.0918167220365861	0.046329644831219
-0.51078445962048	0.398032170501072
0.669159268881426	0.584619857211277
0.438322755202793	0.589109209106345
0.0370035432782359	0.0371287054625988
0.432986318356634	0.540056266319096
-0.0955237771481683	0.109123401993875
-0.209249025516698	0.281179203705221
0.0975754636202743	0.109851273706404
0.394599136357575	0.590906690735259
1.25466179449664	1.38277479568152
0.0966683941260325	0.0520977179458298
0.00506121703870547	0.00594311506454227
-0.178660040473581	0.291423543327885
0.0808508031727838	0.113783811663895
0.684938200121509	1.57778479227346
0.0838074555207801	0.111476352038532
0.364414987889809	0.680450527962478
0.122279563847508	0.156986207240982
0.431825277912411	0.93567514459366
0.199466503059903	0.309907618479587
-0.675682826497115	1.56723088718047
0.0687707467076477	0.0910187658606205
0.238393719376192	0.342265862244891
0.255742543163252	0.399788783442753
0.028554451785139	0.0338397295453359
0.0294470920704491	0.0359069796411112
-0.256315187238526	0.380016130469397
-0.116530832867759	0.156195708751548
-0.030051777191183	0.034486314422529
-0.128133406292807	0.180633739675312
-0.332260403576087	0.555781697010576
0.424117709263806	0.697637771501757
0.215654944647305	0.210015411779738
-0.15135161052708	0.192130571715985
0.456592915671174	0.725313430168997
0.410539471245156	0.625450036269604
0.258842516717133	0.351554001055771
0.315412402920956	0.629262864037376
0.218807107919878	0.335512553437266
-0.00674867379816017	0.0086895100989092
0.184728728088571	0.313299460566756
0.224211955108964	0.344840488028955
0.279805018786967	0.521736420017556
-0.103184986594871	0.124830573030048
-0.275868739478425	0.378099237494201
-0.0105823696284682	0.00984916936719479
-0.0958915796576553	0.0823043472288945
-0.204242341238533	0.183122234043253
-0.0907429653081472	0.0926429133404345
0.667937840683356	1.17171277424971
0.115656742514002	0.11584096957246
-0.13488209761483	0.120378448099135
-0.00348913164555266	0.0032910562876692
0.600565901657539	1.22089586326696
0.26448184806108	0.30593794536986
0.165423648739439	0.173044979852807
-0.162255164845581	0.192757987531734
-0.0647972177832193	0.0816762976223914
0.0551558432129898	0.0629561037080825
-0.125421085980495	0.152122424578384
0.440710679904873	0.440576916457026
-0.0603601903858907	0.0474352931782045
-0.781281531773632	1.13844742616843
-0.67313596311055	0.980018978402538
0.362518874376049	0.370964421435844
-0.253527300169179	0.294531711653313
0.721210144817072	1.22151875714766
0.44647593327815	0.820662953506595
-0.0137756094347185	0.0136797563679527
0.298167218127291	0.26754605894537
0.325927517432686	0.353558892352937
0.000595117564040396	0.000641735604562988
0.423856553103568	0.831644762208285
-0.261791730071721	0.435317069278554
0.157601656977319	0.222050000870391
0.411188681765218	0.811452067704352
-0.335001718510325	0.553378165488497
-0.0135471697085486	0.0170200949813719
-0.595751062428645	1.3226210335833
0.0653639461660831	0.074155441291319
-0.044459232943774	0.0398357303856973
0.271834581445853	0.504453912682791
0.0243472901995894	0.0318363465016428
-0.12132836782689	0.17462275815355
0.362783016901569	0.599510438155754
0.112905490080868	0.147773321385587
-0.0657728280558908	0.0876526219483586
0.438339382342294	0.954929535613011
-0.332625578788936	0.51098096999055
0.0791960203573411	0.0891053985893407
0.254704923766864	0.419235670422051
0.143745360566161	0.208308799609368
-0.360194006975785	0.614891027033486
0.221312301284461	0.321361681137736
-0.302616814224011	0.435994765869943
-0.0157483038992936	0.0170465189857452
-0.423626830991523	0.6876403361432
0.262345915278368	0.375387738700521
0.14990159358878	0.197541947948195
0.453054471808494	0.821720645256614
0.506537219356857	1.01296975712321
0.394506721572094	0.745547834935647
0.352409911615397	0.674977195363023
-0.000420478635787801	0.000680224747412161
0.0564712340706699	0.0641254552669225
0.422542399783233	0.733985540904417
0.43433765081003	0.732189070400326
0.277080591012171	0.425183234495514
0.205329980867051	0.394656896987151
0.0558765576963023	0.0863004292327326
0.586039473112503	1.17379967303456
-0.22441587407859	0.351637760940214
0.584786769083892	1.21698271383201
0.118260331638103	0.158582531783775
0.13152663281168	0.194480009291882
0.296108646846086	0.476454581570868
0.45814686391425	0.75884650856439
0.111276269188496	0.114172103113031
0.866151416535107	1.69464374632939
0.152698112591436	0.167396426258368
0.0732376978143149	0.0837354389456498
0.352698809218635	0.519500572669031
-0.0172126589387815	0.0157752042269787
-0.0934181545935818	0.104383976944248
0.11674745763378	0.149602749182051
0.500213637682753	0.823884823887832
0.246261843334023	0.366216580661574
0.423394737308748	0.73720877046223
0.361770804505585	0.576469351963475
-0.0817114053608428	0.0984317908160221
0.123284518233128	0.1489038889011
0.258758132507481	0.306937923051779
0.140287394597308	0.167203205448678
-0.0513490961716235	0.0500781246722336
0.160854235412583	0.166212207101642
0.485358313309143	0.759658742555871
0.120525427611328	0.140577415588483
0.739618398492821	1.63331313829591
0.28750502589848	0.467256179651703
-0.382244284671959	0.646085874366868
0.632046078010393	1.08887855692985
0.413989439742197	0.616047165398036
-0.143779376127409	0.212391234593535
-0.125270999672049	0.169992651873731
-0.481566165869255	0.931140539774592
0.715803575126558	2.05609912103139
0.347246372859156	0.609033650419322
0.139962011393205	0.177906729061004
-0.293508447943825	0.439090291613608
-0.211329978846939	0.331224099535845
0.252264950280947	0.412264053551669
-0.0665703574693949	0.0798467794377671
0.0324712837364638	0.0372536161864682
0.0181485398095294	0.0179185890581305
0.0861326529789851	0.0905561966040929
0.0965658165790612	0.124589570235643
0.227838083750798	0.457910451069116
0.106449225936495	0.143833664986968
0.645331786698133	1.15762718009456
0.0928920380992867	0.102016968109867
0.393527616287817	0.531218720403229
0.0224513865003731	0.0226728192985633
-0.168030817324584	0.198996846615384
-0.381149725519174	0.49919356564199
0.966381941907469	2.13089160387531
0.300154309313788	0.42157104088077
0.162656390386419	0.178497307065348
0.146631947162044	0.153469510588546
0.303695002760183	0.370067408875835
-0.435568691161985	0.708727937791085
0.272822608023696	0.387370677325342
-0.033913947771333	0.0385864611843288
0.0553738661862341	0.0827355708692851
-0.161842856237316	0.242746528372995
0.293087819543422	0.379968119739644
0.0128876285804177	0.0150703479200022
-0.214568382085648	0.311322590140675
0.296953944055921	0.386062799474278
0.165740959396131	0.249472563557067
0.397725867816686	0.689314436122437
0.134938573039336	0.179443972688045
0.0144679907717957	0.0157142741014334
-0.0249163448234984	0.0233150498870125
-0.65056638166789	1.26505303783002
0.33802726854457	0.665924326685552
0.409455154538303	0.666760505308876
-0.138002932449814	0.165401421142411
0.699649250855602	1.01729963875412
0.730891081080748	0.994344080686168
-0.173652716766566	0.142723975565072
0.271612830467809	0.139945974089312
-0.213987320715207	0.167531074018793
0.335423733001162	0.350068914220331
1.05332180434081	1.85419240391355
0.909974839597555	1.36039167089946
0.844342923811818	0.692812962568413
-0.0675610634020015	0.0446105123327135
-0.190683980635513	0.213983529382831
-0.843837256192866	0.860392304880586
0.50061830557437	0.540638007149946
0.0516042143481449	0.0444885582071647
0.374090927674256	0.514363055451481
-0.0508321331085824	0.0460428863095533
1.00090583265554	1.58121693715253
0.405065451074408	0.2580322552866
0.982138605743072	0.972320201606004
-0.175641074101454	0.156859739329189
-0.855059890638845	0.857790581500747
0.555664145020395	0.49195087321096
0.226256257521252	0.151961641975928
-0.33610430943963	0.329705497975374
0.210192349279242	0.159626930280801
1.05144514288298	1.32129138367937
-0.18020035083192	0.110003280299157
0.553898821239443	0.575479085771959
0.561301886530241	0.572388230366362
-0.0672828124338879	0.0602288019552831
0.0732647600389058	0.0829009904707463
-0.0128874011003837	0.0117294127272073
0.119670479497752	0.135656888577993
0.525900772471076	1.03114106389126
0.0469762791862529	0.0549733615956663
0.122957777377404	0.152797752857746
-0.00187441544027082	0.00100622807312931
0.43201737548911	0.890794854035564
-0.23789464324251	0.356677949009862
0.0490598320087954	0.0637759352111003
0.160693966879069	0.236243526906554
0.239592956288284	0.315202874050467
-0.262293710611645	0.36519874105767
-0.205014996266061	0.309241583219046
-0.0733584562980339	0.088063074509972
0.0080372552492825	0.00867157217231504
0.135909586625286	0.17623377458718
-0.195160904932493	0.319920109136117
0.11883814471319	0.156206180915502
-0.609418032661408	1.16240540761928
0.365912177078921	0.60695748570607
0.655746824960491	1.39407358676363
0.209320159298634	0.295914786423368
0.315580095027196	0.512940108580551
0.0561455829031691	0.0666771665312836
0.33923987151015	0.437507005825794
0.509466117149752	1.01452144469636
-0.285339571989457	0.37831132999532
0.448930452823209	0.759465976468244
0.259048434457041	0.425357266764757
-0.124341671161627	0.154250756427547
0.0101926819090936	0.00762132114547358
0.89873377768322	2.24402620977019
0.0602254020925637	0.078452008436866
0.123770305138009	0.152392563536927
-0.275927749348599	0.328798720410147
-0.609814818907962	0.676777116703788
-0.242705596146126	0.187699689796853
0.51693574389586	0.475957822695079
0.101500228436846	0.058265002214834
0.839448862844396	0.688754158724604
-0.141634587497371	0.141239873989552
-0.0643834359578357	0.0499945705566074
0.323545237282022	0.250833321988007
-0.346943597844172	0.220747480650268
0.543111945082278	0.387496475818011
0.368856354888097	0.437468019599692
0.87766507195425	0.802131158695603
-0.108507979327322	0.07982386586342
-0.0502699798419479	0.0406759546287854
0.377831196725533	0.452236428367823
0.0991554363272692	0.0905296827044311
0.208042078962556	0.195958022682127
0.0804219175672223	0.0370692462037701
1.15878095602195	1.04412956795332
-0.192938771404148	0.13904252067223
-1.23174615721156	1.04586777876993
-0.396797618298452	0.32267581824229
0.54888186671937	0.475116044247243
0.228848622261103	0.183473630778856
0.215712358221415	0.206139132688712
0.72861525462127	0.411692354554804
0.522787581774331	0.465449759351055
0.229877208964304	0.166488732395762
-0.111292983781874	0.115411283636176
0.197246550240635	0.239050577202916
-1.01247823070904	1.54187602041205
-0.0451093243427275	0.0456390104238249
-0.339289154202958	0.52685727336112
0.4528804281911	0.857256985639196
0.0816776627673266	0.0890774067533019
0.960093401630778	0.854305112867243
0.227844672498896	0.383860662211664
0.163277038883436	0.258579952624193
0.146308323219068	0.22919774790874
0.0883057368123993	0.123233055623863
0.0834884602775463	0.12004521932035
-0.000690437158126933	0.000693697596347521
-0.68914016389119	1.23600569545732
0.96288248310434	1.69069046519653
0.143103669634448	0.213424958443384
-0.0516692336797663	0.0709437636014311
-0.0827522824529593	0.12128996853304
0.0780712970733091	0.118644387215689
-0.0397658214620596	0.0608768025194564
-0.139444821823921	0.209691053708682
0.0556415999830248	0.0783688077309155
0.3366657570032	0.665348028660775
-0.0439469909873179	0.0598195492239434
0.314693826967647	0.542991277675822
0.148071997293158	0.236290785825261
0.0975165881699852	0.125776873948436
-0.0326231101950011	0.0381112158328783
0.557642816920497	1.22785477928688
0.0697078661709342	0.0767016120451687
0.0399418476905144	0.0441217528042005
0.45039025013286	0.526219165573172
-0.0761101481541945	0.0841250215093559
0.210544753343717	0.297611417353226
0.174669928240391	0.22779909758825
0.367056355896421	0.502045186760993
0.470191393036208	0.457461224495862
1.12458622642192	1.66541324870902
0.652240605799477	0.60474870938205
0.443141863414444	0.374304533800534
-0.407926805747003	0.297505150079315
0.899978285398805	1.3068250198586
0.901016713236148	1.02885272253067
0.427589209181423	0.356644702799602
0.886192159297508	0.810732975634556
0.0991564183931012	0.0524902507174212
0.112556783334851	0.0706200167069679
0.213800399180864	0.229897147520641
0.210586609273104	0.217958870832255
-0.00681147882482315	0.00497583034328075
0.460716186933031	0.376208816697044
0.232009095495552	0.164668368359072
0.587636068748887	0.393073254260003
0.888856718389041	0.826301549294193
0.110797460980716	0.0665936096141082
0.328264783533199	0.347932382802812
-0.308182889070409	0.42391070357373
-0.153987113806951	0.126293214473184
0.0506117339139148	0.0507622998532853
0.21733259470184	0.243925068317553
0.155195991049327	0.171529004587033
-0.0521497520012838	0.0464966435200464
0.881286913104714	0.806382810144777
0.185361206207707	0.311271333929591
-0.153234402474845	0.244505321940117
0.100590541229306	0.140655663577038
-0.337261619302702	0.653101924277106
0.0198587903529461	0.026556677953026
0.341082236657515	0.443933598106661
0.8557650437886	1.59362966143124
0.226843359793649	0.2090559349237
-0.0497002306972798	0.0618360162681955
0.0944659797613733	0.142136881707905
0.00743905173082535	0.00949540665735675
-0.0282602777321342	0.0384965563526086
0.235860115329485	0.419711574444894
-0.167367582198796	0.262098582054999
0.0380981140337399	0.0526165998161689
0.211168277133672	0.358244518964475
-0.284822192397356	0.497847563137176
0.295726287291807	0.57447121935775
0.216816874088335	0.338605196389834
0.345724895735394	0.581689756328448
0.0418411129255883	0.0458026635258545
0.263028361306384	0.35233408224494
0.823892551103422	1.91265923316367
0.55238538098446	0.870689247590758
-0.113593430340387	0.124713184269671
0.134779153540719	0.158578559284356
0.663856150615189	0.799226415758671
0.00172364973737217	0.00166169556434526
0.63391218766638	1.28984895740965
0.16472749069166	0.205289785071336
-0.164895417134758	0.172921258626404
0.424548002761624	0.506381274076906
0.942090369089916	1.05188321950794
0.255548871092959	0.146951027639046
0.411452681406781	0.260942758792104
0.622102788124724	0.51148522780295
0.723816615047211	0.980915142329722
0.0814354189620814	0.0626365280817243
0.238671416955401	0.170506168337641
-0.00526177056889372	0.00315268321626595
0.114093387496446	0.0758509237551634
0.210641825182842	0.180341783929887
0.511812851562722	0.378925025805384
0.453118058849651	0.455328165096155
0.273625737594155	0.277199112140233
0.214859623478173	0.178033721148718
0.658852583218548	0.77433399288863
0.927094272266957	0.946227478295388
0.991362240092963	0.979025186931244
1.03170309482744	1.20689562971573
0.413691396769455	0.453174494934941
0.110919226921233	0.0735905836849507
0.211964627399949	0.249647586674946
-0.667627543713216	0.749295516926038
-0.187392309523201	0.212228383669286
0.0188685678091135	0.0179487706721257
0.161671727400001	0.19343781888499
0.327524576415227	0.366810565580479
0.483962631936395	0.462390612773261
0.226173445959922	0.159865840750442
0.423418196004075	0.83618634410495
-0.349009619153951	0.696639536590115
0.162761295181075	0.244968916614249
0.207640651232616	0.346129871376265
-0.266167797841264	0.401952523383276
-0.194979392830987	0.251165842974754
0.26479823436415	0.322030176100481
-0.6319112113602	1.02140094939489
-0.0384179261100768	0.0453394928701225
0.271633021527707	0.486090899096235
0.170172259236588	0.29047459756569
0.0484490061386885	0.0671686435971367
0.373805215442223	0.778160582524104
0.175319796200005	0.298325668884286
0.0217977397093178	0.028557166193804
-0.0478207848417327	0.0610645870112118
0.214402934459829	0.356770752501349
0.297449568132359	0.570292577467298
0.546751596014068	1.31006158057028
0.32198331099422	0.466778985035793
0.388055566387831	0.603046156825122
0.271712722934619	0.411611328075178
0.56291572499409	0.795151742406474
0.592293071760592	0.963241272058326
0.563189233262602	1.00238757095889
1.11782611549713	1.46196040340091
0.540327590348568	0.946210466655345
0.0764274109591577	0.081021826360908
0.751035492940921	1.31602747299461
-0.681608930146196	1.15415136306506
-0.393392115850606	0.344244134762091
1.06373407508297	1.01725979504148
0.334991628871994	0.253587266024617
-0.253268351551601	0.138257914774567
0.854598361981464	0.423073586194166
0.528455631033293	0.565179233232543
0.125142622191932	0.0836884088865357
-0.224190689508911	0.174990499980145
1.46811259118481	1.19137600410926
0.0864724918014598	0.0400649486232923
0.508604207809152	0.382207740899307
1.12479952148214	1.79938449982766
0.868778451782549	1.58094935319557
-0.827603418963651	1.1043872297394
-0.255454902860268	0.280599857246788
0.17740972369773	0.192146440603211
0.345863984081165	0.443820315726442
0.096871060642524	0.0942663930456195
0.0846152182609839	0.117506561272729
-0.434445729073243	0.949610595994206
0.00912602169209402	0.0106343079788482
-0.429269953651415	0.852433886504281
-0.193153843042764	0.229313246376788
-0.113473930403415	0.107253548875385
-0.540037832293072	0.617546317660058
0.0319663962735422	0.0396095439695314
-0.25382247674641	0.431723625053585
0.587566888180071	1.65703492123572
0.331195587787327	0.665981548774842
0.0143365733831829	0.0197288845533277
0.372704367084587	0.762380343174948
0.259901314805938	0.469748695895522
-0.0216154486573536	0.0267785869796186
0.801661451132821	2.07932572189357
0.372716691791729	0.710932878953952
0.885707180227851	2.09077908943262
0.66691459346484	1.24019756471484
0.343520119285031	0.51907360601457
0.593697549079745	0.819786743975873
0.211760979002755	0.242975883649008
0.0337039757930941	0.033562279209805
0.0146976513851018	0.0109562803493761
0.496544975746961	0.848655413179466
-0.0694669713739298	0.0814644391820167
-0.238802505905408	0.281872645815865
0.430470521620588	0.520804420729647
0.14739473737749	0.115227734351012
-1.24322669426751	1.65361090466466
-0.262398685645267	0.178449638292764
-0.579736590180843	0.431132692025016
0.65927022074877	0.502810210156313
0.481448483671091	0.374446574931808
-0.0955793863272657	0.0614944147688824
0.522404185325999	0.472248709498048
0.350766544191175	0.257445012383113
-0.515481910150823	0.401179515096627
0.281124355511196	0.265178382381237
0.246796413545572	0.13984971537617
1.30145984600793	1.10887310152448
1.03728663683568	1.29362789204196
0.226308679595626	0.21396753497296
0.360822594426671	0.256623423981807
1.26357186971973	1.3771451076811
0.883901642692955	1.53261451934418
0.0125237833754265	0.0105113429887697
0.151199590230368	0.132246947574051
0.0571330063653021	0.0571441996179931
0.603903904053465	0.838711752101633
0.140742175309082	0.20033159528245
0.0451138158310092	0.0611467879324294
-0.0775767711985506	0.103792310791346
-0.0785179414514441	0.106977318405488
-0.144081314068727	0.206930067266158
0.275262141221851	0.31281202172845
-0.174640367645469	0.195210475402156
-0.217768449768232	0.237476373730399
0.225378850442118	0.388606982430928
0.116588479650181	0.182971847578153
0.216916136210367	0.401950813281929
-0.110666768697905	0.175653978621779
-0.27141834464748	0.489907804623999
0.0843828204527852	0.125685155592098
0.431980907639083	0.946312470779359
0.17059569652879	0.269693581900003
0.471141120803294	0.983117996565634
0.586710072430305	1.35968940195649
1.06914117014957	2.06626499954524
0.27818802116254	0.418133980488288
0.357265744026155	0.545644513381927
-0.806297486316601	1.45190614834649
0.12685527012099	0.146727369305665
0.366577007320528	0.353833859599679
-0.104831017195452	0.105913208623475
0.116335902976006	0.137318184918416
0.408193785329585	0.588616919341774
-0.189442993960163	0.209746429449809
-0.457115487031459	0.497348234987273
0.458010498450087	0.374838272453509
0.123341608983937	0.0830221992807174
-0.0731832114974387	0.0382746133287039
0.407166475800049	0.364041625740079
0.0447238503997639	0.0308414280401098
0.528672022396526	0.473340053720797
1.33623213501197	1.70227873487766
-0.977175894549522	0.796108095261389
0.431350537988221	0.254875776225683
0.551737940126846	0.643785975708465
-0.215475300666318	0.124559569920347
-0.158823128668315	0.0970010363096262
0.238907113887212	0.146633022723785
0.166045143787792	0.153214495324006
-0.449448810699625	0.534679356189544
0.596879524787919	0.593611198835865
-0.548666612908322	0.292620495523214
1.33951507526001	1.53250787934471
1.17470988073247	1.52499647990298
0.861760011505193	0.904143994678582
0.586927759861514	0.49428919557681
0.482391647978833	0.266555865150141
0.614821018243291	0.59867453499583
0.20476819306266	0.189274576304501
0.153047238891496	0.14877347313875
-0.00492836447798479	0.00578788102582584
-0.0413980386543283	0.055542474919087
-0.344115881000485	0.632730256131883
-0.146840908617055	0.182721333039681
-0.875949027750174	1.59203863024421
-0.00623601969595405	0.00513867480093938
-0.341986013599467	0.491418456461427
0.0759475051266935	0.0985602953020901
-0.0520252931004995	0.0707947272033865
-0.27808826035007	0.518685776458305
-0.106146012408872	0.148846970443609
0.0930149910067612	0.117690345307194
0.224480528080497	0.346114787942701
0.443681060117495	0.948159329298061
0.072376334207621	0.0908793371513566
-0.2574193038211	0.283752141464187
-0.00807189643742807	0.00921870418042701
-0.772035945141044	1.27432847711496
0.569324719138013	0.646327399613943
0.483523636337238	0.782573674539504
0.0830840268069786	0.107969627241798
-0.17686439534834	0.236880620265696
0.471729961997833	0.683902364448318
-0.514108646233968	0.656489418378425
0.222564822553126	0.182302224761961
0.121637102207208	0.0847378813865734
0.0243986272233464	0.0149472979914438
-0.400549857457621	0.287583302535087
1.2362042865288	2.0426033976335
0.318590769752798	0.264360193924099
0.230721335470441	0.191641769754072
1.17670622409146	0.869122404933478
0.884809079248432	0.796946336167033
-0.158023186064268	0.143168478722596
-0.0808898027822057	0.052152600024904
0.128531350550282	0.0938388725121938
0.120120105386239	0.0827084788261371
0.798345357052209	1.34913669738648
0.498910231125141	0.62770534102691
-0.399123971523978	0.415697838373093
1.58191338350629	1.36347622304801
1.06395042088281	1.01051867921622
0.673554506595436	0.707803543073106
0.978160066726149	0.962854972519882
0.721572817234261	0.641898742652367
0.854684579577116	1.00804159065138
0.569920869408772	0.652997250044805
-0.0519885845296255	0.0641176250263355
-0.0942061105107655	0.117073100273978
0.0435821176592455	0.0543807360595081
-0.313762589971262	0.519434952428495
-0.31870018779059	0.437225490902009
0.157621563315606	0.199836633438134
-0.190404490595908	0.185339376167806
-0.389332446927508	0.683687258219986
-0.318828682283157	0.565041015014037
0.159464378553292	0.229993105481143
0.367011110774071	0.703163102836619
0.0962673907650926	0.13522469896239
-0.0913998627232703	0.12800622269382
0.0863818936831365	0.114807830256662
0.549992997316507	1.36207460829416
0.214577019512923	0.179623286115435
0.228018000439924	0.153177173395948
0.448570746229099	0.446052068104471
0.223965497696318	0.168180420024202
1.56475553732529	1.06089481819245
-0.274148884803034	0.204704383023734
-0.312768342158771	0.286000282633733
-0.229176223454689	0.159301332392209
-0.771857927850255	0.678880330924659
-0.0950456235060413	0.0450011252359662
0.0847855643896627	0.031937397377471
0.0804839527840669	0.0298221277220507
0.331836157055159	0.145705349775932
-0.45737719439238	0.197815059386246
-0.382275651383265	0.172211268601235
0.79182135652477	0.553244384255874
0.76331320931911	0.321279940448091
0.832411602185396	0.652393930374317
0.888688016487399	0.574785709956826
-0.0906718491038039	0.0435681513573018
0.71911910809792	0.630723589138446
0.134104874977916	0.107713562554956
-0.103306350266227	0.104158086414022
-0.175432697030436	0.173310824885193
-0.613971115292426	0.552156170421415
0.00180968721016899	0.00114235653664336
-0.400677162719182	0.243391443264069
-0.0979544720961976	0.0838831396015898
-0.777356924213508	1.12923477064028
-0.689777934104474	1.0508730280718
0.355344756174806	0.43886210093599
0.107555572424945	0.0931991417161685
1.78128809249565	0.69316915387628
0.316724345851771	0.27049214485892
0.615431622054409	0.598270441073314
0.841753994334421	0.6823910581187
-0.130031662656722	0.0546215571483375
0.555806680786608	0.493817994511819
1.45947376050984	1.16410214264861
0.475803743628305	0.373242436076447
0.226887162401818	0.183957568428972
-0.987814874889304	1.11782047517781
0.104797605365258	0.0643787824509377
0.0761668409669697	0.0282153950409708
-0.665369414184404	0.326352978748307
0.135596455100736	0.0339972077852912
-0.16399350984531	0.0670136097523782
0.470502355881552	0.168694032955226
-0.274226507812497	0.0911157462173283
0.101559120909749	0.0298697845061873
1.51484573123242	0.759122259312083
0.632715785532061	0.293709556160749
0.76331320931911	0.321279940448091
0.843790706600351	1.0520385291891
0.253883712996478	0.151798589670134
-0.0974257230896114	0.0640200518767756
-0.119919608079979	0.0538684310309155
-0.0259516811295747	0.0182794702650447
0.137552032793658	0.113075635212236
-0.180056491627849	0.147419386974104
0.064121392771676	0.0503212377641369
0.289128259276871	0.26756486789136
-0.0244899195221096	0.0172770772941456
0.763204354149072	0.312136344126926
0.085928104602526	0.0319448581308184
-0.636393997343352	0.154937845563457
0.984837180028694	0.368930251863414
-0.583391844186964	0.227459881106157
0.542966105013301	0.273522460920495
-0.279058504424387	0.0921927337613143
1.27403687611962	0.560790815568447
-0.67169694754731	0.331895074015649
-0.780490455043436	0.273863583501159
-3.08720302560264	0.95977446076868
-0.640000640790177	0.159358973091496
0.160933101379453	0.0319961864807483
1.42624178402311	0.470732421286002
0.163970898374888	0.0321384121499014
0.14243759252063	0.0345906979740492
1.50989404706409	0.739500966851492
0.625371911903728	0.198821395569154
0.33309350736365	0.145580330850987
0.0812674941609392	0.0307045653557803
1.29414601953986	1.11519045742407
0.542274155067766	0.275101778365168
0.463534375472768	0.371305179547431
-1.02363825338008	1.06850069838275
-0.756401744747239	0.52637399111918
0.245503213552624	0.144816814431343
0.93941333520144	0.249112320793435
0.161755803122477	0.0320254240836173
0.93662806551827	0.251725171025196
-0.389186173309635	0.113772710115371
0.105081591769357	0.0309646819447961
0.729813221629574	0.532858848019826
1.71616594537986	0.935145324215562
-3.08751630175388	0.976520553508078
0.0789736575135712	0.032770719812028
-1.00059042505967	0.735573048390692
0.105332473481666	0.0313926683916637
-0.836572149786145	0.36535508346072
0.328461543782286	0.142383883219174
-2.5772643903205	0.700939309805013
-0.642122963530226	0.15612167414859
-0.641793699193275	0.156071232895542
0.125320244601736	0.0309288119654429
1.42581241258406	0.469908187366168
0.936949289040237	0.252050724097018
0.160933101379453	0.0319961864807483
0.105332473481666	0.0313926683916637
0.754686207571429	0.311325399073147
-0.205044184494976	0.0763698297822269
-0.366011852994259	0.172792344232777
3.61999736943607	1.39857310524979
0.0866363079151792	0.0438429298394872
-0.0937139735442138	0.0454950740108904
0.0807056433653	0.0304042809667459
0.0848961882017776	0.0389092999198009
1.17586107038927	0.926000836735856
0.00700431192772976	0.0042265505596151
0.780358859117713	0.661295380644318
1.97468705919913	0.505783057758019
-0.638863462349974	0.156500619086685
0.158931963998579	0.0310937597747108
2.75955089979932	0.83241767638386
-0.636716518078197	0.157098585347975
-1.78463242356912	0.426932892345841
0.160933101379453	0.0319961864807483
3.25457929268649	1.1044747742561
-0.39647017538198	0.112526825733564
-1.78465645045878	0.426908302872845
-1.16445998845438	0.357121750207972
0.940231263669148	0.24915118819728
0.93662806551827	0.251725171025196
0.161561791226678	0.0319809243486957
3.25457929268649	1.1044747742561
0.160740188615653	0.0319518046826111
0.160740188615653	0.0319518046826111
0.109736141312727	0.0324568608967043
0.935815181333549	0.248202668593162
0.477161394131839	0.167837534333671
1.42500572446134	0.470534133754891
1.27128376686122	0.551552779073802
1.78429555407457	0.690274828303557
0.619347867836989	0.19358026081695
0.625896232550759	0.196176626366435
1.42543399485151	0.471359578920945
0.090694655520609	0.0341274173104916
0.38634549966796	0.153582628017097
0.0928084312091152	0.031216186535409
0.0761668409669697	0.0282153950409708
0.688420245305186	0.624992618593234
-0.466211176276464	0.364738642763533
-0.141704701348674	0.104437545444449
2.84908985203593	1.88848838804149
-0.76126611623983	0.721317550460815
-0.291088384084374	0.243663560817271
0.0796178455533316	0.0578285120242182
-0.161400657726684	0.116274818627023
1.8422167637514	1.51626808262799
0.723894738104298	0.418751061525735
-0.284001775827514	0.0952732627148877
0.334555525359175	0.145136251896055
-1.86735701460704	0.781525311923874
-0.160301419074255	0.063522255028671
-1.53604740309284	1.06850614762998
-0.211403036547711	0.0782941285698891
0.992334921172775	0.369030086928343
-0.0599142302530656	0.0318287335272303
0.624759472766978	0.189557630246666
-0.160014572598155	0.0655155138680074
0.481198702134612	0.267779292471621
0.53180316087746	0.261039023165817
-0.283191736637658	0.0948677446816403
-0.639182555777677	0.158711507743835
0.400416848268363	0.258994875683741
2.06648664594701	0.905217581184914
1.27818428805737	0.550863237402613
0.335013731803448	0.148638462639069
0.542392943574206	0.381536255945562
-0.469284429312282	0.444921464970586
-0.404556915865924	0.289550356674093
-0.956530127937044	0.871440908834166
-0.014631915407941	0.00851773777132727
-0.537802965647997	0.46541410402592
1.69459634606454	1.54724502367308
0.387471291006105	0.15427715005083
2.06503533734313	0.918263468544324
-0.113542901560371	0.0861744898690768
0.082544358165166	0.0680143373557564
0.200716750309456	0.181177589743183
-0.164047099586277	0.119908449078227
0.965475159424322	0.8506136487925
0.724676485894027	0.915910476989838
1.46343337553708	1.16430548377112
0.642580027151692	0.402000775122492
0.484419979006164	0.462669005000663
1.06033989296938	1.01995754060231
-0.0746072738010378	0.0382596418655723
0.379645446696464	0.338473168510486
0.620654708233776	0.680663436676366
0.295692605513684	0.355691257258426
0.270854451102783	0.298381526298481
0.546600143717819	0.944572338655665
0.167156415601459	0.202048149451216
-0.0189586844147226	0.0224435882006543
0.547114987530602	0.720855645125364
-0.104824210182586	0.131536689649286
0.124479067942676	0.162616849131591
0.405950616653473	0.755214407545225
0.562075427659017	1.00395073470675
1.47412004904025	3.16111685057586
-0.292119030488084	0.273963390831255
-0.708084578035814	0.778505826242627
-0.0105122701520722	0.00759648413333156
0.509010377318782	0.468068463743448
0.555379969462169	0.641737199709468
1.08429396731062	1.63077190665548
0.483225300393073	0.453029414585956
0.229253031173788	0.15434459319044
-0.116680230242477	0.0876468163520783
0.0347931988604023	0.031904383557029
-0.548406702096625	0.544108697040378
-0.216946558457271	0.173087355438196
0.593081597486468	0.761309753562125
0.0597518168686957	0.0561960894131052
0.512198135436753	0.778254778393935
-0.0427658874466539	0.0383902796447633
0.563583167704563	0.498785957474866
-0.0739254073125918	0.0498153355098774
-1.0677367366561	1.69896690715538
0.577778041898447	0.484338674125648
1.07870656592525	1.13150754503169
0.233917333357013	0.178414731518268
0.54615089178778	0.62497695291787
0.479503495436942	0.511778776710198
-0.269660707288559	0.306384527195151
0.463783689312082	0.762285643231405
0.100649028616667	0.0940146433151111
-0.0448331646292588	0.0450161522887723
0.28059094968621	0.383398553399005
-0.136309667449012	0.164530211312578
0.168551653625906	0.184844939443245
0.319728682209572	0.26932966541563
0.132611416610436	0.0923520986715041
0.336458425967817	0.559398940752795
0.0477819424054364	0.0573561586989263
-0.0179188069539583	0.0194579684013341
0.0908821943054228	0.120045725015003
0.584339532802999	1.31671713214872
0.244038878468777	0.351283439676071
0.20291943444933	0.270524416523941
0.00513293239022531	0.00470580101699383
0.658354452506336	0.510610735618525
-0.0943192350785751	0.0457596271140668
-0.0737969593678646	0.0386204481333847
0.557429984410458	0.492707973949127
0.464651599229586	0.3520586948954
-0.829245870005098	1.16567922277105
0.216882134146203	0.160611193687677
0.0868325356251193	0.0745906459233964
-0.0741752630916126	0.0692585461374654
0.0816800430533189	0.0681682462818387
-0.243925990660843	0.280117685995551
0.550742063125642	0.81113230707448
0.15406760490289	0.227625740992405
0.53140497789577	0.8771470110511
-0.180131721416047	0.215652177109448
-0.0436887851154071	0.0489782135812093
0.258582872862782	0.303751792093163
0.467291656785678	0.749809646957306
-0.0000508742053582757	0.0000945393245695108
0.0411325022648979	0.0431831103986996
-0.150876482927621	0.179909855877066
0.438180496125145	0.59404197480789
1.03241014734118	1.60086753882718
0.227725387299763	0.184376788800108
0.822026486426338	0.890404390429369
-0.015231101220906	0.00885355103038066
-0.224604160715025	0.15281571770204
-0.397756188008082	0.388257750703349
0.871747733767151	1.06742053452984
0.509821362989719	0.477277459564112
0.0563084126844922	0.0397176015134625
0.211866527236406	0.236521328078432
-0.479547866901444	0.502430541391965
0.122968955790649	0.088996864368133
0.111095516833364	0.0997575980649225
-0.00650306577776004	0.00608418340640725
-0.746244083275044	1.05474380765981
0.2087220176665	0.191846981438105
0.66758424021871	0.513694919203901
0.401828383544703	0.358180356824192
1.14091511249649	1.83832559391065
0.498030429729917	0.476425575912376
-0.585644670274637	0.574549269914904
-0.238360014931198	0.182947412487486
0.294436738321087	0.278102218462639
0.119541131663404	0.0827361910129794
-0.16185632965361	0.160535875801676
-0.343411264175774	0.498934650894803
-0.0686544150995258	0.0664278442856234
0.265685770103186	0.311892288342533
0.36340560967876	0.519799077663232
0.800453090647222	1.36126290144138
0.466935622940335	0.754367565718476
0.331041359648196	0.361608628623358
0.386820383218466	0.360728665993661
0.00461680426408585	0.00493756772980885
-0.379136016604676	0.630989089463271
0.748369285884503	1.68610238200351
-0.767594708488959	1.64598353553246
-0.445210724165439	0.771266849957446
-0.678653944925236	1.45371743650056
0.33315687310408	0.543876227894488
-0.44998746465913	0.697428194388048
0.0337201889561587	0.036310235058121
0.556486627005334	1.11416247144923
0.202912848481399	0.283124134089315
0.453417686823043	0.736036799437986
0.951323830022743	0.818958593910111
0.925651211092994	0.706372312253049
0.309878156555506	0.26867802065676
0.223324215723051	0.185881952561376
0.469703845159235	0.615283854615615
0.206127405937545	0.242048741967888
-0.210971536629081	0.188500792975373
-0.118352264792928	0.12172626153253
-0.118275018578012	0.121381957832651
0.0850184068225941	0.0355687964218229
0.0793866357290427	0.106213967411407
0.299212205133899	0.517649082320074
0.0924853034608674	0.116909323664365
0.382114727646562	0.525015394383488
-0.482932746321139	0.795800982120597
-0.0393686829472997	0.0397046225635023
0.35865801267495	0.472985382666891
-0.0347589098976988	0.0350712200294655
0.29308538867355	0.430858729917687
0.196143732323624	0.248142839073307
0.394497323390726	0.60866184350711
0.329715843834497	0.375990914127953
0.0341782629344227	0.0284642657880285
0.778447297687797	0.864661562512761
0.42071498797712	0.36067327273193
0.614860008597588	0.593322030465048
0.442185758876327	0.529044893624079
0.616016577418782	0.815962127450401
1.50647069230716	2.26030347278015
0.618705334614022	0.590063597075294
0.335675827512542	0.261232459696188
0.719246195835269	1.03622378928335
0.333498826626619	0.267911436913641
0.889103082968496	0.996795514650243
0.709402542123421	1.09479265445318
0.892708753928972	1.60775073369372
0.376787304901686	0.496198055050801
0.316634001998117	0.37520866953408
-0.101757206087255	0.0666693986517288
-0.533607644528432	0.485599481371127
0.557622371705345	0.647936839303756
-0.0102227616496003	0.00606725734398499
-0.177424685173302	0.123292857811895
-0.221688123737271	0.177233695574817
0.136998286706045	0.100042685907824
1.05444895279314	0.886985510500326
0.357874982733929	0.352176386075533
0.103757440489101	0.0954696658325851
-0.00599786857842824	0.00566251192095095
-0.455127989037209	0.533478120911373
0.332911242085	0.379154306677616
-0.421585588343815	0.561633786950391
-0.450219580287385	0.734262569451548
0.145676171894089	0.181764379408125
1.08727342170539	1.29656358945831
-0.396699236861243	0.352179654769592
0.136548551231499	0.172284608135888
0.213007111793813	0.306108358782946
-0.250615346532141	0.311184434566066
-0.00574124185797749	0.00590553684096084
-0.151047942966143	0.196207360211242
0.0599665445241706	0.0784601050738122
0.039776735303838	0.0440830726773353
-0.186608791677739	0.21852760709937
0.082810720913711	0.085545955019742
0.322719112450005	0.479275854462294
0.0746980930025805	0.0833923975636546
0.466279833132514	0.780461916111754
0.57763187909752	0.95509386365781
1.00066144553001	1.36210437463624
0.207145107822652	0.199594164885232
-0.597275525293035	0.627463797051852
0.544407804332453	0.715998388726809
-0.303739051778535	0.401238715378765
0.0415978693965887	0.0347355294850217
0.35503824858248	0.42862315861741
0.0549683491281871	0.0573220897705044
0.37680288141324	0.689445872815371
0.421233540508064	0.678408895791958
0.595584208328356	1.10397900611003
-0.458437664194333	0.695486117348934
0.0229605141762878	0.0235295544269198
-0.0900496212785954	0.100971590951341
0.326107211275318	0.467284043250912
0.214188448232789	0.263467172625608
-0.434513500367079	0.612797589305468
0.487408772312421	0.597162867266694
0.831293958951981	1.04433548829284
-0.419096142308475	0.393677556220261
0.15281945468347	0.121756605361665
0.261362716563026	0.277810963824609
0.540595225271653	0.724539625745943
0.214511120132948	0.187956593047187
-0.369287024431108	0.319079266757572
-0.301761526288012	0.199917397415701
-0.0340953017026051	0.0272725485818647
0.552292627150245	0.571275388056123
0.0488129350882192	0.0430447684238387
-0.213294247831568	0.217011398106825
0.214922274601036	0.245803529615525
1.08416431597448	1.97963801535464
0.0565242430618948	0.0417122824012028
0.616730336781564	0.506217180398617
-0.827344311478348	0.926234241281594
-0.361618043122095	0.325277556873467
0.217341512660163	0.18271601203666
0.712658675157175	0.816187731264867
0.123601105884869	0.0834682530572783
0.20095356617887	0.184569590539194
0.123628731581547	0.12346301636987
0.342484025484425	0.336419858965671
0.148043772662588	0.123313094475971
0.00121814216607292	0.000959947285952264
-0.551635802926483	0.731741026906745
0.228997391686816	0.276272196633108
0.0362903399443863	0.030496994162448
0.0293931253738337	0.0306363737436476
0.256514843311824	0.27186950049607
0.0398613909075014	0.0424088844066125
0.402208401598887	0.358415229035453
0.510241927586633	0.465868839518677
0.0553040338687558	0.0608170323012349
0.0586214471424469	0.0673879918896721
0.203584426955947	0.271603203104346
-0.354201408156439	0.56145777325218
0.212758907811669	0.25316710400077
-0.206078439448173	0.243155245426117
0.0749881667395284	0.0770752961210413
-0.0202406933192892	0.0232624657332963
0.595015979732668	1.02686844513347
0.524873369339516	1.06082197373187
-0.258579913664136	0.346783434752464
-0.0338032172252832	0.0368043067612142
0.0429654531630815	0.0469789064947825
0.361009363729221	0.498951650547327
0.053085382681918	0.0496589043125764
-0.189157409813276	0.269456191713075
-0.292348072872524	0.390387352977463
0.0289034437588216	0.0266224006889919
0.168106619557467	0.241965536920189
-0.357351042033299	0.622065443452925
0.182193362728506	0.285456139542142
0.342924214979187	0.466265622726724
0.797887168775562	1.4416329400227
0.468446738258355	0.752865628700093
0.206714230708349	0.369474632997766
-0.399018404174149	0.513787042394107
0.0903734702498921	0.105723264134721
0.64996741214721	1.59577645315885
-0.330628223947262	0.393728001267272
-0.282424877608178	0.3624233665793
-0.119901869425903	0.12133313108016
0.106620768423168	0.130143886199235
-0.272892747718666	0.461413643208799
-0.367486080891158	0.565581665015318
0.598467556742789	1.01997018515299
0.124515030779032	0.134152621927851
0.133724980224469	0.144854369624578
0.503175178187785	0.600235088050836
0.235670623085369	0.295818527189329
0.327854015374863	0.415862881222476
0.335668335963837	0.437813245437291
0.0207299196686852	0.0215155312227083
0.638074994236317	1.00410513850718
-0.292136768355642	0.355195063740912
0.014173782971587	0.0158527902654754
0.119137635076592	0.124502591022063
0.323055420263467	0.468339124098949
0.0551333738545529	0.05965587867557
0.0401638914675049	0.0401768357666236
-0.483305251496156	0.702860981979701
0.0823367408067971	0.0865467910162679
0.256604921683956	0.304097044749391
-0.467647588392038	0.632794320118011
0.245682794782919	0.282217488778623
0.640552781378844	1.12523292188752
-0.550200891347407	0.834384814748732
-0.461324967711888	0.804900568512021
-0.104806673925843	0.127807477132008
0.285008047643864	0.358187822815293
0.420912235770174	0.725053582705087
0.0964337611969459	0.116972335359655
0.104852143964617	0.127159240378065
0.214513515806154	0.232481019249504
0.490054340464772	0.780457595019466
0.296821572717807	0.36658364916046
0.121105115429891	0.130139648204037
-0.0647021213754733	0.0557250088723887
0.306425271642898	0.372214298362366
0.259179824841957	0.290295335384759
-0.56306009954674	0.705827457876912
0.0813558685058339	0.0801728204495211
0.474389767884798	0.666353164167377
0.17179729241143	0.244764835142378
0.290862612337021	0.503014601786918
0.208627004686426	0.361580043966993
-0.0395331280742997	0.0357814317693365
0.216414940130007	0.235672906213205
0.118657618949995	0.117972996512769
0.293341231390699	0.383682156736443
0.0722890249599151	0.0677085702075961
0.102419262842584	0.0960556706696242
0.294026752070473	0.408403148059626
0.245202932921853	0.32181360620641
0.338302633681533	0.334430196491127
-0.0825504508984432	0.0723669444463813
-0.474191900784239	0.718773915599506
-0.0215241388826047	0.0202727917910536
-0.659724195304267	1.06916714656625
-0.484184890842355	0.763112019909812
-0.138834309944131	0.182195359770258
0.00691538794752379	0.00690175499049338
0.720599823296364	1.32871929461166
0.00261960876264549	0.00266791244282681
0.356270777409335	0.572303039142973
0.28884402142774	0.415086290708771
-0.0163205165381579	0.0197282052245353
0.35511309233761	0.497534653637055
0.702921581425312	1.41638437635784
0.168558092285889	0.202625570987735
-0.0556785490476608	0.0499750985986924
0.204757631390802	0.268523308802232
0.969087518327867	2.06052383409762
0.844835381029479	1.62450701043869
-0.10736722935326	0.128869136147952
0.509567810356525	0.834637652183318
0.249782893839472	0.296619870296597
0.247701915634378	0.294419123980522
0.974219051949487	1.83758524149693
-0.427491405733208	0.47044152362754
0.31087559316803	0.382730873191393
0.375625418666591	0.349216023530629
0.409707437148257	0.425242973006577
0.419913333197679	0.50663933495715
-0.476796037783071	0.754555799201079
-0.00737925933912736	0.00612969869074144
0.635343619599496	1.00323914543136
0.251287723592511	0.29273658955044
0.169345112950576	0.195703821615213
0.0433263290373169	0.0446931153897116
0.202482459749048	0.218042268136108
-0.112719548881548	0.108524259027716
0.346573040170661	0.359351134733068
0.641677588032922	0.92381037262764
0.116545528628123	0.115525668715906
-0.480016759278351	0.613471564418487
0.592303283805307	0.805747219226356
-0.0301897561838618	0.027402804689286
0.264507423521318	0.311790879957764
0.328679703749224	0.426421725918573
0.150982374723341	0.156543923080101
0.491639643795648	0.661619925942643
0.200806480796522	0.206682152847775
0.379886093533834	0.532138887165858
0.255772927031879	0.31711059605365
0.251569282408448	0.315929238794444
-0.0250458968422991	0.0253057700755063
0.481338071813758	0.698993157731942
0.219949810242727	0.27923107883325
0.0068872915514365	0.00649537594838538
0.114100991708896	0.138084766234843
0.130464094562251	0.156843543152874
0.24496559049454	0.376852384310621
0.466031669051119	0.845383724789148
0.606627887707286	0.906404209107772
0.739035681396998	1.31826721394621
0.131761199628732	0.140693265452316
0.149968099920985	0.200465220071856
0.1223172288027	0.122358950142991
-0.0391095177022638	0.0389224696259826
0.169016718248473	0.191691761124553
0.559955786640329	0.960464624090064
0.533505490791125	0.932246405218577
0.165252091174144	0.189989944020469
0.0536246171052391	0.046270402726582
0.668570438386788	0.866342311105318
0.358980662761017	0.337251506161329
0.494449275388336	0.475121620537139
0.0116335158307271	0.00859234197586096
-0.284990396185584	0.348142940941414
0.125762583907606	0.15160677793517
-0.108270965741112	0.110644731286589
0.644373505903817	1.08084546014595
0.37243437860609	0.494161213006846
0.623741159399055	0.286434617286794
-0.0618701857194577	0.0541377675275712
0.161255260195285	0.201551279007546
0.461630100511279	0.912505760467073
-0.014790532368115	0.0137506402366342
0.175303323732317	0.205788676818597
0.0915923974407882	0.0998904240833477
0.12609030449011	0.126459252623943
0.332312320542582	0.529601295483629
0.168306227440728	0.208227739302551
0.0331259676124448	0.0319867815413971
0.368491948061715	0.42535593125757
-0.132229730437768	0.123219072624503
0.0841572916750027	0.0678391813174676
-0.300672128772675	0.312569879551901
-0.0743229473879325	0.0629968545619588
0.851806153021007	1.31487329087984
0.941577108084635	1.42988251798867
-1.18963185113488	1.54085664448742
0.0873246303895918	0.0712514427414612
-0.204917184457668	0.163362886613416
0.521344868233704	0.724676888366367
0.467731830728768	0.532716864573961
-0.0506199593166906	0.0459450767537784
0.0778915173680623	0.0645438786528891
0.41919390572277	0.585969897682474
0.35235553373072	0.444209720423515
0.880528738456517	1.61055388264227
-0.712013379092133	0.74879332680048
0.378971427859006	0.364590146967144
0.0875022241045058	0.0723951276731609
-0.0305134955477168	0.0214558588896029
0.123867161742175	0.0841343491736937
0.145632969139832	0.112562079631721
0.33956119836022	0.354075482724564
0.146673350819466	0.135139276122914
0.0655128004560206	0.0619165542478854
-0.143711994800443	0.102628235852425
1.04027086780236	1.62600323870902
0.222147135672288	0.21427679241473
0.404427206202289	0.648976750206423
0.0379973984680346	0.0378063664275688
0.113529151911786	0.135077565792846
-0.133176121049583	0.158113251014718
-0.0860765789948367	0.10209936128824
0.318328084364984	0.451709530352532
-0.705805777459105	1.42824615478835
-0.192499551034423	0.213565379395771
0.275383701797294	0.41557306557666
0.0508007154319097	0.0518882193103937
-0.0344799343707904	0.0375056668015218
0.0742416358995936	0.0866407175586752
-0.0360963081871023	0.0417327256055374
0.539425364820336	0.853150414207905
0.671907683428718	1.39481482194011
0.413390734651028	0.647476869410139
0.416749028490681	0.579237030542311
0.873726073298581	2.00043274184251
0.492359487934304	0.838359197516333
0.295629338955552	0.383584272543813
0.197491614638304	0.246810668849923
1.44666572109233	2.57934760353621
0.241549997169667	0.146923063179769
-0.771251437577151	0.682401413105221
0.636911515176069	0.689190606236238
0.439865061887174	0.367104214088994
0.073029936194131	0.0570957883793465
0.489086532450449	0.514959805778386
0.270280541501044	0.280150147444346
-0.303090681254392	0.339667055118949
-0.331252617771641	0.32180835755616
-0.179597888827238	0.155323440197454
-0.428095278261099	0.444487490237371
0.0837585947177997	0.0351486037450993
-0.0773459405150828	0.0693425137594114
0.14487012797289	0.22078575096229
-0.0875289007647571	0.12136720134487
0.23170222213223	0.359339689681294
0.169534386639873	0.186971261807997
0.104270165619881	0.0981257193612563
0.400635981427562	0.440560505417421
-0.102923109230394	0.105534185465271
0.11674617920286	0.11895812035493
0.776411563669912	1.34382403606539
-0.439133759127313	0.578568502994314
0.767935175020869	1.05547751879944
0.134717982081108	0.0990740023058123
-0.568065544377638	0.410474734198227
-0.399213428519816	0.355472559605242
0.336100408385997	0.273010069596405
-0.32723829756504	0.32297544180935
1.33044605387093	1.67578930621703
-0.221211918890463	0.148394999034723
-0.475056129634091	0.436486289515188
-0.443629547923631	0.514048584738888
0.221640874212936	0.17889488238752
0.173116919938706	0.131975349346874
0.61369413132667	0.746638535427496
-0.0642217850072589	0.055929890004023
-0.0235785141396935	0.0197501555165959
-0.238833052875485	0.183877965548794
0.523170445008388	0.551691890609547
0.335668391556582	0.268484273049872
0.455231580531891	0.372372444536622
0.340542616430622	0.258651434037826
0.522822033328384	0.464890825056176
0.276784628977367	0.266737993309176
0.422737656596464	0.436427560409446
0.35101311959648	0.345823041248963
0.0174249725662909	0.0109944795584854
0.282086787350551	0.255333332865184
0.13835890001026	0.172506239263647
0.580716213454198	0.963185657315046
-0.40717498479601	0.636002396291432
0.131810497262747	0.162214483047537
-0.306401585710841	0.412724805343845
0.416803635174957	0.580898057208396
0.331681247639469	0.439292745493279
-0.113593423734704	0.12396135956128
0.070152628277433	0.0789647010396054
0.133968219692569	0.170673162373913
0.46494768802533	0.885081775576529
0.118863654914013	0.150869646840862
0.270425638062225	0.393059191326917
0.031110822056832	0.0323987039768941
0.29858539337576	0.401761354505982
0.250936603520532	0.363944736109934
0.389788128743832	0.583270949370387
0.684744181033028	0.806348179356563
0.0784656919309658	0.0383415249934352
-0.0715008757098323	0.0355494094904479
0.386057584405106	0.258387821119483
-0.511771818980314	0.401928458584116
0.237556402328834	0.143611659855878
0.318003384814285	0.261287767604168
-0.223642184356336	0.157010832386832
-0.267904522156286	0.306857060433004
-0.0934204860687415	0.102314455904152
-0.279626093815492	0.212910172329074
0.0914029065884915	0.0793224418009581
-0.134469456348162	0.11252766765532
-2.54014481243343	1.3766561460308
0.253444936383244	0.305217500956521
-0.0365888172079524	0.0493292672108869
0.087829414480285	0.107632565732104
0.135118524157667	0.207723357059766
0.40723209231613	0.806773470131699
0.14179599296164	0.190205069830113
0.344687967351463	0.458003070837601
0.842099062499925	1.77414029055136
0.181090505283234	0.221722234392718
0.485009537352409	0.463819428846787
0.0145503600408587	0.0148298835061428
0.343323183040381	0.568301274937666
0.289952533824913	0.448015382174205
-0.100335460137825	0.0950077967613632
-0.403350288053401	0.354275585231616
0.0763630008525133	0.0600139223747962
0.111977057933007	0.0733733063298332
0.347012611296424	0.25757688057632
0.782226796970057	0.674754696349999
-0.381934561064393	0.356520212350795
1.11022277615336	1.48149480965598
0.437606598217687	0.444081987328211
-0.756621590982976	0.609815599845033
0.229220151727923	0.162705413836445
0.36636741774457	0.36243143204051
0.58261465279285	0.497490659902155
-0.1877283972472	0.134765499922938
0.142691238454854	0.113086606418525
1.05886423086897	1.88239582665632
-0.291580193822874	0.310331541603712
0.230442844629172	0.186410686049393
0.534614811665181	0.37045819114754
0.34911094873655	0.257558616711358
0.508391698903382	0.541100057392128
0.0879846581989221	0.0364522165101772
0.960479128817687	0.845999838251744
0.26935316603618	0.431662684123758
-0.162972150002319	0.233516002965984
0.133005040037689	0.193643699969951
0.0118511587086599	0.0123596996129677
0.389082197756249	0.452886436617756
0.436784605002789	0.591762358199117
0.374907628973282	0.669315640655733
0.19644272668853	0.285110366146805
-0.0189311138439255	0.0218763578521788
0.0224718220765864	0.0277865587867837
0.122029753363332	0.173633329338358
0.105212359746348	0.147458255633634
0.169867047967105	0.236724872476563
-0.235660666126623	0.337841385826904
-0.116810831517389	0.147385124344418
0.343826000825025	0.545418197843766
0.308734765632769	0.287430119988175
-0.125316547297517	0.0565702757494368
-1.16100667963252	0.351987418753263
0.726407827067489	0.413371876177882
-0.856658328259961	0.569787865621631
1.08076703667434	1.13100582388867
0.6184795071663	0.502240334839385
-0.724096678792933	0.424382093691567
0.531139674273778	0.55941546316747
0.371259009843671	0.445362503894163
0.241097893296596	0.144087578031119
0.155169831136516	0.130748595707
0.0616928144428124	0.0455386844566586
0.62592525261621	0.283844447724386
-0.0186837856162191	0.0253135534102345
0.360474903200223	0.687379122684584
0.0641239221588125	0.0694880736745485
0.144457598623534	0.117069249754618
0.162980346040903	0.184695382194537
-0.222012780045357	0.326045068338128
-0.210076324706368	0.244974349686079
-0.145975086335251	0.15423340051488
0.387640303228964	0.439329843375778
0.470308800472839	0.463389632423032
0.781988614189463	0.771429682422224
0.382552248589298	0.145074814327034
-0.398448702648595	0.314711656699748
0.474909591072335	0.541712789229648
0.678331109216177	0.784447502456222
-0.256341912279293	0.216490360764324
1.29101868444159	1.1166884340866
0.108363904890377	0.0655897139902053
0.278725589583204	0.262208430684088
0.470427803681877	0.25339163078466
0.230132307579924	0.163458667813902
-0.367412761951938	0.384084722276503
0.370309811459216	0.435349068415659
-0.319519374553399	0.338383013385589
0.292674193578479	0.268494222123273
0.29832548418248	0.143040202941576
0.571310245697761	0.354399729490288
0.255283476454111	0.420526525347296
-0.488649457465547	1.06482082169457
-0.554436520061893	0.789763560448852
-1.17576777357877	2.05692264077104
0.151294188265395	0.141522577480304
0.18888240568123	0.298492973766385
0.0726822926147871	0.092812506577814
-0.0722038041236156	0.0899443001782604
-0.718691093960962	1.61877983526586
0.0895057769516937	0.108274112306776
0.388974690240451	0.658289719065234
0.86353434973296	0.901077693499281
-0.119174706839047	0.0525418554510052
-0.471553176894912	0.269269615766562
-1.077240149892	0.962323769442975
0.929023896756833	0.715439241927223
-0.184187426746041	0.111083998181327
-0.401472399564069	0.357462121307713
-2.3015206204138	1.93452038995526
-0.483789536447722	0.554212131451187
0.613615564726285	0.972125235972022
0.318562586673891	0.263530986897037
0.451315792015212	0.609677755443819
-0.151579138113705	0.134095915161577
0.275527219726736	0.523957484380641
-0.00435973652499192	0.0056704427092979
0.0968062016090373	0.138522587630875
-0.0984229923414781	0.117340554721681
0.15640975339496	0.143378617996809
0.260434974942566	0.309259571266383
-0.00215292112271537	0.00221890779365944
1.08189103077133	1.69683814278462
0.375140381702014	0.513944826052567
-0.0415757008984899	0.0444915951380329
-0.239577212438199	0.324114988237035
-0.220261545774899	0.231244724183755
-0.222670714994006	0.174257144617735
0.226142258408673	0.166880139407951
-0.571006304856586	0.438822346721488
0.0955524461839031	0.0513552555409899
1.18038864611573	0.910374940530273
0.129777854345222	0.0969650905654234
0.363325657283791	0.261321694342498
0.819995153953073	0.873013007315519
-1.11518764756542	0.89277059946641
0.683845502589038	0.62552772299122
0.439797234157281	0.444023783722084
-0.654601294995894	0.488979008120866
-0.105267733680306	0.0657537199491682
0.599175929312813	0.601591929131264
-0.113598793452339	0.0974264392273752
0.28991015579119	0.271321482772435
0.290260430876752	0.246788878154524
-0.0142236641760991	0.00837454583366011
0.240418361821907	0.147790736436418
0.472199396717743	0.889596469470152
0.118175721400018	0.15478015509137
0.0117157715764182	0.0139918553061524
0.102162904793947	0.126070811308566
0.208219969586971	0.250838349864346
0.429802508482621	0.924811494174234
-0.20765356065396	0.327334948846208
-0.567773652854816	1.39026322442083
-0.126740072898032	0.173815559094049
0.0309729015100035	0.0350035736637335
0.483573672009147	1.02604175562338
0.286049077150734	0.511304036023969
0.885424614781344	0.966708830797467
1.18591667788174	0.78629403209343
-0.586775857827708	0.223355501907715
1.51445106919668	1.51701353604732
0.662737530805067	0.500696575991316
-0.0998143141393211	0.0659063955997729
0.456174610042267	0.371435297276586
-0.715198907276306	0.433106255421315
-0.401329596228928	0.440443040025281
0.400378423319633	0.491711763998362
-0.189133006888536	0.166335869064532
0.38420763502661	0.352324706933119
0.0704615205232011	0.0910574425128506
-0.0671380971554158	0.0943025484614698
0.116140663899007	0.184067406456201
0.120854804633971	0.183595736681934
-0.0707632190092894	0.0833026402965412
-0.00795343510222146	0.00879213183861419
0.494339024158146	0.75286677577818
0.111871722632835	0.121425681351248
-0.431394445380979	0.584027314671193
-0.0772809475622282	0.0605224076606392
0.173043430395562	0.176599459316065
0.145773774903421	0.173538230474097
-0.111711050212013	0.12429009866889
0.403075377784791	0.573686969633921
0.145981094352351	0.123933534780577
-0.054542996741401	0.037639069004408
-0.301200819868381	0.252851097153242
0.0847855643896627	0.031937397377471
0.652169664942046	0.402592259969324
0.0553681636567705	0.0392981600494376
-0.117263461292802	0.0759443335986141
0.92957727232434	1.15660260664877
-0.397358706031094	0.276489685779144
-0.0124440987156722	0.00722775492251251
-0.0448824173552369	0.0306588422625805
0.110746421900105	0.0698233455070009
0.641731354388813	0.396904144181113
0.677827253409024	0.601509402322684
0.160874936831144	0.156946191004894
0.73651523349363	0.802470895956689
0.081535709100005	0.0661312657924506
0.33908450148137	0.147779621962096
-0.000281248408775646	0.000415935453445178
-0.0139854840625686	0.0161923647058644
0.303794194192123	0.528792387579541
-0.230301875343821	0.343928190741739
-0.505686726038037	0.981410668805598
0.274176066526695	0.392433188865387
0.485338272962871	0.876272687357782
0.23065437340328	0.339749170921414
0.610490970505044	0.580931738309108
-0.119702409967276	0.0534533453376726
0.88438522166981	0.567085725490189
0.546379899761992	0.278782292168428
0.442547527030451	0.258289043661151
0.646156039464938	0.3962717324586
0.231429577884344	0.162282522701353
-0.22272929310788	0.1268947230281
0.871232214907118	1.08034929648556
0.487996173679643	0.624641292012276
0.556463350283074	0.651461997774053
0.603172015240723	0.763052002079008
0.0865857064723773	0.035292792077655
0.260566848922293	0.328603396271483
0.165734476108385	0.263767587920215
-0.0334730026059594	0.0473233627667307
0.228023026810815	0.326221530795621
0.488578197716457	0.714549490381216
0.12369180149015	0.148961748353851
0.49100778970971	0.859796168606254
0.643000605353804	0.701677827101133
0.17075911853958	0.202858622711771
-0.0683964807784149	0.077049509667405
-0.0854274569299963	0.0897272544410476
-0.690699199652262	1.06900866871759
0.219298019145254	0.195770549934271
0.233076561283488	0.15572510051042
-0.0309380516283366	0.0213239133884919
0.720373244313269	0.531508531243219
-0.299314584730708	0.196361533593259
-0.321001948218416	0.236584254617475
-0.00790006597106392	0.00579259972028899
0.774684736127833	0.853380009717
0.0830549259589024	0.0417262265391901
-0.360739007154507	0.27023108411216
-0.0731470213149568	0.0577449626901934
-0.855737929667972	0.792671992115231
-0.0155258523873228	0.00912173955134118
0.0705608861417183	0.0538144179720179
0.565484073095373	0.659592856921836
0.662889156292893	0.849831453507822
0.364633666856579	0.340626403878737
0.417474633201262	0.362963597925783
1.04626079246775	0.835339021725035
0.21430482082925	0.179472946482274
0.538292408931567	0.270256145454084
0.261099220188916	0.50210634375708
0.168112334592159	0.272346234555836
-0.26071661160771	0.408056812264665
-0.381828742852461	0.687512854978033
0.58995773683036	1.36299456078589
0.381778569144561	0.716703989242442
0.362913537177673	0.702040554148662
0.0857927368221274	0.1006939478282
0.322013583856925	0.536807542332621
0.0180226012656429	0.0213223327331276
0.214457031421938	0.328181063940292
1.33540981173856	0.984244732914257
1.2689530871877	1.26110789322108
0.649400343349169	0.485974359598909
0.688469538001539	0.627105318042798
0.124581964210731	0.0868115448945192
-0.0454369602142076	0.0530284384356784
0.0115167927474208	0.01034498082491
0.140346762187869	0.184776485602002
0.489963403404343	0.828849338017824
0.760198705594332	1.08501620212784
0.219835489760543	0.273540191294116
-0.129479244324857	0.15903914970779
0.118994889775397	0.141234530490996
0.456580112860391	0.69335570186987
-0.00364227566372122	0.00270433426106666
-0.638871961807115	0.635129559110356
0.697275176586743	0.713242566157922
0.233743723232113	0.138928131655945
1.1771342010146	1.4927852144933
0.739341407101471	0.838296377082308
-0.16700020055456	0.15986708262108
1.47751643130917	1.65468348239548
0.787275113024807	0.532621078200463
0.329948040803027	0.259701827909674
0.309575524988662	0.357132350828178
-0.622234398542628	0.563447696594172
-0.222127208684496	0.156213396235478
0.780552833599822	0.947128404128153
-0.335674042221066	0.379371579239427
0.249079754515722	0.303017974341203
-0.376542558368453	0.341465479780745
0.528949162752206	0.36633829427733
1.40618345415049	1.82546524300675
0.54836109147332	0.623487574406552
-0.53164944078903	0.448754887228183
0.129721317914515	0.0900749190354817
0.359939064715384	0.673517268459425
0.221231745056587	0.391449916011243
-0.182793354756067	0.272194857681397
-0.0403545801404116	0.0502614835938721
0.126660726445075	0.187226306849628
0.249797978982894	0.392471875411915
0.149698648593515	0.204449625408643
0.116150775379715	0.155245662634754
0.402227600355389	0.811975164172003
0.274165098233964	0.463173513625102
0.113656766773594	0.141931988630749
0.286540307274033	0.271502653397216
0.366336252062529	0.524825675478067
-0.0485959320758329	0.0702813555361795
0.00380346738793469	0.00564760737139663
0.109837406984443	0.189777216582945
0.0896171243868339	0.106742500767149
0.082983749061841	0.113312946424389
-0.0993109266955342	0.171150403838264
0.0818577380698868	0.126793483289117
-0.160967787847212	0.213033756475048
-0.189941765236373	0.211667044586631
0.335856722762644	0.456269575176367
-0.385108088768027	0.434667825246922
-0.239533116977594	0.205078088910363
0.0415669880161004	0.0269055679938299
0.557073904091352	0.941478489072677
-0.0358693797543524	0.0328220687654859
-0.0238456158638467	0.0222871831527362
-0.617390222692629	0.756780309360304
-0.00396929145056228	0.00288573936553238
-0.485128393607427	0.855448181394118
-0.114478603702426	0.0872095271121591
-0.143295291295314	0.120344015929088
0.338714335297325	0.439986386582837
0.443757720694316	0.926864200587059
0.192605291438191	0.276504077941611
0.167483288822748	0.187695213577587
0.0975737208466196	0.0527621936863691
0.141509056489991	0.112890846817466
0.0760543605151102	0.0739196401878942
1.12597386758146	1.77460044075353
-0.0796028565160751	0.0683342528418764
0.423423660475859	0.443225416673899
0.464926630930977	1.21862694775499
0.168932638116384	0.308719293851753
-0.14228528185124	0.22440111882628
0.279373962110178	0.579686735224992
-0.398204386654821	0.89081070480975
0.376492813617183	0.758530625725341
0.160920056912029	0.296680677459456
0.13903796722038	0.237732790180955
0.252133016791522	0.533199232684549
0.149442061819306	0.230907562536087
0.13425007852537	0.166274551551494
0.349831122379505	0.425946306101809
0.162819962870007	0.240889438098832
0.234230731510859	0.491375410011774
0.129768884725568	0.249066806595588
0.158132471046266	0.327917327442746
0.174930898612451	0.308103172564177
0.0455168907604925	0.0639239893038118
-0.208543529230112	0.248559132968333
0.131622602280565	0.212463434262512
-0.172335536355353	0.345539706966327
0.125901096199102	0.218357914831084
0.133769638524447	0.180836460227398
-0.37680311519292	0.581932956542047
-0.217902869718223	0.232046115812576
-0.664459597445695	0.850094382113886
0.129969807024272	0.0945625962882169
-0.0379365744925271	0.0313195519785071
0.380853877708698	0.564266766547027
-0.145834943862046	0.152407200901796
0.414025712341411	0.516185381033986
-0.154821454324326	0.126899288546088
0.229420076636492	0.187156553276889
0.627304581837436	1.10010855455071
-0.261317387572005	0.224111456983465
0.438462702603679	0.442635841687851
0.535624841932322	0.774449733157119
0.538556393317929	1.12284579308036
0.595055177721239	1.12685279901694
-0.0240418030151756	0.0223718362200886
-1.48825968038053	1.76620111942022
0.22256748801761	0.18370780921931
-0.0949511169682052	0.0913039776442414
0.135297301263082	0.107193777439759
-0.0234587778277786	0.019340922858707
0.557759059386029	0.581145471536682
0.218898190477705	0.417877442364669
-0.0862732057044819	0.138724964956606
0.120806290341483	0.196054376854909
0.138978089826915	0.219848546412069
-0.108543020146194	0.158699805939446
0.1905848639314	0.32292432231233
-0.228341202680029	0.416773044045894
0.443798825481284	0.985602768050143
0.134538986127514	0.10382673283639
0.291614580133593	0.260990089626942
0.296836347384663	0.262684848993947
0.0126726773095584	0.013574290879352
0.230046731703801	0.370098805247913
0.355316215586108	0.350764096318587
0.450806646330474	0.784802330988804
0.308917243574685	0.543064427360155
0.0182398205233441	0.0277607725311861
0.00735436336885328	0.0105211794895037
0.242542259404056	0.460821625910056
0.266767556756262	0.556410242438657
0.425560539870493	1.22617302513147
0.528001027813518	0.990658756441623
0.017563633599338	0.0228436799558215
0.304894440797135	0.521568916681372
-0.251532141812809	0.275092895372184
0.177430011294034	0.280178290183044
0.349725680834913	0.743918810504352
0.213498806144564	0.336158089909177
0.170515268818843	0.247033242480164
-0.414006769465341	0.510039459256407
0.289533296803915	0.292566136593493
-0.612856650382898	0.689183977714103
0.229267935528921	0.162264543340073
0.82538064730158	0.780523179396917
0.60377601014468	0.90754971363646
0.516738227183662	0.548807090362361
0.433834461910049	0.515711528001451
0.110742381574596	0.0711030971837115
0.348890552896292	0.257475474693241
0.339880624357316	0.355708025398193
-0.53407835728292	0.533394247427975
0.216325302837284	0.169820965728596
0.354937471295259	0.358926491249208
0.0282285665473076	0.0299330183202677
0.331359489077956	0.446147028713968
0.0998489596834886	0.0887202971616607
-1.89461781035509	2.14177876200094
-0.215500962689717	0.12052620701227
-0.369318469466785	0.384900774591164
0.714302762143736	0.82881958715997
0.521784577934023	0.447633427492056
0.138876365321633	0.206599320381953
0.259127272518388	0.415895031071308
0.0961025139611229	0.123991442815177
-0.0411052044456732	0.0501702898599549
0.48589816071219	1.11814900189183
-0.0108531303266889	0.0118078983004338
0.555742150533938	1.16367762127353
1.05161501775537	0.876798679663967
0.424729797048804	0.366572787698454
0.147175904061318	0.124469360465508
-0.00712856284324975	0.00594167986763537
0.653587370159534	0.849755175421055
0.134886473817897	0.176315997095953
-0.146736482931316	0.261803816070514
-0.192420028384228	0.301418966895251
0.213070731042281	0.382598714563751
0.53494949757751	0.786501924181202
0.170696587717661	0.248273328959534
-0.314857174438959	0.577427218569109
0.179852820422272	0.296240953828996
0.0617411576484446	0.077337593828
-0.066166384200744	0.0626725819852635
-0.0946492176500682	0.0889760585998016
0.0713340443343202	0.0558498675386983
-0.64584404008075	0.474834146173711
-0.621711892376473	0.575096591624373
0.220333762291309	0.214210426685955
-0.219258138242612	0.239656528054875
-0.134558616159161	0.124296661176959
-0.258924411171035	0.13951850337844
0.0415138057341554	0.0286677171992343
0.274092396787617	0.29523360023186
0.891165974174129	1.29646455348924
0.00431976554031301	0.00303771811666933
0.139414984129167	0.11990435398168
0.636793998476065	1.1923815776593
-0.151155712957695	0.170484257350126
-0.22021659698439	0.211815416878189
0.47902215318219	0.372242724340751
0.609277468668556	0.589024075192027
0.246975952573164	0.270778983263551
0.12478516297853	0.0889935080946299
-0.0605025326450129	0.048383959085047
0.623596662827903	0.695284903667741
0.216820762590982	0.246125426432018
0.0646510354714054	0.0643643656623347
0.0304475424080052	0.0370915620589269
-0.174455401462282	0.218765693144099
-0.47318169686028	0.932401847968601
0.478614630232883	0.956042678180702
0.37344950965351	0.685110876711332
0.416198737165271	0.766600154263061
0.867263152371509	2.14834139041308
0.477918945979273	0.465179577349203
0.611316621249877	0.755750952234358
0.818144820453809	1.06123625323246
0.533398546770055	0.262324310979864
-0.022371183324305	0.0247369157850281
0.102225816961869	0.157588763319736
1.0735252482243	2.87925247098156
0.0369463590469624	0.0486149110409813
0.121236804038269	0.169647313933502
0.237982551092526	0.371081740997345
0.250069976454563	0.402635973424639
0.60544631427068	0.894545392718948
0.246793788583213	0.372519185251201
-0.140673641372544	0.221169364407181
0.41849821193626	0.758972168324365
0.186668261398195	0.249634795425374
0.309588613627806	0.372587797842415
0.364171124461075	0.43464406263442
0.131901289186852	0.105803933743289
0.345495655262099	0.257854835186986
-0.0457066047896373	0.031826493264081
0.285231931282373	0.34303181429638
-0.541700311444338	0.692010076684176
0.832398141520861	1.24653004192095
0.109819089804274	0.0701705928360049
0.560830616382533	0.567693226892223
0.097452060891912	0.106892219836864
-1.33789704295106	1.43003715768481
0.21286427482126	0.177080072475292
0.87654816827734	1.50156870805989
0.307251723396232	0.425992510196556
0.252001210036755	0.296904439153735
0.494827597544359	0.63643350631241
0.230603873735152	0.149136512231051
0.13495212148643	0.0986273008500163
-0.657407745164151	0.855913945664932
0.982516021600594	1.25245161373068
0.139983291981655	0.105552527509691
0.223049596563879	0.182473177009284
0.445324037617895	0.506728242999183
0.0502540744993138	0.0504345160784571
0.147966068197944	0.132270722571871
0.392801091647753	0.533266380841918
0.336345947163142	0.529857111612113
0.351997649109106	0.462952168110764
0.243178076220556	0.363783970483692
0.149309257400617	0.184301188650079
0.408140804576726	0.682270836212425
0.159555074759989	0.173677442880401
0.0562069064652897	0.0579616232495049
0.351651294279262	0.442823165765666
-0.0768173932536348	0.0800004438730495
0.324384590399825	0.44260468259467
0.623170148328451	0.974692261025956
0.277152689266119	0.476081957701035
0.197207981232915	0.334483990090542
0.0748076819641982	0.108688664434547
-0.121518084605516	0.0544216787913988
0.449893980731244	0.65781226239513
0.292997350734723	0.466987442402238
0.455729119065159	0.688042342824067
0.202153128772325	0.249117304957406
0.576006526064099	0.956673429454703
0.145539735996068	0.185207186594781
0.301083549107731	0.385419069385048
0.153861075890186	0.20439549040033
0.0254324064869821	0.0355378817279027
0.202681009477728	0.248662007249057
-0.041671040200287	0.0478174839851706
-0.0136526147742597	0.0171364715243351
0.571118674814006	0.870804329273543
0.494756085800334	0.84584583363423
-0.013286820641897	0.0133988565951528
-0.370076779712497	0.66670338704723
-0.494832193274363	1.04316533829668
0.0595390362135236	0.0734849547653534
0.255181093346059	0.379627371090073
-0.237680492377975	0.349392467839612
0.13752840802561	0.162510541015744
0.258782966893626	0.281513258703063
0.0589560743220312	0.060972033909786
0.648243866770969	1.08667540983136
0.150783345294121	0.168554856950054
-0.234859849165122	0.33948921657453
0.644515492445035	1.09236142961314
0.319923505830718	0.470368691985119
0.382581800896405	0.746986204147559
0.677079584786324	1.54230899222724
0.810662996601715	1.84050331207434
0.13887614813977	0.16408042167041
-0.346155234921936	0.481541103750384
0.172885865138887	0.202872776505435
0.161217730580508	0.186230857756292
0.0700768419314392	0.0641550602321116
0.168047270189137	0.186306975024562
0.284174387902377	0.364567584580726
-0.41113952332344	0.614495907027482
0.0249939227961365	0.0246132730545616
0.0135623864962904	0.0158828378675746
0.000452310469160251	0.00039597518044816
0.0386256435009712	0.0426022566979247
0.531627480836278	0.872923368758374
0.50296335735503	0.927657269212862
0.0828237553183806	0.0987791301217304
0.797003962214621	1.44400053111813
0.488522262813703	0.751977357294694
0.339301106739651	0.448282382001402
0.358085271261154	0.461377614764708
0.725903992071463	1.08121034713459
0.201387686771731	0.218566372253775
0.156759825030541	0.147057273492856
0.243139511659598	0.268287023127514
0.156025485772617	0.157731716414073
0.278527730162773	0.265126448680191
0.16166057981765	0.174057587451877
1.09455053080597	1.84579262580274
0.132767140084849	0.20148838002221
0.333556040711112	0.144611471834468
1.14462189300788	1.99652395008291
0.701982656393918	1.56340447955439
0.54787458187747	0.783275579723666
0.242404357806131	0.304165405533759
0.357488054609656	0.476136022100515
0.291000843193522	0.39156882505902
0.499272083727856	0.832810947934266
0.221794969684629	0.277992341690381
0.212840936285214	0.23608392188036
0.0645736430863193	0.0758393544836908
0.155048595125368	0.241921077292232
0.672305258319531	1.03083791109615
-0.655327243203928	1.12138081205618
0.125021553943118	0.138178724012535
-0.174329205762261	0.238814157416258
0.40379192064273	0.751549074892081
0.22519609641961	0.355066916942754
0.0478805279378197	0.0580131434234881
-0.0722879881957268	0.089897387864479
1.27061414405755	2.22391442289826
-0.359039604914352	0.480985305434872
-0.0296206223399099	0.0266346220291195
0.038642002713227	0.0381306913943388
-0.216522020557772	0.301080433336149
0.436252823124967	0.730179022262047
0.00594087697271419	0.00681142110235976
0.1108400073051	0.161463102829344
0.308930129501236	0.538953937180887
0.0290006331558243	0.0277531881624043
0.591821159591383	1.00131548342096
0.0812093956598017	0.0932349309565245
-0.218960441200913	0.284342945079975
0.046356930839877	0.0521525358815464
0.211826911310428	0.25734924423642
0.0112990981030331	0.011572760866917
-0.334370874461678	0.470123457686767
-0.121173243287172	0.151080519714571
-0.373527121881516	0.546797965691801
-0.56358601611513	1.12897998261262
0.176920951307729	0.242220945468946
0.0921276763711514	0.113559349530795
0.247396579946574	0.399557071886134
0.220740739357768	0.269034296067808
0.0489120957186107	0.0492360494775873
0.508166571491988	0.671188029224423
0.604570964119406	0.77651422999099
0.334821372165884	0.443376140972598
1.33024933055435	2.42333152013374
0.0981061239712041	0.0879875539222105
-0.357924542652251	0.424838572397611
-0.115344241523018	0.0984324421261537
-0.154004086286403	0.164535004421536
0.708851894839632	0.984555522489891
0.215252248329657	0.198104513735008
0.94949644111072	1.82280537790535
0.805194809170892	1.20670467979967
0.895115829758307	1.55868341039691
0.362033551121482	0.436469751457638
0.326759396922152	0.361648432265834
0.939020561422761	1.9342031856606
0.418856447757515	0.67482954769544
0.163402340610828	0.221058290417859
0.42552152621215	0.786559160524093
0.227545066210719	0.367837510600084
1.70300574197588	1.2606391991363
-0.214730146546016	0.225124687075207
0.226711112044737	0.330402982785759
-0.443152880844451	0.697578516890733
0.449075199814958	0.618447684473282
0.0091895289086729	0.00861949864305664
0.378404009875906	0.699102767342661
0.341521422914677	0.458557072764719
0.0678584766364141	0.0764012587639658
-0.225434653755794	0.334941842780571
0.89935346324262	1.71176095696616
0.455376249782191	0.650225508796644
0.326835895963225	0.419803016214305
0.601481143018546	0.982771502316586
0.326810723262936	0.500639274012652
0.0769033480510831	0.0773591253420574
-0.0979852213068911	0.10265546496794
0.211081532836367	0.201003168988777
0.26807340506009	0.294559704866267
0.471477815189362	0.58145795560978
-0.193245001067671	0.201607882338867
-0.172031124346884	0.185325620311351
0.310655303360237	0.35542553405594
-0.264599784620841	0.33913508349443
0.0815948245121925	0.0898017904140498
0.176006490984431	0.206679236213467
0.0474702701440048	0.0467672033249168
0.344948610404253	0.427348323366448
0.348643498520753	0.424655734232436
0.217862649694795	0.207910336361746
0.211397254491745	0.22634356102374
0.880537194059853	1.7536897125645
0.423145044647736	0.535364113067149
-0.284065039094592	0.329106289849699
-0.180958887053385	0.201444649088903
0.296845936448242	0.377791205130601
-0.0206126276750811	0.0205061075384781
-0.407303691432022	0.578663315920239
0.825638223860103	1.52267267144995
0.453336259403237	0.665450360291986
0.251382140931323	0.288172894461547
0.214914214247648	0.242610790495516
0.502134545022722	0.698987697519816
0.295710741442436	0.390009087107356
0.382858724002296	0.528310724685848
0.281577402825893	0.420435626833622
-0.0425861884724064	0.0389354436516808
-0.47819139407161	0.518201155202929
0.268330533476338	0.309579984762741
0.446092563688522	0.440030733512401
0.35877739614138	0.430872155748607
0.310332550928575	0.344258836164199
0.0695018219865802	0.062978748357098
0.324845467628827	0.400137293643776
0.761062469338598	1.02423428903405
1.34835476241271	2.58621068429943
0.92187224795325	1.48143400254985
1.19344705135855	2.47730794202598
1.0322346180475	0.749080851454986
0.780189331931955	0.657527385043355
0.426258820328873	0.45740602205576
-0.690508420613382	0.62690241243497
0.943641410584414	1.25431344173062
0.149611544871282	0.129526595653076
-0.0121818981512831	0.0114111319067143
0.387513452821315	0.594119522731399
0.302926927799257	0.513833015822502
-0.0683266660018775	0.0853766772745428
-0.357577634908583	0.583325603672218
0.846699744047261	2.18867932435327
0.129001286437204	0.154807855693142
0.217555346485503	0.330171713588112
0.0647667180931285	0.0838484667785165
0.012940935244146	0.0119121136651205
0.715214159797714	1.06924842995737
-0.447309014656568	0.524321641985912
0.39801560358204	0.362905017282458
1.25989051040403	1.51929282240781
0.680186436308979	0.789282099290014
-0.10096562186451	0.0933644661693551
1.09488831312917	1.3621656187778
0.781248655082993	0.778886468505372
0.551665997670285	0.731169011918683
-0.127251843717301	0.128996643180922
0.335113099826173	0.423406531280878
-0.0785627705630057	0.0617482776132847
0.0143561822179666	0.00855139236899415
0.461980941970453	0.373428144585589
0.203288318980669	0.17460350833658
-0.0591967171259002	0.0408036976204967
0.484994407165387	0.453464869449292
0.739257389881177	0.751749925901445
0.143458721281098	0.115037826962798
0.0765569418952091	0.0770713599020039
0.953962499132885	1.05867906274903
0.983839749983853	0.964759590959186
0.576732945521172	0.579536437199883
0.412539639174246	0.543003154155517
0.11567812600729	0.136189583838416
-0.78461830897309	1.37572817154264
-0.0758053604005033	0.0714725558340243
0.161817134451236	0.177257103642271
0.365084470952962	0.776040557681748
0.699417463408231	1.11193085357115
0.589049246115135	0.58848235901209
1.1864729558206	2.10697610616433
0.234537309435029	0.17549200104854
0.0140889198645879	0.0144755277366506
-0.118521548911099	0.151314636672954
0.297895177868943	0.255533425168203
0.0572774537710306	0.0601817197141109
0.210009372992988	0.330512477533535
0.307809850281924	0.589302592969668
0.0981947326318657	0.147248967562509
0.338700804050208	0.686667775719101
0.0990511013890032	0.131739872540215
0.0506146447554128	0.0682690844442768
0.291443595324358	0.548715222584525
0.108333867992558	0.12057109143578
0.0217322699200699	0.0263290247734448
0.690136033725886	0.931104376301494
0.257218489536912	0.301796021538161
0.329691054721184	0.360582961486543
-0.440879242093826	0.542592117426879
0.052328069388566	0.0359972037984619
0.347988555113221	0.256707718922653
-0.237125202662928	0.279375959331371
0.627727193287688	0.662916726648573
-0.39613286436123	0.347609127336482
0.216833515010481	0.207305169388814
-0.106514927477174	0.124197623007762
0.153241371455725	0.181137783245839
0.119039270974967	0.111815475597282
0.228481452640246	0.146296544173201
0.580225738348801	0.495563795848921
-0.527842395553264	0.572367519958823
0.582974135624713	0.489992777110709
0.539488206716193	0.48981887815955
-0.0172612717323846	0.0141390568063353
-0.105601195361846	0.1142737062412
-0.0887108357697032	0.0686056502674542
0.441081426531361	0.625891453602176
0.0167945662556194	0.017088301483562
0.316635357039427	0.470882839068009
0.324905776181201	0.505659430622888
0.409066548002846	0.836046391049021
0.10006762378157	0.171185226260258
0.229199926226721	0.455451994826726
0.263824437696599	0.501585514456049
-0.464592466208199	0.688630326294312
0.821476510231464	0.892664477100262
0.432806746868298	0.256312917573506
0.873549762377228	0.927402272382312
0.529196027602608	0.636269297185654
-0.530640595983011	0.628180973414759
-0.0867519551702332	0.0832797741457187
-1.16801532674721	1.82349458556648
0.0256923408996033	0.0324528942954982
0.0209779175805751	0.0270412862077913
0.693505142064107	1.05081771549411
0.254358449277118	0.35541685173508
0.308748956602907	0.527294873389636
0.114914776931616	0.159994764631282
0.140168645671227	0.208484397626915
0.213317434158732	0.396837144349647
0.0768608818971907	0.0969370595869487
0.532102744159159	1.29030155992486
-0.0697663030050295	0.10295512499294
0.317609555962641	0.461759384616862
0.525199326076879	0.857550220461023
0.686787468048808	1.12394420415036
0.423599480741368	0.58369060843132
0.60903773144255	0.481740580446234
0.432577707968183	0.360891694120631
-0.563376484618374	0.918968881456199
-0.249746985972392	0.217602516636664
-0.449439024317921	0.486805971667219
0.496835011478201	0.625068296116686
-0.365820777285474	0.536611629965103
-0.0588462538763449	0.0621921287079678
-0.0184379606173243	0.017292033168628
-0.252855030053207	0.173960295689056
0.230177829436098	0.170632594504979
0.670155230989821	0.917993961048125
1.13380607792164	1.81224286704291
0.572509340940117	0.936103025802424
0.729058330796987	1.00180500814324
0.124483487359384	0.0873142205037253
1.17413872939646	1.54118596859198
0.715364518166648	1.06776802405157
0.0268974278191883	0.0277040501706767
0.634151254800152	1.12191194058438
0.234333013754063	0.279605832859352
0.25653233937638	0.477478058553189
-0.0613395724288545	0.0892512121774388
-0.243413715855614	0.440528136611718
0.291080910348785	0.550152677387358
0.16198623320397	0.220807679761627
0.27122449651566	0.29061139270331
0.53028890046055	0.632475911933321
0.204463432881196	0.209705304834741
-0.197008400032643	0.227636912425069
0.486869143165024	0.697856786187589
0.129538612436151	0.145022046351197
0.356214168369	0.542344193710331
0.130782604527361	0.193485767996256
-0.0406100832374558	0.0431820500843846
0.139511264362527	0.178221266260223
0.50738541622893	0.891811982442811
0.395168719716846	0.677668284736805
0.36404522196773	0.583823414881708
-0.000202699208965862	0.000237554275149278
0.424693941045947	0.84589859804623
0.506428269994345	0.871929220675998
0.361855829195257	0.449757573376205
0.659626204797637	0.882251168505613
-0.077816394994094	0.0756077414605927
0.559314737280715	0.847250240697941
-0.300619529488996	0.362919015363592
0.332305042028291	0.446787799493033
0.454094323049248	0.676400436923085
-0.147309655876963	0.178637315461914
-0.32670906136733	0.552218988788339
0.412165389534567	0.631023023298086
0.465665468596023	0.507337499815792
0.647660011933718	0.985518327284275
0.210949953942761	0.23510795911521
0.164165142677852	0.170710035826504
0.445515687828406	0.507401379689423
0.330109034707049	0.434123318579597
0.539452557887978	0.874583662245634
0.451471955000025	0.604177955474343
-0.360295966780058	0.406293351877363
0.265226045418886	0.278893963065265
0.820742165821815	1.46257937963674
0.0445954577940885	0.0489630655402332
0.144574721928538	0.257676508826182
0.0661007938855544	0.0962130240436858
0.0570837962831043	0.0698926854837584
0.202465409575389	0.251310448649352
0.33417806693691	0.5505864663454
0.210816354492825	0.218449436271906
0.367581367028763	0.748891434471883
0.112016372307085	0.137439812746122
0.187873614338187	0.264728411826529
0.171769737218654	0.203299122185563
0.122825389719575	0.18231613063742
-0.0752137669253678	0.106277157339133
0.200151353621999	0.295891352648907
-0.176223751263326	0.217746415263793
-0.381977788634237	0.579822826557338
0.639669105033987	1.15397771359753
0.142224424880555	0.178101099106963
0.109185386331544	0.136843423346039
0.137587224168657	0.15935567169945
0.400535459807991	0.713240389573156
0.760822788574996	1.67797112446212
0.57921831333353	1.32812778557957
0.159824438672113	0.14622952962608
0.0624127927233079	0.0459587810912756
0.413012592224204	0.44911203499539
-0.0714933612554327	0.0478514213097948
0.154125271126526	0.208373117121656
0.302463562020122	0.633123409876339
0.352648232448511	0.705452495276628
0.149865884110237	0.124062587138544
0.278529828662559	0.486485836698799
0.145292247733074	0.206778395716068
0.124292764639943	0.177816472487042
0.166208561518851	0.28945560676446
0.194503807415477	0.282525906246886
0.158478993539373	0.195419951381134
0.32931881549583	0.439954085257017
0.036660684233478	0.0387632624023859
-0.0193656925574863	0.0200923411598861
0.433375673596108	0.849090790363283
0.237267488712371	0.323035055097252
0.138943435555781	0.1550790909655
0.0216395729792885	0.0263081743906958
0.445760237232961	0.724613371759624
0.413958611264939	0.678851815629039
0.203632414643904	0.174702318582956
0.137826993848364	0.113289795189227
-0.114525282080771	0.0730383006829024
0.225113082535129	0.178745146800175
0.598590735751753	0.58969687120598
0.244771862675106	0.157526419983685
0.202075969842396	0.178829360625325
1.18142393467262	1.82366785761008
0.279723767533646	0.25185646666788
0.0933177956911944	0.102810478268256
0.0528990230404742	0.0705546714313859
0.175947306415489	0.280222787047395
0.109578168227339	0.169407458676891
0.252506761435842	0.31704661149581
0.202493059067915	0.230588842503377
0.160400095838464	0.149833025568691
0.858271893575405	0.896783734900328
0.787010334841429	0.949750310714698
0.47828452319501	0.757324469364732
0.263579163328771	0.283390217301482
0.14707819837267	0.121726143166091
0.293622720664754	0.254817092419932
0.625902340375043	1.13050777318054
0.407219565255779	0.44013116583364
-0.163132608605381	0.142520627914099
0.324002216412745	0.36196302854173
-0.0417920021880815	0.047204700479566
0.220622746234636	0.286738290802733
0.254079070248007	0.303616297424191
0.592498247098616	0.580099132418337
0.0579681586566808	0.0440924386164097
0.914999005577995	1.46161167946002
1.06259009824178	1.5910309476135
-0.00254089380818415	0.00190910310012462
0.0561703198135891	0.0402994080087129
0.0504712813217951	0.0524375571031045
0.0584587164598736	0.0600457765358244
0.123600317088609	0.132433682185111
-0.353814546525246	0.470072857022782
0.081487807280021	0.0885321846515624
0.210764034692998	0.273462491591857
0.257068085653628	0.318944500022294
0.209690204645423	0.193775096640353
0.201762591420642	0.234692584898113
0.117453708072317	0.182825471822242
0.339413572141341	0.702972373129899
-0.167746008527317	0.269277098312112
0.207936382863705	0.374220107541482
0.436669129181211	1.02117911510298
0.0799141782227055	0.120620297819909
0.181805657167512	0.272310021370982
0.203688021367144	0.249403410762831
0.260404833266593	0.283825865798132
-0.0777468539221587	0.0742095164695652
0.373157912774037	0.25023092716827
-0.18552369800932	0.131122361698677
0.581156856213619	0.803836284335117
0.301173411311692	0.362443436710812
0.215490742728332	0.215309894256949
-0.262486537221668	0.180383347333544
0.68388021389481	0.634206575233494
-0.460928305756623	0.682094707827424
-0.402816211144986	0.390222390891141
-0.189854168162708	0.171126975259537
-0.0314873220512084	0.0291674310490845
0.0476113664606287	0.0481110869057448
0.800688061449211	1.44778198026702
0.546890301743394	0.861188555926178
-0.861114381672975	0.636571040153308
0.783986547356216	0.777713480166092
0.00380839606415344	0.00303129214866139
0.448665172335084	0.363484747900877
0.21834246889297	0.182317621401249
0.241861228901539	0.357774516437902
0.20537118038299	0.294531073066103
0.416330273836873	0.677826568945592
0.550491795579477	0.982610703253777
0.0386937689173261	0.0446547438196203
0.286844044733807	0.403009025304712
1.10590798147261	1.39641073186104
0.509757664316765	0.714277067514824
0.0229430188389871	0.0311248169643928
0.131303119663887	0.235991725945047
0.24769788108949	0.556379201727337
0.192250650642314	0.39035504594739
0.808346930456452	1.05401589669389
0.440264028288091	0.26294289328824
1.80858021084372	1.80155906571185
-0.260589122484086	0.178007113756099
0.412307023835866	0.445201913302702
0.213821342448664	0.193357273008359
0.590129228933372	0.6684192096237
0.7166705661461	0.520413143258604
1.03627828280902	0.74602658165188
0.00287945280460347	0.00235066337808122
-0.302011861286293	0.255220710437289
-1.11085512219538	0.876623013273336
0.299410835536938	0.275426166007271
0.85791053880481	1.47520715117319
-0.245026439892277	0.252843047831708
-1.01018295827148	1.54103297582112
-1.31868799822895	1.21909298564098
0.46320849960009	0.376878721259832
0.145524873095644	0.113273004344165
0.825046627433392	0.794078573627088
-0.0530683417754613	0.0368695382968668
-0.0165880718180123	0.0117904893582219
0.733911560296261	0.978617323541501
0.226010754590258	0.179578295239632
0.435100721225986	0.260374433621231
-0.0912348490345309	0.116545050471615
0.0958865457070776	0.136880132624288
-0.165776056409495	0.257919042122945
0.820327796175876	2.22171315076784
0.235469927177708	0.384778566959732
0.141863690489844	0.20344811571696
0.223446512463382	0.15817588624521
0.640721966410444	0.599134243588344
0.49285454816495	0.355369254626522
0.591013089589983	0.810853737982444
0.00336605278550892	0.00441070763066713
0.0166349377486971	0.0238906682681389
0.430713919541632	0.254954877411655
-0.332418943082877	0.278412271007649
-0.663558473059664	0.531786628236598
-0.566301782447501	0.528723138801166
0.830108767814565	0.420053798233307
-0.673244907320563	0.324447987020031
0.220588138771027	0.179009594193895
-0.401761382530043	0.241878983014879
0.834857384382254	0.431059711955728
0.23565660848064	0.142849409802512
0.235206580027159	0.202218532566743
0.0291291289187935	0.0231504626363054
0.569321700360421	0.564461958993651
0.0867149823423205	0.0322895239168767
0.726624297308826	0.417111257024914
-0.331857455175636	0.276421065448143
0.239591272641415	0.14329492367783
0.124391283007343	0.0817716861590123
0.532221510071112	0.37534824366749
0.106738438453083	0.067294715528423
0.891860938633667	0.998956151794492
0.229267935528921	0.162264543340073
1.56136761487622	1.06671046622272
0.489635996765364	0.467189707339229
0.184081008363784	0.269153259225682
-0.388158900182979	0.730287154227213
0.29968127514793	0.564175424562363
0.267662545039503	0.437988262271944
0.0595540083078189	0.0721273042638037
0.150746674737735	0.199426709849695
-0.0259456970544	0.0304346097552742
0.0135799335060498	0.015009229358632
0.487958432915696	0.857855906755203
0.243749323688327	0.378411647091892
0.179104297403549	0.242848888814861
0.144316737473823	0.118774034646526
0.837023694847502	1.73763280615442
0.494587340077732	0.668434180193226
0.413318683378728	0.353117648050978
0.877509741416048	0.757553667401519
0.137783805346072	0.247928569672523
0.419804970808003	0.364948548284661
0.433000676296655	0.260251351640344
0.0821342903165267	0.0709828622041129
-0.0495437797911546	0.0396680773836301
0.130423407928549	0.0963970368160683
0.841681739431177	0.689324385000296
-0.147812014846719	0.0928607670054227
-0.0351555714295074	0.0324146052903678
0.0100474614622939	0.00603377008491214
-0.614473631514415	0.388420347124949
0.417779985053961	0.36180946881197
-0.27545278820957	0.316516639636741
0.742850115831583	1.23935304442467
0.155280425629472	0.123231814708426
0.240543074975582	0.153177820629996
0.303647963924966	0.264086840479858
0.63794117675061	0.689854767198743
0.233717132445481	0.156658470419636
0.584480897110052	0.50157686508648
0.580441741686328	0.491494917240976
0.0432640429265555	0.0285233333064494
-0.146701910944035	0.135823680968411
0.227241420657432	0.162988069929961
1.69437208746633	1.57846745525582
0.234181714818896	0.179646927519596
0.972291043139595	1.59420804830308
0.0945111068066379	0.123992913828149
-0.505182748572759	1.04665338977984
-0.0471257573936652	0.0613070394180485
-0.258726494640736	0.423109355797874
-0.0384060017227158	0.049065899283323
-0.0436340202189185	0.054847561348427
0.201769067280341	0.312895739511074
0.135174660119029	0.181709027692693
-0.36807760946599	0.652070165627267
0.098806868290796	0.12547429681387
-0.167618263966379	0.242455873220178
0.407670846133363	0.805716692724821
0.309299209117067	0.352517990821562
0.142947591743447	0.17667869321638
0.239175977580325	0.309205739419882
0.315797327781484	0.459348373454829
0.0350805442566414	0.0354114277712836
0.343958635196689	0.520093250674709
0.251843136820868	0.567407521151635
0.143467701848303	0.257256601323124
0.0535936381101434	0.0818178753116121
-0.0676220493417381	0.034622160558236
0.219582568314905	0.173033916331953
0.147781805956739	0.142423977498526
0.513666609803078	0.475754104849932
1.03000846353607	1.23346482017486
1.46954829124064	1.17086184538544
0.226745352968954	0.143764128009676
-0.243243055217122	0.2120311848106
0.539989182874189	0.386830536301428
0.117046398478696	0.0776902521215137
0.127036091137602	0.0951761125826172
0.867873146556254	1.4401661494357
0.987415611401654	1.74433042774069
1.36512146619305	2.59684150968075
0.350906198392079	0.245714136965986
1.01267312488548	1.11972679919601
-0.0066911765884064	0.00482266450428566
0.24736973705615	0.155632698744779
0.428058514223412	0.353597626473272
1.25514286427533	1.32609775488039
0.4552348210012	0.369953722515951
-0.488113425401891	0.648694694455802
0.322795360184183	0.257845635410204
0.429878439541516	0.254625748161705
-0.0734387932510969	0.0381885207342256
-0.142906756955416	0.116259021990486
-0.34414536917234	0.434803603601693
0.454463080351066	0.72018702807755
0.209006409480532	0.240287034613662
0.227934995142361	0.334649384537339
0.193656200749397	0.282465608856683
0.288772075689822	0.504211199329187
-0.15974051713859	0.25858546393928
-0.162230855511414	0.242428899489184
-0.290320393006767	0.485586183565418
0.366836139946789	0.628867002818288
0.160113362438166	0.23406442303269
-0.034874018438763	0.0440499846305793
0.346376102163899	0.552820432068098
0.0257095925101108	0.0314490916536092
0.192390941093898	0.299058057868342
0.0149095077921489	0.0174443309348236
0.496214652618584	1.00225289841117
0.379432410873448	0.693320679314668
0.203168326293664	0.22169744475656
-0.351526859108384	0.462726110653677
0.384282112705533	0.661271555420121
0.461545613550443	0.760556070328447
0.393697260148509	0.694644456536601
0.135544311198244	0.250396197714691
0.922861989314618	0.939710240381882
0.355836895596159	0.254044237784098
0.846116983106388	1.0673702230271
0.0868076265014145	0.0769280996501872
0.493192096099392	0.465718321345179
-0.552099623156279	0.290817919061708
-0.124605230081968	0.0555867998730276
-0.608260052014855	0.865073307471462
0.242823527552371	0.148139374580764
-0.351827813497139	0.261511148637703
-0.192922410229012	0.174267116192466
0.254615610242884	0.301615363476465
-0.0804371456966674	0.0774987695184112
0.151135697550957	0.146555815624622
0.721962134269604	0.405081831086637
-1.30236849317213	0.968310705969325
-0.646184021006256	0.678695473248293
0.0901410938561793	0.0455528808577182
-1.23338149350175	1.49563163815395
1.70298335457317	1.62526070104763
0.229678559617978	0.155941636664753
0.905657892706921	1.47795002842098
-0.90913147875489	1.04308410861663
1.03542301294664	0.748841846778732
-0.50555226799512	0.395991740455662
0.204487566714302	0.171400714826494
0.153909421881218	0.162570988581234
0.34051623920696	0.501921177082823
0.304144409183836	0.350873980700225
0.375736162881095	0.550672526493107
-0.0394066074497834	0.0452514088088128
0.336393923058594	0.56409967622489
0.106268319932283	0.14346370233134
-0.0375055120511954	0.0459658901315058
-0.092025493897999	0.112083807718573
-0.238232605419311	0.396121079690102
-0.0463892438069214	0.0567785873351404
0.576027122560499	1.23529103628792
0.0748289309574677	0.0862861127297564
0.0731975922862328	0.090680413996097
0.24620661588586	0.377242972329022
0.125776111483807	0.17217190341134
0.0918485742021297	0.118233233126509
0.212010074387968	0.291327955248506
0.221529893970743	0.331564045784268
0.423524396524551	0.676969963642556
0.443467758838423	0.746898945809403
0.927130337839482	0.955197129084212
-0.94705422303933	0.941739119867393
0.507127124419814	0.778278592131324
0.452263096212583	0.61193317311779
0.635889826929945	0.978572496973053
1.23684221041726	1.7079752865353
0.561592563815325	0.486736376003372
-0.381641065687705	0.539671041841714
0.364680521273841	0.35746730473692
0.879311454024446	1.10221667666465
-0.564555170542443	0.712552907667222
0.778316834974215	1.7046222039861
0.0715089073024882	0.0732602992179276
-0.165967722541343	0.150372437894841
-0.26350966234655	0.143250919456934
0.868665731570597	0.892655357298744
0.447761478894153	0.459643260119
-0.0375065144702539	0.0262715695765532
-0.916254490248977	0.987545996114556
0.117822630931106	0.0742396424985666
-0.431140642550774	0.446951984169531
0.105725349969557	0.0996279034813052
0.300326669470392	0.270067270273478
1.55176721593422	1.01393338866781
0.212030845373841	0.175295792095362
0.134534671353724	0.0994877487505774
0.289090562353833	0.371179527326651
0.265378388725379	0.416574425061969
0.108547074343539	0.125773678737489
0.256927706825617	0.406045899222269
0.145345578503878	0.211418679815318
0.5198240912706	1.21438245862117
0.406988718644175	0.810788405412631
0.299064013096277	0.485932026388288
0.0643745120695403	0.0887217931653332
-0.0569723618638584	0.0794710088819675
-0.307042213241869	0.490671006489854
0.0310804096797262	0.0386415667344798
-0.558288651308302	1.17629779780473
0.271052396435725	0.449152533888461
0.0552556507572708	0.0663755504141072
-0.0332873521320173	0.0404690236188573
0.157019777623076	0.211180294418755
-0.128475024266223	0.184893767095154
0.408875830939024	0.880858556247125
0.646758533383808	1.54765513815474
0.331594131161556	0.264226733994555
0.696080445100467	0.9908543656153
0.660500978883409	1.15501349428266
0.475569567145548	0.619914176964448
0.00640820461462858	0.00412946948111771
0.21791193999345	0.183101412499706
0.574941108543059	0.810920417513559
0.155707637370825	0.141302095077293
0.977085905539386	1.18188917025073
0.954391718744367	1.60418244306396
0.29143013336996	0.462279208610493
0.540986297129827	0.863097497119604
-0.187702522896131	0.195323956415358
0.493826416211463	0.362909902863043
0.481371018842481	0.553598267183998
-0.73552605448595	0.912450637569445
0.434210334945143	0.421621272612552
0.50844741063317	0.549732068297019
-0.286729263478495	0.221725510729851
-0.674556359602132	0.819594162543365
0.452413914270972	0.673566837511399
0.0775734223246949	0.0641228866753193
-0.719027806218452	0.800415601440021
-0.470104749251451	0.44839936213803
-0.553380324372835	0.592826385205263
-0.182299500043773	0.21404040171119
0.127337850327134	0.185102860532573
-0.292570911882956	0.411959257719227
-0.573120028732137	1.24258916144394
0.0932093894258107	0.134701106044579
0.291605957730462	0.559888798378314
0.274367104271357	0.446532945243905
0.20091610862444	0.299184897914198
0.118325956051977	0.175698675423123
0.264256311089404	0.459809657704794
-0.13078831738634	0.188781564985326
0.20099292634929	0.292595378325798
0.108224117973425	0.149044606776806
0.213670594506252	0.310492998566596
0.172552559260682	0.223227366860971
0.450159832579148	0.937266216156238
0.0312016898217438	0.0359909383970431
0.264420716491973	0.476890451073138
0.207582887068139	0.321925527850001
0.947065851941782	1.8539174995015
0.217949020188356	0.197244150835096
0.683045600928366	0.609739347131152
-0.044383242567638	0.0309795403518353
0.364377103291459	0.539856705067508
0.35547782208812	0.436983642969325
0.261501930335615	0.286038043735181
-1.08104873289146	1.18777211222561
-0.508001522615887	0.400110699239261
0.198277378508267	0.258597842447952
0.287988082650927	0.266032157884871
0.0692495439669309	0.0508998067522987
0.17069896489257	0.183966777032008
0.459263035749193	0.818629968866265
-0.366369052973779	0.58150472030725
0.107068638601481	0.104803989937821
0.746903388960053	0.759726228768528
0.933799899811048	1.15752423897407
-0.233264279409085	0.219299784524212
0.376068126594396	0.34378816155822
0.924319895382088	1.14317843373578
0.0828275081692129	0.0413788827505647
0.416287530825236	0.439317729680986
0.250298557860753	0.308903649794066
-0.392944909798895	0.380124353292168
0.267689595674679	0.148446253854355
-0.0320804007518115	0.022843074261822
-0.312697960794315	0.3133182705642
0.414366936710242	0.651273675031006
-0.278926608528743	0.527814075152031
0.337074025568483	0.539159566165295
0.311976271035394	0.578172236612335
0.280125368828386	0.376498170178831
-0.00471001023273173	0.00482942305485368
0.278774645017745	0.434357370814573
0.373712051971937	0.711179211317235
0.423334215225561	0.638073398024235
0.546343964112209	1.08441880273756
0.381546386991858	0.664863467465561
0.391794547045369	0.672707136991502
-0.107730851621619	0.131949993704664
0.139232832396625	0.16114764259913
-0.0993696804219922	0.120211803570463
0.294224089241148	0.34662136459205
0.0338511681697716	0.0231726253382908
0.42633358117835	0.354725996521392
0.428204018234671	0.677920422415062
0.255566689560798	0.340534893652821
0.245769599032133	0.306168302865301
0.469425839795968	0.544297049312097
0.989327510918325	0.977816755645121
0.221692814987473	0.220852299951308
0.679343343916607	1.16950672783132
0.263737278586274	0.451528095726845
0.255856989004235	0.37581763349234
0.20471704420088	0.243484291109765
0.235058824735489	0.184329735230934
0.400477853512803	0.368070179789533
-0.0000193977961850525	0.000059224949017445
-0.484606240491493	0.422086611745653
-0.169762834848757	0.138411429754375
1.04244967470421	1.30957290279935
0.319157280698114	0.353409271801564
-0.120050530633122	0.146378318474189
1.21562698581936	2.1102975411465
0.948120826856418	1.04003509098326
-0.0894831620135983	0.0693151075250647
0.617219830330269	0.841874424884978
-0.193872277829996	0.310047504456834
0.0321706079355428	0.0421871493889636
0.159540729586981	0.212716170223735
0.245959316952577	0.374132724137691
-0.27077983497285	0.402860782848047
0.554241994419756	0.933773493239341
-0.224705693254362	0.31311469643197
0.0894266758042266	0.0959656937384191
0.128761827543855	0.158575375881564
0.107421924111128	0.127158892564875
-0.136097123627887	0.147934379153816
0.924720328704006	1.99634966860474
-0.0704553453774845	0.0739939108639124
0.736038802956401	1.493441415512
0.0814505178000565	0.0675933285598035
0.66654307216064	0.707019783091459
0.326921075033593	0.355309165711676
0.353367192060106	0.437257537462827
0.302093016071501	0.258725891488201
0.505683598266969	0.537979913705352
0.461466743152366	0.54104201766424
0.879876526989975	1.66035648648037
0.717607912947066	1.75899811048894
-0.0301814798872318	0.0336491586911775
0.916274248776158	1.81995101855184
0.415465771035719	0.352349324779133
0.578950327997732	0.481346173951787
-0.954812157003139	1.64148380454613
0.51330170198849	0.563848546632156
0.0806609300016952	0.0642183882160778
0.548781339066731	0.483205479646311
-0.115348201280464	0.118189418332915
0.185907371026841	0.251772571249387
0.0101851078670041	0.00868806793443456
-0.709610410521649	0.733381275233656
0.778553422280986	0.921766233344091
0.0543540890538608	0.0500471853984867
0.313490473557284	0.464246906361746
-0.0800862723702758	0.120788278760397
0.286784431062722	0.500787490532115
0.0840496993968057	0.0977815354419277
-0.0943531326076235	0.0907870789189491
0.439132477727831	0.614690375330441
-0.398898300926196	0.572323379981005
0.0766408300533904	0.0748795808472808
0.0513652071508207	0.045733964400584
-0.0267649097606809	0.0191351730181307
-0.014469249776773	0.0132839780444232
-0.0732057052878278	0.0667828618768322
0.263139602980267	0.280582585283405
0.5251922189921	1.20219681663245
0.4614499873392	0.746230070099861
0.806920882222379	1.3846517587029
0.80945786700068	1.34502381466268
0.603978029285	1.49984657065226
0.240714829225029	0.352524362542164
0.896065492826833	1.41688335002489
0.410989442324107	0.561775473574181
0.545327827642536	0.798171545333786
0.525017366845445	0.903791525078754
0.266645214764464	0.478905350594146
0.221958734542932	0.369137832064296
0.570421824280111	1.11213454573547
-0.283009393779758	0.279625247152698
1.49566394979183	3.06472659276347
0.161832833931188	0.198324613062943
0.263265206382021	0.289594759366448
-0.22833738283062	0.284716019375903
0.216771814132301	0.24119548633163
0.618727336164962	1.26622599873551
0.194584240559586	0.274393751606203
0.0897030433833412	0.106603436586502
0.857345684646185	1.15194763905307
0.501982614469186	0.749991396374464
0.14090715375123	0.187504943066466
0.112458940737206	0.185599652270774
0.126946791972725	0.246352056265452
0.300971762614957	0.664375515437835
0.180975538837992	0.373134854755174
0.710528330505456	1.436850836916
0.175641742591771	0.179648248829652
-0.417635814651838	0.506777664343008
0.2820647922989	0.360109152059297
-0.03938400550485	0.0398078973277518
0.179792923206509	0.203804482047895
0.346650021866713	0.419436474134791
-0.60417405367257	0.860093285259551
0.30596775025925	0.361621290810392
0.160274872288169	0.171292587622171
0.454885070060808	1.04388541699544
0.392635311282195	0.761226124339716
0.618043934195201	1.77893500717579
0.0819374950116081	0.123473845029188
0.0997917560963715	0.13211444985288
0.337439863554104	0.544853143546294
0.316531442851018	0.494925081756217
0.151580256803253	0.216772618634918
0.131144216510199	0.195908159590146
-0.0703697062672775	0.100020294924857
-0.0531280723735207	0.0635955602543459
-0.1264800468337	0.185806940722471
0.321457187664469	0.604600006837169
0.0345270938177017	0.0490349527240824
0.139858784084155	0.194770533721744
0.120132048059574	0.184746065995385
0.247620975373205	0.475649282653165
0.166883181112896	0.313037169220245
0.265743881163365	0.599439043026601
0.217603957439281	0.455823451511111
0.0736883233229017	0.096761548677225
0.219725611168494	0.442235734588606
0.554728864270916	0.700752446157239
0.235119805134682	0.151468394412459
0.227206884185911	0.151232439374546
0.473921024041262	0.363358248351904
1.1539393621105	1.02063655868183
-1.33009427601646	1.23006889836979
1.26259678515665	1.40196120874632
-0.215833762855145	0.121701711209416
-2.41565520438198	2.18408504563286
0.216013648584452	0.185141514414664
0.63020473638286	0.509224064685033
-0.215653271419737	0.123486332551494
0.440612561189515	0.446948602275152
0.411740104526458	0.768868709671148
0.429204009655699	1.18100472604333
0.355748392149673	0.891715506571875
0.19518767664856	0.322567712997751
-0.207593469798805	0.240820879302669
-0.0307112878622854	0.0357770788890883
0.170145782296177	0.236343998577521
-0.280989289858626	0.552165374413888
0.144871997383043	0.25092113776529
0.192125873136751	0.343430314660639
0.068632941894563	0.10679760986249
0.285997425628063	0.631007841577477
0.00427221112999337	0.00673503240638251
0.629941478413908	1.7321454491587
0.188985706010881	0.355212052747564
0.110200791175505	0.21009642737441
0.500454433837283	0.362958009111163
1.03964512490952	0.74052002884821
0.79182135652477	0.553244384255874
0.0858751299305241	0.0399942272546421
-0.469163975226496	0.269299808188036
1.18616845337562	0.776484188311319
-0.311191472797984	0.159513177265249
0.33047780304915	0.144946383042607
0.783954347666884	0.538434212567469
-0.0504156152819773	0.0273862002913548
-0.761898186409745	0.609094172974554
0.791436840005349	0.527739841889395
0.475559882164104	0.371536043113523
0.119051441331271	0.0769909002278663
0.232399247696416	0.136154305972195
0.721291391622638	0.641234480203718
1.74545566983436	2.78377420711843
0.0794127878727905	0.100538858868847
0.220783644702214	0.327766532943165
0.176253636086404	0.241530408149138
0.464193368292839	1.07151384902047
0.391732678174385	0.684939863305773
0.24240705399823	0.326278396537014
0.140937438571042	0.170413245171661
0.100682859971778	0.138156138141582
0.314032690548652	0.521618068706654
0.16825827366358	0.219886930990316
0.327336380064402	0.503680565365608
0.00958968889709747	0.0113253309762468
0.209398487004814	0.320732603330046
0.261084199437438	0.453785148128405
0.225977137114377	0.151614690750456
0.236678395275278	0.153690213245623
1.79931008582168	2.20473248199518
0.67111225288793	0.714604848667508
0.535579429051997	0.379589923344486
0.782848932446999	0.673189168644886
1.08653623102533	1.14865223859418
0.12064895068686	0.080979488772048
0.480182210722178	0.263438135267005
0.107839621895027	0.0653173472926679
0.925637705522947	0.939697667546311
1.03595089928471	0.728409307245312
0.0976112322688189	0.0555084133015599
-0.54526750204138	0.469513907463348
0.377978767595294	0.255898181679568
0.421400976252994	0.450583456103203
0.135929093380255	0.0987829549958991
0.0531859190531009	0.0479901630938882
0.18984934077076	0.204742953640785
0.335285071527147	0.759818248110763
0.200420432772233	0.328993964297645
0.210604455227627	0.286747960078623
0.754280551632247	2.0731791809321
0.524933445699584	0.474659399127955
1.32300573456872	1.56326916929137
0.954695096416606	0.800411939216049
0.654738255920688	0.506997837206859
0.449399436634163	0.463781189417314
0.102975934151315	0.0622989385048382
-0.780856302734253	0.676193931769345
-0.504276788123309	0.397140494717893
0.0931711209161782	0.0533068319788338
1.05604752330206	0.997841153874472
0.505603209054475	0.373539347475806
0.844812935609241	0.962123055787128
1.04217232442159	0.868401343491109
-0.615255454752523	0.387655758978213
-0.457953097937651	0.368800125071565
0.0845043902489682	0.0423698318812579
0.459200801564843	0.375222306526183
0.851460649699144	0.990554872391201
0.476801622657437	0.828181522914452
0.154301084365062	0.15309307067974
0.564846944411484	0.472118157525415
-0.0513097089453933	0.041098099655959
-0.519663878231483	0.621234237318533
0.13380236980791	0.103656289528374
0.879090351990061	1.10556637164225
0.374616883396194	0.848442210460267
0.277609740307183	0.573422948278059
0.212313406123361	0.27489773053356
0.247471985055478	0.425117602475628
0.179704506209443	0.273511105618015
0.160680660989916	0.201542786689856
0.0923583572931154	0.120715898224026
0.770080040079515	1.33964185595153
0.0667309962470714	0.0503732165635898
1.03368152182383	0.719365770473902
0.163717968155888	0.261995171356492
-1.11019025713647	1.52583601588116
-0.438345724336592	0.38760246943229
0.223497033210223	0.159554333566525
0.840795707937128	0.683779045522062
-0.0812007631483899	0.0542579059295796
-0.263431845322942	0.14455214616515
-0.622068272887877	0.396869971796601
0.440491126861534	0.263325578536569
0.788719102099255	0.552405999658818
-0.185778718577654	0.111683735515087
0.768308403186216	0.638742424370591
0.211735828060051	0.155746151409086
0.328617974300782	0.250037550188983
0.394805505343465	0.601584731783004
-0.147105403155184	0.134309356907814
1.16420588034811	1.36665593744518
0.413578146336896	0.440201339258312
0.406257561613734	0.528161635411217
0.700910248097508	0.718397356351375
0.332831409752981	0.251197121582309
0.0750662627583789	0.111117460616644
0.198055299646291	0.332583063498328
0.396766950993772	0.94242743933699
0.388062062337879	0.863173686257209
0.209867885848444	0.204655978825757
0.326331624597932	0.26279157131725
0.598242038028789	0.825029594070001
0.294816650979335	0.521150020290565
0.311731928487914	0.63748019534599
0.214353212945229	0.465113501481493
0.154249028289203	0.155904639448522
0.587397538753887	0.647694349193176
0.125075490798672	0.0901474125434723
-0.157775991464294	0.0980472278833626
1.10517224962674	1.38157865781323
-0.15501705288771	0.0963438875451397
0.127538734480106	0.0937830784979351
0.309861288799821	0.267614312468172
0.725268861956888	0.648989499950362
0.454844824574712	0.367229670253068
0.68697512327205	0.801626362487646
0.453932279929056	0.532433243233223
0.0389530731579899	0.0482333014887147
0.480707942963906	0.758895372511918
0.268085465866432	0.418990252500464
0.210234937155659	0.31865616034971
0.90212198575105	2.30055278622924
0.253343297683709	0.285874159346904
0.675790720371475	1.1062420817204
0.33970672988187	0.644650206354739
0.327540304001154	0.491017308929152
0.299118262200717	0.351233435715307
0.700126579542515	1.21469386143818
0.598052410711707	1.11569849105982
-0.0950369630556402	0.129797302041039
0.123351035239422	0.169076904211302
0.467106404796058	0.780182831318894
0.0400507599757529	0.0472814030791715
0.218556314661712	0.263788800102665
0.208520194206681	0.2244449567738
1.10533203774269	2.1387567436245
0.647338682238973	1.01091001491578
0.485239639910354	0.61292896747879
1.11270692143365	1.65408301832073
0.102867556769173	0.103191434922813
0.380634143508531	0.461923081362945
0.00500330638570114	0.00446130702087164
0.336934263001982	0.534182992691465
0.471715497241866	0.906348743893764
0.00737370900491569	0.00647769516665235
0.0623188198785596	0.0663876174168682
0.302265719760959	0.554529865151992
0.463867695961353	0.614144415559189
0.809819143603976	1.43014937793912
0.413671907535474	0.73394571238125
0.202187986158313	0.289709748600375
0.41436325074713	0.521326045705064
0.431899636430795	0.516550655585876
0.12341647331518	0.130617864762872
0.706813085256388	1.18808520941519
0.162488519076282	0.187677702339201
0.386314260494546	0.749728951129984
0.859003956221623	1.15005010690055
0.201273874904014	0.253060278636809
0.21605632358256	0.189777369793138
0.50152971780982	0.540183720156664
0.0861764939389501	0.0735020265461289
0.736973733110307	1.74220474771928
1.14156086988097	2.44285997119818
0.434397799625586	0.934238269736084
0.188582259872588	0.257463870181679
0.545670924807188	0.630773334348111
0.640930315252211	0.699723489293994
0.410872082067324	0.448942346840439
0.481648476766308	0.474568463705917
0.206962372672011	0.175991817286347
0.223552171203717	0.2185751904879
-0.0685721155331537	0.070047047278678
0.277380539837868	0.449324251723635
0.260279146787866	0.350513109455591
0.300517241140624	0.346815366043687
0.223298877214813	0.250673789269263
0.465999270380422	1.07677378194638
0.860548847615608	1.8453642290393
0.508395493653152	0.872544751781723
0.0663256917652217	0.0613882151631658
0.422976017201092	0.535458537179087
0.350518190983699	0.605610863963371
-0.00660267659707722	0.00721250111532877
-0.721850957221414	1.24298723949064
0.17627518597273	0.256877329144464
0.410110728535986	0.607466572187453
0.81564462376498	1.87067569036397
0.154194398033622	0.236067109072132
0.494900612367911	0.771883026185469
0.472731296788646	0.696961569999046
0.0327095196990316	0.0273219584664688
-0.062542654100635	0.0563397560721935
0.172639524809875	0.178392602289738
0.1611651041127	0.159391391972049
0.339080506244265	0.514521409865168
0.426595200219962	0.540370689481434
0.498429426745917	0.888925739410237
0.552330066125332	0.866054305938815
0.455527985683495	0.501322684164559
0.0899875026441966	0.0810295497367688
0.369942502786866	0.363946929563874
0.0696376870453335	0.054611350899119
-0.171816304928329	0.163763923946073
0.554194107047341	0.799344311626767
0.420677849305334	0.601130048344743
0.138411751849737	0.147397030873681
0.256853134050433	0.352551671577957
0.317015428556032	0.527982336128701
0.179713882481778	0.189952987683853
0.593449791746777	0.969377189847762
0.916386920363638	0.688057345573752
0.240825149019731	0.143951831016226
0.791416307125079	0.555708013262133
0.101381954708727	0.0582924232491376
-0.286615383860137	0.219588200107272
0.746552229530997	0.830804294410257
0.4625959672691	0.377484496566282
0.579963314112258	0.702492979460562
0.138593815636328	0.185352356941362
0.0756603702781882	0.0759544823564957
0.630022218265241	0.286693623177564
0.763637018242432	0.316105649033323
-0.07088287767195	0.0363224387533119
0.271278415038489	0.142081998849211
0.984956226983509	0.362117395157622
0.30310880345479	0.146268503493277
0.0858161517404194	0.0359269013532239
0.0974265469600276	0.0393500851322341
0.346601431876758	0.428791809164764
0.260287801295639	0.31152438553002
0.21821848616874	0.181853765679179
1.26294894483668	1.37452036381881
0.831360690431142	0.777561880985648
0.281544617413551	0.351585018238472
0.145662573900141	0.130508487881667
0.629792407514826	0.500057715267854
0.477795425132656	0.921271129633965
0.211285740265878	0.189742309540275
