x	y
-0.202928247379944	0.356104315695684
-0.225161024387096	0.323168251531491
-0.405505543732335	0.72825336836395
-0.168609751731087	0.259516086813853
0.0509033081096588	0.0611705814282468
-0.182754553883701	0.242827207448246
-0.266892575505378	0.418493725245387
-0.14367634270285	0.203806136307612
-0.216459510188079	0.30432040816202
-0.157978530873545	0.213261470003101
0.00908875203924062	0.0109628775835629
0.0153610724554857	0.0195384777973904
-0.0639963773043982	0.0865696918545571
0.275562756444836	0.448938617270352
-0.11758201422544	0.153647068003677
-0.102921149630956	0.130498887216101
-0.375299796845363	0.36384975096402
-0.298407558705103	0.195763287725783
-0.500020476096866	0.60986129580962
-0.372955556484328	0.724352586950549
-0.0528815551633503	0.0649394564987841
0.101330941103991	0.135800798585107
-0.379901554510736	0.636452966779525
0.1975558274738	0.275057202005897
0.581191437098586	1.44174857460607
0.238511530967059	0.356028365472661
-0.650835082510594	1.46120349941741
-0.628165840067479	0.747302819907656
-0.327238711537761	0.271341665137525
-0.133949000142393	0.194091664790984
-0.182107541095606	0.255082092953495
-0.0511694737648049	0.0638118229254406
0.0654582651223854	0.0868845405351144
0.271821389974522	0.406795072264369
-0.228198428697808	0.350502919218127
-1.12420183214228	2.67297301336932
-0.723637119446964	0.83830219397034
-0.170635513427162	0.234078997755241
0.119458971955973	0.160737036159391
-0.0125547506805551	0.0138221368696415
-0.220567261041263	0.323560389795742
-0.122957842266949	0.170232520151468
-0.288950488897401	0.443938271145307
0.038168195898945	0.0454719200520479
-0.306089134945089	0.450442852176866
-0.71146272779138	0.732628808669077
-0.395009287583985	0.68181940497557
0.513983458865814	0.998676225247525
-0.0223005197376408	0.0237051402462348
-0.281071515498856	0.413294138888947
-0.0100283153206806	0.0126228397931988
-0.495324749270685	0.851948771687103
-0.469994179203122	0.947485331250791
-0.70884444164212	1.40756460290588
-0.55732137396718	0.675778844941562
-0.254880654106171	0.407052902567206
0.325525627602824	0.539405832708138
-0.0658147732035434	0.0803700308270255
-0.040537066774667	0.0438765519241454
-0.235352155142649	0.384311950672558
0.0129648967991601	0.0151422870415349
0.18992292644963	0.289795590053916
0.163157895063574	0.220929026496003
-0.175249722965997	0.143401449374978
-0.299599887418653	0.298911428493759
-0.361025299726476	0.646028771002837
-0.0196617153030239	0.0214499080306775
0.677467015062694	1.52952445233029
0.054079809856348	0.0665530880534947
-0.0873157116878823	0.107004783515654
0.11536672550188	0.14030881275891
-0.203333567614121	0.265276999702087
-0.332215306029332	0.295070827599981
-0.0237701776673499	0.0169349623077488
-0.343379301756024	0.535509260378997
-0.0380385949042686	0.0402005530929558
-0.111744605730716	0.124048475759212
0.40409461481594	0.747676978826253
-0.440362933531793	0.679340391754705
0.0646066316918969	0.0708248236755741
0.118205199697204	0.145126800269841
0.0735832980138772	0.0595142642519305
0.128265928872859	0.0932812778257715
-0.043844557139845	0.0398519563105762
0.00643806093232546	0.00587882109058425
-0.743765337579612	1.09409819757664
-0.327784194347697	0.347983643791638
-0.0268928542231541	0.0225685057492038
0.0840590175781424	0.0697984923551947
0.0167546040609865	0.0133791263547315
1.04780873502272	1.77041939368101
-0.216757656896481	0.210756997176446
0.177871438844503	0.175901868582941
0.0453217134218714	0.0376465164826708
-0.40526286159668	0.506808377813925
0.442836528281171	0.59647821311162
-0.183457931302349	0.30233596781701
0.0948042659179774	0.144588558912384
0.0222005458664917	0.0282070152660173
-0.000446969690217306	0.000371894537106348
-0.109893438013294	0.119914924273496
-0.298165037593985	0.362611520345792
1.18681213353166	2.30946656960058
-0.247241381228586	0.287990094340899
-0.263823453371106	0.332160083942574
-0.195163061395273	0.21840462131834
-0.77147032063633	1.41648871177894
-0.319118012333502	0.42011351441364
-0.036321820027964	0.0406294861569715
0.213386488312765	0.266552408785799
-0.10137040413864	0.123595879342191
-0.026385655910401	0.0266722606532549
0.233526833686208	0.306844698336969
-0.108443036530623	0.109778288438128
0.245472485934863	0.310266251405
-0.00621949712964841	0.00640065814467935
-0.322992243067433	0.41162104279387
0.037806942287038	0.0378671271727471
-0.379644123792654	0.49703935302184
-0.282510676722645	0.306127125868384
-0.113596752855671	0.116583041008649
-0.0565301370143976	0.0641121017410482
-0.414906174080316	0.657668408690794
0.343975625970261	0.436661950239795
0.533102765188023	0.907677188569048
-0.277264875687225	0.391587808711672
-0.0551835622004255	0.058753973491247
-0.580154530299094	1.18293499261803
-0.389629365181581	0.457386895269759
-0.0450904769211072	0.049981264045831
0.0245958789501438	0.0252419926620837
-0.042668479268996	0.0445785080586758
-0.585223813716832	1.31738298999578
-0.494599517190975	0.803376893929674
-0.210835568740978	0.233642053568649
0.0508361183493073	0.0510714647231295
0.336703548088756	0.524338911886855
-0.458958905540134	0.557245985219254
-0.0575543275246408	0.0680529393635644
-0.163435353011089	0.221370683307707
-0.0963777146032114	0.132507251064463
-0.166608243955411	0.17503516044073
-0.35831064273302	0.450752146762021
-0.125410367588816	0.152722198251533
-0.104814903049475	0.115883945837156
-0.0538556296287675	0.0612035154794083
-0.368667880007933	0.523573407525295
0.419505485152213	0.585209606323689
0.494221301874377	0.821991281234708
-0.0511587839294263	0.0500600791606564
-0.318059421553693	0.4443225566782
-0.417703537987548	0.451167663479583
-0.287048365292294	0.26878236532611
-0.177536056169388	0.20895191904137
-0.226187152338892	0.265872961007765
-0.308032076395119	0.346868776482704
-0.716661420839189	1.02084178048975
0.0767866912952223	0.0952227033453087
0.0796434843199407	0.0895953805995663
-0.153472364679846	0.185271517294174
0.0457277445269321	0.0409527366067505
0.172675595920535	0.187085777202269
-0.20706327449071	0.215653207944793
-0.0390378833212596	0.0389967694351933
-0.305372973451913	0.344666161510179
0.567911197169504	0.869957331898052
-0.237095123121746	0.259153038362464
-0.31762845143794	0.507649435907183
0.209986113750107	0.301048297009468
0.153166133899766	0.195969879630285
-0.0571928952776681	0.0614209448586634
-0.0536821191492428	0.065412731325127
-0.117846936266682	0.135963734000341
0.0596761564956707	0.0651634568396006
-0.908773815684462	1.4738522102214
0.0498525799206151	0.0497512560659594
0.209714897377834	0.271913782400675
-0.458774124276315	0.627407113063438
0.0774530467434962	0.079827484220775
-0.228531592020637	0.217594553938131
0.325059335809041	0.369319568965491
0.161463119795687	0.170886953083205
-0.146185527086785	0.156052292187449
-0.362167056174131	0.512952365319552
-0.131391289309561	0.190162980736936
-0.18947187132624	0.295798712306489
-0.0576691143850141	0.0738597068837802
-0.205135956508785	0.323716880374106
-0.000895700489257134	0.00108434511166076
-0.051024276859005	0.0530105082226186
-0.0162589711375987	0.0132416935764149
0.435391874477549	0.592455907499947
0.0493095392799798	0.0435342037334299
-0.0948645710937932	0.0816792873891713
0.303950874690381	0.347840666835513
0.0818134072302189	0.0708797454047692
-0.833618919667788	1.11928731382804
0.0966198804407228	0.0868055234920572
-0.153844266320853	0.141151698740032
-0.0511138486450369	0.0458576192948214
-0.631588195854628	0.821021992021633
-0.407146868668437	0.398230594930594
-0.577448558127085	0.566230839603452
0.084014377092506	0.0846237423716207
-0.280331471572212	0.533660346392475
-0.392548438752437	0.65637109190809
-0.377834760382299	0.710677388426732
-0.16338270211202	0.225414843743652
-0.768257031692678	1.57192423673626
-0.372559056673368	0.549857736068072
-0.106522798285817	0.14303723705991
-0.569513294049041	0.996263977346269
0.085711495436326	0.0960187549546624
0.103343916675824	0.11342653255871
-0.0252081408846359	0.0281932378081836
-0.0649945655966357	0.0633535076474278
-0.0373627014418104	0.0427196774344971
-0.409667475386195	0.524467550807437
-0.0506182425668988	0.0535715140264666
-0.200340091067407	0.25268372423218
-1.29485527963884	2.8212401261884
0.213712221331158	0.271629435959612
-0.590903267973936	0.703097278974825
-0.362678839104638	0.499706790072529
-0.742264006271358	1.28035463247363
-0.486711200965503	0.868765358862184
-0.514874862845094	0.887875264206942
-0.223676004179745	0.315405429755844
-0.0761819992674165	0.109111352037671
-0.197611113721379	0.31644459245184
-0.144296162533236	0.245483871336302
-0.0602318238507894	0.0837944036099669
-0.0667888264177239	0.0938095870510639
-0.35844110460517	0.740303044417742
-0.0378946464861664	0.0518000071454092
-0.4477137431183	0.88382209046036
-0.188001747665769	0.271059472335629
-0.385156197031453	0.842475465568027
0.133029162196214	0.178781264797651
0.280764960575915	0.350635928246561
0.307818445550591	0.352778726720542
-0.31582548680888	0.360191236157503
0.32975861391263	0.37539483757679
-0.789011641703795	1.3955341019726
-0.00982815077494597	0.00820924643500139
-0.0826476752203626	0.0751189012714984
0.00563415797777703	0.00460620842762203
0.111389870607604	0.106966861346408
0.215962637397637	0.22173615614926
-0.881559274056236	1.17394218827729
0.221130381959208	0.200497265951316
0.0346949789135743	0.0326178414434796
0.202113517694418	0.195704007155561
-0.342507775536585	0.410723763233124
-0.0734437522706559	0.0913060356796656
-0.478822915346257	0.945445816086349
-0.338584533153305	0.723685677580542
-0.150620972285111	0.243317668337708
-0.349458597079848	0.655986115518514
-0.0334144691249042	0.042162294529213
0.287439935769741	0.584622206536732
-0.113548551538079	0.159933606812195
0.261755428559669	0.435732489894846
-0.447215180372574	0.893246735260092
-0.112936511811672	0.150674425449252
0.0623926028059719	0.0906093317299727
0.42249264254567	0.756315519399266
0.13770538335052	0.150702971386882
0.269137246567268	0.289164743713221
-0.217298464819375	0.223854501208893
-0.311831890545375	0.307919045021816
0.273916234752069	0.289356389857015
-0.161445608255811	0.162055492399116
0.714558885674595	0.826203011516954
0.92726401504318	1.67392633027417
-0.00783502903874611	0.00574441846865014
-0.470901106466649	0.447011734486427
-0.193527491880594	0.171043289018691
-0.649948405407544	0.702528553473245
-0.474607870976008	0.508712034580033
-0.520429291226636	0.694278345482509
-0.185380975200159	0.291594638576723
-0.164634844196077	0.277892584253175
-0.217437511716661	0.387667069051112
-0.132394422112878	0.20683401312398
-0.054378237220142	0.0700615116306342
-0.312391264261381	0.634593132340899
0.328722857981398	0.654297378616668
0.178589244691838	0.290761921299451
0.183318304103122	0.292747124546891
0.111606566095828	0.141628961941331
0.0439576825320577	0.0562975762256076
-0.121745489632805	0.146068681083492
0.0450557454950254	0.0383694435944343
-0.505165734685236	0.637698143612525
-0.667255302565927	0.95102391278188
-0.454936489490708	0.584028019403303
-0.672023268750705	1.16525833032275
-0.497143809048682	0.603091297525099
-0.35050000488472	0.405827062178655
-0.286699809104911	0.287201752769788
-0.0889333475602687	0.13882503261604
0.223586741065032	0.367699733642594
-0.716340202901741	1.57557444695539
0.245702294932927	0.547212361855285
-0.235155006810891	0.434146196326426
-0.0140135120936697	0.0194597577074059
-0.082354993294841	0.118265106623537
-0.570347758431895	1.38918011551969
-0.136325596162022	0.182097659358591
0.249437757553711	0.474590924122987
0.169009016774621	0.302431759575457
-0.109547054505402	0.111450034009699
0.0793857628766259	0.0656291387256676
-0.398382635817007	0.415897770231446
-0.210559068045325	0.181817477906801
-0.426592603115718	0.408724894677612
-0.976894574650766	1.46014069681558
-0.607349735743254	0.510657313411527
-0.320106850756971	0.262649262730049
-0.397649584814542	0.799517121456733
-0.343623474049055	0.625852456755366
-0.0488534535220835	0.0651785713753037
-0.0752537175700849	0.0893520898436431
-0.443947388685025	0.919428979060912
0.386597719469151	0.79101964712511
0.271549536167254	0.434176813860308
-0.418989624706153	0.72564347071703
0.021998958847324	0.0274280315840218
0.376750858712211	0.68719154397963
0.014519393610655	0.01566435854881
0.972303634027946	1.62870688867575
0.37100072415579	0.445515517295011
-0.462661036102046	0.631521391274277
-0.0474778795298525	0.0382509426258648
0.693447661255205	0.814382420108619
-0.0893716771546723	0.0659400651698047
0.281257719168149	0.279769021688034
-0.379668817873951	0.739358140963199
-0.316258049879781	0.413006703574655
0.105007102082341	0.13411957791962
-0.0370704191250141	0.0476833308495797
-0.118744948867036	0.181198012061166
0.266761013073778	0.478854826273193
-0.137360488269818	0.180920400923696
0.196201572210256	0.269440168798004
-0.246268859696879	0.310148431619619
-0.00781364220024794	0.00883381427173461
0.106837511462092	0.132807235453171
-0.0823217300983014	0.0842996651109424
-0.434199502137483	0.553802876207858
-0.193010732612289	0.19777313944259
-0.103996768835521	0.114469254284602
-0.217813512543356	0.225216786011626
0.0964539405970765	0.0878071806734249
0.0735939559160165	0.0560682132039867
0.138448314993626	0.195246033098885
0.00963302678759174	0.0120045347043253
0.377236300516211	0.65908493096406
-0.509959358134341	1.09020397791515
0.240367080313864	0.338546066826394
-0.513891306023972	0.870019335554053
0.039917623883025	0.0498555555124699
0.0209706890071579	0.0255078321080193
0.208305729289398	0.321214277049456
0.396450356740863	0.604020044469115
-0.094556394305939	0.102866529929044
0.0113419429532239	0.011301389059252
-0.0837818518105077	0.088791954007497
-0.0403025731335479	0.0449073559057887
-0.204658134128887	0.241962012316938
-0.0610154522608543	0.0535107851335175
-0.394161406847255	0.588092541124832
0.0254028234281779	0.0338184817350433
-0.393873490895464	0.841122450640172
0.01894260148635	0.0234461807091895
0.185016264365952	0.27525904799581
0.0974852084425611	0.123197714080561
-0.311284262168645	0.404797103077126
-0.0637592064388321	0.0873210037046506
0.0497093551634769	0.0570254978121941
0.269783429913439	0.467802690686421
-0.661952216493121	0.990703031652346
0.0109034564702359	0.0110980882421485
0.331380032697347	0.565444305123973
0.287038238320059	0.540369447355889
0.540835472072113	1.27688686880983
0.046678672880305	0.0606896485359296
0.0272130512456001	0.03451460964571
-0.317062055153656	0.51041793452918
0.190280911169538	0.266236743875054
0.0158900816723807	0.0190867132536444
-0.231661643966467	0.338463412774019
-0.269404279520717	0.418268200886803
-0.287850925682568	0.530511128769886
-0.0647305578021448	0.102504820959059
0.0420273023583594	0.0663314165720672
-0.131484324813055	0.230839837485261
-0.0336709436730806	0.0506964774038208
-0.172388785459168	0.294377432767495
0.285251535219261	0.620846421671781
-0.0102228761461911	0.0145654512202999
0.37628666274026	0.859621283405244
-0.105684043178414	0.159158352647571
0.208888121773948	0.374036132950966
0.0244959330807018	0.0376654874398874
-0.221798460547999	0.334791302453673
-0.080036765409394	0.0757080102222363
-0.144901913153576	0.217043453964208
0.0656559821522334	0.0884623318555463
0.317765443909061	0.824049839605666
0.0876872215362959	0.150882487422524
0.092381794870527	0.159514053598508
0.401369794119932	0.885823074142109
-0.220427267170521	0.365850501989395
-0.0732834571988163	0.106543028531499
-0.132183187281544	0.222325793194204
-0.00806044528800011	0.0123038357847712
0.070169003428058	0.0785626385795634
-0.330679294633524	0.643613858068783
0.168269565927246	0.272677608700746
0.155723127993894	0.254648978882005
0.133107484431296	0.204614355599476
-0.389408640277262	0.820788741020935
0.10578781219378	0.161660934607808
-0.020903729623166	0.0248697533911411
0.012919918987185	0.0146019517193318
-0.101120025850591	0.146746131349734
0.470841941289557	1.10238570702083
0.175141870704937	0.206135395636535
0.0437822932800559	0.044893589356635
-0.481580362003829	0.617788046397554
-0.0976384136207227	0.0985360215764266
0.00243024081947331	0.00341734568804462
0.38133396639175	0.882785993494353
0.160730100575821	0.186357859263339
0.35340586472695	0.630138964416065
0.0704527470486194	0.103419039468716
-0.0683068801208328	0.0990066256097998
-0.182568216856903	0.304002759682872
0.125547275639475	0.175908568956222
0.547638217827613	1.15047061920661
0.0743948080045575	0.0998499273171399
0.240744417229203	0.421103989841657
-0.279818569794946	0.479907061474658
-0.428258871680939	0.606372681040769
-0.0114033741580454	0.0105713996564411
-0.485483826122562	1.14570749279994
-0.121860139015262	0.184072162711056
-0.359025470107579	0.402722096188747
-0.0987946445055508	0.101335449670536
0.763586704072727	1.72321692252014
-0.190223013856724	0.268702422062225
-0.379401770527145	0.664291367310212
-0.655699208379915	1.37427869193845
0.100228038732805	0.116238605975202
-0.425624464274516	0.603771896077898
-0.416690647841388	0.850534024509872
-0.191994702001069	0.248106313340585
0.0214495380390876	0.0233318119817915
-0.315252155916721	0.469660896289784
-0.206093707759703	0.243476264816258
0.205761093909072	0.235074384922789
-0.10222520536965	0.134861695485395
-0.00582114692280615	0.00720376102066969
0.371800140030277	0.509059212085681
-0.326269651703725	0.429603960886937
-0.412772352179164	0.731269163986328
0.0956129504151423	0.123965904934031
0.000199084556820647	0.000258359584076382
-0.0958423345682486	0.120887111650387
0.250229759825335	0.35862428794629
-0.143098237775616	0.192475742837721
-0.22810661817271	0.329492424145371
-0.0545688736753284	0.060339973300131
-0.161160339370172	0.218505224248372
-0.335937772756295	0.466210915217804
-0.416851100569847	0.684238703051414
-0.319381672813217	0.463141228995911
-0.190024788333914	0.226623833530204
-0.173934645423616	0.234272481741403
-0.0736071481628819	0.0824264948612775
-0.141264235412864	0.201993706947184
-0.714823783857372	1.21266671460918
-0.121317886259623	0.167702310525425
-0.510677971843247	1.03852725173308
-0.674106398583268	1.13176978530412
0.0429783317687315	0.0437009129061939
-0.145174398348776	0.164738274017986
0.0885852842926659	0.100407988551493
-0.326982008471389	0.505611818277415
0.025827449103769	0.0280438785009724
-0.373963372517453	0.515303022482378
-0.263289527577042	0.390584492516283
-0.118636904983874	0.149357588787903
-1.14258208401664	3.39132339886004
0.322247863099581	0.466675274593155
0.40960476465429	0.692492819421697
-0.161799017398368	0.227705608677034
-0.00820461425339612	0.00903263353501991
-0.302712877673267	0.43887601272292
-0.320239765347239	0.52919081270142
-0.0997433443277199	0.122126100884447
-0.484429262263132	0.861580116899277
-0.34513998442461	0.512858708939238
-0.187709010204818	0.197761413631145
-0.511164221819564	0.862983404713337
-0.178177488371354	0.240870051737029
0.310281181437624	0.455140536946825
0.113578362234664	0.135106957335823
0.213007967647613	0.325197076231277
-0.149052605984528	0.168491605392174
-0.212227811422389	0.301162703800799
0.254066979373394	0.382788086013965
-0.0978298403598079	0.109521712025156
-0.0801446448694056	0.0846896921049034
-0.151039596400728	0.201544777355259
-0.550172513763211	1.07005758293199
-0.495360522504745	0.822285162271778
-0.0278006468748453	0.0304531817392456
-0.032089479041369	0.0347460253099104
-0.0250929571277939	0.0297113582096118
0.325658219802037	0.457780894092036
0.112497238503974	0.152915308929534
-0.223055383802583	0.331110714828041
-0.155672242455566	0.181379478671242
-0.011706069518676	0.0137780610985962
-0.348135813055484	0.480891624575795
-0.101106902621224	0.114770934091452
-0.0674258393734196	0.0511513422667145
-0.175848299217461	0.1891069997178
0.00120348855956464	0.00132615795019474
-0.309469979150692	0.403253091838758
-0.0554206103516458	0.0569154827711273
0.515382857347152	0.935528299660724
0.248403712044921	0.324335895541328
-0.406853457818425	0.516209406829447
-0.596025311681611	0.919854320165191
-0.00853350661879249	0.00756810810824486
-0.583438069375073	0.943683363358144
-0.165221190374895	0.177263420802824
-0.831302058226176	1.3107363977575
0.00525900271339104	0.00509252189075117
0.0679090993282334	0.0860737317624383
-0.286283208063262	0.496946469319281
-0.00738566060543861	0.00839038133721837
-0.0598937186410589	0.0620910501167404
-0.515875919182338	0.765062615203092
-0.0262317247923372	0.0268034362859314
-0.189625910819298	0.223040954008587
-0.148398559971883	0.158721381735125
-0.523623230183335	0.635382700052692
-0.0309822855487508	0.031134828476474
-0.207932926311237	0.24865328261917
-0.0247671841067746	0.0241013101474736
0.0613835453882433	0.0559005639157726
-0.255935344481325	0.298789555092646
-0.280114001041806	0.397739024778149
0.0231312361792461	0.0282642518818982
0.446747623410754	0.866092165561764
0.20993958367423	0.31191760742558
-0.132587899870671	0.165365504338654
0.0110058072655324	0.012894338935008
-0.186771099212619	0.239415240340866
0.144996538845847	0.182007572930789
0.0612227160143472	0.0702689608703035
0.157392485335502	0.200381408854212
0.11148129403206	0.139718913117305
-0.218839698750446	0.306272036050256
0.164746713440758	0.18998919281666
-0.122686381390262	0.150424854974275
0.126461104424267	0.148260401094567
0.519143490693501	0.935728542946193
-0.197170587451137	0.249073169445327
-0.282886833588583	0.394175220765902
-0.139544046917553	0.16743265438333
-0.124317823186201	0.155128352159766
-0.12152826005626	0.152423548054095
-0.114936202596717	0.133524030804866
-0.252337724447423	0.31997086575223
-0.0815117304151315	0.0820636613243157
-0.427057530733638	0.726234063363467
-0.0154155098466365	0.012763973111202
-0.0543683923961313	0.0425168210969666
-0.0850279991461644	0.0786561237740231
-0.204544223741108	0.267244235940415
-0.250015965419385	0.299267338680003
0.100740108400162	0.117016079305624
0.0116564157998001	0.0118962075357619
0.168620975059783	0.21799944775446
0.0381033225492044	0.0444674158114636
-0.684725326049223	1.29716528533786
-0.318697467814571	0.48473079577876
0.0631908944888026	0.067326831538999
-0.370013063904087	0.588434655312205
-0.123200480731165	0.144995909084005
0.106094212219557	0.114399875345535
-0.174671249159484	0.227626755155582
-0.0493517014188203	0.0559953150539704
0.25051420096168	0.333190934945529
-0.257698702247467	0.30062201842318
-0.513365302547732	0.805848149240183
0.26958699158652	0.3197231810296
-0.0254681025504849	0.0233534463715179
0.0506928724164435	0.0496456438046178
-0.0995308239837876	0.0853124336207649
0.0698021087731686	0.0761932793443586
-0.691868473078142	1.2869888489684
0.0669947629946147	0.0642371104660496
-0.209623460593984	0.230161795717031
-0.262869269791125	0.334103955027918
0.213827494619924	0.293896537036029
0.0341311160567831	0.0334398220175923
-0.00243387724129778	0.00247548030671458
-0.0193609454619019	0.0182191913017959
0.109058355733445	0.107551736460664
0.215200582880927	0.196446057381989
0.595281063443021	0.484263208134223
-0.295536735386873	0.244196347202673
0.0476019484465244	0.038467267950366
-0.131904776449621	0.121610362163301
-0.431733055729483	0.579662692910957
-0.281140843655499	0.348312014092302
-0.170077857574679	0.200524127542982
-0.33204576653162	0.498192032806094
-0.26781286347281	0.337309289598231
-0.112068248410382	0.123258764945901
-0.132270747592441	0.143932825486625
-0.441131028562058	0.683668947618367
-0.51146391492468	0.702566748602054
0.0102208091507517	0.0144099505552587
-0.252308859594994	0.438620353463922
-0.14065626164884	0.171304342785118
0.204189949893019	0.252414901230161
-0.0650747871145425	0.081132794325718
-0.341837216707477	0.512009128582991
-0.0369303651022385	0.0417727497630602
0.13955289431441	0.190136775347001
-0.0940223352389406	0.118963299336947
-0.172069103630618	0.224287041395691
0.206341907399848	0.268972265786556
0.233858195861715	0.361494715819112
-0.187730888019121	0.245061845788872
0.243956665973221	0.33681221668771
-0.577537210043371	0.933150729866103
-0.357578823969162	0.385031818959927
0.395119326052539	0.44630878368818
0.012309009094699	0.011159543052837
0.0381933179227084	0.0455029649044785
-0.222723287657911	0.281994925324568
-0.064330077086405	0.0700882937275356
-0.394883911692799	0.600757304432565
-0.137891388984328	0.165766616514077
0.500328446362654	0.81452221879705
-0.0452719945728525	0.0465829216811904
-0.119308874504629	0.129967303758172
-0.251624944365414	0.318033059951711
-0.251156621198235	0.352761176879118
-0.04993494329003	0.0343210484322048
-1.0181517176812	1.05079663046106
-0.197861889546687	0.139623459051305
-0.0322764015175995	0.0298715376569784
0.127066466345135	0.152990409313012
-0.0930277615022458	0.100901221165499
-0.0767367204389754	0.0904373699976217
-0.196143188034239	0.254689058975823
-0.743121394774888	1.5592899542115
-0.336495297984403	0.447375609775371
-0.13285076454969	0.162185054228373
0.305627435573895	0.380237915609817
-0.266473027972213	0.361489587931679
-0.0644310420253964	0.0623215971395083
-0.0291191538953669	0.026881662132647
0.11850703327321	0.263755605202332
-0.126257803644204	0.246909721944136
-0.276142376361177	0.584274779588945
0.0999375711447138	0.21593478240765
-0.134563034577602	0.226660858897672
0.0186458099740834	0.0212022603569393
-0.228315530101827	0.276661974642405
-0.249935466570903	0.429971390401513
0.11440187289548	0.157111159739209
0.416161166683714	0.703901292957734
0.376042684637954	0.679501328269839
-0.148904445549757	0.16965336633433
-0.0216269234735018	0.0240237826257784
-0.522146033600819	0.922060476296746
-0.187814979507857	0.241333545194474
-0.0677970324048101	0.0782278469941734
-0.0341672090043431	0.034318143016769
0.0603738312759336	0.0623328471377761
-0.480332663457936	0.804865460140586
0.0908943842220851	0.101119497440677
0.115409673089109	0.124091544908233
0.0342427845048535	0.0407851958498798
-0.55460152873914	0.961596321348185
0.396883049252593	0.509133827451228
0.619591868144875	1.04154209001855
0.0511259623631819	0.0518834991349097
0.036911652451685	0.0414142434525132
0.0508317778855968	0.0454562748372864
-0.462763408324032	0.679386622967644
0.0270652161535541	0.0251801255226551
-0.724119219240419	1.26604956642136
-0.370142606659029	0.526709828238065
0.308011582976502	0.36058621568841
-0.264281042527698	0.287079459852373
-0.3836740777212	0.651326174423519
-0.254035076213498	0.296518615497857
-0.58220804537821	0.963178500177369
-0.246910091573799	0.332071795720413
-0.700327159092153	1.20188586765939
-0.26276074388537	0.351179370093559
-0.390531276250403	0.534505464154897
-0.241871770500227	0.189169354771033
-1.3279595537475	1.35317895438284
-0.845628559484288	0.468451118055166
-0.290463410393632	0.379517082650904
0.0151446356275298	0.0166599663690867
-0.475840894092086	0.709566398775538
-0.00314323490827401	0.00252237268207195
-0.120865917058964	0.131031214470376
-0.000764505637570888	0.000721863803791245
0.0233735781353036	0.0220677786371747
-0.510612743614157	0.894922671019693
-0.181533753083813	0.202247395874583
-0.177253979867638	0.169283798243717
0.376775919196921	0.522273340685892
-0.138116409080567	0.150378285599868
0.569095149271911	1.04129065535069
-0.595071522991303	1.01316951944637
-0.0628909561553345	0.0616539112415341
-0.178017734618131	0.189563731545459
-0.179990418378867	0.189512674957802
-0.0409339370686093	0.129734324571228
-0.332477083496699	1.70365254160559
-0.0417915698881991	0.0886580132294541
-0.395873434214957	1.50885151115324
-0.208115022561577	0.614574826420016
-0.245175415069705	0.77475825249645
0.0162208421289025	0.030413605768411
0.188893203587664	0.48795221282983
0.0735931877771053	0.141778097512662
-0.29151245762758	0.644077163152307
-0.274749492624297	0.67487884556926
-0.0844355235815087	0.148464722066954
0.00177596233766734	0.00229714158578678
-0.079167448704893	0.133149856852472
-0.0289157892829847	0.0414980744300757
-0.162235234959943	0.261568533128069
-0.509877250161627	1.2123087191068
-0.2216753330748	0.377246316394037
-0.148775027897476	0.247023001935725
-0.32488063374231	0.597985190060597
-0.235229300238666	0.301173160691141
0.803597399297288	1.7103813661873
-0.262365870830126	0.384410844436584
0.588055112974075	1.02681513034964
-0.495257311608125	0.910222021142444
-0.129477840246048	0.178364734041895
-0.164981642106195	0.173880826014268
-0.232226991319311	0.297782145891978
0.0552938036908321	0.0564282117288802
0.0316881979142795	0.0309580975774809
-0.0207686773935198	0.0191422024667562
-0.792523313524212	1.31439472548023
0.379987683889409	0.50200347823169
0.0538092857283479	0.0561548050832068
0.0187975979773743	0.0183392553754919
-0.164495961198345	0.212847035962835
0.426017092320095	0.642174969572387
0.179262341446264	0.238085150094737
0.141308673836692	0.176290450836303
-0.129295642840891	0.125985199388157
0.0968493463850217	0.088813014006955
-0.79314019067958	1.31850615424138
0.0561870487407629	0.0483271139017158
-0.113611237737344	0.126125078186097
-0.151738379258468	0.162708399375326
-0.319627736659376	0.336672638823959
0.0430873308147713	0.0441480978820566
-0.0702091319548306	0.0806599554385665
-0.033001012004241	0.0386126218261278
-0.0239088415837525	0.0262830669037104
-0.0515372793129315	0.0614163052059727
-0.412818537434476	0.481155791864216
-0.149386317852786	0.16739834998363
-0.162232202880169	0.22605409859735
-0.406762378442492	0.662900010766768
-0.364394513019601	0.448616930012112
-0.619469746813485	1.02935862626534
-0.452220988600113	0.660031534573317
0.390259377100571	0.44959377799701
-0.357395661006243	0.619600338792255
-0.346112660099962	0.535295361645332
-0.0698161511834367	0.0872047390620329
-0.12321835392	0.134717251607432
-0.326221077856161	0.345495112809229
-0.5130749245145	0.634890407967073
-0.361307656469677	0.475267092671153
-0.2504038201605	0.234157097458819
-0.447939063150278	0.663394008883201
-0.135924241333793	0.147882168210224
0.0858617073993092	0.0766868909041148
0.173736589069172	0.200939300861145
-0.0483694257222717	0.0441930637678386
-0.189283888056114	0.214084545734888
0.0343205275389512	0.173880377413411
-0.20244896960237	1.64830318425028
-0.0561732097796635	0.105166463098935
-0.0224018081844576	0.042422353952187
-0.548791144892263	3.92813768470347
-0.245716739937465	0.78578632080037
-0.20228751342831	0.447124735334903
0.124213662194071	0.230016136106626
0.182013247764815	0.336107994346532
-0.197613583047349	0.503154022798625
-0.272248650277129	0.632993837183106
-0.290299966157087	0.51996377345927
-0.0624250651235205	0.0909662496424606
-0.0882914797020672	0.125133041557232
-0.411477281685802	0.955800301916395
0.0438609790016308	0.0791733574710477
0.620049457984697	0.996480124166223
0.960368771574952	1.33427466506478
0.405051491066669	0.452765969039066
0.670213446967633	1.10906215944097
-0.244287020516192	0.207861857098792
0.421763103244696	0.452356703764225
0.108517353934031	0.0946544107902861
0.391812093054834	0.36889445515139
0.0219967477765758	0.0172744430511261
0.414147287176804	0.364044710985498
0.00516632484090857	0.00312405187448273
0.408604864146378	0.448093665706028
-0.734744212573997	0.898450523661234
-0.438331312508617	0.390386772031793
-0.25354282282381	0.214101901239949
0.0660623418129099	0.052622762177829
0.719906023177077	0.90229626070498
0.257360659353269	0.512673882053003
0.0839087686246629	0.142163322295922
0.140217893198352	0.191028027018311
0.0705409754607816	0.0688814968773033
0.489442326355148	0.540612793834042
-0.000488126250790257	0.000305299290233007
-0.127730803382804	0.096525574700408
-0.476320479779328	0.6660685248845
0.153467851284079	0.124629457936155
-0.0510434711101466	0.0400578166455406
-0.0856647713179293	0.0738522665956103
-0.236772889441046	0.391285687200193
-0.404420360892677	0.773005985530945
-0.495980100757907	1.14411207091286
-0.138042904229973	0.217029680141708
-0.19360458427099	0.285930172980333
-0.524006772885832	0.637413568378369
0.332408435983017	0.257383231180723
-0.00665971044246071	0.00475235072985739
-0.344895393896187	0.789926624066488
-0.61259790636585	0.91269510104764
0.0536376066361642	0.0378718700304338
0.485036137691462	0.452584410314555
-0.9248872927863	1.00068739183848
0.41376440953089	0.350173627712
-0.0105882443882229	0.00762734783698792
0.0432306869398278	0.0298544537411155
-0.0391666595675913	0.0342733137423819
-0.495946383316673	0.424834659690057
-0.694576363362571	0.674479390808046
-0.22462507458943	0.19895637495769
-0.694598010649823	1.12307655023166
-0.012366340011236	0.0544978221776867
-0.100021832537103	0.508565932073027
-0.317743040162363	1.95338338089029
-0.372105025402801	1.91500842560016
0.00303070782823533	0.00611409685041428
-0.582785065777996	2.55435125405664
-0.636216567470798	3.43470317006442
-0.145911445837332	0.361027257375884
0.234865451325024	0.651315280442991
0.191222887427066	0.439961802134327
-0.287772063430302	0.589120302908998
-0.123437502181738	0.228272079327712
-0.127097729856582	0.201267993108786
-0.215665153255494	0.393148755336077
-0.336234175334381	0.677003083518676
0.369859453999623	0.711757122081249
0.0714253556008767	0.0996682602644107
0.217024922683615	0.315801319758082
0.313370937752145	0.403785516298678
0.0796751911892905	0.0821055721070255
0.596924464024322	0.960192323355619
0.112967022904129	0.112921387670181
0.00586328317954166	0.0058097061391165
0.401041212548087	0.531027131910691
0.208240964817043	0.206289563610247
-0.317691585409307	0.382862537385647
0.734003872275921	1.22288509110715
0.960961424028393	1.67163427473167
0.0855568447666409	0.0751902804970422
-0.443752591693697	0.539320396067984
-0.625664566920277	0.939511872660292
-0.0213365345634984	0.0197146108911802
0.702844034436028	1.13616807946482
-0.184602073466969	0.175449526985929
0.0170293804568734	0.0176016487625346
-0.608329195625489	1.26057977313065
-0.206915042247989	0.3030596164402
-0.0433884205557328	0.0459253674843903
0.348473989890241	0.455330763935815
-0.405642822750623	0.506211566878033
-0.108454640247823	0.108415655812289
-0.363723069123083	0.355027494401554
-0.0520327044946205	0.0550427737960363
0.546841081571	0.878683588012111
-0.228361898109036	0.266651700827044
-0.293404608348488	0.455850777744983
-0.699222413285733	1.45661976188634
-0.40122228473958	0.472542118805407
-0.480866949920967	0.615830904473015
-0.60237776041254	1.16590659639162
-0.361552719152757	0.481419529014628
-0.621643414607615	0.85273393947801
0.420671767428346	0.570373294209116
-0.0185616390959942	0.0186473074392595
-0.404796693219006	0.622269548105043
-0.185557876349168	0.219514223012876
-0.101936679574669	0.096426195853342
0.156607639618189	0.13976234614212
-0.0964933215246808	0.0930204905136365
-0.27613552076941	0.386725912031516
-0.00304855485002705	0.00259883312074234
0.384656375155619	0.411381854918357
0.426492026500354	0.44282299372856
-0.087570740791728	0.0840745922988846
0.217665802927932	0.192638541207798
0.126553094685259	0.138006661171311
-0.566517808857571	0.810014516470298
0.260577441126642	0.277484469201908
0.273780141130549	0.281361013162216
0.175861199945457	0.189584445714396
-0.262782415049687	0.319571013509445
-0.651478342006253	0.817337375578942
-0.374579853348474	0.445556060889803
-0.250942956870453	0.275846085297243
-0.647733334390346	0.838388901182192
-0.475094828485408	0.80543089504486
-0.00542625105468761	0.0226334112343873
-0.2053875256929	1.40505171852773
-0.200346025428962	1.01289909799528
0.0142949119422704	0.0343488517368026
-0.265986502630637	0.948826844021251
-0.292935692135663	0.923564726250024
-0.213147250514788	0.668062714535638
0.0560339976217503	0.138832929636031
0.132438467003484	0.377148783603038
-0.110196171831301	0.168880491815277
-0.0384286926607826	0.0596440090677542
-0.132156189881041	0.227183723290497
-0.549021797864149	1.41038755994035
-0.102065839561199	0.165165571785599
0.294686392500018	0.532794525642905
0.286860622728018	0.482312687732173
0.616339444015139	1.58564345262056
0.39968522254542	0.785907590197663
0.746970276862197	1.73203936989323
0.296634173498364	0.492170984614141
-0.150298692100357	0.206990475515514
0.286639633881691	0.470836824588971
-0.148614170793847	0.1903713694065
0.310683659674939	0.481925939194452
0.380777034753948	0.599076116662243
0.430172940446439	0.685014102719492
0.30602318863629	0.455609842922989
0.118485159415192	0.134904159100246
-0.119778233603771	0.131477032461016
-0.567663258782729	1.12735958803086
0.0102518755199255	0.0105298068919069
-0.366171760697294	0.5534800845766
-0.694481010387958	1.29570813390248
-0.726226790141266	0.925698925892854
-0.0307240288560135	0.025395024890949
0.222230352433509	0.296032377995577
0.199271175818084	0.243060107298348
-0.221343148044248	0.297597374686933
-0.0566515375440459	0.0587692960722494
-0.265872929019281	0.32418810292117
-0.0367599803540313	0.0366185324278585
-0.382753283373638	0.481409133493387
-0.51897636612038	0.850336440102092
-0.26238957497615	0.285446408108029
-0.130559880765958	0.158326354216297
0.124251161867224	0.137743212062608
-0.061778250915909	0.0704200016814845
0.0553851433123004	0.0654058027666076
-0.035750780397539	0.0439766166088535
-0.665431929113043	1.21812213175103
-0.176170097987976	0.173035788415053
-0.0611908892491723	0.0638983979051748
-0.170582358158019	0.149423450533033
-0.59925048167758	0.630637311093308
1.27417740357984	1.25772813349934
0.0764278576791491	0.0641504594495302
-0.192640603646497	0.282926279204169
0.0235774935339626	0.0232448500202665
0.207023555462689	0.226802171126162
0.304795562752751	0.370680814267089
-0.116953715808252	0.126072837764477
-0.269483833265822	0.327452408853078
-0.169564325826047	0.224617807135352
-0.379408959996155	0.514319553603854
-0.148219632387481	0.205489074892861
-0.00390038728518373	0.0036604475025478
-0.65551314399916	1.08606255084514
0.125376617887535	0.13709328145238
-0.558984699207738	0.844613807273445
0.262363184798244	0.316431663281479
0.443943896157316	0.698334081550472
0.215169399800901	0.258492135643063
0.169247775853262	0.184093786165761
0.130059917097946	0.135347648748717
0.380441774667305	0.539634932772857
-0.0530148460874964	0.052865455504418
-0.0591509022538053	0.0563105515260117
0.0591903753183396	0.0565795297419971
-0.0214348670853251	0.0247160643194949
-0.260037283641266	0.371443141956698
-0.166037740308195	0.119648589773481
0.0483747678250011	0.240119899312427
-0.294758478084227	2.4812547242432
0.124883772928094	0.486254975019101
-0.302575320885926	1.47821832135962
-0.787444099889493	5.69680332581938
-0.25877192935958	1.12768221030538
0.124386329253879	0.429946757101393
-0.193728991547574	0.326781459829608
0.0234213511891719	0.0300933132161394
0.0827417696686982	0.11348667730987
0.251376901784484	0.429816483519137
0.376288883237464	0.892064248210126
0.314150450574373	0.601581438724901
0.301068525682511	0.498741014774523
0.387562846643884	0.77575070936652
-0.0272873295333835	0.0323207322171033
0.42096991936115	0.754205423687992
-0.11394886812016	0.159842878460148
-0.0644383138971385	0.0768710856446077
-0.0666698023998395	0.0790890614454045
0.226846997466265	0.358859567941864
0.328601914195916	0.58640307216734
-0.0048879054477645	0.00526733829823845
0.0637682841527441	0.077132553014125
-0.085327604318043	0.105175614784781
0.152855286924183	0.195630684173451
0.177577216384633	0.234257111638473
-0.435017914615132	0.724475238019338
-0.332754349746756	0.416501079825469
0.326165612533315	0.344216062071014
-0.601475992255454	1.06408896058926
-0.135362289542415	0.144496912776794
0.0168431640067671	0.0173049824506392
-0.0972645182120672	0.117758839326586
-0.367609498459199	0.5396872166943
0.134147552057852	0.156613745861415
-0.131905984715626	0.162082736412939
-0.543267507234836	0.997398117256279
-0.549719664506987	0.731516694455852
-0.184696966175871	0.227139574768944
0.118283943435462	0.0713118581529297
0.0532867497902641	0.0382368540485563
0.507049001306277	0.767093785909532
-0.150397806932856	0.186840120547248
0.134225072312179	0.148293627042132
-0.130148037404712	0.14432746523575
-0.17143653536958	0.194309748980759
-0.785977753619516	1.55099520649778
-0.829153344853406	1.17034742192561
0.0518180955581677	0.0579557275535097
0.105542159418062	0.128946033773619
0.0238829833916973	0.0215274668123313
-0.28169137898611	0.341954032302939
-0.175468887181993	0.228801541703558
0.0401520386291977	0.0388483469174237
0.0847755978463211	0.102881639094086
0.0605053030699302	0.0671787659052866
0.0476033116079673	0.0463108663723774
-0.115766115266381	0.138256440107897
0.680549948121955	1.11982385098966
-0.344968311477749	0.436915838489088
0.097251520461055	0.10126624202177
-0.267683227945081	0.335452144855875
-0.293862840397483	0.47038726302018
-0.215780467353187	0.305861952428885
0.6762477008254	1.33751082249288
-0.106554506699698	0.1084972774526
-0.202735328018254	0.201111780262646
-0.254747646077496	0.174493573648688
0.429043406884898	0.253627117780178
0.0246668973895108	0.111340829904081
0.00681840168361931	0.0234335551067876
-0.605592798309141	6.16744928649805
-0.477352454325297	4.04865728113279
0.0119023399191972	0.0357487149361914
0.169939152031128	0.491435616243449
0.0671397566564803	0.141672554565932
-0.304646511206501	0.577715339887357
-0.0835449984790479	0.13341138862483
-0.283828179499234	0.88009838038126
-0.0908279813701356	0.129860637572318
-0.388888867289474	0.773062376212622
-0.157204220548673	0.288795540917522
-0.00417761798773193	0.00514302219151387
0.11465370008199	0.159925779773284
0.124687764343113	0.179493320870226
0.0487691774704279	0.0560314287303413
0.229276304361666	0.361320457207265
0.199281684798197	0.27348129140635
0.216649424830345	0.319421017551775
0.148729417576216	0.177051441278667
-0.426552490569133	0.632427435456169
-0.0640765694176918	0.0723122578503904
0.437921964956649	0.816334296445446
-0.211529871355834	0.276796154680502
0.255838705012078	0.386407329366387
-0.107189324318139	0.116629440935807
0.0973850809487106	0.111582693932811
-0.418855067611653	0.733389672005106
-0.0399838402187209	0.0361387181992602
0.080519765008935	0.0701305405523776
0.104756222368489	0.134263766576637
0.0932293121328436	0.115319033248451
-0.309353830619064	0.354075993591356
-0.192906686006731	0.228392323578547
-0.177497475213247	0.182286837168358
0.0955409607500157	0.107634753205625
0.0444901444231298	0.0493708772125605
0.0623141386544296	0.070007441376534
0.301243986207167	0.466774007948296
0.0804349199679774	0.0831881582782814
-0.0564267245967178	0.078389644985345
0.00584518106475349	0.00524978071123051
-1.07813289945437	0.961880039269525
0.0984008772617489	0.0869094341348582
-0.251425058263172	0.372914436152861
-0.138987435285229	0.129480146857825
-0.513100469140505	0.904486382001182
-0.256236914413695	0.359066741601258
-0.104005502829875	0.112495938614076
0.0157696494735299	0.0145926342040662
-0.0323372224126459	0.0338242583582147
-0.388654146660941	0.531746131718235
0.160242434420092	0.162545347192546
0.1769648054386	0.228469269149692
-0.148538052566975	0.185437284459105
0.748766049699185	1.51102281611227
1.04711497900352	1.7257570289177
-0.000424991984441577	0.000300211610061341
0.073979480343785	0.0749738102063545
-0.0484918733505261	0.0532784192430589
0.439431680009077	0.681304097605944
0.712007670373108	1.13142255685108
-0.396553208309294	0.555439198142328
0.22189315498777	0.268153711439781
-0.0248833424273644	0.0207299552428047
-0.419066111155043	0.571400609400613
-0.204502945196367	0.238815965164415
0.119839756580024	0.151361964153751
0.0372384045957995	0.0461563842880586
0.00125327118406162	0.00151026618180135
-0.0264929093776915	0.0259107751395699
-0.143529748403486	0.145297953289691
-0.00804952948266999	0.0066645184669765
0.13203151960212	0.0984760405414355
0.0231384493709957	0.100862468212128
-0.209474431070162	1.41878300833622
-0.241911562738635	1.43395335385287
0.225908728834288	1.30995851072206
0.0651008379670796	0.14999801070156
0.150745984011955	0.40119134559839
0.285040625423119	0.866730274281567
0.168359031441444	0.320422037319874
0.312491863849226	0.534154545950612
-0.229122761335592	0.428093405303041
-0.162324375718612	0.398755355223388
-0.0935587603552051	0.19270253031941
-0.0261619553430957	0.0337684854353077
-0.17122028173249	0.272831007403058
0.00617571403220508	0.00763405772191638
0.150457505227437	0.246123160111017
0.405454137764114	0.70039518353564
0.0744985244711559	0.0827902867333761
-0.197366746398133	0.234765253848328
0.283020495954558	0.376981060763578
0.359538349615567	0.56339437864926
0.456685434928041	0.838468283252425
0.582483199962073	0.970588916219945
0.0806334204171451	0.0917889699538627
-0.0020813615723704	0.00217468991242093
0.303381210629928	0.379618522026397
-0.565471443107892	0.789562853382379
0.096943385255709	0.0882153164238698
-0.368948474791167	0.524237986040872
0.271714185684195	0.315131676730647
-0.0308246552781115	0.0276106899225304
-0.264915597923337	0.280530137494745
0.102041790313863	0.0960166549049501
-0.566203696330919	0.71153607955219
-0.256455661303662	0.297254464166948
-0.0412612658549221	0.035718424307125
0.00881634864120215	0.00780355446913999
-0.00448437319437143	0.0037473246196501
0.123233109545783	0.118816996890032
-0.341063053191947	0.357581811257431
0.209778882500655	0.210327344944565
-0.294412034670281	0.296065124294331
-0.863522697979477	0.804316042583978
0.153497383558538	0.145362856349322
0.104789932816396	0.118611432791865
0.467226302161296	0.723906425153106
0.204207155247014	0.206433403726612
0.283859617490649	0.373578945901505
-0.212218256718799	0.281232740235879
0.404093244381276	0.599636721974644
-0.141114732974026	0.156234954150433
-0.400619143159953	0.35872871974431
-0.447102835156293	0.552593466426447
-0.259042158321028	0.319739200277918
-0.180762512597155	0.23433599695292
-0.409406907947143	0.583691344702763
-0.508284345049198	0.682770784898913
-1.0163141677552	1.57570955854166
0.446503978750989	0.610962864603222
-0.078993819624363	0.0813498416928029
-0.466277185010284	0.6567491223638
-0.353545262945103	0.457509887326842
0.252080265814652	0.306230714472714
0.543039139519646	0.726099772022686
0.149566683722732	0.185967411017587
0.583662383565839	0.907167442614558
0.402316073361478	0.532851270956647
0.339852163651101	0.365511440308472
0.55199260473281	0.639171690116589
0.229166246804027	0.22279730969728
0.562991369452226	0.878905842284357
-0.338201206682333	0.408112447200354
0.504382759732923	0.62048551312238
0.280968209003485	0.259690945477169
-0.0142391525373288	0.0118218028870713
0.602602262830417	0.82523379039409
0.808311418926812	1.21472527212269
0.132382590769086	0.105687605425383
0.0619471906018442	0.0595313976019387
-0.0550096821222696	0.0548195348834321
0.578007645298764	1.104680861296
0.461452209130128	0.758141347609398
-0.366237099824992	0.502499566706165
-0.139320228420671	0.152785073734717
0.0172667754628733	0.0136666924521132
-0.0103191657661925	0.00743876832452064
0.116952553874673	0.766690582391688
0.305474419203029	2.92175254372287
0.304329184805895	1.7168121224735
-0.00482250212065722	0.011151797225397
-0.145018073062761	0.381259707717265
-0.150273964411956	0.39467090746727
0.0881825189835084	0.190604109013478
-0.0875769658663192	0.184159462809341
-0.211189869969442	0.486252239540628
0.16394302948488	0.311956975340719
-0.0687531852288283	0.125086458306971
-0.148170777957197	0.351678985442762
-0.301683631661146	0.816179560581342
-0.409357427492076	0.877799953949376
-0.0138912686522768	0.0185303654545202
0.0352559816364976	0.0506172154781924
-0.245486515296978	0.406617470205555
-0.0169900476723871	0.0183717258757053
0.470132417590656	0.692801173781379
0.57031788655227	0.833892275806435
-0.344006577383383	0.457211294204945
-0.347720603609012	0.506488136722231
-0.872146062233498	1.83551322004247
0.0188528637530278	0.0167152812747749
0.673474658273057	1.10271441055597
-0.0411776090747887	0.0379439471377345
-0.0872598298221216	0.0738710695534948
0.370679502161102	0.414659714454557
0.0819944309834371	0.0829484886075904
-0.688701202655048	1.04883651924351
-0.0896513706235084	0.0778095488243217
-0.615965285204906	0.931613493256018
-0.540105692503057	0.758149674124073
-0.55396436293802	0.760152582075579
-0.397274922140225	0.461965689042393
-0.240500919078931	0.227290431130742
0.463986483800316	0.536731689160624
-0.370079450457586	0.385154262150756
-0.290245875953901	0.306400011974767
0.423679573854826	0.441400702599671
-0.328918667057442	0.300780727978655
-0.345409663054975	0.379289677672009
-0.601402427862428	0.640888306411649
-0.152008744137927	0.148687547338684
0.0333612338219862	0.0227097224374642
-0.0853044812924861	0.0644799587823316
-0.00891306724559593	0.00644999758145308
0.379322569927557	0.358150624736903
-0.716509574313553	0.819567096175397
-0.0186559339415096	0.0107155860995664
-0.202643083079328	0.18085666789399
-0.989024922998423	1.68929247720931
-0.229924269574367	0.277076286531093
-0.0945386976155893	0.101367283228566
-0.958825807149446	1.82470098116155
0.107784596483394	0.107894511242633
-0.433387237954911	0.661314638054075
-0.678100230980269	1.08171765166107
-0.375381599048048	0.49347819533623
0.0887764599340912	0.0724172279513857
-0.225760549348525	0.305394612299847
-0.475552503685106	0.664463536616165
-0.700570934046834	1.02693245118542
-0.135206709551369	0.124302203503434
0.078567121562527	0.0653929585610111
-0.239254708292521	0.247590039328667
-0.548858573681032	0.941785227442421
-0.221537409603981	0.277847003293189
-0.101054166728769	0.107771542614418
0.452423790773644	0.697065876367737
0.303713773797762	0.393320804606845
-0.0447350601125691	0.0411290568657997
-0.679629798157821	0.845828085888791
-0.0533288784145848	0.0432048821807081
-0.108837288547346	0.0900456988597309
-0.406798319739939	0.472847341503016
-0.341453753265643	0.361362364121339
-0.214113240574366	0.23922619519859
-1.40605351098334	2.13421941850863
-0.350306391069753	0.431896283244427
-0.710625099082945	0.770860380505447
0.448048650915621	0.535139491512879
-0.0299539834597593	0.0247206180872358
0.0155129781615257	0.0119383725468165
-0.0632895182939856	0.0494280041170649
-0.371260831760651	0.412387190853424
0.261537252392411	0.305843525379424
-0.108474220953101	0.118917502551818
-0.823876386009519	1.5486472621529
-0.188227138755975	0.212700114676928
-0.161965283863224	0.172769004383782
-0.594866314255492	0.708729144322729
0.0696563173327073	0.420992842337393
0.40723051356003	5.02821773018171
0.0601276154085809	0.217503109308972
-0.10560612491066	0.358075625096262
-0.286605011296176	1.05407158702752
-0.242765520632928	0.645203086324737
-0.280800172664622	0.944057231770437
-0.363841879704832	1.11914762509354
-0.459659390932305	1.74322478581767
-0.391454416026287	1.70842417623319
-0.744531277919046	5.50488817686234
-0.162677193038598	0.564873904173405
-0.296694520353166	0.783067453006109
-0.614612626102896	2.21564194277851
-0.0316099759053284	0.04559813659256
-0.313771673900711	0.759975957420307
-0.275505824268406	0.755180259759005
-0.101945692540948	0.0959750678912756
-0.0837576238313625	0.0722413102638791
0.0859649207088424	0.0740192979457286
-0.569966465856519	0.633904572483063
-0.721696559217929	0.88397096582871
-0.899918085498598	1.09362714497998
-0.281670827288311	0.303397921947463
-0.612694414584816	0.551878927033729
-0.376231295368416	0.362556998618596
-0.838262528047142	0.94082495286425
-0.582568596549301	0.569347106168317
-1.41112080679948	1.76904898611419
0.390481516534045	0.36453868443138
-0.282022876877208	0.264922306438308
0.593262934044769	0.675986081938291
-0.440117559776948	0.422817009928058
0.666710139600564	0.852741237878245
-0.0325999594305282	0.0496860417918436
-0.394737921794768	0.779864125259764
-0.240590189365982	0.244818605701367
-0.939762391076554	1.31789663542128
-0.676291570901695	0.838251280917909
-0.567483847767655	0.52536397243215
0.326201862844666	0.269873736324658
-0.663807906155748	0.741097594866793
-0.326313683930881	0.27069367570914
0.0188653424053946	0.0120495670408185
0.0182426116682188	0.0139945133851036
-0.72671802333622	0.89119771673076
-0.461411587183415	0.475957550006494
-1.32316564769012	1.2227714470551
-0.537261029156854	0.362668745557022
-0.100139820837673	0.0776513448583164
0.121738636887559	0.0827601871279695
-1.8082960626376	1.94752714455568
-0.680671594265973	0.846090436859188
-0.612173434518317	0.653662900354767
0.853221459339544	0.683095025372874
2.12410842105733	3.08201284240155
-0.423498851134436	0.397771961493773
-0.319083500958744	0.312201066523412
-0.143432141195307	0.189877696436368
0.566031370224604	0.729664549868908
0.31508311338833	0.269145244194848
-1.09051294870948	1.83840772442934
-0.197079144550488	0.317758403665958
-0.100269926186341	0.141855116442755
0.0941064306135254	0.153480124727503
0.0742358181750436	0.0866922425920658
-0.246172578520828	0.234668672593754
-0.0185914050726609	0.0132359697246649
0.227652574038121	0.168578520185786
0.645241192473006	0.604621889016873
0.826466621617055	0.88888142788622
0.083482402613604	0.122111857919671
-0.319040575400585	0.435734459527903
0.131637468142685	0.237778087183937
-0.219196880269589	0.444804763611767
0.0334444604317188	0.0303591752917752
-0.39766500657163	0.381678826838962
0.666406289305657	0.695688748924298
-0.0474507646235263	0.0322864892952822
0.853410048218191	0.996140657903089
-0.198969776009394	0.158787386204719
-0.791241506224978	0.821582659819293
0.118731760422318	0.123058753416188
0.476550070622617	0.460075716272016
-0.189327433302092	0.13464691605081
-0.161534276189399	0.131569055234742
-0.137432170693999	0.142404234163711
-0.789637515764548	0.95382234933508
0.11384716226506	0.139086422193029
0.0919535257837832	0.102346196142028
-0.351754380351928	0.221923044898157
0.0239871936491826	0.0158180307531745
-0.339142287898657	0.428159526854171
-0.256162149468638	0.241954398892718
0.0996981679201554	0.648364335140505
0.0333503788441078	0.13741145230336
-0.183869837706032	0.926728807932746
-0.110156280860889	0.360260592791212
-0.294741974263904	1.12328349649548
-0.037445157149369	0.0875214196864622
-0.188772056574624	0.554984662146989
-0.254393555002975	0.85990370765003
-0.0547168277097395	0.114582454731332
-0.0999973509893693	0.217166176708179
-0.499483928694532	2.3350767025687
-0.569455441649782	2.7744884115651
-0.404363035401092	1.48710778378851
-0.163264674069571	0.320159096885395
-0.375308055547293	1.0195417068451
-0.165412242508239	0.295848430509819
-0.0854989747181951	0.14543421026727
0.0363329798242138	0.0558962864927952
0.160863863401685	0.256202295200751
0.0400417732051665	0.048849814393138
0.0292627653470982	0.0293474391437281
0.252995446726579	0.318315302703836
-0.150391327002189	0.160816873165665
0.0570026567058004	0.0612619544976944
-0.41345707542349	0.592566342781264
-0.110215293509904	0.112032929901351
-0.182871263931109	0.232612807310831
0.382115306292491	0.58524879860996
-0.552969586056654	0.934033026356884
-0.382152845106941	0.456186672171505
-0.00151786382699662	0.00130808698140721
-0.0397049841309008	0.039470473043375
-0.888278216711725	1.19702259242804
-0.516917554669777	0.837575798401859
-0.527429370635914	0.631130410856261
-0.19423624255637	0.276352560046568
-0.100630973069496	0.130696686332891
0.753333476021184	1.71384121574313
0.00581439520065898	0.00543797862399477
0.0322542348550539	0.0319544807783751
0.390639525975946	0.522097367225054
-0.431529183448017	0.443698624288
-0.584405004265801	0.730539113840179
-0.024945279534111	0.0206311614528445
0.253487401287959	0.289872903417493
-0.35230288015475	0.393936298330147
0.0799299828967135	0.0791198564881444
-0.407789847878992	0.470223076227694
-0.463571291082489	0.476213442238649
0.0377758508443272	0.0321914519052248
-0.190508182648688	0.202637881714789
-0.410500829751019	0.513169259403801
-0.649409001851546	0.671145043998072
-0.169649885729281	0.167101884797131
-0.0983206494317209	0.0815774771732379
-1.60319315226981	2.66386724742011
0.632693294955442	0.850886088775095
-0.192593949956675	0.20263181813669
-0.67933404941461	0.808683051191973
-0.284300342503265	0.305492606778426
-0.226722389889393	0.218482928056455
-0.215699200274575	0.238058849349024
-0.0229908570189134	0.0251266514716509
-0.613198428812677	1.03163992472192
-0.057932090113398	0.0519861343102233
-0.077493297082535	0.0872571915283279
-0.371116530134077	0.663121954464617
0.0304835754603234	0.031800173243587
-0.139592623896843	0.139661646260779
-0.342339247640737	0.359678903119864
-0.526185718894811	0.708731747791457
0.350308528509796	0.353500637474453
0.161297299194003	0.218296764580238
-0.661489455237015	1.30813397025373
-0.44115821594614	0.967367294655592
0.0126651889619469	0.0148844610992503
-0.0327956658920954	0.0357603909491125
-0.22423494302946	0.216727851045795
-0.363118826072227	0.367516481028224
-0.51420347094175	0.616681390743984
-0.0168080282197613	0.0139840009603638
-0.574277747094892	0.722419240301635
0.254835580473958	0.266262186530247
0.62422630308983	1.05349837087975
-0.199635952615155	0.176535611407964
-0.418830345652089	0.516790620812235
0.000653642965223616	0.000515384761726449
-0.149289321541673	0.137245394002882
0.0410854495561423	0.0352073474851535
-0.312485914304132	0.411883580102385
0.512399161353637	0.688433985347502
-0.154199827652354	0.141102397034312
0.365336247099179	0.453426149118884
-0.0324035970347888	0.0324987425722142
-0.218359000493874	0.304400105621818
-0.308572958588565	0.394312732115124
0.120815121131488	0.811594202656013
0.117694357378183	0.665145083948698
0.00760262896535074	0.0233167665787208
-0.00145777069290045	0.00359518126314442
-0.118919196357003	0.386344538014813
-0.162313204743324	0.550174324343003
-0.34083829665719	1.44997952546008
-0.0992418216312014	0.201551025963289
-0.446367443175174	1.12812799919056
-0.82723891937908	4.46180583385473
-0.0814572096311288	0.213529820456365
-0.325614587207734	1.31978656973597
-0.00593169385855369	0.00981050647939088
-0.264915232069896	0.612063545922256
0.083840961357931	0.139252289666377
-0.224013228503682	0.419869820038275
0.346153574255093	0.667383918594716
-0.352214545474193	0.795597507634427
-0.168145947837764	0.285581178129978
-0.345348427114201	0.648247891840129
-0.35494610002285	0.739258339202017
0.392222746016505	0.661788129155401
-0.605355692120959	1.3943606457292
-0.127251590529326	0.200288058391896
-0.0801396215286662	0.0989267640785238
-0.105209489277563	0.145175284797389
0.235507098457957	0.333437302844691
-0.218721924418969	0.288713928425802
-0.0433946376654781	0.0509677509779903
-0.258786627042987	0.375247262678669
0.150547377797274	0.193912167240639
0.0231445498300996	0.0239789863558093
0.0158712526953931	0.0178130089436587
-0.146683432283545	0.179522420440501
-0.359556832499366	0.426360842839961
0.731540263690195	0.988450180891
0.418488312047421	0.61332710944538
0.587145571309807	1.12335708280972
0.0111181557885895	0.0112533587987839
0.0528054164423222	0.0492840021540407
0.388540969240869	0.535831375636147
-0.547265901937869	0.907552940536021
0.0385926562143981	0.0388218521720903
-0.0336331047756941	0.0356158495346878
-0.395146050102708	0.566949327538302
0.211114849923579	0.292483181466668
0.167758279153226	0.204474300289946
-0.384458280986494	0.633730168313868
0.0449565363237169	0.0452749691271357
0.516573919444142	0.770927503613261
-0.0838228142457563	0.0923790163920915
0.373766116601181	0.52978344734735
-0.670686609251262	0.966220533438591
-0.216582630401552	0.237569029441672
-0.0635774412560861	0.0555532120812951
-0.335365036410469	0.402217660172004
-0.674668414757515	1.258626248663
0.352225730060484	0.448105443055998
-0.413283314981149	0.565723411916468
0.887794806212677	1.79366911420771
-0.261038498487339	0.322675050623897
-0.434758829869247	0.743036711778892
0.364348794005315	0.595432730818712
-0.147679185664346	0.188558577606107
-0.293107894182326	0.472137902904872
-0.403952120570226	0.655604302991326
0.477690385476769	0.810541502866945
0.100533819468232	0.11174520401209
-0.600939595598037	1.01803028767167
-0.2276508104055	0.303127630903959
-0.0723474525605128	0.0762360778932517
0.207010820669469	0.304921485125509
0.796663399771317	1.74803794733724
-0.357543805811306	0.510661591083356
0.295887399572793	0.464900584204531
0.334487886549008	0.517061562709766
-0.233373484017399	0.27337002702686
-0.0297288819015271	0.0294053426288953
-0.0840375861391443	0.0886143097437425
0.0469343023375353	0.0517264527889968
-0.447047730866305	0.678819276431235
-0.15937579986505	0.190889240332213
-0.175974586862121	0.21744926352954
0.150487097345083	0.160673990861372
0.00537736523502715	0.0050443328966356
0.102996731213187	0.12350363810444
0.0479606675708761	0.0489312580958448
-0.188323243370141	0.276143734166411
-0.180212769909785	0.267857214210359
0.0509695780829284	0.265333280451854
-0.0767487946151718	0.360702453476164
0.0540705003909428	0.177794794083554
-0.100988222371072	0.352380915078629
-0.191884418034757	0.799949303250609
-0.260046613194288	1.09126802670744
-0.285764125641375	0.904036152791341
-0.466880612221826	1.58282407828889
-0.391242997445153	2.08678541400602
-0.481133102503455	2.67725335734025
-0.331053334662463	0.886445996109172
-0.275877572543957	0.67719069557638
-0.157662637245581	0.356488464291124
0.150699820349854	0.319987701673188
0.186229075685375	0.379358918022685
-0.0434207329870285	0.0668576458884367
-0.19428065916816	0.336993624684138
-0.0662452456170849	0.113748141989794
-0.296702882095119	0.642058108400318
0.521778369476674	1.27855337912413
0.202676677873044	0.3499289264135
0.111649461525691	0.161073671580121
-0.0246166823138066	0.0313179392777435
0.183420282091243	0.284055744786966
-0.0776735613015865	0.105101393931852
0.29262751015168	0.493877340766315
0.00465660552407599	0.0053963321278087
-0.298275703737528	0.45652674056402
0.0119193405303311	0.0134608811678109
-0.460697634799411	0.894395790179211
0.0630738517189794	0.0798069381676529
0.319363463378413	0.52898473154259
-0.143746621954116	0.205525850513843
-1.01692558926692	2.71759218891066
0.123438566907601	0.126542081870834
0.100874490871636	0.112371808854558
-0.152354072690572	0.193832666502241
-0.153417139450405	0.202812366355702
0.367319798019545	0.618255133774699
0.11291569109797	0.138778250638548
0.201642417669278	0.247654259015934
0.119097216124761	0.143816196451074
0.620135029871691	1.12123328792727
0.0255675553836391	0.0268443537279405
0.055881958565422	0.0601706460429001
0.116726865945915	0.14493633336242
-0.145676692426693	0.184217153796759
-0.291270018817824	0.395689332762526
-0.49101560386155	0.832078779958799
-0.195947347160696	0.272391009429334
0.110117712297426	0.14303977092889
-0.301622223340051	0.372828876827772
0.177012771636411	0.201388257218122
-0.0985553084150081	0.101042006880528
0.0283635599241479	0.0303206929977182
0.324662558336949	0.524538838059702
0.372643572643481	0.578496333330175
0.0345651391643889	0.0286476274503115
-0.3399617668938	0.429965880939658
0.00802840663592575	0.00853084969403243
0.0921167801382651	0.109609756612421
0.299762722077339	0.435806377585855
-0.315513331954713	0.491265385377396
-0.139344962986549	0.197422066610964
-0.271798650434998	0.384000390718545
0.0353555041423818	0.0219278477697025
-0.107665567833307	0.132544508514343
0.0230433798987822	0.0262948746147268
-0.0733699037515713	0.0851053128077966
0.122365019041301	0.144821359538821
0.188666358887045	0.238114414535235
0.124394484422931	0.169209237660247
0.158966459706529	0.190714298464974
0.0579162946132116	0.0677255467943343
0.540615996478629	0.912367472072841
0.068469673702009	0.0671117901830712
-0.218008495664873	0.324252630346603
0.0695132029888635	0.0843053178037412
-0.102322573738962	0.118023469074543
-0.193661846746906	0.272040578073336
-0.297786220717363	0.433114590569882
0.0675297841663564	0.367567095387315
-0.0935518934248632	0.4422197605288
-0.266087678198722	1.65489064328306
-0.211796128734566	1.08979265637984
-0.471828889641761	3.31226731253263
-0.508069898072633	1.46780376138794
-0.607257779386852	2.61630119878747
-0.411820447326694	2.34547217238112
-0.267614342719438	1.09782455073315
-0.0592996236225087	0.105000858989233
-0.0674044268632099	0.124226668402582
-0.075527404751779	0.140888831213609
0.110228816280212	0.188591825836637
0.125160543937806	0.20382883175559
-0.347204668994623	0.717979709540651
-0.00158186196508656	0.00233745830759922
-0.116176642242075	0.199983102194864
0.272341307378415	0.563609344881683
0.180613354038044	0.313412645180422
0.207261043029465	0.325755420904939
-0.128560274955851	0.216723997355629
-0.0649414725986594	0.0837277955731084
0.264938598541075	0.495669357065506
0.0526455059334722	0.069413469713667
-0.0738707107562898	0.099102187285168
-0.00568035008920837	0.00678732628087337
-0.119012730824236	0.157431083599288
-0.23750218285194	0.34095795920227
-0.29243355586973	0.470311949629692
-0.153977770403149	0.218003793837328
-0.114547806408464	0.140153362949066
-0.115298219732143	0.108769550309928
0.334862666040056	0.33702982829983
0.30296360773505	0.429168411278685
0.141940812274961	0.165313017214376
0.125142864939986	0.147193111673001
0.256166158768136	0.347789160625829
0.0144638921347213	0.0149584579487205
0.695565520613183	1.46804534497306
0.754832751442936	1.68153170828371
-0.570030642164758	0.960149299719455
0.152476213286218	0.192863837002022
-0.180120811081485	0.227096405559808
0.0849822685368721	0.104334157562954
-0.0873651539518293	0.103283066449855
0.286122972795259	0.366299976837669
0.329292320115978	0.48906482151709
0.163885571222942	0.183608796586325
0.377039729457253	0.579897533877029
0.28487752654441	0.393689654350027
-0.468881695665477	0.676804575122898
-0.255634555343648	0.337616504218664
0.184361959589038	0.254796407776741
-0.199067926307028	0.289627737942043
-0.256971110473454	0.319796927687713
-0.471678749796245	0.84797996683519
-0.598382745159161	0.590802027573302
-0.361788030043253	0.167034384301603
-0.0282212534201936	0.0321578656352904
-0.451141235101048	0.73496518462146
-0.0014012346625302	0.00140150789454404
0.448553181955046	0.834694016749752
0.465277646724483	0.858675913247751
0.247200466734424	0.298614690907497
-0.14731443392183	0.202456538052395
0.163983351841857	0.180290103123566
0.73630256273706	1.16146302297884
0.5303252530986	1.12414132751518
0.274299486022442	0.424765367721492
0.141838464449374	0.177545055096948
-0.221122481340346	0.220286112433968
-0.00704002303215282	0.0284790929078155
-0.0434658913507051	0.17705421529973
-0.254440057485738	1.56033075133642
-0.416165499730257	2.85420991648823
-0.556635116918794	3.11893359133598
-0.740386855739275	4.05450906388811
-0.29241684093963	1.35799063341102
-0.0961669020669467	0.26894979300439
-0.266801274580879	0.606702762727313
-0.0387888284755419	0.0668691524708208
-0.139181178181062	0.248258973467306
-0.0898072058472765	0.130268097887979
0.129444795762912	0.195795905511241
0.157348509660661	0.269651741667622
0.0276788365444142	0.0378130622214903
-0.0981622039074087	0.125292983688255
-0.192118595262939	0.27684805467796
0.178059555730388	0.198909234005901
0.187959687402944	0.223896598046781
-0.37887777391561	0.526045826188046
-0.225334263264956	0.31771473178208
0.299327805866504	0.361863785059715
-0.584567050070539	1.07061568229491
-0.0690100748258177	0.0767230610555627
-0.0593304387064479	0.0530091577593102
0.083012743736833	0.0686107283833812
0.0217547659817191	0.0220350134049348
0.118927947227192	0.125277307623366
0.0880298387600251	0.106544178402083
-0.513752525130558	0.72059508572641
-0.0387751985353156	0.0384749530474344
-0.0550675390059549	0.0540049450801491
0.102700833055661	0.125298645497251
-0.138853037364636	0.163518849908577
-0.101334739518322	0.0967262048406886
-0.369343526723436	0.548031574165595
0.0103824044157376	0.00948407537053018
-0.99397666076116	1.69729529052546
0.447080448567047	0.649380536488938
-0.118968002342767	0.131616017853011
-0.336839139948119	0.445108489036062
-0.416654734927136	0.551405314449732
-0.0873447758762864	0.0900624028189582
-0.189904588333968	0.212387421287748
-0.852743796652236	0.860487510686486
0.132653610641704	0.0888219238186233
0.00697599494294766	0.00418709821827333
-0.541836938854179	0.681400244135462
-0.193696280481882	0.228300463599401
-0.0551444696497393	0.0296867462993532
-0.085589060486757	0.0931773815390741
0.28955443053588	0.391782447306196
-0.111739758229096	0.115803159490729
-0.0324007755921856	0.0326191498361641
0.17110805597846	0.201576070277025
0.412153176762777	0.604091865926458
-0.249288843511523	0.271733851513149
-0.405891533381379	0.593524637036537
-0.326440505753379	0.348528041988318
-0.562182645923754	0.781727290662127
-0.46452864577478	0.737559017456454
-0.0141392765558102	0.0131483764339057
0.0273854604686059	0.0259890273546697
-0.0708753205822244	0.0688497109662764
-0.0270162276274578	0.125305516599328
-0.167367906880144	1.03812712338867
-0.418342686806325	3.64208709414102
-0.433186328592947	2.89688391259012
-0.593514822401066	3.77183901306713
-0.0945868870027216	0.323197269428675
-0.049152415841451	0.136891295307612
-0.137920184224867	0.303022369986004
-0.148312227816046	0.255992101014948
-0.157368453645025	0.221284438846948
0.680033546390376	1.52777100332591
0.48207325718961	0.825314540332039
-0.102093120838032	0.113251955272001
0.253188340384289	0.368036714257677
0.161121282714895	0.214658772239068
0.0622155603143718	0.0683348618414762
-0.116064392027369	0.134159225649048
0.457371168707237	0.6830526429352
-0.0492334493382447	0.0507071660172259
-0.179203322799648	0.227415662577816
-0.0196661960891369	0.0181871007198529
0.0917160692405829	0.0989936463302583
-0.518198199540587	0.685518781751242
-0.622612383514652	1.01697564181032
-0.0414235345205812	0.0447170911118346
0.133018055141519	0.145936245538024
-0.0369634335899355	0.0375047520129303
-0.0282683275474407	0.0235806950502935
-0.279602533167096	0.300880081276058
0.519419158423981	0.706249774558635
-0.499434696580222	0.789420230509906
-0.424742760538801	0.439214821772965
-0.341128968707124	0.410956741061203
0.514696710145502	0.54009089428531
-0.0204947071870875	0.0146600566946373
0.418587970102059	0.365296240469136
-0.20317601267038	0.181846270615022
-0.253288460989953	0.240721380888621
-0.214970934072768	0.218948612662919
0.404463146872343	0.681613709403311
-0.223744368487625	0.302769409847244
-0.0941371305540918	0.0968657906828362
-0.140408095625981	0.160906663881686
0.695035051070604	1.32286866040109
-0.424305112647639	0.568552702400537
-0.117591316048997	0.141614949755012
0.292239683794149	0.378310605510256
0.0670988041330382	0.0742128033409155
-0.0375336720447194	0.0361121217179688
0.302039110550952	0.470595678461517
-0.0215126800532923	0.0214174982915625
-0.33682741100225	0.45033867511746
-0.0968373468639804	0.112063340891716
0.00612560715457348	0.0256014488613279
-0.163033955524249	1.03635689012316
-0.334681713040186	2.36526978379522
-0.437048608157819	3.00016871286204
-0.448573337118957	3.56130318846559
0.0661497437238329	0.239346259076236
0.0127539550050844	0.0172864107580074
0.250088622022662	0.404957916550543
0.321013123210332	0.463564077269269
0.498501295898753	0.763816866457871
0.502491724096296	0.917011436735491
-0.350869033460819	0.518450311711984
0.246150626720565	0.294498120603761
0.0950570917687169	0.107734681995574
0.214359860963324	0.292351046380005
0.120176138234204	0.141452821680513
-0.0262812908705919	0.0246052242997075
-0.20378842390183	0.197171653625316
-0.486434099208716	0.741998170105948
-0.152931163045118	0.190097541260401
-0.199183869387892	0.206093970382204
-0.0126234121266795	0.0116424258717537
-0.184460414732316	0.179368429375926
0.0747803491966437	0.0733991078672931
-0.0687891563713952	0.0661340843665693
-0.434175228844506	0.612802820361246
-0.400029544777594	0.462909849395194
-0.612945126264589	0.917266603671898
0.094978719359896	0.0882271736934578
-0.0823968043221451	0.0862356452253723
-0.151958768118513	0.147771761771027
-0.36051668387105	0.514959713035207
0.0298228687423226	0.0276935430214268
0.148244145157034	0.126382116195634
0.0110562583171728	0.00856054389525894
-0.156978018190387	0.128484999319297
-0.157026574808752	0.111902923346804
0.0589975760583552	0.0522137301983429
0.0734193629738611	0.0896941032520042
0.225206351270569	0.214184726498258
-0.133541316353846	0.109624509258367
-1.04973737996877	1.02728031627551
-0.557849380747926	0.599425556030011
-0.174684598713401	0.217969559708756
-0.0313224901318339	0.0338668511247796
0.18170389843075	0.236531629802024
0.0415577031708935	0.0417917589459649
0.651655030760396	1.20931085839916
0.484264457437683	0.883916960183946
-0.0109364525538667	0.0101638375997315
-0.50330391987007	0.732504135195884
0.342454321313216	0.470190311276235
0.446210965405786	0.606716875945303
0.155294635999695	0.216801867175552
0.204404916398855	0.268385667508674
-0.168397939170858	0.179069922753746
-0.0597587331962716	0.058868888616777
-0.0181080994010324	0.0802912331355843
-0.0935735301676321	0.492255070837966
-0.315018070109781	2.42314201336411
-0.23952753093927	1.55221587102149
0.151282247515946	0.289183101518255
-0.983028758533666	2.39320574876831
0.182945678072613	0.259424352303411
-0.00801861906726694	0.0075447094365796
0.0482210576608894	0.0533347902480116
0.142965021680146	0.165369908574307
0.717473888887852	1.2670242003663
-0.0520224983144617	0.0576403644017687
1.12948112661458	2.58993225323782
0.480639458341945	0.651953567439908
0.0344494482612957	0.0326149916955345
0.247997586461272	0.336932901215597
-0.23297380593312	0.28872932124079
-0.363369863340776	0.427841632396299
-0.404591378019903	0.623707800101591
-0.352800470534443	0.393475896806168
-0.130271484006717	0.0959262680874321
-0.0740314748106076	0.06423527651623
-0.064418325136097	0.0674935874709712
-0.40337960140681	0.543813602946974
0.165707500456293	0.212766064167203
0.0468350991520214	0.049556766550047
-0.999324870288651	1.36349568939898
-0.285295877384306	0.300568071783093
-0.434156577610102	0.53319684434511
0.43947070875814	0.431755866162871
-0.585377512949851	0.855756239482647
0.410770227388021	0.656980022082666
0.150283668182832	0.147447219367165
0.229859693105422	0.181023348046597
-0.730049157276202	0.841274335457108
0.112243214323338	0.111981036507737
-0.0970465811648343	0.113252810967237
0.962930989908828	1.84983561208056
1.01985760775141	1.4752828255802
0.275801320838307	0.300291029670365
-0.0060800215620592	0.00566908548971995
-0.1809290044847	0.201550235164123
0.116219790229461	0.148677881533652
-0.289409779247712	0.352986964181452
0.483093765061534	0.770036086493769
-0.372007010453343	0.58164460973771
-0.0693053512435296	0.0704880175156247
-0.269580516031042	0.295480054724563
-0.0088762539718568	0.00737080273372258
-0.0735105256403866	0.0714066417959662
0.111095516833364	0.0997575980649225
-0.24772828853845	0.270008907299759
-0.134364470447755	0.155783535847323
-0.0318572713679529	0.151978184946232
-0.094708091746356	0.542563784575458
0.0572233540057338	0.26350005057918
0.0755042955099794	0.161436815391561
0.0464725103559532	0.0809792693930133
-0.00623882621397768	0.0058071322806478
0.755223909074539	1.34070839512623
0.396539563188188	0.451993453574806
0.27107150595118	0.288639030227853
0.552898683053009	0.640746986289641
0.0169496658168988	0.0131587558198169
0.0431360521037146	0.0377724601673937
0.477508932666691	0.619838194290797
-0.0845087061938726	0.0798683695319875
0.0569199388347988	0.0669876577990184
-0.284128784071457	0.537704355300486
0.139292362028146	0.100415997986068
-0.320512384154882	0.237507052538113
-0.685039051151018	0.905899875276435
-0.481894753576774	0.520299441421889
0.224795644315162	0.171832745366733
-0.306017998008154	0.277109010928418
-1.03317040455448	1.51397923612227
0.0938086198076207	0.0786429495599105
-0.152046458583022	0.136560814764337
0.331082249078946	0.424013350479372
0.255567430739516	0.414685734131838
-0.197955870479406	0.277423511607304
-0.147089731782667	0.181929948701314
0.744426455281019	1.53435417685065
-0.472250994510238	0.735455193056684
0.518262419370865	0.841665145651606
-0.00360154877175663	0.00324734300154149
-0.0467940737346681	0.0581079354334268
0.503710580511594	0.895873865814199
-0.195521029294485	0.259299816319347
0.0217487648395875	0.0260404263515017
-0.0847168716369252	0.106454161961636
1.18853891799819	2.26812068175095
0.141412170270472	0.105543574419894
0.617272224277414	0.667957831721705
1.12082910483886	1.47242870277958
0.807981584840875	1.14435916328932
-0.20416258909678	0.309781612096819
-0.464787780189439	0.736918034732177
-0.0739740245120929	0.0978256342362377
-0.0898040400719027	0.116489414621058
-0.721359207727255	0.84877742611078
-0.0429033588239358	0.0298960320254229
-0.0200040646791948	0.0949200523698429
0.121323943020189	0.79782122858522
0.0413958342235579	0.0687334568064533
0.103286725637157	0.202130799628627
0.0327793264656214	0.0643676508523618
0.0860097676252561	0.0917100366695074
-0.144173732767855	0.134058116652841
-0.293303942685684	0.264161016485422
-0.158638400560711	0.126812689158362
0.132501311325521	0.10529107746046
0.363387126158189	0.346634712419638
-0.504244543465175	0.389491209206081
1.03811713073538	1.29584356677745
-0.158569435099362	0.113451603212167
-0.557134650158556	0.670764998018056
-0.0540613095188675	0.0741611521593631
-0.0936842741432838	0.15098374704284
-0.184590854047166	0.109811498114111
0.229608483553371	0.155740881152226
-0.313559907964845	0.233326310613968
0.115352119360145	0.0742840508868102
-0.509265268664392	0.402127718652714
-0.262209122572163	0.301208945504586
0.507174363085899	0.469113287926997
-0.538189036645392	0.451148759542168
0.582622943193949	0.631129253098733
0.294288651486095	0.492934932125517
-0.605683425001645	1.18255162881014
-0.230218126751398	0.381479989011302
-0.329537774672718	0.535640948979395
-0.242824160936699	0.436625425128824
-0.161162870190288	0.212782887071665
-0.528208176620574	0.802402887221413
0.142485282695135	0.228807776243051
0.0572914304050015	0.0920376069991234
-0.00915360560237932	0.0129101834885724
0.267827140090528	0.535890330455265
0.0125278146285064	0.0137557969257861
0.313555243037315	0.25496172607137
-0.265953364668853	0.144520349923114
-0.194426755002614	0.140219447405274
0.108583658827173	0.0669548902943004
-1.04229240071231	1.02092839759469
-0.514793302530342	0.59355204862373
-0.453034189577953	0.361567145855796
0.181505183281982	1.59119391360877
-0.178619717398455	1.1376956556152
-0.403620903662275	2.73574203468306
-0.0967118261316393	0.415487682133431
-0.162452146824815	0.65719785940812
-0.127590090235103	0.384340320202842
0.248619696668361	0.835758648598111
0.276907590960075	0.854191708062245
-0.252344303619278	0.684721211418605
0.042419846937031	0.0904885400682019
0.319216734097207	0.429329905934341
0.205777209903971	0.202634328815807
0.359153455631899	0.449253515520094
-0.0373181766661637	0.0301308445733338
-1.07208845496624	1.44925437665368
0.618247613336684	0.688329750230772
0.220443479550484	0.2105576505016
-0.273826994045676	0.255301063542635
-0.202581022708456	0.162986132152344
-0.781274974824196	0.895740490333926
0.227876668939256	0.196462417055158
-0.169902856082961	0.124068562267078
0.456229444071667	0.469541149455327
-0.468141690852015	0.479221733003615
0.101229131208092	0.0854413130015026
-0.509694329681106	0.4743513275484
-1.25200867783472	1.66529227825175
0.566722275397146	0.582075770311025
-0.104680081725815	0.0978286869536181
-0.16636430758322	0.278935580273497
-0.434685482311158	0.855398513018404
-0.0484903777977906	0.0649455416776331
0.417863486879008	0.811041344075586
0.0598880710537478	0.0803601668605523
0.398421788858226	0.700993989113472
-0.135599217039305	0.151935556575098
0.107928009091354	0.173803278111716
0.441625136578683	0.986412467433451
0.158674785328421	0.292603922609049
-0.368297304271336	0.850972909483227
-0.126495447987453	0.169388603412472
1.72211071795439	2.27029043504181
-0.685913491924932	0.603997912442304
0.235530580265122	0.160403832738342
-0.947866951429593	0.864554616774214
0.110770406196401	0.0738976292309399
-0.44478537104023	0.355017803073513
-0.216610031914212	0.149355963623169
-0.597517880794264	0.827516499794146
-0.519403230080137	0.49126390970004
-0.933278015980446	0.943752253384583
0.0114824722427587	0.0510179144504734
-0.0591529741725831	0.277266796885013
-0.178260587153847	0.920630272945665
0.034946744872506	0.108977640594128
0.16552721634403	0.73874467934153
0.116965450404078	0.424515345902108
0.303724643816291	1.39625177179859
-0.0618647249278158	0.154320653213566
0.335911218801399	1.23539661420183
0.0327275181043398	0.063873294284158
0.372560976756246	0.879767665851651
0.220910749167373	0.413236451791353
-0.0825424173272794	0.11480330495486
-0.179380204010604	0.309538382125657
-0.401541928205233	0.751274558493121
-0.100107193037144	0.127463762763663
0.596925340688229	1.28473876437379
0.349239948968813	0.548871863227755
0.118868934269341	0.140112448288589
-0.0864681239559488	0.0948148069841777
-0.0365186179362894	0.0383371222364052
0.414657202791783	0.593381652026859
0.085399587866324	0.0981662591392243
0.0393245804368532	0.0464079149133968
-0.042151887908776	0.0383972138044925
-0.526156860152535	0.914493740285797
-0.282957595355177	0.42558498444846
-0.159349105075529	0.156540047707547
-0.0404395936443128	0.0405439301228995
-0.159104146656012	0.17618401934752
-0.175784811909284	0.218817244679085
-0.312067484030041	0.582631172569974
-0.180348770098991	0.242334366197627
-0.184469187675616	0.220141846149011
-0.67335585634986	0.792828084799014
-0.250434814380434	0.272343190268903
0.153470503274556	0.120603786348381
-0.177299729654774	0.22993525770141
-0.233055046772145	0.381738126769431
-0.00801567744461263	0.00758383264592904
-0.362472409968891	0.420330204503913
0.294071276074612	0.287303253089163
-0.0590764298736416	0.0522933429655999
-0.290763692550731	0.540123602367365
-0.209179774482439	0.299484269203181
-0.184806033494428	0.196639706182318
0.252706527673819	0.3099168988156
0.248473020429932	0.313510741814595
0.105951601181314	0.120156463858517
-0.231580107124954	0.32061876734576
-0.370420181321428	0.637157947996265
0.0640607319633254	0.0724773525299288
0.0449049584368146	0.0439538034780772
0.0136713332333276	0.0118328195573638
0.0248668058648374	0.0201600630775014
-0.633103044005395	1.05454826405596
0.582177032457343	1.10818120265949
0.341763913351075	0.450750936628778
0.0364107008745472	0.0357942681325019
-0.373255564498604	0.469164553659668
0.0571922815524791	0.305103114092846
-0.100628064419972	0.538073492059101
0.133401751030249	0.621876456736747
0.050774561508456	0.188245230824124
0.247235083207993	1.35401365441873
0.276960301781955	1.35456130673824
0.000879183858662469	0.0020492369882506
0.305838232988585	1.25357447989221
0.236340000331087	0.731005509805643
0.040369268690114	0.0650230297172005
0.231433316891712	0.492183512280963
0.0871746817256844	0.14348819718733
0.0165340990870025	0.0217183957180191
-0.0266281498196723	0.0304972989439297
0.0226639302108185	0.0270020757338133
0.0813878364123431	0.103747983663366
0.609430689195161	1.0631514214872
-0.304838465358528	0.455650162904755
-0.19440605951186	0.267215151781465
0.105972755188031	0.136610605985145
0.166769547416102	0.200724415579686
-0.102170210223465	0.118852852287114
0.328487604899542	0.481170339240371
-0.353905033119344	0.462681260789885
-0.0843743507665837	0.0920784763486746
-0.194532038973449	0.271101466762255
-0.0552869613879846	0.064728566627332
0.111420377026868	0.116332181379935
-0.0875159186190755	0.0879472271351127
-0.398993874034831	0.495154248189171
-0.118747448193083	0.118099434598416
-0.194764126028391	0.25053819633656
-0.0574320398227827	0.0511625058343382
-0.239592490885263	0.325600341014974
-0.142075395868573	0.16548260417821
-0.0702097918042101	0.0611419317613382
-0.347545170682124	0.427238191058778
-0.31361949454038	0.234533692874159
-0.370355150594006	0.517063561865458
-0.0408112107276773	0.0532114853033757
-0.207908411329554	0.217472798685431
0.386619820263387	0.449647867787329
-0.254658288020546	0.198108016858034
0.054432333290148	0.0506676676179071
-0.322027463203912	0.590842579662919
-0.188601765369292	0.227014429923328
-0.375350540511281	0.514000774088884
0.365221199896014	0.531040741873528
0.0641145075715596	0.0681374538149265
0.105493673121698	0.121171259773734
0.00463349728307561	0.00564873337133709
-0.348185196848874	0.489948094045119
0.268198574501364	0.400781648495362
0.00479918963660978	0.00505050344078787
0.00593276524539359	0.00723143137269795
-0.143309890726937	0.17202224519777
0.0547367036797919	0.0554557811428181
-0.238484183182651	0.255636372572523
0.538933887435673	1.06340558613116
-0.0480972306646242	0.0513719503574921
0.409068288002815	0.520828348761959
-0.273496645017111	0.315071951555249
-0.484464496062178	0.677380163756216
-0.00486465774513254	0.0219483897080333
0.100108523591698	0.582141123461107
0.186422878413879	1.07308059740868
0.46326854562128	3.67463870952599
0.178816611743175	0.682918937903443
0.201147169219014	0.716701609475618
0.200016943091545	0.670254811196634
0.211500059689218	0.854085743580854
0.0748347169001698	0.0750535748570179
0.113035369736278	0.11124911933045
0.161322495554934	0.185204024659544
0.212464857314799	0.197666760500186
0.738742692578796	1.22009866717513
-0.438405936579285	0.453476187252987
0.269367204536115	0.278892446265945
-0.528642591433273	0.669760016512046
-0.0616282530953296	0.0548887246141582
-0.117149896111439	0.118285458749529
0.513741246513976	0.838535817152707
0.289768480218889	0.697743774100633
0.0201534266915327	0.0328941981489274
0.190134463306519	0.321938976043753
-0.0284905583603804	0.0289688461001076
0.992706285530344	1.99624692109325
-1.05538821000696	1.48535880185601
-0.330404416977607	0.274439328567696
-0.271946158111326	0.267825075231239
-0.0444021372466188	0.0359782915160742
0.0964947821896056	0.0836616950156109
-0.267304813417624	0.250726030061079
-0.00593789364933236	0.00422395834363675
-0.361645075560319	0.788316594549718
-0.0912303081248615	0.145025490663196
-0.239316249524041	0.472827155239084
-0.317601451455982	0.535435550399153
0.049973525219498	0.0765291932322254
-0.284410427137098	0.466042598415762
0.389248570220279	0.685784576787833
0.207423444586057	0.411750675010594
0.256095556709072	0.566233351490704
0.0167131445719202	0.0247181675879087
-0.496268969243615	1.54736824443029
-0.127979611461874	0.182208699630087
0.289777207927577	0.279831588496728
-0.402360263316835	0.38472068873182
0.626118192132985	0.697434650967018
0.919775885156051	0.950295621554773
0.591604218354297	0.744651349156331
0.00981027608709954	0.0128408431498926
0.00550734661550951	0.0057341237343385
-0.0612680282864298	0.0877361975337229
-0.0807447731821463	0.13723680127467
-0.211886132919638	0.184289733976863
0.390486464441914	0.51921207923217
-0.77947872359236	0.907114820926456
0.307052899283665	0.266933432778838
-0.303971943427156	0.325298636202024
0.113326527991946	0.802579847835637
-0.219270541830134	1.84480855062714
-0.261608652779823	2.09408605500747
-0.0360835798488899	0.125203020476627
-0.343627444986742	2.23826390692152
-0.0712979409507911	0.222084780921809
-0.000123329336233718	0.000299473449917409
0.0293343420171285	0.0454853781658637
0.192969413211537	0.290426178838506
0.222019062117965	0.325997305967682
0.15310644840262	0.197773923230945
-0.267085853471524	0.337499289929297
0.0363348042665902	0.0356282352062678
0.0432908767940014	0.0435604960119919
-0.525083245812248	0.767633000631842
-0.137661972000705	0.148744197938012
0.505644386957685	0.703010449196072
-0.298768586671333	0.377273081652496
-0.328372373835991	0.449991058702512
0.452973655267343	1.16189460996669
-0.0373829338600002	0.0569359601673558
-0.233364887935497	0.353545067879068
0.174598738954982	0.217695694537285
0.387077245729915	0.534227101123695
0.392712962617075	0.360577535950517
0.375009903862024	0.357202051825758
-0.938723656977983	1.33019966566713
-0.118113336365019	0.0983049996494305
0.775463893181878	0.860987278100773
-0.634847382413124	0.873843334163504
0.2679470787359	0.288135206930148
-0.546977788061044	0.782511649223301
0.082479892797067	0.0682372977457117
-0.335678131247753	0.485484541142147
-0.214360705258239	0.352876439252367
0.358672378595911	0.680277479768296
-0.0014095202197127	0.00164558619624511
-0.311449634811135	0.445823364927817
-0.0256211428678791	0.0274491564365583
-0.00854722561683833	0.00925851338542672
-0.144428422236178	0.197899970813962
0.223092836506218	0.395901766694987
0.216521581741816	0.363959159875017
-0.272322967844506	0.530929575473148
0.00724420302876424	0.00961004886541494
-0.270477001486225	0.443537287434425
0.275061414872169	0.381767099999127
0.271273148919913	0.272989160405131
-0.093447180173813	0.0726105233817071
0.271423190007147	0.252310547070554
-0.273107642104527	0.236813113929747
-0.0164484915955812	0.0224886094242918
-0.0385905029461188	0.0392537074625281
-0.403184694740422	0.383775644891296
-0.128882655181421	0.128492324153927
0.146175248343075	0.132339633196183
-0.554304047156087	0.590367997116354
0.023142850972766	0.114248168978931
-0.131896997142313	0.859536397293773
-0.0701149315848568	0.304676158705912
-0.243993416990108	1.50054527602227
0.040961706567687	0.129873247202615
0.101761403706003	0.370377688464019
0.336852106978796	1.54075317615594
0.380046753697178	1.23496565327264
0.0915766774190888	0.155258172393782
-0.11206670921822	0.167348855401627
0.0649195873574832	0.0918028688241218
-0.00120626010229067	0.00150833532388826
0.240120288343419	0.367581517154306
0.0946697187327425	0.112912450792517
0.47679912003447	0.854760991630702
0.307059789469105	0.477394030196811
-0.247663196187204	0.485380308004959
0.378572981496031	0.865201012931235
0.115679869383614	0.172321947594348
0.0323915861406224	0.0391869687284443
-0.240789359634418	0.328503544010823
0.246031625478656	0.329849855934527
-0.00147015016509142	0.00135226196232408
-0.0715589357945438	0.0671631206272257
0.741347364605348	1.23367698551052
0.251384023152045	0.28930487584851
-0.0401626220494668	0.03944186700802
0.820849332267102	1.27302424537716
-0.37074279546832	0.387064406855369
-0.39318958281166	0.490432035201788
-0.294033885809926	0.449573847311351
-0.126660529310977	0.127876026770187
-0.261260819186199	0.303495049218101
-0.148539743192663	0.149144646499997
-0.419205383161074	0.520172453097669
-0.894309928036283	2.53635855122565
-0.603635935643429	1.55611471034602
-0.375096012731005	0.68675828164017
-0.045044264829364	0.0536478228124378
-0.450172252421038	0.740320739766964
0.534784701233345	0.889212552987875
0.537246288222038	1.16131827950329
-0.383477967970288	0.791657720319341
0.122894993998367	0.18240071275878
0.242906210597481	0.349269600682683
-0.29091914258024	0.38094497452381
-0.284643580765029	0.435681386859549
-0.309422133797495	0.629354300323115
-0.244003317449772	0.354804148961753
-0.162070989284172	0.172524067011596
0.0859919276860353	0.0896859298069413
-0.101708658202267	0.0977724303197155
-0.573533477654491	0.960865655095972
0.123560132962794	0.183658802209004
-0.0567269692975806	0.071051223895159
-0.283479881774765	0.47373028812922
-0.747696918380136	1.30393657266257
-0.390365143059899	0.428125379782972
-0.00466642721211784	0.0201825645971147
-0.271376354993593	2.47373250526122
-0.611728003729183	7.79948484579488
-0.336060563809802	2.53981207224501
-0.349678847096207	2.3942849164895
0.0924947422031683	0.303969574772396
0.40571571872261	1.85291446218526
0.20261039718896	0.535149163540294
0.138143380866869	0.268472134572317
0.257789537232374	0.609511106174715
0.3389545137108	0.872662962558165
-0.160423332533523	0.278244327441609
-0.063330048508538	0.0988322757395949
-0.239171232347021	0.402505561252211
0.0403317807713114	0.0564108151043376
0.0998715418177073	0.13578437916621
0.0847859381525586	0.118706854542215
-0.377486530238686	0.782700820111975
0.226392665535652	0.386918657822411
0.200538439457294	0.311404485659793
0.0954675804817159	0.132343819962002
-0.0245334668907674	0.0277167620433463
0.157070796079168	0.193386712584954
0.182446594501748	0.228403343095739
-0.244065029946865	0.314463534383104
-0.0448909855308274	0.0466922312892992
-0.164351358602128	0.176486650775817
0.310825648112554	0.425396410106682
0.0818288622226617	0.0824195219820261
-0.405877450938984	0.566930201100012
0.370062978567325	0.498852998313456
0.0363467353822898	0.0338013620755977
-0.141231926330715	0.179420629561649
-0.270056912485202	0.306775810791893
-0.0792355759702503	0.0766178806155702
0.249504043195452	0.324310968539724
-0.0538176537905796	0.0491134269113383
-0.0756660328437043	0.0684228414155355
-0.239234015468815	0.259535086226038
-0.136992173769466	0.157576023063932
-0.448051241812844	0.739764477941708
-0.301940569067023	0.448389436367304
-0.468525440254649	0.742028956681158
-0.383046283010318	0.574532986417311
0.359427701689075	0.365396613690187
0.0506732740556855	0.0567949975561599
-0.0618310424433279	0.0889012894007608
0.17510192486097	0.231021370238908
0.0910997567097735	0.101511385066163
0.517663716314938	0.671527358988641
-0.450757016692511	0.690939229316221
-0.244121104400231	0.421677630541875
0.556103185589476	0.957852217869773
0.223234415432886	0.284631136829246
0.278676409303698	0.360705872204433
0.0533629054654577	0.0566570508324059
-0.100464484855781	0.112387220578309
0.162007593062052	0.253492489182199
0.837237961630111	2.07936793218798
-0.0686605810273672	0.0852233172874814
-0.405157047281232	0.71159959577872
0.0717694287760422	0.0798660365841949
-0.202485068210897	0.196580254360225
-0.295918187053447	0.29281070626408
-0.254309833874201	0.329275066920929
-0.525316853400588	0.662776020096797
-0.32193343455032	0.386734056014748
-0.31150609240064	0.376367777178461
-0.0950009726940903	0.602761438711639
0.0544860366948095	0.258530702760299
0.275265184202478	1.9124008151763
0.0742788895309834	0.293551733147865
0.237154650917855	0.552986781109777
0.684795569371003	2.64649914667784
0.283171821192512	0.716105465911248
0.102168569487338	0.157128419662659
-0.139538135811245	0.241620859728588
0.125485866764902	0.19483559902992
0.454335507525197	1.04526113050165
0.2919353948578	0.518316092804937
0.0165806046408984	0.0201251231369031
-0.0498928509824763	0.0589102549319623
0.261536807972779	0.459307903911916
-0.256274343430146	0.410675987594872
0.300289228589313	0.614559365210652
0.0706372372659791	0.104298177887173
-0.0246999849554809	0.0333910893166942
0.00345000813163766	0.00430450890340165
0.305830448159617	0.559820201296902
0.106799299370417	0.126820272911893
0.131780311982287	0.147839843018213
-0.0830587225706038	0.0939347303585074
0.0824159091221863	0.0859183898574617
0.555119068765896	0.991951617947231
0.197535899870737	0.277705946376981
-0.193177965872958	0.230290274708905
0.470861234903556	0.608510290752017
-0.0465750508158563	0.0486306166316738
-0.06221678117657	0.0492833736367112
0.0628869401196248	0.0590040530963896
-0.324902211544874	0.429363447485087
-0.0692679981972041	0.0589154493544816
-0.0333806244917774	0.0275399317203751
-0.409080649023457	0.522642627388827
-0.130223964802892	0.160747080142183
-0.678352184067927	1.52871604766197
-0.134007201320287	0.158749378884117
-0.465599297628383	0.748546975549704
-0.65984866499126	1.52135492995657
-0.554044521520169	1.29662885412268
-0.817781638678419	1.74471969312214
0.293828310032033	0.417620866628323
-0.167990456858685	0.164494800068697
-0.855483906081659	1.65486761981833
-0.381574704865916	0.618811229302752
-0.756557109106275	1.9689415352557
0.245254280253032	0.394873340731018
0.527791017861051	0.938918937083294
0.369552868892235	0.499396504858588
-0.0658049304394717	0.0750801705064303
-0.313057568306623	0.547837558077237
-0.482804265441746	0.863644489012733
-0.540604155703919	0.880561204939158
0.165722315620288	0.185490184189361
-0.0782334279780461	0.0900296077041167
0.639463077331231	1.28732803544964
-0.229541448634945	0.38362038246099
0.0314005394490057	0.0352984292596736
-0.279260962238826	0.42263680471679
-0.222666013903967	0.325348978091569
0.427223426454564	0.663187831345267
0.262032834924926	0.272155822482275
-0.0367727212897492	0.0300215324708082
-0.325352945187695	0.355450063782891
0.0748347169001698	0.0750535748570179
0.0569709817630882	0.0526787617097236
-0.587635193747773	0.863893009610408
0.0473501165000743	0.243074302134257
0.013865614953651	0.053065744711608
-0.0371614021953126	0.141882472756474
-0.0960691616752113	0.187736803193303
0.0602406512304796	0.103592746643466
0.43954611739466	1.08234976144803
-0.114339622244926	0.187675588292468
0.0436068232042965	0.055134272766543
0.0545180387786453	0.0688096124931269
-0.0818651211611144	0.122339470847733
0.127725488809325	0.193413653307786
0.132004607989089	0.202896576817525
0.280202903186562	0.385575096275976
-0.0565299155909283	0.0622820629938982
-0.447485443631417	0.606077592380155
0.020736818466322	0.0224323087208309
-0.220967318962682	0.281380554633185
0.404551652938999	0.595312148099711
-0.00646855211951254	0.00599372318261408
0.0106246531860607	0.00939251168773583
-0.265114905398897	0.369979073871555
-0.295832691317941	0.367700484671582
-0.863606703714541	1.41029611870824
-0.304760163280902	0.388534679891689
0.207630721833876	0.231938269610366
0.576297891451747	0.79495243121493
0.300255162464686	0.363659821032406
-0.298401429752525	0.329551411974856
-0.343274118919955	0.511373148061309
-0.356237491928726	0.551004100718104
-0.205502765454417	0.258271831010259
-0.199148402250975	0.264064909520762
-0.40459142598256	0.734799021613492
-0.378817019733576	0.658498983113836
0.0466994994319322	0.0447616855569152
-0.57811584043481	0.911623082368785
-0.175458960080133	0.171461941559912
0.448040538742548	0.538590566199417
0.575414264885513	0.811350215145906
-0.909921041037203	2.26152945953113
0.459394382573508	0.825709117800052
0.0884674480503686	0.09075864074343
-0.167733636172773	0.167337370132393
0.495140201826466	0.866859634047829
-0.148609551642261	0.212237662452724
-0.205653847215675	0.262771676167757
-0.372939156498814	0.442535085583121
-0.278621740530819	0.299947224460565
-0.0982590371117101	0.101419721486209
-0.26218021863989	0.337242598043024
0.117645867618046	0.155965111580428
-0.193344203144251	0.243102719716066
-0.243760799387121	0.371384386104897
-0.143878684893994	0.177601542004245
0.589009580444372	0.977487463123674
-0.0829813493879247	0.0698525137692398
-0.314601550633952	0.310774247086378
0.0879866784845077	0.0842751512087981
-0.67352190382603	1.00548817582669
-0.130983503834801	0.138581548060316
-0.625448122180289	0.986984816850958
-0.0166824102089817	0.0772775545586312
-0.170697610156254	1.34349047690759
-0.0642225031439293	0.121430219579675
-0.0734766424753028	0.112604069400036
-0.151249058861342	0.268488827872461
0.103633756478651	0.148648305419997
-0.0210897135748195	0.0308597748255705
-0.0909917067734493	0.0987471446163047
0.275254533025692	0.373765627278733
0.262702811650074	0.305825646857426
-0.483829854671984	0.687779198788999
-0.476758772502749	0.768340007627195
-0.406570056674599	0.581177106878846
0.574447283947674	0.894642959157166
-0.199889512400919	0.25033848596305
-0.504044224954508	0.635090348853601
-0.253401149873301	0.309716594382834
-0.857228987630044	1.32084162089568
-0.158412377990414	0.141485914792563
0.315422968685325	0.402423960707036
0.76079299550136	1.16476730167256
-0.10043336101068	0.0855330635351069
0.00329497605525295	0.00286236387014776
-0.225814240833841	0.246253062715244
0.0201248906111831	0.0221473300973174
0.0914752313601565	0.11417502570571
-0.0722053484701209	0.0803195129157998
-0.250238193993002	0.364127724374871
-0.0844518850418882	0.10998114305457
-0.499974556064165	1.12002627973707
-0.659727502623071	1.40742489021166
-0.433521586112689	0.620262087748782
-0.378810720970962	0.452248323014357
0.154850697687881	0.197419279483216
-0.0423943762066282	0.0432836242200798
-0.291417529865944	0.477702494046965
-0.270335223814446	0.382127393794766
-0.4484507795764	0.773998555040649
0.0138336107274354	0.0148409912679864
-0.0312485271754193	0.0393956386475047
-0.518963685459343	1.08405260363964
-0.805177859107397	1.53054050832069
-0.625427963991216	0.821696644788256
-0.0186790059504056	0.0156002844100307
0.201407785970502	0.206203927849929
0.255978212646674	0.308068389475855
-0.130703846349042	0.206430017760976
-0.0747846076826709	0.0930283673799489
-0.240248295963094	0.394469607770515
-0.439281083385561	0.783868835219193
0.397136005144043	0.576971140159963
0.477341328452119	0.592033820256627
0.280793527425453	0.294409274410646
0.0954297489543324	0.0870132488336213
-0.297588472042674	0.34016138658128
-0.626978187195957	0.928880071027877
0.145942856074823	1.17053098899017
-0.0845202081907897	0.197822658109746
-0.345034686359259	1.00304316976433
-0.435588597747664	1.41564211058032
-0.0465172365419337	0.0453493233443488
0.0623155579007846	0.0690326000249989
0.107131258720515	0.122291350640926
-0.524266441333306	0.73967650495383
-0.543884312165604	0.883897317792758
-0.0580698868334613	0.0650784241460405
-0.362458757686858	0.496560565293871
-0.565637200241424	0.738036075296385
-0.943538572629639	1.64410156894586
-0.389642098794932	0.576830056117056
-0.449993786770076	0.641529883330591
-0.382168849782365	0.52753568809005
-0.431040935980942	0.552678000921273
-0.615806709346401	0.910747457735268
-0.335720533904315	0.443942720648999
0.301954774021379	0.354635407610591
-0.409317461011127	0.425745036768259
-0.577798258758361	0.765668828270898
-0.6019760599959	0.965903671292271
-0.417240999222953	0.57510861349399
0.303977110293025	0.514932459522565
-1.18644602511118	2.2972744261096
-0.360848799428425	0.570434216205348
0.143370076644491	0.180066278551118
-0.266805423178663	0.524671637879686
-0.253126036040839	0.453860196220045
-0.529187191848974	1.26254477658868
0.466163101183948	0.889289576778766
-0.0961610974675501	0.135092426038147
-0.0581071207129462	0.0622202583475851
0.0919344295387744	0.116172943715664
-0.235242568620679	0.365532523889337
0.305549706271425	0.573608740536084
0.0029912105235469	0.00426710725080393
-0.237051213465187	0.483420172295441
0.104320577959034	0.142630728934643
-0.31113494601207	0.39497681141067
-0.365814262653386	0.331475868658978
-0.0373934645674787	0.0303884820729891
-0.0170773697451392	0.0158942554291368
0.0872712854586916	0.0777358323844274
-0.0490318478982939	0.0723367886657327
0.00236077263184909	0.00231626213596003
-0.210506977373449	0.412579015619865
-0.178975897054605	0.234040413258154
0.0653551106104591	0.0617595371438806
-0.14064876881676	0.117064130792768
0.161073449093734	0.156000325823291
-0.596852958409692	0.708886945615507
0.10781414744233	0.101809583181277
-0.931427066461925	1.60198987155495
-0.356984529925457	0.556640642214742
-0.107987301400187	0.101499940455597
-0.284288642600991	0.237662286139641
-0.443123493205232	0.543887846796652
0.0959192488553912	0.585811324570299
0.070682775571618	0.317112545221816
0.0986948305952156	0.380549773469084
-0.14660221080328	0.541566277437668
-0.31209497235718	1.24940201387748
-0.153561365243439	0.459366092312686
-0.493525247553236	2.39415807159446
-0.438573136394923	1.60326680008397
-0.450792884275398	1.75820048153612
-0.243705472690637	0.656335309624325
0.0453987239587336	0.06775172386052
0.022328449131652	0.0303312406299474
0.109556914065964	0.178502543804614
-0.249705553198245	0.470362434846508
-0.0216335938807291	0.0301567815767481
-0.396749752569373	0.746228716736638
-0.624203877664622	1.4979861248769
-0.686864404272613	1.90812059105579
-0.536311089859336	1.28311121715811
-0.327903354802707	0.678573956700848
-0.0631790707931426	0.0910277932137293
-0.403424735071804	0.791491667620564
0.114365903628591	0.150618959720767
-0.416152942740866	0.864304852543384
-0.0873637133584423	0.115551542932543
-0.272276207712543	0.447388595959167
-0.300319830211384	0.46042380253221
-0.419268743436707	0.89085996445548
-0.295903978068335	0.536810579194178
-0.94199975195402	1.99843970349995
0.0118265464397493	0.0131919773680693
0.0505939134744868	0.0652345090424184
-0.477143607498217	0.869367276201776
0.0475014601211728	0.0587261620027187
-0.0767633089261116	0.100909927959743
-0.369190722514607	0.683216570053992
-0.0199084695814453	0.0244703859453291
-0.138707438430058	0.159542401226796
0.893974287767239	1.27773987511065
-0.447253356024574	0.360028936014693
-0.140259559169338	0.104301300471419
-0.040355415413186	0.039844682349906
-0.955379596233579	0.892994921819032
0.0272158091588509	0.0180873914809086
-0.394816161403347	0.235629743957464
-0.319496670031894	0.316674928015814
-0.322198025211887	0.495956780933987
-0.0337824870517177	0.0419171725299769
0.0940896715418647	0.123251914928083
-0.41442429080777	0.767872033167228
-0.192935346921998	0.305119228680692
0.384503597383042	0.754199008668044
-0.231256377748809	0.301564163309516
-0.356544080027799	0.597883619717019
-0.340918330638055	0.613728898731885
-0.401680741870364	0.665774434020268
-0.292392685231591	0.429839868919778
0.0859634642469004	0.100470233175643
-0.162568599246249	0.221723324745816
-0.188560846315312	0.255784259571229
0.148621205170116	0.198450828305443
0.0308551765583692	0.0341904350168233
-0.465068010228409	0.773445065149325
0.0699341931157022	0.377056245830156
0.0101012894177617	0.0361212254888586
0.114972726084443	0.448319599708998
0.0348892987945058	0.0898101624932727
-0.060358193135402	0.162427304760555
-0.138849844224581	0.399197334313504
-0.393068973413638	1.46000558870137
-0.183920778408659	0.479060674772446
-0.0465413412808175	0.0632625179439035
-0.0430003253589641	0.0639142376625633
-0.263570374096837	0.502637725828519
-0.327754596013453	0.679799107870762
-0.141767101955896	0.217569060017733
-0.173776312069691	0.301344466111548
0.14668704622607	0.234553558170079
-0.35692695825024	0.694124215151257
-0.192562893194352	0.292129403755349
-0.0451855936555733	0.0602576611779732
-0.171740693510055	0.283994721034451
0.0390746091909135	0.0502976222957907
-0.00205537944363918	0.00248994639471444
-0.404681868649794	0.744636385985947
-0.0693084702752087	0.0948557411958575
-0.804393873129825	2.08739090116606
-0.276405452463249	0.395414662984524
0.190828306266379	0.248410951432102
-0.162813772673139	0.23996248660556
-0.529779127442165	1.08898889841937
-0.56794650731903	1.1743287834334
-0.0343307730065387	0.0314253177907996
-0.315111755832419	0.240630998353179
0.007603275400023	0.00457274053589428
-0.980655963522708	0.807305661381382
0.0374339439080279	0.0371686126293888
-0.0401209470274099	0.0508054959050564
-0.795187566127839	2.02776350185209
0.325310985601162	0.563461296323633
-0.0339065751894458	0.0410163555848119
-0.143650479352542	0.199729077035786
0.449355323503848	0.485991212882664
0.28123890501187	0.374904777640747
-0.277709704857696	0.281431061947254
-0.2856654019091	0.263558294340103
-0.0289453939438137	0.032721964023394
-0.308371999523789	0.448864928943602
0.207750142474034	0.309882103994098
-0.244365189354883	0.415696393802165
-0.038859379691463	0.0479368127149131
-0.198298553256241	0.28948530912209
0.353386369253516	0.631548510490685
-0.227271751078684	0.307613688845207
-0.152787591657319	0.189860287245437
0.0668981806118172	0.35595942526206
-0.00579266631398171	0.020303539406279
-0.170808821344637	0.723827024906156
-0.159045961711886	0.585738449719297
-0.203119737928715	0.748722343388009
-0.414498316389889	1.73589561030788
0.152032028550958	0.418505951446894
0.0832100083300725	0.121607704999349
-0.0619706647430326	0.093823192081398
0.15066344406933	0.274866936557237
0.0535250230014296	0.0763289704299444
0.15000267591454	0.241438430878808
0.221142070672539	0.366718473124276
-0.151551131849162	0.255745656596865
0.0868198210873272	0.144903061589681
0.127210979780818	0.209123605042353
-0.155739745712805	0.230132303527144
-0.244375484195488	0.429207724412167
0.0823452069388431	0.12344691008693
0.0313289908732283	0.0415624888375281
0.0325743565113303	0.0402344071195437
-0.629756876284897	1.40491460406969
-0.3244687022187	0.534844491120404
-0.191596915419499	0.299877475895117
-0.0858988838133307	0.110393492150992
-0.741264652577658	1.86640105352647
-0.142700967910619	0.180860123328317
-0.333944468912484	0.508112637625965
0.0210354875723123	0.023494145233888
0.197224071637237	0.267489541321264
0.132073977475711	0.192776330685719
-0.86163709371727	1.96988813053355
-0.45921705748195	0.503109803822006
-0.0792476785593841	0.0533234914409371
-0.406161554371327	0.242859125527926
-0.617340892537928	0.39448721839131
-0.336395663238803	0.209673121307576
-1.08242155818202	1.1957404248694
-0.95749325067315	0.892293066855638
-0.535299494052844	0.611766888803187
-0.283601727405513	0.420568828705788
0.0215867333609546	0.0265013939116268
-0.47790434388447	0.983925995886784
0.494764968324884	1.06526903069884
0.142956080712446	0.186588316263216
-0.480146352286142	0.511066666482686
0.259499128585927	0.305683298480714
-0.0740639376939095	0.0581513648203941
-0.474813858358777	0.546161835637557
0.0262474267746501	0.0273727770128847
0.335089634007038	0.521973582174552
0.445526941801996	0.790836300459785
0.0371537438854924	0.0438582558868976
0.0299488314869944	0.0329486014289406
-0.200300496544711	0.273916504391143
-0.129529627361623	0.191100299458974
0.0310209412074913	0.0337201384040874
-0.28174263785133	0.432955617798843
-0.0490860593880669	0.0574669907849995
0.0523730242997909	0.266715810300092
0.064637952633559	0.278338456977575
-0.0967543329622725	0.363718556422794
-0.0966378763428376	0.312280940396619
-0.0296700036564816	0.0714818586311903
-0.310830488619464	1.25873515516277
0.0642272639427267	0.151187083048862
-0.0935737968519813	0.224210800153257
-0.0591915193499384	0.121317226075412
0.129783440285314	0.213101696908888
0.262628426764607	0.619618283543938
-0.0231729687689942	0.0295556582091838
0.115103317139858	0.205507559602441
0.208342416050357	0.395481329394801
0.157309658623257	0.283753806885733
0.110850728334926	0.190915203038197
0.0754066097997119	0.119498398936244
-0.126767298989227	0.191695485373096
0.0737087455664231	0.10860270783546
-0.412194847044982	0.968629087457607
-0.438486019784127	0.960122617402543
-0.179308192288213	0.285116600500004
0.0623897670185248	0.0762268594415144
-0.334902675144695	0.617988582837014
0.196052234375248	0.331355721515669
-0.546592076216626	1.04005508032288
0.00743753450263748	0.00828577145174059
-0.255107289548179	0.421925697436086
0.0670473373680859	0.0924370311719942
-0.284811991734582	0.429125070037638
-0.443470892336989	0.480990143681715
0.838562736993237	0.686804350200632
0.232378655680452	0.182173375879195
0.00703794639127319	0.00427385319718004
-0.376169980244826	0.415236169836945
0.0703624861609881	0.0854840671168086
-0.285003469079487	0.472174139031348
-0.39005682991309	0.782225407892273
-0.254073662407688	0.448834183104637
-0.261903980682309	0.458064365937314
0.137197556003631	0.152372758193154
0.427976298913787	0.668592151633967
-0.126640357500902	0.106889617376667
-0.375822503878295	0.336730985051114
-0.0368498976433095	0.0424579664145874
0.218524568602932	0.295167751620958
0.235392827133817	0.405096610511989
-0.215501246370947	0.339089840926866
-0.30994406751228	0.518309270377519
-0.279628463094808	0.480816232287425
-0.410344621060593	0.827667674332154
-0.292276134680603	0.43770082471901
0.0803696503563516	0.10735362552535
-0.216349636856568	0.266664479427594
0.0229030611217885	0.0993747351776095
0.011389627445386	0.0403233578950179
-0.0399858500812381	0.123645762595869
0.121554577964172	0.3728930389131
0.0119815348409937	0.0269159962749156
-0.0661912903473764	0.154642407595405
-0.236578369509102	0.713637513797112
-0.147160649502686	0.34602379426297
-0.16927066970993	0.395249050333538
0.130328382692212	0.211038332329928
0.185009533083552	0.331900785811986
-0.0768705197653518	0.113162636867119
0.0405619658678822	0.0590540986071501
0.00919226534528364	0.0133090194397892
0.0141234609963847	0.0192122051918177
0.231651606429026	0.406093711823063
-0.187926045081013	0.31298908993919
-0.290378080852076	0.590590674032787
-0.325661056947057	0.613421429261981
0.251232348649899	0.417566417722392
0.0321094180824302	0.0406362965338311
-0.146989834862712	0.201588299679327
0.44007144349267	0.748923595823029
-0.254205323841496	0.292067714455177
0.147109547197136	0.186213367676319
0.271494059609722	0.432562876225227
-0.486957440569116	0.874018341593444
0.314476967578758	0.263497669144588
0.135492293767641	0.0895447553683742
-0.220543629987186	0.126037929873376
-0.269453642695918	0.271875803458696
-0.188189323215624	0.251738362912623
-0.366381870625099	0.600703577274945
-0.189641307438139	0.255594551448462
-0.105020198248038	0.148451179374477
-0.461123544167176	0.803548684037165
-0.136519680905764	0.122447350865102
-0.678502494447742	1.01558957017815
-0.2992602334426	0.254076091064975
0.0102091035923127	0.00646784847419688
0.100169456432788	0.112125864835346
-0.182521935132201	0.246872880918773
0.149996752335931	0.202669562115973
-0.0656826786404748	0.0772129809288931
-0.906795595490305	1.69531284826229
0.0700904013216221	0.383290368065038
-0.010733249453882	0.038703924258122
-0.114595648609942	0.429396874244133
-0.0161897418309393	0.0425422976139215
-0.167356928495529	0.564450782405128
-0.109334112209011	0.299529373004101
-0.0241698517175137	0.0496934746549512
-0.0894930162776636	0.189993644366226
0.00210160405623625	0.00345002728706148
0.197753560979232	0.386934583384869
0.199175681431457	0.398747438102523
-0.216296427839133	0.444361434194847
0.129084442815417	0.243303053605427
0.0197247051063209	0.0288777781099697
-0.00756549002036365	0.0105736619311357
-0.21625960114786	0.41369633746686
-0.411668569270131	0.907633829261811
0.10023442890525	0.155136703825951
-0.168770616745799	0.248109237014044
-0.329253609995199	0.556043810273712
-0.263647796822052	0.380186252110321
0.0897973095246149	0.103867184669898
0.14111512067285	0.197195959123816
-0.117787370628163	0.165299319626575
-0.775820542329138	1.70900233588608
-0.118235135781579	0.121594237462168
-0.0114891536680753	0.00679227687415389
-0.653490306953276	1.5923358648749
-0.235782998652949	0.408738119835319
-0.0614839883205058	0.0838174482198201
-0.138083182854096	0.189332303278378
0.126773772222862	0.13495430350211
-0.23762456227132	0.275207509277615
-0.290952581518987	0.271754271267954
0.60036519034358	0.671770161365586
-0.394461157418873	0.688238814227749
0.234463345950947	0.354060893442177
-0.0945717232535308	0.117272238519452
0.0373780579393852	0.183020957625706
-0.0370513703419314	0.147077460072218
-0.00192272777832848	0.00558563865606121
-0.00802995575377855	0.0215536760224934
-0.136004215389545	0.430523411967401
-0.00881462251145727	0.0191571767268769
0.0931040988120451	0.220714211983636
0.0358000543185658	0.0564419565369224
0.12519445987034	0.244653158774464
0.0624093297192028	0.0963671983438866
-0.216531574157683	0.383772273584753
0.0118872274885222	0.0155687877916341
-0.180883044771757	0.311152662563294
0.0778463476428827	0.115489991909346
-0.176260521769623	0.308658814903286
-0.319419416560207	0.520662776092081
-0.199397653015249	0.311720891430927
0.318059110326831	0.557301325971838
-0.544566039300556	1.11742987637977
-0.0130133782780398	0.00768413973424097
-0.181346803411427	0.176629190919176
-0.12060614882192	0.16938735187911
-0.199221127343792	0.282999122462611
-0.203310202225347	0.333579836706745
-0.308692014458201	0.569789191692816
-0.062612458469032	0.0778305353954784
-0.465175143334652	0.646180500277255
-0.263102716854372	0.362155794001619
-0.0708557689135066	0.0624372212435466
0.0154148924759584	0.0117845272728605
0.0745536333508444	0.0871654368947378
0.241678143823574	0.360898401483676
0.0858090047103828	0.110872604893179
0.00320681533493455	0.00406365703509783
-0.218282504309635	0.353496758661354
0.105173398752063	0.632877277916859
0.0531729641034007	0.220023435430513
-0.0236836319217618	0.0684222985931986
-0.160784201736156	0.541205417770478
0.000771716903033518	0.00165940099706587
0.141595210002492	0.36871988022245
-0.0403222723739378	0.0767396304445213
-0.303194956441425	0.559055027139794
-0.277217553300574	0.45061759456006
0.0349895908262132	0.0429248703018996
-0.151445834987231	0.255460279243607
-0.173467627664446	0.239844302794068
0.0117372062175513	0.0141461580036931
-0.531689775275515	1.06058078313331
0.276194370034327	0.446846412203286
0.0144138649179113	0.0153493631614853
-1.33290025540734	0.597263959938735
0.262705449575913	0.136595132566802
0.749462891095955	1.07341441556917
-0.241521578973313	0.328542192979481
-0.380908173246552	0.571468422658543
-0.0603780390339083	0.0755456278639837
-0.183674422029855	0.274649863632501
0.020474117239404	0.02223814118544
-0.0916419917244163	0.0862424111787422
-0.554854149917302	0.592273308464224
-0.229963929363247	0.285961446315016
-0.0886941122017492	0.0964670870836595
-0.0934806047037938	0.110411091228529
-0.105006028805846	0.132795843440367
0.0237463046378714	0.107723482342285
-0.0059501602229606	0.0213106563733934
-0.0535294619347163	0.172522899015959
0.0667696767623591	0.19095322404175
-0.269572668757276	1.04274939847542
-0.0101700436440027	0.0232835000246982
-0.0178291898291827	0.0373921326899443
-0.0711090083675604	0.15515659517215
-0.378976409441774	0.795121258644847
-0.284853239301301	0.60413439849968
-0.178481039568974	0.2796616123065
-0.113301746855915	0.181283307106615
-0.190810602351613	0.287523753122185
0.0946969660298872	0.14852904277938
-0.38628816870361	0.769866738241299
-0.608964209180556	1.22953658536028
0.000367419348783224	0.000396878314540499
-0.00899513799111027	0.0099551716146327
0.253764645561627	0.451389678139722
-0.343285478747199	0.595987357350875
-0.0114490610679616	0.00675141956455585
-0.013684026354558	0.00798957330720811
-0.529254877834824	0.342841268087357
-0.117422960148484	0.0519310758437853
0.231691480134143	0.16499613271074
-0.307562693531222	0.373830989379444
-0.0415184173322588	0.0473781338226598
-0.478263325258411	0.946117980950502
-0.646338027085789	1.22727626617997
0.0901019286566903	0.524423190176067
-0.0309582110716608	0.118095126521361
-0.170995033360747	0.727645894638044
-0.167313846547067	0.570172125158531
-0.0931803340815649	0.268795681543245
-0.224135596747519	0.736245152548467
-0.222062382077407	0.720586844744828
-0.216945138402632	0.547691618329275
-0.00276695287284071	0.00334341501158553
-0.0949856504187414	0.150588267806621
-0.199827936048802	0.341567406832956
-0.264731241990882	0.494996999584294
0.0417014742917169	0.0618509473250422
0.0866265809503756	0.128413539565026
-0.112105102638545	0.186179174105745
-0.0690057520365645	0.109668429743231
-0.0239900860234419	0.0309697035569557
0.1323445440486	0.188269558450294
0.0425455453538249	0.055326968710773
0.453459212063607	0.813563701265387
-0.363669853671684	0.577173480895119
-0.10706546872539	0.135772230895891
-0.161515172318521	0.214979600757495
-0.123543554808225	0.143445327843342
-0.413152266466534	0.450762462306696
-0.548660223847481	0.552155028504274
-0.064778757149991	0.0329707929574944
0.228981063114784	0.145422943950287
-0.675624002686525	0.328280457663986
0.0889237673608578	0.0479538300164597
-0.864308991696717	0.451709065537755
0.105115611472631	0.0644110964025862
-0.297400519091102	0.199233079759857
-0.376249470954027	0.396879380756281
-0.249046576239659	0.361195014555943
0.0478165646307271	0.0551301099150859
-0.525563468891222	1.02316181769372
0.0586594196188976	0.0830932283411654
-0.497228183157787	1.01240386426233
0.0119834951091203	0.0100111913520353
-0.15311174724248	0.173335318021094
-0.348616719528636	0.453086285132124
-0.0156087566236274	0.016908978100483
-0.115132447492615	0.15945610137553
0.0631081577001117	0.326900130005239
0.0492133430820898	0.192021868320727
0.0783358087815582	0.260645668874619
0.0359651817747115	0.102287430701032
-0.168546167416051	0.564098117051476
-0.156024099025154	0.445572791254056
-0.192731349101033	0.511508955266042
0.0723322728942721	0.105295359240159
0.0213547133241098	0.0311326801976615
0.0284484094441134	0.0409854083115238
-0.146053855659095	0.239091393831608
-0.062793485521513	0.0925808773862213
0.161904060400409	0.2844272329849
-0.00164060508066325	0.00220803122592827
-0.0928249995449255	0.131015684586988
0.0780783589289018	0.109214506384079
0.173205172751173	0.240517030236585
0.121014234768366	0.150258173752397
-0.374521759099042	0.536711729088507
-0.0382859870607333	0.0472371207251196
0.134624698707857	0.195786125470913
-0.0974303284700665	0.121898364467347
0.531949485514359	0.709603167747471
0.0971599824482797	0.0598444943198626
0.268443933803704	0.140217974510144
-0.569273673385637	0.418215618804277
0.0876342672135176	0.044475529285081
0.472468759486759	0.257181522028056
-0.179868550162416	0.108824735665402
0.442345857428424	0.542052775520821
-0.499326112487039	0.924517333619296
0.13964818943878	0.179904216957015
-0.378687404590175	0.629278368764062
0.0831505577731182	0.118436723943281
-0.161064863251157	0.214329266721165
0.175453557919369	0.18953766489681
-0.626832036949441	1.08895206118635
-0.590442029234244	0.687200761602402
-0.192949186289935	0.256535761652998
0.0825866941041073	0.460438416776329
-0.0168187604885064	0.0598130907655757
-0.0415525528908449	0.136279567985407
-0.049416873639994	0.13614321351379
-0.116906558943007	0.338145458026001
-0.0157902761449514	0.0311833909559338
-0.322352800807382	0.701728389872059
-0.154353602844594	0.295351494770346
-0.0799452728096051	0.136006007410227
-0.161882976435543	0.290828402765842
-0.329027479181495	0.689495807303412
0.0740046809858443	0.108862121179284
-0.212971413647411	0.397878756568347
0.0625715740566777	0.0977916821045545
-0.0280227967663921	0.0368856874763506
-0.0932744323527364	0.123942130847629
0.381193983117907	0.578180140690135
0.43974186296629	0.818231976899024
0.268561366458385	0.443716508205977
-0.0251590137989698	0.028377687915242
0.214342274577366	0.239005457213069
-1.51944291071509	1.35531338146028
-1.03699068438773	1.01279917763223
-0.107688481994146	0.0817900523108063
-0.164601410732236	0.119881341133991
-1.07479457007623	0.972681636892159
-0.86212527830197	0.555178920046023
-0.507127085097034	0.398106571617137
-0.262041528081804	0.247187997370608
-0.279795366792564	0.410404648370549
0.246093357349522	0.384070088881469
-0.288244002703925	0.475372290893076
0.502765346403245	0.97946202758212
-0.0374645367087775	0.043300116584102
-0.0487919744306078	0.0391682864402558
-0.00990704350751802	0.00940196230830679
-0.711566744662231	0.788770947721413
0.0300440857182333	0.135560767713784
0.0613594933023562	0.266809793515569
0.111937734380639	0.424126097294743
0.0801936924866786	0.241092759636061
0.203327820854722	0.657654030586506
0.112758157883422	0.226167002790206
-0.0521162053954769	0.0891960852692914
-0.20723338446067	0.405649932134246
-0.00965382417937055	0.0131847446877114
-0.520575290568956	1.30592342753981
-0.0500449788155913	0.0724900969862083
0.142993106425463	0.198163742978812
-0.44748143576993	0.730085064391409
-0.386369074626327	0.470359599346789
-0.103769786317212	0.0495404646599955
-0.403100894094105	0.576387689703932
0.220861213163809	0.33357321581815
0.438998953320189	0.801295595969464
0.557901651011516	1.19051893407699
-0.255905804011689	0.416684937554335
1.00621042634547	1.99844039705973
0.456999569307899	0.625035856443681
-0.815446159641728	1.22994211348522
-0.594314014247305	0.782338872601453
0.0218145280291773	0.0998023240360169
-0.0547520422901814	0.228854701803824
0.0640762415434064	0.227812938868429
0.168269231138421	0.619452760554218
0.276240866449767	0.80438989577687
-0.0954906241945637	0.206779197723194
0.0451838065550092	0.078661975849746
-0.156577866240244	0.293177499603589
0.0158943030572089	0.0233324668184598
0.165858741186257	0.294110470399769
-0.0962935276252387	0.165337752746171
-0.105091920942991	0.142237873308855
-0.0584469413085621	0.0709709836270717
-0.319385522196785	0.337437264866998
-0.787999511083978	0.921334613146381
0.0891051641474441	0.0440616406486044
-0.173787411935728	0.103830036355245
-0.125622305944375	0.0557449640536407
-0.296456702450088	0.315441520428723
-0.989197804473817	1.11494244070268
-0.827807360930804	1.55958689162922
0.156610370891986	0.210687309049324
-0.143246285214379	0.218309313206818
-0.384554866010409	0.75524527381383
0.13028592262545	0.214458760549156
-0.605293672158967	1.32295690462006
0.255178150312862	0.287858652410365
-0.33635312300353	0.448021707311837
0.0773490972957604	0.427527739519747
0.129209182343518	0.711636763024259
0.243381721170266	1.20004580009833
-0.112406273656182	0.248887030645926
-0.0997260647600431	0.157955041502376
-0.243783354115552	0.495671349738759
-0.488390806996448	1.27906549003104
-0.257113118832302	0.5036673979356
0.0682067642519403	0.0840677285945414
-0.0487981980190704	0.0426548747541421
-0.599053224025851	0.506467675758065
-0.140957805272063	0.118349967683231
-0.14055245277708	0.130396654201185
0.210663704952545	0.206315294349377
0.172417126779059	0.212678579696373
-0.0929555290542937	0.124100336366268
-0.0383440004589939	0.0465876217458314
0.0564533950235189	0.0751825723378084
-0.441640504634136	0.756457637897656
-0.129722029980483	0.106757727757265
-0.166669039665415	0.172771244751006
0.17937336652406	1.43611706225975
0.300004922118937	2.49425382591542
-0.0867935971393458	0.246049831689849
-0.165485059037425	0.484971748169411
-0.262197537761027	0.879467257143509
-0.342633899502844	1.16611141193594
-0.224503642614088	0.619440048327835
-0.0188444000313296	0.0277548703727649
-0.247082477186362	0.491756732374623
-0.135995609079309	0.234985769749176
0.15076870287744	0.179818074036207
-0.145518809375081	0.145726756289253
-0.20760522319944	0.329345271947433
-0.0278762385974025	0.0362113412524099
0.0671782503278604	0.0824246922739265
0.168153284177621	0.277427175637464
0.067162757253601	0.0872333655427231
0.295193624292084	0.375020598056312
0.703960170988819	1.4768700318479
-0.339603029809153	0.333074078443201
-0.361709977245933	0.370300322283022
0.301096957432966	3.12465041446978
0.433297016718962	3.06554496477004
-0.322772093714562	1.7026949930333
-0.267077081927471	1.1034888803898
-0.290319228943435	1.17453360962844
-0.533165955672503	2.43843072220318
-0.459950322726616	1.88581224438655
-0.699326953900546	3.33379466314482
-0.0101928471034838	0.00973121059944348
-0.228600695199723	0.236928817919907
-0.144566350178921	0.0888424291382285
-0.131482906335761	0.120723856294898
-0.213105844589293	0.22476632405691
-0.119020667727507	0.129077303309737
-0.510142387951637	0.951407586326363
-0.0669487454680955	0.0789393799367267
-0.466181004096603	0.781205867989377
-0.382690546012607	0.613451065536662
-0.0888289222371009	0.108632871090894
-0.112971728168384	0.130870450388059
0.429573430460268	0.589206231491161
-0.0421470857132614	0.0388488498240943
0.231674066433352	2.20176842264457
0.0630987757278795	0.320901658451374
0.00953262269992531	0.0334836038877386
-0.365350092751837	2.79976485922518
-0.679460925147601	6.24815602914147
-0.257893824844749	0.310241295299245
0.059802863657027	0.0788401122097883
-0.00505671939437602	0.0069969261768624
0.16252119842123	0.26247115390855
0.121102908933454	0.173988047702015
0.16155011809905	0.282569414732289
-0.0841831220633737	0.0882689431835724
-0.105888323216179	0.10879389053946
-0.20256619263351	0.368228736094298
-0.517634765017334	1.00010248777975
-0.0932021726787651	0.0906927987208616
0.219640397338575	0.188229017909192
-0.602885120251432	0.711648928134003
-0.825052952175851	1.31058325743466
-0.425313971810114	0.451803498121331
-0.127151139074655	0.209925096433007
-0.118274644850305	0.136567748041426
-0.269175214193597	0.508145392367303
0.053067239060954	0.280171031170056
-0.0285463723104034	0.118025895691805
-0.298190349187328	2.07018988133848
-0.731895741942514	6.62532418758592
-0.0325862366685151	0.029701099850319
0.217548633470597	0.206501304059226
-0.0857525599164825	0.0729660223398451
0.223860789992024	0.230873072865601
-0.445237184100233	0.551241950246818
-0.083165375480941	0.0853640357573949
0.0117270891505339	0.0148343830661546
0.0156083364720174	0.0240584264719737
-0.0387238422481659	0.0517233616350978
0.155366648415016	0.256415027595599
0.0690052139548645	0.0832980818150126
0.5954725855008	1.24443304195455
-0.253100378863074	0.461346221036049
0.0759657569685371	0.115233511123735
0.164466760777181	0.297858806124098
0.20678456107937	0.294448458442334
-0.416099843820072	0.507195493179459
0.013370925179622	0.00856596950215767
0.560016936971	0.570901943184889
-0.0673157451475253	0.0524362813618872
0.676848231111697	0.883475016453272
-0.554284105619708	1.30419565068293
-0.00484590655168689	0.00484902483906499
0.11017842784424	0.168443543896028
-0.092351006691206	0.158242593349369
0.0205249225812998	0.0903680899950274
-0.239205357576076	1.89496999985803
-0.374856089629974	2.80574941784907
-0.274067077749162	0.490883718022063
0.150394719841836	0.220083938963049
-0.203746745314547	0.32713174845325
-0.580402025278176	1.07301637862711
0.431209722257091	0.685547520138286
0.393378464305172	0.687817242340716
-0.809975940061404	1.72129941909288
-0.311321775012118	0.412051858009076
-0.202262291601799	0.257649282205785
0.246772597573509	0.313131152060371
0.115034013987724	0.144333342500217
-0.0178504472449575	0.0218040050589264
-0.292897683445752	0.49992427356103
0.0357132552450667	0.0380324244574712
-0.00670540677402078	0.00769428407260249
-0.229914051861381	0.297008057141148
0.156537316830701	0.212259366797112
0.0299659379127849	0.0347664909700274
0.137356593703946	0.157211795781994
-0.304013151948686	0.522769320707812
-0.0397148212637202	0.0369243553430245
0.0540108019533172	0.0498259765597555
0.444648487881545	0.584961258303453
1.1300525692076	2.20008084419459
0.318271597334495	0.369855911617056
0.104054321830387	0.150937009254624
0.27761232997682	0.421500293207463
-0.0746420964243566	0.101282315201953
0.15551110859981	0.23598022585158
0.0488707690033082	0.0592123806906997
0.03643514135158	0.0311058499735517
-0.0710703452433164	0.0620985672147412
-0.0400478699675675	0.193231236122742
-0.388630402893882	3.97545799542372
-0.149349522057816	0.284051155886407
-0.396057571923194	1.02706340052523
-0.15634081759534	0.275816572199915
-0.541296290377196	1.39268566268624
-0.199278859797991	0.316926354747538
-0.198779343898862	0.314294749612545
-0.125932842836455	0.188237050166893
0.0703843360583881	0.100593130915191
0.317592451360597	0.493673602894918
0.0461767642662832	0.0545466131052085
0.0206115967261883	0.0242951062861343
0.147275380711715	0.212481349791004
-0.125293815832635	0.136873998337469
0.161536741541731	0.149835763710469
-0.00597378672241697	0.00438819276716651
-0.711142225160454	0.782081723084821
0.202644265160194	0.256276814060897
-0.0952607343018153	0.103294288389326
0.0895278523389695	0.0749716784506038
0.483367858794419	0.540683878506696
-0.61525310299382	0.544631773436318
0.0574544857617346	0.0484206490706376
-0.232386426557364	0.35432453939735
0.0183721812636876	0.0206738169765044
-0.112483739093449	0.122595601567628
0.450001438232852	0.70780998304629
-0.101325873405904	0.116414342176292
0.475640881425781	0.783543798766395
-0.238282402885601	0.306971299881934
-0.762081963199807	1.44238334752317
-0.336643430672749	0.470427740963645
0.409382999882065	0.574766009256378
-0.0281756916153584	0.0352135720602393
-0.57027978234862	1.10998641342539
-0.110224309003076	0.1203606318857
0.084590036477886	0.0881437777597492
-0.635648887450889	1.05080735548301
0.00849734333254089	0.0354616022585268
-0.27148306719856	2.21700963632563
-0.174620484238739	0.771525826137329
-0.0695780889335802	0.209482394749461
-0.0590631707736766	0.149709635990983
0.0568847204615767	0.0955865259689236
-0.20119318625778	0.411973108446937
-0.278681273897374	0.666101044399935
-0.218038776546833	0.459521050986976
-0.330420768728944	0.772473686326441
-0.0652007653469024	0.101435514500895
-0.208030790017909	0.384682476882012
0.121816313015481	0.210008964214207
-0.618829362238073	1.77026115325118
-0.360384725573624	0.657246722422294
0.0457937341293793	0.0631117169081087
-0.307126726243564	0.576724266566208
0.0448150621365739	0.0578287572790264
0.489334960111532	1.03490429389307
0.0764873468198764	0.110472960851598
0.085878065729126	0.0740621298083569
-0.498931529193185	0.498266821512356
0.516291045372916	0.484643841343719
0.114557812606846	0.110754103604893
0.174850615107859	0.212106215917096
0.891426574421337	1.28255396181809
0.391181480681769	0.355284831794134
0.233320350710566	0.15853700704179
0.21539217598819	0.204835278437863
0.015244373086928	0.0170098674033072
-0.297015484323684	0.442693647293777
0.133304800029028	0.161831237836407
0.207643910521517	0.27868397601694
0.389842869157713	0.615912550536776
-0.190082360024244	0.256908460433635
0.371755431160231	0.497597272408608
0.225375880290234	0.331404120490838
-0.73722832426554	1.26851145260085
-0.250671282798759	0.285364122676229
-0.0507957932109952	0.0630631110915063
-0.240018919425619	0.347563070933146
-0.0183571009089197	0.0185270350865028
0.288213091262685	0.439834907667698
-0.425353973558213	0.675599761502695
0.14145875617152	0.965548014319281
0.109323231337793	0.531204341002684
-0.0255438576855301	0.0738090917213801
-0.073417022998891	0.198641971080891
-0.0842323280160062	0.203458316460152
-0.0761290567140528	0.177731184490835
-0.150138759871845	0.374903660450044
-0.018886170962213	0.0294410441719773
-0.310295572969757	0.833433186184382
-0.451084527525984	1.35142595358275
-0.354131067804927	0.945316620465805
-0.433168317398487	1.02033026552429
-0.347399086951458	0.754301135203786
-0.387178765848939	0.846478634037232
-0.0331676458212346	0.0507681994974483
0.0360016999651001	0.0496185610913424
0.207812652769754	0.329048301529777
-0.380876085669626	0.755242170822019
-0.222326035287043	0.370105427076812
0.0350308977746443	0.043082416000934
0.0171573070921371	0.0211939973750193
-0.296671664402148	0.501988153530513
0.0902307316112676	0.126834793004066
-0.112990025296273	0.150582564607222
0.153835795952321	0.149479633628636
0.525996773145059	0.55649134855818
-0.569543892293961	0.431940487306342
0.775476867309309	0.660656549210962
-0.153918819020698	0.153229886638064
0.595472617835772	0.98139375256117
0.48475323696924	0.474195436515148
0.790167220823761	0.543669709786435
0.779788114358372	0.668925535185482
-0.0186195195061562	0.0134564709340748
-0.143309826909481	0.174332442050827
0.445596831248947	0.749829424581589
-0.0777140460566952	0.0878321245017962
-0.236186192287009	0.329291205368814
0.447368642314483	0.827232704002522
0.505948427419993	0.863619760504766
-0.0186869970110618	0.018182083260844
-0.110055379199689	0.123808961692309
-0.188553016679943	0.17712550574153
-0.585555149910656	0.732621189942125
-0.00416916079110086	0.00423924857980366
0.0915032524723766	0.108181624080667
-0.0679040967591291	0.0784115529192754
-0.0997174202119381	0.114656028887215
0.144790154363673	0.991007676046095
-0.0894291892357851	0.42056087268926
-0.145073029518214	0.43695005413306
-0.266035182832555	0.875058123474836
-0.329688447918047	0.935228785402354
-0.250109151339553	0.576992585545365
-0.12921064764458	0.240833505913583
-0.333398524157431	0.800081109051902
0.0911476717666797	0.154020218441458
0.109780315589256	0.207512438841443
-0.162556287441948	0.295324976663561
-0.248535305181077	0.459642733316906
-0.246892450667478	0.45938151183219
-0.368536689175179	0.72724165395999
-0.481683140094208	0.931867451061637
-0.0148793962041421	0.0167498272156151
0.0888581668454764	0.11759537314188
0.270355031861977	0.47325438919669
-0.192124801115861	0.297089830320814
-0.151436914397855	0.152307609696894
-0.162596051800918	0.119157836897426
1.06227328332266	1.02104660900432
0.089749608490271	0.0484798012640166
0.347316919431575	0.251045243275708
0.942353328417458	1.5091766236078
0.113594534494434	0.101400222505143
-0.599658283638703	0.509345179490047
0.921368861380874	0.715491840004478
1.71807471801605	0.941386230191873
0.223777786021684	0.16470608107876
-0.432630184178813	0.470329667622074
-0.0179896045090824	0.0181797276298969
-0.472928078188694	0.876398634830064
0.116285335691848	0.155170585311046
-0.112883265310447	0.156456780252977
-0.362266905567441	0.618113614528754
-0.102383458380594	0.0964800749179356
0.122733629676881	0.135930174955459
-0.416104297416082	0.386722478726176
-0.0572752087286157	0.0632286814703141
-0.0952398595195063	0.0993809184183021
0.0101136572764911	0.0111184868076204
-0.210924855282904	0.283345825854636
0.029722977667327	0.139204417602916
-0.0590100150113236	0.251255450138917
-0.108999041599859	0.450118261091919
-0.220474028340408	0.964578205347616
-0.17576630871477	0.659146735268001
-0.2553251845185	1.02604598459175
-0.194167874284839	0.62948403097263
-0.271489283705938	0.815488709468125
-0.146536571950594	0.34604767051776
-0.109310653038701	0.257652208720941
-0.653863335460682	2.78655485662478
-0.0775356100768544	0.149947153892038
-0.219841170202778	0.52573061429178
-0.187643113696612	0.39282524736009
0.161701784786524	0.330093885003592
0.0991858248129998	0.18703579340754
0.540301706768994	1.49032798200172
0.0239826298427096	0.0342457419039736
-0.182305037701418	0.347493435117064
-0.350544378049583	0.678168121411954
0.518019126246291	1.19292946259387
0.243247553026305	0.410874461246593
-0.109664662508594	0.165510433419486
-0.273636021441856	0.49109473427704
-0.121486217686163	0.132259559583336
-2.73898061093815	4.10826603195505
-0.230378344820271	0.161326944354845
1.1771474608006	1.31934927443217
0.471611787400151	0.367991306792626
0.132691013540475	0.104149654389837
-0.85795300726438	1.28017557900948
0.910654743232727	0.908841158711272
0.0803460827673089	0.0336434728136676
-0.724080728402155	0.431249731743173
0.0317537089845292	0.0199202853972678
-0.0664145589408978	0.0639655181516006
0.00187519301384965	0.00216860620005347
-0.0834458037724196	0.104883397608649
0.225686883130187	0.39491775366606
0.268336247386282	0.478784214300287
0.42025053863427	0.777519064535816
0.29405753250527	0.393303752835614
0.652499728769062	1.13637824364414
-0.782859221903458	1.10289179682304
-0.00573461003475642	0.0058590484010086
0.0943473000911542	0.550361643202709
-0.146528808294787	0.826190169210874
-0.251730229551071	1.2810681989058
-0.233659775540536	0.981910050651584
-0.210760352364775	0.781699548585561
-0.225018426710353	0.718986045802437
-0.377849400455537	1.24158371849855
-0.489554492410762	1.8361020431944
-0.0501641840028849	0.0982594975465963
-0.0492488643936871	0.0874565272096264
-0.519543734911263	1.79486200313814
-0.256778839514235	0.574719364008862
-0.205502469015807	0.416224117311746
0.137776808769479	0.278971497228716
0.0901219186976289	0.154091213632104
0.184018630362792	0.307061277698064
-0.0975306646853722	0.160268241588525
-0.258054123894253	0.514112794342858
0.177053070883246	0.25393254038927
-0.154665611489499	0.209449299381458
-0.128955790292426	0.182354413676023
-0.443137413453904	0.952623492594079
-0.519892628030987	1.0084628255853
0.305004154818581	0.346019020949429
0.0073517681900866	0.00475449815909083
-0.359783298495009	0.265734023752163
-0.143840160513411	0.0878318386336452
1.17056874539367	1.19703384199774
-0.64642507729339	0.816061656605052
-0.317438121242326	0.356973314129436
-0.697718304320923	0.668937923490079
0.538627514020154	0.37983750041595
-1.3345467315383	0.61567377471376
1.04513834933864	0.743698742930244
-0.887924382051161	1.63441206784078
0.214844562586315	0.281699342140664
-0.0926512742460976	0.131220767028338
0.183569233768954	0.270439796115943
-0.137877747871744	0.21015027955209
0.140581774175446	0.192493785436571
0.419510745204972	0.508483620008016
-0.368494249353883	0.529661245186165
0.0848398060552059	0.490468915372506
-0.0340433879190687	0.131934434495326
-0.0768093846621425	0.279357292514055
-0.249637653102205	1.15944029623154
-0.116577516054048	0.368326688311432
-0.0208876809405631	0.0451242693938178
-0.32937753957597	1.1476023212773
-0.275596404664903	0.881253434688073
0.303015566125217	0.977314945516915
-0.455217549601402	1.57763792953892
0.221765910028281	0.520359617123443
0.221870157614409	0.51713457904283
-0.0764442927626088	0.147638282932095
-0.180849313104885	0.38891642806243
0.21788350894687	0.434198989890731
0.00883965948668925	0.0129558809607803
-0.592835490425075	1.75398487376388
0.609658044471023	1.74336357733715
-0.296488442311279	0.502275888010152
0.220070808646489	0.423278049939355
0.0889745765459428	0.142373394152999
-0.626530427286789	1.70854152626897
-0.90870610251672	1.77959899473757
0.0158093546997087	0.0125187358214298
-0.986996285834847	0.705279440391151
0.00445506641086261	0.00368146533406533
0.105425778243522	0.0974662794670178
-0.0445976910738827	0.0307795335611912
0.781455844553649	0.527549063848098
-0.671877033472299	0.325072004151911
-0.000310675263816304	0.000378793361341531
-0.246441620634721	0.252449908401563
-0.0087939392106001	0.0108401073969136
0.0812773637253767	0.113344811847783
-0.0201866199811846	0.025318108421447
0.150191267301997	0.245807915241895
0.0961478906122116	0.138559065882151
0.963161428854927	2.12922590143158
0.0818222597024437	0.0964616105958264
0.052127667388442	0.25726423522058
0.0279145330315635	0.1063492460249
-0.0301347603049741	0.0931595392711561
0.0221627824121956	0.056089301977702
-0.145979578423568	0.415434091832882
-0.106702814666083	0.270956317776828
0.147107980742834	0.410216404579898
-0.0686366003716304	0.146312543854419
0.0886792556974766	0.186189685722563
-0.178104088694003	0.406948256944381
-0.408441003622662	1.21328978809851
0.10036795412524	0.210742197457103
-0.236865321021431	0.598515543090212
0.000124934458579799	0.000252065936169483
0.198572144037938	0.394260202692515
-0.423485683643025	1.02993081869175
-0.0400608980383607	0.0537655217059419
-0.303526134257166	0.544125732548035
-0.0880188558899821	0.129947618819976
-0.203790329669513	0.369336651514396
-0.694338149385499	1.88986477678459
-0.4892724794617	0.678793729460978
-0.271651706180877	0.230729956597794
-0.305598523297589	0.326699317206602
0.489622767868157	0.464942292504116
-0.724921682532599	0.423825617362162
-0.45303444170238	0.195697318723232
0.621434924880713	0.51136420779283
0.166977927744476	0.17561164625314
-0.221693708174823	0.292030989079014
-0.314103104801374	0.555462850115219
0.313265635999991	0.537291320363264
0.465195971083818	1.03009797867791
0.27447521488675	0.463635022967402
0.111721637198116	0.110115635880345
-0.129097478886714	0.143029785818646
-0.0697111876877275	0.0556197082159859
0.172805440965907	1.36096640639933
0.0796724457946512	0.374292873124218
0.0688427438574111	0.243236302760475
-0.10450147161478	0.327859648000203
-0.0280442850418518	0.0657141569805407
0.135997294455729	0.418045526102591
-0.129840089627745	0.33928155376895
0.348016538144444	1.15371379780423
-0.164397127650055	0.378455693755622
-0.116188226420028	0.246943698291669
-0.120354580988456	0.276024639278954
-0.246036629310559	0.575051947698587
-0.065545979730715	0.114471755728911
-0.543749550035707	1.78888020574756
0.130843676419433	0.254195345948408
-0.0648717552683419	0.0969517358859069
0.0983575208704902	0.147005628335654
-0.370950747311565	0.834312557120907
-0.219088787225733	0.409281894964526
-0.625221843342993	1.7368360584781
-0.457004491308318	0.420834472051174
0.778246268029973	0.742440408412431
0.499224018426918	0.368053914473472
0.487174742742917	0.465396588805547
0.0335422190316228	0.0374685795043593
-0.161795485648443	0.236973004002754
0.0635069469885492	0.0936211140363713
-0.358058685013729	0.806685988828393
0.446403079071313	1.04192154740948
-0.153290359496797	0.252548105439652
0.335572582888336	0.441946658409385
-0.117375439412491	0.152388031421322
-0.0700412875578485	0.0617906330039745
0.0800106445428032	0.464012693956664
0.0199118279936238	0.0756366831056802
-0.176022394533792	0.745232312931176
0.0634760338257928	0.183136631742307
0.075047872311072	0.220105043040543
0.0807364190872616	0.212544129993809
0.0382968114280262	0.081743043715215
0.05461775799077	0.115864993640022
-0.195258416207218	0.511749636084631
0.228795937105791	0.673058792827462
-0.00312501187323561	0.00545806637892762
0.0214462864305171	0.035809273704571
-0.111309505859444	0.222035909076168
-0.250641797045514	0.598739804014271
-0.163023835962275	0.292704771081265
-0.0436541609024031	0.0593303364026454
-0.312395096911149	0.734168091811163
0.02976142525152	0.0462851649436803
-0.238825677275032	0.478961570530546
-0.754098138683177	1.59212665743535
-0.402631144474443	0.356883792281413
0.0896346950772856	0.0476649650771701
-0.766551425817571	0.683402219486705
-0.776260063742609	0.738062193277532
0.084662989972273	0.0999230087273581
0.00162410345716329	0.00198030445421029
-0.125743682187689	0.201644887874047
0.170774540960735	0.267901037673609
-0.0425031358960275	0.0624228719152048
-0.0952501066751189	0.131837998636443
-0.241092859358962	0.308485218551032
0.215090016637677	0.280284904745222
-0.00417941311923757	0.00350887065252645
-0.325620757365482	0.381414404298385
-0.128563877206379	0.168893181347546
0.0991804905191145	0.597519882804594
0.155783456638712	0.897920142096488
-0.0677390999120663	0.229435783300031
-0.0263173669582363	0.0735732714210253
-0.256207235604434	1.01149479271961
-0.191056801894794	0.610800688540748
-0.188947378718902	0.513688387683186
-0.149536913202112	0.367013397701017
-0.178083793699083	0.500115541267817
-0.329673388417916	1.03482265874685
-0.238417000519929	0.590596497322948
0.327727322426126	0.965633864505039
-0.0938924392095802	0.184716480555462
-0.189221813144023	0.328848458396662
0.107277510534557	0.167238005183283
0.0642719687686104	0.112813498641985
-0.144639298255561	0.266286493659023
-0.163087263495632	0.270287823682087
0.100374575634948	0.0608111541088857
0.296681227866144	0.369665788267442
-0.276872402334451	0.445336306188876
-0.253665783794603	0.492950226091584
-0.300932624053551	0.467012827487928
0.0631076928679776	0.318921928836015
-0.00749163851436574	0.0253097629815645
-0.0791464375456497	0.264361808698415
-0.0596429880969451	0.161724935289048
-0.0328865066916546	0.0720733889908577
-0.157231712742103	0.38661508464342
0.0239702389192811	0.0457411707277222
-0.121620350962582	0.290588005973233
0.0130250451118601	0.0222905975273142
-0.066736494889504	0.116795683272632
-0.328605325548208	0.867978393677464
-0.166170193888134	0.300227865752371
-0.258582763416401	0.500576041324945
-0.127855437606752	0.198294133326669
0.366911528525056	0.843640316382053
0.281488817332691	0.561403485145754
-0.564873914026511	1.57924980369383
0.117929428063797	0.125079113024163
-0.0670550904259184	0.0445162480818377
-0.0986192432580879	0.0644114304712491
-0.389857829706131	0.512600502502438
-0.224523422275693	0.295154800999995
0.137653744678193	0.928320380960095
0.0385125755827968	0.153668668763978
-0.158426503231925	0.662461283543312
-0.0681998830810528	0.182438013188627
-0.38056052613737	1.55641368469358
-0.228156575940281	0.687515654883818
-0.0305962373798874	0.0635135247622015
0.206381720595367	0.609770265457708
-0.0679831953887977	0.125815966720702
-0.518221896510829	1.84842404515164
-0.389854473002201	1.0878379581618
0.348401291460683	0.833901047007
0.0598290166285351	0.0929387407108562
0.0369621206801726	0.0557337892294106
-0.266262639605562	0.530282105965957
-0.472823264369311	1.14096272220972
-0.141013298718265	0.180544992616413
0.109683517896585	0.708699494224811
-0.0572493695576051	0.242863340923405
-0.105752924241103	0.380365900198397
0.0259365333080639	0.0675706199123333
-0.142823748707256	0.429139738304961
0.157860946146719	0.509876786264876
-0.233777762121479	0.799559306917503
-0.0464384069700612	0.0949977029552065
-0.181827305021212	0.490175335522089
0.00253970862806961	0.00464900322723598
0.194712078567338	0.40349855135942
0.00774183254943647	0.0112193860833334
-0.0267919334297735	0.0438877368394364
-0.387013976706287	1.07041260994838
-0.254683523992915	0.566861930205211
-0.563309188616459	1.16505645227642
0.0805237703459818	0.452494644486197
-0.0130562114570843	0.0453767334574634
-0.0226785623547638	0.0630707518084657
0.0354435916261737	0.0899427702247433
-0.247450733222989	0.990294436955421
-0.199403290964272	0.635074873911776
-0.134364633767543	0.314668675387332
-0.209450720124866	0.573134348899239
-0.1358280594832	0.307002720668721
0.123470104235982	0.228644112918
-0.105781486696237	0.197201464618686
0.013425005497529	0.0218542782319202
0.209694869805745	0.477105993220302
-0.40874155088549	1.04721959393743
-0.311469248161579	0.544453046058669
0.0430851192953101	0.204392242625816
0.105266354968849	0.486714309711447
0.0166511085483862	0.0446864736564862
-0.206925724068592	0.817707935682704
0.0290020938081609	0.0674385087773256
-0.113995514690533	0.264884470089581
-0.253529474729684	0.775847552553343
-0.180110548205339	0.442159029764761
-0.0776306469981927	0.134698797528429
0.308352684446324	0.719458222511268
0.0687871193129427	0.116931883869518
0.130053887077073	0.268839906502387
-0.220131138555198	0.512291553809185
-0.24157443592497	0.352539240225085
0.154175682111209	1.05266147052422
-0.054419644757557	0.207635031539901
-0.231084628778464	1.10622586422531
-0.135181294762977	0.43958343656345
0.121953597221065	0.311602639393946
-0.129371413720137	0.31760808104907
-0.136628379524435	0.332925500507527
0.265679002563318	0.625724626381272
0.0697703829304412	0.113958495820273
0.0106721770826179	0.0180541288654834
0.0526154756800491	0.0939772372236231
-0.413429228970425	1.09187445221049
-0.118262367093372	0.157218687725323
0.0784082664448192	0.424363096246503
0.0292355632745451	0.112938519495901
-0.0148761328604286	0.0406329215996974
-0.110311336083624	0.309010077577582
-0.0351099743944562	0.0801109321103366
-0.275705766335876	0.919458258237354
-0.0590275374207254	0.105727072562706
0.028388082874985	0.0488540234538167
-0.0875966297801852	0.18009913000454
-0.00134106234714486	0.00225533879161383
-0.0773160189404461	0.138950280424519
0.278171002103188	0.495643492628989
-0.266488444274121	0.302498962073693
0.0573666973192036	0.300269316402565
-0.0390178901793606	0.1572895351082
-0.0401536362193706	0.121856442735511
0.115820134387688	0.39344909981183
0.140824228097218	0.45789514383621
0.0332367488063693	0.0724763060346744
0.360264095046914	1.28569531351766
-0.0168556592031736	0.0342858288374458
-0.0943872158108265	0.217738582241819
-0.324218796867292	1.08374794637252
-0.230529100984875	0.438152881899431
-0.0128681195456292	0.0132676669311025
0.0861180571148085	0.5016104865325
0.106016500312418	0.50551818376685
0.156643486101759	0.657281942667755
-0.0690883485390105	0.202887599953961
0.114183311456676	0.308745552340379
0.369385142346646	1.34450649998772
0.0872433107902974	0.20873744192254
0.278921942957777	1.01702565595676
-0.0354932305348553	0.0739374125048045
0.11535676539105	0.705860560168198
-0.0678217224622139	0.286138418380369
0.165118112221795	0.666589465390188
0.275068116986087	1.05211665886974
0.240407347490538	0.756941578894474
0.122513469622399	0.328616406558798
-0.0462856115024637	0.101023205964828
-0.223183132110553	0.612359812499312
0.062819384905261	0.0971285313803465
0.0283236667410424	0.127215124139492
0.013930152207871	0.0506407560384303
0.112720088464955	0.399416391103369
0.147308456093544	0.480766675822252
0.160261365194319	0.563125351839224
0.402074385848147	2.11703277705229
-0.0187426855538514	0.0417311606113785
-0.0253409191613735	0.0413416425023215
0.0569582811125959	0.288619394805437
0.280386621480039	2.03871000464545
0.40641419791008	2.92402290905896
0.157529714556623	0.682673614752264
0.193723626365874	0.849923527886512
-0.228414467476846	0.930682736325205
0.0973912951235688	0.21132907784847
0.156345241384779	1.12333439987984
0.123909629794239	0.696917863034762
-0.185886823994112	1.05764095529339
-0.355263005668395	2.33700758146475
-0.640297449807753	5.90683504727411
-0.541669297245607	3.24003418061657
0.080353977436062	0.153519290439887
-0.159331048642295	0.287576963132464
0.0664023390417909	0.359805959457168
-0.120848378942624	0.6414360859855
-0.249709728928272	1.38805119134915
-0.23275263814662	1.15238216563406
-0.0540053386740352	0.152208068799259
0.0207674018547306	0.0929901266324346
0.00803643697501928	0.0287284847320498
-0.183102705829161	0.949357131503258
0.0653726540255204	0.182779574373155
0.06056961655097	0.32242589540232
0.0965756428385131	0.487236043999141
0.425459356017471	2.8498003516453
0.0633737210767216	0.114174760824051
0.0266026450258465	0.0447585501037553
-0.0394300882526178	0.0673556516591087
0.0821962806128182	0.139204143376382
0.138771138836789	0.997950522876409
0.525569861031302	6.66747775219838
0.0304937096374721	0.0575809006254533
-0.060271062774364	0.104377717433348
0.351726114034385	1.01551945776983
-0.240461122889909	0.561413654584666
-0.108726570764496	0.195124771652086
0.0315643727007237	0.160351005823749
-0.234373358062254	2.16748584468027
-0.417158043196601	4.63798339086843
0.238494367218186	1.4456011170526
0.405050901303616	3.13295670384868
0.0669307449694813	0.255450307416729
0.509851649248831	4.31858028853265
0.212441311687854	0.988646318868956
0.23389611668177	0.841340854268329
0.340681860698094	1.24717776734562
0.032469370479185	0.0710918304944186
-0.226221539342828	0.675968369650625
0.0239865701074493	0.0381076612360667
-0.0396403823786943	0.0491501132016382
-0.0155947077897485	0.0200759686587195
-0.0753924590288908	0.0971003395597258
-0.153963391636749	0.23758544261048
-0.266385308822429	0.697789632355799
-0.138179970120062	0.263532648873596
-0.135824996112927	0.297628881683208
-0.105782721740167	0.740646848731786
-0.232492979437541	2.10266646716281
0.655791602077639	8.83059915841643
0.482505614238112	4.98307952533766
0.0780872731472775	0.328410388489648
0.541179602580081	4.54480868702467
0.0673521337149969	0.238550886099706
0.18320775658719	0.682984412752281
-0.0098621360732061	0.0213871930733753
-0.0878522700603509	0.2123215216646
-0.0121641548338408	0.0210930730450572
-0.0402674283666457	0.0573757897469087
-0.366175772719626	1.02381893218807
-0.108297202869005	0.209044622317211
0.0513947098944241	0.289699538102418
0.203320472286422	1.72743590094981
0.0679830876246101	0.342118443177429
-0.706618655082118	11.4359100024185
0.01094275698469	0.0347880077648032
-0.315585795360162	2.36967425858922
0.0998204032714011	0.35312329450051
-0.0547861419535099	0.149597510662669
-0.160654454368366	0.52978055513979
-0.141288680657543	0.310970151665813
-0.0712561662001343	0.135635928119597
0.00901035947675897	0.0413808025586682
-0.224913207491192	2.12475253211929
-0.46368158895917	5.8774469089076
0.0709474905445748	0.282915058533058
-0.0641346407373326	0.244252278497071
0.271486939336961	1.29572350888617
0.21755964460126	0.765614105105986
-0.113938810011746	0.306369206927164
-0.181198147042503	0.40174918843016
-0.110042330296008	0.787689677543407
0.218883472000444	1.79350908822037
0.933219229887612	11.5553255002669
0.065036998743749	0.241865316372018
0.0582766530948848	0.18790653730887
0.00572854731291625	0.0141102582665411
0.0285998632667919	0.0718319833249426
0.112717798796116	0.20433177648255
0.133085504025302	0.993441133085243
-0.11321252365491	0.669617363432875
-0.520380771154578	6.27572265264655
-0.034516040009829	0.100962980452999
-0.360079844115773	1.54635240275369
-0.105900416064101	0.277672862777898
-0.0211187272771655	0.0458516205094228
0.0781745449719656	0.145520293606307
-0.0346652953521186	0.174143356217096
-0.133249416590048	0.833924279923058
0.116879046159623	0.415381325999513
-0.0289696581379569	0.0586990502986233
-0.12058656899589	0.305872467029108
-0.301811549714253	1.38323356554519
-0.0555583519206522	0.117221674758673
-0.0270956784207	0.134954837087481
0.0592553691525773	0.300044327049931
-0.276434680240609	2.00421497433081
-0.30653198479336	1.97330410311245
0.00956687502403019	0.0236539046394267
0.138823064271328	0.286829421375716
0.0177451278411535	0.0854601437569618
-0.509496062029827	7.29269953881713
-0.447747079467546	4.66557378284559
0.0387696104909387	0.113754171196621
-0.0139164522708868	0.0236699690149124
0.0270432759727754	0.133823483724127
-0.15161090173296	1.14285948226345
-0.14075776745689	1.16056865149783
