x	y	clickSelects
-0.0883854811906899	1.30116531514284	11
-0.03588823935269	0.652817065718339	11
0.0844179033619701	0.981534635167946	11
-0.0317307206853801	0.654528569966607	11
0.0235819077657999	0.537557436241897	200
0.02265135821705	0.542227465914644	46
0.01691720443627	0.543262546109423	1218
0.0207072660001499	0.560552872359375	1218
0.02415952582175	0.538009060357949	712
0.0676802256576901	1.74869878192913	277
0.0441975922714299	1.1185965003154	195
0.02565063691367	0.560472758766511	11
0.0262268759959601	0.551539202761652	748
0.0207072660001499	0.560552872359375	11
-0.0380144733566601	0.659345006544456	195
0.02013054399965	0.549674436661392	200
0.0250741769602101	0.549673279055109	85
0.0329155666390599	0.52795579985501	129
0.01451029108375	0.543871479952999	284
0.0186425393468801	0.54690424754445	143
-0.06598391252764	1.84386150890723	282
0.04585033847582	1.12881869021751	277
-0.06304312866971	0.780331476074155	195
0.08567544057633	0.949524819906155	195
0.01508840793993	0.544336485291713	345
-0.02707098511715	0.623536705893158	297
0.0186425393468801	0.54690424754445	114
-0.07823471422133	1.70497290757848	303
0.0130693893157401	1.21939586078497	195
-0.08625563243927	1.31894524042731	345
0.0254207234776001	0.553509369366178	11
0.0207072660001499	0.560552872359375	200
-0.0344820784161	0.667889669824015	2290
-0.0366240191132099	0.63873103062371	528
-0.00745524188678992	1.83994622295575	195
-0.0881849846157801	1.2992090769993	195
0.000439835037310044	1.68102870931456	195
-0.0732534277632699	1.18467026342132	195
-0.00224050682895993	1.4265752692064	195
-0.0107301659169901	1.87303312109541	345
0.0810480554780999	1.65437573988358	345
0.0230438005056699	1.25073790013645	11
-0.0636326250299799	0.79462449338424	11
-0.0881021191183899	1.06890184938404	46
-0.0933099913311299	1.02078263629479	416
0.0138043377906201	0.529902197732332	85
0.0473250227878499	1.12369071945865	129
0.0240368761196199	0.560790815568447	71
-0.00964615475579	2.02516886926031	130
0.0944776861482599	1.66965504396198	11
-0.06069159388321	0.78938643934993	11
0.0808982011805801	0.962098422807889	200
-0.0296062191867901	0.6590974395348	1147
0.0207072660001499	0.560552872359375	213
0.0215156528884799	0.560293032438019	148
-0.08137648976973	0.906588340742131	11
0.0284133758487299	0.540528505427509	2896
0.0427232245254401	1.12537294129355	11
-0.04232963605842	0.652288380110984	11
0.0254207234776001	0.553509369366178	71
0.00564468508034999	1.49505584330775	11
0.02346035469208	0.549951191649626	11
-0.06442076954757	0.790609818838821	2116
-0.0436756500129201	0.64306496732999	2116
0.0223226589966401	0.556958294179568	213
0.0242679630328999	0.551627131394766	213
-0.0366691131307699	0.658054220969897	297
0.0186425393468801	0.54690424754445	528
-0.0387957244417501	0.659433038619691	11
0.01306841070066	1.22526769150267	46
0.04226053875877	1.08836575455372	11
0.03233973213088	0.53580843430971	11
-0.0738051820424099	1.33851316609128	195
-0.0868757254974399	1.31642306027217	11
0.12205061917201	1.46795265334051	11
0.0498865546140901	1.1198822552344	11
-0.03335360832621	0.657554225188651	11
-0.08470748719913	0.930664170709519	11
0.04670321383543	1.13015910276343	11
0.0289896339004601	0.550811656472106	177
0.01508840793993	0.544336485291713	533
0.10419910633794	1.56843461679363	11
-0.0749823551724	1.29731561254558	11
0.0147507256088599	1.24227899075117	46
0.0421016896999999	1.12322436861214	46
0.0215156528884799	0.560293032438019	129
0.0223226589966401	0.556958294179568	71
0.0223226589966401	0.556958294179568	737
0.0764043313331999	0.960434571767902	11
-0.0626161142569599	0.796712631377795	46
0.0198975045546399	0.557647787031875	46
-0.0380144733566601	0.659345006544456	46
-0.0366082494865401	0.649068076216511	11
0.0254207234776001	0.553509369366178	11
0.0246131765783499	0.551823254202234	71
-0.0548063517568	0.768756484523886	528
0.0187285352247299	1.24033697297158	195
-0.09113250049101	0.880631546212219	11
0.0425692936584301	1.12599203568872	46
0.0215156528884799	0.560293032438019	148
0.0198975045546399	0.557647787031875	177
0.02047403601611	0.548760353434125	129
0.0262268759959601	0.551539202761652	71
-0.11919111295736	1.70347904672639	130
0.0231793211801901	1.20669128043767	11
0.02265135821705	0.542227465914644	273
0.0239231388758601	1.25529828898832	11
0.02128376686122	0.551552779073802	11
0.0781196875881201	0.982484529645174	46
-0.0646775389406	0.785072271299816	46
-0.0770698281778801	1.29960230289751	11
-0.06671227143906	0.782653284508461	2133
0.0246131765783499	0.551823254202234	158
0.0178396715028599	0.539238104479382	129
0.0246131765783499	0.551823254202234	280
-0.0387957244417501	0.659433038619691	71
-0.0133950765403099	2.13642370865616	165
-0.0884258177352499	1.18898860405894	165
0.11973008824267	1.39458365348269	130
0.0624986698447201	1.71151581164934	651
-0.0687115914444401	1.43792222341313	11
-0.08719194345628	1.05664643995855	11
0.0136614116404199	1.18675539831583	46
-0.0344820784161	0.667889669824015	11
-0.06240286481772	0.787559101630972	316
-0.0364525548465999	0.651690943646871	171
-0.0724700642521099	1.74938642669485	130
0.08141294259293	0.9852348499441	11
-0.080496254394	1.38633579681716	11
0.02128376686122	0.551552779073802	11
-0.0907588906873	1.17979444798502	46
0.00933842358979997	1.36312603488902	46
-0.0819770262548101	0.926841063073821	11
0.05067615037744	1.12640362667525	2967
0.0161162995591599	0.546395784833257	129
0.03931069733071	1.07547689826383	130
-0.09173386863997	1.02225522519179	130
0.11973008824267	1.39458365348269	11
0.05548554548456	2.08758716565356	11
-0.0315151784959	0.645295891132356	273
0.0248444537152499	0.562540761235065	2967
-0.0682897209451101	0.780563518151437	316
0.0248444537152499	0.562540761235065	158
-0.0753903642409499	1.72022838290414	303
0.10106991460247	0.927634603724238	130
0.0081721013121101	1.34329911175948	651
-0.0339177359068701	0.669071915908352	11
-0.00603881097925996	1.60041175507075	564
-0.081111800995	1.3022038107904	46
-0.0914765467212	1.04122385189914	11
0.0142833478261699	0.53593550995805	465
-0.0612828573050901	0.773341748759368	465
-0.0337015613245899	0.666438995062129	11
0.02013054399965	0.549674436661392	2133
-0.0747652135990899	0.920206276861967	316
-0.04232963605842	0.652288380110984	129
-0.11748160628905	2.0774024148688	130
-0.01454321445489	1.91795607108641	130
-0.0529193330659901	2.2445869209114	35
0.000800169874130008	1.46829147096295	46
-0.0809967986714999	1.19703178093137	46
0.01691720443627	0.543262546109423	87
0.02093896152084	0.549439793017206	87
-0.0869365409798599	1.06140385511086	465
0.0232279104059701	0.552683928107129	11
0.0281842880573699	0.550863237402613	158
-0.03745018260142	0.660501042636936	129
-0.0936228606062199	0.874182172377865	130
0.00889884992381007	1.39103421227812	651
-0.00534187539708997	1.42657236275539	11
-0.0345005513696901	0.651151770168106	11
-0.06612329722989	0.780496843550982	158
0.02047403601611	0.548760353434125	129
0.00309537965105999	1.46230839739597	111
-0.000111052427339997	1.59511081113591	525
0.10517082625387	1.5510274319605	11
0.01177943667077	1.3781377798641	11
-0.0845171188103899	1.04780656681725	11
-0.03823144603472	0.660590465629956	465
0.03249804880079	1.08336996962955	1470
0.0215156528884799	0.560293032438019	158
0.0217459982457	0.54628105833418	158
0.0198975045546399	0.557647787031875	129
0.0240368761196199	0.560790815568447	71
-0.06365300879031	1.7364085828273	165
0.0804541328165101	1.77750518006655	303
-0.06724792673078	0.753657350764145	130
0.00411989973290994	1.35673923212585	111
-0.07362190228112	1.70810291035901	111
0.02795363300788	0.535997867499897	273
0.02209212316528	0.551314339848813	273
0.0504451924466001	1.12034286889898	11
-0.0654015846640801	0.775584243426711	11
0.0240368761196199	0.560790815568447	11
0.0769084043539701	0.962667871583345	1470
-0.0344820784161	0.667889669824015	1238
0.0207072660001499	0.560552872359375	158
0.0254207234776001	0.553509369366178	158
0.02047403601611	0.548760353434125	71
0.0193207519052201	0.546900210371373	422
-0.09100765339156	1.0528119431817	130
-0.10327192452406	1.91732908416144	111
-0.0682897209451101	0.780563518151437	11
0.08070390658218	0.978701387838866	1238
0.0215156528884799	0.560293032438019	129
0.0193207519052201	0.546900210371373	8
0.02047403601611	0.548760353434125	876
-0.0870135759888999	1.06254115723413	303
-0.07995122549627	1.28607615894154	35
0.0090047476028301	1.3658086951644	111
0.08612139566248	1.64524698821141	11
-0.06770129271421	0.778416364228911	1470
-0.0323568805199299	0.663032797796804	129
-0.04114245353193	0.644337085548861	303
0.01187788977975	1.4851152063169	130
0.02108989136304	1.26102052673015	130
-0.0866062987739	1.3112278490033	11
-0.0387957244417501	0.659433038619691	11
0.02209212316528	0.551314339848813	6
0.02703162783665	0.543884394441409	71
-0.08140874929108	0.928489359416609	426
-0.0266407598127301	0.642753375082621	46
-0.0352627974868101	0.66654443481006	158
0.02093896152084	0.549439793017206	8
0.0186425393468801	0.54690424754445	71
0.0215156528884799	0.560293032438019	382
0.0750048791504701	0.943562883076719	125
0.07362847713661	0.949697153134147	11
0.02013054399965	0.549674436661392	158
0.01531399301467	0.546626642919806	129
0.0254207234776001	0.553509369366178	129
0.0289896339004601	0.550811656472106	315
0.0194439980593299	0.548569048897356	63
0.00466179449664006	1.38277479568152	130
-0.07270411838373	0.931711777681195	1485
-0.0816200174181301	1.19472986057279	11
-0.08232211314361	1.06793537060758	11
0.01112832091828	1.35933315599965	11
-0.08293717169065	1.33118628698517	46
0.09325923184958	1.51442547798833	914
0.0223226589966401	0.556958294179568	73
0.0232279104059701	0.552683928107129	38
0.0240368761196199	0.560790815568447	124
0.02209212316528	0.551314339848813	129
0.08061330512773	0.982424643780655	303
-0.0747652135990899	0.920206276861967	131
-0.0675012621765001	0.782744476651091	1470
-0.09175445294869	0.866439511580207	1470
0.0215156528884799	0.560293032438019	743
-0.06010058032903	0.794358209603388	73
-0.0372334162482799	0.656908149540174	124
0.0240368761196199	0.560790815568447	801
0.0822130512999599	0.984988908076055	273
-0.0789554192808799	1.31610115876508	11
0.00011809913106009	1.44003874960307	426
0.01349572485225	1.40141174413699	11
0.0868135526032401	0.988877386600234	11
0.04795463596117	1.08901976750711	11
-0.06658910399385	0.788379516943655	11
0.0741140610314299	0.961985020612349	131
-0.08326055615277	0.929345225513734	73
0.01531399301467	0.546626642919806	237
0.02082186295706	0.547097284510017	93
0.0202440413026299	0.546631382551557	315
0.02047403601611	0.548760353434125	422
-0.0717353713762101	0.760885120432378	303
0.0193114300278201	1.37336605001111	11
0.0193207519052201	0.546900210371373	288
0.0207072660001499	0.560552872359375	237
0.0198975045546399	0.557647787031875	237
-0.0816147049529901	0.931325552969156	63
-0.09121904397805	1.04412956795332	130
0.10705231202241	2.10097312996183	11
0.0414892546816901	2.0899038686641	11
-0.00877737226235009	1.56509187988599	11
0.08230721678849	0.978350614306432	87
-0.0563736835250901	0.762630726969592	68
0.02013054399965	0.549674436661392	235
0.0248444537152499	0.562540761235065	71
0.02013054399965	0.549674436661392	71
0.0198975045546399	0.557647787031875	93
-0.0741035398919401	1.63640228007689	303
0.08521400118504	0.989304933766419	111
0.02002185072042	0.549038102454908	111
-0.0380144733566601	0.659345006544456	273
-0.0227603252161499	2.11484735273803	11
-0.0317555046353	0.634370921005316	11
0.0246131765783499	0.551823254202234	1715
-0.04014932918855	0.649924493980309	38
0.0190863747583101	0.54877646408829	71
-0.02040866541359	2.11961865792705	651
0.04575984680699	1.95781869506613	11
-0.0545955540962899	0.78066459531781	914
-0.08946592732583	0.905037371707694	87
0.01344207502637	1.23164843985374	131
0.0799224813939099	0.970909073223227	743
-0.0344820784161	0.667889669824015	1715
0.0238042415773501	0.544045684621799	93
0.0240368761196199	0.560790815568447	93
0.0281842880573699	0.550863237402613	63
-0.03937000606219	0.651213240321153	273
-0.00136652912153989	1.70707353535191	11
0.02162123621347	1.21924012595083	11
-0.08987655541975	0.886714493729464	11
-0.08251917494257	1.19504093032467	914
0.0217459982457	0.54628105833418	87
0.0289896339004601	0.550811656472106	73
-0.07431348823954	0.753460283160536	73
-0.05849485042697	0.79123543757585	73
-0.0611141761507299	0.782493379389187	118
-0.02642633729393	0.629144696145771	108
0.02703162783665	0.543884394441409	108
-0.03979454789855	0.653126369145833	63
0.0514598460079301	1.10887310152448	130
0.01357186971973	1.3771451076811	130
-0.0848769216487699	0.904224693720969	273
-0.0803021149943099	1.05917145795495	11
0.0161162995591599	0.546395784833257	914
-0.06408332211826	0.78629403209343	131
-0.03745018260142	0.660501042636936	131
0.01531399301467	0.546626642919806	108
-0.0385789791937099	0.646490093166328	2445
0.0161162995591599	0.546395784833257	71
0.0799029503845099	0.973608446024778	63
0.0862321350119699	1.70227873487766	130
0.08951507526001	1.53250787934471	130
-0.0752901192675299	1.52499647990298	130
0.0888605599125001	2.24946144887163	195
-0.0779158002148199	1.7329845108849	447
0.09712414517914	1.58003383423079	27
-0.03823144603472	0.660590465629956	131
0.04380794256142	1.11948216661931	743
-0.0786773089719299	0.926159239993014	63
-0.0137957134711999	2.0426033976335	130
-0.0732937759085399	0.869122404933478	130
-0.0871258178038601	1.06545181935254	474
-0.00491094743806997	1.81182590845461	983
0.0412492851432	1.12051763604727	111
0.0215156528884799	0.560293032438019	273
-0.0703683002870701	1.0538072274349	914
0.0254207234776001	0.553509369366178	11
0.0207072660001499	0.560552872359375	118
0.0215156528884799	0.560293032438019	108
0.0248444537152499	0.562540761235065	38
0.0192204230305499	0.547371386409532	1591
0.0490324176327599	1.11627369667426	474
-0.0820796579321299	1.26553348760328	195
0.01589207894712	0.547095100965219	195
-0.07745215601678	1.6356414177534	195
-0.09023813060418	1.05892261588838	111
0.02093896152084	0.549439793017206	111
-0.0838801611362601	0.93185834611726	894
0.0207072660001499	0.560552872359375	1293
-0.0431095365972101	0.652366126311628	11
-0.0325110811541001	0.644752639627529	27
-0.03017062659095	0.657957893766416	27
0.02013054399965	0.549674436661392	27
0.0215156528884799	0.560293032438019	131
-0.07750272071562	0.924814688602116	474
-0.0373893548281801	0.638717036632062	35
0.0815053287635901	0.980210446009223	651
-0.06578323043125	0.784291728781246	651
0.0193207519052201	0.546900210371373	893
0.02209212316528	0.551314339848813	27
0.0186425393468801	0.54690424754445	914
-0.0358273426314999	0.653387528180935	914
0.02795363300788	0.535997867499897	131
0.0242679630328999	0.551627131394766	131
0.0254207234776001	0.553509369366178	1965
0.0240368761196199	0.560790815568447	130
0.04414601953986	1.11519045742407	130
-0.0331372063497	0.667614792067814	651
0.0381154996533299	1.09871749024263	195
0.02209212316528	0.551314339848813	111
0.02013054399965	0.549674436661392	111
-0.09112112952313	1.05778032387863	63
-0.07413892961073	0.926000836735856	130
0.01589207894712	0.547095100965219	651
0.08567544057633	0.949524819906155	195
0.01589207894712	0.547095100965219	111
0.0276079991636899	0.540566023925869	111
0.0281842880573699	0.550863237402613	250
0.02013054399965	0.549674436661392	63
0.02128376686122	0.551552779073802	130
0.0276079991636899	0.540566023925869	35
0.0281842880573699	0.550863237402613	130
0.0613072169344699	1.88978726544014	35
-0.02586164908067	0.640903289794845	195
0.01691720443627	0.543262546109423	894
0.07880497796408	0.972232240524088	27
0.00967953432398994	0.527002186006692	27
-0.08829013674078	1.03681462561728	11
-0.03335360832621	0.657554225188651	131
0.0254207234776001	0.553509369366178	73
-0.0380144733566601	0.659345006544456	73
0.02370468724137	0.539691483938294	1381
0.01508840793993	0.544336485291713	2266
0.0215156528884799	0.560293032438019	144
-0.10908488750351	1.83832559391065	130
0.11826702103327	1.42949716703214	111
-0.11024239165004	1.96881388584137	983
-0.0380144733566601	0.659345006544456	11
0.0795277924472	0.966400452227338	11
-0.0323217846161099	0.625844197217286	1288
0.0161162995591599	0.546395784833257	73
0.02645541941803	0.55247434359054	93
0.0186425393468801	0.54690424754445	93
0.0248444537152499	0.562540761235065	455
0.0295656712529799	0.542320720226477	11
-0.06400926480075	0.793072434935899	204
-0.0848769216487699	0.904224693720969	11
-0.0897946034250301	1.03456380696922	11
0.07652421859207	0.957497783833355	131
0.0295656712529799	0.542320720226477	73
0.0193207519052201	0.546900210371373	108
-0.0648117207402501	0.791848676343602	108
0.0258789901771399	0.542075205647348	8
-0.0615419078122199	2.17772149352902	651
0.0849361598743601	2.44600737576944	111
0.12019317275766	1.41747791817868	11
-0.0878111543832501	0.911943326322914	11
-0.06181237440319	0.792514910415982	11
0.0794060330039099	0.96935151470316	11
0.0986404603114399	1.5869275414968	27
-0.0705871945318901	1.17264455135191	27
-0.02904202671914	0.648094194837829	108
0.0215156528884799	0.560293032438019	93
0.12310861237805	1.43275578355049	11
0.0170241220478899	1.23580874400124	204
-0.09412304923582	1.03445468499934	73
-0.0380144733566601	0.659345006544456	73
-0.03880382966445	0.660756374275284	8
0.0185095914439899	0.538447823492237	335
-0.0344820784161	0.667889669824015	61
0.0207072660001499	0.560552872359375	627
-0.0775487599165099	1.81259582142192	111
0.0798997015576599	1.63959995373408	11
0.0798059334216299	0.960242389307698	204
0.00243193492264004	1.60248078431787	27
0.0139375554918599	1.49426257379735	27
0.0834181153876401	0.988569951432492	369
-0.0377979344492201	0.644186804538368	36
-0.0395771677793699	0.657147017170622	73
-0.08491940336566	1.05180793605276	73
0.0207072660001499	0.560552872359375	108
0.0232279104059701	0.552683928107129	98
0.01508840793993	0.544336485291713	6
-0.0085862574489799	1.80366798870737	983
0.11704075814306	2.06705303933255	11
-0.0337015613245899	0.666438995062129	1274
0.0246131765783499	0.551823254202234	93
0.08044605387093	1.67578930621703	130
0.0183069582631401	1.50013903468588	7
0.01155478130404	1.21228446028278	111
0.0198975045546399	0.557647787031875	73
-0.0354793991592199	0.663179190974533	108
-0.0690037305925	0.784495586960144	8
0.0258789901771399	0.542075205647348	98
0.0145995939058601	0.531462764554696	1049
-0.08760225188652	0.906382609195463	111
-0.0801678047372501	0.931704852580638	27
-0.0668016229539701	0.777739148220994	73
0.0242679630328999	0.551627131394766	842
0.0161857895431099	0.522706720456841	6
0.0410186844415901	1.1166884340866	130
0.0198975045546399	0.557647787031875	111
-0.08532717234883	0.924953771639468	11
-0.0857016019713699	1.02560981909881	73
0.01531399301467	0.546626642919806	6
0.02209212316528	0.551314339848813	126
-0.06961135388427	0.910374940530273	130
-0.0648875556630399	0.783306322043277	7
-0.11992010687462	1.81115055632556	204
-0.00361692356236998	1.72675622513715	204
-0.0823340655806799	1.05720907324467	369
0.0276079991636899	0.540566023925869	1831
0.02209212316528	0.551314339848813	108
0.0215156528884799	0.560293032438019	951
0.02128376686122	0.551552779073802	6
-0.06408332211826	0.78629403209343	130
-0.0266407598127301	0.642753375082621	111
0.0175402635550199	1.37891264331513	11
-0.07771853995969	1.31006361319264	369
0.0215156528884799	0.560293032438019	73
0.0418707141323	1.12265741094257	73
0.0273775340531599	0.54424146649982	108
-0.0358273426314999	0.653387528180935	951
-0.0799898411895901	1.314762515201	11
0.04067440553795	1.09385079957394	369
-0.07152560297611	1.45929660906943	73
-0.0337015613245899	0.666438995062129	108
0.0284133758487299	0.540528505427509	1930
0.02047403601611	0.548760353434125	6
0.0193207519052201	0.546900210371373	6
0.02128376686122	0.551552779073802	1046
0.08540981173856	0.984244732914257	130
0.0189530871876999	1.26110789322108	130
-0.0728657989854	1.4927852144933	130
0.0250741769602101	0.549673279055109	1904
-0.0937048462706001	1.16777979961622	27
-0.0782895675369399	1.55089065538982	369
0.0621673687828601	1.77151845397291	369
0.10330614133508	1.56729385545805	73
0.0242679630328999	0.551627131394766	181
-0.0387957244417501	0.659433038619691	6
0.02128376686122	0.551552779073802	6
0.0207072660001499	0.560552872359375	6
0.02209212316528	0.551314339848813	6
0.0231282780845099	0.548143937400282	678
-0.12402613241854	1.77460044075353	130
-0.0789167225596901	1.5368330585436	11
0.00582620252923993	1.49046398037854	27
0.0443760781903899	1.12183340614517	73
-0.0915297116165401	0.875212704938727	73
-0.0805358594277601	0.932497727209924	73
-0.0366691131307699	0.658054220969897	108
-0.0358273426314999	0.653387528180935	858
0.0262268759959601	0.551539202761652	229
0.01508840793993	0.544336485291713	17
0.0552939947858	1.81669986378401	27
0.02082186295706	0.547097284510017	466
0.0207072660001499	0.560552872359375	368
0.0262268759959601	0.551539202761652	1930
-0.0387957244417501	0.659433038619691	6
-0.0451977770759999	2.48980674874775	331
0.12024907022677	1.46543630846955	11
-0.0879224423600999	1.03116010061612	27
0.0141566814234699	1.19872742580571	27
0.0202440413026299	0.546631382551557	225
0.08501783430874	0.981191684922735	36
-0.0387957244417501	0.659433038619691	18
-0.03469846742887	0.66772278752966	18
0.0254207234776001	0.553509369366178	73
0.02013054399965	0.549674436661392	73
-0.0354793991592199	0.663179190974533	1904
-0.0624811264532099	1.98074492761812	11
-0.0101915582166801	1.71085519369363	27
-0.03745018260142	0.660501042636936	225
0.0215156528884799	0.560293032438019	368
0.0242679630328999	0.551627131394766	57
0.02093896152084	0.549439793017206	229
-0.1055709342513	2.07474318184762	195
0.12379242877588	1.45295958912484	111
0.02173799364547	1.24724849325302	27
-0.0897946034250301	1.03456380696922	27
-0.0847309007514201	1.07166138250045	27
0.0416397434978799	1.11036288544311	73
0.08061330512773	0.982424643780655	27
-0.0842864752230299	0.880682138433492	27
0.08061330512773	0.982424643780655	109
-0.0532873987835401	0.765141734910041	369
0.07511013870127	0.961485641036843	73
0.08241883573356	0.967187807178138	73
0.01841758622498	0.53969494101128	6
-0.04092885893345	0.6456307121177	445
-0.10537810699212	1.99652395008291	130
0.02061414405755	2.22391442289826	130
0.0802493305543499	2.42333152013374	130
0.0692148802539301	1.75301032257828	195
-0.0807881436093401	0.934220502472159	27
-0.0266407598127301	0.642753375082621	27
0.0198975045546399	0.557647787031875	73
-0.0395831649399301	0.659430542362407	73
0.0223226589966401	0.556958294179568	368
-0.0268556431001299	0.641806930121659	6
-0.0754804170297101	0.742486495959	6
0.0215156528884799	0.560293032438019	2
-0.05655294864145	2.47730794202598	130
0.07069274701897	1.61426006589179	111
0.03944271443508	1.12229802137754	33
0.08722023526495	0.969049829472287	27
0.0296894850777201	1.24592492725093	27
-0.0339177359068701	0.669071915908352	73
0.0289896339004601	0.550811656472106	108
-0.0642221056021	0.796884825457916	368
0.0246131765783499	0.551823254202234	943
0.0240368761196199	0.560790815568447	943
0.02209212316528	0.551314339848813	6
0.02209212316528	0.551314339848813	2
0.02565063691367	0.560472758766511	17
0.00989051040403011	1.51929282240781	130
-0.0745603130783701	1.75215261748532	27
0.07872493811103	0.966590464694437	27
-0.0847838931285501	1.16327711640475	27
0.11831277480544	1.45217795090969	27
0.0198975045546399	0.557647787031875	2588
0.0242679630328999	0.551627131394766	73
-0.04357760802621	0.604042419444567	368
-0.0635270441794	2.10697610616433	130
-0.0679875855637599	0.788499827909175	27
-0.0835734822233201	1.21085937884762	27
-0.0611141761507299	0.782493379389187	352
0.02047403601611	0.548760353434125	368
-0.11619392207836	1.81224286704291	130
-0.07586127060354	1.54118596859198	130
0.0126754676334799	1.37922651661625	111
-0.0651326940752399	0.775488398077019	983
-0.0309505685678699	0.657950725263552	109
0.0227827409843899	0.53759379863622	73
0.01589207894712	0.547095100965219	2067
-0.04176372687918	0.644395554841019	6
0.0207072660001499	0.560552872359375	304
-0.0621558965901201	1.6461561129229	192
0.0287603562027401	0.542360458921157	73
0.0262268759959601	0.551539202761652	1181
-0.0543851121760801	0.777311766517867	73
0.0178396715028599	0.539238104479382	73
0.0185095914439899	0.538447823492237	108
-0.08741182408681	0.900674617597524	95
0.02128376686122	0.551552779073802	95
0.0190863747583101	0.54877646408829	6
0.02209212316528	0.551314339848813	2
0.02093896152084	0.549439793017206	203
0.0281842880573699	0.550863237402613	133
-0.0331372063497	0.667614792067814	27
-0.0859100639450801	0.905442033774684	27
0.01591322236452	1.20322442340015	27
0.02128376686122	0.551552779073802	109
0.0801948748052701	1.64720656383583	73
-0.0690776477455799	0.775876986792967	95
0.0287603562027401	0.542360458921157	70
0.0207408361885599	1.22545300826682	195
-0.08574180415751	0.917191442000383	192
-0.03469846742887	0.66772278752966	27
-0.0634193579979701	0.79812235968269	27
-0.0293908965502601	0.65459010896292	27
-0.07723169085492	0.934013041963592	406
0.0289896339004601	0.550811656472106	73
0.02013054399965	0.549674436661392	95
0.0836163028038801	0.974438655963895	836
-0.0626161142569599	0.796712631377795	168
0.0315352382810099	0.531225610047246	17
0.02047403601611	0.548760353434125	304
0.0202440413026299	0.546631382551557	617
-0.0685760653273799	1.82366785761008	130
-0.0331372063497	0.667614792067814	27
0.0735099003965001	0.960464853155161	27
0.08601354533302	0.990810321302986	27
0.0207072660001499	0.560552872359375	73
0.0262268759959601	0.551539202761652	73
0.0198975045546399	0.557647787031875	598
0.0228990987053299	0.548130550130693	11
0.02047403601611	0.548760353434125	598
-0.08450003237588	0.926137104924903	27
0.0248444537152499	0.562540761235065	73
0.0248444537152499	0.562540761235065	598
-0.0634193579979701	0.79812235968269	95
0.0223226589966401	0.556958294179568	6
0.0287603562027401	0.542360458921157	133
0.0080924209389599	1.36460143747105	192
0.0150503995745299	1.39312059562023	192
-0.06888958189331	0.758590692809283	3
-0.06533350134508	0.778168962980416	3
-0.0377979344492201	0.644186804538368	95
0.02128376686122	0.551552779073802	6
-0.0642221056021	0.796884825457916	6
0.0198975045546399	0.557647787031875	6
-0.0293908965502601	0.65459010896292	593
0.0215156528884799	0.560293032438019	2
0.0678248971714699	1.75023275323983	27
-0.04176372687918	0.644395554841019	73
-0.07350962411359	0.757896119035092	18
0.02093896152084	0.549439793017206	598
-0.0998058226557701	0.999903861430026	95
0.0225516479340899	0.537904064478373	875
0.0246131765783499	0.551823254202234	2
0.00514286427532995	1.32609775488039	130
0.02565063691367	0.560472758766511	27
-0.0830524056526201	0.930383438970733	73
0.02002185072042	0.549038102454908	73
0.02013054399965	0.549674436661392	314
-0.0787500443735001	1.32612459755311	192
-0.0692009788108501	1.45676696433724	27
-0.0774380462461399	0.932921246649292	73
-0.03060217106519	0.644778266780906	2071
-0.0436756500129201	0.64306496732999	593
0.0223226589966401	0.556958294179568	2
0.0161162995591599	0.546395784833257	373
-0.0131577895827399	1.7079752865353	130
0.07362847713661	0.949697153134147	844
0.07712065230062	0.957901417959797	27
-0.0903050877486999	1.0364406943533	73
-0.07208566231461	0.926744402339716	719
-0.0849151508152299	0.924217782802489	73
0.0215156528884799	0.560293032438019	1836
-0.03880382966445	0.660756374275284	6
0.0248444537152499	0.562540761235065	593
0.00532545910787996	1.48067899940205	27
0.0250741769602101	0.549673279055109	109
-0.0329212479748799	0.661874838454936	73
-0.0325110811541001	0.644752639627529	821
-0.0329441732814499	0.63854607020119	95
-0.0636326250299799	0.79462449338424	95
-0.039360217929	0.646559118930589	95
0.0876024872313499	0.96883148133013	95
0.0233603901623101	0.538045880098869	1145
-0.0902934241918301	1.26654621291514	192
-0.09126416647529	1.02240570360805	27
0.08241043114865	0.960530776016989	27
0.0815053287635901	0.980210446009223	406
-0.06607565604827	0.768555353031861	73
0.02209212316528	0.551314339848813	173
-0.03437301418064	2.1102975411465	130
-0.0776306697706299	1.1964040839587	192
0.0761018883023099	1.60325900083301	310
0.02013054399965	0.549674436661392	73
0.0262268759959601	0.551539202761652	73
0.0207072660001499	0.560552872359375	73
0.02093896152084	0.549439793017206	95
0.0248444537152499	0.562540761235065	117
-0.00432723199677998	1.72152163515382	556
-0.00200180032462005	1.47000744930299	27
0.0311744787431001	1.04600070944229	310
-0.0636326250299799	0.79462449338424	310
0.0238042415773501	0.544045684621799	73
0.03256677340107	0.522252421279983	2755
0.02565063691367	0.560472758766511	2892
-0.0720949815313801	1.63068457778948	27
-0.10443274415705	0.925672047992982	310
0.0232279104059701	0.552683928107129	73
-0.03469846742887	0.66772278752966	73
0.0228990987053299	0.548130550130693	73
0.01047709382895	0.529573485987039	95
-0.0801678047372501	0.931704852580638	173
0.0240368761196199	0.560790815568447	173
0.0193207519052201	0.546900210371373	1792
0.0228990987053299	0.548130550130693	2891
0.0219821447830399	0.53132069937805	245
-0.0960606378894999	1.02063655868183	130
0.01259678515665	1.40196120874632	130
-0.0816016445432901	1.05444736063003	396
-0.05679237252437	0.78271340472081	983
0.0501989859343199	1.86833870126175	1062
-0.0377979344492201	0.644186804538368	27
0.0240368761196199	0.560790815568447	2340
-0.02657592228274	0.617780177656304	1708
-0.06383154662438	0.776484188311319	130
-0.03880382966445	0.660756374275284	556
0.07110492088871	0.939247468652453	556
-0.03229531805561	0.642024355535564	27
0.02093896152084	0.549439793017206	27
0.0248444537152499	0.562540761235065	203
0.01050551921682	1.36336883420702	566
-0.000726086408590065	1.59749862279171	566
-0.07661389367202	0.935770580672098	556
0.07671235623037	0.978079264055815	396
0.03233973213088	0.53580843430971	27
-0.0315151784959	0.645295891132356	27
0.0193207519052201	0.546900210371373	480
-0.0372334162482799	0.656908149540174	1708
0.0730057345687201	1.56326916929137	130
0.0174952285685099	0.543725415296831	556
-0.0606321412594799	0.776260574100789	192
0.0209740973222901	1.2533531716137	192
-0.02232804538818	1.96215110680253	192
0.0818118295102099	0.956468746042827	27
-0.07628323965494	1.30643366648682	310
-0.0395831649399301	0.659430542362407	57
-0.0857941196518901	1.36665593744518	130
-0.06306818369999	0.782069988860724	396
-0.09121904397805	1.04412956795332	983
-0.08392089336583	1.20295680175435	1248
0.0198975045546399	0.557647787031875	27
0.02093896152084	0.549439793017206	27
-0.0325110811541001	0.644752639627529	310
-0.0347130574721599	0.643364999974472	310
-0.0385789791937099	0.646490093166328	37
-0.0360437167802301	0.662016447689778	274
-0.0785507756286501	0.893904283049182	72
-0.0687921689705	0.787264919461565	203
-0.0364525548465999	0.651690943646871	203
-0.1042226995645	2.27195847681437	526
-0.08553438386117	0.926699532365428	613
0.0254207234776001	0.553509369366178	310
-0.03605780346573	0.647774198447346	109
0.0207072660001499	0.560552872359375	949
-0.06658440777666	0.770262374733927	37
-0.0366691131307699	0.658054220969897	37
0.0215156528884799	0.560293032438019	1547
-0.0474308865659201	0.628856289887608	274
0.0198975045546399	0.557647787031875	274
0.0198975045546399	0.557647787031875	2
0.02415952582175	0.538009060357949	203
-0.12305802843333	1.69809814804933	192
-0.03745018260142	0.660501042636936	27
-0.0334858305213099	0.64899214567613	27
0.0215156528884799	0.560293032438019	73
-0.0425436394643799	0.644461262258447	73
0.0207072660001499	0.560552872359375	933
0.0262268759959601	0.551539202761652	41
0.0207072660001499	0.560552872359375	274
0.0215156528884799	0.560293032438019	289
0.0242679630328999	0.551627131394766	289
-0.0149038703650199	2.41694257510668	566
0.0161162995591599	0.546395784833257	310
-0.08664450216831	1.29496186833356	310
0.08400683580628	0.961573763126907	73
0.0246131765783499	0.551823254202234	933
0.0190863747583101	0.54877646408829	37
0.09492627694711	0.938386611753799	37
0.02209212316528	0.551314339848813	41
0.0242679630328999	0.551627131394766	203
-0.10843913011903	2.44285997119818	130
-0.00846632207541997	1.44626637075248	983
-0.0277057036291799	2.37425820821336	192
0.01531399301467	0.546626642919806	73
-0.0335990658327601	0.606038300539948	37
-0.08405169010606	0.904101161813448	95
0.0284133758487299	0.540528505427509	159
0.0741140610314299	0.961985020612349	2
-0.0721556833511901	1.6009823717154	192
0.11498660334606	1.43523183397586	27
0.0815053287635901	0.980210446009223	310
-0.0628297000189899	0.795855751006407	41
-0.0395771677793699	0.657147017170622	274
-0.0352627974868101	0.66654443481006	57
0.0207072660001499	0.560552872359375	203
0.0240368761196199	0.560790815568447	377
-0.11636391313426	1.98191745013997	331
0.04624087206557	1.09535201427488	192
0.02443184424527	1.24966529808482	1236
0.0231282780845099	0.548143937400282	73
0.0198975045546399	0.557647787031875	73
0.0254207234776001	0.553509369366178	771
0.02346035469208	0.549951191649626	96
-0.0395771677793699	0.657147017170622	37
-0.0380144733566601	0.659345006544456	1643
0.0207072660001499	0.560552872359375	57
0.0207072660001499	0.560552872359375	203
-0.0439111370078999	0.635483940321513	224
-0.07888562710115	0.932140849857966	192
-0.08199273878023	0.911347517108422	73
-0.0317927279966199	0.651810848051207	41
0.02265135821705	0.542227465914644	84
0.0166943545836	0.546863484913076	2
0.02128376686122	0.551552779073802	57
0.0194439980593299	0.548569048897356	219
0.0245028018347699	2.275580036571	35
-0.08577855389411	1.60118021910126	55
0.02136681507657	1.2391451089866	27
-0.08224349398091	1.18676234100715	310
-0.06959625341851	0.783275408843213	556
0.0764043313331999	0.960434571767902	55
0.0820153238346	0.991846104372546	27
0.02093896152084	0.549439793017206	311
0.0232279104059701	0.552683928107129	73
0.0192204230305499	0.547371386409532	17
0.01531399301467	0.546626642919806	17
0.0810611991810699	1.65646650204773	526
0.00466179449664006	1.38277479568152	526
0.0893933141452401	0.97454563355284	546
-0.07219825689608	1.43100387481368	45
-0.0303861737347	0.659091286903917	35
-0.03766738254804	0.649376536320325	396
0.0240368761196199	0.560790815568447	55
0.0254207234776001	0.553509369366178	192
-0.11579931875276	1.84876964019225	192
0.02093896152084	0.549439793017206	311
0.06753620746928	1.74742236388194	73
-0.0337015613245899	0.666438995062129	2647
0.02082186295706	0.547097284510017	35
0.0198975045546399	0.557647787031875	396
0.02093896152084	0.549439793017206	396
-0.03335360832621	0.657554225188651	192
0.0258789901771399	0.542075205647348	37
-0.03335360832621	0.657554225188651	17
0.0284133758487299	0.540528505427509	106
0.01294894483668	1.37452036381881	130
-0.0354793991592199	0.663179190974533	396
0.02565063691367	0.560472758766511	396
-0.0303861737347	0.659091286903917	396
0.0246131765783499	0.551823254202234	833
0.0215156528884799	0.560293032438019	311
-0.0354793991592199	0.663179190974533	73
0.0820153238346	0.991846104372546	73
-0.0387957244417501	0.659433038619691	96
0.0238042415773501	0.544045684621799	84
-0.05669056453696	0.762696445547141	72
0.0250741769602101	0.549673279055109	1388
0.0174952285685099	0.543725415296831	203
-0.11133319694512	1.91844943255446	526
-0.06671227143906	0.782653284508461	396
0.0207072660001499	0.560552872359375	27
-0.0329212479748799	0.661874838454936	33
0.0806167877589801	1.69025562357206	637
-0.0387957244417501	0.659433038619691	1643
0.0434250748618801	1.12737849797774	1042
-0.03844885055227	0.647171295920907	12
-0.03923050906278	0.642214364464078	1
0.0970424718826399	1.55451732157243	526
0.03982095196626	1.09813979705109	192
-0.08447490187915	1.21119179987775	73
-0.08498314973533	1.18777107760518	73
0.0489702252922799	1.12327899808814	240
0.02795363300788	0.535997867499897	10
0.0198975045546399	0.557647787031875	396
-0.0759963610016201	0.930709051344082	396
0.0932228059176501	1.66791542682249	192
-0.03413435229794	0.656251931843135	27
0.0449979404871499	1.12397242335048	140
-0.0378119867887601	0.645571623550664	73
0.02128376686122	0.551552779073802	458
0.0297935652283901	0.544397574618309	458
0.0240368761196199	0.560790815568447	41
-0.10961381796849	1.87674935621673	35
-0.0837782258167501	1.29933440816396	195
0.0281842880573699	0.550863237402613	396
-0.0784776251621799	0.910880756721426	27
0.02093896152084	0.549439793017206	33
-0.01840482634088	2.08128788969977	45
-0.0634193579979701	0.79812235968269	33
-0.0869596080344399	1.05534573467407	27
0.0786050591034599	0.968264316273025	73
0.0192204230305499	0.547371386409532	458
0.02565063691367	0.560472758766511	440
0.02013054399965	0.549674436661392	1534
-0.03823144603472	0.660590465629956	73
-0.0387957244417501	0.659433038619691	73
0.0265979972572199	1.23026762391426	73
-0.0361050249368	0.646978756539929	2623
-0.0634193579979701	0.79812235968269	41
-0.03766738254804	0.649376536320325	41
-0.06069159388321	0.78938643934993	117
0.02565063691367	0.560472758766511	72
-0.0755825061678299	0.93069582020418	45
0.0838813713366799	0.967272948036758	546
0.06030104529403	1.8978788899141	195
0.0246131765783499	0.551823254202234	396
0.0828157125079201	0.991590479576821	396
0.02128376686122	0.551552779073802	396
-0.04154993576866	0.649910537265025	27
0.0893933141452401	0.97454563355284	458
0.0166943545836	0.546863484913076	136
-0.08981839162522	1.15701371361034	117
-0.0634193579979701	0.79812235968269	72
0.0353309751561199	1.06578943779851	396
0.11826702103327	1.42949716703214	396
-0.0254413717798201	1.84915176513315	983
0.0780042832289201	0.971140493915975	73
-0.0702497673140501	0.92096563529293	37
0.0292173380021099	0.534428566959556	41
0.0735099003965001	0.960464853155161	84
-0.06492511630494	0.762957908686747	117
0.0207072660001499	0.560552872359375	869
0.0159581956519701	2.38008446013877	195
0.0467050718084201	1.98875306958328	263
0.12020182418331	1.41667101192277	396
-0.09298484831891	1.04681917700291	27
0.12006134283617	1.43494301470782	140
0.0215156528884799	0.560293032438019	2262
-0.03823144603472	0.660590465629956	1762
0.02209212316528	0.551314339848813	981
0.0202440413026299	0.546631382551557	1
-0.04447892570912	0.635187491415088	45
0.0248444537152499	0.562540761235065	45
0.0246131765783499	0.551823254202234	45
0.0242679630328999	0.551627131394766	55
0.05364430748937	1.82376320771053	950
-0.0358273426314999	0.653387528180935	55
-0.0886951428537901	1.05079693195466	33
0.0207072660001499	0.560552872359375	73
0.02013054399965	0.549674436661392	10
0.01531399301467	0.546626642919806	838
0.0217459982457	0.54628105833418	838
-0.08781609441268	1.05756654576056	55
0.0741140610314299	0.961985020612349	55
0.0782036656490299	0.965903470483983	838
-0.03469846742887	0.66772278752966	660
0.0262268759959601	0.551539202761652	142
0.0712397661320201	0.930294610434059	195
0.0289896339004601	0.550811656472106	192
-0.0772622324471699	1.42331360291553	41
-0.0815629310692201	0.903352644570248	41
0.0198975045546399	0.557647787031875	30
0.0805288331036	0.972457718224874	558
-0.03745018260142	0.660501042636936	660
-0.03844885055227	0.647171295920907	48
0.02013054399965	0.549674436661392	216
0.0258789901771399	0.542075205647348	17
0.07720406766674	0.967322886435993	55
-0.0854322587501299	1.06158183679705	637
-0.0331372063497	0.667614792067814	73
-0.0339177359068701	0.669071915908352	192
0.02645541941803	0.55247434359054	73
-0.03745018260142	0.660501042636936	12
0.0192204230305499	0.547371386409532	12
0.0217459982457	0.54628105833418	1
0.0289896339004601	0.550811656472106	1
0.02013054399965	0.549674436661392	590
0.00181085730886998	1.30162330708933	55
0.0792055781376	0.950222396392022	73
0.0117642390417301	1.20010406977437	136
-0.06819935409933	0.788496714479792	41
0.0185095914439899	0.538447823492237	1355
-0.03901290170647	0.658297138844015	41
0.0725679508241099	1.63743784909757	41
-0.0688783958382	0.775745239287407	80
-0.0380144733566601	0.659345006544456	12
-0.0395771677793699	0.657147017170622	12
0.02565063691367	0.560472758766511	12
-0.03823144603472	0.660590465629956	55
0.0232279104059701	0.552683928107129	41
0.0780042832289201	0.971140493915975	30
0.0194439980593299	0.548569048897356	926
0.07740325030719	0.964823077175686	80
-0.0361050249368	0.646978756539929	80
-0.03823144603472	0.660590465629956	1
0.03457523052394	1.90188894084975	45
0.0884006712713901	0.977306689865039	192
-0.0880109362761801	1.17673460481004	140
-0.08491940336566	1.05180793605276	10
0.01508840793993	0.544336485291713	80
0.0248444537152499	0.562540761235065	80
0.02082186295706	0.547097284510017	12
0.02209212316528	0.551314339848813	257
-0.08470748719913	0.930664170709519	41
0.05176115028747	1.11205867788396	10
0.0174952285685099	0.543725415296831	117
0.0207072660001499	0.560552872359375	80
-0.0352627974868101	0.66654443481006	2877
0.0248444537152499	0.562540761235065	12
-0.0380144733566601	0.659345006544456	1
0.0490735053790701	1.9283295719939	1629
0.09486421845219	2.22429653210091	1629
-0.00257416169153002	1.83520856829414	396
-0.06611600799172	1.64958287954266	33
0.0297935652283901	0.544397574618309	136
-0.0767385579978701	1.06088737305697	10
-0.07152158529054	0.774470278929545	30
0.08461054806346	0.982757315655872	531
-0.06536084765176	0.751424717712357	12
0.02093896152084	0.549439793017206	1
-0.04232963605842	0.652288380110984	1
-0.08719194345628	1.05664643995855	55
-0.0668016229539701	0.777739148220994	73
0.02209212316528	0.551314339848813	41
0.0240368761196199	0.560790815568447	531
0.02128376686122	0.551552779073802	80
-0.12021671693673	1.70601096976344	140
-0.0794742458842701	1.19038867842052	140
0.11817691047051	1.42307801231341	73
-0.05818566206879	0.772455461505968	73
-0.0307352490914401	0.645317032823048	96
0.0161162995591599	0.546395784833257	44
-0.06848949231042	0.773763384480845	41
-0.03802470277315	0.659344222167635	41
0.08041596049511	0.982729616680736	10
0.0207072660001499	0.560552872359375	926
0.02093896152084	0.549439793017206	12
-0.0387957244417501	0.659433038619691	596
0.02346035469208	0.549951191649626	1
-0.0377979344492201	0.644186804538368	1
0.02002185072042	0.549038102454908	590
-0.0795772300578199	1.21258807749415	45
-0.0309505685678699	0.657950725263552	192
-0.07413892961073	0.926000836735856	192
0.0805092548728901	0.975164425632953	73
-0.0339177359068701	0.669071915908352	12
0.0242679630328999	0.551627131394766	590
0.09369036697641	1.50379708835309	922
0.0132791647561299	1.1924775343055	73
-0.04176372687918	0.644395554841019	73
-0.09386698061879	1.0445716335823	73
0.0207072660001499	0.560552872359375	820
-0.03095906272203	0.636384859121899	44
-0.06010058032903	0.794358209603388	44
-0.0380144733566601	0.659345006544456	10
0.01531399301467	0.546626642919806	500
0.0284133758487299	0.540528505427509	1
-0.0775801845375801	1.73825994973779	55
0.0185095914439899	0.538447823492237	73
-0.0682897209451101	0.780563518151437	10
-0.039360217929	0.646559118930589	30
-0.0266407598127301	0.642753375082621	12
0.0250741769602101	0.549673279055109	1
-0.0875257219258801	1.19813970074636	192
-0.08940080176623	1.26753105705141	922
-0.00839286913075998	1.78383913876843	73
-0.0809453415444099	0.923504834821774	73
0.0735099003965001	0.960464853155161	44
-0.03937000606219	0.651213240321153	41
0.01572556809242	1.22441871879339	41
0.0198975045546399	0.557647787031875	117
0.02209212316528	0.551314339848813	12
0.07720406766674	0.967322886435993	12
0.02093896152084	0.549439793017206	12
0.02082186295706	0.547097284510017	1
-0.02109010733476	2.00445554635373	950
0.0780042832289201	0.971140493915975	44
-0.0654015846640801	0.775584243426711	10
-0.00732344811799002	1.72174143393826	30
0.09396973764129	2.24189359923252	45
0.07680196013124	0.944381343279379	73
-0.03017062659095	0.657957893766416	10
0.12338186710417	1.42526657147748	10
-0.0730828127893299	1.56557524680059	10
-0.08517591728269	1.06096276658614	4
-0.04014932918855	0.649924493980309	12
-0.07661389367202	0.935770580672098	12
-0.06848949231042	0.773763384480845	12
-0.07805565652066	0.931173202798519	1
0.0254207234776001	0.553509369366178	590
-0.0688037974659099	1.65771167040914	45
0.0377323810235699	1.11353615037523	396
0.0279075854931701	1.23199153090375	950
-0.0743735417189899	0.752619745677464	922
0.0222707164229401	1.25333398898593	73
-0.0759340076027799	1.33694809085162	73
0.0248444537152499	0.562540761235065	44
0.0215156528884799	0.560293032438019	44
-0.0631414323405699	1.54562623822013	41
0.0240368761196199	0.560790815568447	2957
-0.0840880681542	0.928155959848205	12
-0.0339177359068701	0.669071915908352	1
0.02346035469208	0.549951191649626	1
-0.03335360832621	0.657554225188651	1
-0.0888447162827899	1.15039916409863	45
0.04481870452603	1.09627408118392	45
-0.0059089490456099	1.69049088948046	45
-0.0352627974868101	0.66654443481006	55
-0.0769061057611	1.4184547257099	396
0.02236315323936	1.23788023391149	55
0.0820153238346	0.991846104372546	922
0.0712397661320201	0.930294610434059	73
0.0210426627214499	0.539090581270253	1056
0.0246131765783499	0.551823254202234	405
0.0242679630328999	0.551627131394766	4
-0.0716744583369	0.922946251706079	12
0.0868135526032401	0.988877386600234	12
-0.0803308850675199	1.1925548225988	45
-0.03844885055227	0.647171295920907	45
0.0764563408300201	1.75628099620022	45
0.0240368761196199	0.560790815568447	396
-0.03413435229794	0.656251931843135	396
-0.04232963605842	0.652288380110984	55
0.0223226589966401	0.556958294179568	639
0.0174952285685099	0.543725415296831	73
0.0474002916826199	1.12396015818697	10
-0.039360217929	0.646559118930589	12
-0.0690037305925	0.784495586960144	1
-0.0897402999344801	1.13241210358201	45
-0.0636326250299799	0.79462449338424	45
0.08987947625623	1.52456925174535	396
-0.03901290170647	0.658297138844015	396
-0.08781609441268	1.05756654576056	55
0.07652421859207	0.957497783833355	55
-0.0387957244417501	0.659433038619691	55
-0.03766738254804	0.649376536320325	73
0.0262268759959601	0.551539202761652	73
-0.0403588016513901	0.651993949434719	73
-0.03469846742887	0.66772278752966	44
0.0248444537152499	0.562540761235065	41
-0.039360217929	0.646559118930589	41
-0.06400926480075	0.793072434935899	12
-0.06612384712511	1.92005246224396	45
-0.06293664541555	2.1795738846225	45
-0.0910760299776201	1.0214107604705	263
-0.0911837544796701	1.03183487034054	396
0.0763192210213699	0.947848614222928	396
0.0846818598889401	0.971007567230716	55
-0.0834351007043299	0.912108050097975	192
0.0248444537152499	0.562540761235065	55
0.0475565668950699	1.12812204718128	73
0.0418707141323	1.12265741094257	13
-0.0368861067681501	0.649304421055631	44
0.0832193122271401	0.969902725105898	41
0.01451029108375	0.543871479952999	10
0.0207072660001499	0.560552872359375	10
0.0240368761196199	0.560790815568447	80
-0.0189483609144601	1.64393944795341	45
-0.0034073727161501	1.70688738981352	45
0.0938210330766001	1.50258422351398	45
-0.0734234008291801	0.723165685406398	396
-0.08058195121177	0.928370156005776	396
-0.0255089561548001	1.9644650887535	1398
-0.0303861737347	0.659091286903917	192
-0.0344820784161	0.667889669824015	922
-0.0849890772623301	1.07689290033379	55
0.0295656712529799	0.542320720226477	73
-0.0932380003917399	1.01002960815056	44
0.0798141390001399	0.976249956412521	10
-0.06671227143906	0.782653284508461	30
-0.0315151784959	0.645295891132356	4
0.01971668158197	1.38263847282079	65
-0.08261732350764	1.28052038175036	55
0.0237816965375199	1.26822343142076	55
0.12379242877588	1.45295958912484	55
-0.0298219938365301	0.648075304835602	922
-0.07678152316664	1.41036175766528	73
0.01508840793993	0.544336485291713	742
0.0295656712529799	0.542320720226477	1056
0.0248444537152499	0.562540761235065	44
-0.0382378695563701	0.652634171822671	4
-0.0856884282619399	1.05280021608086	396
0.0818172499308501	0.985988836426194	396
0.0254207234776001	0.553509369366178	307
0.0874173073451701	0.98590184667776	45
-0.0809453415444099	0.923504834821774	396
0.00644334318591011	1.49020012915042	396
-0.0687921689705	0.787264919461565	55
-0.00199636312820006	1.83544035598354	73
-0.0759963610016201	0.930709051344082	73
0.0838813713366799	0.967272948036758	73
0.0914030631676701	0.974013842230652	41
-0.0679015831219501	0.760313939834159	10
-0.08436018792726	1.18436263956116	396
-0.0385789791937099	0.646490093166328	13
-0.09272812225643	1.0447583477774	4
0.0250741769602101	0.549673279055109	24
-0.0374587305035301	0.651277465098327	1
-0.03844885055227	0.647171295920907	1
-0.03413435229794	0.656251931843135	307
-0.07736354797046	1.05599534967008	73
-0.0368861067681501	0.649304421055631	73
-0.06592274873617	0.780303023968683	698
-0.03017062659095	0.657957893766416	10
0.04561953837448	1.11757894715946	4
0.0484054826432301	1.11108268888831	12
-0.0907588906873	1.17979444798502	396
-0.03745018260142	0.660501042636936	307
-0.03901721697973	0.651341556632326	324
0.0281842880573699	0.550863237402613	1091
-0.06948474845368	1.04755290585411	55
-0.12024357654878	2.41092595172689	73
-0.07187994635942	0.929928667400514	1
-0.00206677666574007	1.69884087126135	45
-0.0885462343708401	1.03845068902583	396
0.0803811947116999	1.66268331617437	55
-0.06671227143906	0.782653284508461	324
-0.06628492926456	0.775523887460659	55
-0.08320260332583	1.06520543432306	73
-0.0797547303077699	0.925284188036133	73
-0.0890714291678201	0.895791612839993	23
0.0276079991636899	0.540566023925869	232
0.03977590527024	1.08947151619906	12
0.02930824224386	2.16504688044614	45
0.03098263520861	2.18307684221075	396
0.0650302156829301	1.88585921977253	396
0.0113296830799901	1.34328141601602	396
-0.0955943296905699	2.37176358217842	1398
0.11601610056386	2.04761882607331	324
0.01281239152502	1.21639176914288	324
0.0169111097883801	1.22002677675588	1162
-0.0337015613245899	0.666438995062129	13
-0.08099455202523	0.928828028769974	1555
0.07872493811103	0.966590464694437	309
-0.03766738254804	0.649376536320325	30
-0.0865650115821499	0.881995432393045	12
-0.07812070878331	1.72123016058835	45
0.00782092685473002	1.36476112785661	396
0.10232548651216	1.59189914115963	396
-0.08429278681235	0.906296879657369	44
0.02370468724137	0.539691483938294	49
0.02013054399965	0.549674436661392	10
0.0215156528884799	0.560293032438019	619
-0.0689088869287899	1.87102460684636	45
0.0873521233340899	1.50830027960098	396
0.0433544813029201	1.10328421009751	396
-0.0309505685678699	0.657950725263552	396
-0.073904776025	1.32664691716358	396
-0.0395771677793699	0.657147017170622	396
-0.0710072924826499	1.50567644594218	55
0.09040814841234	0.959955015489434	324
-0.0645431733741799	0.773395937534205	55
-0.0762036185669801	0.910279378527032	324
0.01259678515665	1.40196120874632	55
0.0874173073451701	0.98590184667776	73
0.02346035469208	0.549951191649626	44
0.08070390658218	0.978701387838866	44
0.0278636660254299	1.25748343740859	309
0.02265135821705	0.542227465914644	239
-0.03823144603472	0.660590465629956	12
-0.0703998388890701	0.775860255029983	396
0.0262268759959601	0.551539202761652	396
0.01589207894712	0.547095100965219	396
0.02013054399965	0.549674436661392	55
0.0217459982457	0.54628105833418	55
-0.0309505685678699	0.657950725263552	73
-0.0365598902173301	0.612698201046351	30
0.0215156528884799	0.560293032438019	65
0.07491696478017	0.963090082754323	12
-0.0888640743157401	0.898118590081444	396
0.0339755700170801	1.09682189524966	55
-0.0836724629208301	0.92468966543108	55
0.0798141390001399	0.976249956412521	324
0.0250741769602101	0.549673279055109	324
0.0492004444210099	1.12458723495217	1091
0.0194439980593299	0.548569048897356	73
0.0442813399806199	1.12539164852769	2427
0.11826702103327	1.42949716703214	30
-0.0705024508983201	0.770970446712249	12
-0.06599595640378	0.776452167577883	619
0.05051164416586	1.11673933171025	396
-0.07891364166197	1.21052929853056	396
-0.08493965338241	1.17894905105469	396
-0.06069159388321	0.78938643934993	396
0.05401856558975	1.11444246692817	324
0.0238042415773501	0.544045684621799	324
-0.08446955489562	0.911748622250786	1091
0.0190863747583101	0.54877646408829	324
-0.0409391984088501	0.624712547491684	73
0.03680204370365	1.07446788592331	44
-0.0342661313894399	0.653317181979872	23
0.03892443687073	1.09478215353195	241
0.0246131765783499	0.551823254202234	160
-0.0822351245391699	0.925629633947354	239
0.0798295464647501	1.67753538453758	45
0.0827187983433799	0.966008397484813	328
0.02459645387295	1.37240895393325	45
-0.0387957244417501	0.659433038619691	307
-0.0628297000189899	0.795855751006407	73
0.0450640961101301	1.12394616394543	73
0.03249804880079	1.08336996962955	166
-0.08416005128812	1.30454349881851	328
-0.08244084352296	0.925110496309361	45
-0.03802470277315	0.659344222167635	45
-0.0354793991592199	0.663179190974533	396
-0.0701243753645799	0.762956736073046	396
0.02565063691367	0.560472758766511	324
0.0865921258976501	1.69303673094109	557
-0.0807439155739001	0.923578076800256	73
-0.03901290170647	0.658297138844015	73
0.02093896152084	0.549439793017206	115
0.0248444537152499	0.562540761235065	44
-0.0307352490914401	0.645317032823048	49
0.11433527958963	2.04146801248078	45
0.0630642589894099	1.98413032970509	328
-0.02141291441023	1.94753332854723	45
0.0441975922714299	1.1185965003154	55
0.0794060330039099	0.96935151470316	73
-0.0337015613245899	0.666438995062129	44
0.0248444537152499	0.562540761235065	44
0.0248444537152499	0.562540761235065	232
0.02013054399965	0.549674436661392	49
0.08354178138405	2.30602583102285	45
0.0983188798777499	1.5640581198286	55
-0.07586835089494	1.91681524547946	55
-0.0747652135990899	0.920206276861967	73
-0.0798747258894199	1.29632442600237	73
-0.09089005563681	1.19071749569639	44
0.0215156528884799	0.560293032438019	49
0.02565063691367	0.560472758766511	30
0.0207072660001499	0.560552872359375	102
-0.08269023687219	1.06363759454928	65
-0.00435386159197004	1.39530880683174	45
-0.0187683897120701	1.78310980352425	45
-0.0349152964636601	0.651897380824086	45
0.07491696478017	0.963090082754323	55
-0.0734935373254799	0.916213761394118	55
-0.08946592732583	0.905037371707694	2498
-0.0827757827810201	1.43377383864554	55
-0.0317307206853801	0.654528569966607	55
0.0207072660001499	0.560552872359375	115
0.0206611712892399	1.2314111380018	236
0.0834181153876401	0.988569951432492	102
-0.03745018260142	0.660501042636936	12
0.0145995939058601	0.531462764554696	1
-0.08994415778103	1.0347181449733	45
-0.0820473678106699	1.19868937456607	45
-0.0339177359068701	0.669071915908352	45
-0.08856558024008	1.18692066011119	45
-0.0799838668564801	1.18350546946664	45
-0.0593836011134301	0.765504614498077	396
-0.0632785972568799	0.786280567835889	396
0.0112732369352	0.529378164958507	55
0.07751417640643	0.980903205226335	55
-0.03880382966445	0.660756374275284	145
0.0254207234776001	0.553509369366178	324
-0.03194671141893	0.645848045539074	324
-0.08115273352212	0.930746793223957	81
0.0193207519052201	0.546900210371373	44
-0.0344820784161	0.667889669824015	226
-0.0354793991592199	0.663179190974533	2365
-0.0311663384085299	0.655657822608274	1413
0.03564236690298	1.90237557368152	45
-0.0284456545609799	2.47376123885014	45
-0.0642221056021	0.796884825457916	55
-0.0836162647588501	1.31733951976002	324
0.0289896339004601	0.550811656472106	557
-0.01458255305822	1.69776211806419	73
0.0215156528884799	0.560293032438019	2876
0.0882064747442699	0.966024572140286	30
-0.0609005547171899	1.53607372756555	45
-0.0738487904987799	1.52503621680835	45
-0.0671130176803501	1.76909890008994	45
0.11374982956968	1.37281441257711	55
-0.00640236511650993	1.5635096578852	145
-0.0824128919233	0.892230206679056	324
-0.08851682042023	1.04855359849398	2876
0.02047403601611	0.548760353434125	2876
0.0198975045546399	0.557647787031875	2472
0.02209212316528	0.551314339848813	24
0.0248444537152499	0.562540761235065	2365
0.0174952285685099	0.543725415296831	313
0.0007361735875	1.60075324366767	145
0.0262268759959601	0.551539202761652	115
-0.0665122434544301	0.77550272050828	44
0.0418707141323	1.12265741094257	49
0.01966293683623	0.540248976407799	65
-0.0684114586940301	0.77267455646611	258
0.0105331867758101	1.36619703088836	145
-0.1194314653609	1.81080571743514	55
0.0877961433146699	0.970968074163944	324
0.0207072660001499	0.560552872359375	30
-0.0673944785587799	0.789734920079992	30
0.0193207519052201	0.546900210371373	643
0.0844703452807201	1.70008313427439	238
0.12041514571578	1.43936339660968	13
0.04044215956693	1.10019798949118	115
-0.0840880681542	0.928155959848205	115
0.04633409412594	1.04222711963285	44
0.02565063691367	0.560472758766511	44
-0.0807439155739001	0.923578076800256	49
0.0190863747583101	0.54877646408829	49
0.02209212316528	0.551314339848813	30
0.0242679630328999	0.551627131394766	1167
-0.0617987664833599	1.82586600164986	557
0.0215156528884799	0.560293032438019	44
-0.07475728718249	0.924282272420872	49
-0.0628297000189899	0.795855751006407	49
-0.0317307206853801	0.654528569966607	49
0.02346035469208	0.549951191649626	236
0.0215156528884799	0.560293032438019	12
0.02047403601611	0.548760353434125	258
-0.06858094416896	0.774636193024473	44
0.05129849715404	1.12003225849389	49
0.0231282780845099	0.548143937400282	1167
0.10165973051193	2.10583395634491	55
-0.09128227101257	1.1751136890516	324
0.0550845979091199	1.8230738281533	324
-0.08009720318394	1.19381388401493	290
0.0714124669734699	0.929004254403328	49
-0.0595098164443499	0.792137235851618	49
0.0210426627214499	0.539090581270253	236
0.0217459982457	0.54628105833418	643
0.0207072660001499	0.560552872359375	102
-0.0366240191132099	0.63873103062371	45
0.03958238909807	1.91432463553892	55
-0.0774380462461399	0.932921246649292	145
-0.05290208122393	0.763553920021555	324
-0.0719003770027999	0.759954966965708	324
-0.0344820784161	0.667889669824015	238
0.02209212316528	0.551314339848813	49
0.0295656712529799	0.542320720226477	600
-0.0295959989019501	0.627398227848207	59
-0.0354793991592199	0.663179190974533	12
-0.08450429064892	1.42408382204814	73
0.05067615037744	1.12640362667525	673
0.0232279104059701	0.552683928107129	236
-0.0387957244417501	0.659433038619691	236
-0.0360437167802301	0.662016447689778	12
0.0215156528884799	0.560293032438019	24
-0.08450003237588	0.926137104924903	115
0.0215156528884799	0.560293032438019	459
0.0287603562027401	0.542360458921157	49
0.0137052000305899	0.535481815247467	49
0.0215156528884799	0.560293032438019	236
-0.0344820784161	0.667889669824015	24
0.0228990987053299	0.548130550130693	258
-0.0900740603863801	2.30619292034047	55
-0.06886121562297	0.750904563777967	324
0.0446061378464699	1.11612054283873	49
-0.0884405072346599	1.05263270707727	236
-0.0930800592851599	1.17317048393653	1333
0.02128376686122	0.551552779073802	59
-0.0812201209557799	1.46531872461712	23
0.0215156528884799	0.560293032438019	258
0.01997951763686	1.24507912317587	73
0.0427232245254401	1.12537294129355	73
-0.0799611594985199	0.934093179418724	362
0.0161162995591599	0.546395784833257	49
-0.0873057147487399	1.04607778855386	300
-0.0675012621765001	0.782744476651091	236
0.00226499406576997	1.27815252086762	236
-0.0854322587501299	1.06158183679705	600
0.02047403601611	0.548760353434125	600
-0.0790941584261	0.928592177757687	1333
0.0242679630328999	0.551627131394766	638
-0.0727052537077899	0.759987977117485	600
0.01047709382895	0.529573485987039	49
-0.03923050906278	0.642214364464078	873
0.01966293683623	0.540248976407799	873
-0.07374494081714	1.31300859814932	300
-0.0366240191132099	0.63873103062371	600
0.00888056474276011	0.519203463256303	2854
0.02128376686122	0.551552779073802	302
0.01966293683623	0.540248976407799	302
0.0215156528884799	0.560293032438019	258
-0.0395771677793699	0.657147017170622	308
0.07145331752616	1.76618169994176	13
0.0410186844415901	1.1166884340866	1035
-0.06279191994696	1.42658505020932	50
-0.06400926480075	0.793072434935899	49
0.0246131765783499	0.551823254202234	236
0.0289896339004601	0.550811656472106	302
0.02346035469208	0.549951191649626	258
-0.12168552246114	1.8302589627379	145
0.0348304642285799	1.10063182248243	324
0.07370782431395	0.944122168751723	49
-0.03413435229794	0.656251931843135	600
0.0254207234776001	0.553509369366178	600
-0.0395771677793699	0.657147017170622	706
0.0417139960274699	1.12110507665054	24
0.0846818598889401	0.971007567230716	302
0.08747174511035	2.20908682014357	145
0.0808192974137201	0.951194409094312	50
0.0248444537152499	0.562540761235065	50
0.0166943545836	0.546863484913076	706
0.0198975045546399	0.557647787031875	24
0.0248444537152499	0.562540761235065	258
0.02093896152084	0.549439793017206	258
-0.0317307206853801	0.654528569966607	145
-0.0337015613245899	0.666438995062129	141
-0.0354793991592199	0.663179190974533	269
0.02128376686122	0.551552779073802	49
-0.08221681387103	1.14829672593206	300
-0.07640730739832	0.933849512904228	300
-0.00486697082670995	1.47657489817728	145
-0.08898569931977	1.07046896298648	324
-0.03667980160707	0.64696848799713	269
0.02565063691367	0.560472758766511	50
0.0207072660001499	0.560552872359375	50
0.00466179449664006	1.38277479568152	236
0.0207072660001499	0.560552872359375	600
0.0178555494749599	1.20906102533386	290
0.0215156528884799	0.560293032438019	50
0.0240368761196199	0.560790815568447	23
0.08661701977204	0.987813885399125	49
0.0207072660001499	0.560552872359375	1707
0.0780042832289201	0.971140493915975	300
0.02128376686122	0.551552779073802	324
-0.07830674242901	1.30379570183645	290
0.02346035469208	0.549951191649626	717
0.02565063691367	0.560472758766511	49
0.0289896339004601	0.550811656472106	49
0.01966293683623	0.540248976407799	300
0.00582620252923993	1.49046398037854	300
-0.08528783426042	1.01052586548387	300
-0.08199273878023	0.911347517108422	236
-0.05518801284833	0.782771656362216	141
-0.0303861737347	0.659091286903917	324
-0.06592274873617	0.780303023968683	290
0.0828157125079201	0.991590479576821	50
0.01691720443627	0.543262546109423	300
0.02265135821705	0.542227465914644	24
0.0500535386212599	1.1242656069516	290
0.10238485991257	1.56007143319629	50
-0.07396642053661	1.66392410091174	23
-0.0920168679095199	1.27235234521037	50
-0.07527466652735	1.41414359655579	49
-0.0786773089719299	0.926159239993014	300
-0.0303861737347	0.659091286903917	300
0.02013054399965	0.549674436661392	600
0.0240368761196199	0.560790815568447	20
0.02013054399965	0.549674436661392	20
0.0850007747446799	1.6690778597511	55
-0.0755520124779001	1.81448391839003	145
-0.0605242452755701	0.768808151807003	145
-0.07888562710115	0.932140849857966	413
0.0240368761196199	0.560790815568447	269
0.0174952285685099	0.543725415296831	50
-0.03017062659095	0.657957893766416	50
0.04109007606774	1.12433304738568	236
0.01451029108375	0.543871479952999	600
-0.000868990856039975	1.80740407153072	145
-0.0245182746597701	0.633932305396493	1553
0.0370327681534099	1.09035973418978	50
0.0786050591034599	0.968264316273025	300
0.0262268759959601	0.551539202761652	300
0.02265135821705	0.542227465914644	20
0.03709425777971	2.07811205424827	141
0.0798059334216299	0.960242389307698	290
-0.07578932336251	0.935605403293016	290
-0.039360217929	0.646559118930589	50
-0.07229160566444	0.907853714666803	23
0.0232279104059701	0.552683928107129	300
0.03233973213088	0.53580843430971	300
0.0882064747442699	0.966024572140286	39
0.0242679630328999	0.551627131394766	20
-0.08244084352296	0.925110496309361	145
0.0202331139229801	1.24886037374977	145
-0.06038585121906	1.95268710392889	290
-0.0228722569283699	2.1902388391119	290
0.0348304642285799	1.10063182248243	49
-0.0654814797480701	0.782093082938734	300
0.02047403601611	0.548760353434125	300
-0.07232653880892	0.772295577445356	300
0.0246131765783499	0.551823254202234	258
-0.0839677901892699	1.17683702814063	145
-0.06412628376958	1.56316909900018	324
-0.0590864488328999	0.786319820215436	585
0.0287603562027401	0.542360458921157	50
-0.0871924682766501	0.909563184768459	300
0.0174952285685099	0.543725415296831	20
0.0120537407377601	2.28407066861751	290
0.02209212316528	0.551314339848813	999
0.0207072660001499	0.560552872359375	300
0.0232279104059701	0.552683928107129	300
0.0215156528884799	0.560293032438019	20
0.0262268759959601	0.551539202761652	50
-0.09137733879953	1.06339180054002	23
-0.0626161142569599	0.796712631377795	49
-0.0387957244417501	0.659433038619691	300
-0.08426051923147	0.912243679767033	300
0.0198975045546399	0.557647787031875	300
0.0186425393468801	0.54690424754445	883
0.0242679630328999	0.551627131394766	20
0.02093896152084	0.549439793017206	258
0.07331163947026	0.958203351621337	141
-0.0673944785587799	0.789734920079992	50
-0.06596101908581	1.53442089372195	50
-0.0298219938365301	0.648075304835602	50
0.0128150563598199	1.22939883661141	49
0.0836165723850799	0.988246113076622	300
-0.0431095365972101	0.652366126311628	300
-0.0838769484215101	0.894724454449326	290
-0.0792159266572801	1.06677375611827	49
0.11608993913339	1.42243961266283	49
0.08402026014743	0.969686956420868	49
-0.0397967709943801	0.647032281805441	49
-0.0774380462461399	0.932921246649292	300
0.0223226589966401	0.556958294179568	300
-0.0436756500129201	0.64306496732999	848
-0.0631878664683401	2.30946656960058	25
-0.0991977420188299	2.12680876850369	290
-0.01436084757431	2.03718029624065	290
-0.08613058014727	1.06850484397382	50
-0.0648117207402501	0.791848676343602	49
-0.03017062659095	0.657957893766416	49
0.0276079991636899	0.540566023925869	300
-0.04388963563815	0.650119308874519	419
0.02565063691367	0.560472758766511	300
0.02128376686122	0.551552779073802	236
-0.03335360832621	0.657554225188651	20
0.0240368761196199	0.560790815568447	24
0.0215156528884799	0.560293032438019	258
0.0185095914439899	0.538447823492237	258
0.0548016735074399	1.97386827116948	141
0.07983330854502	0.93235933450979	50
0.07822404888682	0.938837229987008	49
0.0755211451628199	0.94791082221296	49
0.02013054399965	0.549674436661392	1053
0.0248444537152499	0.562540761235065	1482
0.0233603901623101	0.538045880098869	1482
0.0423988983773	2.05548202293601	585
0.02047403601611	0.548760353434125	509
0.0190863747583101	0.54877646408829	300
0.02703162783665	0.543884394441409	987
0.0194439980593299	0.548569048897356	987
-0.03823144603472	0.660590465629956	20
-0.09763267828488	2.14952854489752	145
-0.0873846133576699	1.18714013889786	50
0.0198975045546399	0.557647787031875	987
-0.0387957244417501	0.659433038619691	20
-0.0604808215944701	0.773327497279243	585
0.0195344629991401	1.18629209783119	585
0.05219964872229	1.05670008720596	290
-0.07517160399066	0.930553985027019	23
0.02047403601611	0.548760353434125	49
0.0820153238346	0.991846104372546	49
0.0207072660001499	0.560552872359375	20
-0.10053694356914	2.40832007981548	145
-0.0815123803876601	1.05015062425401	145
-0.06143646411306	0.780211592162218	141
-0.0395771677793699	0.657147017170622	141
0.08581719538032	0.986316535199763	141
-0.0833988750446899	1.59925694067228	518
0.0185337481590899	1.25398622676817	290
0.04053119282206	1.12185166765967	50
-0.0915876121768899	1.02831521983403	49
-0.0358452969770899	0.641985483845437	49
-0.07130812577238	0.773227722791207	300
-0.0382378695563701	0.652634171822671	236
0.0193207519052201	0.546900210371373	20
-0.0785130420601701	0.928474519125141	50
-0.0634193579979701	0.79812235968269	49
0.0248444537152499	0.562540761235065	300
-0.05732405385469	2.07910845001017	290
-0.0845516579099601	1.06003855313988	50
-0.01491217299966	2.00828762986314	50
0.0846569994348301	1.66578015639494	49
-0.03934473035874	0.627891280583986	49
0.0240368761196199	0.560790815568447	49
-0.0331372063497	0.667614792067814	300
-0.0385789791937099	0.646490093166328	300
-0.03605780346573	0.647774198447346	300
-0.06671227143906	0.782653284508461	1237
0.0207072660001499	0.560552872359375	1237
-0.0395831649399301	0.659430542362407	20
-0.0764257017057	1.52227663685788	2176
-0.0822351245391699	0.925629633947354	141
-0.11873940125668	1.7982236229873	413
0.08601354533302	0.990810321302986	290
-0.06010058032903	0.794358209603388	50
0.0248444537152499	0.562540761235065	20
-0.0380144733566601	0.659345006544456	50
-0.08136033908662	0.928578569147454	49
0.0202440413026299	0.546631382551557	300
0.0242679630328999	0.551627131394766	49
0.0227827409843899	0.53759379863622	300
-0.0444557370195	0.640887717856459	24
0.0207072660001499	0.560552872359375	258
-0.12295778089682	1.61300604081334	518
-0.0779158002148199	1.7329845108849	413
-0.07797691390104	1.16908252177766	290
-0.03844885055227	0.647171295920907	135
0.02795363300788	0.535997867499897	217
-0.0801203870037701	0.922043107780396	49
0.0232279104059701	0.552683928107129	300
-0.05988926555679	0.789352345238263	1237
-0.00627482247911004	1.60359419831185	50
-0.0331372063497	0.667614792067814	300
0.02093896152084	0.549439793017206	300
0.01691720443627	0.543262546109423	24
-0.0818535650673	1.1768057588035	141
-0.0709301266551201	0.762991032589509	198
-0.03844885055227	0.647171295920907	290
0.02093896152084	0.549439793017206	300
-0.12439820412615	1.57156387544833	300
0.0240368761196199	0.560790815568447	300
-0.0679875855637599	0.788499827909175	64
-0.06010058032903	0.794358209603388	24
0.0194439980593299	0.548569048897356	147
0.01651331470592	1.25750542437939	290
-0.0595098164443499	0.792137235851618	49
-0.07830674242901	1.30379570183645	2157
0.0820153238346	0.991846104372546	819
-0.0638731069030001	0.785059282294146	819
-0.03469846742887	0.66772278752966	419
-0.04388963563815	0.650119308874519	300
0.0240368761196199	0.560790815568447	300
0.01508840793993	0.544336485291713	663
0.0215156528884799	0.560293032438019	64
-0.03335360832621	0.657554225188651	1713
0.02047403601611	0.548760353434125	325
0.0198975045546399	0.557647787031875	161
-0.00734385321225006	2.00974891875767	145
0.0218579729933199	1.24798205341647	2176
0.10975340751767	2.2215691084737	518
0.02013054399965	0.549674436661392	135
0.0198975045546399	0.557647787031875	300
0.02703162783665	0.543884394441409	64
0.0273899263334401	2.39407202333964	864
-0.0437009916409501	0.636422465289157	141
-0.0811318059186099	0.898683802300861	50
0.01531399301467	0.546626642919806	135
0.02346035469208	0.549951191649626	135
-0.08181309012283	0.911923728456683	49
0.02565063691367	0.560472758766511	300
0.0161162995591599	0.546395784833257	64
0.02703162783665	0.543884394441409	325
0.0231130943834601	1.2618109398155	290
0.02173799364547	1.24724849325302	135
0.01966293683623	0.540248976407799	663
-0.0303861737347	0.659091286903917	64
-0.0358273426314999	0.653387528180935	290
-0.0634193579979701	0.79812235968269	290
-0.0857652871372301	1.19520180346678	135
0.01451029108375	0.543871479952999	49
0.0192204230305499	0.547371386409532	300
0.02209212316528	0.551314339848813	325
-0.0745603575937901	1.51540175124009	290
-0.08898569931977	1.07046896298648	290
0.01765299053951	1.23247458676518	1276
-0.07658615940408	1.34004340801638	1276
0.0240368761196199	0.560790815568447	300
-0.0634193579979701	0.79812235968269	300
0.0223226589966401	0.556958294179568	300
-0.07232653880892	0.772295577445356	155
0.0215156528884799	0.560293032438019	155
-0.12179951010519	1.80451663973751	145
0.0165460325171201	2.45993502513428	145
0.08041596049511	0.982729616680736	141
-0.03823144603472	0.660590465629956	198
-0.0903774594040001	1.02110920468541	290
0.0197260972336799	1.23013628636917	1276
-0.03588823935269	0.652817065718339	300
0.0223226589966401	0.556958294179568	155
-0.07805565652066	0.931173202798519	155
-0.08280089461615	0.919838805220781	2555
0.00222473025114001	1.46846106510204	198
-0.0820655468151299	1.06864822231157	290
0.0379638135756599	1.12277346753096	290
-0.0358273426314999	0.653387528180935	50
-0.03880382966445	0.660756374275284	52
-0.00576492023613007	1.60318522663874	49
-0.0648117207402501	0.791848676343602	49
-0.0828347338676601	1.0308403332565	141
-0.081111800995	1.3022038107904	290
0.02992240477273	1.23534459888537	52
0.02565063691367	0.560472758766511	135
-0.0749643353354501	0.93243900534609	2406
0.02093896152084	0.549439793017206	49
-0.03901290170647	0.658297138844015	300
-0.03469846742887	0.66772278752966	155
0.01966293683623	0.540248976407799	64
-0.02882647656045	0.655716493887173	155
0.0166943545836	0.546863484913076	609
0.0281842880573699	0.550863237402613	864
0.12441789872247	1.45143912359119	290
0.0801948748052701	1.64720656383583	52
0.0207072660001499	0.560552872359375	300
0.01451029108375	0.543871479952999	155
0.0240368761196199	0.560790815568447	155
0.0207072660001499	0.560552872359375	155
-0.000202580589629964	1.89915671228098	198
-0.06906627619756	1.56236377852536	49
-0.0797109554359401	0.933651139212778	50
0.1242602906453	1.47024441109125	52
-0.039360217929	0.646559118930589	49
0.11714017048035	1.45602071573516	49
0.0309591522906001	0.521884190092106	49
0.02093896152084	0.549439793017206	300
-0.06240286481772	0.787559101630972	300
-0.0409232704811899	0.639453287959943	325
-0.0899928996664501	1.27433382793016	290
0.08661701977204	0.987813885399125	50
-0.07527466652735	1.41414359655579	52
-0.07833455894331	1.06816717787075	217
0.08040780471288	0.966472155446005	49
-0.06010058032903	0.794358209603388	155
-0.0337015613245899	0.666438995062129	460
0.0223226589966401	0.556958294179568	1029
0.0441975922714299	1.1185965003154	198
-0.0822351245391699	0.925629633947354	122
0.0217925142929001	1.24596860328142	49
-0.05379236048077	0.775250773805736	49
-0.09293957037692	1.01425483579396	49
0.0174952285685099	0.543725415296831	300
-0.0368861067681501	0.649304421055631	155
-0.0331372063497	0.667614792067814	155
-0.0772593824471699	1.51688623889594	145
-0.11706045260882	2.42869487759976	145
-0.08306996357839	1.18569805719966	141
0.00901390969487004	1.34494151144294	864
0.06448790686249	1.87426865991302	49
-0.0921022029327601	1.04666851493638	52
0.11672947851893	1.41412892337188	52
-0.0703998388890701	0.775860255029983	52
0.02209212316528	0.551314339848813	49
-0.0654015846640801	0.775584243426711	49
-0.03823144603472	0.660590465629956	300
0.01691720443627	0.543262546109423	300
-0.0344820784161	0.667889669824015	552
-0.0421160732931201	0.640717978099016	552
0.01206795730365	0.526492252942529	2664
-0.0831150364016899	1.14972269415226	52
-0.0405763828988801	0.641965824863692	49
-0.0352627974868101	0.66654443481006	300
-0.0842746423819101	1.06918693441311	300
0.0215156528884799	0.560293032438019	300
-0.0372334162482799	0.656908149540174	300
0.02209212316528	0.551314339848813	155
0.0261326110339599	0.519054025512462	161
0.02209212316528	0.551314339848813	258
0.02645541941803	0.55247434359054	258
-0.00813721166332004	1.79490817089314	141
0.0143772302458201	1.2379174667691	1207
0.0868135526032401	0.988877386600234	52
-0.0745751044009899	0.921077591018692	52
-0.0729720399268301	0.751669642113827	397
-0.06809021021587	0.777898686204875	300
0.0242679630328999	0.551627131394766	300
-0.0339177359068701	0.669071915908352	300
0.0161162995591599	0.546395784833257	64
0.0207072660001499	0.560552872359375	325
-0.0232615471420199	1.89483730970214	198
-0.01885967809823	2.01567726489952	198
0.01451029108375	0.543871479952999	290
0.12414479629122	1.43712048643229	52
-0.0634193579979701	0.79812235968269	300
-0.0385789791937099	0.646490093166328	1241
0.0207072660001499	0.560552872359375	151
-0.0403588016513901	0.651993949434719	69
-0.02529717597138	0.641976332468945	155
0.0254207234776001	0.553509369366178	155
-0.0852022503133401	1.38697718141545	141
-0.08617313531687	1.27889776416919	49
0.0254207234776001	0.553509369366178	52
-0.03194671141893	0.645848045539074	52
-0.04077043748059	0.644809094615774	49
-0.0372334162482799	0.656908149540174	300
-0.04447892570912	0.635187491415088	69
0.0891993102905799	0.981080784069561	145
0.02128376686122	0.551552779073802	52
-0.03880382966445	0.660756374275284	392
-0.03844885055227	0.647171295920907	1241
0.0215156528884799	0.560293032438019	64
0.02703162783665	0.543884394441409	1133
-0.09121904397805	1.04412956795332	1207
-0.07682070033264	0.927893478548827	49
-0.0425436394643799	0.644461262258447	392
0.02693088632826	0.523407500230357	1491
-0.0666067929184	1.54574317462431	145
0.000706013451279963	1.90846885885877	145
-0.0669125610208201	0.780583605750079	290
0.0207072660001499	0.560552872359375	50
0.0805092548728901	0.975164425632953	577
-0.0716410043611999	1.52521142566939	290
0.0136531614411799	1.20150870615539	49
0.07652421859207	0.957497783833355	49
0.0246131765783499	0.551823254202234	40
-0.0636326250299799	0.79462449338424	920
0.02265135821705	0.542227465914644	576
0.0241774035798401	1.25772813349934	25
-0.0579035021623	0.789047273431963	290
0.0778045644399601	0.964473771015415	529
0.0828157125079201	0.991590479576821	392
0.0248444537152499	0.562540761235065	1241
-0.0366691131307699	0.658054220969897	290
-0.0352627974868101	0.66654443481006	49
-0.0323568805199299	0.663032797796804	49
-0.0344820784161	0.667889669824015	397
0.08661701977204	0.987813885399125	40
-0.0690037305925	0.784495586960144	40
0.02013054399965	0.549674436661392	40
-0.02642634704882	2.06469415422834	141
0.0223226589966401	0.556958294179568	290
-0.0669125610208201	0.780583605750079	50
0.0357915487614799	1.08590857106339	49
0.0800068309756099	0.951278706007211	1636
0.02002185072042	0.549038102454908	56
0.0198975045546399	0.557647787031875	920
0.0905033139451099	1.54165757698806	198
-0.0675012621765001	0.782744476651091	40
0.02093896152084	0.549439793017206	56
0.02346035469208	0.549951191649626	56
0.0546417150340499	1.11653645590546	920
-0.0642221056021	0.796884825457916	290
-0.04447892570912	0.635187491415088	40
0.0207072660001499	0.560552872359375	361
-0.0303861737347	0.659091286903917	552
-0.0710618617333201	1.81877122201179	392
0.0223226589966401	0.556958294179568	40
-0.06628492926456	0.775523887460659	64
0.04451731383318	1.06216904218289	64
0.04528364335011	1.11499926355877	49
0.11924691990913	1.41609532067588	290
-0.0636326250299799	0.79462449338424	392
-0.0570022508558301	0.775083709414162	56
0.02565063691367	0.560472758766511	56
-0.0339177359068701	0.669071915908352	210
-0.11265765112453	1.60053596774272	145
-0.0614934337505799	0.786405623847501	49
-0.0366691131307699	0.658054220969897	40
0.0248444537152499	0.562540761235065	548
-0.08176987163627	0.922369755206659	290
-0.0628297000189899	0.795855751006407	50
0.0808982011805801	0.962098422807889	40
-0.0834176585231701	0.911675829684291	40
-0.03766738254804	0.649376536320325	40
0.0215156528884799	0.560293032438019	548
0.0248444537152499	0.562540761235065	258
-0.0737062773726001	1.30210674048723	49
-0.07249885446447	0.928199200754303	49
0.0899984041120401	0.980929104404236	49
-0.039360217929	0.646559118930589	215
-0.07517416882535	0.915741439259985	1170
-0.0681091819411099	1.64580525885943	141
-0.0377979344492201	0.644186804538368	49
-0.07232653880892	0.772295577445356	215
0.0240368761196199	0.560790815568447	56
-0.0339177359068701	0.669071915908352	56
0.02265135821705	0.542227465914644	56
-0.0495315378258001	2.14290955073669	864
-0.0584632179387301	2.10693535413606	1036
0.0238042415773501	0.544045684621799	392
-0.06572246232548	0.770763255484502	40
-0.0387957244417501	0.659433038619691	40
-0.00827690774011991	1.83930627214082	413
0.00523985491132994	1.50181330068976	49
-0.06400926480075	0.793072434935899	215
0.0217459982457	0.54628105833418	40
0.0250741769602101	0.549673279055109	56
0.0295656712529799	0.542320720226477	64
-0.11724869169943	2.13685734082396	145
-0.11804784565372	1.89009395614068	86
0.03533741603498	1.84318917982094	49
-0.09023813060418	1.05892261588838	529
0.10688018148423	1.54953104878696	215
-0.08218439442534	0.921551552402518	215
0.0810175243474001	0.97976996035793	215
0.0248444537152499	0.562540761235065	40
-0.0370170854255001	0.639236264870398	40
0.0228990987053299	0.548130550130693	56
-0.10705371108391	2.10782990666066	145
-0.06146108200181	2.26812068175095	25
-0.0891702879899601	1.03931634286054	86
-0.01569921743631	1.53019009799371	864
0.0204868866025201	1.242498666041	141
-0.0648785235221401	1.52936727833425	198
-0.11543838858871	1.69631345607056	49
0.03677445039372	1.08908869748321	49
0.0207072660001499	0.560552872359375	215
0.02093896152084	0.549439793017206	1170
0.0242679630328999	0.551627131394766	64
0.02013054399965	0.549674436661392	210
-0.0710346651465299	2.14611078256629	145
0.0846162038612699	0.964312405928672	864
-0.0380144733566601	0.659345006544456	2360
-0.0857761486008499	0.899042046162381	49
-0.06533350134508	0.778168962980416	703
-0.0342661313894399	0.653317181979872	1357
0.0215156528884799	0.560293032438019	56
0.0820153238346	0.991846104372546	361
0.0152947211943999	1.38949645906648	86
-0.0752679491531101	0.750114206430154	141
-0.0372334162482799	0.656908149540174	49
0.0309591522906001	0.521884190092106	49
-0.03802470277315	0.659344222167635	49
-0.0380144733566601	0.659345006544456	529
-0.0894259145357801	1.03861455688663	56
-0.0352627974868101	0.66654443481006	56
-0.1240420989237	1.5899850417556	864
-0.0609027124831201	0.791337100025491	392
-0.03766738254804	0.649376536320325	215
-0.0817292973068	1.20994505714339	56
-0.0853113328367301	1.27462472122777	49
-0.0344820784161	0.667889669824015	56
0.02209212316528	0.551314339848813	1677
-0.0380144733566601	0.659345006544456	49
0.00419340635596011	1.45862448983816	392
-0.03937000606219	0.651213240321153	215
-0.02254759805007	0.624406636704841	56
0.02270050053144	2.25369839284439	145
0.01691720443627	0.543262546109423	56
0.0778045644399601	0.964473771015415	1294
0.02153948060668	1.24375825021786	529
-0.0764070959635901	0.909350150964301	215
-0.0786773089719299	0.926159239993014	64
0.03233973213088	0.53580843430971	64
0.02013054399965	0.549674436661392	1014
-0.06937616298226	1.83201445363323	141
-0.0756577469009601	1.36947724489404	49
0.00364488480110992	1.49755491149837	49
0.10392795774094	1.57026899895191	49
-0.06819935409933	0.788496714479792	28
0.07373665110905	0.902015495710063	215
-0.0387957244417501	0.659433038619691	56
0.0217459982457	0.54628105833418	161
-0.0539759570676399	2.45074995478889	86
-0.11128669101142	2.00521240382138	864
-0.05929795962291	0.794318696068496	56
0.0248444537152499	0.562540761235065	2316
0.0198975045546399	0.557647787031875	361
0.0232279104059701	0.552683928107129	182
-0.10334521961174	2.30190189723225	86
-0.08760225188652	0.906382609195463	49
0.01483933472059	1.22759698108946	28
-0.06770129271421	0.778416364228911	28
0.0281842880573699	0.550863237402613	56
-0.0654814797480701	0.782093082938734	56
0.02047403601611	0.548760353434125	56
-0.0847309007514201	1.07166138250045	56
0.0215156528884799	0.560293032438019	112
-0.0628297000189899	0.795855751006407	392
0.0210426627214499	0.539090581270253	392
-0.03504663601377	0.654681042819387	215
0.0215156528884799	0.560293032438019	56
-0.0339177359068701	0.669071915908352	103
-0.0352627974868101	0.66654443481006	723
-0.03745018260142	0.660501042636936	28
-0.05849485042697	0.79123543757585	103
0.0136531614411799	1.20150870615539	103
-0.06938523520522	0.773439057691834	182
-0.03413435229794	0.656251931843135	243
-0.07747767065114	0.913978730241769	392
-0.06442076954757	0.790609818838821	2360
-0.0876292519461299	1.04558167568741	146
0.0371089949385199	1.11672594469388	49
0.0227827409843899	0.53759379863622	243
-0.03901290170647	0.658297138844015	392
-0.03766738254804	0.649376536320325	103
0.02093896152084	0.549439793017206	103
0.00886497818911991	1.49519197305539	86
0.0242679630328999	0.551627131394766	266
-0.06909863615377	1.76581825239181	266
-0.0743495032785699	1.65260955735886	141
0.00150787306665001	1.35508644865188	49
0.0186425393468801	0.54690424754445	529
-0.0358452969770899	0.641985483845437	575
0.0179370049876899	0.521352010030435	266
0.0248444537152499	0.562540761235065	723
-0.0869365409798599	1.06140385511086	575
0.0410186844415901	1.1166884340866	266
0.0232279104059701	0.552683928107129	188
0.0190863747583101	0.54877646408829	49
0.01112832091828	1.35933315599965	49
0.0799224813939099	0.970909073223227	49
0.0254207234776001	0.553509369366178	49
0.0207072660001499	0.560552872359375	243
0.0230438005056699	1.25073790013645	28
-0.0721132942418401	0.773278104491269	215
0.08070390658218	0.978701387838866	215
-0.0364525548465999	0.651690943646871	56
0.0287603562027401	0.542360458921157	103
0.0281842880573699	0.550863237402613	103
-0.08294650542567	1.06887955850579	575
0.10182632597308	2.15782545669882	575
-0.08445157823297	1.06114657005829	469
-0.0782910694607899	1.43925201421257	49
-0.03937000606219	0.651213240321153	56
-0.08136033908662	0.928578569147454	56
0.0242679630328999	0.551627131394766	91
0.02645541941803	0.55247434359054	723
-0.0296062191867901	0.6590974395348	49
0.0500535386212599	1.1242656069516	49
0.00123688091428997	1.35206660754975	243
0.022559825099	0.531764579992781	243
0.0238042415773501	0.544045684621799	91
0.0483478242226201	1.12114983689364	575
-0.0907588906873	1.17979444798502	469
0.08601354533302	0.990810321302986	469
0.0278363868562499	2.27337401463438	141
-0.0956385254815799	1.01940983314485	141
0.0262268759959601	0.551539202761652	49
-0.06240286481772	0.787559101630972	49
0.0194439980593299	0.548569048897356	28
-0.0606321412594799	0.776260574100789	243
-0.0309505685678699	0.657950725263552	2531
-0.0380144733566601	0.659345006544456	723
0.02047403601611	0.548760353434125	1746
-0.0517836351666701	2.24577421446004	86
0.0166943545836	0.546863484913076	141
-0.0374587305035301	0.651277465098327	49
-0.05620049938779	0.780599391044449	49
0.01966293683623	0.540248976407799	49
0.03641198473195	1.08833218236045	243
-0.0349152964636601	0.651897380824086	243
-0.0759936328475299	0.88771490039304	243
0.0951496096713	1.53914307897024	28
0.08581719538032	0.986316535199763	215
0.0248444537152499	0.562540761235065	2531
0.02209212316528	0.551314339848813	91
0.0217459982457	0.54628105833418	91
0.02013054399965	0.549674436661392	91
0.0198975045546399	0.557647787031875	1746
0.0193207519052201	0.546900210371373	49
-0.0352627974868101	0.66654443481006	49
0.0835212474562299	0.964235675312748	56
0.07872493811103	0.966590464694437	56
0.02013054399965	0.549674436661392	1343
0.03677445039372	1.08908869748321	206
0.0223226589966401	0.556958294179568	91
-0.0896934743930999	0.89440814898714	91
0.0223226589966401	0.556958294179568	91
0.02703162783665	0.543884394441409	469
0.0337186011147901	0.523909009532208	469
-0.0749695771346299	0.923425839492632	146
-0.09731339888323	1.11654460732003	49
0.0141198264207101	1.35166275701534	49
-0.0352627974868101	0.66654443481006	49
0.0246131765783499	0.551823254202234	56
0.0192204230305499	0.547371386409532	56
-0.08115273352212	0.930746793223957	64
-0.0709301266551201	0.762991032589509	469
0.07720406766674	0.967322886435993	469
0.12131252467362	1.44043696552646	47
-0.0303861737347	0.659091286903917	49
-0.0778085869423999	1.43994905468108	1164
-0.0368861067681501	0.649304421055631	49
0.0193207519052201	0.546900210371373	49
0.0344387192665501	1.07263471197979	28
0.02136681507657	1.2391451089866	28
-0.04232963605842	0.652288380110984	215
-0.0826092513471399	0.909672018793941	28
0.0295656712529799	0.542320720226477	56
-0.0867341902118	0.898014423651941	575
0.02071833249357	1.34947268949206	469
0.04085918162578	1.11228960705233	49
-0.0266407598127301	0.642753375082621	49
-0.0766705023377501	0.740950725169052	28
-0.03766738254804	0.649376536320325	64
-0.11561432857218	1.67974136788285	86
-0.08540507549665	1.04948063003568	469
0.0469343878817801	1.12597174437473	469
-0.0775200569927501	1.17785635103251	47
0.0823892298090001	0.937391812231342	49
-0.03413435229794	0.656251931843135	49
0.02209212316528	0.551314339848813	2753
0.0825018810991301	0.95518746301445	28
0.02680121430113	0.534246001983123	56
0.0262268759959601	0.551539202761652	90
-0.0669125610208201	0.780583605750079	206
-0.03823144603472	0.660590465629956	64
0.0209137371002099	1.23786307737128	1158
0.0241774035798401	1.25772813349934	1158
-0.0634193579979701	0.79812235968269	188
-0.06612329722989	0.780496843550982	49
-0.0819770262548101	0.926841063073821	56
0.02013054399965	0.549674436661392	793
-0.0387957244417501	0.659433038619691	49
-0.0368861067681501	0.649304421055631	49
-0.0339177359068701	0.669071915908352	49
0.0207072660001499	0.560552872359375	49
-0.03605780346573	0.647774198447346	243
0.0207072660001499	0.560552872359375	2941
-0.0352627974868101	0.66654443481006	28
0.02013054399965	0.549674436661392	28
0.0287603562027401	0.542360458921157	90
-0.08574180415751	0.917191442000383	469
0.04991584358226	2.04969044658858	49
-0.0726118463173799	1.31469475638111	49
0.0793158681233801	0.953175473781161	49
0.05123060832779	1.09938456437899	243
-0.0611141761507299	0.782493379389187	28
-0.0380144733566601	0.659345006544456	28
-0.0344820784161	0.667889669824015	56
-0.0776446219673299	0.921812893883109	76
-0.08760225188652	0.906382609195463	91
-0.0642221056021	0.796884825457916	91
-0.0940332806716999	1.03476023102428	156
0.0215156528884799	0.560293032438019	156
-0.02882647656045	0.655716493887173	156
0.0438891493212601	1.11605078552899	146
-0.08429278681235	0.906296879657369	49
0.00520443997787989	1.36293096282309	49
-0.08137648976973	0.906588340742131	49
0.00432074051429998	1.60415973017522	243
-0.08851682042023	1.04855359849398	305
0.0281842880573699	0.550863237402613	215
-0.08781609441268	1.05756654576056	90
-0.0834689149988199	0.912138914811565	64
-0.0387957244417501	0.659433038619691	91
0.0215156528884799	0.560293032438019	91
-0.07392195996036	0.759921267945648	156
-0.1199474307924	2.20008084419459	25
0.09336952045064	1.68441204886575	188
0.0654908665334899	1.54978476911158	49
0.00618175658469	1.38392566466596	49
-0.0682897209451101	0.780563518151437	305
0.08859450135756	0.974689587681583	305
-0.07187994635942	0.929928667400514	28
0.02093896152084	0.549439793017206	56
-0.0339177359068701	0.669071915908352	56
0.0215156528884799	0.560293032438019	156
-0.0741117013074599	1.43460003124711	266
0.0231580434523	2.43142948454654	29
-0.0632063128187501	0.791688923675799	49
-0.08712764486148	1.17659323263155	49
0.0223226589966401	0.556958294179568	2941
0.0223226589966401	0.556958294179568	16
0.0372635001975501	1.09498144275497	49
0.0844149202972999	0.984141352240955	49
-0.07891364166197	1.21052929853056	49
-0.06240286481772	0.787559101630972	305
-0.06501023973371	0.792840767617146	215
-0.08259397729103	0.918538271189458	2941
-0.03413435229794	0.656251931843135	91
0.0215156528884799	0.560293032438019	337
0.01966293683623	0.540248976407799	266
-0.0339177359068701	0.669071915908352	266
-0.0777526715303301	1.33691835926159	469
-0.05972201805197	0.775167834330622	47
-0.0884189508854401	1.14918228590594	49
-0.08036578155337	1.35709790289871	891
0.01531399301467	0.546626642919806	215
0.01986093873581	1.22870230077954	215
-0.06559995737818	0.787860291184665	28
-0.0770255563118401	0.925461552441195	404
0.02093896152084	0.549439793017206	90
0.0240368761196199	0.560790815568447	91
0.00700185324337999	1.37218782965175	266
-0.11232450835436	2.0100730315858	188
0.01451029108375	0.543871479952999	1227
0.0198975045546399	0.557647787031875	305
0.0207072660001499	0.560552872359375	56
-0.0853314928225499	1.05532222659263	56
-0.03880382966445	0.660756374275284	91
-0.0728525391993999	1.31934927443217	25
0.00339949136479989	1.49898450208327	29
0.0289896339004601	0.550811656472106	66
-0.0751753064981799	1.42576148325926	28
0.02209212316528	0.551314339848813	215
-0.05709961221557	0.782405474766775	206
0.08211219441345	0.981786247057517	91
-0.0387957244417501	0.659433038619691	793
-0.0794312546063301	1.19703384199774	25
0.0156024773679799	1.34430535200367	29
-0.0794742458842701	1.19038867842052	29
0.0427232245254401	1.12537294129355	49
0.0769084043539701	0.962667871583345	1512
0.02346035469208	0.549951191649626	1512
-0.0716803610932399	1.82390927428018	49
0.0849785395567599	1.70057155915584	544
0.022559825099	0.531764579992781	404
0.0826174469766501	0.988818707096049	404
0.0223226589966401	0.556958294179568	91
-0.08946592732583	0.905037371707694	29
0.0818172499308501	0.985988836426194	469
-0.0448845611959701	0.626801905894849	66
-0.00901270970668011	1.55407708849533	49
-0.0387957244417501	0.659433038619691	28
0.01589207894712	0.547095100965219	404
-0.03745018260142	0.660501042636936	793
0.09060323386423	0.978036465841823	29
0.0352212177584701	1.07453814950785	66
0.0450640961101301	1.12394616394543	66
-0.03745018260142	0.660501042636936	28
0.0886234498749701	1.52155461265461	544
0.04334449517106	1.11893514459431	56
-0.0337015613245899	0.666438995062129	56
0.0822130512999599	0.984988908076055	56
0.0281842880573699	0.550863237402613	53
0.0289896339004601	0.550811656472106	793
-0.05972201805197	0.775167834330622	49
0.0922033469632599	0.965382598358376	49
-0.0671019856953201	0.760017386564431	56
0.0192204230305499	0.547371386409532	56
0.02415952582175	0.538009060357949	90
0.02209212316528	0.551314339848813	1097
0.0816107743082799	0.945881815012426	206
-0.0856884282619399	1.05280021608086	469
-0.0595871510702	2.03735834723461	29
0.08980385923873	0.978182389858427	28
0.0242679630328999	0.551627131394766	56
0.0217459982457	0.54628105833418	56
0.0215156528884799	0.560293032438019	206
-0.01937083025548	1.88471402010721	29
0.0812154064648301	0.988996741222351	29
-0.07986497271416	1.27981973630604	66
-0.0845516579099601	1.06003855313988	1512
-0.08498314973533	1.18777107760518	56
-0.0403588016513901	0.651993949434719	404
0.08133282951582	0.961718820658911	591
-0.039360217929	0.646559118930589	591
0.07680469565216	0.929746686300902	66
-0.03335360832621	0.657554225188651	1180
-0.08108337913753	1.29778702915117	49
0.00240912118532011	1.51597993807633	56
0.01997951763686	1.24507912317587	56
-0.03901290170647	0.658297138844015	90
-0.0673944785587799	0.789734920079992	206
0.0215156528884799	0.560293032438019	591
-0.03469846742887	0.66772278752966	591
0.02047403601611	0.548760353434125	29
-0.06658910399385	0.788379516943655	66
-0.0844758747947101	1.32359531124858	49
0.04147989048164	1.11271508963186	56
-0.07130812577238	0.773227722791207	56
-0.0317927279966199	0.651810848051207	56
-0.0403588016513901	0.651993949434719	206
-0.11174414645822	1.98446548392869	29
-0.11312109690295	2.17925407801615	188
-0.10840666729833	1.81347716012127	544
0.0481142386183799	1.98516812689395	544
0.07880497796408	0.972232240524088	56
-0.06770129271421	0.778416364228911	56
0.0228990987053299	0.548130550130693	56
0.0248444537152499	0.562540761235065	591
0.0174952285685099	0.543725415296831	591
0.02199253097412	1.24505051982054	366
-0.07310855559215	0.919345880575161	56
-0.0329212479748799	0.661874838454936	206
0.0207072660001499	0.560552872359375	295
0.0166943545836	0.546863484913076	53
0.01508840793993	0.544336485291713	49
-0.0682897209451101	0.780563518151437	49
-0.07682070033264	0.927893478548827	49
-0.07460760885206	1.05578638830479	544
0.02128376686122	0.551552779073802	16
0.0239231388758601	1.25529828898832	266
-0.0296062191867901	0.6590974395348	47
0.0207072660001499	0.560552872359375	387
0.02093896152084	0.549439793017206	16
0.02128376686122	0.551552779073802	53
-0.0678519878610999	1.40748661221915	29
-0.07290300915339	0.903905162408304	66
0.0207072660001499	0.560552872359375	56
-0.0991537158294999	0.947748183730392	29
-0.0337222521626099	0.647859074826469	29
-0.06442076954757	0.790609818838821	29
-0.0296062191867901	0.6590974395348	66
-0.0883434772941401	1.15840217370832	366
0.0240368761196199	0.560790815568447	49
0.02565063691367	0.560472758766511	49
-0.0034073727161501	1.70688738981352	28
0.0802074860814299	0.96783795386801	56
-0.0889219171751901	1.16648937603421	56
-0.09225934962467	1.05646689465218	175
-0.08766604678371	1.03595893591405	56
0.02565063691367	0.560472758766511	234
-0.02426542605598	2.30763509066082	29
0.0215156528884799	0.560293032438019	29
0.0238042415773501	0.544045684621799	49
0.0166943545836	0.546863484913076	56
0.00222977327758001	1.45343289711081	56
0.0171402167091701	1.25046243473819	56
0.02128376686122	0.551552779073802	591
-0.03823144603472	0.660590465629956	53
0.0257318495849701	1.24952882855831	1075
0.0780042832289201	0.971140493915975	49
0.02209212316528	0.551314339848813	604
-0.0458740034249301	0.626652416129186	28
-0.0626161142569599	0.796712631377795	175
0.0276079991636899	0.540566023925869	591
0.0248444537152499	0.562540761235065	53
0.03591501802349	1.89127807861312	29
-0.06760679039194	0.77653428604621	702
-0.0579035021623	0.789047273431963	29
0.0830813403661801	0.958927312755416	1180
-0.0385908913336399	0.649862910074986	1180
-0.06255785935924	2.16555391407949	49
0.02093896152084	0.549439793017206	49
0.0443760781903899	1.12183340614517	28
0.01451029108375	0.543871479952999	28
0.04414601953986	1.11519045742407	56
0.02002185072042	0.549038102454908	206
-0.0753700453794901	0.889060964960129	206
-0.0740916073078799	1.62767959813574	1075
0.0246131765783499	0.551823254202234	29
0.0215156528884799	0.560293032438019	29
-0.08611317357198	1.18347056468908	66
0.03896798345708	1.09974733508805	366
0.02047403601611	0.548760353434125	49
0.0190863747583101	0.54877646408829	53
0.0808982011805801	0.962098422807889	1315
0.0232279104059701	0.552683928107129	773
0.0246131765783499	0.551823254202234	222
0.00172008994294992	1.47788506345017	1171
0.08421925506338	0.985258537041669	206
0.0276079991636899	0.540566023925869	206
0.0198975045546399	0.557647787031875	53
-0.03901721697973	0.651341556632326	49
0.08581719538032	0.986316535199763	19
-0.00125432859708008	1.44510923840849	19
0.0258789901771399	0.542075205647348	222
-0.0403588016513901	0.651993949434719	206
-0.0344820784161	0.667889669824015	16
0.0254207234776001	0.553509369366178	1315
-0.0629936047242801	0.771566152161391	49
-0.0395771677793699	0.657147017170622	19
-0.0832566828038399	1.19537895046303	56
0.0433544813029201	1.10328421009751	16
0.12496466024899	1.44116162734517	16
0.0207072660001499	0.560552872359375	53
0.0939786683089201	1.53753767522245	246
-0.0570022508558301	0.775083709414162	366
-0.0840909303064199	1.52116545497914	1180
0.0223226589966401	0.556958294179568	421
0.02093896152084	0.549439793017206	53
0.08211219441345	0.981786247057517	97
-0.0646775389406	0.785072271299816	970
0.01589207894712	0.547095100965219	366
-0.0762599340960599	0.927995376185753	366
-0.03823144603472	0.660590465629956	19
-0.0711996065593601	2.06204363512332	19
0.02093896152084	0.549439793017206	421
0.0240368761196199	0.560790815568447	16
0.0228990987053299	0.548130550130693	53
-0.0992000708016501	1.9951658767738	29
0.0066555697967301	1.34673454835073	29
-0.0718732923040499	2.04110822813357	29
0.0242679630328999	0.551627131394766	254
0.0192204230305499	0.547371386409532	56
0.0782036656490299	0.965903470483983	16
-0.0905398788438501	1.28041062351691	29
-0.0134538980469201	1.92239014393125	29
-0.0711474525329701	0.763219032277944	194
0.10325029376989	1.5822933175524	29
0.0246131765783499	0.551823254202234	760
-0.0303861737347	0.659091286903917	97
-0.0803280164044	0.931896982678228	97
-0.0303861737347	0.659091286903917	254
-0.03901290170647	0.658297138844015	254
0.0192204230305499	0.547371386409532	970
-0.0360437167802301	0.662016447689778	366
-0.0673944785587799	0.789734920079992	366
0.02209212316528	0.551314339848813	19
-0.08968136867277	1.02916465673908	421
0.01002433142931	1.599566004443	16
0.0128715751217501	1.394741630822	193
0.0193207519052201	0.546900210371373	53
0.01531399301467	0.546626642919806	53
-0.0229717765951101	1.75860755614767	29
-0.0850994201428199	1.21231600871992	97
-0.0115926343450401	1.57503932360987	97
0.00681891655633993	1.32888427996701	421
0.02128376686122	0.551552779073802	278
-0.0873057147487399	1.04607778855386	19
-0.0636326250299799	0.79462449338424	193
0.0756825381444699	2.43349185598318	29
-0.0370170854255001	0.639236264870398	19
-0.03877696936779	0.628183992032058	421
0.0836165723850799	0.988246113076622	34
0.0381154996533299	1.09871749024263	29
-0.0740583731925599	1.54986534819654	29
-0.0884405072346599	1.05263270707727	28
0.0240368761196199	0.560790815568447	421
0.0289896339004601	0.550811656472106	278
-0.06442076954757	0.790609818838821	34
-0.0403588016513901	0.651993949434719	193
-0.0907513242558	1.06536496693624	773
-0.0728525391993999	1.31934927443217	16
-0.06886121562297	0.750904563777967	19
-0.05972201805197	0.775167834330622	278
-0.0663313955712701	1.42638184501559	194
0.02013054399965	0.549674436661392	29
-0.0431095365972101	0.652366126311628	970
-0.0472200921692301	0.628512470210087	19
-0.09138496464719	1.17764605099191	29
-0.07644810351131	1.63525887380683	29
-0.0850855069654499	0.910068657131907	97
0.08540981173856	0.984244732914257	97
-0.06208086817535	0.736248757328111	366
-0.0784776251621799	0.910880756721426	19
-0.0755825061678299	0.93069582020418	2022
0.0215156528884799	0.560293032438019	19
0.02093896152084	0.549439793017206	34
-0.0788515459966299	1.18007902158905	193
-0.0857291220922201	1.40680157547188	19
-0.0933099913311299	1.02078263629479	19
0.0826174469766501	0.988818707096049	421
0.0138043377906201	0.529902197732332	34
-0.0850566518184399	1.1576532201366	823
-0.0915533107606401	1.03256083155612	193
-0.0352627974868101	0.66654443481006	193
-0.0772915913527501	0.905804454241731	1120
-0.0446699314405199	0.645064750946229	19
0.0198975045546399	0.557647787031875	19
0.03997769558275	1.07336678178259	512
-0.00579280252011993	1.45759631738526	19
-0.03504663601377	0.654681042819387	19
0.0207072660001499	0.560552872359375	823
0.02209212316528	0.551314339848813	193
0.12335880439521	1.46471119655712	1120
0.08581719538032	0.986316535199763	1120
-0.0871924682766501	0.909563184768459	1120
0.09132354183415	1.5236097015778	366
-0.0395771677793699	0.657147017170622	19
-0.02904202671914	0.648094194837829	512
0.01531399301467	0.546626642919806	739
0.0418707141323	1.12265741094257	193
-0.06031224064949	0.78913659382304	34
-0.0919630617131599	0.880665898032191	29
-0.03016184153617	0.634601477962929	1002
-0.0617043560267701	0.784644226548469	654
-0.0892429814342299	1.06357010757157	1120
-0.07407593892928	1.32372791469461	1120
0.0186425393468801	0.54690424754445	187
0.0194439980593299	0.548569048897356	193
-0.06648843483624	1.96394986469541	512
0.0492004444210099	1.12458723495217	654
-0.0780598744147401	0.927890079578806	34
-0.07929167100673	0.90277529952843	34
-0.0920619151994599	1.0245847807465	19
0.01446864301763	1.37186674067149	527
-0.07533325389332	1.45609804262698	34
-0.0344820784161	0.667889669824015	34
-0.0374587305035301	0.651277465098327	187
-0.039360217929	0.646559118930589	193
0.0273775340531599	0.54424146649982	527
-0.07958401274734	1.06410841527369	527
-0.0852942988061301	0.907106246198923	739
-0.000571326113270043	1.4977467795325	29
-0.09611508744262	2.05562872993658	366
-0.0666715841921199	1.54442382894581	366
0.0246131765783499	0.551823254202234	19
-0.0815629310692201	0.903352644570248	527
-0.0587069035943499	0.792101921669407	739
-0.04898858896328	0.622125177485741	19
-0.08800922048084	1.06268391925869	19
-0.0632063128187501	0.791688923675799	19
0.0826174469766501	0.988818707096049	19
-0.0353241387839001	0.641983331635973	187
0.02565063691367	0.560472758766511	739
0.0711507538555301	1.78807071681807	194
-0.0617043560267701	0.784644226548469	194
-0.0374587305035301	0.651277465098327	29
0.0996003557354499	1.54398112324698	1060
0.02565063691367	0.560472758766511	512
0.07960615181299	0.970701521173175	193
0.02848500105184	1.22084384705487	194
0.0178396715028599	0.539238104479382	1120
0.0820153238346	0.991846104372546	19
0.02128376686122	0.551552779073802	19
0.01508840793993	0.544336485291713	724
-0.00552630280545996	1.59504514531424	1120
0.02128376686122	0.551552779073802	29
-0.0838506422685901	1.20225537859856	1060
0.02047403601611	0.548760353434125	512
-0.0738487400105201	1.3097332806394	19
-0.03844885055227	0.647171295920907	193
0.0223226589966401	0.556958294179568	193
-0.0223336574047699	0.623551385123488	1120
-0.0795742347503601	1.31093017291396	19
0.0248444537152499	0.562540761235065	184
0.0798059334216299	0.960242389307698	149
-0.06069159388321	0.78938643934993	739
-0.0377979344492201	0.644186804538368	193
0.0284133758487299	0.540528505427509	744
0.0276079991636899	0.540566023925869	504
0.0215156528884799	0.560293032438019	19
0.0248444537152499	0.562540761235065	19
-0.0817079452427301	1.05171344054735	1060
-0.0344820784161	0.667889669824015	1060
-0.0583694892628699	0.769919971808731	504
-0.0268556431001299	0.641806930121659	149
-0.0044701113655401	1.69971173604911	19
0.0217459982457	0.54628105833418	504
0.022559825099	0.531764579992781	184
0.06455119056891	1.74365506616788	739
-0.0759963610016201	0.930709051344082	149
-0.0626161142569599	0.796712631377795	193
0.0359512825432999	1.06014536440355	1120
-0.0339177359068701	0.669071915908352	366
-0.00319216509400011	1.68162752804968	527
-0.0387957244417501	0.659433038619691	193
0.0194439980593299	0.548569048897356	19
-0.08203303153632	1.79492691269098	19
-0.0352790690771501	0.65113645937933	19
0.0242679630328999	0.551627131394766	184
-0.0890580270114301	0.867887442996168	89
0.0143689359463499	1.21113778417919	19
0.01691720443627	0.543262546109423	19
-0.07310855559215	0.919345880575161	19
-0.03823144603472	0.660590465629956	355
-0.11336101013824	2.39892422554283	29
-0.01904571594654	2.48752133926575	29
0.0174751738627199	1.39865944986143	19
-0.08247324137812	1.54688928966679	19
-0.0834785322181699	1.06790384508914	19
-0.04523602080084	0.636001793780844	19
-0.0932413943858501	1.03913881678463	19
0.12218668393062	2.08430052412382	366
0.0887460094088299	1.6764562704578	89
-0.06592274873617	0.780303023968683	184
0.0368727161020199	1.06456146227477	193
-0.0754032090863499	1.41353098647768	89
0.07970848429438	0.965594729376179	2371
-0.0614934337505799	0.786405623847501	19
-0.08613058014727	1.06850484397382	355
-0.0815869133529099	0.892130913951119	355
0.0492611978773201	1.1128953541079	29
-0.09058848869013	2.33144831226293	54
0.0281842880573699	0.550863237402613	89
0.0215156528884799	0.560293032438019	19
0.0262268759959601	0.551539202761652	19
-0.0309505685678699	0.657950725263552	19
-0.03745018260142	0.660501042636936	355
-0.08320260332583	1.06520543432306	355
0.0215156528884799	0.560293032438019	193
-0.0303861737347	0.659091286903917	193
0.02443184424527	1.24966529808482	19
-0.0309505685678699	0.657950725263552	19
0.0230438005056699	1.25073790013645	1060
-0.0090133855863499	1.68059441005017	134
-0.08366028099502	1.19312984475901	75
-0.0309505685678699	0.657950725263552	19
-0.08436018792726	1.18436263956116	193
-0.0947486003145099	1.03983011917802	193
-0.0579035021623	0.789047273431963	193
-0.0790004809381999	1.74396064861347	1060
-0.06010058032903	0.794358209603388	89
-0.0436756500129201	0.64306496732999	355
0.02565063691367	0.560472758766511	355
0.03765328796947	1.08438115267352	355
-0.09554699780231	2.32736482080041	29
-0.01101698251269	1.80677183470213	1060
-0.03194671141893	0.645848045539074	89
-0.0433237505383799	0.642276740716757	134
-0.0665122434544301	0.77550272050828	75
-0.06181237440319	0.792514910415982	355
-0.0088396812343301	1.54045702067623	89
0.02013054399965	0.549674436661392	75
0.12317125651679	1.40622574374276	193
0.0109801095823201	1.37602107034688	29
-0.07645123429794	1.30296751258582	366
0.08139356448879	0.930878820046071	75
-0.08180308966716	1.39048230341329	75
0.0798059334216299	0.960242389307698	193
0.0240368761196199	0.560790815568447	1407
-0.0354793991592199	0.663179190974533	1407
-0.0693090243399399	1.56908267844836	29
-0.0395771677793699	0.657147017170622	366
0.08461054806346	0.982757315655872	75
-0.02629141030363	0.631585297939092	1407
-0.0847770530083001	1.04682914299783	194
0.04109007606774	1.12433304738568	668
-0.0556088765701299	0.767102587522777	366
-0.0293908965502601	0.65459010896292	75
0.0435101374944999	1.95360887395292	19
0.10882440582671	1.35262072246768	193
0.0142833478261699	0.53593550995805	1407
-0.0918044568151199	1.03403951074295	501
-0.0797023344226799	0.914705567337924	501
0.0248444537152499	0.562540761235065	2351
-0.03802470277315	0.659344222167635	2351
0.0207072660001499	0.560552872359375	134
0.0254207234776001	0.553509369366178	29
0.03233973213088	0.53580843430971	193
-0.06658910399385	0.788379516943655	58
0.08864565363411	0.957904238761369	501
0.0815053287635901	0.980210446009223	54
0.02680121430113	0.534246001983123	366
-0.0403588016513901	0.651993949434719	19
-0.0298219938365301	0.648075304835602	19
0.0166943545836	0.546863484913076	1061
-0.08537587685936	1.20851036659655	501
-0.04410405836045	0.637373181353	194
-0.06501023973371	0.792840767617146	29
-0.0675012621765001	0.782744476651091	334
0.02128376686122	0.551552779073802	888
0.02013054399965	0.549674436661392	193
0.0561732526643199	1.87059800583178	194
0.04223388555135	1.96736649023182	334
0.0475565668950699	1.12812204718128	75
0.01660095063781	1.19641861819681	193
-0.0648117207402501	0.791848676343602	194
-0.0687041193101901	1.91416423155949	29
-0.0743512296600499	0.925140831929793	888
0.0794060330039099	0.96935151470316	54
0.03602433358298	1.06431771597225	19
-0.0329212479748799	0.661874838454936	75
-0.0838094536154499	1.17962887242609	193
-0.0869009352508101	1.20379727467685	194
0.0735099003965001	0.960464853155161	19
0.02047403601611	0.548760353434125	19
0.0240368761196199	0.560790815568447	75
-0.06304312866971	0.780331476074155	355
-0.07888562710115	0.932140849857966	19
-0.06559995737818	0.787860291184665	19
0.0446617915526999	1.11289406496748	19
-0.0395831649399301	0.659430542362407	19
0.0215156528884799	0.560293032438019	75
-0.11925210125939	1.49552717302167	19
0.0207072660001499	0.560552872359375	592
-0.0682897209451101	0.780563518151437	193
-0.0777102250722701	1.06045432596339	29
0.0786050591034599	0.968264316273025	391
0.0795277924472	0.966400452227338	19
0.11929312211269	1.41954868832576	19
0.0198975045546399	0.557647787031875	19
0.02128376686122	0.551552779073802	75
0.0217459982457	0.54628105833418	355
-0.08986876754032	1.06931291556672	193
-0.0360437167802301	0.662016447689778	193
0.07840480460041	0.946589418916843	538
-0.01967821315573	1.84881907383994	19
-0.0902655228644999	1.18964846566064	19
-0.0337015613245899	0.666438995062129	355
0.0474002916826199	1.12396015818697	54
0.0632145451575601	1.89888543417119	391
-0.04410405836045	0.637373181353	355
-0.0561952636054299	0.679921974475673	2075
-0.0682897209451101	0.780563518151437	19
-0.04154993576866	0.649910537265025	1208
0.02093896152084	0.549439793017206	58
-0.05839480929362	0.764027104072753	501
-0.11636212709721	1.88683335984728	501
0.11799625104601	1.42851598846283	366
0.03618163005995	1.08030995717895	538
0.0868135526032401	0.988877386600234	366
0.0248444537152499	0.562540761235065	1208
0.02645541941803	0.55247434359054	1208
-0.0331562160132199	0.640209043681832	501
-0.08835987860358	1.06471872430126	501
0.0240368761196199	0.560790815568447	2075
-0.0385789791937099	0.646490093166328	391
-0.0311663384085299	0.655657822608274	19
0.00743141897895994	1.48329603827661	19
-0.0701734888737	1.64114265098507	990
0.0215155302754899	1.37414121520485	501
-0.05669056453696	0.762696445547141	501
-0.0850994201428199	1.21231600871992	501
-0.0680548182902401	0.753636101808805	29
-0.06963030779005	0.922665169759972	391
0.0469343878817801	1.12597174437473	19
-0.0344820784161	0.667889669824015	1208
0.0207072660001499	0.560552872359375	19
-0.0591744717734899	0.775257793457337	193
0.01589207894712	0.547095100965219	193
-0.03335360832621	0.657554225188651	58
0.02093896152084	0.549439793017206	501
-0.03017062659095	0.657957893766416	391
0.0207072660001499	0.560552872359375	19
0.08540981173856	0.984244732914257	501
-0.03060217106519	0.644778266780906	29
-0.0900499317113099	1.03948290515302	29
-0.0899929130755801	0.852512104678444	538
-0.0675323499465099	1.03792780850476	54
0.08061330512773	0.982424643780655	2429
0.0228990987053299	0.548130550130693	19
0.01531399301467	0.546626642919806	1374
-0.0441850917326501	2.23523637280675	29
-0.08040874603838	1.44151693387565	54
0.04915097964139	2.07666366543642	391
0.01503470047385	1.20226554708229	19
0.00376644216687994	1.37713806018534	19
-0.0904948168333799	1.06732763667742	19
-0.0862925166723501	1.04803374672024	261
-0.01329428025171	1.81377413140154	193
0.0380582789822099	1.08988478672723	501
-0.0982120595756999	2.30154085612134	29
-0.08140874929108	0.928489359416609	29
-0.0397967709943801	0.647032281805441	391
0.08589748310371	0.957214047985591	196
0.0287603562027401	0.542360458921157	19
0.0254207234776001	0.553509369366178	19
0.01652697677619	1.18218868096737	29
-0.0374587305035301	0.651277465098327	29
0.0259385191730499	1.25026293171967	538
-0.0354793991592199	0.663179190974533	391
0.0198975045546399	0.557647787031875	196
0.03958908514259	1.10181292010816	19
0.00249438131491009	1.49396443271031	19
0.04380794256142	1.11948216661931	193
0.07944656338291	1.66995237336852	196
-0.07051637728637	1.29556575453148	19
-0.07354800373535	1.84674328262631	538
-0.0733367661364499	1.95769643172418	391
0.12111813633262	2.07579558926306	120
0.0223226589966401	0.556958294179568	2813
0.0184757026412901	1.24057286268167	196
0.0850208658990601	0.9786079024298	1871
0.0475565668950699	1.12812204718128	19
0.0198975045546399	0.557647787031875	19
0.0207072660001499	0.560552872359375	193
-0.07458642337029	0.917966545905881	29
-0.0286113802476899	0.64508264730873	391
0.0246131765783499	0.551823254202234	391
-0.0834351007043299	0.912108050097975	196
-0.0274200908379001	0.640732537028352	19
-0.0819405894961101	1.16843106638701	193
-0.08408240334341	0.901747470637471	32
0.0402353660952099	1.1154515538794	29
-0.06304312866971	0.780331476074155	29
0.0763248104429299	0.946516122035711	391
0.0708682191996901	1.80727970372171	1589
-0.0298219938365301	0.648075304835602	19
0.0297935652283901	0.544397574618309	120
0.0836165723850799	0.988246113076622	32
-0.08426051923147	0.912243679767033	193
0.01589207894712	0.547095100965219	193
-0.0709301266551201	0.762991032589509	1871
-0.0673944785587799	0.789734920079992	475
0.0166943545836	0.546863484913076	193
0.0207072660001499	0.560552872359375	193
0.02645541941803	0.55247434359054	19
-0.03823144603472	0.660590465629956	19
-0.0395831649399301	0.659430542362407	32
-0.04388963563815	0.650119308874519	193
-0.03745018260142	0.660501042636936	1871
-0.03844885055227	0.647171295920907	193
-0.0372334162482799	0.656908149540174	193
0.0715906277094101	1.89925012792114	32
-0.0818800484914901	1.07749895887327	29
0.0240368761196199	0.560790815568447	2148
-0.02560570388551	2.28083688179572	19
-0.06533350134508	0.778168962980416	19
-0.08738274360842	1.07229101449221	26
-0.0797109554359401	0.933651139212778	196
0.0779225580290399	0.963856004081839	521
0.05067615037744	1.12640362667525	19
0.00261443208147005	1.4756095116872	193
-0.0342661313894399	0.653317181979872	32
-0.0621899529129499	0.764445270626181	32
-0.0879224423600999	1.03116010061612	32
-0.05849485042697	0.79123543757585	320
-0.0595098164443499	0.792137235851618	320
0.0207072660001499	0.560552872359375	26
0.0281842880573699	0.550863237402613	196
0.0179370049876899	0.521352010030435	276
0.0884006712713901	0.977306689865039	276
0.0207072660001499	0.560552872359375	475
0.0409220455494601	1.10166476748411	193
-0.0337015613245899	0.666438995062129	193
-0.07270411838373	0.931711777681195	320
-0.0366691131307699	0.658054220969897	320
-0.07684645340945	1.55595016111066	29
0.0248444537152499	0.562540761235065	196
0.0215156528884799	0.560293032438019	320
0.02565063691367	0.560472758766511	32
-0.07826178106936	0.926759139573953	29
-0.06599595640378	0.776452167577883	391
0.01665790875618	1.20752658655571	193
-0.06408332211826	0.78629403209343	32
0.0786050591034599	0.968264316273025	391
-0.0799192491404801	0.927447870800286	193
-0.0366691131307699	0.658054220969897	26
0.0781196875881201	0.982484529645174	26
-0.03605780346573	0.647774198447346	54
-0.03901290170647	0.658297138844015	391
-0.0332466262320401	2.47362246787359	19
0.0208377191875999	1.38395610283565	19
-0.02882647656045	0.655716493887173	19
-0.06730149275361	0.777813589886836	320
-0.06671227143906	0.782653284508461	26
0.0702437452600699	1.72364915044457	29
-0.00573173101221003	1.80810299071507	29
-0.0850958947240199	1.32106241693689	19
0.01451029108375	0.543871479952999	120
-0.0387957244417501	0.659433038619691	193
-0.0329212479748799	0.661874838454936	26
0.0207072660001499	0.560552872359375	26
-0.10582220599904	2.02096807924079	29
0.00839801635218995	1.52282875133817	19
-0.02882647656045	0.655716493887173	19
0.02565063691367	0.560472758766511	193
0.0166943545836	0.546863484913076	193
-0.000430978082349931	1.61389919424731	193
0.08100941827255	0.963647829576159	29
0.0289896339004601	0.550811656472106	19
0.07960615181299	0.970701521173175	32
0.10062942545229	1.54041668176664	320
0.11956663595865	1.44645240375926	29
-0.0890714291678201	0.895791612839993	391
-0.07007463205655	2.37157281046004	19
0.03568584897952	1.1017110030289	32
-0.0903050877486999	1.0364406943533	29
-0.01275459631521	1.76449627599725	54
-0.03823144603472	0.660590465629956	391
-0.0425436394643799	0.644461262258447	391
0.09189047358849	2.19987928613874	19
0.00478261686533998	1.51980992285861	193
-0.0688783958382	0.775745239287407	193
0.0292706380714201	1.26464380146416	29
0.0415283445289101	1.08669888801693	483
-0.03335360832621	0.657554225188651	19
-0.00483218538588992	1.69881608427661	193
-0.0436756500129201	0.64306496732999	320
-0.07723169085492	0.934013041963592	32
0.0774201222097901	0.937435332829793	1018
-0.0425436394643799	0.644461262258447	19
-0.0260762993966901	0.64383383954535	193
0.0198975045546399	0.557647787031875	32
0.0235819077657999	0.537557436241897	32
-0.0797109554359401	0.933651139212778	32
0.00223885316398009	1.50156974167649	1018
-0.0675012621765001	0.782744476651091	1018
0.02093896152084	0.549439793017206	193
0.0295656712529799	0.542320720226477	193
-0.08322602768288	0.901725363533172	1073
0.0231282780845099	0.548143937400282	32
0.0198975045546399	0.557647787031875	1776
-0.0364525548465999	0.651690943646871	1776
-0.03017062659095	0.657957893766416	32
0.10049188092876	1.55435108208246	1018
0.0174952285685099	0.543725415296831	19
-0.06671227143906	0.782653284508461	19
0.02093896152084	0.549439793017206	19
0.0371649953603399	1.09706657065647	193
-0.0844758747947101	1.32359531124858	193
-0.03823144603472	0.660590465629956	1776
-0.0904948168333799	1.06732763667742	32
-0.00081445186651008	1.33717090295505	1018
-0.0309505685678699	0.657950725263552	276
0.0198975045546399	0.557647787031875	193
0.0177897263714499	1.22099709440488	32
0.0254207234776001	0.553509369366178	1931
0.03586826273523	2.30003993195659	19
0.00341627672088007	1.70581294566498	1018
-0.0805092684247899	0.886269814829056	391
-0.0888160133264	1.19674355091237	193
0.0259385191730499	1.25026293171967	193
-0.0735208370056699	0.921103032640185	193
0.00425356768152008	1.59307298131726	391
0.0254207234776001	0.553509369366178	248
0.02082186295706	0.547097284510017	193
-0.0296062191867901	0.6590974395348	193
0.0284133758487299	0.540528505427509	374
-0.03901290170647	0.658297138844015	193
0.0776045104210801	0.940051746800204	32
-0.0648117207402501	0.791848676343602	374
-0.0817743143779901	1.32427589241017	1018
-0.0573844961788801	0.777934657385263	391
0.0822130512999599	0.984988908076055	19
0.0198975045546399	0.557647787031875	193
-0.08636424212053	0.909467664570609	32
-0.03880382966445	0.660756374275284	374
0.02750829965364	0.523838323132439	391
-0.0395831649399301	0.659430542362407	94
-0.03823144603472	0.660590465629956	193
0.0728244091360299	0.947047888374348	374
0.0473250227878499	1.12369071945865	29
-0.00487569329144	1.63784634774401	29
0.03008420165586	1.05924325112193	1018
0.0834181153876401	0.988569951432492	794
0.01451029108375	0.543871479952999	193
0.09040814841234	0.959955015489434	43
-0.0634193579979701	0.79812235968269	374
0.0289896339004601	0.550811656472106	248
-0.08574180415751	0.917191442000383	193
-0.0317307206853801	0.654528569966607	193
-0.0644678692390099	0.771425391094443	193
0.09954134880207	2.23345422548972	29
-0.06671227143906	0.782653284508461	395
0.0202331139229801	1.24886037374977	395
0.02047403601611	0.548760353434125	193
-0.0874015174815601	1.18075216020326	193
0.0483478242226201	1.12114983689364	193
-0.07594438989094	1.45635596420516	391
0.000855628758519966	1.47064365787461	391
0.0424918790274	1.11625145178499	248
-0.0311663384085299	0.655657822608274	193
0.0834181153876401	0.988569951432492	193
-0.08470748719913	0.930664170709519	43
-0.0890912866896201	1.20133903566247	193
-0.06229478510113	0.779807187999013	43
-0.06383154662438	0.776484188311319	283
0.0630336897816499	1.86732517908294	19
0.00852597565550006	1.36277246582044	19
0.0410186844415901	1.1166884340866	193
-0.0774380462461399	0.932921246649292	193
0.10168143865335	1.52058020448461	193
0.0868135526032401	0.988877386600234	283
-0.0774380462461399	0.932921246649292	283
-0.00387610983448994	1.44540008117946	391
-0.0829259514421401	1.03921042653747	193
-0.0339177359068701	0.669071915908352	43
-0.0830524056526201	0.930383438970733	132
-0.03937000606219	0.651213240321153	32
-0.06777399350373	1.66962508833431	794
-0.06501103957868	1.6601717542164	395
-0.0260762993966901	0.64383383954535	19
-0.07152158529054	0.774470278929545	132
-0.0826092513471399	0.909672018793941	132
0.0112732369352	0.529378164958507	193
-0.0841585943979799	1.19087235860811	19
-0.07578932336251	0.935605403293016	283
-0.00486697082670995	1.47657489817728	672
0.02002185072042	0.549038102454908	19
-0.0240580349067501	1.99175406092756	193
0.0294136108368599	1.24791595160037	281
-0.0808822583608999	1.32098791926266	794
0.0198975045546399	0.557647787031875	672
-0.0866062987739	1.3112278490033	19
-0.0681344195264499	1.651328220346	19
-0.0888640743157401	0.898118590081444	2232
-0.11064821345654	1.89004786930569	193
-0.0789237229431501	1.42499746594663	29
0.0586755256260001	1.89029824396596	672
-0.11934895088346	1.87275749825592	19
-0.06658910399385	0.788379516943655	193
0.0215156528884799	0.560293032438019	193
-0.01175888099163	1.62778582659	193
-0.0838094536154499	1.17962887242609	43
0.1060236856507	2.1699146363395	29
-0.0354793991592199	0.663179190974533	391
0.0242679630328999	0.551627131394766	132
-0.0436756500129201	0.64306496732999	132
0.02013054399965	0.549674436661392	283
-0.03901290170647	0.658297138844015	283
0.022559825099	0.531764579992781	196
0.0947683537512201	0.957981249139957	19
-0.0679015831219501	0.760313939834159	193
-0.0041736162246	1.46708741163728	193
-0.0387957244417501	0.659433038619691	43
0.01531399301467	0.546626642919806	672
0.02093896152084	0.549439793017206	19
0.0223226589966401	0.556958294179568	193
-0.08981839162522	1.15701371361034	43
0.02226778978185	1.21415868426274	794
-0.03335360832621	0.657554225188651	391
0.0235819077657999	0.537557436241897	356
-0.06010058032903	0.794358209603388	193
-0.0380144733566601	0.659345006544456	193
-0.0642221056021	0.796884825457916	193
-0.0807881436093401	0.934220502472159	193
-0.0906156805923499	1.19187469837759	283
0.0141196178891501	1.40000822005208	794
0.0828157125079201	0.991590479576821	196
-0.0817829711249301	0.904815626794528	43
0.00125466616202008	1.62550401167206	193
0.08751684399148	1.67025704897709	43
-0.0722224118660699	1.7634007281387	29
-0.0878268391805499	0.883186056889602	196
-0.0690776477455799	0.775876986792967	43
-0.11886745851627	1.87328534926721	19
-0.0870135759888999	1.06254115723413	19
-0.0652083893897499	0.783116168798841	193
-0.0721132942418401	0.773278104491269	193
-0.0372334162482799	0.656908149540174	54
0.09846710551046	1.55364052948252	193
0.0371649953603399	1.09706657065647	193
-0.09220205118597	0.698856296443266	43
0.08421925506338	0.985258537041669	391
0.12033318684033	1.41655654666554	193
0.07331163947026	0.958203351621337	43
-0.08903086427134	1.29096149861347	391
-0.07543317132484	0.926261099978626	1089
-0.02804694765754	0.646174239707468	193
0.02013054399965	0.549674436661392	43
-0.0913135563442	1.35993545612435	608
-0.0397967709943801	0.647032281805441	391
-0.0870135759888999	1.06254115723413	100
-0.0425436394643799	0.644461262258447	100
0.07822404888682	0.938837229987008	100
-0.04176372687918	0.644395554841019	1089
-0.08426051923147	0.912243679767033	54
-0.0828347338676601	1.0308403332565	391
-0.0865802081980201	1.13357830170616	54
0.02047403601611	0.548760353434125	19
-0.04232963605842	0.652288380110984	193
0.0674004342021	1.77121360105006	100
-0.05598660813863	2.0513045693103	193
-0.08431660976934	1.27815547097043	42
-0.06442076954757	0.790609818838821	196
-0.06181237440319	0.792514910415982	193
-0.08447490187915	1.21119179987775	31
0.09471550075782	1.55304322222091	193
-0.11328781089813	2.24477829595982	54
-0.0764225960698099	1.40539436481091	100
-0.0778497527639099	0.925611967329362	100
-0.0893309209611799	2.05342616271149	29
-0.0857471263068199	1.17324884094598	29
0.0563500908458501	1.09781989389146	762
0.0442813399806199	1.12539164852769	19
-0.0850647642252	1.03179206829732	193
-0.0797109554359401	0.933651139212778	193
0.07960615181299	0.970701521173175	29
-0.0474308865659201	0.628856289887608	29
-0.03683675272248	0.638182931952481	762
-0.0687921689705	0.787264919461565	391
-0.0329212479748799	0.661874838454936	193
0.02128376686122	0.551552779073802	1330
0.0951496096713	1.53914307897024	43
-0.07859762137327	1.05577719360866	29
-0.07445409866575	1.31916703175827	29
-0.0575938313214901	0.777158061973792	29
-0.0609027124831201	0.791337100025491	391
0.07431252456756	0.961566949391604	391
-0.0759963610016201	0.930709051344082	100
0.0873010156054399	2.19889662135167	100
0.0228990987053299	0.548130550130693	19
-0.0358452969770899	0.641985483845437	29
0.08161883076455	0.961245319635679	391
-0.03257306630491	0.656175926011635	19
0.0207072660001499	0.560552872359375	19
0.02047403601611	0.548760353434125	193
-0.0380144733566601	0.659345006544456	43
0.02792330181277	1.22127998449937	29
0.02047403601611	0.548760353434125	762
0.0472661945772499	1.10284357032973	391
0.0327563648692399	1.22814597778248	762
-0.00349644105747005	1.73138042894337	43
0.0254781668031701	1.2485001617742	54
-0.0989453677290499	2.40770523519221	29
0.11624100684226	1.45146776850576	19
-0.0900499317113099	1.03948290515302	54
-0.04388963563815	0.650119308874519	128
0.0207072660001499	0.560552872359375	128
0.02047403601611	0.548760353434125	54
0.01966293683623	0.540248976407799	100
-0.0634193579979701	0.79812235968269	19
-0.08382695977954	1.0661430601003	29
-0.07400947819115	1.03917413356686	29
0.02565063691367	0.560472758766511	128
-0.0317307206853801	0.654528569966607	128
-0.0612221332829701	0.790301701742309	196
0.0790045600412099	0.964401702358189	100
0.0329155666390599	0.52795579985501	2102
-0.0776446219673299	0.921812893883109	506
-0.0809453415444099	0.923504834821774	31
-0.03257306630491	0.656175926011635	930
-0.0834176585231701	0.911675829684291	14
0.01651331470592	1.25750542437939	1695
0.01574462330223	1.38337473451906	2023
-0.0684012612418901	1.53448136057403	100
0.0169175083180799	1.37629453651935	14
0.02809562699019	1.25838626679648	31
0.0829165855595799	2.35361520169829	29
0.0289641488300101	1.35375432152582	506
-0.0673944785587799	0.789734920079992	31
0.0217892066318099	2.34490923805433	31
-0.08185701703988	1.04024064548484	29
-0.0727826292846501	1.28455946907649	506
-0.00410796575057004	1.56681542514087	196
-0.0664945485605699	0.762689150020495	31
-0.06442076954757	0.790609818838821	31
0.0238042415773501	0.544045684621799	31
0.0207072660001499	0.560552872359375	506
0.0215156528884799	0.560293032438019	287
0.0348304642285799	1.10063182248243	14
-0.0714384938028501	1.72965828224781	917
-0.0901330766337001	1.17366981550803	29
-0.00129903415221011	1.59495849163121	506
-0.0607829872305801	0.775152231514517	100
-0.0918892234678901	1.0425473170998	31
-0.0817546088475201	0.897302866547952	14
0.0438891493212601	1.11605078552899	506
-0.06885239866589	1.67440706029192	287
0.0317636770963099	0.526270232865027	966
-0.0331372063497	0.667614792067814	31
-0.08936636507653	1.19640328711898	14
-0.07130812577238	0.773227722791207	31
-0.08086176803043	1.43078494296154	29
0.0216017612845101	1.26497956732612	14
-0.0609027124831201	0.791337100025491	14
-0.0104009484031899	1.55982454458083	31
0.0238042415773501	0.544045684621799	29
-0.0818045981340201	1.4115461378176	287
0.03896798345708	1.09974733508805	1450
-0.06304312866971	0.780331476074155	31
0.03143095639739	1.22728884916443	31
0.0830788381043299	2.42503105288727	100
-0.03901290170647	0.658297138844015	14
-0.0339177359068701	0.669071915908352	1300
0.0223226589966401	0.556958294179568	1450
0.02565063691367	0.560472758766511	14
0.07880497796408	0.972232240524088	31
-0.08382810790476	1.3256317318245	31
0.06870695825216	1.77768931563527	287
0.0287603562027401	0.542360458921157	287
-0.08058195121177	0.928370156005776	14
-0.08232211314361	1.06793537060758	1300
0.02346035469208	0.549951191649626	31
0.0751156308085601	0.960101387986158	31
-0.0833450513826099	2.07621431521499	917
-0.0870225781573699	1.24000072902862	29
-0.0934977609777401	1.01560910069454	67
0.0193541577854599	1.24627567531342	1399
-0.09908203448819	2.09591755129905	14
-0.0859471238188401	0.906502828070806	14
-0.06383154662438	0.776484188311319	551
-0.0311663384085299	0.655657822608274	551
-0.0448845611959701	0.626801905894849	14
0.02093896152084	0.549439793017206	1988
0.04085918162578	1.11228960705233	1300
-0.0790941584261	0.928592177757687	14
-0.06559995737818	0.787860291184665	14
0.01508840793993	0.544336485291713	14
-0.06753960944033	1.73993982754034	54
0.02795363300788	0.535997867499897	551
-0.0749315994541899	2.00679939379894	67
0.02565063691367	0.560472758766511	1988
0.08501783430874	0.981191684922735	31
0.00836390630341999	1.35497749950095	67
0.0492647074272601	1.11323162813973	14
0.0340746764568101	1.0834880372954	31
-0.0826734824561	1.93764004209659	14
0.0817591262447099	2.41166684279399	29
-0.0844737735852901	0.852603362648469	29
-0.03413435229794	0.656251931843135	1988
-0.06730149275361	0.777813589886836	14
-0.0605242452755701	0.768808151807003	621
0.00744204305884	1.33136343030025	67
0.04583616455593	1.97135468537683	287
0.02209212316528	0.551314339848813	621
0.0254207234776001	0.553509369366178	621
0.0492004444210099	1.12458723495217	14
0.0207072660001499	0.560552872359375	14
-0.0571755172600099	0.764169271205881	14
-0.0091824770123301	1.59621493470144	14
-0.0164087817495	1.79365806268491	29
-0.0786773089719299	0.926159239993014	29
0.08488462115951	2.20835635829483	67
-0.0296062191867901	0.6590974395348	14
0.0166943545836	0.546863484913076	14
-0.0303861737347	0.659091286903917	14
-0.0331372063497	0.667614792067814	287
0.11764103416164	1.41331030548464	233
-0.0385470683378699	0.624912210791287	67
0.0464720419413001	1.12236147275947	62
0.02047403601611	0.548760353434125	621
0.0123221845939401	1.39751993356286	62
-0.08704307100509	1.39166954749485	1974
0.02592025404073	1.26304019607866	54
-0.03802470277315	0.659344222167635	67
0.0233603901623101	0.538045880098869	67
0.02047403601611	0.548760353434125	621
-0.0106232486536899	1.79295206630439	31
-0.05839480929362	0.764027104072753	62
0.0174962268277901	2.45863023183046	29
0.0470934811250801	1.09992480489098	62
-0.0651540823033601	0.743921107635198	62
-0.03257306630491	0.656175926011635	67
0.0223226589966401	0.556958294179568	62
0.0385873042849201	1.11954010339733	621
0.00224685668281999	1.36178638714566	67
0.03757113025576	1.09508803951879	67
-0.0797109554359401	0.933651139212778	67
-0.00265011566510998	1.55703259800354	62
-0.10579516112067	2.30136135192785	67
0.00772888186539	1.39212802804777	62
-0.0652720082153999	0.771422324452761	62
0.0826045643115301	1.69307398513218	62
0.0498865546140901	1.1198822552344	287
-0.00651035651543008	1.59682225706545	464
-0.05248602106218	0.76524440189575	31
-0.08525797586731	1.18333476925534	31
0.02047403601611	0.548760353434125	31
0.01508840793993	0.544336485291713	621
-0.0774770846513	0.738959002946402	62
-0.0890912866896201	1.20133903566247	621
-0.08136033908662	0.928578569147454	62
0.0315352382810099	0.531225610047246	62
0.0741140610314299	0.961985020612349	62
-0.0633401699431699	1.84211638934011	621
-0.08829842960724	1.17422493619533	62
-0.0210120738845301	1.6511541412215	62
0.0496601864611601	2.06746803456662	62
-0.07681932323393	1.73240732228881	62
-0.08807102824956	1.04989625075276	67
-0.0366240191132099	0.63873103062371	67
-0.07074025105681	1.74885351491205	62
0.0813104916249301	0.980272884247922	67
0.02204572249653	1.23653561021509	253
0.0273775340531599	0.54424146649982	67
0.04334449517106	1.11893514459431	62
0.02093896152084	0.549439793017206	62
0.0884006712713901	0.977306689865039	67
-0.07779497439164	1.38726071946851	499
0.03736023570197	2.36245592107253	62
0.01483933472059	1.22759698108946	62
-0.12453608992125	1.56924375265019	62
-0.08767519987923	1.17647030154058	62
-0.0781488222584299	1.06703090120783	233
-0.0722372385807	1.56345516398079	67
-0.000898808147600017	2.46414456310359	253
0.02809562699019	1.25838626679648	67
0.0255615372517299	1.33225742136846	62
-0.03469846742887	0.66772278752966	62
0.0223226589966401	0.556958294179568	934
0.02093896152084	0.549439793017206	934
-0.04812187873851	2.04293271672631	253
0.0811349234652401	0.957023370929787	31
0.0481784812425501	1.12169321082005	67
-0.06658910399385	0.788379516943655	67
-0.0816147049529901	0.931325552969156	67
-0.00447174129436001	1.72979438574481	1409
0.0198975045546399	0.557647787031875	62
0.08461054806346	0.982757315655872	62
0.0215156528884799	0.560293032438019	62
0.00583023588817011	1.35935795486069	1409
0.0934650303311999	1.68191869917142	253
0.02480297689028	1.25650754736168	62
-0.08806957450975	1.1613982856661	31
-0.0414901878906999	2.26353957711558	253
0.0446103069566	1.94795233614459	253
-0.06408332211826	0.78629403209343	67
-0.0171201791815601	2.02430063283462	67
-0.07486533520101	1.84407910429751	1409
-0.0771334283619301	1.32501340776878	227
0.10376364897261	2.144285073978	227
-0.08898569931977	1.07046896298648	62
-0.07297629706149	1.52975493801282	2475
-0.0754305748222399	1.41530590706716	62
0.0401671351095401	1.10700901471993	333
0.0968283119551201	1.5571173269646	333
0.0858863649742001	1.65764091796165	333
0.08802080291202	0.967249719583506	227
-0.000390564680349925	1.48149411867758	227
-0.0356964390730801	0.641459782816466	227
0.01688524771594	1.22052131171411	227
0.08501783430874	0.981191684922735	618
0.03734013042809	2.19228862766022	1052
0.0887460094088299	1.6764562704578	333
-0.10006179370468	0.995572857215004	333
-0.0669125610208201	0.780583605750079	333
-0.02176913058039	0.624560543082877	227
-0.0821293746271501	1.18510755515764	227
0.03944271443508	1.12229802137754	227
-0.0799838668564801	1.18350546946664	333
-0.11921543691662	1.67714715504173	333
-0.08218439442534	0.921551552402518	62
-0.06518979076872	0.772538819561416	227
0.0781196875881201	0.982484529645174	227
0.08294671181108	0.896280260441087	31
0.01322071515846	1.40055312515271	333
-0.0671131109510701	0.764774488416231	227
-0.03823144603472	0.660590465629956	62
0.10492375115369	2.06329525989271	333
-0.0950110099385999	1.01692423705054	503
-0.0907513242558	1.06536496693624	62
-0.03802470277315	0.659344222167635	62
0.02565063691367	0.560472758766511	62
0.112743721338	2.0133517083628	62
0.0186425393468801	0.54690424754445	62
-0.0921503554507499	1.02126402674041	62
0.11962199658204	1.46270633456632	62
-0.08035292783626	1.0460788794287	62
0.0813104916249301	0.980272884247922	62
-0.0872039700137901	0.897982354974298	62
0.05028044039354	1.09517427152938	62
0.11852357403598	1.42812199491747	62
-0.1186360063301	1.6894646883851	83
-0.0368861067681501	0.649304421055631	83
-0.0161899986883201	1.87288432118501	62
-0.06071483082007	1.7720755493549	62
-0.0812011759736999	0.906937061952886	62
-0.0354793991592199	0.663179190974533	83
-0.07682070033264	0.927893478548827	62
-0.08986876754032	1.06931291556672	62
0.02443184424527	1.24966529808482	287
0.02047403601611	0.548760353434125	287
-0.00838702284220005	1.72371300112481	62
-0.0337015613245899	0.666438995062129	83
0.08271494478415	1.64032895343454	333
-0.03413435229794	0.656251931843135	62
0.02415317593968	1.26018575716987	62
-0.11367971044627	1.99433279179027	162
-0.0682344975387601	2.16323556730466	162
-0.0523403413785699	2.36804240071643	2425
0.0868927142259299	0.968472008227951	62
-0.07563894184064	0.912184102064149	448
-0.0548063517568	0.768756484523886	62
-0.0801344267683099	1.4442982824105	62
-0.0358273426314999	0.653387528180935	162
0.0537882331922801	1.11887955298463	62
0.0763192210213699	0.947848614222928	162
-0.06959625341851	0.783275408843213	162
-0.0347130574721599	0.643364999974472	162
-0.0786084740339901	1.30763109256342	162
0.0786050591034599	0.968264316273025	83
0.00303937975795998	1.6054449341649	62
-0.0752185753777701	1.60247807388803	162
-0.09318923789876	1.17282253349719	162
-0.0788286631608699	1.42064203509776	162
-0.0344820784161	0.667889669824015	162
-0.01157674069397	2.32908946609952	83
0.11781773417972	2.41044640549065	31
0.0835729023518701	2.35201262548919	448
-0.08946592732583	0.905037371707694	162
0.0832193122271401	0.969902725105898	62
-0.12059862329352	1.97374631753446	62
0.0174952285685099	0.543725415296831	162
-0.04232963605842	0.652288380110984	62
-0.0812991858954399	1.4343552439393	62
-0.0803738375405301	1.19357443701747	162
0.0246131765783499	0.551823254202234	162
-0.0382378695563701	0.652634171822671	62
-0.04955630426476	0.621832026578237	448
0.0986404603114399	1.5869275414968	162
0.02209212316528	0.551314339848813	62
-0.09731441371638	2.22801751709012	31
-0.0635095591000801	1.94906684073154	62
0.0674898441793399	1.78282630519151	448
-0.0382378695563701	0.652634171822671	162
-0.0352627974868101	0.66654443481006	162
-0.0819689924162399	1.3125262496596	448
-0.0595098164443499	0.792137235851618	162
-0.0636326250299799	0.79462449338424	162
-0.0105250752796999	1.71138351130752	162
0.0882064747442699	0.966024572140286	448
-0.0809967986714999	1.19703178093137	162
-0.03844885055227	0.647171295920907	62
-0.0681876236436501	0.917777936362288	31
-0.10610279998212	1.69260856571377	162
0.0689501482858801	0.899616952960479	62
0.01966293683623	0.540248976407799	62
-0.083279716829	1.03727978874426	62
-0.07291795632188	0.77110941523725	448
-0.06770129271421	0.778416364228911	62
-0.10587991094473	2.36675124413236	62
-0.0280911245242501	1.92064297011626	62
-0.0303861737347	0.659091286903917	62
0.08463984090469	1.6630932957514	915
0.11465895034727	1.41658232234208	62
0.0379956812980899	1.23128289226334	2000
0.0190374247025	1.46657203125366	915
-0.03413435229794	0.656251931843135	62
-0.0692293136217399	1.96444480190727	62
0.0269708300153799	2.08619880832132	563
0.01134815477986	1.37967485489527	563
0.01589207894712	0.547095100965219	563
0.0499841731024999	1.990964837456	915
-0.02016773646736	1.78331880376031	915
-0.0084189714163101	1.77870839408795	62
0.0842774920691101	1.67053408567758	915
0.11264203395368	2.04449584840019	62
-0.0816693295450599	1.042725216985	915
0.0751289974462701	1.79094150180286	62
-0.12092543387592	1.94932985929303	915
0.0482568833677199	1.1199279723925	560
-0.0775706732874599	1.65174218229362	386
0.0708682191996901	1.80727970372171	386
-0.0741224530345099	1.3198427664277	783
0.0596945476022701	1.85672431680627	915
-0.0799746997022499	1.53811735226328	915
0.1183686726934	2.05716337472241	915
-0.00053546601439991	1.71108347846647	915
0.0076270229258999	1.364768567859	783
0.06070577385179	1.7540399202228	386
-0.08314343091489	1.2913608389765	783
0.0747252989392999	1.65804154226721	386
0.02503646274775	1.26344200985046	386
-0.00468682616296001	1.89688805421964	386
-0.07828912756266	1.2094282532709	783
-0.0749746856534701	1.06407690433959	386
-0.0156766913914199	1.99277589488476	386
0.10381927137193	2.48506982352984	783
0.0477881135817	1.12048334601281	62
-0.06143646411306	0.780211592162218	62
-0.0768598858174301	1.33806585101926	62
-0.07376241016177	1.93352311480933	1998
0.01664225772536	1.3828640377744	1998
-0.05545651951878	2.01489191032073	1076
-0.0854060116672299	1.68825530155195	62
0.01589207894712	0.547095100965219	62
0.0194439980593299	0.548569048897356	62
0.0710335169268601	1.77305588169434	62
-0.11418972086095	1.67761378610478	62
-0.0247314296566701	1.99756472726822	62
-0.0799611594985199	0.934093179418724	62
-0.06805802495667	1.96094264193303	62
-0.0128985715657499	1.76914793969609	62
