x	y	clickSelects
0.108588530083698	1.16167593299078	165
0.123499285433339	0.665612313010034	165
0.027357941413144	0.829251238817824	165
-0.106045251547738	0.994281213049012	165
0.047147006860802	0.942265671466044	282
-0.029640322423323	0.929603430190267	282
0.110093233219049	0.631635467215412	282
-0.013196173818104	0.939406411257186	165
0.072658785148136	0.911627455170035	165
0.071694250870313	0.486974179752476	165
0.055391484225842	0.811159805286917	165
0.00627642295152198	0.931879070671227	165
0.016891315255945	0.841495372992407	165
-0.098430276830862	0.938949636172191	165
0.109788903272908	0.533388094009529	165
-0.105959469646896	0.948836927021265	165
-0.024718709563112	0.796968921167128	165
0.046412958457398	0.715159496906763	165
-0.08576207650129	0.58656405429459	165
0.051864541895693	0.189062126110476	303
0.0974932453837	0.558931981095594	303
-0.085737794675967	0.884169438138394	277
-0.000280398717348973	0.660909919722971	277
-0.00292438722847199	0.745215345395396	277
0.075060129160452	0.53438959672947	277
0.098138151621145	0.449676314138526	277
0.070974813480915	0.551681052653174	277
-0.081358427962117	0.807753047778877	277
-0.00394198062161399	0.680206842404869	277
-0.101479492936015	0.860465619414898	277
-0.08535987054744	0.934401324553723	277
0.098489407135177	0.466259120744787	277
0.04794185175262	0.529534275939617	277
0.047244245622543	0.580177699599464	277
0.044480433949992	0.616644533448342	277
-0.0526666468664611	0.767450891990731	277
0.113421440703724	0.425098994801756	277
0.044494193205886	0.53367538056844	277
0.029432540367158	0.666320704447139	277
-0.042849876050635	0.467168112964466	2607
-0.023037163932954	0.631341022140383	2607
-0.054582783749753	0.661233081590478	2607
-0.114575139715623	0.681964255235393	195
0.014718035166287	0.407420219854858	11
-0.071306353698456	0.433814235731824	11
0.055826791539138	0.353652857305131	11
-0.073459619239768	0.444260725945798	11
0.1013219525628	0.242432538917703	11
-0.121215480799303	0.393444775874924	11
0.114299951550314	0.112618511833295	11
-0.083766633554906	0.226437544952762	11
0.112123061494307	0.114973131154919	11
-0.081874867372603	0.229873084039577	11
0.114299951550314	0.112618511833295	11
0.119048904432244	0.175125960888459	46
-0.049916263522133	0.289747915538452	748
0.112123061494307	0.114973131154919	46
-0.081308217797875	0.229779893299134	11
0.115089536983158	0.112348134554799	11
0.051072848895778	0.187791639746226	11
0.111602139321358	0.115032192174277	485
0.112123061494307	0.114973131154919	485
0.105329228347668	0.114890015465784	154
0.104802741745863	0.113880586116634	129
0.111602139321358	0.115032192174277	129
0.11133387988801	0.113712652956432	228
0.111602139321358	0.115032192174277	228
0.111602139321358	0.115032192174277	169
0.00180868677748502	0.56335953277979	282
0.106112415250477	0.116155148037716	282
-0.074038162277633	0.890763605924044	165
0.057945342813654	0.919248875964101	165
0.025132113233669	0.673373753112717	165
0.042716271832963	0.614053680346561	165
0.068908849944069	1.0836392330518	165
0.116497640991455	0.38714368047055	303
0.079104510332359	0.516504927932908	303
0.04015854407268	1.07313685906	277
-0.104093933357567	1.10041334592139	277
0.102613973473286	0.647389552737618	277
0.064076763414145	0.736098079125387	277
-0.075817186924795	1.24528066040227	277
-0.094359196829888	1.74338741627088	277
0.012868151317796	1.08964252905606	277
-0.087484665776186	0.780054144618948	277
-0.117972917165029	0.840990869781468	277
0.044563830195448	0.550190909323599	277
-0.1138748776553	1.66133081955333	277
0.038006385007916	0.463903791161008	277
0.012032274201874	0.531334034343405	277
0.094196064036273	0.24875017456871	195
-0.120987185105104	0.569787136649801	195
0.063956387804794	0.379850295352246	195
-0.0116379088647	0.827567338860204	195
0.095072305631719	0.246149149475348	195
-0.114323115266484	0.399498058054623	195
-0.11453810160694	0.386295323026041	195
-0.080046053658402	0.660855970749607	11
-0.123092575267045	1.22708231695932	11
0.043650171926482	0.196414488891955	11
-0.105911130918316	0.865767320350177	11
-0.118312969694808	0.398237827405381	11
0.042387656393906	0.194855824276919	11
0.040774478334054	0.466544637412188	11
0.101413731280112	0.416542528287811	11
0.040508131271182	0.558442652753387	11
0.089355575302407	0.35200337748545	11
-0.066171805089248	0.711654517887323	11
-0.00546625651982302	0.579293174333221	11
0.112911801013283	0.112883681223137	11
0.030349921806245	0.328404778979835	11
0.111602139321358	0.115032192174277	11
0.02368616728615	0.400585496136824	46
0.111853708958516	0.112088272718431	1218
0.115347306613337	0.110954114209396	1218
0.109594773539516	0.113465995883652	11
0.085779076565591	0.299192116335757	11
0.100451969849353	0.243823679549052	11
-0.0506287962442969	0.294429831397353	11
0.043738281853249	0.195991543635569	11
-0.081692342775319	0.222923155973193	139
-0.082632648054503	0.230550960741628	297
0.085520774991168	0.24588910560491	154
0.087983058402927	0.246907238376474	129
0.111853708958516	0.112088272718431	129
-0.083415771078558	0.22815883731346	252
-0.082283654715912	0.227931457197007	528
-0.081499498028677	0.229220728538513	528
-0.07780377687633	0.227409118788387	228
0.105329228347668	0.114890015465784	817
0.114299951550314	0.112618511833295	143
-0.082849608363218	0.228720993086107	143
0.035939380572381	1.27910567769611	165
0.027699814497619	1.59474761987236	165
0.02724401186391	1.94752546718812	165
-0.041278939238187	0.785586922702749	282
0.092179758107327	0.422763775407758	282
0.047523462332102	0.195197901983396	165
0.094991860183379	0.922111479226592	165
0.083635743164488	0.44757267411142	165
0.063032084878824	0.562286544690273	165
0.034006163610755	0.474353662464222	165
-0.0463447092793	0.27982126001401	303
-0.016260419391694	0.920738689352534	303
0.011510321750893	0.813868024933898	303
0.043741844662775	0.676450984639907	277
0.120901315249202	0.545130198668065	277
0.00567573784035402	1.17254772150615	277
0.098093461998692	0.840541616371125	277
-0.056663808208495	1.33761928054426	277
0.031819224632236	0.920855801944435	277
-0.0194821216303041	0.483678842469876	277
0.05556268002977	0.95292441170594	277
0.100956902498587	0.245042214831723	277
-0.01080931411769	0.398497608724305	277
-0.00645898043137405	0.401270232528217	277
0.084208679735321	0.299018869797137	277
-0.00673383627374302	0.386462536198571	277
-0.094940880329077	0.7117715384783	277
0.120378759937958	0.491295016780942	277
0.102596307778084	0.950080701715828	277
0.041967855577939	0.623849122331797	277
0.01089031438817	0.535503285344429	277
0.111510374557884	1.02692697155921	277
0.094999746843933	1.07243999120185	277
0.098649642647064	0.35405455592901	277
-0.00658227452203297	1.30718262617224	2607
0.108736360896625	0.526628725624346	2607
-0.070016264467493	0.434160807055071	195
-0.0284893593361371	0.347989549664085	195
-0.063696054189366	0.525820194118257	195
0.093139930930729	0.249350942489022	195
0.12486080357826	0.176396462973594	195
0.084295306817674	0.514441907577248	11
0.056682628847783	0.779869896083592	11
0.029737029811492	0.328644129255805	11
-0.119764517802546	0.397503218809389	11
-0.056948077505661	0.297055354566089	11
0.086308532337942	0.246888323267311	11
-0.113330000181679	0.387868119338008	11
-0.018984862199284	0.666972188448991	11
0.111080992199109	0.11353931257781	11
-0.049602977608323	0.292618855872072	11
-0.083766633554906	0.226437544952762	11
-0.081874867372603	0.229873084039577	11
0.041537367211238	0.196843147214707	748
0.044208243085981	0.196626825000587	11
-0.00614930442649797	0.399394304684217	11
0.109594773539516	0.113465995883652	139
-0.053010765084587	0.290273472294511	139
0.110293549194893	0.112333536245241	806
-0.082632648054503	0.230550960741628	297
0.111080992199109	0.11353931257781	85
0.12238223536527	0.174292198256759	85
-0.053263869362584	0.298145742648967	85
-0.066484958491684	0.292080807560861	129
-0.045777353432996	0.352328270339538	528
0.044007237400814	0.195839006394488	817
-0.087245755730482	0.231819826248083	143
0.114823742585628	0.11255724030873	114
0.105585049477079	0.115107263657516	1003
0.120189692622942	1.51024916185577	165
0.036043526059335	0.646915101856932	282
-0.0710716107746871	0.72287011581776	282
0.029546298315652	0.526484030250546	282
0.078228765538167	0.589955360908068	165
-0.116306449407106	0.763784730040975	165
0.061829890909352	0.4529272347745	165
-0.107233009850314	0.966901195833002	165
-0.090347588014467	0.225628768631633	303
0.091976873022885	0.420979845745881	303
-0.053001052880903	0.699189825202874	303
0.096743073343202	0.718793835561091	277
-0.00973412786671901	1.45124963627827	277
-0.034173231170531	1.26120965108725	277
0.082479970902275	0.484737948197494	277
0.032047713709823	0.694022667839939	277
0.096835326489084	0.244768098718742	277
0.084085406453734	0.414173880587414	277
0.064552903726312	0.531231132503717	2607
0.02943875680719	0.268507152760996	195
0.089261333005936	0.296855969936498	195
0.018333905393859	0.266369366075738	195
0.039113424792125	0.199650098479209	195
0.095306240230918	0.712406832344168	11
-0.0507841790567	1.16684477256387	11
0.04262280560762	0.197815059386246	11
-0.106970064336759	1.01897429279198	11
0.103000769579628	0.314739030869438	11
-0.00343170453184605	0.572111013122076	11
0.042083645883249	0.466155930398881	11
0.014154862701053	0.633844293678762	11
0.025989049471679	0.641188547270088	11
0.106366896593577	0.113071891971668	200
0.106639551297304	0.11488364968898	11
0.037342418974796	0.261995353358217	11
0.112643758889374	0.113294442733233	46
-0.082258634579743	0.226170400043011	11
-0.118468673509444	0.55651646164549	11
0.111853708958516	0.112088272718431	485
0.100712085251648	0.241793163421954	297
0.030076823901268	0.265831051151365	154
0.042373590533538	0.316507585774579	154
-0.0801467301489181	0.442958230727735	154
0.11239000863255	0.112944560089795	129
0.043415611281046	0.197922002730223	129
0.0278462952597	0.271798049310183	528
0.092253502346035	0.246514990941667	528
0.02835420709124	0.263568900300843	528
-0.087499856473756	0.227973061801536	874
0.046731094929389	0.193181339283969	461
0.110813826690365	0.113772710115371	817
0.105585049477079	0.115107263657516	143
0.110293549194893	0.112333536245241	114
0.017902562642329	2.26806049411218	165
0.081565682166562	1.85136436795474	165
-0.023396198494239	0.844920954756294	282
0.035988511607652	0.760119186763154	282
-0.00368153751241695	0.678550800287082	282
0.061311356824786	0.64750143351513	282
0.054334170400594	0.520394873868657	282
0.113775933333423	0.111202432084785	282
-0.06199569989208	1.39353565677489	165
0.067929243999916	0.653189834033637	165
-0.039708563570763	0.619074393177444	165
0.032240508634559	0.715060921806432	165
-0.00792091833380404	0.76327725839446	165
0.055931739450952	0.516993473933024	165
-0.120699934376578	1.20112497222809	165
0.104246365430489	0.99261627941429	165
-0.074218937671101	0.219465174037401	303
-0.00482925971261305	0.908561033502912	277
-0.04678957798939	0.922870188226249	277
0.08727954711195	0.300612256466123	277
0.045050425655278	0.356134145696848	277
-0.101783310421573	0.510584202374227	277
-0.09777685099644	0.500391704494373	277
-0.05456220682327	0.508488174008591	277
0.042623864429568	0.734098268642388	277
0.049529992622733	0.522596020136009	277
0.054271933176888	0.731388450349126	277
-0.087902058845902	1.02565993777415	277
-0.107549370959708	1.20380386364225	651
0.096039579659421	0.412031566968207	277
0.04404946618875	0.694914799635491	1511
0.076907845993033	0.392356962512197	1511
0.057819700735404	0.564331302761247	2607
-0.06521147535622	0.69166385535598	2607
0.11097836527773	0.531808616859145	2607
0.03276932370972	0.269350052473361	195
0.040206940868291	0.320322533528691	195
-0.00365845929831399	0.395602446090278	195
-0.110107598701007	0.381598872649765	195
-0.053180200229999	0.802827323128243	11
-0.054131097963527	1.05495585671319	11
0.011000633145644	0.834125805482806	11
0.036998611872412	0.26298041797454	11
-0.057753422116166	0.299600430019582	11
0.069555600260169	0.376613461628344	11
0.053391628717665	0.489269297193696	11
0.106438386213119	0.376504911913083	11
0.11239000863255	0.112944560089795	11
0.111602139321358	0.115032192174277	11
-0.081308217797875	0.229779893299134	11
0.111602139321358	0.115032192174277	11
0.032916749304909	0.268364375640001	11
0.028597310729646	0.267467405728767	11
0.105326182889298	0.320487137250947	11
-0.110419677514435	0.391395742867832	11
-0.030435488001306	0.358097128567853	11
0.11239000863255	0.112944560089795	148
-0.07836847578401	0.227502697104956	297
-0.111866183484455	0.390807033194853	297
-0.0866795500923629	0.231015106598707	154
-0.057171369712911	0.299433731617199	291
-0.053609315333333	0.297637628319894	1068
0.105329228347668	0.114890015465784	129
0.11239000863255	0.112944560089795	528
0.04262280560762	0.197815059386246	528
0.027245523093298	0.273263973672652	528
0.094285327650069	0.248603199025271	528
0.114823742585628	0.11255724030873	143
0.00385025244177101	1.23922547882848	165
-0.091094173100165	0.430245076908092	303
-0.100930302046753	0.833347114276208	2635
0.021140265269754	0.88794208055906	277
-0.097897045179079	0.706048500797514	277
0.033795805498678	0.602888976445817	277
0.085688888783205	0.447290814125041	277
0.01612392546587	0.425320837551715	277
0.077766319182	0.43328886413207	277
-0.020327440568168	0.482458452383256	195
-0.038371308266829	0.612087733511177	11
0.104854183877314	0.638566841750104	11
0.063696465884747	0.386636497766725	11
-0.030614878941685	0.571684318510569	11
-0.017493878189929	0.561158839483596	11
-0.0525600893377311	0.294309953805885	11
0.111602139321358	0.115032192174277	11
-0.061730440108133	0.289712631829133	748
-0.120050002345846	0.383389443111652	11
-0.072134226767661	0.427227520761702	11
0.100223763943816	0.327399537653866	11
-0.027666684730543	0.353437625944066	11
-0.079190817443659	0.225403106439413	11
0.111602139321358	0.115032192174277	11
0.112123061494307	0.114973131154919	139
0.101458028147196	0.234858866285299	154
0.112123061494307	0.114973131154919	85
-0.051083635344583	0.291039549537755	85
0.116138640348068	0.11068858558371	171
0.039691345295747	0.192098387597244	1068
0.04262280560762	0.197815059386246	129
0.114823742585628	0.11255724030873	528
0.100590131121244	0.114938505707066	528
0.111602139321358	0.115032192174277	306
-0.0809332359463391	0.225848918900511	228
0.110293549194893	0.112333536245241	228
0.110813826690365	0.113772710115371	228
-0.118451817907925	2.21960682056291	282
0.099469510149242	1.23227563299927	282
0.122282422174504	0.811756730373092	282
0.00641896390359098	0.414369610908913	282
-0.027844007439122	1.36604342617733	165
0.015380975515054	1.24477179865362	165
0.124427556953779	0.815907831689152	165
0.111061596282644	0.598925391245979	165
0.095236212507375	0.918150388517905	165
0.100295906178816	0.389621761526768	165
-0.06551491031574	0.920290242293201	165
-0.085256692022067	1.28203987763274	165
0.121609259209583	0.736089096412448	277
0.086207702212187	0.713336519111369	277
0.109741928159028	0.506167572767182	277
0.00421255683573701	1.18672974390892	277
0.033692386278684	0.951146720606658	277
0.066829378369482	0.685053620300814	277
0.043207263720923	0.7725617509389	130
0.086376135991023	0.776448704857344	277
0.031265976148312	0.848343610795289	277
0.073667505275643	0.932793876213289	277
0.124926503487529	0.539525770231575	277
0.00443555289169301	0.782612113479721	277
-0.090970504974634	0.910851989772459	277
-0.0625432537835801	0.972591955241629	277
0.102608686034693	0.705400587869227	651
0.027093119160671	0.795671044741097	1511
-0.06103366398787	1.07683627007544	1511
0.030917298967057	0.608397153547373	651
0.00428943182005798	0.657700703490137	35
-0.09655817805844	1.20593154844529	35
0.11745475720956	0.442852170902566	195
-0.081749673062521	0.839050517332642	195
-0.014720175554285	0.482816585764672	195
0.099064408417604	0.44675462931804	195
-0.06381228519505	0.785465325527128	195
0.041466495273566	0.50486831360842	195
0.022608760141064	0.504132590173176	11
-0.087101070128084	0.590016209437766	11
-0.108121622037123	0.377571196745877	11
0.115759386667416	0.552278649354653	11
0.052408371047981	0.554578396958977	11
0.016950655395782	0.415379263835833	11
0.030936190067656	0.332721363820954	345
-0.057210739152507	0.590189887928834	11
0.016767719581132	0.524741119792677	11
-0.0396207541446501	0.359186395345528	11
-0.0300622783439189	0.448322349496589	11
0.09184183676498	0.290137749112784	11
-0.081692342775319	0.222923155973193	11
0.047199609445477	0.194941439715104	11
0.094473952732297	0.246374116937518	11
0.099716742695968	0.239243180901884	11
0.039113424792125	0.199650098479209	11
-0.081118508158911	0.225738968647028	11
0.11561420249907	0.11228656899571	11
0.111853708958516	0.112088272718431	11
0.111080992199109	0.11353931257781	139
-0.0807417768971001	0.228548754592648	139
0.048315648015441	0.194652911614615	154
0.114823742585628	0.11255724030873	154
-0.083391844186964	0.227459881106157	154
0.111602139321358	0.115032192174277	154
0.111080992199109	0.11353931257781	154
0.111602139321358	0.115032192174277	171
-0.083391844186964	0.227459881106157	129
0.115089536983158	0.112348134554799	2182
0.11239000863255	0.112944560089795	228
-0.072445079399552	2.18343669866282	282
0.10505719709266	1.15846150063895	282
0.059910497775489	1.29514836803148	282
0.122879652647163	0.822706123031458	282
-0.051012162863083	0.724634136543078	165
0.00781497188888403	1.12118614712945	303
0.00385838565673302	1.35267664493719	165
0.071799176770639	0.64464069304342	165
-0.06066954237233	1.35895649297916	165
0.000948112009044988	0.801218143517285	165
0.101067613705697	0.385803171100196	277
0.095102620610735	0.325753644544534	277
0.105156684389151	0.3098475572893	277
0.00617321532263498	1.0298096361088	277
0.11076344407181	0.703136994339168	277
0.084177093920222	0.717055855477114	277
0.050177173089229	0.718962875770345	130
0.035768774197057	0.862443786917755	130
-0.013253546742834	1.02634827549862	277
0.018181265320703	0.703127810923645	277
0.031392317760022	0.68805229191955	1511
0.00391030744447701	0.923538515894525	35
0.048934044276448	0.715102523969922	35
0.013589349143277	0.783574099094321	35
0.019948010442674	0.758452450361949	35
-0.095419479478188	0.845530272712148	195
0.044525227001976	0.634101738413189	195
-0.00733868776553404	0.738168191184371	195
0.04233084040951	0.582250711340996	195
0.11720166713155	0.442952886691398	195
0.07537270264334	0.466278304104829	195
0.10345556555668	0.515449269808914	195
0.0879867087752	0.540077727113166	11
0.119048904432244	0.175125960888459	11
-0.093075056276599	0.807072779143369	11
0.104830268705755	0.423976961358861	11
0.049193858864814	0.491102235385379	11
0.106959215206946	0.371535099052404	345
0.107258367706649	0.344801835638984	11
0.101061486945085	0.243872461698982	11
0.029273947981927	0.274449189425089	11
0.09554345263864	0.243466867144857	11
-0.030019762806068	0.354136311679094	11
-0.116012933282819	0.39931251048717	11
-0.03234711792016	0.350630530226473	46
0.095496297581169	0.246397750543141	46
0.04182982777769	0.19534589057136	11
-0.114777067345221	0.389578454425796	11
-0.083668742709217	0.226616320949797	148
0.106112415250477	0.116155148037716	148
-0.0866795500923629	0.231015106598707	148
0.105585049477079	0.115107263657516	154
0.112643758889374	0.113294442733233	85
0.110813826690365	0.113772710115371	85
0.110813826690365	0.113772710115371	343
0.115347306613337	0.110954114209396	129
-0.073397868709379	0.219173348308329	129
0.112911801013283	0.112883681223137	280
-0.081499498028677	0.229220728538513	528
0.111777196360389	0.109274599709156	71
0.111853708958516	0.112088272718431	528
0.111602139321358	0.115032192174277	228
0.110813826690365	0.113772710115371	490
0.115089536983158	0.112348134554799	2473
0.064398414837922	1.52307295654184	282
0.089928303205218	1.11378781470106	282
0.008471769519242	0.537384826333423	282
-0.094670694176916	1.34160761933853	165
0.091855962875811	0.736320643212976	303
-0.100997413019626	1.75627997155342	165
-0.035409263125223	1.28877149557143	165
0.065642257324163	0.594963711671221	165
-0.090485795742464	0.590445436633415	165
0.106699252862165	0.379414450241403	165
-0.093843045568646	1.32194018244641	165
0.00341106539663499	1.0037917970144	165
0.10561004813553	0.872540977923929	165
0.096107239983052	0.245498217224435	277
-0.041360362700796	1.41735234630985	277
0.090755441458521	0.627241500482174	277
0.049351742921231	0.71604471694857	130
0.091467941236685	0.73638055763515	277
0.022276638237566	0.773447965348311	277
0.088694755583393	0.629645995466603	277
-0.054574337804007	1.24097226948029	277
0.08288673499421	0.607646627141916	1511
0.121423393276821	0.62698088286382	1511
-0.038057666434246	0.810254292910141	35
-0.019575346876361	0.972216446754838	35
-0.00299971154842005	0.799342076849827	35
0.073119566516182	0.696789882183421	35
-0.040743023201156	0.808358394189263	195
0.059301038186483	0.412940167213394	195
-0.019456045076174	0.734953612764957	195
-0.033781201286306	0.742059988722336	195
-0.04109818919689	0.533388565642831	11
0.050982232173576	0.489470533985959	11
0.118270650061761	0.490339141994292	11
0.029787480360338	0.535204475273146	11
-0.076754723123027	0.440235914788961	11
0.031965907596135	0.264127996847969	11
0.089537613819708	0.247871906667337	11
0.027582094146564	0.324569438238596	11
-0.000848640154873959	0.388719399073518	11
0.038881383185385	0.198462405769007	11
-0.034286750942941	0.358531423506793	11
-0.0523350577596809	0.292399398043092	11
-0.116860836803681	0.395983892015385	46
0.036159390915122	0.329623705849816	11
-0.035898386761315	0.357821695404418	11
0.097369358300982	0.241875417102926	15
-0.078626069644499	0.225308110829672	11
-0.045715931140548	0.285678775201577	11
0.111853708958516	0.112088272718431	11
-0.116700529164866	0.382344683194193	11
0.114299951550314	0.112618511833295	11
-0.053363614080398	0.295147794011653	139
0.111602139321358	0.115032192174277	139
0.112911801013283	0.112883681223137	148
0.11133387988801	0.113712652956432	297
0.121345828653128	0.172142511014425	297
-0.076982125918146	0.224335136500647	171
0.111602139321358	0.115032192174277	171
0.114564643625589	0.110937634837806	171
0.033452496557965	0.197759970274315	129
0.106895142792059	0.114065326676144	71
0.110813826690365	0.113772710115371	306
0.11561420249907	0.11228656899571	205
0.112123061494307	0.114973131154919	143
0.093107035263081	1.44154205955798	282
0.025324898542841	1.66632193567526	282
-0.104086128223685	1.95978804705449	282
-0.00790604444075604	0.389024980092954	282
-0.063451843087646	1.16526194552129	165
0.061135669304266	0.67275700205556	165
0.077739786666667	0.793412893697278	165
-0.00317940751774404	0.940219261300717	165
-0.017405795684624	0.615620800304987	165
-0.038074724385177	0.752076396133195	165
0.096089380103093	0.932172917612881	277
0.054138359642161	0.598112745855933	277
-0.00298371684665799	0.614653250640836	277
0.044500906410853	0.499878701299312	277
0.067569595344776	0.446078189411544	277
-0.0611438530105301	1.16918660104421	277
-0.010168791307361	1.05373432282889	277
0.038451578623764	0.721094652516449	130
0.00593064935626397	0.745729274264018	130
0.099237847387134	0.557089918423998	277
0.087113691339929	0.765595378433219	277
-0.075985785087478	1.05317703295727	651
0.050983606460293	0.855182916775571	1511
0.100537051180695	0.693323916789712	1511
-0.011139550319516	0.960805986292318	1511
0.090443165791549	0.556260056719859	35
0.055832934921782	0.652344083997534	35
0.022577142181215	0.643510422764151	35
0.055580197286776	0.514867277381721	195
-0.105127580346782	0.760534754474359	35
-0.00226725232831904	0.604530356502874	195
0.099868888990504	0.444571889944756	195
0.019491923898613	0.57515054346579	11
0.061949445378981	0.389030926136152	11
0.096379991374898	0.29104017531274	11
0.109379294282076	0.33851444102849	11
0.010379563356592	0.488074538916114	11
-0.00252776211240102	0.506069673339026	11
0.065200786824348	0.408110202371645	11
0.121283385421818	0.368260069025546	11
-0.032608464500704	0.353673112812679	11
0.101931574143133	0.242477582539429	11
0.028691557292925	0.270348069393495	11
-0.055830939753054	0.298389746172043	46
0.100801075252962	0.243697584322429	11
0.023385872868877	0.269621131561759	11
0.021575722382796	0.273202737767768	11
0.032674738146156	0.268204430333384	11
-0.115142519620285	0.383933824856757	15
0.023269746577134	0.271507938283458	11
-0.046523512021553	0.286381984728885	11
0.111602139321358	0.115032192174277	139
-0.087812170675417	0.231240314047897	171
-0.036683409437318	0.365906523212303	171
0.111080992199109	0.11353931257781	528
0.112643758889374	0.113294442733233	528
0.112123061494307	0.114973131154919	169
0.064832423588339	1.25585570321314	282
0.087808745413522	1.03703379886597	282
-0.081499498028677	0.229220728538513	282
-0.05797641873789	0.300282042313306	282
0.020262574871019	0.803606554122668	165
0.115743078439422	0.719986031002027	165
0.095449266408034	0.723368550318808	165
0.087232528418474	0.8096987918879	165
-0.04992655777769	0.909788491916632	165
0.113847969088472	0.573200399375021	277
0.101336467019321	0.700253311358703	277
0.030329109252912	0.762508595438637	277
0.027218878811849	0.937530125662269	277
-0.00948952536633996	0.536440220396767	277
0.059025057586393	0.844500469079821	277
-0.069375277655448	0.86653848242098	1511
-0.119922236011651	1.18857949662742	1511
-0.0581156049400861	0.840895255665636	1511
-0.12432086479854	0.979360642292395	651
0.086474470684143	0.615727170893663	651
0.085634689021725	0.676829297447578	35
0.036813786969562	0.317246753519725	35
0.046309731561582	0.366432856166186	195
-0.072059440020058	0.43169473795239	195
0.00519236301266302	0.490314000017262	11
-0.033900500029535	0.649521729423385	11
-0.091633344208971	0.587404879919203	11
-0.028149940562875	0.698909293142212	11
0.097699450097999	0.28839556153523	11
0.096115034676882	0.29256475254193	11
0.090684265957246	0.336309308280361	11
0.027001506584546	0.272073752646832	46
0.037674084463161	0.326139359008188	46
0.023629895391514	0.271592199355168	11
-0.019149746657867	0.400864274859493	11
0.123839330835691	0.174589872941708	11
-0.07811163404385	0.223462446706424	11
0.112123061494307	0.114973131154919	139
-0.082632648054503	0.230550960741628	148
0.124643896456284	0.174588614458863	148
0.106639551297304	0.11488364968898	148
0.114299951550314	0.112618511833295	1375
0.033452496557965	0.197759970274315	129
0.037530322268716	0.19704535933923	528
0.111080992199109	0.11353931257781	528
0.104802741745863	0.113880586116634	71
0.106639551297304	0.11488364968898	205
0.112643758889374	0.113294442733233	143
0.114564643625589	0.110937634837806	143
0.11816163483076	1.2413889919855	282
0.093397127114942	0.911709497343256	282
0.051118349839805	0.874057380490529	165
0.101402150552967	0.416365434571161	282
-0.00597025847097099	0.857087919606837	165
0.04088310665828	0.793403994513021	165
0.031178473314706	0.706999848299518	165
0.119518010171474	0.409607065283976	165
-0.0845409194814	1.59689458076555	2635
0.056282768698003	0.959014518626862	2635
0.076035751619734	0.715457142363798	277
0.094273756033932	0.443042419289351	277
-0.037506970398837	1.14303507293312	277
-0.0638152723977961	0.94212227430353	277
0.062043076814931	0.862470548633282	277
0.03184349736402	0.606468978524798	130
0.051325700098184	0.822454226235141	2123
0.052018700709802	0.786008333247827	2123
-0.06142580210561	1.05745277568453	277
0.033636360170639	0.906261683520549	277
-0.00900371692944402	0.806199993692123	1511
0.089169639271636	0.591181473493605	1511
0.00297012479387399	0.693935696770462	1511
0.066870640540953	0.584712350529819	1511
-0.078214342747895	0.877600214542942	651
-0.077750232674265	1.01369447016853	35
0.07726952179765	0.780137343910943	35
-0.013586083122001	0.817537265516928	35
-0.068934077843428	0.603023321752805	195
0.121905533906642	0.39602540142587	11
0.104744897183381	0.408324596933879	11
0.075041519928397	0.557042354288894	11
0.01693153466803	0.458397049226195	11
-0.045694817377809	0.604428801648658	11
0.096309654500542	0.250188429115093	11
0.048185181473444	0.359254092020487	11
-0.088066111496496	0.228752102721505	11
-0.046878105762361	0.284404334031404	11
0.030390789325473	0.264739296190011	11
-0.081499498028677	0.229220728538513	15
0.089014464948297	0.249770864715	15
0.050981484639104	0.186353003089816	11
0.112123061494307	0.114973131154919	139
0.048315648015441	0.194652911614615	148
0.116138640348068	0.11068858558371	148
-0.083391844186964	0.227459881106157	129
-0.083199536295848	0.22951558009204	129
-0.082632648054503	0.230550960741628	1375
-0.0807417768971001	0.228548754592648	129
-0.07780377687633	0.227409118788387	171
0.11133387988801	0.113712652956432	171
0.046173203286956	0.193669757189827	171
-0.056589552106167	0.298261079652957	379
0.110813826690365	0.113772710115371	71
0.112123061494307	0.114973131154919	528
0.11133387988801	0.113712652956432	528
0.0377623355468	0.199688159930782	528
0.099812121038638	0.113744894429683	306
0.114823742585628	0.11255724030873	370
0.110293549194893	0.112333536245241	370
0.112911801013283	0.112883681223137	114
-0.0135044832040619	2.44696089137101	282
-0.112946961444682	1.76306195895023	282
0.00219610534244502	1.755628115564	282
0.109340394058329	0.112518694557235	282
-0.056409925129597	0.582834607405388	282
-0.025938373547253	1.06519998211063	282
-0.00549685284395796	1.12806820981151	282
-0.093458341752932	1.0521814425976	165
0.090859934864538	0.623674167724411	165
-0.096726882077495	1.02861090786741	165
-0.035222944332875	0.931892182570936	165
-0.034656407416794	0.987088490472984	165
0.120863822042239	0.569882095767885	165
-0.051350141224385	1.03788996327615	165
0.029268316026079	0.893287622175992	165
-0.04534793999928	1.06341845698984	165
0.078089156484282	0.621771256903976	2635
-0.122641413349518	1.4195842688923	277
-0.015971405767486	1.0412026619877	277
-0.117524932894393	1.04256630388799	277
0.038771148769897	0.64691594104755	277
0.124401339083307	0.48810644213507	277
0.028253616654998	0.611198869088311	651
-0.0592633459765211	1.02020731932718	1511
0.02022313499007	0.762634818679867	1511
0.037543322893407	0.802930915980254	35
0.099169344976684	0.359892582186814	35
-0.02320080093351	0.494643014213284	35
0.091353125589279	0.298931390172066	35
-0.0110088841263321	0.548284082276698	35
0.098566272173556	0.416051878400651	35
-0.104970052908896	0.723654326813711	195
0.046565496342593	0.459778332729362	11
0.119648909888701	0.436452414559168	11
0.107614892587326	0.463276070007285	11
0.000519487683926012	0.721811645164149	11
0.053385905932713	0.356249897051654	11
-0.043810565415267	0.466752215053684	11
-0.058355897912454	0.923160788385641	11
-0.040055161422759	0.459848854734617	11
0.066500918935368	0.40402092609599	11
-0.100212137437022	0.609557456300893	11
0.00555807966586802	0.587807654950717	11
-0.123074652964682	0.565445938114228	11
-0.07634337813263	0.655956371822963	11
-0.056471497464381	0.594199033665208	11
-0.063696054189366	0.525820194118257	11
-0.044218990265255	0.625321796498682	11
0.094608885547365	0.423495902682733	11
0.092073194252997	0.297505150079315	11
0.039113424792125	0.199650098479209	11
-0.081308217797875	0.229779893299134	11
0.042888041441389	0.197051038353189	11
0.090764513244567	0.248911828873965	11
0.095564008302592	0.323630797828729	15
0.037756989446412	0.258643120768973	11
-0.077239286016319	0.226197788327762	11
0.124415021901308	0.174395200966497	11
-0.082065968681697	0.230458165802187	11
-0.111628367384709	0.391729089608725	11
0.100459763560254	0.288190761691946	11
0.11239000863255	0.112944560089795	139
0.112911801013283	0.112883681223137	139
0.040713553375788	0.194166562038716	171
0.105855485888929	0.113658744219182	280
0.111853708958516	0.112088272718431	528
0.112123061494307	0.114973131154919	528
0.112123061494307	0.114973131154919	528
0.110125695741463	0.112253782102168	650
-0.07836847578401	0.227502697104956	169
-0.051599576565209	2.11232135812757	282
0.014857333455164	1.29153708070965	282
0.018577949437004	0.521159681048531	282
0.09289118581463	0.364562824061969	303
0.045681167762278	0.859129343292568	277
-0.0974007120445139	1.23929780527815	277
-0.0576424916305161	1.13417201030383	277
0.115175738172256	0.613930297692955	277
0.025005022702002	0.860598962572045	277
-0.122620366251082	1.13918116363766	277
-0.0646347639077191	0.940997610742669	277
0.05143231480093	0.691672172102467	277
0.050603340631848	0.522744825084129	651
0.049807598684509	0.661253351174123	651
-0.0287107196393021	0.791204807137083	651
0.012499198181634	0.688857379059968	1511
0.014272623316801	0.636352509196395	1511
0.041325016064857	0.616516553193234	1511
-0.021105807557895	0.850444636968175	1511
0.114620611470894	0.532808971720217	1511
0.088553823075132	0.636452212403307	35
-0.0538404366333221	0.980266918675836	35
0.118571527882023	0.520784351987396	35
-0.096222334968171	0.72002236853704	35
0.072512320052005	0.443731589516158	35
0.055429527719381	0.603377308046482	35
0.039869655754282	0.551393151380821	195
0.054066632399335	0.392663982859028	195
0.028867252691926	0.546766276598471	195
0.097704487981567	0.391826996061424	195
0.042610516906797	0.361941495251282	11
0.098842194786552	0.387506957200782	11
0.05961375832104	0.390584045351157	11
-0.117706757321166	0.398074045051056	11
-0.082849608363218	0.228720993086107	11
0.099631602998353	0.238143078599751	11
-0.034868675746351	0.455224915096983	11
-0.062084715926754	0.289732549022701	11
0.093061786482902	0.286848333731954	11
0.046173203286956	0.193669757189827	46
0.091305502599046	0.245643113206019	11
0.085301819119965	0.334005962376326	11
0.026644506424858	0.273873482899527	2967
0.041537367211238	0.196843147214707	11
-0.07780377687633	0.227409118788387	11
-0.087245755730482	0.231819826248083	148
0.112643758889374	0.113294442733233	129
0.112643758889374	0.113294442733233	171
0.111602139321358	0.115032192174277	171
0.111602139321358	0.115032192174277	129
0.113775933333423	0.111202432084785	280
0.112123061494307	0.114973131154919	71
0.111853708958516	0.112088272718431	71
0.110293549194893	0.112333536245241	71
0.114299951550314	0.112618511833295	71
0.104802741745863	0.113880586116634	71
0.111080992199109	0.11353931257781	143
0.11239000863255	0.112944560089795	114
0.118181085856361	1.75467009885285	9
-0.028958131917881	0.751743687854573	282
-0.119762929867485	0.392534246188534	282
0.054691192466124	0.852090329253147	165
-0.00353549668961095	0.918514349422435	165
0.027396270657865	0.876542815817242	165
0.0440578827607	0.650665485630989	165
0.09374854037843	0.480402699505483	165
0.094004560403737	0.554923279769669	303
0.049977826257279	0.395417211115775	277
0.042096422028822	0.777682647220705	2123
-0.096539038541633	1.02795322486543	2123
-0.000660606162006028	0.612244650524882	277
0.105905013328494	0.585562119884418	277
0.027906669280119	0.744676123590849	651
-0.035284897283567	0.650758630602642	1511
0.023648138309129	0.677093308982088	1511
0.024201460606185	0.69382713949905	1511
0.103551445303829	0.51954043003313	35
0.062392926963218	0.610430013575307	35
0.087213041101362	0.483197213191114	195
0.077452755756133	0.498205662954005	195
0.110718729587232	0.456285027268711	195
0.050572191301116	0.350566888713229	11
0.018203260345005	0.419149539873923	11
-0.116625190116114	0.697039637625536	11
0.072277700082391	0.437929362865876	11
0.039755303158837	0.515669967535335	11
0.12240965713881	0.398011692748953	11
-0.124398170121078	0.577429918110242	11
0.041271793486379	0.195143571077156	11
-0.045521879122271	0.910434150421655	11
0.051262931276583	0.358207510746819	11
-0.0525600893377311	0.294309953805885	11
0.038286916670314	0.312193586430363	11
0.043447742823634	0.196899251769067	11
-0.041917252245125	0.362272849307983	11
0.094100015315959	0.246526612263239	11
0.043415611281046	0.197922002730223	2967
0.124179748172531	0.173440531627666	2967
-0.035542769402589	0.363809212350838	11
-0.111797565867481	0.39080242507146	11
0.111853708958516	0.112088272718431	11
-0.07780377687633	0.227409118788387	11
0.044208243085981	0.196626825000587	11
-0.053846346805332	0.299328929470538	139
-0.082536945302598	0.222915598928191	148
0.11133387988801	0.113712652956432	148
0.047757731573655	0.195150846424252	154
0.111853708958516	0.112088272718431	154
-0.087499856473756	0.227973061801536	154
0.114299951550314	0.112618511833295	129
-0.082441725769981	0.228844674254801	171
0.116138640348068	0.11068858558371	171
0.112123061494307	0.114973131154919	129
0.113775933333423	0.111202432084785	71
0.112643758889374	0.113294442733233	71
0.105855485888929	0.113658744219182	650
0.111602139321358	0.115032192174277	370
0.101756068528314	1.653144853999	282
0.041659971701637	1.92722442611111	282
0.084151498401004	0.298957195980825	282
0.04422627805901	0.76311949554148	165
0.093797517214726	0.744973327330912	165
0.090830733786072	0.671846814570327	165
-0.043612291791417	0.463262138014717	165
-0.025407348136373	0.733836316552608	303
0.07364067390505	0.630737599233203	2635
0.014976078415626	0.41527583910698	130
-0.102143283051849	0.640029292157305	130
-0.061707792951494	0.996950238917196	277
-0.00888268674571902	0.969642593362284	277
0.052515181565718	0.864933071416687	277
0.112617269347572	0.425947747369938	277
-0.024674271323417	0.488514767019958	277
-0.113750281058129	1.04542135163162	651
0.037081615516277	0.474842127763314	1511
-0.053398715762356	0.283926108414316	35
0.043415611281046	0.197922002730223	35
-0.031131747539966	0.663114496552167	35
0.074972311557826	0.497772192782215	35
0.034537048833296	0.605683608365167	11
0.015589426209224	0.650177324726252	11
0.044442615825451	0.192999342734614	11
0.036643186252455	0.260639619209874	11
-0.08146522348217	0.22488204620087	11
-0.0330659147568531	0.443593077475404	11
-0.080581031199054	0.658807456131271	11
0.065520756950458	0.420076816181344	11
0.039730660616292	0.471096645204602	11
0.030845583630454	0.446131110267908	11
0.053646202745309	0.354930783170295	207
0.017485065619746	0.262850033805211	207
0.099812121038638	0.113744894429683	11
-0.070781961759801	0.436658650859911	11
-0.092548695978823	0.225931975244107	11
-0.114049921389151	0.383347243797444	11
0.110293549194893	0.112333536245241	15
-0.050406054081796	0.294423790908254	87
-0.079755773491192	0.224427191828899	11
0.031123055156689	0.266801471646176	11
-0.051981532755084	0.292846040132638	11
-0.07836847578401	0.227502697104956	139
-0.090915004612678	0.228165979293146	154
-0.083391844186964	0.227459881106157	280
0.11239000863255	0.112944560089795	280
0.107423158596091	0.112849552995292	280
0.112123061494307	0.114973131154919	8
-0.0858598839870131	0.230314192318227	71
0.106366896593577	0.113071891971668	427
0.019752192490834	2.32266558537488	9
-0.029104930789109	2.45934355640574	282
0.012880715090871	0.681591466811763	165
0.00449568203512002	1.04575084440749	165
0.123097075034257	0.708879721843811	165
0.113052108827523	0.601625010847665	165
-0.118861431764341	0.562649183084838	165
0.030612109281764	0.474682547289966	277
-0.022331542464366	0.56144617070066	277
0.082616971747323	0.299885786153358	277
-0.020040789121146	0.846370837975634	130
-0.101303601481863	0.746996860396058	277
-0.070998131865766	0.606743095806068	651
0.084827834663674	0.599963683370106	35
-0.027965225157213	0.772611339979538	651
-0.116466392390057	0.923681557803182	35
0.047841367546696	0.793323109672354	35
0.091078383598218	0.617039852660789	35
0.00372356806338903	0.777545426251131	195
0.099582495579945	0.244181078184332	11
-0.037863521207244	0.540479926398832	11
0.03491003305301	0.570353784365082	11
-0.074868021571917	0.727315462432817	11
-0.074868021571917	0.727315462432817	11
0.099812121038638	0.113744894429683	207
-0.077239286016319	0.226197788327762	11
-0.09497110438629	0.593093970665876	11
0.09488808345867	0.294406714240784	11
-0.099635006738607	0.49154306305125	11
0.098499788544357	0.242114972135463	11
0.100590131121244	0.114938505707066	15
-0.040420439985663	0.364237209556611	11
0.043738281853249	0.195991543635569	11
0.114299951550314	0.112618511833295	11
0.043415611281046	0.197922002730223	129
0.111602139321358	0.115032192174277	171
0.110813826690365	0.113772710115371	171
0.111867990649127	0.111527541388821	756
-0.081874867372603	0.229873084039577	71
0.110293549194893	0.112333536245241	1453
0.112123061494307	0.114973131154919	650
0.093209323176663	0.873510874510051	165
-0.053702059794471	0.894867029112571	165
-0.074854171248561	0.442652069684444	165
-0.023655916609601	0.624643405885645	165
0.026400928189625	0.273538728072551	165
0.039264243632589	0.325737724925221	165
0.074325012505586	0.568933891599123	130
0.059206624934172	0.576178581227632	2123
0.100671039560898	0.375135010272867	277
-0.011478093318933	0.478777843835895	277
-0.095901654072685	0.718620690572873	651
0.020217221558417	0.652266165489819	35
0.058598312276035	0.339782931444589	35
0.00692784482782399	0.783709584148441	195
-0.10175476489753	0.861098099437184	11
-0.107042626710246	0.383359202331507	195
-0.061728499834898	0.296863916878707	11
0.022662651128285	0.450426396676658	11
0.104802741745863	0.113880586116634	207
0.111602139321358	0.115032192174277	11
-0.078061529945624	0.224126743967893	11
0.04696555829762	0.195697318723232	11
-0.031499011461788	0.52404182925205	564
-0.124691132110944	0.578371926404498	11
-0.090728466903787	0.492076687178477	11
0.042945279479234	0.19357927667315	11
-0.113954633724967	0.399158038744232	46
-0.045362061570228	0.284426845709684	11
-0.009779145958274	0.387784961445368	11
0.113775933333423	0.111202432084785	129
-0.093116422928159	0.226064246254305	171
0.112123061494307	0.114973131154919	171
0.110293549194893	0.112333536245241	8
0.11133387988801	0.113712652956432	650
0.114299951550314	0.112618511833295	650
0.105786138900274	1.70089247360794	282
0.11561420249907	0.11228656899571	165
-0.01839030783423	0.827062628069459	165
0.048731691964863	0.770451813849758	165
-0.0825014062744019	0.5829489351546	165
-0.0459932496255701	1.17472103429205	2635
-0.00656934202081805	0.873220817781952	2635
-0.073199661695335	0.91710466605753	2635
-0.111591830629083	0.379281571089165	130
0.047700448503087	0.452562586172594	130
-0.00822087281428496	0.642450452560182	130
0.00799772944926103	0.567751932500392	130
0.044221726752128	0.364868749167285	130
0.071356971781623	0.838120926307387	277
0.024637017915465	0.901157585662568	130
-0.0492554965073651	0.61555163085644	277
0.015928676921997	0.622689736537902	651
-0.027003641612894	0.703297895268751	1511
-0.110265904722899	1.09902265478565	651
0.024409479349636	0.836142983448512	35
0.079351132087327	0.55852731580967	35
-0.064132211530099	0.770795732126643	195
-0.08926844345235	0.813511077447552	195
0.050341864565199	0.670085098764614	11
0.051872109413315	0.600783780969084	11
0.097767258872102	0.286510505763991	11
-0.055084700728421	0.666004483395141	11
0.00450624383746501	0.494351034833921	11
-0.016701177526413	0.584262404294432	11
0.030291899958977	0.328721075771004	11
-0.083199536295848	0.22951558009204	11
0.039113424792125	0.199650098479209	11
-0.031263071780652	0.448796030749416	11
-0.116382090573619	0.394520768881047	11
-0.115619745812465	0.389812952147086	11
0.046082747552765	0.191387889554136	1412
0.112123061494307	0.114973131154919	1412
-0.081499498028677	0.229220728538513	129
0.112123061494307	0.114973131154919	171
0.113433367963492	0.111280618271974	280
-0.082283654715912	0.227931457197007	280
0.112123061494307	0.114973131154919	71
0.106639551297304	0.11488364968898	71
0.111080992199109	0.11353931257781	71
0.110813826690365	0.113772710115371	71
0.111602139321358	0.115032192174277	650
-0.102496769966264	1.30059382979854	165
-0.0858005586884531	0.736876847943188	303
0.00110275495087597	0.982911307724919	303
0.07154055543315	0.962983555887978	2635
0.04439430381528	0.60584725160336	2635
-0.077920551268265	0.734581946487109	130
0.078353780675874	0.576336128440394	130
0.080130929841742	0.663452427831609	277
0.108360032737834	0.749870400107372	277
0.122804643553145	0.627265618219147	277
0.113658292945642	0.633731156183954	2123
-0.008952377537775	0.569889420305518	277
0.057757463459542	0.645702171624312	277
-0.101132211462708	0.965957319099972	35
0.11334863132688	0.578041640496251	35
-0.059447748658234	0.675365945418462	1511
-0.103345947173873	0.506423465705303	1511
0.016122921100023	0.766793046706085	1511
0.00721645396053	0.712468533049571	651
-0.012377319847574	0.402142175432973	35
0.057251332461761	0.723871341050173	35
0.12491675146458	0.58826679823127	35
-0.061289401836983	0.846591567393369	35
0.023709557612957	0.748625077771932	195
0.057358919883307	0.513920430006936	11
-0.022046751720281	0.484910977694965	11
-0.085342493769669	0.699718899376148	11
-0.119494773447593	0.70309227977877	11
0.11561420249907	0.11228656899571	11
-0.115168253580401	0.400635733477657	11
0.044766108565605	0.196127072599956	11
-0.00958011400498404	0.401159715413665	11
0.047246563503365	0.363419154071506	11
0.04269872677336	0.364541962700484	11
0.034123506270026	0.315525244591575	11
0.035019736181732	0.317368195416439	11
0.04265695270042	0.197444510551641	11
-0.054876640517962	0.291283127381578	316
0.110293549194893	0.112333536245241	1412
0.112643758889374	0.113294442733233	1412
-0.083391844186964	0.227459881106157	1412
0.114299951550314	0.112618511833295	1412
0.111602139321358	0.115032192174277	158
0.105585049477079	0.115107263657516	129
0.111602139321358	0.115032192174277	129
-0.083199536295848	0.22951558009204	129
0.106639551297304	0.11488364968898	280
0.111853708958516	0.112088272718431	8
0.100056469917582	0.115100155835255	71
0.110813826690365	0.113772710115371	650
0.107423158596091	0.112849552995292	143
0.079700291574957	0.494159328239377	165
0.052692083675491	0.931853351613041	63
0.013115056546738	0.428322025979674	303
-0.00410713156348397	0.750845778663459	165
0.104538234989973	0.237000821875745	165
0.096141417309363	0.572375862313027	2635
-0.073241910264286	0.437497897201308	130
-0.075994614390152	0.429405010554085	277
0.02623624302878	0.328325233691165	277
0.057033455146354	0.814864400193	277
-0.068880304230729	0.812034934716371	277
0.02471890964354	0.833141562781993	35
-0.016891803630281	0.619840524606449	35
-0.00766661529721602	0.650925659592372	1511
-0.019453149971135	0.478401687852784	35
0.055667469768812	0.572744837059437	35
-0.064161520475587	1.12902622035952	35
0.099931899859639	0.242862993717738	35
-0.087869823270741	0.986841686622782	195
-0.00367091382553997	0.681382773034211	195
-0.117108249305651	0.693290364068487	111
0.078445528192148	0.621407620630584	11
0.041622999124748	0.585646877450827	11
0.012021991513496	0.521265096678653	11
-0.07780377687633	0.227409118788387	11
0.110813826690365	0.113772710115371	11
0.049090343226607	0.363962700293668	11
-0.022687967342125	0.341330102991453	11
-0.000867171651426024	0.390308065501312	11
0.040779526976568	0.322853746828688	11
0.043650171926482	0.196414488891955	11
-0.0809332359463391	0.225848918900511	280
0.114299951550314	0.112618511833295	280
0.11239000863255	0.112944560089795	8
0.112911801013283	0.112883681223137	71
0.105329228347668	0.114890015465784	71
0.111602139321358	0.115032192174277	8
0.111853708958516	0.112088272718431	71
0.11561420249907	0.11228656899571	71
0.110293549194893	0.112333536245241	370
-0.019010566140733	0.680756523519787	165
0.05013200014732	0.747046581463494	165
-0.0425017535664149	1.14887866418471	303
-0.107802678163913	0.641924035010143	303
0.117172560429473	0.5516902254576	165
0.088955776567191	0.296546082123718	130
0.039117682177135	0.508271782931972	130
0.01031042470054	0.427852555060558	130
-0.010123758589071	0.652422274318326	277
-0.027709993578763	0.873490479035151	35
-0.030970062195155	0.946752516820853	35
-0.01319192698836	0.658874415858186	35
-0.075350234964447	1.10772705661157	35
0.11505329940654	0.532611845789325	35
0.09209059767156	0.497003118217201	35
-0.034964949439028	0.847813150173499	195
0.071060473019831	0.678829966901814	195
-0.00931510611674502	0.39384959315986	195
-0.090137937125899	0.484011235787583	111
-0.11062518006005	0.950627315665781	11
0.023406577779739	0.645155805751866	11
-0.0467838637500571	0.548981261469786	111
-0.111995852501781	0.386861253074707	207
0.099558834658876	0.359262498264082	11
-0.115976548922313	0.560748028600343	11
-0.075380334447072	0.437705632973967	11
0.042697850720228	0.317813451237789	11
-0.0126854430184949	0.405030097261381	11
0.092582804097329	0.295575199108042	11
-0.075348141957892	0.218651932240179	11
-0.053609315333333	0.297637628319894	11
0.033452496557965	0.197759970274315	11
-0.0866795500923629	0.231015106598707	1412
-0.087812170675417	0.231240314047897	1412
-0.078933382887377	0.226494530252324	150
-0.082258634579743	0.226170400043011	180
-0.083415771078558	0.22815883731346	180
0.114823742585628	0.11255724030873	872
0.112123061494307	0.114973131154919	71
0.115089536983158	0.112348134554799	761
0.112123061494307	0.114973131154919	92
0.078654812829173	0.942315435894851	165
0.022676622043704	0.693236082242325	303
0.120104725878287	0.452691023239261	165
-0.071132806770708	0.967449075692729	2635
0.06122674650764	0.422234081237345	277
-0.030826734031399	0.3598151407103	130
0.102441635225139	0.243273008201214	130
-0.114463304657661	1.03237330152829	277
0.112343870568921	0.715513952042609	277
0.000338098276535026	0.87350574547822	2123
0.119586695256185	0.579635712240102	2123
0.11092709841867	0.58493415416771	2123
0.071169789291728	0.736902927886457	651
0.064265553924121	0.37950241842117	35
-0.015326116148093	0.885506502082433	35
-0.00917724857386604	0.903475063755102	35
-0.020795066765289	0.695500875654251	195
0.111122493458207	0.512822222047854	195
-0.08014857728516	0.736590245448127	195
-0.074532085615157	0.435618204414951	195
0.037188512390081	0.323209937661194	111
0.04262280560762	0.197815059386246	111
0.019003835709748	0.61038105933931	11
-0.035962782238805	0.530195778180183	11
0.03424259816929	0.197859954675779	11
0.112643758889374	0.113294442733233	11
-0.076982125918146	0.224335136500647	11
0.052422304317872	0.187835024995828	11
0.037986817766422	0.323782878651802	11
0.097182000948701	0.249832696309762	11
0.054262383133674	0.357967327262562	11
-0.120611712033451	0.394556734973554	11
0.066659694486553	0.380781907254966	11
0.049090343226607	0.363962700293668	11
-0.114777067345221	0.389578454425796	11
0.110813826690365	0.113772710115371	11
0.046173203286956	0.193669757189827	87
0.114823742585628	0.11255724030873	87
0.091462347515155	0.298101409299525	11
0.029273947981927	0.274449189425089	11
0.034358137818751	0.268024322190153	11
0.110125695741463	0.112253782102168	1412
-0.083199536295848	0.22951558009204	180
0.114299951550314	0.112618511833295	129
-0.083668742709217	0.226616320949797	71
0.110813826690365	0.113772710115371	805
0.110125695741463	0.112253782102168	71
0.102751521268976	0.112784819413265	946
0.11239000863255	0.112944560089795	143
0.106639551297304	0.11488364968898	143
0.110125695741463	0.112253782102168	92
0.112123061494307	0.114973131154919	92
0.040291539960576	0.426602509511949	303
-0.062896957780962	0.782361013896251	2635
0.10395292150977	0.313754442655801	277
-0.100881057264078	0.501679146170516	130
-0.078227364418888	0.801356103215726	277
0.021238471005498	1.0966269041567	277
0.080504247567559	0.865945646689246	277
-0.0538756161576171	0.953847278519746	35
-0.104562436690237	0.514583937922909	35
0.108170420080052	0.378294542538954	1511
0.049371747047216	0.362743214306223	1511
-0.057053086769061	1.03440133626285	35
0.111530351741445	0.526782451097691	195
-0.100148445417551	0.938452248208777	195
0.111756555242946	0.529305104110995	195
-0.060493325880868	0.519574758642271	195
-0.045942669887329	0.285822070601558	111
-0.121828821365368	0.397444694730785	111
-0.115985290327248	0.385897305709249	111
0.042884076485163	0.458023241379872	11
-0.00762400196882795	0.761399558494508	11
0.035969837084865	0.526086691063799	11
0.023761843864997	0.636775909781846	11
0.068479041241284	0.506261170434349	111
0.042888041441389	0.197051038353189	273
0.031536903280513	0.328578832281796	11
-0.0842349550200731	0.22607389427452	11
0.106895142792059	0.114065326676144	11
0.106895142792059	0.114065326676144	11
-0.104902783973226	0.514879040967811	11
0.040181092302799	0.366094113288919	11
-0.076982125918146	0.224335136500647	11
-0.0645408366395091	0.294826402412159	11
-0.117469380292518	0.396934312591063	11
-0.078061529945624	0.224126743967893	1412
-0.082632648054503	0.230550960741628	180
-0.081308217797875	0.229779893299134	180
0.106639551297304	0.11488364968898	129
0.110293549194893	0.112333536245241	71
0.105329228347668	0.114890015465784	414
0.111867990649127	0.111527541388821	71
0.113775933333423	0.111202432084785	805
0.11561420249907	0.11228656899571	143
-0.056801285507472	0.597786261185953	165
0.054439374017494	1.07358852828119	165
-0.058996679896043	0.670182160916228	303
0.048117703088593	0.353000256614269	303
0.040169481660119	0.422627464984911	303
0.044566525318277	0.193089865031155	165
-0.092661562210485	0.218508226918456	165
-0.109723210629297	0.880983490043878	303
0.064029060564427	0.386153900252622	303
0.042603706772116	0.761890073942754	2635
-0.030691991271063	0.756583604663813	2635
-0.105466181789991	0.505559089219318	130
0.026459839392255	1.03878866708689	277
0.067385192334732	0.890413989272251	277
-0.020911273185246	1.10306638910842	277
0.033467912554951	0.686763462642378	35
0.00387941345072701	0.608234517295287	35
0.116838115406869	0.430027815265524	35
-0.051902697742181	0.586972137075496	35
0.067522366337375	0.409982778053398	35
0.014308472217661	0.877615019576741	35
-0.030802685082122	0.802055487611182	35
0.122435760169145	0.487940490183404	35
0.083616206024668	0.53723460728392	35
0.027430722567181	0.545006521079425	35
0.00209053360480299	0.506380635201599	1511
-0.030325040421928	0.945324370584555	35
-0.013589320595163	0.402057214896802	35
-0.069510106285371	0.603211837417082	35
-0.061753963619104	0.850528417279458	35
0.054243982732042	0.351953574334842	35
-0.071700294683464	1.03062203063332	195
0.123999084860816	0.557165632911504	195
0.088646660468587	0.486435330221596	11
0.040136143249606	0.195050707257457	111
0.04229928774822	0.196677205606599	273
0.043216435166805	0.19638023438628	11
0.104228734937344	0.318423479911656	11
-0.059362417109905	0.299537690963719	11
-0.069286691779639	0.422448363107385	11
-0.118078529110828	0.399083548023029	11
-0.120371542402047	0.394614239383903	11
-0.033628734694008	0.359072837451397	11
0.113433367963492	0.111280618271974	87
0.110813826690365	0.113772710115371	1054
0.0466412814867	0.193940936300541	11
-0.0303696584180621	0.356903735276496	1470
-0.031388021387457	0.352455780621582	1470
0.052422304317872	0.187835024995828	11
0.040136143249606	0.195050707257457	11
0.040136143249606	0.195050707257457	180
-0.081874867372603	0.229873084039577	180
0.112643758889374	0.113294442733233	8
-0.081308217797875	0.229779893299134	71
-0.082597240655835	0.225111702703228	71
0.114823742585628	0.11255724030873	872
0.039904706615939	0.198350876514301	92
0.114299951550314	0.112618511833295	92
0.013604786437765	0.684793898719225	165
-0.033722063467027	0.520296378073047	303
-0.038199526592918	0.531288775160746	303
-0.013422079374473	0.720062028778122	165
-0.063377844682293	0.286107242287536	165
-0.07507908603729	0.438069553259909	303
0.094069660076439	0.356941076287889	303
-0.063096401810144	1.48626535095659	2635
0.123286224820947	0.4697146451397	2635
0.0278462952597	0.271798049310183	130
-0.085520595576755	0.439769231677614	130
-0.038829572118261	0.35585985832212	130
0.064534027353904	0.961428776868507	130
0.098505440549934	0.87766762261349	130
0.020385634913471	0.971480601087143	277
-0.00336120928561701	0.876339462971212	35
-0.105807034080714	1.21613131624436	35
0.011941847683769	0.523731900163378	35
0.095137350230618	0.603459216739937	35
0.00132487337794701	0.782173624920024	35
0.110926579937104	0.490044188386465	35
-0.102080804266106	0.510050345302883	35
-0.118867456363002	0.928458740602251	35
0.098695517320204	0.615685283744813	35
0.115234588152524	0.613462346215702	35
0.120218509681361	0.451028829218191	35
-0.058171604990789	0.51133240393543	35
0.049081759160763	0.718517227856502	195
-0.00560033088975198	0.781471777459633	195
-0.008611687772481	0.39894534396222	111
-0.090660567503639	0.593690743843402	111
0.036986555430851	0.68229226167823	11
0.045597028112103	0.539919284226037	11
0.034031707810058	0.330474317412838	11
0.107151820912618	0.371213156919066	11
-0.013589320595163	0.402057214896802	127
-0.075300129705402	0.441206974769142	273
0.064690761921368	0.415448621912641	11
-0.055323312166239	0.294607834503801	11
-0.067813985922339	0.521976827355775	11
0.100048082423645	0.360581062430779	11
0.114261012606823	0.167144658103995	11
0.047523462332102	0.195197901983396	68
0.111853708958516	0.112088272718431	68
-0.05225195691105	0.28835614453222	11
-0.112631462694643	0.388208237984919	11
0.11133387988801	0.113712652956432	158
0.04696555829762	0.195697318723232	158
-0.080551888366701	0.225643184038845	118
0.038321962764617	0.199537160848968	150
0.114299951550314	0.112618511833295	8
0.110813826690365	0.113772710115371	71
0.104802741745863	0.113880586116634	650
0.106639551297304	0.11488364968898	452
0.002988236137134	0.751510629931851	63
-0.118075247274143	1.06044367203124	303
-0.0603415342624341	0.749501606251964	130
-0.00524202883510405	0.625999785726435	130
-0.097673655822034	0.630993018932861	130
0.083407456469806	0.455342104249936	130
0.03768909764147	0.985905659996495	277
-0.00961280621876304	0.767030337580562	35
0.08015775942134	0.708515040675074	35
-0.045098609742923	0.708530736417737	35
0.06410700430858	0.421476329303361	35
0.094362300273338	0.576910450568582	35
0.074399766606598	0.600732000694394	35
-0.092062236138855	1.18298016162515	35
-0.03425718496236	0.666327882361158	35
-0.01140394163394	0.775284218353789	195
0.122198699146903	0.472407287261151	195
-0.00436621753933597	0.531386112004302	195
0.089099317447049	0.534639226814632	11
-0.017722986749755	0.555104389558482	11
-0.044274081393842	0.540540749883708	11
0.119335987398018	0.373917937762253	111
0.116635331237981	0.383890423802398	127
-0.0493879204252971	0.541422377673472	127
-0.033799883090789	0.362929373626912	127
0.0377623355468	0.199688159930782	127
0.00640224831684799	0.427798500477124	273
-0.071602842209645	0.525696580411859	11
0.087921655915817	0.296217464313176	11
-0.015786501053066	0.40124908497977	11
-0.036195785981073	0.461387081903918	11
0.091768678530307	0.298444209793529	11
-0.0363760848183941	0.455996426327822	11
0.014852941202173	0.412491095016468	11
-0.052368829297995	0.290807933712135	125
0.106112415250477	0.116155148037716	87
0.029875965454189	0.274655154287874	11
-0.0639561821082431	0.296448299554629	11
0.039113424792125	0.199650098479209	11
0.024477533221852	0.270172588160209	11
-0.0807417768971001	0.228548754592648	68
-0.087662783880235	0.220956445591311	158
0.111080992199109	0.11353931257781	601
0.044766108565605	0.196127072599956	180
0.110813826690365	0.113772710115371	180
-0.050264413558935	0.290326040732589	180
0.050748400261491	0.189353174913807	299
0.113433367963492	0.111280618271974	129
0.113433367963492	0.111280618271974	8
0.111867990649127	0.111527541388821	8
0.116138640348068	0.11068858558371	8
0.111080992199109	0.11353931257781	8
0.112911801013283	0.112883681223137	8
0.105585049477079	0.115107263657516	6
0.112911801013283	0.112883681223137	71
0.112911801013283	0.112883681223137	71
0.112911801013283	0.112883681223137	143
0.11239000863255	0.112944560089795	92
0.064528291211527	2.21501212116747	165
0.020353920022444	1.40296502206422	63
0.067235787940912	1.07851790607028	165
-0.042697127071165	1.13821075301434	63
0.0713893645155	0.889652179961412	165
0.069641640877823	0.535147054132631	303
0.082348467067786	0.47812007343198	130
0.05629709266369	0.790078620420514	130
0.116618926309272	0.840319661717539	130
0.0884575145235	0.597245060592353	35
-0.0164085978727589	0.944998106117819	35
0.060615277474566	0.636900334206487	35
-0.051033375806754	0.730975808044463	35
0.030389046424796	0.632679497000947	195
-0.00686710114404199	0.724247347063881	1485
-0.04569611305651	0.644912043450139	1485
0.10036149556169	0.582818080893426	11
0.090892364685956	0.471644812760884	11
-0.06840311990668	0.524045691230201	11
0.062226148734173	0.381719713778803	11
-0.0870362335941089	0.698304180234418	127
-0.106427723877535	0.516417926450087	127
0.02410460615119	0.44554956181666	273
-0.088562784621953	0.581060973146503	273
-0.084036990433579	0.442251514112423	273
-0.013300943492525	0.403479407879827	11
0.052731897226498	0.354809267586484	11
0.096328234494141	0.330989440828091	11
0.044173195061734	0.368041069538927	11
-0.116485317227681	0.564952887996565	125
-0.082849608363218	0.228720993086107	125
0.030636698144039	0.329194311916232	288
0.037993939423732	0.199032119088873	11
0.112123061494307	0.114973131154919	68
0.106112415250477	0.116155148037716	11
0.027489380813326	0.27240572128393	118
0.024350351265844	0.266737424236941	118
0.048638653923073	0.19097738019263	118
-0.081499498028677	0.229220728538513	601
0.042097263430197	0.197596168935613	299
0.112123061494307	0.114973131154919	129
-0.079190817443659	0.225403106439413	8
0.11239000863255	0.112944560089795	8
-0.0807417768971001	0.228548754592648	8
-0.091731524324519	0.228844090841653	6
0.106639551297304	0.11488364968898	71
-0.080551888366701	0.225643184038845	167
0.042857552425884	0.197703856707579	143
0.0112020437925	0.961218346566875	63
-0.068640075397266	0.629451951872148	63
0.091061682777575	0.769225238064607	165
0.050891990290228	0.550814240780529	303
0.095146362220087	0.755850760863786	303
0.103239682009153	0.488678668542948	303
0.114161494224937	0.848000365920389	2635
0.076235820476518	0.665840350616698	130
-0.01078445962048	0.398032170501072	130
0.078407012980354	0.68211800277487	35
-0.06145964907646	0.777553081865699	35
-0.00649071174543603	0.809971383502932	35
0.07561466345069	0.743424246554732	651
-0.032313537028266	0.362901098360337	35
0.046301736135896	0.583618288394693	35
-0.104161837709467	0.64281318765647	35
0.111476283082647	0.337734218812581	35
0.075334201365378	0.610018734790419	35
0.039943668416499	0.551824650373396	195
0.065395884202066	0.738583531153831	1485
0.00574735445392	0.482316434204287	1485
0.074816680346312	0.439158467530695	1485
0.103189038651609	0.451805169921771	11
-0.038158648535375	0.678957331125682	11
-0.109206128647727	0.792836941116746	111
-0.073962317801798	0.21927147799789	273
-0.113715998861377	0.399336147784988	273
-0.0850408615045179	0.226180232293452	273
-0.054166574829117	0.294281587841487	11
-0.053724778694881	0.502061462695684	11
0.090741053427174	0.299927905250263	11
0.024422705364873	0.33059480464328	11
0.029922207997328	0.325696165036281	11
-0.075681903145682	0.437896533588926	11
-0.000898693368120984	0.385155443994041	11
-0.083958762287729	0.226470686444405	11
0.041756703302958	0.358019420025718	11
0.106895142792059	0.114065326676144	125
0.110813826690365	0.113772710115371	11
0.120427771893988	0.176032124298812	11
-0.055679091222788	0.292100900791799	11
0.034358137818751	0.268024322190153	11
0.028951838830452	0.262709135051484	68
-0.081874867372603	0.229873084039577	68
-0.082065968681697	0.230458165802187	471
0.043415611281046	0.197922002730223	471
0.043415611281046	0.197922002730223	118
-0.081308217797875	0.229779893299134	118
-0.082441725769981	0.228844674254801	299
0.106895142792059	0.114065326676144	8
0.110293549194893	0.112333536245241	8
0.110813826690365	0.113772710115371	8
0.112123061494307	0.114973131154919	1863
0.11133387988801	0.113712652956432	71
0.105855485888929	0.113658744219182	71
0.112911801013283	0.112883681223137	143
0.084917273833679	0.717003568390558	165
-0.112198930764005	0.913313262106744	303
0.07990234172066	0.788480067256253	303
-0.112039404762043	0.644654005608474	303
0.096675390400887	0.393220257808799	303
0.045211050427979	0.908781818669264	303
-0.0957510624286449	1.3226210335833	130
0.050238759226833	0.914402568243669	277
0.076373169008477	0.6876403361432	130
0.096822346714484	0.707337953674143	35
0.0513097172076	0.625942793680821	35
-0.047183738978814	0.762206669043903	35
-0.025664710610851	0.857150180617266	35
-0.084812218609977	0.850216660412971	195
0.00375818158256802	0.754964876366507	195
-0.06202499715993	0.674699019851516	195
0.076219093139845	0.468926162914763	1485
-0.010332769229816	0.586797251266454	1485
0.081973025127727	0.489011467518185	1485
-0.040371041451881	0.815293593064996	1485
-0.101844139069573	0.718660745846414	111
0.043060405107208	0.622074904893579	111
0.079094499892289	0.518548150369821	111
0.076531893209981	0.468606056535927	127
-0.094935493742442	0.818476326275613	127
0.025800105443384	0.274147843318908	273
0.086327166763178	0.331508626792633	11
0.083537949356744	0.299611585355573	426
-0.121215480799303	0.393444775874924	11
0.030524160362472	0.266323956635748	11
0.099158893633856	0.322582581103478	11
0.03315858988023	0.266265268176167	11
-0.00493225083132098	0.398086317418787	125
-0.032450369827871	0.451986846015373	125
-0.115321047916581	0.390812449820562	11
0.04265695270042	0.197444510551641	68
-0.08652783148684	0.222918631447091	118
0.029633602926103	0.273331708585605	180
0.111602139321358	0.115032192174277	180
0.039904706615939	0.198350876514301	129
0.111602139321358	0.115032192174277	8
0.105855485888929	0.113658744219182	6
0.11239000863255	0.112944560089795	6
0.115089536983158	0.112348134554799	71
-0.050986334391348	0.293279708813577	71
0.037993939423732	0.199032119088873	71
0.112123061494307	0.114973131154919	170
-0.082597240655835	0.225111702703228	71
0.114823742585628	0.11255724030873	71
0.11561420249907	0.11228656899571	143
0.102751521268976	0.112784819413265	143
0.115089536983158	0.112348134554799	143
0.11239000863255	0.112944560089795	622
0.117805917055184	0.109073531788906	144
-0.0380882342351631	0.447410045817613	63
0.057965640032748	1.24801487773657	63
0.090660683514258	0.705304878695415	165
0.081256113121843	0.825326008801972	165
0.111147251909502	0.554074264355287	165
0.111049600909148	0.557668662988313	165
-0.036825411655436	1.07548736297478	303
-0.037502139134687	1.25556238942106	303
0.021249045700267	0.662182434745026	303
-0.00739480107270596	0.85777569122805	303
0.041195436372413	1.06044807733755	2635
0.117755715328041	0.646085874366868	130
0.018433834130745	0.931140539774592	130
-0.124479325617905	1.38198751919737	474
0.118850274480826	0.49919356564199	130
0.064431308838015	0.708727937791085	130
0.050821981941816	0.857319543646104	35
0.092333551801177	0.555160462970823	35
-0.050847994186019	0.946617538893422	35
0.040233915825214	0.773436817165176	651
0.040499118180657	0.749861741735593	35
0.107231132191469	0.663442195963884	35
0.075892367752317	0.59987708367494	35
0.114318892494923	0.521601649012701	35
-0.074200669577119	1.02720433896826	35
0.049223857097362	0.845898424317315	35
0.108118097175105	0.701203095545176	35
0.04559349366528	0.52666131270484	35
-0.105506390981485	0.83601801644265	35
0.123918913075062	0.491454153183538	35
0.122735760383585	0.525643200233825	35
-0.09091112894386	0.817128262457612	195
0.015152600068392	0.524777975067882	1485
0.058704920158241	0.484399179839244	195
-0.0748836385424561	0.647571719099471	111
-0.077907693883696	0.659964171547701	127
0.00177344206121799	0.669012931411229	127
0.030608650907566	0.444188966245703	127
0.105108154476851	0.384019497010591	127
-0.036064045832486	0.541765437590738	273
-0.00462186874704296	0.395615491291496	273
0.04001215820905	0.468435575410023	11
-0.0539421347815	0.295728569671535	11
0.1013219525628	0.242432538917703	914
-0.115167600518475	0.383819964788695	11
-0.084239715883014	0.582319035236328	11
-0.043758731078668	0.357347835326588	288
0.030076823901268	0.265831051151365	288
-0.042514175296709	0.360697848910465	288
0.031550731344371	0.33204736367152	11
-0.109815699816983	0.389730044294229	131
-0.112486217144991	0.383901828573266	11
-0.00120847650478995	0.386378482338989	68
0.027489380813326	0.27240572128393	68
0.113433367963492	0.111280618271974	68
0.111602139321358	0.115032192174277	68
0.050422886623328	0.184042755931156	118
0.112123061494307	0.114973131154919	118
-0.035285772235447	0.358064260829944	118
-0.087499856473756	0.227973061801536	38
0.106639551297304	0.11488364968898	38
0.047757731573655	0.195150846424252	8
0.037218110363642	0.195360817563378	6
0.105329228347668	0.114890015465784	6
0.110293549194893	0.112333536245241	170
-0.07836847578401	0.227502697104956	170
0.111602139321358	0.115032192174277	71
-0.081499498028677	0.229220728538513	167
0.105329228347668	0.114890015465784	167
0.109594773539516	0.113465995883652	143
0.112911801013283	0.112883681223137	143
0.10083262706046	1.69002903238402	63
0.033423949318541	1.8310334813246	63
0.062586327224302	0.67008027424025	63
-0.0379882655196701	1.64002341698604	63
-0.057016519868776	1.45301762431394	165
-0.014363438589549	0.961334756857397	165
0.11530418568951	0.744438643858788	303
-0.048915767428289	1.06639103965625	303
-0.0718825534608401	0.53093247294596	303
0.027642500963763	0.423059447900333	303
0.028430201481326	0.273744300471972	303
-0.04071031227299	1.37900854485681	63
-0.109418032661408	1.16240540761928	130
0.086290979324687	0.612393614005119	35
-0.108318895303391	0.765689701025171	35
-0.049717698162037	0.899357191952051	35
-0.016982321640751	0.816683156172103	35
0.110159463747651	0.505998036150822	35
-0.041180534291857	0.755623167670941	35
0.049537349703724	0.638568028143106	195
0.021425080904953	0.679851044967351	1485
0.100672374799694	0.319251432956091	1485
0.037433886178306	0.196584228370242	1485
-0.074062863406804	0.796995536643762	111
-0.014172481543183	0.924893832956667	111
0.115169582987108	0.392671419106385	111
-0.08848837025786	0.701858502025168	111
-0.00464902791423405	0.512402057801305	127
0.105456778194627	0.373923899675628	127
-0.066477444589232	0.507171532026431	127
-0.036068944602471	0.364634848063139	127
-0.087499856473756	0.227973061801536	127
-0.113109129427894	0.398024768391552	273
0.032035828081847	0.445266499676916	11
-0.063250630777415	0.595624924270869	11
0.031165072282286	0.265401461526353	11
0.011911175618064	0.405892061986953	11
0.095414716758503	0.326601455035839	11
0.098054861734905	0.248387516117651	11
-0.014507989862389	0.402227549002016	11
-0.082283654715912	0.227931457197007	125
-0.050406054081796	0.294423790908254	288
-0.037913081511904	0.365241754207999	131
-0.079985477202539	0.224463114819652	131
-0.078626069644499	0.225308110829672	118
0.043973464457907	0.197417117370018	118
0.11561420249907	0.11228656899571	118
-0.082441725769981	0.228844674254801	601
0.116138640348068	0.11068858558371	38
0.111853708958516	0.112088272718431	38
0.110813826690365	0.113772710115371	71
0.046749298418931	2.13128407172488	63
0.102845962033887	0.621162544681046	63
0.118014298782131	0.979973282461918	165
0.017809535250889	0.730571848509485	303
0.030720373355123	0.273797498740466	63
-0.047074727590343	0.575301734830966	303
0.078006705069433	1.02899570028022	303
0.03492731793338	1.14844327461576	303
-0.109814818907962	0.676777116703788	130
0.103202381701548	0.32267581824229	130
-0.091967672658286	1.10987787754608	35
-0.019385056953461	0.916819896339393	35
0.092080137201521	0.605019013364791	35
-0.069821025233647	0.52905667398267	35
0.097070145211939	0.638766301437113	35
0.092581877040137	0.685644396719798	35
-0.077591376972441	0.571363534980664	35
0.081598989870069	0.671320602077224	35
0.01068432978881	0.82320402096583	1485
-0.08312071614434	0.656977176021312	1485
0.050584906939301	0.480845108786045	1485
-0.016289131178583	0.855363593105119	111
-0.020014079218645	0.73320250576038	111
0.104190703518609	0.383891093673503	127
0.043267696354191	0.317857158474117	127
-0.081874867372603	0.229873084039577	127
-0.111011813158261	0.639175802706786	11
0.092169692040766	0.364608736314163	11
0.039113424792125	0.199650098479209	11
0.022043529033854	0.270480833964171	11
-0.07836847578401	0.227502697104956	288
-0.012615797906383	0.393974110188995	11
0.027001506584546	0.272073752646832	68
-0.044940029389447	0.275851411960785	118
0.105585049477079	0.115107263657516	118
-0.111189479730918	0.39173381607817	118
-0.107042626710246	0.383359202331507	38
-0.0807417768971001	0.228548754592648	601
0.041506506655175	0.196577430722051	8
0.030879129014854	0.268020666303594	8
0.0377623355468	0.199688159930782	8
0.045615105961212	0.193470324607115	71
-0.083199536295848	0.22951558009204	170
-0.082632648054503	0.230550960741628	170
0.113433367963492	0.111280618271974	242
0.094201797757326	1.11836432434841	165
-0.119101433029117	1.05793497221722	165
-0.091552665184239	0.80497137391407	303
0.038687127847493	0.322024051866136	63
-0.113267017276046	0.989283036218318	303
0.092073194252997	0.297505150079315	130
-0.00646962872170898	0.395253510919224	474
0.092945037355556	0.296551833369419	474
0.090408590059143	0.296622637280043	474
0.035313119888887	0.266061741347273	474
-0.101220043662312	0.510806562110915	474
0.113419848953708	0.486823915522028	35
-0.064062745154806	1.11039889309286	35
-0.086756876679553	0.777886879272099	651
0.100599190578144	0.355799524340969	35
-0.077140983305836	0.441933978901454	35
-0.0912262946264491	0.836170743729015	195
0.094053112739379	0.650773183918438	35
0.053292575619858	0.75548942934227	35
-0.020400694774221	0.653687853704432	195
-0.042402557487346	0.905695064566752	195
0.031063843407295	0.740729470655366	1485
0.00808695492872202	0.633091433308201	1485
-0.049826007178829	0.294680286074608	1485
-0.056007969123363	0.29588179193304	1485
-0.12278240562652	0.692715265900905	1485
0.028059671539794	0.650392049700129	111
-0.023724781384322	0.619967947448827	983
0.119731946842277	0.394417708842962	127
0.121232651759381	0.175456115929538	273
-0.087245755730482	0.231819826248083	273
0.090709037329134	0.248597228907003	323
0.05460919159185	0.513550415788461	11
-0.0370888382435231	0.464426133977992	11
-0.078933382887377	0.226494530252324	11
0.098854742111017	0.385016614680995	11
-0.0132824450342181	0.47582141858159	11
0.039345055394317	0.198502149827281	11
0.114823742585628	0.11255724030873	288
0.100956902498587	0.245042214831723	11
-0.112363555218218	0.384870449958698	11
-0.028887443146303	0.356378099244732	68
0.02818855116116	0.270293117633729	68
-0.054968971652647	0.290198972478462	68
0.048339597124556	0.188160485835899	38
-0.082065968681697	0.230458165802187	601
0.028201931043715	0.264754630733743	38
0.022060971960535	0.269016752634241	38
0.11561420249907	0.11228656899571	38
0.106112415250477	0.116155148037716	6
0.111080992199109	0.11353931257781	71
0.112643758889374	0.113294442733233	170
0.109063618653346	0.11247761804126	2193
0.106112415250477	0.116155148037716	319
0.110293549194893	0.112333536245241	335
0.106112415250477	0.116155148037716	143
0.100833114259372	0.11311585747126	143
0.111080992199109	0.11353931257781	264
-0.104181477457007	1.15551849041911	165
-0.118111659174389	0.723172716924208	165
0.105300838749308	0.705357852299675	165
0.077219458254734	0.685147126205543	63
0.107756491876183	0.309721206095209	474
-0.110467990591241	0.818944721049014	474
0.066747043451699	0.772801560404396	35
0.020383066845849	0.880184912240127	651
0.023337059329984	0.688989409821996	35
0.073366383490357	0.50284743668502	195
0.037650429656195	0.861162739007518	35
0.022700295197636	0.835243665703175	195
0.033233715442863	0.71512277325484	1485
-0.034412347558521	0.363600525681166	1485
0.104760962404076	0.347509487934689	983
0.119152095201156	0.45942960227476	111
-0.031474673148802	0.346624477236213	11
-0.06809157788494	0.524388413718268	11
0.091720171373366	0.296382697226943	11
-0.107113816297809	0.645852257971136	914
-0.056623333299945	0.28951202032791	11
0.11239000863255	0.112944560089795	11
0.043180646496689	0.197311888785559	125
-0.079190817443659	0.225403106439413	125
-0.065147356799369	0.523235441945213	11
0.035313119888887	0.266061741347273	743
0.032495176319087	0.267649461228109	68
0.106895142792059	0.114065326676144	73
0.046199710818981	0.189972623110354	73
-0.0547448274637941	0.294858265108523	118
0.024721686235668	0.2685952937937	118
0.110813826690365	0.113772710115371	118
0.100712085251648	0.241793163421954	38
0.04229928774822	0.196677205606599	38
0.048081160825912	0.193891530582858	38
0.044531112100656	0.196091216271099	38
0.106112415250477	0.116155148037716	38
0.110813826690365	0.113772710115371	38
-0.083199536295848	0.22951558009204	8
-0.0858598839870131	0.230314192318227	8
0.11133387988801	0.113712652956432	6
-0.087812170675417	0.231240314047897	170
0.107423158596091	0.112849552995292	170
0.111602139321358	0.115032192174277	2193
-0.086113553611644	0.22793864773109	71
0.115347306613337	0.110954114209396	319
0.110813826690365	0.113772710115371	143
0.11133387988801	0.113712652956432	275
0.111080992199109	0.11353931257781	264
0.073333904302676	0.698457608998537	165
0.091706388655784	0.293140240472022	63
-0.107623983272238	0.6402013422947	63
0.111140608570624	0.787850164984817	63
0.106607884149394	0.344244134762091	130
0.099339309991674	0.437754555846387	474
-0.039116593031728	0.5350900433736	474
0.10235817421039	0.409612269438675	474
0.10182173904234	0.320131571424811	474
-0.031125992220214	0.350994852296943	474
0.065554270926757	0.949610595994206	130
0.070730046348585	0.852433886504281	130
-0.040037832293072	0.617546317660058	130
0.065919708588307	0.609519421659877	35
0.099169344976684	0.359892582186814	35
0.105030877743052	0.505574496344837	35
0.08833797544881	0.468026186997764	35
0.063507460067414	0.413330596316155	35
0.035877096135915	0.791214442083972	35
-0.037214386112835	1.01702987829427	35
-0.09248484780372	0.779912528280331	195
0.052040818904381	0.691293506364957	195
-0.049983147544551	0.867464283666287	1485
-0.079110938809982	0.932741336666314	1485
0.045737179049399	0.495369037656054	1485
-0.035424542806058	0.3606385963969	1485
0.105329228347668	0.114890015465784	111
-0.050986334391348	0.293279708813577	111
-0.0376510607706499	0.362897289783646	983
0.062501494368576	0.462307418140722	111
-0.110122677605092	0.878949692445877	111
0.101670758570811	0.243339830948682	111
0.120657512260887	0.174877385153841	111
-0.053717899617387	0.294636146973436	127
-0.024039522586193	0.346595621278584	127
0.035200531657765	0.26573096963296	127
0.037202501387057	0.198923467085063	273
0.00980644723634799	0.632454614627327	11
0.07802427364118	0.425870994790164	11
0.010558682484208	0.490793179046569	11
0.043535992831591	0.359650882282832	11
0.016943877083052	0.261220557082522	11
0.093467536193345	0.326254929617001	11
0.094519086754342	0.295968707133463	914
0.112911801013283	0.112883681223137	11
0.109063618653346	0.11247761804126	125
0.112123061494307	0.114973131154919	125
0.110813826690365	0.113772710115371	125
-0.00486108938771401	0.393237657793939	288
-0.000241422491403021	0.388109571535797	11
0.041187661124138	0.31879595527915	68
-0.040420439985663	0.364237209556611	38
0.11239000863255	0.112944560089795	8
-0.0858598839870131	0.230314192318227	8
0.109340394058329	0.112518694557235	6
-0.082065968681697	0.230458165802187	6
-0.087245755730482	0.231819826248083	1209
0.112643758889374	0.113294442733233	71
0.106366896593577	0.113071891971668	71
0.105585049477079	0.115107263657516	143
0.00349436595632102	0.778927948233873	63
-0.070045475241168	0.923288708420271	165
0.020613001492662	0.555251817994505	165
0.069439800109809	0.917822735077118	165
0.118233911808806	0.507361916126317	303
0.088154470922523	0.246152229469975	63
-0.019999220930523	0.628340498944374	63
-0.079736590180843	0.431132692025016	130
-0.015481910150823	0.401179515096627	130
0.027001506584546	0.272073752646832	474
-0.072636174398808	0.918751227586323	474
0.118416300356028	0.684153251367919	35
0.089297538848699	0.605442876172502	35
0.086826237325779	0.399007767172799	35
0.103567002679246	0.488480159591488	35
0.097364040044423	0.540557776661504	35
-0.0000485812991120049	0.629228901836405	35
-0.105222314042185	0.761642590763321	35
0.076712121933514	0.62860078616012	35
0.062734296877552	0.771302387580748	195
0.103529631346612	0.629206803405045	1485
0.107973750264264	0.603948351054296	1485
-0.00896366437448604	0.796712522181667	1485
0.039384961419408	0.769489387992564	1485
-0.055174986438387	0.59444241933864	1485
-0.0340774307870541	0.461304498876102	111
-0.012122126254579	0.831773730670493	983
0.1050864621282	0.561012135428172	983
0.100865389787102	0.551274574435396	983
-0.00362283534629704	0.784963458328142	983
0.097443001733452	0.247947487066389	111
0.042888041441389	0.197051038353189	127
0.105329228347668	0.114890015465784	127
0.116138640348068	0.11068858558371	323
0.056996097200877	0.394650901158356	11
0.093300918543069	0.291382863862305	11
-0.036174653061231	0.461634577516047	11
0.106797434076799	0.380999229001535	11
0.102016182092125	0.235386273371123	914
-0.120241729039891	0.390125048530265	11
-0.03258178519585	0.457828806774847	11
0.097369358300982	0.241875417102926	125
-0.052785325485634	0.293677663903112	288
-0.081308217797875	0.229779893299134	11
0.04696555829762	0.195697318723232	68
0.029875965454189	0.274655154287874	68
0.09554345263864	0.243466867144857	118
0.043415611281046	0.197922002730223	118
0.044766108565605	0.196127072599956	38
0.109340394058329	0.112518694557235	429
0.047220275256469	0.18929182650115	8
0.111602139321358	0.115032192174277	8
0.112911801013283	0.112883681223137	6
0.11133387988801	0.113712652956432	71
0.11133387988801	0.113712652956432	71
0.105855485888929	0.113658744219182	275
0.080757341636221	1.61348003131002	63
-0.0180706398556	1.61973258386516	63
-0.042393780023425	1.06191603806723	165
0.056934064083735	0.876897276880563	165
-0.026290776034442	1.05036076299765	303
0.057624556689633	0.348769523915729	303
-0.046102868227451	0.553131410183079	63
-0.036809797111882	0.356294903461639	63
0.069310623457658	0.37433837971437	63
0.015222432068762	1.14664585788188	303
0.086534786628551	0.901316843341643	63
0.042884512968541	0.497348234987273	130
0.050551189300375	0.534679356189544	130
-0.048666612908322	0.292620495523214	130
0.052237983820742	0.489125364152453	474
0.059144350996736	0.935958850751444	474
0.092331961189909	0.803869608115802	35
-0.0720969328072	0.870193576898347	35
0.028416533635077	0.824914479368701	35
0.047076722738592	0.557543388846184	651
-0.094432492906545	0.823507455010866	651
0.058705872870076	0.67148867475162	651
-0.041349523607738	0.827841231113899	35
-0.0539101313165	0.89988465793836	651
0.104238545492323	0.494469728123234	35
0.022091500253242	0.584082385015216	35
0.061187752839503	0.696477822173725	35
0.057003518652855	0.648973879728814	35
-0.00800836853300702	0.759048241017208	35
0.118096703361481	0.634025852892033	195
0.043197520049425	0.84474579348016	1485
0.033767656234283	0.887303305309913	1485
-0.110833630972163	0.980175317979245	1485
-0.049338662694818	0.86799480816153	1485
-0.030991498517371	0.716486475213071	1485
0.06156139204019	0.697988496964579	1485
0.120485693481143	0.545589418077455	983
-0.043400550526648	0.756628021026224	983
-0.062182875661286	0.60471139628095	111
0.123188267063651	0.172857319914181	273
0.043415611281046	0.197922002730223	323
0.03424259816929	0.197859954675779	323
0.039574173940661	0.366768967577956	11
0.036576918968021	0.323111352909897	11
0.089288314125916	0.365057640243326	11
0.053751144848237	0.391760132681049	11
-0.0367573461937401	0.533341719140713	11
0.03452978497908	0.312447433011344	11
-0.081540004843511	0.570275550955524	11
-0.0858598839870131	0.230314192318227	11
-0.063025042398106	0.290150424697651	125
-0.050735538708967	0.286800592621678	288
0.108810355957882	0.113734591791858	11
0.042665819709715	0.18911432917097	68
0.117805917055184	0.109073531788906	118
-0.0858598839870131	0.230314192318227	118
0.112123061494307	0.114973131154919	118
-0.087812170675417	0.231240314047897	38
-0.081308217797875	0.229779893299134	108
0.112123061494307	0.114973131154919	38
0.034803822823933	0.197160314385022	38
0.114823742585628	0.11255724030873	38
0.106112415250477	0.116155148037716	275
0.111602139321358	0.115032192174277	264
0.095230967546707	0.971674985921555	63
0.07711448059581	1.37986614634767	63
0.061002212998119	1.39754553601582	63
0.064959496100511	0.669854251605647	165
-0.124866344877381	0.566976848690251	63
-0.016871056093803	0.771734527158512	63
-0.014108646233968	0.656489418378425	130
0.099450142542379	0.287583302535087	130
0.100876028476022	0.415697838373093	130
0.042842327339566	0.589041207438466	474
0.110667553072492	0.683687258219986	130
-0.027221403033345	0.857057194016639	35
-0.00984113067393799	0.684857539288271	35
-0.025385404421854	0.835318819171578	651
0.103836855998855	0.488524272029311	35
-0.012341809745499	0.748013255132143	35
0.073126549546714	0.529541234898848	35
-0.085882546692805	0.578287255599106	35
0.062159263960689	0.567690845975631	195
0.00211108282146699	0.94623576995689	35
-0.068690497246542	1.04058529119593	35
-0.047851829495197	0.544293667612524	35
0.032470853616058	0.817805648731557	1485
0.030474354417692	0.710283803378927	1485
0.082113422081151	0.513686873291325	1485
-0.054637207581184	0.993828012253742	1485
-0.0343132158510699	0.362344639487148	111
0.062354922355574	0.422940706778627	111
-0.103790548245111	0.753928019675439	111
0.051219911781607	0.355967519326997	111
0.031249620845856	0.328955375299314	11
0.030118161700139	0.273594003056729	125
0.105855485888929	0.113658744219182	87
-0.026395138834333	0.350913447750979	288
0.024956177777261	0.273042876154211	131
0.091157360468656	0.297719400284875	131
-0.123046924242668	0.395237495708058	11
-0.0850408615045179	0.226180232293452	118
0.041255262938614	0.193874298667907	118
-0.082065968681697	0.230458165802187	38
-0.082632648054503	0.230550960741628	1416
-0.115619745812465	0.389812952147086	8
0.039576273058897	0.194336937586957	6
0.110813826690365	0.113772710115371	1099
-0.0858598839870131	0.230314192318227	71
0.110293549194893	0.112333536245241	385
0.106895142792059	0.114065326676144	741
0.111602139321358	0.115032192174277	2517
0.108280085847995	0.112742150793283	264
0.081534991388118	0.861958497799777	63
0.069267773089883	0.442368173753534	165
0.11133387988801	0.113712652956432	303
0.111602139321358	0.115032192174277	303
0.046731094929389	0.193181339283969	63
-0.087910490807354	0.225984319387442	63
-0.082597240655835	0.225111702703228	63
-0.00584347223243698	0.744147762547277	63
0.04262280560762	0.197815059386246	130
0.117724348616735	0.172211268601235	130
0.111867990649127	0.111527541388821	474
-0.1185522128278	0.398297593487797	474
0.033483752729705	0.365408753156414	474
0.015627664541272	0.424700878791692	474
-0.10717106904462	0.871071732982214	474
-0.113971115292426	0.552156170421415	130
0.099322837280818	0.243391443264069	130
0.00665880519474399	0.638994046627237	35
0.083601368152826	0.539074304112125	35
0.030280671587935	0.268225677691262	35
0.03347218226068	0.321587342295363	35
0.050358992474549	0.445126286632769	35
0.104777608496412	0.410328490075489	35
0.084655746476412	0.480617019134234	35
0.000185185519249009	0.455930504137046	195
-0.02808265016482	0.573092755737079	1485
-0.06016585364076	0.518192093486656	1485
-0.07811163404385	0.223462446706424	111
-0.053609315333333	0.297637628319894	111
-0.057171369712911	0.299433731617199	111
-0.108733381186147	0.386910009892081	983
-0.087343069345711	0.225851894624021	982
0.112123061494307	0.114973131154919	982
0.087721571317109	0.247713096446551	11
0.111602139321358	0.115032192174277	11
0.110813826690365	0.113772710115371	11
0.111853708958516	0.112088272718431	125
0.106366896593577	0.113071891971668	288
0.111602139321358	0.115032192174277	288
0.105329228347668	0.114890015465784	11
-0.083958762287729	0.226470686444405	11
0.110813826690365	0.113772710115371	11
0.106366896593577	0.113071891971668	73
0.114823742585628	0.11255724030873	73
0.106112415250477	0.116155148037716	108
0.111867990649127	0.111527541388821	6
0.105585049477079	0.115107263657516	1371
0.093181009066933	0.284470953855553	165
-0.104575263399796	0.646787176275324	165
-0.014997677457496	0.60839942584176	165
-0.094532504350709	0.628106870903091	165
-0.0523350577596809	0.292399398043092	303
0.047991586811244	0.192002900601999	303
0.121576794518621	0.174864355654995	63
0.035002226232078	0.530006319717312	63
0.114299951550314	0.112618511833295	474
0.037756989446412	0.258643120768973	474
-0.073654647397756	0.21834344829514	474
-0.042477835771055	0.462796685106363	474
0.012151498147062	0.532069315834381	474
0.057069391622067	0.346056475400092	474
0.078496890594426	0.296608043980623	35
0.028334728698228	0.269633880676077	651
-0.035774120796651	0.36176359734923	195
-0.118186248884592	0.392606790317904	195
-0.036386624394792	0.361506735160294	35
-0.024042594679983	0.482334947345974	35
-0.00859437036795996	0.401590011726759	35
0.02623624302878	0.328325233691165	195
0.042653892927621	0.365839330046943	195
-0.00774499709761201	0.473496704661236	189
-0.035264240009222	0.459977001356174	111
0.036862674553313	0.32242557982575	111
0.112123061494307	0.114973131154919	111
0.11133387988801	0.113712652956432	111
-0.028948073214383	0.358429804436951	983
0.032290824792315	0.31927122800417	983
0.094885108402684	0.246639041544485	983
0.115089536983158	0.112348134554799	111
-0.05313887823512	0.294889000693205	323
-0.082283654715912	0.227931457197007	323
-0.063720048157034	0.295665211247365	11
0.043415611281046	0.197922002730223	27
0.043415611281046	0.197922002730223	11
0.114564643625589	0.110937634837806	11
0.118333470475861	0.109009221620307	11
0.105585049477079	0.115107263657516	11
-0.07780377687633	0.227409118788387	11
0.118333470475861	0.109009221620307	77
0.105329228347668	0.114890015465784	38
0.112643758889374	0.113294442733233	71
-0.05806539715444	0.662233459244364	63
0.069788751969957	0.439512018341877	165
-0.047659974136826	0.471972521943976	165
-0.00335911768188502	0.397367599838377	165
0.033456875100611	0.436413281802373	165
0.112123061494307	0.114973131154919	303
0.105585049477079	0.115107263657516	303
-0.083391844186964	0.227459881106157	130
-0.092299201177554	0.228975950608636	474
-0.0523350577596809	0.292399398043092	474
0.048549721363538	0.192197906276806	474
0.118333470475861	0.109009221620307	474
-0.104264173269844	0.514148794665793	35
0.030118161700139	0.273594003056729	35
0.043216435166805	0.19638023438628	35
-0.079755773491192	0.224427191828899	35
-0.043189511443238	0.273752370902063	35
-0.086113553611644	0.22793864773109	35
0.034357451956513	0.330651292958194	35
0.044766108565605	0.196127072599956	35
-0.118210219786643	0.38721941423843	35
-0.063135106253252	0.297306625474342	195
-0.119907468619551	0.397605839476434	195
0.109472577321832	0.230984340720109	189
0.122150958806329	0.172444026239335	111
0.039215140440248	0.317477851173885	983
-0.087812170675417	0.231240314047897	111
-0.081308217797875	0.229779893299134	127
0.107423158596091	0.112849552995292	11
-0.0866795500923629	0.231015106598707	11
0.110813826690365	0.113772710115371	11
0.111080992199109	0.11353931257781	988
0.00484184569634599	0.677543263540829	63
-0.032274858713171	0.455262109596276	165
0.0362108173654	0.42429011127679	165
0.051090850744341	0.182163871891008	165
-0.078626069644499	0.225308110829672	63
0.052474621502312	0.354849935789754	165
0.11561420249907	0.11228656899571	303
-0.0573948700953	0.299104696030174	63
0.110813826690365	0.113772710115371	130
-0.076754723123027	0.440235914788961	63
-0.050049251506595	0.293848540566918	474
0.050514893438895	0.188260543114486	35
-0.055248276616239	0.299230658919866	35
0.042857552425884	0.197703856707579	35
0.029633602926103	0.273331708585605	35
0.026858184734343	0.27237577031264	35
0.111080992199109	0.11353931257781	983
0.11133387988801	0.113712652956432	983
-0.090347588014467	0.225628768631633	111
0.112123061494307	0.114973131154919	983
-0.082632648054503	0.230550960741628	983
0.111602139321358	0.115032192174277	111
0.111080992199109	0.11353931257781	273
0.114299951550314	0.112618511833295	11
0.111867990649127	0.111527541388821	11
0.037530322268716	0.19704535933923	63
0.108810355957882	0.113734591791858	165
0.10352982461802	0.112526825733564	130
0.106112415250477	0.116155148037716	474
-0.0835197311724341	0.218087747832431	35
0.112911801013283	0.112883681223137	35
0.051637494975875	1.3861680446847	63
0.012421331639975	0.428703755776554	63
-0.038640421058639	0.683531718210009	63
-0.0619421489872341	0.696502445623035	165
-0.101092294090821	0.627824718800458	63
-0.107042626710246	0.383359202331507	63
-0.033674643099268	0.356935541205329	63
-0.036741054583635	0.537542941651065	63
0.033788823723536	0.364738642763533	130
-0.059811686024932	0.280948724385147	474
0.030715570687718	0.444921464970586	130
0.095443084134076	0.289550356674093	130
-0.037802965647997	0.46541410402592	130
0.029728799165984	0.446167355017753	474
0.096680028558822	0.330116568685883	474
-0.010939221275293	0.481749234793851	35
-0.099039427201383	0.508464911102244	651
0.05695975194091	0.387480239312171	35
0.043180646496689	0.197311888785559	195
-0.019964271893301	0.483340305627039	195
-0.013229659436388	0.482812330186706	195
0.011327073119428	0.42909549138845	195
0.103322275313877	0.347962091433017	35
0.030720373355123	0.273797498740466	35
-0.034882439521254	0.447264251941311	111
-0.02320080093351	0.494643014213284	111
-0.070393661708554	0.430712493593137	111
0.09558519410631	0.331852944681691	111
0.055093818176405	0.417799993398366	111
-0.077140983305836	0.441933978901454	983
-0.092548695978823	0.225931975244107	111
0.046173203286956	0.193669757189827	111
0.115089536983158	0.112348134554799	323
0.037218110363642	0.195360817563378	11
0.11133387988801	0.113712652956432	11
0.110813826690365	0.113772710115371	125
-0.081118508158911	0.225738968647028	36
-0.082825135000569	0.227365013828746	36
0.112911801013283	0.112883681223137	36
0.105585049477079	0.115107263657516	119
0.112123061494307	0.114973131154919	73
0.106112415250477	0.116155148037716	73
0.105585049477079	0.115107263657516	8
0.052318290544789	0.605523059005578	63
-0.00472342695172501	0.805348602921618	63
0.090045584441542	0.450469299213857	63
0.003953740893827	1.09548836061287	63
-0.048406702096625	0.544108697040378	130
0.070736375604542	0.677196794348189	474
0.056698061457088	0.84675793441588	35
0.094300352362108	0.778960567092586	35
0.117758242683713	0.620255501043047	35
0.082974299823261	0.660929693408859	35
-0.016851126605485	0.899162515207851	35
0.097657311777744	0.383107023459821	195
0.071267130042432	0.566618312314363	195
-0.0337271344787991	0.646824018963034	35
-0.077709137996137	1.11099745796483	195
-0.048480687673903	0.866051711070774	983
0.038086165932687	0.323328363809417	983
-0.038310720938409	0.451178016170687	111
0.035062353690782	0.600950476682676	983
-0.015288092969422	0.811631104699832	983
0.00163130975899001	0.756219760738832	983
-0.100099623573242	0.746692748901949	111
-0.122798666849623	0.395597125220683	127
-0.05636575580207	0.296887514834489	11
0.032785145252547	0.476296692675016	11
0.058768117237614	0.39143648474761	204
0.028510519937087	0.326780327302936	204
-0.034195584465333	0.359092921412333	11
-0.122603529716286	0.576949541269751	11
0.099230752142303	0.282782168727195	125
0.0000684115704089883	0.387369716979916	125
0.100335234393734	0.322365038317563	125
-0.103293031630062	0.498560978541919	125
-0.116860836803681	0.395983892015385	369
0.04182982777769	0.19534589057136	288
-0.086173284288692	0.22640914189201	288
-0.112502506784492	0.395451731703845	36
0.030076823901268	0.265831051151365	36
-0.079190817443659	0.225403106439413	988
-0.087245755730482	0.231819826248083	73
-0.115644266813289	0.391950499893397	73
0.105855485888929	0.113658744219182	73
0.047991586811244	0.192002900601999	108
0.11561420249907	0.11228656899571	429
-0.081874867372603	0.229873084039577	8
0.112911801013283	0.112883681223137	1099
0.112123061494307	0.114973131154919	51
0.109340394058329	0.112518694557235	57
0.114299951550314	0.112618511833295	647
0.110813826690365	0.113772710115371	17
0.074244149979032	1.32205852311241	165
-0.039572489549406	0.992745323050224	63
0.077377995268146	0.719957538740332	63
-0.089866012339767	0.884463118301154	63
0.071692542072046	0.519253101095548	63
0.00235500755551499	0.597358877946859	63
0.12066429177953	0.680165352049252	63
0.080112829075811	0.7749077029837	63
0.102243811991918	0.388257750703349	130
0.020452133098556	0.502430541391965	130
-0.085644670274637	0.574549269914904	130
0.120863983395324	0.630989089463271	130
0.054789275834561	0.771266849957446	130
0.05001253534087	0.697428194388048	130
0.086601283270493	0.532344065989729	35
0.11496928239299	0.568882927650743	35
-0.053566527371184	0.789393330501131	651
0.070602869938544	0.561818694908823	35
0.113146416814762	0.52728982890501	35
0.102520602987221	0.521872960915077	195
0.078511260575817	0.460936371142477	195
-0.049150594113924	0.793094930876958	195
-0.021367515535394	0.79730677141679	35
-0.066549598316876	0.606637567149067	35
0.124828280478799	0.441641575571206	983
-0.010528433935541	0.388525056447072	111
-0.030177551087444	0.791135186939128	983
-0.082632648054503	0.230550960741628	127
-0.12122014259767	0.396657064016754	11
-0.110658350821872	0.38850673377197	11
-0.074761484653963	0.434129326474135	11
0.105329228347668	0.114890015465784	369
-0.113348796401657	0.376517997418774	73
0.023500271045429	0.268945612275913	73
0.11133387988801	0.113712652956432	119
-0.081874867372603	0.229873084039577	73
-0.055248276616239	0.299230658919866	73
-0.0539421347815	0.295728569671535	73
0.04265695270042	0.197444510551641	108
0.106112415250477	0.116155148037716	429
0.11133387988801	0.113712652956432	429
0.114823742585628	0.11255724030873	429
0.11133387988801	0.113712652956432	8
0.114299951550314	0.112618511833295	6
0.105329228347668	0.114890015465784	6
0.115089536983158	0.112348134554799	6
0.107423158596091	0.112849552995292	1017
0.112911801013283	0.112883681223137	1099
0.110293549194893	0.112333536245241	51
0.112123061494307	0.114973131154919	51
0.114299951550314	0.112618511833295	57
0.112123061494307	0.114973131154919	816
0.078421929865795	0.746098395467685	165
0.038289642979968	0.657398510220216	63
0.017067253678861	0.795800982120597	130
-0.033607644528432	0.485599481371127	130
0.044872010962791	0.533478120911373	130
0.078414411656185	0.561633786950391	130
0.049780419712615	0.734262569451548	130
0.103300763138757	0.352179654769592	130
0.016181133721651	0.624513011966722	35
0.09654680520652	0.568445013406132	35
-0.017613218869538	0.72876287682749	35
0.089616641853143	0.504655017544031	35
-0.081450104739612	0.999880753062593	35
-0.03108377153549	0.840606671158984	195
0.044307143327715	0.578742274516875	195
-0.049784970149231	0.801009696795212	983
0.091049384122461	0.298537614418403	111
-0.007376828162037	0.401987548817441	11
0.070689766406531	0.412039792300869	204
-0.035774120796651	0.36176359734923	11
-0.0740707378426611	0.443934077315114	125
0.042097263430197	0.197596168935613	288
-0.077546775909522	0.224430578335701	288
-0.058144566293838	0.294618387709278	288
0.039345055394317	0.198502149827281	73
-0.030630070334689	0.355157732485595	36
-0.0506287962442969	0.294429831397353	119
0.11133387988801	0.113712652956432	73
-0.087245755730482	0.231819826248083	73
-0.081308217797875	0.229779893299134	73
0.052098062866264	0.187423328594273	1193
-0.0539421347815	0.295728569671535	1193
0.110813826690365	0.113772710115371	108
-0.077239286016319	0.226197788327762	725
0.114823742585628	0.11255724030873	8
0.042097263430197	0.197596168935613	547
0.037218110363642	0.195360817563378	6
-0.0807417768971001	0.228548754592648	6
0.109594773539516	0.113465995883652	1017
0.112911801013283	0.112883681223137	1017
0.111602139321358	0.115032192174277	2037
0.11239000863255	0.112944560089795	816
0.111853708958516	0.112088272718431	816
0.056582251093095	0.589513867525274	63
0.106127414276845	0.716959520313312	165
0.037372292163218	0.325322503447255	63
-0.097275525293035	0.627463797051852	130
0.105130360119177	0.484014436681957	63
0.092326343227876	0.608667707317294	63
0.041562335805667	0.695486117348934	130
0.065486499632921	0.612797589305468	130
0.080903857691525	0.393677556220261	130
-0.099355793561726	0.499143776640849	474
-0.051635802926483	0.731741026906745	130
0.106608343148873	0.540905983459549	546
0.031587532949114	0.628012859662208	35
-0.115987598474039	1.06623474124477	35
-0.010174331799527	0.752459170852524	35
-0.124134262112828	0.851845028804885	35
0.070991475668111	0.438084162687574	35
0.091375698674086	0.554328019309227	195
-0.11297425037694	1.03092605232044	195
0.109521274072703	0.399825081765191	983
-0.036280288384159	0.45720149253066	983
-0.00061781226769797	0.612588067742182	983
0.11557945375387	0.484975946455068	983
-0.101682776762896	0.742529754524196	983
-0.073956133899666	0.634017586487875	983
0.00594149470057798	0.538002773218404	111
-0.112726316411332	0.387227603146074	127
-0.107042626710246	0.383359202331507	111
0.045615105961212	0.193470324607115	11
0.044208243085981	0.196626825000587	11
-0.071735855410231	0.631084944505533	11
-0.039514494520425	0.450835373872658	204
-0.0555595769578771	0.291339407338502	11
0.100449231512124	0.280590458860428	11
0.00158054334271102	0.387373321826963	11
0.105902564771678	0.230235564325991	27
-0.022612838548536	0.339249320330744	11
0.095803167501043	0.242844455772736	125
-0.031176252669005	0.36224209495426	125
-0.0693942691795431	0.438174352382618	125
0.085783283118447	0.248076207050829	406
0.11239000863255	0.112944560089795	288
0.047523462332102	0.195197901983396	73
0.112911801013283	0.112883681223137	73
0.11133387988801	0.113712652956432	73
0.123718560190066	0.176774779016048	73
-0.083391844186964	0.227459881106157	1193
0.11239000863255	0.112944560089795	725
-0.081874867372603	0.229873084039577	725
0.115089536983158	0.112348134554799	214
-0.051788584968999	0.293038239364604	429
0.110293549194893	0.112333536245241	93
-0.083391844186964	0.227459881106157	51
0.11239000863255	0.112944560089795	61
0.100981595825851	0.513787042394107	130
0.016694748503844	0.702860981979701	130
0.032352411607962	0.632794320118011	130
-0.050200891347407	0.834384814748732	130
0.038675032288112	0.804900568512021	130
0.072704066538639	0.720065029260078	546
-0.06306009954674	0.705827457876912	130
0.09600188855013	0.55201857834044	35
0.024733886487581	0.728364553035223	35
-0.065286277938442	0.846234097307202	35
0.075964538641801	0.461593436163838	35
0.078016485150667	0.594455664157238	35
0.123813203969871	0.569152040022107	195
0.094556880068189	0.701023711429139	195
-0.0838986795225351	0.72783211284194	195
-0.00384206578933299	0.608259686297333	195
-0.038988485917863	0.615514995198663	111
-0.025349335225797	0.701462179008742	983
-0.097512997219243	0.923244063633571	983
-0.058365287802473	0.580062071812795	983
-0.02119223588932	0.564479320339676	983
0.064564541774741	0.384671901591563	983
-0.107933609693667	0.536170037926429	111
0.04426466002676	0.45304800433688	11
0.026527401953793	0.324879622026421	11
-0.051667677321979	0.290262951674247	11
-0.118008489938141	0.562202109942681	11
-0.034192920970351	0.451793170320626	11
-0.03266396370914	0.364927520684338	11
0.093740143460986	0.312070097085142	11
0.05308940884724	0.357629037668624	11
0.030318172098623	0.267046236709528	125
-0.00643425649663598	0.388448440533439	125
-0.104592906616003	0.513071964576082	125
-0.060051957203049	0.541333674683499	125
-0.020852685058211	0.482307571626583	73
-0.082597240655835	0.225111702703228	36
0.043973464457907	0.197417117370018	73
0.106112415250477	0.116155148037716	73
-0.081308217797875	0.229779893299134	73
-0.00363686418781395	0.390373021905871	119
-0.082252374222568	0.221854818727625	1088
-0.061329261310495	0.292594272806705	73
0.039672857206365	0.198570892006803	73
-0.082065968681697	0.230458165802187	358
0.045088554353311	0.193129873651916	358
-0.086933810661484	0.225009301613626	214
-0.09198117926927	0.223470908772696	214
0.048081160825912	0.193891530582858	8
0.106112415250477	0.116155148037716	8
-0.087499856473756	0.227973061801536	6
0.12486080357826	0.176396462973594	6
0.120548720293275	0.172016264438014	6
0.11561420249907	0.11228656899571	57
0.112123061494307	0.114973131154919	57
0.110125695741463	0.112253782102168	580
0.106895142792059	0.114065326676144	647
0.11133387988801	0.113712652956432	647
-0.082065968681697	0.230458165802187	455
0.111602139321358	0.115032192174277	61
0.115347306613337	0.110954114209396	17
-0.011365627599862	0.840326860665635	63
0.074918109287043	0.674046712623841	63
0.025808099215761	0.718773915599506	130
0.015815109157645	0.763112019909812	130
0.0377795923076	0.19572822622111	63
0.072508594266792	0.47044152362754	130
0.023203962216929	0.754555799201079	130
0.019983240721649	0.613471564418487	130
0.00346947562397698	0.674631705587742	546
0.020596444287331	0.72862373714648	546
0.049480450032924	0.61165211735644	35
-0.094541518355234	0.909563142888306	35
0.081007058112215	0.493249877348	35
0.083935138712155	0.48719004064701	35
0.032272096339095	0.657974686634753	195
0.094640951699861	0.505852475445222	195
-0.084316923626568	0.798965806936056	983
0.010419615866164	0.424373623910859	983
-0.00829420423246496	0.401206074521492	111
-0.101838389692785	0.492670763681837	11
-0.0478627292571679	0.290831489467213	11
-0.101220043662312	0.510806562110915	11
-0.016529533398172	0.478222427490889	11
-0.00795608612738996	0.390395658114686	11
0.099736532784605	0.322405973446251	11
-0.100553815855236	0.509374319822844	11
0.091587908076902	0.247213026512201	11
-0.0959497396147509	0.497157817215241	125
-0.015426184485914	0.401034527913992	125
-0.043651599745191	0.355039312525939	406
-0.060166067601291	0.295309720660523	406
0.093489629509853	0.248171766842585	288
-0.0842349550200731	0.22607389427452	73
0.110813826690365	0.113772710115371	73
-0.087245755730482	0.231819826248083	108
0.036410884853493	0.196466634769974	358
0.042064759041843	0.197598618138934	358
-0.078626069644499	0.225308110829672	108
-0.078933382887377	0.226494530252324	6
0.115347306613337	0.110954114209396	6
0.116138640348068	0.11068858558371	1017
0.112123061494307	0.114973131154919	6
0.106112415250477	0.116155148037716	61
0.114299951550314	0.112618511833295	17
0.060444473259708	1.00921154698188	63
0.068199520594084	0.424232986615699	63
-0.093649319303384	0.591579743558084	63
0.001542077540649	0.826373195063055	63
0.114979957803905	0.50923683060909	546
0.072308073365479	0.605136203621825	35
0.0000421361518689878	0.821487695387583	35
0.117866789607528	0.538579025808727	35
-0.112509789117592	0.913952868877957	35
0.033950597519658	0.564130925493062	195
0.115380586065359	0.543160734430197	195
0.050925282485251	0.605679261614647	195
0.026826882670617	0.665297723284958	111
0.094694334291481	0.421806625446122	983
-0.094626285579108	0.708015202325025	983
-0.00766469845292706	0.471371363719578	983
-0.111551700421216	0.543964753768829	983
-0.011694054183419	0.398552781180569	11
-0.082258634579743	0.226170400043011	11
-0.118791603208191	0.395094204780664	11
-0.096132937922807	0.585765885022171	11
-0.017060734417397	0.486419539216424	11
0.092967621926516	0.245893389676005	11
-0.040367378512827	0.464799033396171	11
0.046009649946263	0.367508456903931	27
-0.10475609660612	0.367741887812057	73
0.040695806494544	0.194898991065921	73
0.124752002530156	0.175690384362677	36
0.030879129014854	0.268020666303594	36
-0.060321017554593	0.293681211757046	36
-0.082065968681697	0.230458165802187	73
-0.082632648054503	0.230550960741628	73
0.032347391163768	0.314646785674865	73
0.029515704480485	0.272523306317123	73
0.11133387988801	0.113712652956432	537
0.044208243085981	0.196626825000587	358
0.111080992199109	0.11353931257781	358
0.113433367963492	0.111280618271974	725
0.111080992199109	0.11353931257781	108
0.105329228347668	0.114890015465784	214
0.043650171926482	0.196414488891955	842
0.110813826690365	0.113772710115371	6
0.041542940527813	0.189438378076716	6
0.101367665604058	0.112957040771048	6
0.105855485888929	0.113658744219182	6
0.11133387988801	0.113712652956432	6
0.11133387988801	0.113712652956432	51
0.105855485888929	0.113658744219182	57
0.114299951550314	0.112618511833295	17
0.111080992199109	0.11353931257781	408
0.00875550294591299	0.855404364106007	63
0.00102880494357799	0.663306104095926	63
-0.053868405561352	0.286078078404289	63
0.071904721738901	0.444487490237371	130
-0.020008026993801	0.994329084710418	63
0.064839506335365	0.646576170762358	63
0.060866240872687	0.578568502994314	130
-0.068065544377638	0.410474734198227	130
0.100786571480184	0.355472559605242	130
0.024943870365909	0.436486289515188	130
0.056370452076369	0.514048584738888	130
0.050578178791133	0.384758388224433	546
0.09282501520399	0.636002396291432	130
0.00151815492012403	0.840267690231201	35
0.093958123253771	0.446104169819518	35
0.017328771621134	0.733911669918462	35
0.093244777728342	0.392425205819795	35
-0.113930934046738	0.645640388588967	195
0.062100130626578	0.594694751257737	111
0.103645638074076	0.521212850006415	983
-0.00803761404363601	0.768244586898675	983
-0.0564496511743931	0.571735720816298	947
-0.025619639260859	0.588090487348381	111
-0.082825135000569	0.227365013828746	11
0.032762568104128	0.327328359136968	11
0.03702843172746	0.252058122889011	11
-0.074682094009022	0.44256124834989	11
-0.083102739519798	0.225844845103275	406
-0.088066111496496	0.228752102721505	406
0.095261513934437	0.290667470913281	36
0.043216435166805	0.19638023438628	73
-0.081118508158911	0.225738968647028	18
-0.119526134104468	0.395089677717945	515
0.112123061494307	0.114973131154919	537
0.04423834296775	0.193928938435417	108
0.11133387988801	0.113712652956432	358
0.039904706615939	0.198350876514301	358
0.106112415250477	0.116155148037716	725
-0.087245755730482	0.231819826248083	725
0.112123061494307	0.114973131154919	214
0.043180646496689	0.197311888785559	8
0.110293549194893	0.112333536245241	6
0.106639551297304	0.11488364968898	1673
0.112643758889374	0.113294442733233	61
0.113775933333423	0.111202432084785	408
0.093443497631851	0.687167527094179	63
0.0493438337498	0.446370734394796	63
-0.011771818980314	0.401928458584116	130
0.096649711946599	0.354275585231616	130
0.118065438935607	0.356520212350795	130
-0.077613347357024	0.446277276865965	546
-0.00582727274887995	0.387111828771176	546
-0.074159777615972	0.430883860403571	546
0.06904491912826	0.507362057687547	546
0.105393682803164	0.436747944776053	35
0.119692458290603	0.524340404863211	35
0.09048277562881	0.295027707849189	1484
0.03377990657374	0.476559303897575	195
0.051915933233982	0.638059320131095	1484
0.030958703496187	0.785759111022703	1484
-0.096711998834924	1.00093576214601	195
0.103104530375911	0.520567968570567	195
-0.091091857533837	1.01425194612161	983
0.074070939503308	0.590758488287429	983
0.060727883068661	0.736513122154977	983
-0.064698570520055	0.599835320383744	983
0.100779084460972	0.387302997682704	983
0.00313671060860499	0.745868584317631	983
0.0783647582824	0.354692406804243	983
-0.100218739630393	0.494306277629052	111
0.119623482440086	0.175702099840956	111
-0.042627157539039	0.461724777342641	11
0.033008331670347	0.439772715877506	11
-0.0173243610869051	0.402905951797151	11
0.038321962764617	0.199537160848968	125
0.037218110363642	0.195360817563378	406
0.112123061494307	0.114973131154919	406
0.112123061494307	0.114973131154919	406
0.036983466020939	0.261827302819817	36
-0.119297573091009	0.399416913861868	36
0.042064759041843	0.197598618138934	73
0.046407448578281	0.195486113699481	18
0.031436868801747	0.264458904351971	73
-0.054166574829117	0.294281587841487	73
0.112643758889374	0.113294442733233	108
-0.07836847578401	0.227502697104956	108
-0.08560696829641	0.226950352918593	8
0.043415611281046	0.197922002730223	8
-0.0850408615045179	0.226180232293452	8
0.063257252874264	0.923952792343426	63
-0.010136846360538	0.890988694041817	63
0.074855888247572	0.582565240020531	63
0.049833157109863	0.61693254799438	682
0.007792097922518	1.0336468500889	682
0.101551297351405	0.314711656699748	130
-0.033223445713422	0.349029482185301	546
-0.113056076748282	0.886970754368434	546
0.011350542534453	1.06482082169457	130
-0.054436520061893	0.789763560448852	130
0.005136073993046	0.845651712071555	35
-0.023376996310183	0.567207044663669	35
-0.042947504337865	0.601845564243887	35
-0.011604381653567	0.800390546759818	35
0.05945246963283	0.593084939223975	651
-0.000876640597907041	0.794573339737707	35
0.014585822944433	0.703312274041448	35
0.099649788775112	0.548364148900441	35
0.00645463307079602	0.498993788218419	1484
0.032951565447752	0.439537189736508	1484
-0.00811838471302895	0.705746591387044	195
-0.0642573740004631	0.877115445421097	195
-0.090174251533773	1.0715539723542	195
0.095182116370105	0.492962988765772	983
0.055953217492678	0.605065276318299	983
0.084756171623148	0.299134653886659	111
0.064578723627264	0.415842294014621	983
0.071237419526778	0.533718958954802	983
-0.074451687312148	0.428191328036578	983
0.047757731573655	0.195150846424252	111
-0.010697584039279	0.475466086322894	11
-0.09557703076733	0.621529627005373	11
0.097415729480318	0.330509642431575	11
0.032012438038933	0.261032458388193	125
0.093934088850498	0.250312313131898	125
0.047757731573655	0.195150846424252	369
0.045849133029881	0.194480173939665	406
-0.081717909987459	0.224923109624601	406
-0.083199536295848	0.22951558009204	36
-0.081874867372603	0.229873084039577	73
0.120657512260887	0.174877385153841	18
0.112643758889374	0.113294442733233	18
-0.04879934456635	0.28764951681476	515
0.04262280560762	0.197815059386246	108
0.104802741745863	0.113880586116634	6
0.106639551297304	0.11488364968898	6
0.112123061494307	0.114973131154919	1240
-0.024323963077952	0.760369723420315	63
0.028446823105088	0.269269615766562	130
0.098527600435931	0.357462121307713	130
0.016210463552278	0.554212131451187	130
0.002370355374126	1.13105640951941	63
-0.048734432372723	1.23780540160438	63
-0.071006304856586	0.438822346721488	130
-0.092755140221646	0.710374616917999	546
-0.087289316633847	0.795014158357632	546
-0.101174405590299	0.506539567988183	546
-0.057073575540214	0.993026163376898	546
0.00504732000209601	0.978030051510359	546
-0.004833106269309	0.935712881692399	546
-0.067773652854816	1.39026322442083	130
-0.0660058312813851	0.714592643250158	35
-0.096895381629871	0.999616147449221	35
0.112647234161475	0.540623669902693	35
0.060745329627112	0.54113732053107	651
0.075797106714305	0.743659247933165	35
-0.00303233634015798	0.50826626960939	1484
0.108404317462001	0.547266241937704	1484
0.107942905408556	0.473921160066093	1484
-0.044660997791045	0.697128071235388	1484
0.072492502993227	0.72091667623856	1484
0.111177648153578	0.56468338048022	1484
-0.017426837387216	1.01708531858516	195
0.120258729523782	0.462591563747175	195
0.043060726000264	0.679538396125595	195
-0.075708752722239	0.800505880768653	983
0.023727850038967	0.773423868155012	983
0.118088706694285	0.54291509998493	983
0.051306573924963	0.189538202846031	983
0.08883995649577	0.558815578705744	983
0.105070914014688	0.344178536596723	111
0.019819068128977	0.573428938686982	983
0.081007058112215	0.493249877348	983
0.09332878310329	0.413411034250391	983
-0.109576756302783	0.390290262974103	11
0.109340394058329	0.112518694557235	11
0.110293549194893	0.112333536245241	11
0.034544566983886	0.267339320433025	11
-0.093513507528702	0.709515743137268	11
0.103763144257036	0.437292557111889	11
-0.089851981506086	0.706487961393748	11
-0.00457660860620401	0.396988159520214	11
0.00774509627625503	0.427431856369719	27
0.041768017680643	0.193909666034505	125
-0.058966228115848	0.296401349297715	369
-0.087558980580938	0.227787180335746	406
-0.115255454752523	0.387655758978213	36
0.088401344231252	0.249642443048945	36
0.038553785579531	0.19980113560382	36
-0.0539421347815	0.295728569671535	18
-0.116223550883303	0.38852453369386	73
0.031565248508305	0.271419943464304	108
0.110813826690365	0.113772710115371	358
-0.07780377687633	0.227409118788387	181
-0.029905843395571	0.348169107368503	108
0.110813826690365	0.113772710115371	214
0.111602139321358	0.115032192174277	8
-0.081308217797875	0.229779893299134	6
0.112643758889374	0.113294442733233	51
-0.043210991312551	0.761565862663383	63
-0.086775857827708	0.223355501907715	130
0.098670403771072	0.440443040025281	130
0.013587759933181	0.625917168721859	682
0.068605554619021	0.584027314671193	130
0.102641293968906	0.276489685779144	130
-0.066952137514552	0.428864274007483	546
-0.08168130267313	1.01706068895292	546
0.044573045053587	0.621722102682273	546
-0.00568672603803699	0.981410668805598	130
-0.124445526009478	0.755488720299723	35
0.00939817507848201	0.718937747227082	35
0.070729929567457	0.504008764078767	35
0.077373161627669	0.548000652111778	35
0.112457703058865	0.35836857378286	35
0.072306696294128	0.660841215339092	35
0.099312893052166	0.549089092881018	35
0.022311279603361	0.514294801064447	651
-0.118868865401634	0.567194449257575	1484
0.044815011820862	0.45284268697188	1484
0.109776811982321	0.404177861814583	1484
-0.117936635270802	1.10068710325914	1484
-0.024335720980101	0.856499366995936	1484
0.00855131322965003	0.745533474977071	1484
-0.07006602998008	0.98114845039233	195
0.107027563194384	0.560174654105059	983
-0.104104354185351	1.00325272533129	983
-0.102727017461268	0.946711639572266	983
-0.116984955670788	0.382480564922847	983
0.102442582756977	0.35475057789282	111
-0.027747468819149	0.584604942032493	111
0.03460068469524	0.265250329102307	11
-0.112726316411332	0.387227603146074	11
0.110813826690365	0.113772710115371	11
0.021191663129121	0.513491513907808	11
-0.032435308682251	0.443912974238173	11
0.108722111128603	0.377954495831834	11
-0.017983243310278	0.482242714526414	11
0.082489239130681	0.333626087241335	11
0.056734502535398	0.350542078346808	11
-0.03489910444962	0.359189482255114	11
0.088650255735505	0.296810267033243	11
-0.053717899617387	0.294636146973436	27
0.094285327650069	0.248603199025271	369
-0.10364647741583	0.513831566255853	109
0.106639551297304	0.11488364968898	406
0.100451969849353	0.243823679549052	73
0.107423158596091	0.112849552995292	73
-0.089199249771479	0.22554264417025	734
-0.051566848278793	0.291037344450998	73
0.111602139321358	0.115032192174277	36
-0.058780902928681	0.299370952362175	18
0.029957267684738	0.328171356913267	18
-0.048442578710061	0.292290357816374	73
-0.082632648054503	0.230550960741628	8
0.11239000863255	0.112944560089795	6
0.111602139321358	0.115032192174277	6
0.11133387988801	0.113712652956432	1099
0.113433367963492	0.111280618271974	1099
0.112643758889374	0.113294442733233	57
0.111853708958516	0.112088272718431	57
0.114564643625589	0.110937634837806	1411
0.000172875351845014	1.04341626075	63
0.021008498584413	0.608803018992447	63
0.107120426098831	0.597851701562866	63
-0.033911888885069	0.452261693086501	63
0.124059921289954	0.560367018081362	63
-0.0693942691795431	0.438174352382618	682
-0.00352290574971303	1.23730246240731	682
-0.080042911214936	1.26010209646323	682
0.102018674087893	0.240755003628381	546
0.01484863214158	0.468825079092177	546
0.117991396004753	0.501529427538689	546
0.095473967468983	0.501308778670062	546
-0.0188432790780499	0.398458971979941	546
-0.090611445721145	1.15550527109634	546
-0.034941204073167	0.884963769834445	546
0.118171257147539	0.687512854978033	130
-0.021382106599105	0.754412185478111	35
0.101841974512152	0.481700110833467	35
0.073059822183429	0.654999509177976	35
0.022186688975057	0.610034031776953	1484
0.050542676834985	0.598727600218634	1484
-0.0209670629798639	0.634192959545577	1484
0.073867600650832	0.648574575707178	1484
-0.00289331314284802	0.797735402319494	195
0.071922474769486	0.606960929797902	195
0.060859262174951	0.74298751478941	195
0.115727075018937	0.507909199104639	983
0.074741534832147	0.598143203349684	983
-0.024459534467524	0.764420544621099	983
0.104553953706266	0.404953588006818	983
0.082013010856604	0.51426874932738	983
0.111602139321358	0.115032192174277	11
-0.058904713118876	0.671376964365307	11
-0.104902783973226	0.514879040967811	11
0.07964868837298	0.431872155610938	11
0.01093515056036	0.428712307905089	11
0.096313557508811	0.288698906564841	11
0.032533484689968	0.316376146885099	36
0.029632524452874	0.328683095167895	18
0.043447742823634	0.196899251769067	73
0.105329228347668	0.114890015465784	515
0.115089536983158	0.112348134554799	8
0.111080992199109	0.11353931257781	8
0.115089536983158	0.112348134554799	858
0.111602139321358	0.115032192174277	168
0.111853708958516	0.112088272718431	6
0.111602139321358	0.115032192174277	57
0.023370572602211	0.258422638517242	63
-0.01041098652852	0.82330131428645	682
-0.087901996367332	0.686688682923465	682
0.039345055394317	0.198502149827281	682
0.096673201067745	0.824540473309381	682
-0.051533401520507	1.22524141459119	682
-0.122234398542628	0.563447696594172	130
0.123457441631547	0.341465479780745	130
-0.03164944078903	0.448754887228183	130
-0.109983874581413	0.766053117082934	546
0.121231002485289	0.48195218213811	546
-0.00441522255853999	1.09097934787661	546
0.00675618138754103	0.658186983746757	35
0.037322093785123	0.536163142684643	35
0.00174642671915598	0.759396609329227	35
0.037278610706262	0.723273200684421	35
-0.08079652764964	0.788003998165198	35
0.092731638837795	0.555446186551463	35
-0.0636313517630051	1.03223073026008	35
-0.034554649932677	0.871208995345301	35
-0.00993407504370203	0.652167929150077	35
-0.075707725770585	0.831043134507841	1484
0.123967897790788	0.470428695319888	1484
0.056438462988068	0.569886477769832	1484
0.057371944791649	0.732553649082557	1484
0.030446971176982	0.867498315271362	1484
0.068083451623043	0.61513894148396	195
-0.022032952660665	0.564663656054574	195
0.049490327832461	0.456105145157857	195
-0.070791654558436	0.874478622971474	983
0.10006002584009	0.586126078347653	983
-0.05611249590506	0.655570375946432	983
0.031892155392979	0.26664442182839	983
-0.083199536295848	0.22951558009204	983
-0.012071990577735	0.481680782905331	983
-0.022097463625535	0.767955780934711	983
-0.090308756630607	0.873539465684445	983
0.051508531026202	0.655373182136865	983
0.033577912436508	0.467058720908308	111
-0.033479986335804	0.354800886448666	983
0.031536903280513	0.328578832281796	11
-0.031176252669005	0.36224209495426	11
0.123119799032159	0.422596375662394	11
-0.00955640054136797	0.588742225425979	11
-0.00864366902839597	0.392265500296114	11
0.098257263089369	0.291038721381732	27
-0.0961589676297741	0.61850322986677	109
-0.079601113351773	0.577416290448942	109
-0.016872667718123	0.317400736093196	406
-0.055248276616239	0.299230658919866	406
-0.057794302990502	0.296051139657442	73
-0.031176252669005	0.36224209495426	73
0.00439266885686401	0.375998270992935	36
-0.079190817443659	0.225403106439413	108
0.04696555829762	0.195697318723232	108
0.114823742585628	0.11255724030873	8
0.112123061494307	0.114973131154919	214
-0.081499498028677	0.229220728538513	858
-0.087245755730482	0.231819826248083	815
-0.062787586750312	0.296099058302183	6
0.112911801013283	0.112883681223137	514
0.107423158596091	0.112849552995292	6
0.114823742585628	0.11255724030873	51
0.104802741745863	0.113880586116634	57
0.111602139321358	0.115032192174277	229
0.081552268996423	1.3613967544857	63
0.118069584508597	1.11348155596975	331
0.019692800211761	0.653119379119614	63
0.116034022503459	0.611473048178072	63
0.039553150508711	0.324104433149329	63
0.060515076221523	0.452614068241021	63
0.021698182971891	0.776750094219427	682
0.114891911231973	0.434667825246922	130
-0.117390222692629	0.756780309360304	130
0.014871606392573	0.855448181394118	130
0.024420638723266	1.05760499918181	546
0.078523282868362	1.03565664457009	546
0.101795613345179	0.89081070480975	130
0.10201178965776	0.631837771582542	35
-0.00443164651555195	0.674751463117327	35
-0.030030249149075	0.83822110239978	1484
0.01371350381869	0.803083003001102	1484
-0.04680378275133	1.07890138519264	1484
-0.109958447094613	1.38682234962202	195
0.032585493079533	0.851373578663537	195
-0.026965481103062	0.642413321334936	195
-0.00258567537013399	0.633640140534749	195
0.117425795388108	0.628210638829081	983
0.00841182358049703	0.776188128256044	983
0.069491274669488	0.41222809644249	983
0.068790300188835	0.750462399045452	983
0.00972114421562697	0.845797039507059	111
0.033758485646735	0.267528819413003	983
0.096309654500542	0.250188429115093	983
-0.110344538973814	0.389290066701753	11
0.092307462354428	0.482079385974281	11
0.095438376550936	0.35904851847916	11
0.083724792891248	0.417350049283681	11
0.011297506833219	0.533496963711866	109
-0.122676769488524	0.397656911526142	369
0.10781584983354	0.407526283668118	109
0.039113424792125	0.199650098479209	369
0.061085564448704	0.37894892525024	406
0.089872172915634	0.296266289759231	73
0.053448587351499	0.426424918960608	36
0.054967945811512	0.386207208530659	36
-0.00798548228317697	0.402216638464187	36
0.086206602251611	0.295725563610266	73
0.043415611281046	0.197922002730223	73
-0.082632648054503	0.230550960741628	73
0.035911605273941	0.26338918377427	554
-0.0547448274637941	0.294858265108523	8
0.110813826690365	0.113772710115371	8
0.115089536983158	0.112348134554799	8
0.105329228347668	0.114890015465784	214
-0.116223550883303	0.38852453369386	8
-0.048442578710061	0.292290357816374	858
0.096760967970651	0.242984441964649	858
0.11239000863255	0.112944560089795	6
0.103288120608247	0.112625300009573	168
0.111080992199109	0.11353931257781	514
-0.0522072688274901	0.291100746784126	514
0.11561420249907	0.11228656899571	51
0.110813826690365	0.113772710115371	51
0.115089536983158	0.112348134554799	51
0.106112415250477	0.116155148037716	57
0.037202501387057	0.198923467085063	57
0.110813826690365	0.113772710115371	57
0.114564643625589	0.110937634837806	229
0.106112415250477	0.116155148037716	17
0.106366896593577	0.113071891971668	17
0.111602139321358	0.115032192174277	17
-0.084474963763686	0.223256359806161	17
0.105684729824783	1.53340048489561	63
-0.026585682566452	1.45303367817992	63
0.095720346661063	0.598149661104115	63
-0.021465602757153	0.33859986290325	63
0.052782207313603	0.72791590945759	682
-0.071927762386603	0.442100296786512	682
0.088062826826862	1.14718132311948	682
0.12319688480708	0.581932956542047	130
-0.025388899368196	0.716753328223321	546
0.062363499445608	0.497710715938338	546
-0.021203894015181	0.573685819035965	546
0.052529376891961	0.660101114105815	546
0.00171689378355899	0.780325583524979	35
0.068899340259359	0.928594939510337	35
-0.014383014395194	0.950412309737961	35
0.010283277558243	0.758100984171481	35
0.051649105602379	0.610164630986713	195
-0.00861093899023602	1.01011880447394	1484
-0.028687535295278	1.0524011939474	1484
0.060508574799975	0.801702851027976	1484
0.105993006081892	0.658843143936715	983
0.031079264884806	0.272544455666127	983
-0.064045515500425	0.92460527900756	983
0.022925558193179	0.540437473908023	983
-0.00981977325702099	0.398778546823516	983
0.008919921724656	0.425758434321287	11
0.006092860885065	0.657056223106804	11
-0.0150390841771	0.585222820083625	11
-0.101751572412232	0.636256196018388	11
-0.111575613759385	0.637039803055618	11
0.05989104325325	0.390411790372602	11
0.092738200380122	0.390982502789436	2837
-0.071823049329201	0.703917630925132	2837
-0.066620286713071	0.60977531873843	109
0.112911801013283	0.112883681223137	225
0.023629895391514	0.271592199355168	406
0.105411188454468	0.313144859696283	18
-0.0358058982567721	0.365600653693318	18
0.097542383416082	0.240248733681383	18
0.035965084624992	0.322314038222113	18
-0.105477990651221	0.51335489041286	73
0.11239000863255	0.112944560089795	73
0.115347306613337	0.110954114209396	73
0.099279348703055	0.113903966920089	73
0.027400446563914	0.265769949994045	554
0.106639551297304	0.11488364968898	108
-0.038134918452702	0.362393353851191	181
-0.047325777073686	0.283499544061416	8
-0.082441725769981	0.228844674254801	8
-0.079190817443659	0.225403106439413	8
-0.082825135000569	0.227365013828746	8
-0.117227854706674	0.391108950326239	858
0.106112415250477	0.116155148037716	6
0.110293549194893	0.112333536245241	6
-0.031176252669005	0.36224209495426	51
0.11133387988801	0.113712652956432	57
0.106112415250477	0.116155148037716	965
0.112911801013283	0.112883681223137	229
0.112123061494307	0.114973131154919	17
0.110813826690365	0.113772710115371	17
-0.082632648054503	0.230550960741628	17
0.102511650066766	1.11228471398217	63
0.099488346223739	0.327260943511924	63
0.085993230534659	0.510039459256407	130
-0.112856650382898	0.689183977714103	130
-0.03407835728292	0.533394247427975	130
-0.087019740334661	1.14114210455072	546
-0.020288768468707	0.665583106118887	35
0.043763338393198	0.492411469060794	35
-0.05674018776335	1.07927210087409	195
0.115047417835665	0.490455199759826	1484
0.031687486273334	0.699999008542536	195
-0.090285747951	0.584478214277237	195
0.037112943126735	0.601461416262289	195
0.097028899736996	0.293861747054609	983
0.10463956337767	0.319016639854587	983
0.066147402192926	0.647680825619732	983
0.07354235447512	0.578812132376234	983
0.116127397909406	0.446126318807693	111
0.033744380337823	0.330888856668619	983
-0.053363614080398	0.295147794011653	983
0.06768391574548	0.418258713378793	11
-0.063417659125887	0.523440470565093	11
0.060447220748158	0.385281669375285	11
0.041069210700179	0.320370994653404	27
0.093307908977665	0.359297756841337	109
-0.011265332345926	0.478912970127666	109
0.018456511958274	0.266629361935087	73
-0.082258634579743	0.226170400043011	36
0.111602139321358	0.115032192174277	108
0.043973464457907	0.197417117370018	815
0.112643758889374	0.113294442733233	815
-0.061965936820885	0.296957928606004	6
0.111602139321358	0.115032192174277	514
0.11133387988801	0.113712652956432	6
-0.082258634579743	0.226170400043011	51
0.109063618653346	0.11247761804126	51
0.112123061494307	0.114973131154919	57
0.11239000863255	0.112944560089795	229
-0.081874867372603	0.229873084039577	17
0.102616934443327	0.634726678745521	63
-0.017779961463314	0.666115917805102	63
-0.121711892376473	0.575096591624373	130
-0.01349089832926	0.5853975592577	546
-0.023502138174435	0.632748324926597	546
-0.05321556987799	1.1496492780693	546
-0.041798476390883	0.895147331903265	546
-0.04715083519424	1.17094389597354	546
0.06585946267144	0.671744411325422	546
0.02681830313972	0.932401847968601	130
-0.0911609227856131	0.826598549015195	35
-0.056491718567923	0.910364642961513	35
-0.042238984263641	0.710431350285713	35
-0.027633974049003	0.96589076286936	35
0.111018043241571	0.537812068153948	195
-0.118433243514128	1.23300182833657	195
0.095992872901758	0.547666537083823	195
-0.01177981670629	0.785724430519822	1484
-0.114303194682293	0.910136358762405	983
-0.091597238625295	0.754226419272855	983
0.123862180408704	0.444846197195862	111
0.025100394717078	0.450577212821504	111
0.098024147097289	0.413016621381025	983
-0.061676859288689	0.509814691934374	11
0.011550349424261	0.22518338163417	11
0.028468108796373	0.448361682993541	11
-0.09287410039016	0.715333868855983	27
-0.0718825534608401	0.53093247294596	33
-0.077829393375104	0.439123952717135	11
0.096079621479153	0.33111129666266	27
-0.099029352465979	0.508674156553616	27
0.097415729480318	0.330509642431575	27
0.016222535765573	0.423311943371539	27
0.033744380337823	0.330888856668619	109
-0.12013308650303	0.391343779428742	406
0.123718560190066	0.176774779016048	225
0.042064759041843	0.197598618138934	36
0.017847577907875	0.265906690252996	18
-0.087812170675417	0.231240314047897	18
0.035593749522853	0.195917691382503	73
-0.081874867372603	0.229873084039577	181
0.039672857206365	0.198570892006803	858
-0.088066111496496	0.228752102721505	815
0.114299951550314	0.112618511833295	6
0.111080992199109	0.11353931257781	57
0.109340394058329	0.112518694557235	57
0.100056469917582	0.115100155835255	17
0.112911801013283	0.112883681223137	17
-0.00940353774588398	1.89634196474446	331
0.048056902846365	0.976667898470582	63
-0.107753984291475	0.647628009277725	63
0.123178582475929	0.558077502460366	682
-0.0417003114443379	0.692010076684176	130
0.04387512825937	0.634199707123447	35
-0.015447340343779	0.747695070354139	35
0.0808641750883	0.626328258716359	35
-0.00617850825233501	0.799814446748546	35
-0.122760976262563	0.931396632958812	35
0.102387445846738	0.578409164000478	35
-0.020250825050416	0.756255579792867	35
-0.023671837358361	0.876886870380725	195
0.087934960603622	0.563178183513212	195
0.099874364596274	0.350173090345697	195
0.076923208656552	0.465973981893006	195
0.019128434610775	0.754386954291084	983
0.059037722451938	0.390794230389151	983
-0.037829810119438	0.786889744944668	983
0.00673169231718301	0.485874506836334	983
-0.11151624544619	0.79163956071525	983
-0.036888610391063	0.61331885453423	983
-0.091287643288029	0.703047834503015	983
0.047199609445477	0.194941439715104	983
0.10422535474504	0.239431721807391	11
0.097818885728258	0.357751168306089	11
-0.098422797998255	0.508499617604729	11
-0.031660777113942	0.454868147797486	27
-0.102710391375578	0.507458113547793	11
0.093934088850498	0.250312313131898	27
-0.110897182009259	0.38025650249187	27
-0.108316212531649	0.649892014156018	27
-0.059140219954945	0.299607001659299	109
-0.09873439618416	0.491324887042851	109
0.093557112905048	0.295568732201925	109
0.049342783183628	0.360264900381202	73
0.038321962764617	0.199537160848968	73
-0.082441725769981	0.228844674254801	554
0.123949254300924	0.176275685690167	554
0.048315648015441	0.194652911614615	181
0.112123061494307	0.114973131154919	8
-0.081308217797875	0.229779893299134	8
0.04262280560762	0.197815059386246	8
0.112643758889374	0.113294442733233	514
0.112123061494307	0.114973131154919	514
0.105585049477079	0.115107263657516	51
0.106366896593577	0.113071891971668	51
0.11133387988801	0.113712652956432	57
0.114564643625589	0.110937634837806	57
0.115089536983158	0.112348134554799	57
-0.0883787950767581	0.22847046052406	17
0.11561420249907	0.11228656899571	17
-0.087765212851837	1.51453208995477	63
-0.06515192040878	1.21629797676952	63
-0.094622401711615	1.01965993702075	682
0.00516780672563699	1.04316533829668	130
0.08886047667656	0.614495907027482	130
-0.080405347412103	1.08329045668859	546
-0.015491054870438	0.977166865826339	546
0.122689536621754	0.495530198589164	566
-0.073358855198465	0.648171541163158	35
0.032467320523733	0.670416752925088	35
0.047095525749174	0.444896364845133	35
-0.085295967546112	0.981782403970215	195
0.09870108782126	0.501544795449948	195
0.077574095776932	0.449595648321563	195
-0.016182046372308	0.865468629244894	195
0.055800576410405	0.543105031921363	195
0.01710344509988	0.565939382262838	111
-0.036548796329261	0.610890070342162	983
-0.010532397318702	0.579772903268233	983
0.092463039326524	0.52392963413687	983
-0.00443861738364004	0.911138718128153	983
-0.112798688191036	1.03249407141931	983
0.078838932758357	0.424512368662041	983
-0.100383321674077	0.614158052385058	11
-0.086758188472647	0.575327735557732	11
0.101729243575605	0.322866381184119	27
-0.061965936820885	0.296957928606004	27
0.094710154947891	0.2439489834272	27
-0.03699937393817	0.360298864956931	109
0.021214107938045	0.270412499857629	406
0.027705342507287	0.271545661516491	225
0.010262500745337	0.423451621589666	225
-0.082849608363218	0.228720993086107	73
0.108280085847995	0.112742150793283	73
0.111853708958516	0.112088272718431	18
-0.08560696829641	0.226950352918593	18
0.112123061494307	0.114973131154919	73
0.097358331775685	0.24488643313014	554
0.112123061494307	0.114973131154919	108
-0.059140219954945	0.299607001659299	181
-0.08652783148684	0.222918631447091	181
-0.082825135000569	0.227365013828746	8
0.114823742585628	0.11255724030873	858
0.110293549194893	0.112333536245241	815
-0.082825135000569	0.227365013828746	815
0.106112415250477	0.116155148037716	168
-0.076417683921763	0.223160788798814	168
0.112123061494307	0.114973131154919	6
0.099108388026996	0.24100697861066	6
-0.117706757321166	0.398074045051056	445
0.106639551297304	0.11488364968898	451
0.106112415250477	0.116155148037716	51
0.110813826690365	0.113772710115371	51
0.11133387988801	0.113712652956432	550
-0.07811163404385	0.223462446706424	51
-0.08560696829641	0.226950352918593	51
0.111080992199109	0.11353931257781	57
0.109594773539516	0.113465995883652	372
0.114299951550314	0.112618511833295	1462
0.114299951550314	0.112618511833295	17
0.105585049477079	0.115107263657516	17
0.105329228347668	0.114890015465784	255
0.040738869016399	0.828589180736987	63
-0.119019131417183	1.22343769272793	63
-0.029957214924598	1.16901597929378	331
-0.06358601611513	1.12897998261262	130
0.102697307431781	0.724804288747678	546
-0.056803708371444	0.804207584224706	546
-0.074083771919979	0.93534313677403	546
0.084896468278555	0.51737587374774	35
-0.073326849655915	0.804850771641739	35
0.044655955890972	0.587169630863462	35
-0.030625706537079	0.807745589015903	35
-0.028257694013955	0.915535617522702	35
0.086933283048851	0.583546806253294	195
0.032016215040254	0.740780707337731	195
-0.017194102279654	0.777206704689494	983
-0.013765243407597	0.709626583103452	983
0.004462889651281	0.607643973276955	983
0.052762184118013	0.803081765793108	983
0.097671259118125	0.38607774279912	983
0.085218185827116	0.480482443395909	983
-0.104548764235339	0.625830634450008	11
0.096399360750573	0.24313630296492	27
0.046915058557516	0.364577572743754	27
0.043613893482765	0.365132599236111	33
0.063678394987935	0.380661819549993	33
-0.037688071381338	0.358800370101002	532
-0.118605756286327	0.561875373297614	27
-0.118687926649124	0.399885268622697	27
-0.026847549420746	0.353024746894134	109
0.083941400935356	0.297848402371873	406
-0.112601496941346	0.642575622329758	406
-0.097467963461869	0.499836983451569	406
-0.050986334391348	0.293279708813577	406
-0.112950072973449	0.55342995094827	406
-0.100857135955718	0.504254888944915	406
-0.063135106253252	0.297306625474342	73
0.090545409767605	0.296363772407612	73
-0.116991852317483	0.395309384154681	554
-0.086426040214859	0.23111507384329	181
0.112911801013283	0.112883681223137	181
0.111853708958516	0.112088272718431	181
-0.0869924056963211	0.230539916127221	8
-0.036331908725261	0.360601003375914	8
-0.040319765664953	0.357696307083378	8
-0.063608696962396	0.292059443202977	858
-0.079190817443659	0.225403106439413	6
0.089568152669212	0.246976442009861	6
-0.0639561821082431	0.296448299554629	168
0.124289796320264	0.176902496321386	168
0.11133387988801	0.113712652956432	51
0.11239000863255	0.112944560089795	372
0.112123061494307	0.114973131154919	372
-0.081499498028677	0.229220728538513	372
0.105585049477079	0.115107263657516	17
0.099812121038638	0.113744894429683	17
0.034095174582824	0.879842233171612	63
0.056847119155549	0.697578516890733	130
0.092696308567978	0.578663315920239	130
-0.041130409261483	0.728497875392587	546
0.098865668436776	0.482853932054179	546
-0.032211421416478	0.737246337185877	546
0.115491034146217	0.61058201278914	546
0.02180860592839	0.518201155202929	130
-0.028935144170096	0.594850039735931	35
0.042728280348185	0.483846582953314	35
-0.0453301235757601	0.85454955344426	35
-0.033015094773197	0.718077798649105	195
-0.080327907361781	0.93739750098471	195
-0.02698133239199	0.72344977905444	195
0.051643788094564	0.718969315698556	195
0.073188403540483	0.435176143780438	195
-0.120865866471879	0.692360457071978	195
-0.064415271761977	0.60306377688947	195
-0.00808817658639205	0.745483094168509	983
-0.121300471446484	0.565463692978104	983
-0.019441601234918	0.478401835097852	111
0.118815847049802	0.400791450733456	983
-0.0852155818010339	0.438784814546577	983
0.091405622609548	0.238722699609532	983
-0.115686583065137	0.684370248992073	983
-0.056682872056969	0.509702049899762	983
0.021829691059554	0.503197605129218	11
0.037061164237456	0.327159025666735	33
0.096525798631472	0.329684322071086	27
0.097182000948701	0.249832696309762	27
0.041392352389485	0.321031093761491	613
0.024956177777261	0.273042876154211	27
0.043738281853249	0.195991543635569	109
-0.119060099888717	0.386846275653092	406
0.096835326489084	0.244768098718742	406
-0.078626069644499	0.225308110829672	225
0.031721707084886	0.266595959760821	73
0.121576794518621	0.174864355654995	73
-0.081874867372603	0.229873084039577	1452
-0.057753422116166	0.299600430019582	73
-0.07780377687633	0.227409118788387	108
0.096482631588885	0.245737682485808	181
0.114299951550314	0.112618511833295	8
0.105585049477079	0.115107263657516	6
-0.0607475472003171	0.294522359098439	168
-0.079190817443659	0.225403106439413	168
-0.087245755730482	0.231819826248083	168
0.111853708958516	0.112088272718431	6
0.04262280560762	0.197815059386246	6
0.111853708958516	0.112088272718431	51
-0.087245755730482	0.231819826248083	51
0.112123061494307	0.114973131154919	51
-0.091164057657388	0.226293179690204	51
0.11133387988801	0.113712652956432	372
0.111602139321358	0.115032192174277	17
-0.002625792774956	1.01140746629377	63
-0.062957103009459	0.604364161132985	63
0.058912298212472	0.648989230457698	63
-0.099482984604208	0.753883595010533	331
-0.00200643686213298	1.10730511142376	331
0.052690985343432	0.524321641985912	130
0.097799912351036	0.541929392503322	546
0.083636925513017	0.561563913790496	35
-0.083074832821897	0.768320278579765	35
-0.073890950733312	0.801891463118604	35
0.053448327373926	0.7034502289422	35
-0.078688311993573	0.573391052932411	35
-0.005583074181716	0.772301773181112	35
-0.116910440439139	0.795368975061382	195
-0.090294557342154	0.579967018033752	2111
0.050637169633061	0.570982055996917	195
0.082728953593397	0.4252481187637	195
0.099038287476909	0.474134822834858	195
0.058616839300324	0.346799037642276	195
0.106893210116977	0.379332815645841	195
0.040823877543355	0.472419070587003	111
0.042857552425884	0.197703856707579	983
-0.025656758405239	0.551855756921718	983
-0.100801631340477	0.491678956435153	983
-0.042804580684725	0.537568193444601	983
-0.0676162957181	0.426682222488367	983
-0.0274602058061491	0.355705352655406	983
-0.00834676558457104	0.398567267008274	983
0.114564643625589	0.110937634837806	11
-0.0389900572052621	0.465415834771776	33
-0.03292585137087	0.364564227852819	33
-0.073044571993615	0.428368207560812	27
0.097397082021457	0.28909468661351	532
-0.061965936820885	0.296957928606004	109
-0.056948077505661	0.297055354566089	109
-0.103021336078081	0.510780121911199	109
-0.0523350577596809	0.292399398043092	406
-0.093116422928159	0.226064246254305	406
-0.120131515173707	0.391341031922616	406
-0.093684360267824	0.223926524491012	18
-0.083391844186964	0.227459881106157	18
0.11133387988801	0.113712652956432	554
0.040136143249606	0.195050707257457	181
-0.07836847578401	0.227502697104956	6
-0.087245755730482	0.231819826248083	6
-0.060839836278673	2.19798036753654	331
0.050042619268919	1.38895470561741	63
0.042873258775513	0.92966522536325	63
-0.0305844768628289	0.968925528691405	331
0.064622049969337	1.00875152085562	331
0.059120757906174	0.542592117426879	130
0.10386713563877	0.347609127336482	130
-0.027842395553264	0.572367519958823	130
0.00213224946594098	0.421105480257977	546
0.00377844168566199	0.373459003479856	546
-0.073245032537494	1.06147379350055	546
0.066083677716976	0.418077796746289	546
0.122092837327766	0.621898209841499	546
-0.028981594666185	0.74036902021901	35
0.102092235495826	0.629277305010657	566
-0.066264424767388	0.948039216352085	35
-0.044373677162875	0.716758782054609	195
0.094819179428428	0.64822757481253	2111
-0.08187238220747	0.65557912412131	195
0.071721297447257	0.570877627672507	195
0.017231744909754	0.518041377787778	705
0.015257507899384	0.670915500226798	195
-0.00265370781401098	0.632814220051399	195
0.082941010716695	0.488312150826892	111
-0.021129985443899	0.632511678716407	111
-0.118179112551248	0.843719479704532	111
-0.096614836777273	0.849627527936606	111
0.114344865386582	0.543469811162186	983
-0.054143837537963	0.733733589313949	983
-0.11891942856219	0.397278300460482	983
0.075070516309713	0.527783405185076	983
-0.0276600506028311	0.634092780566903	983
-0.032310222492529	0.671017019214682	983
-0.041612963530354	0.61492754530586	983
0.096969891272889	0.393047808404944	983
-0.118103598512344	0.699762529604579	983
-0.085293936863436	0.227254874156919	11
0.112123061494307	0.114973131154919	11
0.034803822823933	0.197160314385022	27
-0.111378549965278	0.508814533882214	33
-0.122068272887877	0.396869971796601	532
0.089208579566126	0.300864319275772	613
0.096412397719713	0.24347451044026	613
-0.024912008145366	0.349626643876976	109
0.038984349277627	0.322192267953437	406
0.105585049477079	0.115107263657516	225
0.042888041441389	0.197051038353189	1452
-0.081874867372603	0.229873084039577	73
-0.087245755730482	0.231819826248083	18
0.124289796320264	0.176902496321386	73
0.0430918949429	0.195405745839658	1181
0.038553785579531	0.19980113560382	73
0.112123061494307	0.114973131154919	108
0.114299951550314	0.112618511833295	181
0.123718560190066	0.176774779016048	181
0.11133387988801	0.113712652956432	181
0.112845118624909	0.109051906342762	201
0.113433367963492	0.111280618271974	70
0.111853708958516	0.112088272718431	6
0.112123061494307	0.114973131154919	51
0.112123061494307	0.114973131154919	203
0.112123061494307	0.114973131154919	17
-0.072027739928523	2.16490926797793	63
0.035407533791801	0.688630326294312	130
-0.0306405959830111	0.628180973414759	130
-0.063376484618374	0.918968881456199	130
0.050560975682079	0.486805971667219	130
-0.04664535139033	0.467334706723628	546
-0.050939501974355	1.19833172638141	546
-0.073361816798628	0.529553361037596	546
0.035081044614549	0.764582254695751	546
0.055054442425041	0.711289675608448	546
0.035764876078287	0.739064839482897	35
0.051271979584323	0.651226336246525	35
0.044782231437905	0.797249923848698	35
0.032573400051715	0.761209693244168	35
0.063896085468878	0.710009676129126	566
-0.065983563647367	1.04860623041339	35
0.071196008102187	0.732671899325825	35
0.024412215990981	0.743069543998515	2111
0.011316642056848	0.686836369962085	2111
0.063919741742059	0.528422772128243	195
0.077866067919584	0.496250768654973	983
0.05001258129429	0.355886383019699	983
-0.00988188337024898	0.397160598597227	983
-0.076828379090357	0.440754433480139	983
-0.071096596650149	0.704377536760388	983
0.088236323370538	0.537245660391195	983
-0.00346909075501201	0.682325785927241	983
-0.00242749335722903	0.576714687338335	983
0.049193858864814	0.491102235385379	983
-0.069841950883068	0.527492295475737	983
0.071157829826381	0.444573323327751	983
-0.037375252508416	0.511256352830145	11
-0.062826513915325	0.521798866686828	33
0.022407276356662	0.410720958788063	33
-0.007676512270132	0.400874317651197	613
0.096480954590479	0.290688273236643	27
0.043597031420857	0.316014966744868	613
0.046407448578281	0.195486113699481	406
-0.0525600893377311	0.294309953805885	1452
0.043738281853249	0.195991543635569	73
-0.08017554452122	0.225195517487192	73
-0.081308217797875	0.229779893299134	73
0.109340394058329	0.112518694557235	554
-0.089199249771479	0.22554264417025	181
0.110293549194893	0.112333536245241	181
0.042888041441389	0.197051038353189	201
-0.051981532755084	0.292846040132638	201
0.107423158596091	0.112849552995292	446
0.048315648015441	0.194652911614615	168
0.111602139321358	0.115032192174277	57
0.115347306613337	0.110954114209396	203
0.113433367963492	0.111280618271974	17
0.110813826690365	0.113772710115371	17
-0.117618636020166	1.2820628383166	63
0.032349742138674	0.985804073111558	331
0.124722969332233	0.737059010426456	331
-0.044660027068859	1.42990731572567	331
-0.022019268082793	1.16226788885084	331
0.071628765633191	0.520557650758176	331
0.040143387866065	0.824405903546234	546
0.00226297917090801	0.623078666610348	546
0.01783498264401	0.855590503619852	35
0.117756092849127	0.588839343006546	35
-0.041864253731138	0.842524818774512	35
0.00920440388002403	0.712645075591254	35
0.06596683760852	0.667287203305788	566
0.060947342582794	0.571704227302541	566
-0.040732660764723	0.685949471713379	35
0.080428000853809	0.55746942489128	35
-0.069922262186123	0.883987327768508	2111
0.00559037520076	0.803516275419469	2111
0.033121737510502	0.65325748467844	2111
0.037553618348329	0.852347643661995	2111
0.056411200488438	0.47591639195604	195
0.098126051859055	0.328278937251189	705
-0.064777259330307	0.594894797735737	705
0.098681521096729	0.41873153280728	705
0.033188500469615	0.526825123739984	195
-0.05260296416155	0.69898632433882	983
0.00403570629040101	0.506929564897502	983
0.094138621204399	0.452223610763234	983
-0.082562164489265	0.909016810146798	983
0.064531172530102	0.474746032566119	983
0.104943611813161	0.317214043948857	983
0.057135913360621	0.464981518642785	983
-0.030764435499835	0.45332459501081	983
-0.10461692883238	0.636605756697737	11
0.091049384122461	0.298537614418403	27
0.098761017387612	0.240895418673327	27
0.030962572067629	0.327398605431553	33
0.035556712099252	0.266911387486394	613
0.030246980188334	0.328023278958959	613
0.089205942386455	0.295728911430387	109
0.061668687491383	0.390386772031793	109
-0.114561320237615	0.400474502838977	406
0.04186597437342	0.195396399092148	73
-0.049022661436726	0.292868583830154	73
-0.087245755730482	0.231819826248083	18
0.113433367963492	0.111280618271974	18
0.044531112100656	0.196091216271099	3
-0.081499498028677	0.229220728538513	201
0.110813826690365	0.113772710115371	201
-0.078676700469541	0.220566034219175	6
-0.0807417768971001	0.228548754592648	168
0.115089536983158	0.112348134554799	6
0.114823742585628	0.11255724030873	6
0.104802741745863	0.113880586116634	6
0.110813826690365	0.113772710115371	51
0.112123061494307	0.114973131154919	51
0.111867990649127	0.111527541388821	203
0.111867990649127	0.111527541388821	203
0.112911801013283	0.112883681223137	17
-0.04121452300998	1.41829976672172	63
0.069633438576909	0.774832571277356	331
0.091835793616183	0.815080281020485	331
-0.00423838542477495	0.623501582067508	331
0.057308467408587	0.693450095209967	331
-0.039625049663967	0.817768056358501	331
-0.0141296651562181	0.652274938239839	331
0.118022211365763	0.579822826557338	130
0.109905948718684	0.532606490155287	546
-0.082510482427341	0.730189061802323	546
-0.105923545872822	0.644719458522239	546
0.033092985922938	1.03178959836683	546
-0.088101849972573	0.587951302470468	35
-0.054621055430785	0.886254142172108	35
-0.033488245499076	0.525669857684758	35
-0.094159243401042	0.861131079965328	35
-0.030200768207161	0.77428050507543	35
-0.103270895420642	1.09544205169239	35
0.050810321595606	0.826112710304758	566
0.097743730955982	0.421079413969234	566
0.101002604341496	0.440240308610165	566
-0.123112422888129	1.60116095781634	35
0.076213759012915	0.467653252866806	35
0.061947383132627	0.671339224970827	35
0.065105907352399	0.443601655813788	35
0.072315190289408	0.402505029900441	35
-0.00152705918231499	0.76646329135133	2111
-0.098117594198845	0.486660085874495	705
-0.00835397682786399	0.402135634684022	705
0.069098290130254	0.867151952692468	705
0.092030634196848	0.333209610937472	195
0.097448892423739	0.243384416235134	195
-0.069082899011735	0.43541237390983	111
-0.00482907977680003	0.89671267932872	983
-0.047819239328584	0.695032244552912	983
-0.031388021387457	0.352455780621582	983
0.042040543220911	0.31760435393923	983
-0.105396893673347	0.374873408133756	983
0.099022304186205	0.238115227161175	983
0.068441466848397	0.527066436898536	983
0.091430237961319	0.583936194321315	983
-0.089961980438662	0.583971936265761	11
-0.00900645422804003	0.541014491950507	11
-0.05313887823512	0.294889000693205	33
0.038321962764617	0.199537160848968	613
0.04186597437342	0.195396399092148	109
0.023854584031793	0.447003978419552	109
-0.025628077973317	0.488612765735474	109
0.045558577101622	0.192710433388208	406
0.090070682897976	0.327557548574777	406
0.063416299361957	0.387252437773605	73
0.106895142792059	0.114065326676144	73
-0.061601570764256	0.515566029705945	73
0.113775933333423	0.111202432084785	3
0.031536903280513	0.328578832281796	181
-0.082632648054503	0.230550960741628	201
-0.0539421347815	0.295728569671535	271
0.111602139321358	0.115032192174277	6
-0.123894507607465	0.395452838509429	511
0.11239000863255	0.112944560089795	2
0.112845118624909	0.109051906342762	51
-0.081308217797875	0.229779893299134	57
-0.0807417768971001	0.228548754592648	57
0.111080992199109	0.11353931257781	507
0.063712027712064	0.917390758262196	63
0.069959248621338	1.83865329268989	63
0.014701521475087	2.28832606304126	63
0.118275118240282	1.07318401993622	63
0.100724645691215	0.870142864204938	331
0.11133845104883	0.371476480330697	331
0.10063394363441	0.480368615521422	331
0.051062318798022	0.710074296767457	331
0.056086727819726	0.35282847101603	35
0.099651169187529	0.388606273457177	35
-0.017613916467887	0.716845079516094	35
0.098449123530397	0.574062933559824	35
-0.062215552008603	0.518214690728073	566
0.00572522371394102	0.688375031328656	35
0.070049153568265	0.781258601193526	2111
0.118503081071033	0.420865484971151	2111
0.106568443255952	0.787290739025641	2111
-0.0364207047076151	0.365802554258717	2111
0.000366738794839006	0.381592862198372	705
0.061932311756059	0.38774652641666	195
-0.120683292215987	0.573390996466278	983
-0.0735958006061081	1.20942699607451	983
0.030641269114132	0.432888470738639	983
-0.031500625699023	0.349911463315769	192
-0.00734151488147705	0.385627056979622	983
0.048430769306534	0.714821299340708	983
-0.078845622197795	0.682246454973281	983
-0.033584739189191	0.591650620920151	11
0.050929648153265	0.725603663910302	11
-0.110344538973814	0.389290066701753	613
-0.083391844186964	0.227459881106157	406
0.042326985674766	0.364211462797791	406
-0.119158242139175	0.398461427196859	406
0.024458789634522	0.324485613173091	406
0.105664882250728	0.398612201091337	406
0.112123061494307	0.114973131154919	73
0.113775933333423	0.111202432084785	3
0.025038813463039	0.33035561789067	73
0.11133387988801	0.113712652956432	201
-0.110181162543062	0.390943012900837	95
-0.039179648245896	0.36231999071068	70
0.039113424792125	0.199650098479209	168
-0.12037103999894	0.395317242949512	168
-0.07836847578401	0.227502697104956	57
0.107423158596091	0.112849552995292	203
0.11133387988801	0.113712652956432	393
0.112911801013283	0.112883681223137	17
0.111867990649127	0.111527541388821	17
0.115420994684054	1.31619754780717	63
0.011894012370302	1.97516560309553	63
0.124715177631221	0.659252456967704	63
0.112959180670216	0.881727409787303	63
-0.012368396791219	0.655984511432311	331
0.055728432533816	0.883881556975738	331
0.036142511561434	0.325802394411252	331
-0.085344057010437	1.63425718889409	331
-0.037319533189632	1.02467237343869	546
0.077726651349252	0.46663241766495	546
-0.104048700558047	1.19866624758616	546
-0.030512942611268	1.0452432248711	546
-0.0625937206542601	0.984536616047326	35
0.059601238081686	0.700071509586031	35
0.060498492303916	0.781229943765116	566
-0.062009590632532	0.765893808113452	35
0.00108793094169601	0.685541462081131	195
-0.013246896949046	0.552522121466942	195
0.107564600482236	0.546321958698255	2111
0.032586865024882	0.572132878811604	2111
-0.052916572300701	0.856530519695074	2111
-0.10433749879231	0.897213456817774	2111
0.106030117696844	0.378428866640017	2111
0.012038654566778	0.531611730696785	195
-0.092107682263777	0.706561525725946	195
0.118587754119994	0.500368363955427	983
0.04349840905759	0.580938009708666	983
0.122941355772209	0.472249333911284	983
0.097211015248292	0.418490570095644	192
0.063910930260534	0.490146743739191	983
-0.065451578517592	0.523821880024534	983
-0.03603645934775	0.362262893342748	11
-0.00586295112871005	0.399887106053959	33
-0.114777067345221	0.389578454425796	109
-0.036778726571058	0.462885165545597	109
0.021575722382796	0.273202737767768	406
-0.0886325758791971	0.228200779400233	406
-0.005504106029111	0.387681487649194	406
0.109594773539516	0.113465995883652	73
-0.055012011242405	0.298649339269476	73
0.04696555829762	0.195697318723232	3
0.123839330835691	0.174589872941708	3
0.105585049477079	0.115107263657516	73
0.105329228347668	0.114890015465784	95
-0.081118508158911	0.225738968647028	70
0.105855485888929	0.113658744219182	70
-0.088066111496496	0.228752102721505	70
0.105329228347668	0.114890015465784	6
0.115089536983158	0.112348134554799	6
0.110293549194893	0.112333536245241	6
0.110813826690365	0.113772710115371	57
0.011293408165707	1.4599864720014	63
0.046822553965477	0.779412420322043	63
0.058180665066245	0.712021820358284	63
0.00626488608279802	1.11510412765962	63
0.047401021926031	1.22577640436902	63
0.088019441381099	1.00460719321278	63
0.101371219275889	0.28497876621965	63
0.087271706714788	0.336782810201649	331
0.068261606282435	0.790910228530904	331
0.039071694243377	0.682094707827424	130
0.097183788855014	0.390222390891141	130
0.019853954918674	0.547222931222471	546
0.066238857973185	0.71774810854053	546
-0.01125836164283	1.03868661560263	546
0.117409657064695	0.573143068613874	546
0.053021703358455	0.673909316473271	35
0.081924954418457	0.569248797271847	35
0.053872650554286	0.801831164936213	566
0.040117599477375	0.783316481190233	35
0.095234806500705	0.676283218703618	195
0.030053238866921	0.692881465739346	195
-0.073246238409563	0.965691858070878	2111
0.096076587167019	0.490119750319245	705
0.051719314658752	0.490918925309806	705
0.022031992172419	0.640692239176626	195
0.054209040215084	0.627456318403688	983
0.078701604406501	0.46481372473256	983
-0.095703713826348	0.494784291508897	983
0.084581447672161	0.602825241370455	983
-0.026747080601622	0.631284165214748	983
0.025124463777917	0.606155481963666	192
0.113298471129749	0.450709047412554	192
0.064003527602872	0.386323159510427	192
-0.038648079577143	0.688039054837239	983
-0.122437748519541	0.396995248098822	11
-0.015630918559972	0.488250369045906	33
0.094502754844734	0.325485593783172	33
0.06921362088473	0.411600077961883	33
0.028597310729646	0.267467405728767	532
-0.117871723642459	0.558214151860992	532
-0.014870700693152	0.401606637613341	109
-0.09598518671047	0.224328692126367	406
-0.086426040214859	0.23111507384329	225
-0.090915004612678	0.228165979293146	18
-0.048442578710061	0.292290357816374	3
-0.081499498028677	0.229220728538513	3
0.112643758889374	0.113294442733233	3
-0.087812170675417	0.231240314047897	3
0.11239000863255	0.112944560089795	631
0.094826272266254	0.248849543685735	201
-0.0858598839870131	0.230314192318227	201
-0.0866795500923629	0.231015106598707	201
0.111602139321358	0.115032192174277	57
0.110813826690365	0.113772710115371	133
0.105670219131265	2.46951393907786	331
0.013215146397972	1.70729623796855	63
-0.052393189178342	0.875046284542643	63
-0.059355465383098	0.934710919482367	63
-0.038550930132902	0.813519012258279	63
-0.087813045752147	0.436354329599851	63
-0.098448392329961	0.502372427440776	546
0.041918439079095	0.593184846193327	546
0.021744191420545	0.916459084202015	546
-0.0501569997010231	1.22245419508899	546
0.019893016657241	1.00257421662709	546
0.051459704423362	0.887868599857834	35
0.084583291178174	0.747846751184899	35
-0.047299422113705	1.01063450993167	35
0.011843567641441	0.814669364611542	35
0.049030656140062	0.746321857596922	35
0.048760445073944	0.789393710979285	35
0.016967315802729	0.560000667140122	566
-0.037906355660694	0.781453852394495	35
0.05116025421426	0.391955773437245	2111
-0.00105570229180196	0.7635037116092	2111
0.038574097531864	0.725396719707474	2111
0.087687790026669	0.395119458515238	195
-0.024776654186884	0.918870930514615	2111
-0.083043460544843	1.00842577138465	705
-0.102724395655599	0.50993776914213	705
0.015366364261119	0.667518717905955	195
0.080358955480416	0.706374258042406	983
0.068710881658509	0.580424064511379	983
0.114221169166193	0.589446736361088	983
0.00263761340880903	0.804616745862324	983
-0.060280994250615	0.594452144906733	983
0.051448812265424	0.545387893474606	983
-0.049779679734637	0.467496814215358	192
-0.045135196560018	0.285120361805926	11
0.071190065405409	0.511877969145506	33
-0.0199439108324651	0.603874721342729	33
0.029712630354569	0.45057516361416	532
0.047861552376591	0.352373226243307	27
0.089261333005936	0.296855969936498	613
0.108654958817145	0.405029133702903	27
0.021088826821814	0.455926179846887	109
-0.0785356039324781	0.443605850883838	109
-0.039236823183863	0.544745496425555	109
0.090128743016987	0.300197878032314	109
0.089276004182168	0.249672082951717	406
-0.087812170675417	0.231240314047897	406
0.106895142792059	0.114065326676144	406
-0.07836847578401	0.227502697104956	406
0.045849133029881	0.194480173939665	70
-0.082825135000569	0.227365013828746	6
0.11133387988801	0.113712652956432	271
0.112643758889374	0.113294442733233	168
0.106895142792059	0.114065326676144	168
0.112911801013283	0.112883681223137	549
0.043650171926482	0.196414488891955	549
0.11133387988801	0.113712652956432	2
0.116138640348068	0.11068858558371	17
0.113433367963492	0.111280618271974	17
0.114868705527618	1.93300831007982	331
-0.02131398916062	1.68800788511738	63
-0.058558201966913	0.300448356876538	63
0.117506691049027	0.687052823995948	331
-0.066301782447501	0.528723138801166	130
0.098238617469957	0.241878983014879	130
0.047199609445477	0.194941439715104	546
-0.084321540511102	1.18437343793904	546
-0.013516425266305	0.479698646089272	546
0.111841099817021	0.730287154227213	130
-0.039709364061891	1.02266105464075	35
-0.114050775739878	1.11753462948769	35
0.025192216879932	0.797256240896664	35
-0.104053340438904	0.973080714028269	566
0.022524802382925	0.694205747231572	566
0.039480394042906	0.505166117496004	35
-0.101003990896005	0.622221062703563	195
0.066610431178681	0.408848494727746	195
-0.038301989945556	0.361172702165791	2111
-0.056225879512149	0.968584577874213	2111
0.053037131853466	0.577705421266323	195
0.09649463254929	0.58107048018781	195
-0.107634966545769	0.898598513973832	983
-0.102288506275046	0.932704662097395	983
-0.00868064310139405	0.69648214990739	983
-0.0525600893377311	0.294309953805885	983
-0.079190817443659	0.225403106439413	983
0.074644312733798	0.62250307424227	983
-0.06910571614906	0.709519515580796	983
0.038659444916357	0.318959680896941	983
0.031234664516812	0.264263163719123	192
-0.083668742709217	0.226616320949797	11
0.025910722909037	0.323199861474439	33
0.107905354288985	0.340742755120955	33
-0.113715998861377	0.399336147784988	613
0.061966050573009	0.372922437939222	109
-0.035932915984623	0.6088179130517	109
-0.00567827909860297	0.462927457085956	27
0.043285372292567	0.310164636967844	27
0.05371630509327	0.349763995355021	109
-0.097526802847196	0.484298210259723	109
0.089627337421353	0.249157612975791	109
0.110293549194893	0.112333536245241	406
-0.0858598839870131	0.230314192318227	73
0.085598576762006	0.289889276127031	73
0.026400928189625	0.273538728072551	3
0.051864541895693	0.189062126110476	3
0.122038122180748	0.174006052783315	3
-0.083199536295848	0.22951558009204	3
0.111853708958516	0.112088272718431	3
0.105585049477079	0.115107263657516	73
-0.086426040214859	0.23111507384329	201
0.110125695741463	0.112253782102168	6
-0.0914826313428559	0.2282979660464	271
-0.0869924056963211	0.230539916127221	6
0.11239000863255	0.112944560089795	191
0.105329228347668	0.114890015465784	197
0.112643758889374	0.113294442733233	197
0.112123061494307	0.114973131154919	17
-0.104029992836271	2.31789611819662	63
0.086714065681379	0.705527124968512	63
0.035506595146437	0.258714729312267	63
-0.120189385326029	0.573774427239347	331
0.106831354978793	1.02350854060579	331
0.11057740425593	0.92932649323465	331
-0.114473631514415	0.388420347124949	130
0.112208356332772	0.612312291761573	546
-0.018591085967793	1.03536927120586	546
-0.00518274857275902	1.04665338977984	130
0.00620351948773201	0.654481716531505	35
0.03392087372739	0.528083635500293	195
0.025038813463039	0.33035561789067	195
0.079661274810758	0.614133513457672	195
0.071792034215233	0.609686159203893	2111
0.045937947748051	0.577705953094228	2111
0.085480268932604	0.556499188147643	2111
0.073907679089707	0.61079388538873	2111
-0.118798390972699	1.07363402974521	195
-0.064824186250614	0.919385940901425	705
0.10767652678376	0.446273758008786	705
0.067465467040738	0.611436102302606	983
-0.086630506932781	0.870538905484499	983
-0.023395819119106	0.812762480785165	983
-0.036305957157749	0.794742255660567	983
0.008594274078843	0.536537689755591	983
0.037576564209498	0.540328000461445	192
0.082216250292341	0.540906960771464	192
0.036757523485699	0.325986063644979	33
-0.018314283405985	0.739828929269435	33
-0.102570881841235	0.630986249621093	33
0.098666474483345	0.248146138046765	27
-0.102740530705128	0.504707795146838	27
0.036203037099145	0.319235076946397	27
0.099279348703055	0.113903966920089	73
0.114823742585628	0.11255724030873	318
0.097448892423739	0.243384416235134	318
-0.054520887758845	0.295473214741605	3
0.114299951550314	0.112618511833295	3
-0.083199536295848	0.22951558009204	3
0.111867990649127	0.111527541388821	201
0.112911801013283	0.112883681223137	1212
0.105585049477079	0.115107263657516	2199
0.112643758889374	0.113294442733233	549
-0.087558980580938	0.227787180335746	549
0.11239000863255	0.112944560089795	549
0.11239000863255	0.112944560089795	2
0.105329228347668	0.114890015465784	2
0.118333470475861	0.109009221620307	2634
0.111080992199109	0.11353931257781	57
0.112123061494307	0.114973131154919	17
0.11133387988801	0.113712652956432	17
-0.013452412616734	2.02495601078567	63
-0.053644265175079	2.4498518918087	63
-0.034286750942941	0.358531423506793	331
0.024112877540158	1.17464998370441	331
-0.015080788967064	0.546436820246614	331
0.011886574598109	0.648694694455802	130
-0.011155031555079	0.402701537755061	546
0.037510804740211	0.809971106235354	546
-0.050296057348863	0.69407953133813	35
0.067130757485477	0.583928906727342	35
0.00273054763769398	0.781370501496631	35
-0.085736521067455	0.835548833067433	195
0.00389889054256098	0.755101314599691	195
-0.0116445899336149	0.540840280050695	195
-0.093478408124759	1.00105329942516	2111
0.077685466898799	0.700499674062321	705
0.092901417735758	0.495588432653918	195
-0.095550829893353	1.03104856871192	195
0.052601459731884	0.669497754691266	983
0.043633758949894	0.707223118631503	983
-0.0573948700953	0.299104696030174	983
-0.054429060707059	0.299495656062825	983
0.072995992229815	0.464013400763378	983
0.053507671076512	0.39597663416191	192
0.041980611316714	0.424568378035273	192
-0.124828056537114	0.5778264469311	33
-0.082065968681697	0.230458165802187	33
0.030472355639435	0.540085688604637	33
0.065142703507329	0.41742031381522	33
-0.123062250484633	0.587848499200325	613
-0.00320396693528602	0.513980294139776	613
0.046599191682801	0.353970732776645	27
0.091032087445785	0.363168594804167	27
-0.069515933770626	0.423987490975389	406
0.04532376850952	0.194818658145184	318
0.041799198497728	0.318215429044109	73
0.111602139321358	0.115032192174277	18
0.02943875680719	0.268507152760996	18
0.101670758570811	0.243339830948682	18
0.0377795923076	0.19572822622111	3
-0.082065968681697	0.230458165802187	3
0.109063618653346	0.11247761804126	3
-0.081874867372603	0.229873084039577	3
0.11133387988801	0.113712652956432	152
-0.079017146245681	0.219986071341869	70
0.11133387988801	0.113712652956432	6
-0.077239286016319	0.226197788327762	271
-0.083199536295848	0.22951558009204	271
0.031965907596135	0.264127996847969	6
0.11239000863255	0.112944560089795	549
0.112911801013283	0.112883681223137	2
0.111080992199109	0.11353931257781	17
0.109995660589875	1.60824707336341	63
0.024185967607721	1.39435455009654	63
-0.01677193782477	1.08580094171032	63
0.038449173543637	1.16878833991228	331
-0.052099623156279	0.290817919061708	130
-0.108260052014855	0.865073307471462	130
-0.00555226799511999	0.395991740455662	130
0.072162142212316	0.617366335570666	546
0.080070320524743	0.776236529921954	546
0.122293731246785	0.66177123482659	546
0.103997891915948	0.761668758875908	546
0.012667159048231	0.592583033173907	35
-0.056015546090445	1.02649575299814	35
-0.018910782490424	0.684609286356556	195
-0.042472423653954	0.547933935733869	195
0.031439251449495	0.881426480348037	195
0.020137420054901	0.5551447781111	2111
0.113905281367504	0.546824358768942	2111
0.082270109593498	0.632682480710953	195
0.057553751176526	0.620740388745189	983
0.039595765387117	0.32160666959701	983
-0.052914347676596	0.292156150996992	192
-0.081308217797875	0.229779893299134	33
-0.0270566717106731	0.350534042527828	613
0.092292219034617	0.330553853736026	613
0.09375091320529	0.249110374339154	27
0.045770600520943	0.456973997667591	27
-0.032440408536322	0.358992575180263	109
0.046309731561582	0.366432856166186	406
-0.088066111496496	0.228752102721505	73
0.030037019715663	0.268302279210081	3
-0.088066111496496	0.228752102721505	3
-0.07780377687633	0.227409118788387	3
0.114299951550314	0.112618511833295	73
0.111853708958516	0.112088272718431	152
0.025199038164729	0.273950616800281	152
0.114823742585628	0.11255724030873	152
0.112123061494307	0.114973131154919	95
0.033758485646735	0.267528819413003	201
-0.082632648054503	0.230550960741628	201
-0.063371765537192	0.296827051882238	70
0.105855485888929	0.113658744219182	117
0.109340394058329	0.112518694557235	117
0.105585049477079	0.115107263657516	12
0.11239000863255	0.112944560089795	373
0.106639551297304	0.11488364968898	17
-0.005850045550155	1.33204944140164	63
0.089905208686088	1.00139451795819	63
0.037790501881801	0.985463307225137	331
0.118358934312295	0.539671041841714	130
-0.064555170542443	0.712552907667222	130
0.068859357449226	0.446951984169531	130
0.088871974267021	0.689103799599641	546
0.034143828493867	0.425365349046117	546
0.100546062696895	0.815567318090892	546
0.121293528801296	0.5198290155772	546
-0.058288651308302	1.17629779780473	130
0.040124628132012	0.636177783607748	35
0.051479343377074	0.76029858912551	35
0.054829938396911	0.554620373636643	35
-0.066561221251918	1.22237231047333	35
-0.011389857749206	0.773266998312843	566
0.047340767248756	0.715957668458722	35
0.096501666659342	0.700310856997527	195
0.047352138727409	0.626194170554881	195
-0.073593888811395	0.793424606541279	705
0.027195749941064	0.780653719605072	705
0.046641746388595	0.363336017685241	705
0.034347566640284	0.705762471112607	983
-0.069685547700901	0.795538724010271	983
0.094750555292545	0.243493377441998	983
-0.00798548228317697	0.402216638464187	983
0.035984884057402	0.729974425011876	983
0.031862301791147	0.327943213468322	983
0.045709194059893	0.364313995653833	983
-0.102558965310952	0.872647299949128	983
0.068260227680269	0.415132007899314	33
0.041956613410023	0.462473791474457	33
-0.0959497396147509	0.497157817215241	613
0.1068362612521	0.435680417926713	27
0.057861305825784	0.38570247604441	27
-0.124551728440059	0.712548752143481	27
-0.057243812108859	0.687065901001213	406
0.04262280560762	0.197815059386246	406
0.11239000863255	0.112944560089795	406
0.034471068737238	0.196240897348033	318
0.034947399019462	0.32825785825011	73
-0.034350998735611	0.354556378033312	73
0.029273947981927	0.274449189425089	18
0.038321962764617	0.199537160848968	3
0.039904706615939	0.198350876514301	95
0.11133387988801	0.113712652956432	70
-0.082441725769981	0.228844674254801	6
0.114299951550314	0.112618511833295	173
0.099812121038638	0.113744894429683	117
0.113433367963492	0.111280618271974	549
0.114564643625589	0.110937634837806	549
0.106112415250477	0.116155148037716	549
0.112123061494307	0.114973131154919	57
0.111080992199109	0.11353931257781	57
0.11561420249907	0.11228656899571	57
0.115347306613337	0.110954114209396	197
-0.087245755730482	0.231819826248083	17
0.055330283419297	1.81754504331376	63
0.055778221170729	0.353968441957082	331
0.079897314267231	0.462132162436329	331
0.115129497928747	1.03492220515962	331
0.029895250748549	0.44839936213803	130
-0.053380324372835	0.592826385205263	130
-0.073120028732137	1.24258916144394	130
0.116817303166478	0.829166633210317	546
0.054040842808564	0.897941006017961	546
-0.058306475942724	0.772088343390441	35
0.099013733188009	0.629883822399116	35
0.124594007623086	0.737579866922331	35
0.121552984568626	0.546824258234602	566
-0.048418017928512	0.784213193738768	35
-0.047594251876517	0.719075818659115	195
0.070833492488036	0.446966686592053	2111
-0.058505441213593	0.998453395606878	2111
0.00815284236062502	0.654478722104248	705
-0.00296153567969903	0.737349498898261	705
0.028289714077045	0.782149436889198	983
-0.030833004093722	0.529176449949588	983
-0.011316476457096	0.77180398587403	983
0.036741973509151	0.846821473217744	983
0.024014355046075	0.615106805661006	192
0.031389550754632	0.732413121341839	192
-0.114384470754351	0.690438674822799	192
-0.083785495373894	0.666333861466168	33
-0.011155031555079	0.402701537755061	33
0.022571570623662	0.454769546502723	33
-0.021359426417906	0.688949744425451	33
-0.00865318208763699	0.46932965267739	109
0.111853708958516	0.112088272718431	73
-0.050848743638595	0.289553463488033	73
-0.0339629630707881	0.357949079173112	18
-0.0594977480993431	0.288350059883948	73
0.027489380813326	0.27240572128393	73
0.124643896456284	0.174588614458863	73
-0.054429060707059	0.299495656062825	201
0.046407448578281	0.195486113699481	41
0.113433367963492	0.111280618271974	549
0.11561420249907	0.11228656899571	57
0.110813826690365	0.113772710115371	57
0.114299951550314	0.112618511833295	17
0.016424809140986	2.34421962695878	63
0.105201809222331	1.27709571235119	63
0.100909500206998	0.495219109870459	331
0.030349921806245	0.328404778979835	331
-0.00800152261588705	0.400110699239261	130
0.107055090201105	0.380124353292168	130
-0.106484744562564	0.647678315340096	546
0.098546096666337	0.638527890712401	35
0.103193893996938	0.672927125436451	195
0.089765949047566	0.673060607475508	195
0.00753480566380999	0.539118974090006	2111
0.122883699661268	0.610938561755896	2111
0.10609941096622	0.585995807239939	705
0.078837208171736	0.523248003040124	983
0.036549086907066	0.613740702002733	983
0.102208085771148	0.497816274132636	983
0.00856539109697002	0.629558600369726	983
0.000294727360095004	0.558447522464846	983
0.112250420431778	0.48583271340601	983
0.103856516926397	0.485512895938522	983
-0.075681903145682	0.437896533588926	983
-0.107595528508902	0.501406151093934	983
0.00940902025018697	0.790984251366737	983
0.026773489648856	0.66791911790375	983
-0.00782943443194895	0.775407970334868	983
-0.04365869253319	0.551804932230038	983
0.098801223303712	0.49939631511072	192
0.123182862914651	0.493133293279507	192
0.094277079512624	0.329885578990621	613
-0.065192339473872	0.52266211069382	613
0.022422495348838	0.272936823783426	27
0.0099578357142	0.493638583536673	406
-0.076293010112836	0.437599774392515	406
0.096418057734866	0.294456182615847	109
0.047523462332102	0.195197901983396	109
-0.087245755730482	0.231819826248083	406
-0.116254687869603	0.39470616092997	73
0.110293549194893	0.112333536245241	3
0.042857552425884	0.197703856707579	152
0.096738532693741	0.320253000208617	378
0.097096797093053	0.245862213219273	201
0.035364839553662	0.194702511544839	201
0.11133387988801	0.113712652956432	201
-0.087558980580938	0.227787180335746	123
-0.083199536295848	0.22951558009204	6
0.112123061494307	0.114973131154919	271
0.11561420249907	0.11228656899571	117
-0.083391844186964	0.227459881106157	549
0.049430864416428	0.190450069160053	17
-0.069537923028614	0.527205835769245	331
0.085779230211257	0.296438036051862	331
0.015393759508507	0.422086611745653	130
-0.083486368801966	1.08734778333413	35
-0.075851848429505	1.16680248392658	35
0.00977729135223399	0.860373630465401	35
0.00348494434073698	0.858039818245741	35
0.075346545878724	0.755240405400028	35
0.00956654783118899	0.881901424422243	195
0.093054877095793	0.783806304457854	2111
0.093243598530755	0.421811716438998	2111
-0.120775702391025	1.11330058162451	2111
-0.042262504555635	0.937291589434651	2111
0.01162496460476	0.904558260809605	2111
0.060869958152572	0.537855431587827	705
-0.11472102905046	0.811329355180391	705
0.066476272894354	0.444013628145871	705
0.120282324843491	0.449833837635194	983
0.044035194550364	0.532786975003819	983
0.04902022456254	0.596442039698433	983
0.098106264798829	0.38812830993703	192
-0.072947000365533	1.02215501085283	983
0.034568802627686	0.655771014495604	983
0.092640343497294	0.524609428803255	192
0.047818463107564	0.580152099080474	983
0.033273757565552	0.267999122459075	33
0.071997983957197	0.441926489701246	33
-0.010490983554675	0.405193511299616	613
0.040832189808895	0.365835639390671	1291
0.030936190067656	0.332721363820954	27
-0.050986334391348	0.293279708813577	1040
-0.073654407142296	0.427711145082144	1040
0.00377428652117701	0.380624823091523	109
0.097460680099828	0.287404896837499	109
0.09325556077856	0.24456982803852	109
-0.088550725733503	0.576646408890353	109
0.022782735759291	0.271859038272238	406
-0.0573948700953	0.299104696030174	73
-0.057558196294346	0.294997461475723	73
0.108280085847995	0.112742150793283	18
0.043180646496689	0.197311888785559	73
-0.087812170675417	0.231240314047897	73
0.04262280560762	0.197815059386246	73
-0.058199623123976	0.298204316658552	73
0.110813826690365	0.113772710115371	73
-0.081717909987459	0.224923109624601	3
-0.031176252669005	0.36224209495426	95
-0.081308217797875	0.229779893299134	2521
-0.087499856473756	0.227973061801536	2521
-0.081308217797875	0.229779893299134	6
-0.09009914022536	0.22419280428619	117
0.111853708958516	0.112088272718431	117
0.114823742585628	0.11255724030873	117
0.114823742585628	0.11255724030873	117
0.115089536983158	0.112348134554799	1092
0.110813826690365	0.113772710115371	1092
0.020924876213714	0.508784639723437	331
0.006179326236124	0.495484034105778	331
-0.108572728950789	0.904766828422578	331
0.101101699073804	0.572323379981005	130
-0.00208852751703503	0.853339911584224	35
0.039263218692714	0.680283062120208	35
0.055710836363323	0.542263702384809	35
0.106663384389582	0.669488951472568	195
-0.060984480142981	1.08805361357106	195
0.079380006130392	0.495347918530786	2111
0.096733530695059	0.647588880865275	2111
-0.074640826644927	1.0381661498151	2111
-0.00692369136987403	0.736736897160161	2111
0.07022107707828	0.550701957047482	705
-0.0803892703275571	0.752401479903315	705
-0.082826411844247	0.688683227214898	983
-0.111972290741999	0.774660315459622	983
-0.0245770432019931	0.561097275553023	1062
0.097639559087768	0.528942274436055	983
0.091383467654297	0.397686964955244	983
0.00225930741666602	0.710413307152329	192
0.10747173861869	0.431091542306398	983
-0.062813083900145	0.676725514378571	192
-0.061645902005898	0.604765048148109	192
0.072169958680858	0.407657281063058	192
0.030321405688393	0.332521006802332	983
0.099017863903461	0.383199942976232	192
0.052349457861364	0.595498525343922	192
-0.014263746329687	0.612251069081021	192
0.016215648015886	0.524178050259781	192
-0.086326269233393	0.730855593534935	33
-0.010841332877139	0.3957923827884	33
-0.046960534922756	0.464589294235355	33
0.040490076875865	0.322878727242239	1291
-0.0733527165674101	0.430276132072847	1291
-0.035054595276631	0.538523902321482	109
-0.079190817443659	0.225403106439413	406
-0.0625504025333	0.297691638591998	406
-0.0807417768971001	0.228548754592648	73
-0.078933382887377	0.226494530252324	37
0.044007237400814	0.195839006394488	3
-0.0886325758791971	0.228200779400233	37
0.113775933333423	0.111202432084785	1115
0.111602139321358	0.115032192174277	6
0.039113424792125	0.199650098479209	117
0.107423158596091	0.112849552995292	57
0.111602139321358	0.115032192174277	203
0.106112415250477	0.116155148037716	17
0.089243744282202	0.589392363886736	546
0.064138457891605	1.1348776495338	546
0.070635972756735	0.945570546189078	546
0.082364185348162	0.506777664343008	130
-0.10417405367257	0.860093285259551	130
0.043632676339911	0.620698196905717	566
0.023054202386508	0.697385314359243	35
-0.0458936655491911	0.922684659486299	195
0.104784471939593	0.767736281876888	2111
0.019310805698713	0.936627062772716	2111
-0.017208800967997	0.664389248062452	705
0.049397480649427	0.362726202374093	705
0.074720992715142	0.402477615245713	195
-0.121434534479369	0.703109151464451	983
0.027830549442362	0.448702816363014	983
0.04645359911676	0.877611540542425	983
-0.112461880384844	0.650823036603087	192
-0.061906792104926	0.603725858709839	192
0.093986606886742	0.332298217316134	983
-0.026558304940668	0.904427188358036	192
-0.010476506468855	0.398916229675437	33
-0.073769232146248	0.443165062451499	33
-0.119337878625343	0.493304318555844	33
-0.084316984485301	0.581996594011631	613
-0.031701468295896	0.360132751462305	1291
0.030037019715663	0.268302279210081	1291
0.102958948553069	0.279856362832833	1291
0.031536903280513	0.328578832281796	27
0.063368951563537	0.379869842556509	109
0.034369344740701	0.320982408161878	109
0.096927726296043	0.330689741746183	109
-0.034927868850316	0.363606106520959	109
0.099277840160374	0.247223138656396	406
-0.078670003454687	0.439470448137916	406
0.105902564771678	0.230235564325991	406
0.02818855116116	0.270293117633729	73
-0.07836847578401	0.227502697104956	18
-0.079985477202539	0.224463114819652	73
0.11561420249907	0.11228656899571	73
0.107423158596091	0.112849552995292	37
-0.050848743638595	0.289553463488033	3
-0.0869924056963211	0.230539916127221	37
-0.112023980318024	0.388038108022205	95
0.11239000863255	0.112944560089795	378
-0.083668742709217	0.226616320949797	1115
0.042425444743588	0.194361137529262	6
0.100056469917582	0.115100155835255	271
0.102192444080415	0.239908095888395	117
-0.082258634579743	0.226170400043011	117
0.105329228347668	0.114890015465784	117
0.114823742585628	0.11255724030873	117
-0.082283654715912	0.227931457197007	57
0.106366896593577	0.113071891971668	17
0.112123061494307	0.114973131154919	17
0.115957694008478	1.25772560846779	331
0.075947472645926	0.651478170112765	331
0.090194820408166	0.941727049565784	331
0.044897756420476	0.883582176369258	546
0.104751072617809	0.381888390467292	35
-0.058639398842298	0.513175264377321	35
0.123093588964448	0.744212781578059	35
0.078702894556039	1.04435246206745	35
-0.00826730597176195	0.707403829270975	195
-0.02626764917098	1.4454224386937	195
0.0606674311351	0.455458992928455	195
0.111903400638232	0.899180094147024	2111
-0.00516899626651901	0.391906660652538	705
0.030636698144039	0.329194311916232	983
-0.056589552106167	0.298261079652957	983
0.116823281125632	0.708027829604975	983
0.058322645572276	0.990641987441761	983
0.081846951477462	0.740799141195398	192
-0.047144426014796	0.625066293743791	192
-0.110952808301983	0.388375772976456	192
-0.037408566724858	0.880984038670614	192
-0.083065524305083	0.439002552590016	33
0.04696555829762	0.195697318723232	33
0.105855485888929	0.113658744219182	613
-0.095374878200557	0.610625316260614	1291
0.094705113974634	0.39080094423294	1040
0.042857552425884	0.197703856707579	109
0.11133387988801	0.113712652956432	109
-0.04128241125133	0.683767225073544	109
0.068859357449226	0.446951984169531	109
-0.00557952480270196	0.702805267143888	109
0.106112415250477	0.116155148037716	73
0.115347306613337	0.110954114209396	18
-0.083008793139153	0.22578525915807	37
-0.083055880425184	0.584426055930269	73
0.042097263430197	0.197596168935613	378
0.112123061494307	0.114973131154919	274
0.11239000863255	0.112944560089795	2
0.11239000863255	0.112944560089795	57
0.044208243085981	0.196626825000587	57
0.11561420249907	0.11228656899571	203
-0.076417683921763	0.223160788798814	197
0.111602139321358	0.115032192174277	17
0.112123061494307	0.114973131154919	17
0.11133387988801	0.113712652956432	17
0.11133387988801	0.113712652956432	17
0.065207561343962	1.16233157856098	331
-0.095098302175659	1.62081493907808	331
-0.016953652760372	0.558997463835849	331
0.107433860385453	0.700203146495967	331
0.038278265565307	0.563645379251046	546
0.030836024773504	0.269299808188036	130
0.024956177777261	0.273042876154211	35
0.073060035543914	0.781711389182085	35
0.024849812919955	0.453585686093796	35
0.100837480128707	0.918929885576552	566
0.097706277943734	0.330839521651454	35
0.092007598531003	0.247918561636777	35
0.097828672875553	0.507117592072885	35
-0.121408186218547	0.570744643301268	35
0.076973434643422	0.469301459594087	35
0.00532296651292602	0.499012086342398	35
0.027330983081418	0.640910073497217	2111
0.118522279166945	0.554727545087308	2111
-0.080551888366701	0.225643184038845	556
0.070619787534538	0.645394993735147	705
-0.07780377687633	0.227409118788387	195
0.048315648015441	0.194652911614615	195
0.11133387988801	0.113712652956432	983
0.04696555829762	0.195697318723232	983
-0.0309563053429051	0.450615380512884	983
0.064360719245564	1.01930019216047	983
0.049665373548567	0.190456113039934	983
0.067799592326868	0.888351914904035	192
0.098415249015803	0.35809621403083	192
0.091405033762677	0.331823283676859	192
0.069334245107862	0.477253343337695	192
0.120082140736722	0.172880732698794	192
0.121497927956783	0.584750485456999	192
-0.064389234056674	0.60564201317376	33
0.018243991635136	0.768159257260799	33
-0.07780377687633	0.227409118788387	613
0.043973464457907	0.197417117370018	613
-0.037943627014733	0.670042596211682	1291
0.11239000863255	0.112944560089795	73
0.036557371220015	0.431577251876782	18
0.103288120608247	0.112625300009573	37
0.054402715674902	0.510221809775673	37
-0.037784106661058	0.359958191918714	271
0.035878542155128	0.319438710267888	117
0.00317489927438502	0.502508748343296	117
-0.103629394724683	0.509095137571466	117
0.101064025230069	0.349782944555497	117
0.120427771893988	0.176032124298812	12
0.021936054227078	0.270793604740828	57
0.034803822823933	0.197160314385022	57
0.049442935760262	0.35777698648531	57
0.112123061494307	0.114973131154919	57
0.111867990649127	0.111527541388821	17
-0.02516416338292	1.54323783757692	331
0.062256155743711	0.389059728018431	331
0.074833145627372	0.974335119098438	331
0.096679409627701	0.593524133991041	331
0.123392302068159	0.719476086293365	331
0.110440478932442	0.821874097207503	546
0.029563917108523	0.974798479370275	546
-0.054052720772634	0.838114607843954	546
-0.04526750204138	0.469513907463348	130
-0.088781793225523	0.903718153308964	35
-0.090227368716451	1.23821015140809	195
0.057366522835536	0.510380033791913	705
-0.055012011242405	0.298649339269476	195
0.048081160825912	0.193891530582858	983
-0.054429060707059	0.299495656062825	983
0.004423853155064	0.830053529057059	983
0.066548412247216	0.713912285450441	983
0.095901974253385	0.628405330925541	192
0.057191058391529	0.727146638330854	983
-0.074269981266146	0.430943903024375	983
-0.114930478824926	0.398512814098925	192
0.03644800210093	0.327398203249828	192
-0.027925700606626	0.566068969847304	192
-0.023267504663962	0.929059903145737	33
0.03351620666646	0.268863841146082	33
-0.082065968681697	0.230458165802187	33
0.111602139321358	0.115032192174277	613
0.031079264884806	0.272544455666127	613
0.11239000863255	0.112944560089795	27
0.035593749522853	0.195917691382503	310
-0.01168790392918	0.387475320666851	109
-0.09926473644794	0.691619363144548	406
-0.053588554092553	0.292825106837486	73
-0.00774803018065295	0.397388211087117	73
0.111080992199109	0.11353931257781	73
-0.0613817089398741	0.294959541014355	1103
0.041740817103503	0.194064380783088	37
0.043973464457907	0.197417117370018	37
-0.00896918564815497	0.400932090847531	37
0.029793205242305	0.266375450218464	37
-0.04139923137469	0.469805807891745	37
-0.0914826313428559	0.2282979660464	95
0.106366896593577	0.113071891971668	41
0.039113424792125	0.199650098479209	271
0.111602139321358	0.115032192174277	274
-0.089294126209035	0.221878222122785	117
0.038975569601409	0.325121127149995	117
-0.082258634579743	0.226170400043011	57
0.110813826690365	0.113772710115371	769
0.114823742585628	0.11255724030873	17
0.110813826690365	0.113772710115371	298
0.110125695741463	0.112253782102168	17
0.01771243226696	1.27491638117364	331
0.022694158150926	0.718651521938794	331
-0.101205603070694	1.11163546595723	331
0.059160569055183	0.922071975634583	331
0.034340250077421	1.03528556190361	546
-0.00427678812330901	0.397140494717893	130
-0.115255454752523	0.387655758978213	130
0.042046902062349	0.368800125071565	130
-0.019663878231483	0.621234237318533	130
0.000976514830747011	0.568373445812683	35
-0.077078507301661	0.83481881282428	35
-0.10977978930302	0.767806063546189	195
0.078065354225099	0.457747296306959	2111
-0.078754870185179	0.766936663057939	2111
0.115325816064223	0.660344725974975	2111
0.031165072282286	0.265401461526353	556
0.039113424792125	0.199650098479209	556
0.102279784906231	0.242205678987109	705
-0.116012128616855	0.392032518944929	983
0.101829846261209	0.244177537535868	983
-0.048666612908322	0.292620495523214	983
0.099015788650954	0.246974089940951	983
0.034449115564035	0.701548164696021	983
0.0278462952597	0.271798049310183	192
-0.053717899617387	0.294636146973436	192
-0.058918232003584	0.296733330450495	192
-0.10182630861669	0.513318551331369	192
0.121092901000005	0.563698799325989	33
0.044977802597329	0.56069364242723	33
-0.080153049375864	1.10700351714923	33
0.108960097273267	0.454039614413662	33
-0.081308217797875	0.229779893299134	33
-0.010845522536682	0.397504509724738	27
0.030720373355123	0.273797498740466	27
-0.116177661259212	0.807722592471133	637
-0.041087771475966	0.616558194623736	637
0.035798357645426	0.43476089854152	73
0.112123061494307	0.114973131154919	37
0.047565861178285	0.364465950366158	41
0.101836954759186	0.350085439942369	123
0.022981759475628	0.456115611905091	123
0.048461350819332	0.364095281858098	123
-0.083102739519798	0.225844845103275	123
-0.081308217797875	0.229779893299134	274
-0.0906667168061091	0.224325368191899	274
-0.078061529945624	0.224126743967893	84
-0.111426313142901	0.391183860286665	84
0.093050058394029	0.243028743741833	117
0.045431428479258	0.361001186161161	117
0.093270914843566	0.331157794823366	117
0.111853708958516	0.112088272718431	57
-0.082849608363218	0.228720993086107	57
0.096221511829564	0.245377682662447	57
0.042064759041843	0.197598618138934	57
0.038225131971183	0.195337929159257	57
-0.05978735766559	0.296151637194913	72
0.109594773539516	0.113465995883652	17
0.105329228347668	0.114890015465784	17
0.099092142483848	0.437773337070811	331
-0.085852585928894	1.65723920250061	331
0.057886703562905	1.01367093209869	331
0.052466493239821	0.814028414848879	331
-0.022304989472667	0.986482671995847	331
0.087738649561769	0.845978256728188	331
-0.0104410856289761	0.970194497640517	546
0.061654275663408	0.38760246943229	130
-0.122068272887877	0.396869971796601	130
0.012519277302207	0.429393955461503	35
0.034129257530137	0.743098454966569	35
0.106604794276244	0.631295542407122	2111
0.036428537829421	0.193424140756227	705
-0.0866795500923629	0.231015106598707	705
0.121002398938153	0.175838352108009	983
0.102180027314186	0.242496610812914	983
-0.114930478824926	0.398512814098925	192
-0.034961392217006	0.353967019085502	192
-0.120280932197742	0.386091432639427	192
0.103878483929886	0.541421043603372	33
0.029241984370109	0.850112773453778	33
-0.082632648054503	0.230550960741628	613
0.063172034052615	0.44480703365391	109
0.016920577457146	0.579464158898231	109
-0.082065968681697	0.230458165802187	73
0.034409050457978	0.319345222094109	37
0.106639551297304	0.11488364968898	95
-0.093218201513379	0.495994846636346	41
0.111602139321358	0.115032192174277	123
-0.057794302990502	0.296051139657442	117
0.048549721363538	0.192197906276806	57
0.094547585649699	0.249687471354233	57
-0.081308217797875	0.229779893299134	72
-0.045715931140548	0.285678775201577	769
-0.051756000536432	0.291827686465226	197
0.093186407253335	0.88284546119691	331
-0.030076153787149	1.18523447949109	331
0.05616244227026	1.27320587882246	331
0.090471501188576	0.397755679097917	35
0.00351303254878999	0.562665036564905	35
-0.012429510164645	0.472264340754921	35
0.093023511451413	0.362330354534792	35
-0.00207292923912505	0.602142338001971	566
0.024018329216929	0.580026633057869	195
-0.074510007752793	1.34407041100731	2111
-0.115086816919071	1.19176349800284	2111
-0.00341448350545903	0.393889903577153	705
0.034332443541471	0.328068325067556	705
0.089889227295613	0.249802068017591	983
0.00124659989629	0.506328712011581	983
-0.102722140122575	1.13355107756835	983
0.017360323255139	0.835291276639892	192
0.090446071110673	0.2478261536952	983
0.115153067722352	0.495957429959621	192
0.00558789878184701	0.818185833347443	192
0.00558459851413801	1.00261711712061	33
0.06019354076456	0.621607411711277	33
0.034849704870813	0.780698664967709	33
-0.057602877571562	1.0211270471803	33
0.043973464457907	0.197417117370018	33
0.105859607040902	0.236381202090925	33
0.04265695270042	0.197444510551641	109
0.029950586739058	0.432067539757442	109
0.092297304725297	0.454899964644911	109
0.115347306613337	0.110954114209396	18
-0.07780377687633	0.227409118788387	37
-0.074689245059182	0.440516309547256	37
-0.042926224358725	0.547925815194772	37
0.112911801013283	0.112883681223137	37
0.038785197228203	0.197747169799168	37
0.027222252032043	0.443418180529061	41
-0.075466078048521	0.445176897048435	41
-0.115168253580401	0.400635733477657	123
-0.093116422928159	0.226064246254305	274
0.106366896593577	0.113071891971668	84
-0.037515855839833	0.460734158373828	117
0.047757731573655	0.195150846424252	117
0.11239000863255	0.112944560089795	2
0.111602139321358	0.115032192174277	57
-0.032402001099835	0.362645995887582	57
-0.111426313142901	0.391183860286665	72
0.123035348698285	0.172773463040549	17
0.041506506655175	0.196577430722051	298
-0.097968654259336	1.90094945474164	546
0.062331817030232	0.570915042975045	546
0.062834175298054	0.67918155884965	35
0.109183435334089	0.607287402937266	35
-0.106193314831801	0.944561869543187	35
0.10980180980594	0.476839631317195	35
0.104092280235496	0.52083045738494	35
0.047120634207464	0.52904190200036	263
0.085952719280448	0.333151137018542	556
-0.054294457646514	0.505385743548649	556
0.073142143691043	0.443216412459179	556
-0.019127291822577	0.483632494538718	705
0.065081718850724	0.419483687313031	705
0.064003527602872	0.386323159510427	396
0.099716742695968	0.239243180901884	1967
0.019956566626824	0.611952783111614	983
0.101667479793809	0.357303853774178	192
0.079654878271121	0.462376922885586	192
-0.067655695670562	0.710150431200288	192
0.093735774931692	0.290428599348925	33
-0.013288502300923	0.399939975442509	613
0.038553785579531	0.19980113560382	613
-0.05008100830262	0.549322736168264	613
0.092931678023182	0.286795630765003	613
0.038086165932687	0.323328363809417	33
0.092990602266656	0.297901571254942	1236
-0.00931490224781795	0.389575439210473	637
0.096174666875753	0.290494548807859	637
-0.0858598839870131	0.230314192318227	109
-0.081308217797875	0.229779893299134	109
-0.112263166592935	0.394518671226777	109
-0.072833627428163	0.21805266530638	73
0.043415611281046	0.197922002730223	18
0.03424259816929	0.197859954675779	18
0.031924060698558	0.271694893293987	37
-0.0845258894521041	0.223516524160668	37
0.112123061494307	0.114973131154919	37
-0.083391844186964	0.227459881106157	37
0.04423834296775	0.193928938435417	37
-0.086173284288692	0.22640914189201	37
0.105855485888929	0.113658744219182	41
-0.083199536295848	0.22951558009204	123
0.111867990649127	0.111527541388821	274
-0.0858598839870131	0.230314192318227	274
0.112643758889374	0.113294442733233	84
0.105329228347668	0.114890015465784	84
0.112123061494307	0.114973131154919	117
0.111602139321358	0.115032192174277	117
0.100833114259372	0.11311585747126	12
0.11133387988801	0.113712652956432	57
0.11561420249907	0.11228656899571	57
-0.081874867372603	0.229873084039577	57
-0.07836847578401	0.227502697104956	203
0.108810355957882	0.113734591791858	745
0.112643758889374	0.113294442733233	298
0.106639551297304	0.11488364968898	17
0.117873858523234	0.832100217050309	331
0.030134417828631	0.695037067757967	331
-0.021310053169408	0.666044352658381	546
0.00769142926445399	0.931478926934001	35
0.066358666482171	0.739752554884369	35
0.00386374970130399	0.542059073273923	35
-0.079420675477628	0.829439857872768	35
0.117496403060525	0.480496838363332	35
0.038737431413723	0.708973063023232	195
-0.073738191421041	0.822075991350865	263
-0.102204859250325	0.637339546793126	556
-0.114247091584843	0.690756745948848	705
0.098905638130551	0.328942678300391	396
-0.049789645800114	0.608205535465201	396
0.016036185293782	0.421939086007823	983
0.022926468078957	0.512838092240562	983
-0.034223174008339	0.51847817780112	983
-0.0420330637403939	0.60739334741383	983
-0.0510907481295521	0.928138375682865	983
0.039938725048413	0.624359507788717	983
0.08760577409187	0.44518024664261	192
0.05217881235244	0.356885155633199	33
0.060800867654711	0.391304423848162	33
-0.123631055319944	0.572504003285551	33
-0.041682766166692	0.355712445707199	27
0.04186597437342	0.195396399092148	310
-0.00402384168091596	0.395493297348195	109
0.044531112100656	0.196091216271099	109
-0.0511771758365001	0.290389062267868	73
0.044766108565605	0.196127072599956	73
0.042857552425884	0.197703856707579	37
0.11133387988801	0.113712652956432	37
0.112123061494307	0.114973131154919	37
-0.054968971652647	0.290198972478462	37
-0.079755773491192	0.224427191828899	37
-0.082632648054503	0.230550960741628	41
0.106112415250477	0.116155148037716	41
-0.0866795500923629	0.231015106598707	274
0.114823742585628	0.11255724030873	84
0.115089536983158	0.112348134554799	84
0.123941379171696	0.167197651861976	84
0.109063618653346	0.11247761804126	117
0.112123061494307	0.114973131154919	57
0.111602139321358	0.115032192174277	57
-0.082849608363218	0.228720993086107	72
-0.081874867372603	0.229873084039577	72
-0.082283654715912	0.227931457197007	203
0.11239000863255	0.112944560089795	72
0.106112415250477	0.116155148037716	17
0.110293549194893	0.112333536245241	17
0.11561420249907	0.11228656899571	101
-0.024064811601095	0.935992228396814	331
0.024684384224868	0.802577313181519	331
-0.044322070143701	1.29119739414493	546
0.110202470462683	0.662823357453359	35
0.104035942347132	0.410784108558552	35
0.087543784390352	0.587114536094642	35
0.081924150488722	0.682422269590727	35
0.116120775777275	0.595606591170808	195
0.088173882961211	0.592758624018796	2111
0.099382935057779	0.354035987573689	705
-0.032781342914751	0.670446194171335	705
0.032744327873037	0.331702468239731	705
-0.010845522536682	0.397504509724738	983
-0.00525352113461897	0.398255167319677	983
-0.081463453912434	0.739285151383147	983
0.115394498821342	0.503531444595211	192
0.045736201236454	0.352975685460743	192
0.049920108609066	0.486538285038669	192
-0.02180171690142	0.734097165973451	192
-0.0495311248692491	0.731096256265187	33
-0.097991788104271	0.634037761205609	33
0.042003146803722	0.555535208025898	33
-0.034611450042416	0.352429899213658	33
-0.113569822785881	0.389240946097208	33
-0.072618404467706	0.440623385142075	33
-0.12328551433429	0.397208261751681	33
0.037825157656275	0.260208451142747	27
-0.082632648054503	0.230550960741628	33
0.102802170064644	0.239945564652569	33
-0.073397868709379	0.219173348308329	1236
0.103922172389075	0.315834678157658	109
0.031467251484791	0.255903495076062	2420
0.095958240251536	0.248180020683228	37
0.12486080357826	0.176396462973594	95
0.041506506655175	0.196577430722051	456
0.124295838872318	0.170960303621756	41
0.038568981881509	0.195198776855246	41
0.114299951550314	0.112618511833295	41
-0.08146522348217	0.22488204620087	202
-0.087245755730482	0.231819826248083	84
-0.061728499834898	0.296863916878707	84
-0.048860289449324	0.285944566899036	84
-0.081308217797875	0.229779893299134	117
-0.082283654715912	0.227931457197007	117
0.106112415250477	0.116155148037716	57
0.111867990649127	0.111527541388821	203
-0.083415771078558	0.22815883731346	17
0.11239000863255	0.112944560089795	298
0.112643758889374	0.113294442733233	17
0.033811168409165	1.1912486672656	331
-0.089311327997736	1.81734310456038	546
0.11461559157544	0.662630955197155	35
-0.00130058882452699	0.7363590346283	35
0.114712894280534	0.394123493097342	35
-0.111064229695549	1.07269309627273	35
0.000553806668891987	0.653177143988332	263
0.114769830360528	0.541596504081192	263
-0.042161759302315	0.887341024447878	2111
0.074182128872538	0.669291000213837	2111
-0.102501384660851	0.967025094505198	2111
0.046625209294604	0.459744213206089	556
0.052426334956512	0.353513440227967	556
0.103508757752215	0.321301317103844	705
0.09048277562881	0.295027707849189	705
-0.033168842030876	0.456015021849991	396
0.089707744812447	0.289285392981449	983
-0.10182630861669	0.513318551331369	192
0.100687369615837	0.325388270118125	192
0.099558834658876	0.359262498264082	192
0.040575023794978	0.468367938712625	192
0.039275314987145	0.504320684907565	192
-0.0717328254210799	0.871445983894119	192
-0.088316561334862	0.911042602476865	192
-0.111628130741494	0.912065940116629	33
-0.120683292215987	0.573390996466278	27
0.033663371494648	0.325641257706528	33
-0.00706762937062799	0.401499590343707	33
-0.111346396857381	0.5116158257821	33
-0.118698482541439	0.57168328138975	33
-0.035703534898746	0.462570342963652	27
-0.082065968681697	0.230458165802187	1236
0.027601840809019	0.269546896612232	637
-0.072306272643374	0.437251411886223	637
-0.030886278561846	0.447696606506138	637
0.034409050457978	0.319345222094109	637
0.105411188454468	0.313144859696283	637
0.099024932701947	0.326209767311341	637
-0.012060327253605	0.399982930276585	73
0.033034339437389	0.329044338151478	2420
-0.077239286016319	0.226197788327762	73
-0.0736385644481929	0.417317467735886	73
-0.079498498334893	0.223490690024564	73
-0.092867088366981	0.226750017918295	73
0.112643758889374	0.113294442733233	73
-0.0547448274637941	0.294858265108523	37
0.107423158596091	0.112849552995292	37
-0.011700364345503	0.396865679759235	37
-0.082441725769981	0.228844674254801	37
0.105329228347668	0.114890015465784	37
-0.082632648054503	0.230550960741628	37
0.038785197228203	0.197747169799168	365
0.026496046625726	0.272906192276756	2117
-0.086426040214859	0.23111507384329	84
-0.078626069644499	0.225308110829672	12
0.110813826690365	0.113772710115371	434
0.03503251316599	0.196609527488191	439
0.112643758889374	0.113294442733233	72
-0.061965936820885	0.296957928606004	203
-0.081308217797875	0.229779893299134	72
0.104802741745863	0.113880586116634	72
0.11239000863255	0.112944560089795	17
0.112911801013283	0.112883681223137	298
-0.054083659400514	0.297885786472831	298
0.105585049477079	0.115107263657516	17
0.117151746099967	0.634673384812304	331
-0.105477338019554	0.767492210709181	331
-0.021710975107772	0.76017463439903	331
-0.068935176345226	0.866276221775739	35
0.068480874622401	0.564056925587557	195
-0.03696406021843	0.350001390429487	705
0.111042708828322	0.373091576938058	705
-0.082778999969591	0.585026226310332	983
0.034657619474689	0.478846168312026	983
0.098135186658015	0.577210417594809	983
0.023511491420937	0.758273458605754	192
0.05186611356224	0.679661303470371	192
0.061300710967015	0.505617157818331	192
0.089215065404578	0.249183646293386	33
-0.051756000536432	0.291827686465226	33
-0.079837417008119	0.442472317979212	33
-0.075380334447072	0.437705632973967	33
-0.00183267689734801	0.394904553698123	33
0.115457908076647	0.3711248604562	637
-0.029148605123139	0.355664266325115	637
-0.046390531459474	0.449838039718362	637
0.038553785579531	0.19980113560382	637
-0.077583882249645	0.420330179788509	2420
0.0278462952597	0.271798049310183	73
0.039672857206365	0.198570892006803	73
0.043415611281046	0.197922002730223	37
0.038785197228203	0.197747169799168	37
-0.077546775909522	0.224430578335701	37
0.039672857206365	0.198570892006803	37
0.112643758889374	0.113294442733233	37
0.027884412935841	0.259981633406294	365
0.043650171926482	0.196414488891955	95
0.113775933333423	0.111202432084785	41
0.037433886178306	0.196584228370242	2117
-0.079755773491192	0.224427191828899	84
-0.112233079916411	0.39040057510019	117
0.04262280560762	0.197815059386246	117
0.112123061494307	0.114973131154919	117
0.11239000863255	0.112944560089795	12
0.110813826690365	0.113772710115371	57
0.11133387988801	0.113712652956432	72
0.106112415250477	0.116155148037716	72
0.112643758889374	0.113294442733233	17
0.105855485888929	0.113658744219182	17
0.122417183304435	0.370042981725736	331
0.105276083482708	0.87864965798348	526
0.09663926238424	0.329718528602279	331
0.078492652101868	0.517247468928992	331
-0.036175300175801	1.48650636388896	546
-0.010077800264247	0.935265688386962	35
0.061983527983251	0.686614853535013	35
-0.01611672630283	0.781275208574573	35
0.111708743473455	0.627957583185548	35
0.080535643020794	0.78975788229687	195
-0.016144512510309	0.477405533229205	705
-0.00637143744994095	0.576143772027901	705
-0.043689774277748	0.59915424159694	983
-0.071627687169047	0.438937890338308	983
-0.047651843743152	0.550175360977515	983
-0.105648033715069	0.635558371240107	983
-0.069979680964205	1.08504238758795	983
0.012432567402127	0.687803225126282	983
0.041812579246708	0.65479263984338	983
0.103539260667874	0.49387200602277	192
0.098704585175453	0.328116705967218	192
0.01058907586461	0.426077892010416	192
-0.038697917810649	0.466173111835989	33
-0.096810901060104	0.822464458460031	33
-0.034924359059085	0.538593659320179	33
-0.05040261179233	0.7154963849746	33
0.095788743090603	0.331408130139608	33
-0.118078529110828	0.399083548023029	33
0.101114058739403	0.326115513017704	33
0.086661080633566	0.248102882591999	27
0.098846867682386	0.240106491298402	33
-0.037298121680588	0.366108418134247	637
0.062549309472279	0.387057478309562	637
0.09462334648714	0.248207853872027	637
-0.098704811085347	0.501487831012395	73
0.104485373866279	0.238554632935185	2420
0.04265695270042	0.197444510551641	73
-0.0866795500923629	0.231015106598707	73
0.024721686235668	0.2685952937937	73
0.096921060662298	0.249947639727929	73
-0.078626069644499	0.225308110829672	136
0.106112415250477	0.116155148037716	37
-0.114777067345221	0.389578454425796	37
-0.082441725769981	0.228844674254801	37
-0.079755773491192	0.224427191828899	37
-0.0554763047764349	0.295247932720197	1643
0.111867990649127	0.111527541388821	365
-0.041768916447986	0.358313886148371	365
0.106112415250477	0.116155148037716	365
0.105855485888929	0.113658744219182	2117
-0.083391844186964	0.227459881106157	202
-0.112838037752064	0.387944026268738	84
0.100590131121244	0.114938505707066	117
0.11239000863255	0.112944560089795	117
0.110813826690365	0.113772710115371	12
0.112643758889374	0.113294442733233	12
0.113433367963492	0.111280618271974	439
0.118333470475861	0.109009221620307	17
0.110813826690365	0.113772710115371	17
0.106639551297304	0.11488364968898	17
-0.019245395914856	1.58117505875753	331
-0.07257447788952	1.77850329232736	546
0.096677740040792	0.528167724034554	35
0.040191790706098	0.775266799241764	35
0.001654259227094	0.869895556299244	263
-0.014897644707232	1.08695983209762	195
-0.041826413418252	0.464646213081493	556
0.057872022793964	0.393629693150337	556
-0.068643624910932	0.532793362564193	705
0.037374551045911	0.476175002502911	705
-0.00272032046242099	0.38698229647617	983
0.073298076702985	0.492996754670156	983
0.114961504615819	0.545557627003747	983
-0.03592565003208	1.05630305178876	983
0.00409452010476802	0.566377916333155	983
0.112023815335624	0.461260799061498	983
0.058771819463209	0.38100072110695	983
-0.106755826561902	0.795091772607054	33
-0.03266396370914	0.364927520684338	33
-0.096261101998588	0.505892078675653	33
-0.120131515173707	0.391341031922616	33
0.100451969849353	0.243823679549052	33
-0.076069139887586	0.43890874953925	33
-0.115619745812465	0.389812952147086	33
0.101739985522247	0.280950392289715	637
0.048453316243337	0.351504094620641	637
0.092878997348969	0.249082202978825	637
0.062874307904659	0.446324660584043	637
0.00745647704214403	0.425692565635346	637
-0.034549850724642	0.359482636393543	2420
0.11133387988801	0.113712652956432	73
-0.036910540456618	0.361986755397067	37
0.104835053618727	0.23890800688003	37
-0.043736210194428	0.279680175116686	37
-0.081308217797875	0.229779893299134	37
0.093489629509853	0.248171766842585	365
0.033338874368242	0.267756929703468	365
0.111602139321358	0.115032192174277	41
0.11561420249907	0.11228656899571	41
0.106366896593577	0.113071891971668	202
-0.0573948700953	0.299104696030174	202
-0.117467232192007	0.396149064811113	84
0.047199609445477	0.194941439715104	117
0.104802741745863	0.113880586116634	12
0.112123061494307	0.114973131154919	72
0.110293549194893	0.112333536245241	72
0.11239000863255	0.112944560089795	17
-0.082932063771707	1.35197422505728	331
0.048737755498302	0.362987800725067	546
0.07560826385068	0.435507689091612	546
-0.114389047530698	1.13675142838198	35
-0.038716348958335	0.846192343632516	35
0.04262280560762	0.197815059386246	983
-0.059049301563801	0.50944427271528	55
0.039576273058897	0.194336937586957	983
0.09050220208544	0.249187052377822	192
0.090052409660226	0.242113953246813	192
-0.00560259806796404	0.380056850720177	192
0.044480472188244	0.362207460091918	192
0.09498510977659	0.576889438593424	192
-0.082659247821875	0.791899205533313	192
-0.038666148542425	0.91487789009467	33
0.108537065637944	0.535900694168684	33
-0.07780377687633	0.227409118788387	33
0.103240937752604	0.235500270473712	27
0.115089536983158	0.112348134554799	33
-0.114710498939498	0.391246202656633	33
0.018657984429481	0.415243056726872	33
0.032317048500037	0.267092920648928	33
0.096418057734866	0.294456182615847	637
0.123839330835691	0.174589872941708	311
0.107423158596091	0.112849552995292	73
0.110813826690365	0.113772710115371	73
0.090239941810042	0.297331446965729	73
0.042064759041843	0.197598618138934	73
-0.0525600893377311	0.294309953805885	136
0.110293549194893	0.112333536245241	37
0.11239000863255	0.112944560089795	37
0.090396414905874	0.335926445891273	37
-0.036910540456618	0.361986755397067	1042
0.100361778113416	0.281540049405919	1042
-0.0807417768971001	0.228548754592648	202
0.104835053618727	0.23890800688003	202
-0.048890860426908	0.289802819534905	84
-0.100547918999724	0.496276178717892	84
-0.019121020409499	0.49244014240504	84
0.053694852847322	0.357360160238947	84
-0.041650022611153	0.358146737350052	117
0.121232651759381	0.175456115929538	117
0.108810355957882	0.113734591791858	12
-0.082632648054503	0.230550960741628	72
-0.092867088366981	0.226750017918295	72
-0.049602977608323	0.292618855872072	203
0.038568981881509	0.195198776855246	72
0.106112415250477	0.116155148037716	17
0.109340394058329	0.112518694557235	17
0.114299951550314	0.112618511833295	17
0.108142600792056	0.491903434860045	331
0.084257493830813	0.912521545467079	331
-0.079190817443659	0.225403106439413	546
-0.083102739519798	0.225844845103275	546
-0.101198539144819	0.508401449255211	35
-0.070568673071387	0.934098686419467	195
0.105686754105446	0.894732211771015	263
0.035667942848395	0.723831142636722	263
-0.00334819505806405	0.728891715850078	263
-0.017924623028676	0.479822647089202	263
0.04265695270042	0.197444510551641	396
0.11239000863255	0.112944560089795	556
-0.057753422116166	0.299600430019582	705
0.053344647956016	0.664560056803937	396
-0.0858598839870131	0.230314192318227	705
0.114823742585628	0.11255724030873	396
0.115347306613337	0.110954114209396	396
-0.0773802046341751	0.43630453547739	55
0.098731984699474	0.498872796176032	983
-0.058399958972005	1.27945045704541	983
0.052134958505939	0.990320373306075	983
0.047288781032705	0.191911634434993	983
-0.082065968681697	0.230458165802187	833
0.068754682207836	0.757852922003266	33
0.111853708958516	0.112088272718431	33
-0.082949513566441	0.579016908603315	637
0.038663329385687	0.366609255120985	637
-0.037425432823568	0.359204324093038	406
0.112643758889374	0.113294442733233	1016
0.111080992199109	0.11353931257781	136
0.06223074476664	0.385912465656769	37
0.113433367963492	0.111280618271974	37
-0.083415771078558	0.22815883731346	37
0.01415740575096	0.5233669173259	1042
-0.06172010025995	0.514098683496859	1042
-0.0511771758365001	0.290389062267868	84
-0.101914290186283	0.636811758278997	117
0.111080992199109	0.11353931257781	12
-0.083668742709217	0.226616320949797	72
-0.042796680198158	0.3569238068581	72
0.00592037020047398	0.371365328100649	72
0.026644506424858	0.273873482899527	72
-0.053717899617387	0.294636146973436	72
-0.087095202663754	0.223051462585228	72
0.100253257174215	0.238703749962479	17
0.024107353219061	0.267050239229599	17
0.115089536983158	0.112348134554799	17
0.0377623355468	0.199688159930782	1403
0.11239000863255	0.112944560089795	17
-0.093786307791547	0.591044309365167	526
-0.00637515581468695	0.580643793868829	331
-0.023814302352175	1.37546136983439	331
0.03372692853812	0.670875695017561	331
0.032906463063116	0.633721161870043	331
0.035395593118947	1.08313739701943	546
-0.022384118718067	1.2004307813977	546
0.020162280164471	0.262832915396937	35
-0.052919986433542	0.290593256583323	35
0.046173203286956	0.193669757189827	263
-0.010544248806066	0.389377168290766	263
-0.083668742709217	0.226616320949797	396
0.0481088582252	0.187680397721924	705
0.039904706615939	0.198350876514301	705
0.044566525318277	0.193089865031155	396
0.03755127006159	0.193100707029474	55
0.123285141251471	0.491524623536805	983
0.112123061494307	0.114973131154919	833
-0.056948077505661	0.297055354566089	833
-0.082597240655835	0.225111702703228	833
0.037062342616717	0.508082539622144	192
-0.124153833422405	1.2892441087349	192
-0.014699517480289	0.88364532655312	33
-0.122407621423903	1.03699072965114	33
-0.083199536295848	0.22951558009204	33
0.111602139321358	0.115032192174277	33
0.111602139321358	0.115032192174277	33
-0.081118508158911	0.225738968647028	33
-0.06480940284314	0.783703481285025	637
-0.060166067601291	0.295309720660523	637
-0.089909332451788	0.668868022175945	637
0.09849736252602	0.356978391541412	637
0.040712253123724	0.653893833798755	637
0.029032024744205	0.273945687653896	637
-0.033722019227268	0.602099694880336	73
-0.082849608363218	0.228720993086107	406
-0.103345947173873	0.506423465705303	73
0.112911801013283	0.112883681223137	136
0.108279246976686	0.273032979289551	37
-0.066347830947305	0.520938489470956	37
-0.026989389366283	0.566237891858222	37
-0.031313071154517	0.530198460557149	37
-0.037301549045212	0.46054261861036	41
0.112911801013283	0.112883681223137	41
-0.0414169724112849	0.458864696148896	1042
-0.112663993194831	0.686445594120892	1042
-0.070885869182774	0.67336013629413	84
0.098989517392589	0.384486784113223	84
0.058757435112402	0.39168235621625	84
-0.040126834325462	0.617602804581728	117
0.112123061494307	0.114973131154919	117
0.034970281732315	0.329619323544318	72
0.047757731573655	0.195150846424252	72
0.038881383185385	0.198462405769007	1
0.109594773539516	0.113465995883652	17
0.038553785579531	0.19980113560382	17
0.106639551297304	0.11488364968898	17
-0.00015391391891395	0.507587121365436	526
0.051761815872868	0.726125011822147	331
0.083648701902917	0.747540238480794	546
-0.117689310886062	0.908741099020827	546
-0.011211912083755	0.590710595362085	546
0.04265695270042	0.197444510551641	546
-0.057171369712911	0.299433731617199	546
-0.0697864612374161	0.528309308006457	35
0.032713301761471	0.444437342802441	35
-0.028887443146303	0.356378099244732	35
-0.096520617343498	0.48228222100481	263
0.111602139321358	0.115032192174277	556
0.04423834296775	0.193928938435417	556
0.047757731573655	0.195150846424252	396
0.108111873357205	0.485648889983967	983
0.055970461146095	0.179839480498331	192
-0.077331368753829	0.639950925624536	983
-0.082065968681697	0.230458165802187	833
0.043180646496689	0.197311888785559	833
-0.00248722516576005	0.387409664050202	833
0.026792393242678	0.686951935080588	192
0.032507951961223	0.61975145244831	192
0.044796732722951	0.518407758179148	33
0.078207570541721	0.433760466647452	33
0.105431430626855	0.490860164006535	33
0.00319220143904603	0.528652224320804	33
0.122381166642443	0.517406933981848	33
-0.082065968681697	0.230458165802187	27
0.048315648015441	0.194652911614615	33
0.099812121038638	0.113744894429683	27
0.105585049477079	0.115107263657516	310
0.03424259816929	0.197859954675779	637
0.07922515159343	0.482130621353931	637
0.060135776493988	0.346339920591927	406
-0.034354892753879	0.44810753277224	406
-0.083199536295848	0.22951558009204	37
-0.082597240655835	0.225111702703228	37
-0.0866795500923629	0.231015106598707	37
-0.073158586427719	0.441423907092897	37
-0.118823228935144	0.387399229425866	37
0.112643758889374	0.113294442733233	1643
-0.049779679734637	0.467496814215358	1042
0.11239000863255	0.112944560089795	84
-0.012074379392164	0.404804581229184	84
0.061216921838894	0.416973067362934	117
0.046759243900755	0.188989354935193	117
0.039904706615939	0.198350876514301	72
0.112911801013283	0.112883681223137	17
0.083500308545408	0.637329891038351	526
0.045902046405564	1.01208697903596	331
0.088678984821381	0.778833440211069	546
-0.050670359147993	1.19341942778859	546
-0.116372700330998	0.375911261303095	45
0.097532219912732	0.249017201645339	546
-0.081347213729945	0.580617415964463	45
0.083943182251565	0.296553154680309	35
-0.100345304488248	0.633046220806009	35
0.014317556832794	0.558537838122779	263
-0.035874177833524	0.539133203681697	263
0.11031753305452	0.480630599320798	263
-0.038175020687267	0.364472705388136	950
0.106112415250477	0.116155148037716	396
-0.078626069644499	0.225308110829672	55
-0.07780377687633	0.227409118788387	55
0.097532219912732	0.249017201645339	55
0.031477343905752	0.26712387898351	55
-0.086173284288692	0.22640914189201	55
-0.114692859213342	0.392826969513362	983
0.110134866975919	0.417744868122958	983
0.022958039610436	0.515595446566483	983
-0.034179624975741	0.458940920813893	983
-0.108726384142028	0.378193374939335	192
-0.019199144711097	0.402433838900377	833
0.039271374402483	0.319737730968696	192
-0.058159090961507	0.816023798449568	33
0.09319544160176	0.575641975785506	33
0.000207464378795985	0.671963936638076	33
-0.110912966759927	0.870759543022387	33
0.109858998827861	0.642817281380869	33
0.075060250563033	0.496247044012247	33
-0.082258634579743	0.226170400043011	33
-0.077239286016319	0.226197788327762	27
-0.086739809630806	0.223790837936351	33
0.114299951550314	0.112618511833295	637
0.119163239043209	0.171786843814524	637
0.108280085847995	0.112742150793283	637
-0.059140219954945	0.299607001659299	73
0.112123061494307	0.114973131154919	96
0.11133387988801	0.113712652956432	37
0.037342418974796	0.261995353358217	41
0.099812121038638	0.113744894429683	365
0.114299951550314	0.112618511833295	10
-0.00647261404157395	0.400576669684487	117
0.102944541151689	0.321674783856113	117
-0.092299201177554	0.228975950608636	117
-0.066248894665496	0.291478129691607	72
0.036642460138975	0.196487575253128	72
-0.0869924056963211	0.230539916127221	72
0.0436786294589	0.194081103397131	72
-0.083199536295848	0.22951558009204	17
0.113433367963492	0.111280618271974	17
0.081465413323949	0.727334956286504	526
0.112923091992723	1.08999957226012	331
0.109243051250361	1.11515265894507	546
0.091070182210211	0.677479224668345	546
0.092022519666032	0.242384705393376	546
0.067782807264747	0.666749343152378	35
-0.065449033254166	0.515809152804218	35
0.047807329388308	0.357465484941039	35
-0.0808212487419761	0.56446130736858	35
0.049994061949986	0.360233632258159	35
-0.060668640802286	0.288704781309674	263
-0.080551888366701	0.225643184038845	263
0.036944528001428	0.190302092662137	263
0.051320748752851	0.182766902952223	55
0.06336636347811	0.640553631820454	983
0.050309455304489	0.70557807804765	983
0.080378706492335	0.517588847977137	983
0.049090343226607	0.363962700293668	983
-0.074843669236342	0.441928791277773	192
-0.090347588014467	0.225628768631633	833
-0.059362417109905	0.299537690963719	192
0.042064759041843	0.197598618138934	33
0.024721686235668	0.2685952937937	637
0.024241408462473	0.406675696709964	637
0.069498430248747	0.580326415393356	637
0.056692971204872	0.516375527997485	73
0.03424259816929	0.197859954675779	406
0.088418265781456	0.245504346603478	406
0.12300092864538	0.371448000860165	406
0.104802741745863	0.113880586116634	406
-0.067182759324076	0.529474397981485	73
0.111080992199109	0.11353931257781	73
0.111602139321358	0.115032192174277	1773
0.111602139321358	0.115032192174277	37
-0.113764656237654	0.560255375493554	37
-0.051800107589425	0.45967992208948	37
0.097765375049551	0.360345313014466	37
0.029646483468837	0.48065237563025	37
-0.029079690247129	0.634798479957281	37
-0.078061529945624	0.224126743967893	37
-0.077546775909522	0.224430578335701	41
0.100876095124374	0.385913357363147	1042
-0.024971902725303	0.576352045362688	1042
0.12288688348988	0.415469142067788	84
-0.05139440377192	0.663193373196181	84
-0.018180381266573	0.880064717457357	117
-0.050848743638595	0.289553463488033	12
-0.10540634979531	0.647004239478154	12
-0.0625504025333	0.297691638591998	12
0.102540950172607	0.241948000066975	72
0.019026274533536	0.413477942262467	72
0.033223411381687	0.194706020379351	72
-0.083958762287729	0.226470686444405	72
-0.085023239447753	0.582972215092992	72
0.099626557718912	0.244328606617178	1
0.043973464457907	0.197417117370018	17
0.032075475614322	0.267712322406999	17
0.105585049477079	0.115107263657516	17
0.115089536983158	0.112348134554799	17
0.059093185058468	1.28659338237193	331
0.104140251062589	1.11850545680202	331
-0.119497777431494	1.46009368696376	45
0.045415980528577	0.751300110538042	45
-0.124229447428711	0.575815462689413	546
-0.038637705830144	0.957217003343839	35
0.041821383402732	0.527396703658062	35
0.086816797884006	0.334072142298478	35
0.109391000883882	0.662749181444331	195
0.057918762827117	0.731347560169835	195
0.042387656393906	0.194855824276919	263
-0.0613817089398741	0.294959541014355	263
0.04423834296775	0.193928938435417	1496
-0.11892605326527	0.397778420022851	1496
0.097369358300982	0.241875417102926	55
-0.0342014455611021	0.353853032416066	55
-0.060166067601291	0.295309720660523	55
-0.07231813298783	0.43950926945622	55
0.0889704980758	0.563592091601655	983
-0.071094546139432	0.433224233472131	983
0.06987364778728	0.555252410981269	192
-0.028967836977116	0.730699191276868	983
0.029875965454189	0.274655154287874	833
-0.076379999265122	0.444274244604882	833
-0.017671513145823	0.489158503841533	833
-0.084511708457838	0.584182498326584	833
0.039931534855662	0.70398639248396	33
0.047154627870024	0.75533002140299	33
0.00319539956346798	0.762817071994438	33
-0.09430150813622	0.911929895510294	33
0.049665373548567	0.190456113039934	27
0.123487666955951	0.174760596183894	33
0.041271793486379	0.195143571077156	33
0.038007488133053	0.194833788031837	33
0.121232651759381	0.175456115929538	33
-0.086426040214859	0.23111507384329	33
-0.117840121228665	0.398773241258919	33
0.112123061494307	0.114973131154919	140
-0.10389456685493	0.48108564449031	637
0.096815855474627	0.331130022508683	637
-0.070143282558787	0.526526518451184	637
0.121995231048102	0.339838909577001	637
-0.044818218230761	0.469053282597242	73
-0.081499498028677	0.229220728538513	406
0.03644800210093	0.327398203249828	406
-0.118078529110828	0.399083548023029	406
0.112123061494307	0.114973131154919	458
-0.029345700987138	0.350710046421374	37
0.029604975501205	0.447231417282958	41
-0.00372504562061204	0.394236852926023	1042
0.111602139321358	0.115032192174277	981
-0.077184072882032	0.572806693056677	84
-0.017643844107964	0.488340153322061	117
0.114299951550314	0.112618511833295	12
0.042242443628926	0.252894704952054	72
-0.030980551759389	0.356286007690086	72
-0.012610445135544	0.398730792331282	72
0.123263407350079	0.174012695767779	72
-0.122186556644756	0.395422404422834	72
0.045000699304263	0.193194805170135	1
-0.0914826313428559	0.2282979660464	17
0.111602139321358	0.115032192174277	17
0.112123061494307	0.114973131154919	17
0.112123061494307	0.114973131154919	17
-0.119613267346093	1.65989860597409	2566
0.023718556474395	0.450916616297104	546
0.091587908076902	0.247213026512201	546
0.073230357319281	0.602928306719589	546
0.109666656370095	0.570111368478082	35
-0.04431659893303	0.857973354989404	35
0.057591962888194	0.394258340758754	35
0.021366626534143	0.52731911482233	35
0.065799001417046	0.451921538860991	195
0.095193454410664	0.284487809053616	263
-0.00512855735932505	0.812106024615414	950
0.029633602926103	0.273331708585605	950
-0.043794650915146	0.360878339315146	950
-0.076982125918146	0.224335136500647	1496
-0.055012011242405	0.298649339269476	55
-0.089267834846273	0.812842318642917	983
-0.033276865442836	0.364651458965394	983
-0.029339474086104	0.353699987277291	833
0.04696555829762	0.195697318723232	833
0.030879129014854	0.268020666303594	833
-0.014602278699076	0.548192456082511	833
-0.030057859255175	0.787937178913336	33
0.123297397048793	0.783057524355106	33
0.00527660427156201	0.736438475398382	33
0.073880497198184	0.537992154788825	33
0.071228478709627	0.790199628484045	33
0.045835378517011	0.984521500380825	33
0.116308516662874	0.676017439876208	33
0.111602139321358	0.115032192174277	33
0.049956732290724	0.188082949840752	27
-0.078933382887377	0.226494530252324	33
-0.082441725769981	0.228844674254801	33
0.098928318303708	0.288636210711068	140
0.042097263430197	0.197596168935613	1104
0.040507375680959	0.364906113501831	637
-0.00243636221542598	0.525922874948879	637
-0.023780252231895	0.80854700365185	637
-0.106866924698491	0.881367658709457	637
0.100938294685611	0.472321910369155	73
0.023855558528812	0.405144169451463	406
-0.042719559813305	0.464759755910211	136
-0.072848738035981	0.443561157328658	136
-0.091354740140601	0.488587101042758	37
0.097397037905146	0.328849576272106	37
-0.081717909987459	0.224923109624601	37
-0.069291155839471	0.514238461480235	41
-0.10756760612888	0.644574686887082	1042
0.024900834085224	0.438070070291277	1042
0.123234866553852	0.403186275990572	1042
0.019961259817077	0.410668784344566	981
0.043973464457907	0.197417117370018	84
-0.022426309340433	0.558327665715311	84
-0.046071977891186	0.560856974908506	84
0.039992378767876	0.535058527230836	117
-0.060669834581089	0.671106940458963	117
0.099539399380479	0.288670210477443	72
-0.12397764615324	0.567648101325266	72
0.012373342221773	0.424270080941103	72
0.037061164237456	0.327159025666735	72
-0.080899528268055	0.221971493490556	72
-0.0573948700953	0.299104696030174	142
0.113655590364713	0.764432659818249	2566
0.032077879144779	0.438529406587003	45
-0.00357817163725105	0.927104225102484	546
0.104272362396229	0.655845025817092	35
-0.108125020341743	0.970882970195558	35
-0.079500088069854	0.702506869010042	35
0.060465375127119	0.677703609491505	195
0.081380571765433	0.771451434463154	263
0.097710713609966	0.24524903105412	950
0.024476951972758	0.65113176973561	950
-0.048410617940673	0.648444958897853	950
-0.033580478615326	0.358886620350869	950
0.10140999718545	0.242563723853437	1496
-0.031835348432246	0.440911385707913	55
0.045692571636894	0.365139614781642	55
0.022759742133913	0.654727981998413	983
0.091237751810484	0.577551151571635	55
-0.013404749515053	0.889029629884139	983
-0.034358154781838	0.860574358206971	983
0.054141895450189	0.514552146206725	983
-0.071434382190843	0.433652230703942	983
0.030477737694528	0.274037065143796	983
0.000603768722571008	0.425039471463413	833
0.087982610590306	0.680030443576143	33
-0.00054521365272997	0.675075869060139	33
0.099224463369096	0.284750896063154	33
-0.04790658332099	0.283287233759916	33
0.03214985658213	0.328339677259627	33
0.043884326520984	0.192043121463958	33
-0.0754562852383151	0.441004598531307	140
-0.048666612908322	0.292620495523214	140
0.082575385634116	0.244991787955457	1104
0.019662469209351	0.457116616829512	637
0.064951283483167	0.451491259940297	637
-0.048868927179769	0.470146387499132	637
0.039570864881158	0.320459225864491	637
0.109594773539516	0.113465995883652	73
0.111602139321358	0.115032192174277	136
-0.113809796666681	0.38784592285288	136
0.106112415250477	0.116155148037716	136
0.043650171926482	0.196414488891955	136
-0.0886325758791971	0.228200779400233	1773
-0.031401765271332	0.355350266694689	37
-0.10207336272933	0.493369722379611	41
0.086450503229704	0.296708615822524	41
0.124289796320264	0.176902496321386	41
-0.07780377687633	0.227409118788387	84
-0.082849608363218	0.228720993086107	117
-0.092299201177554	0.228975950608636	117
-0.078061529945624	0.224126743967893	72
-0.083199536295848	0.22951558009204	72
0.111602139321358	0.115032192174277	142
0.014884307762637	0.899141780541082	331
-0.039527320391668	1.32123871929842	45
-0.074748415796731	1.09703615970284	2566
0.064484981373633	0.922773420072475	2566
-0.106026270236862	1.00987108515543	45
-0.09840452345207	0.586306604256097	546
0.077627916254187	0.457302090615914	546
-0.012702262293552	0.592045716256168	546
0.050476682602052	0.735095138395704	546
0.098329488702549	0.49794359455713	546
-0.00155668768056605	0.767971864013263	546
0.093049613404846	0.749088339889923	35
0.052518461333377	0.779059717555954	35
-0.025826211985523	1.05254307579388	35
0.112854713202156	0.519656282476651	35
0.070897021303726	0.636299480042619	263
-0.00836120412126595	0.585096408888535	195
-0.020807257109811	1.08678531353795	195
-0.044168816598674	1.14857216969341	263
-0.0400016284553391	1.14307279928592	263
0.060207922908588	0.702329678253124	263
-0.011492249043322	0.534289993225289	263
0.055826791539138	0.353652857305131	263
-0.093774256368164	0.497631862002921	950
0.042003900137472	0.36344053006316	396
0.067958596542084	0.462213111237306	950
-0.012670176368151	0.400663742465748	396
0.094297288398655	0.332696124202142	55
0.100212074592247	0.28410602225265	55
0.022545954340448	0.448830752627168	55
0.042211802871633	0.426037372353223	983
0.106862143968758	0.607940556399349	55
0.10922720506992	0.640404471384789	55
0.105716822425378	0.315688986470389	983
-0.008123629460703	0.868494047637216	983
0.042848755753736	0.580554040888707	983
-0.049938745487937	0.829246848123376	983
0.00437483919120601	0.379991986803617	983
0.091927777743754	0.355254973888629	833
-0.080674729114771	0.660244939109908	833
-0.095161747768563	0.623517187903156	833
0.053751144848237	0.391760132681049	33
0.00707083504216199	0.792202629370015	33
0.082483801572976	0.484784199257184	33
0.071598392720024	0.647171539056714	33
0.103150080831029	0.24082390843006	33
-0.0371723818072059	0.358365193657225	33
0.031477343905752	0.26712387898351	140
-0.066156204742245	0.428242325873399	140
-0.108368678363851	0.385842116474944	637
-0.031955642760948	0.454316389043087	637
0.092268118652449	0.249322680240254	637
0.092881929917525	0.320171774672045	637
-0.0861349623564031	0.43678638082273	406
0.105585049477079	0.115107263657516	136
-0.058199623123976	0.298204316658552	136
-0.087245755730482	0.231819826248083	96
0.039904706615939	0.198350876514301	1773
-0.0866795500923629	0.231015106598707	1042
0.110813826690365	0.113772710115371	1042
0.112123061494307	0.114973131154919	1042
-0.076417683921763	0.223160788798814	1042
-0.054520887758845	0.295473214741605	1042
0.110125695741463	0.112253782102168	84
0.036970707031407	0.197196609261005	117
0.111602139321358	0.115032192174277	117
0.111080992199109	0.11353931257781	1125
0.106112415250477	0.116155148037716	1125
-0.118212123546772	0.393101914424185	72
0.112123061494307	0.114973131154919	72
-0.082065968681697	0.230458165802187	72
0.114564643625589	0.110937634837806	72
-0.0869924056963211	0.230539916127221	72
0.111602139321358	0.115032192174277	72
0.110813826690365	0.113772710115371	72
0.111602139321358	0.115032192174277	17
0.112643758889374	0.113294442733233	17
0.106112415250477	0.116155148037716	17
0.121064217737187	0.914336461256316	331
0.00795757275543801	0.892088559240566	45
-0.053195209637368	0.800897538224353	546
0.082013700244728	0.513764550818431	546
-0.092679743105496	0.709238614146409	546
0.017007250323909	0.972078197521743	35
0.089917648824237	0.332914367257489	35
-0.081641689742089	0.641908272912143	35
-0.024858774206505	0.768205696626606	35
0.013700989541742	0.6808826284498	263
-0.119214636134091	0.9972998741869	263
0.031597554312403	0.829661483624508	263
-0.08017554452122	0.225195517487192	950
0.027079646214158	0.257674960146773	1496
-0.09598518671047	0.224328692126367	55
0.034302764046892	0.265806874623824	55
-0.0311326954757361	1.03819475413578	983
0.103038884579525	0.349846761216958	192
-0.050183527396214	0.291493941803324	192
0.049956855296128	0.358726002775187	192
0.020474131416174	0.736371883828321	33
0.114299951550314	0.112618511833295	33
0.02604324507312	0.273676115099479	33
-0.039179648245896	0.36231999071068	33
-0.03489910444962	0.359189482255114	140
-0.018539254297962	0.397055796672876	637
-0.00588602908423697	0.880107754223751	73
-0.014681635685697	0.481929250246619	37
-0.0651190350131861	0.52229396573863	37
0.063507460067414	0.413330596316155	37
0.091661689804334	0.298266969459359	41
-0.00860267846195295	0.397482676911037	1042
-0.043821184086502	0.543525228424239	1042
-0.031662142935815	0.356651028813887	981
0.11239000863255	0.112944560089795	981
0.042392915242935	0.502415421860015	117
-0.108733381186147	0.386910009892081	117
0.112643758889374	0.113294442733233	813
0.046407448578281	0.195486113699481	72
0.112643758889374	0.113294442733233	72
-0.076299786040527	0.438381701435414	72
-0.079190817443659	0.225403106439413	72
0.11133387988801	0.113712652956432	142
0.111080992199109	0.11353931257781	142
0.030318172098623	0.267046236709528	142
-0.0547448274637941	0.294858265108523	142
-0.113109129427894	0.398024768391552	142
0.109955207105114	0.874854405085397	331
-0.079971044394238	0.894340161551522	546
-0.073721165193492	0.976400007091016	546
0.095729085453081	0.416973799666875	546
-0.091616230969064	1.22381861019965	546
-0.084188412664481	1.33921994100959	35
0.064828691411315	0.48092063732587	35
-0.089301142042759	0.773970211831028	35
0.012865692258126	0.73058635133686	35
0.08292416098535	0.29949723851091	396
0.027801970037819	0.699788469510137	55
-0.046914023214513	0.899192812648012	55
0.025176743865847	0.759047996483067	55
0.000521169483398976	0.993325083697862	55
0.017104648116219	0.804653473393697	983
-0.04326662969299	0.360448450783179	983
-0.042914464754422	0.361151854366406	983
-0.026262390730416	0.561511151755533	833
0.005583931176603	0.692742393609497	192
0.064276415137564	0.620302541382569	33
-0.053799883162769	0.808825653509452	33
-0.05430148775811	0.833458842617544	33
0.038425763589631	0.260660233597313	33
0.038410977152072	0.321339387933182	33
0.123762991823347	0.170490808083255	33
-0.0547448274637941	0.294858265108523	33
0.034932884708568	0.329306311052963	33
0.030321405688393	0.332521006802332	140
0.028883965309374	0.627218289562868	637
-0.052465411221222	0.66846681490851	637
0.070033777997197	0.408768496345591	637
-0.0807417768971001	0.228548754592648	136
0.115347306613337	0.110954114209396	136
0.044766108565605	0.196127072599956	136
0.113433367963492	0.111280618271974	136
0.11133387988801	0.113712652956432	136
0.114823742585628	0.11255724030873	37
-0.087095202663754	0.223051462585228	37
0.03672436591079	0.30999690892786	37
0.106662769268632	0.349223734572533	37
0.0247486770509	0.328630216423528	41
0.105585049477079	0.115107263657516	1037
0.031550731344371	0.33204736367152	1042
0.044173195061734	0.368041069538927	1042
0.093912463265348	0.292767315990009	981
0.043180646496689	0.197311888785559	981
0.111080992199109	0.11353931257781	981
-0.117227174535397	0.396111671509232	981
-0.0274602058061491	0.355705352655406	84
-0.080218574191501	0.445848260938551	84
-0.05797641873789	0.300282042313306	117
-0.098422797998255	0.508499617604729	117
-0.0886325758791971	0.228200779400233	12
0.114299951550314	0.112618511833295	48
0.043738281853249	0.195991543635569	72
-0.104989695255178	0.3787888170805	72
0.035593749522853	0.195917691382503	72
0.111867990649127	0.111527541388821	142
0.112643758889374	0.113294442733233	142
-0.083102739519798	0.225844845103275	17
-0.081874867372603	0.229873084039577	17
0.102000590462814	0.864731610443215	331
-0.0182154015210591	2.20204481873428	331
-0.00955410651559097	0.704507562828298	546
0.0355127340268	0.478639789433666	546
-0.054258032098787	0.506042639871437	546
-0.0569907571945421	0.511735808049734	546
-0.023770601782927	0.581888478447167	546
0.107269863363793	0.489364333357421	546
0.018496498018555	0.738421219298934	35
-0.06455760194853	1.16040884292466	35
0.095779266437807	0.591153414221143	35
0.052288556848452	0.786105972394523	35
0.098987273202516	0.372304171538422	35
0.086996803153935	0.550494016726506	35
0.022646283366811	0.552198582847355	35
0.097299432049254	0.387480565909384	263
0.019287329760476	0.758287115808886	263
-0.05432139486562	0.992381964847539	263
-0.033923164204795	1.08291190319313	263
0.082583374967981	0.688791876299903	263
-0.072497328431949	1.17059124115326	263
-0.066616996255254	0.531679120444378	1496
-0.031240622133942	0.355365807192221	55
-0.027722704691262	0.354115369665841	55
0.00593703875285001	0.595926237501876	55
-0.042151475332602	0.939128296908711	55
0.00749398290383002	0.745899874564481	983
0.098939201849454	0.323446487020754	983
0.030647445545212	0.33029262920422	192
-0.011463549673591	0.403554187812395	192
0.090809578547855	0.550580099606896	833
-0.000755026905959966	0.509781384010917	192
-0.012865878894514	0.805046257194805	192
-0.042635514882193	0.837865752751749	192
0.004172725046936	0.753577134983603	33
-0.054331700016417	1.18033209948359	33
-0.050986334391348	0.293279708813577	33
0.030635040238888	0.267406005281043	33
0.034115420764546	0.26865871604846	33
0.028691557292925	0.270348069393495	140
-0.0932144978994151	0.583231376716142	1030
-0.084224886323095	0.777353630731717	637
0.013462119522166	0.588850900509504	637
-0.027646460030769	0.443307742139209	637
0.022959875972414	0.455870360497132	637
0.040131512083325	0.425030201935141	73
0.00096042210736702	0.503262867834225	136
0.051844513128567	0.359044305121134	37
0.055856772908847	0.39254694614917	37
-0.083199536295848	0.22951558009204	37
-0.108891444751835	0.514955871301236	1037
0.046339948302074	0.352699213945161	1042
-0.118567099478766	0.549096535540159	1042
0.000363454514750006	0.387046557872149	1042
-0.034350998735611	0.354556378033312	1042
-0.108489920561997	0.382724779124994	981
0.093328741209867	0.329040575659824	84
0.091044810205587	0.297831405661894	117
-0.101220043662312	0.510806562110915	117
0.055087341069891	0.180935787296474	72
0.11133387988801	0.113712652956432	17
0.061790925152867	0.422920572167715	331
-0.107035724476749	0.515967166077307	331
0.088344933312403	0.297135100800892	331
0.041506506655175	0.196577430722051	331
0.047199609445477	0.194941439715104	2566
0.10140999718545	0.242563723853437	2566
0.051864541895693	0.189062126110476	2566
0.027256174779285	0.448327831520748	2566
0.044797468630261	0.365661265588624	546
0.03503251316599	0.196609527488191	546
-0.116621210748723	0.395833671614173	546
-0.07780377687633	0.227409118788387	546
0.028951838830452	0.262709135051484	546
0.028090591379503	0.271800258162342	546
-0.054520887758845	0.295473214741605	35
0.033941843642064	0.267939378960638	35
0.04182982777769	0.19534589057136	35
0.047991586811244	0.192002900601999	195
0.04265695270042	0.197444510551641	263
0.038783967287177	0.261203223345575	263
0.111080992199109	0.11353931257781	950
0.11561420249907	0.11228656899571	950
0.044531112100656	0.196091216271099	950
0.110813826690365	0.113772710115371	55
0.100056469917582	0.115100155835255	55
-0.086739809630806	0.223790837936351	55
0.043180646496689	0.197311888785559	192
0.111602139321358	0.115032192174277	33
-0.078626069644499	0.225308110829672	33
-0.081308217797875	0.229779893299134	637
0.100056469917582	0.115100155835255	637
0.111080992199109	0.11353931257781	637
0.112123061494307	0.114973131154919	136
-0.044768590751021	1.44653970844992	331
0.066412634526593	0.378259004498154	2566
0.092256067652347	0.295489226788589	2566
0.00799236471860798	1.09961842133058	546
0.115809810381247	0.648292350397287	546
0.018807101375174	0.702743449604584	546
-0.019312578400877	0.620895992264298	546
0.098530507881781	0.539626380852023	546
0.074486865596232	0.528011095257087	45
-0.010703611892816	0.631093896525494	45
0.123455256762296	0.536666974769882	35
-0.055354056078699	0.668514259170173	35
-0.076115923165887	0.650265684766688	35
-0.0931581532540811	0.489602942806897	263
0.018080554519951	0.735647391064396	263
-0.106893502992952	0.880367386055384	263
0.054751087639508	0.531195368433256	263
0.059038514715752	0.425276706787918	950
0.070511439389887	0.412636512097759	950
0.005605951450881	0.498577289224739	950
0.091049384122461	0.298537614418403	950
0.114160020896109	0.391800616683894	950
0.061916181887534	0.414387812008339	55
-0.015025008631797	0.486643812578271	55
-0.05702756242318	0.576483328734366	55
0.076633330920207	0.524117005302881	983
0.094183712618689	0.437031383706312	983
-0.111978204805767	0.860851407199976	983
0.00645231230839	0.652039855835886	983
0.090880542553038	0.36824033108566	192
-0.060891683796908	0.591150243168857	661
0.00977429121415302	0.556904301457251	33
-0.087812170675417	0.231240314047897	33
0.0000442860642129728	0.510623708699914	33
-0.0110851633382481	0.399148696280702	33
-0.12450143866455	0.573849375596456	33
0.033457285358418	0.32890142493138	33
-0.025173088000718	0.349692843612843	33
0.094012260718387	0.248448701145394	33
0.093866208575465	0.296559734287066	33
0.032075316439531	0.26546676918587	140
-0.010490983554675	0.405193511299616	1030
-0.040969473437653	0.464150122777439	1030
0.02097184574969	0.272491578652534	637
0.063108961857224	0.38630129825049	637
0.121232651759381	0.175456115929538	73
0.114299951550314	0.112618511833295	73
-0.029498188894802	0.356585078234564	637
-0.053263869362584	0.298145742648967	73
-0.115168253580401	0.400635733477657	73
-0.087812170675417	0.231240314047897	136
-0.082441725769981	0.228844674254801	136
-0.079835059432204	0.220274695423563	136
0.111602139321358	0.115032192174277	136
0.11239000863255	0.112944560089795	136
0.106639551297304	0.11488364968898	136
-0.032313537028266	0.362901098360337	136
0.030280671587935	0.268225677691262	136
0.039345055394317	0.198502149827281	37
0.045615105961212	0.193470324607115	1037
-0.082632648054503	0.230550960741628	41
0.11239000863255	0.112944560089795	41
0.114823742585628	0.11255724030873	981
0.047991586811244	0.192002900601999	10
0.099812121038638	0.113744894429683	981
-0.0866795500923629	0.231015106598707	117
0.111853708958516	0.112088272718431	559
0.112123061494307	0.114973131154919	642
0.112123061494307	0.114973131154919	2362
-0.04394371297078	0.551084087026696	331
0.018055635880222	0.62046163182299	331
-0.023544345338524	1.67989696406832	546
-0.062518856686395	1.4114560161906	546
0.002190862991027	1.2294015918366	35
0.069493517980248	0.99562195461255	35
-0.023473366201151	0.834278854966845	45
0.023260725014878	1.02406697944897	195
0.113837599305641	0.676548067602645	950
0.072249268821242	0.624419013706552	950
0.080651388419777	0.626120240684828	950
-0.024944716237878	0.802922995582702	950
0.010325637838779	0.86071426621516	55
0.111872180027645	0.505482622927343	55
0.014658701257544	0.908373978510576	55
0.099519097154341	0.416471723336236	55
0.09006145350954	0.738837716656681	983
0.010417953261374	0.856451128476247	983
0.030056383742576	0.839554862670631	192
0.068108512807694	0.616412800696794	661
-0.059518233690108	0.771696814880897	661
0.043254908897237	0.549754158718739	661
0.06535851225935	0.553990273674147	33
-0.00569811811354504	0.691895622102748	33
0.022026056516877	0.403276230133206	1030
0.101610255452755	0.416012079494155	1030
-0.00448529000446696	0.676002025162938	73
-0.042954732967922	0.275344477327987	637
-0.121565365858608	0.701356537275388	637
0.063947872690069	0.421407142584185	637
-0.081499498028677	0.229220728538513	73
0.0984151415604	0.328944593243322	136
-0.00951798733004095	0.470935993125239	136
0.103377336172367	0.35257746734082	136
-0.111656361220732	0.391993498932391	136
-0.122068272887877	0.396869971796601	136
0.099931899859639	0.242862993717738	136
-0.115538089718598	0.396273000411379	37
0.117805917055184	0.109073531788906	117
0.035871013683546	0.329761811493468	838
0.038881383185385	0.198462405769007	660
0.094273672266333	0.246222209307802	1125
0.123718560190066	0.176774779016048	1125
-0.082632648054503	0.230550960741628	1125
-0.086426040214859	0.23111507384329	2305
0.111867990649127	0.111527541388821	72
0.040713553375788	0.194166562038716	72
0.106112415250477	0.116155148037716	72
-0.081308217797875	0.229779893299134	72
-0.082441725769981	0.228844674254801	142
0.11239000863255	0.112944560089795	1
0.110293549194893	0.112333536245241	1
0.113775933333423	0.111202432084785	216
0.11239000863255	0.112944560089795	642
0.112586022184082	1.68595704886033	331
0.062495746885431	0.994952391012492	331
0.094866104425902	0.32819135495587	2566
0.088254736083927	0.806366978199639	546
-0.041689219761177	0.466580891350776	35
0.042754240047121	0.588787661752699	263
0.105274895096027	0.663385237569101	263
-0.0458022137311021	1.05491229769947	950
-0.103893686845149	1.13819766168843	396
0.118722653097252	0.546112882076475	55
-0.049332723415066	0.932905851764555	55
-0.121176771547488	0.988410204445824	55
-0.087641264424526	1.02738331060108	983
-0.011146175355604	1.09269204694292	983
0.022000214568414	0.967745055814349	983
-0.08758113609201	1.01840723740123	192
0.112323068020819	0.630222467758144	192
0.019668759794654	0.87452780571175	192
0.099344983175998	0.497625820318556	661
0.014360373316256	0.774679546882527	661
0.039243460226793	0.503844302145723	661
0.032891075522019	0.197385813599078	661
-0.00641218593359405	0.39459689478211	33
-0.0818721845812051	0.722733934411753	33
-0.050277860577594	0.696529247402598	33
0.02647448825004	0.496090410306059	140
0.099303691151055	0.327224680476534	1030
0.041783494462088	0.501667142490897	1030
-0.11635514058822	0.840304275842783	1030
0.069889685357589	0.435930311808967	1030
-0.013577560157551	0.483198652846782	637
0.094487599126877	0.243237702427868	637
-0.07780377687633	0.227409118788387	637
0.047757731573655	0.195150846424252	637
0.101568588458451	0.244134238195071	637
-0.082849608363218	0.228720993086107	73
0.068178178181458	0.442433537144757	136
0.115347306613337	0.110954114209396	136
0.09892509839029	0.360287340381694	96
-0.077746043942911	0.433460694728419	136
-0.073451240001768	0.435438173334123	136
0.019816676377376	0.418016941650859	136
-0.0886325758791971	0.228200779400233	37
0.037474540715445	0.323227991112869	37
-0.054297153654839	0.293503908913597	37
-0.034115421278891	0.43968234640001	1037
-0.028073108218283	0.357320118350744	981
0.039440596954444	0.195670448624454	981
-0.072434973320836	0.428164608063272	981
-0.107042626710246	0.383359202331507	30
-0.078061529945624	0.224126743967893	559
0.044766108565605	0.196127072599956	1125
0.106243408725394	0.109395326869488	12
-0.0807417768971001	0.228548754592648	12
-0.082258634579743	0.226170400043011	12
-0.082065968681697	0.230458165802187	72
0.038553785579531	0.19980113560382	72
0.111080992199109	0.11353931257781	72
-0.081308217797875	0.229779893299134	12
0.106639551297304	0.11488364968898	1
-0.052914347676596	0.292156150996992	1
0.110293549194893	0.112333536245241	1
0.115108021694562	0.899254146129976	331
0.028601053816847	0.39567728464114	331
-0.079232218700197	0.434535066935024	45
0.080410454139054	0.431205555333035	2566
0.098984553957096	0.767218139279216	45
0.086988378124355	0.966796222378735	546
0.085602815122796	0.534859825682976	35
0.030470165412148	0.540102394787232	35
0.10694531893016	0.627516072843099	195
0.107387904699004	0.344001386085812	263
-0.059903925094746	1.09744352435542	263
0.084092145042214	0.743888849346819	950
0.122527280233529	0.692785473966739	950
0.055141947865545	0.702612649927565	950
0.056311749518217	0.623534189327122	950
0.055219390313445	0.710561714704892	55
-0.104545700669818	1.04965835796538	55
0.120576059721438	0.576784383738492	55
0.03303203399517	0.728624212403298	55
-0.00276094600568	0.904131670111752	983
0.080480116015314	0.835075523626752	983
0.088906314427945	0.781258186057683	983
0.041578166035884	0.464561268731394	192
0.089944161137191	0.604935326019177	192
-0.011410361778702	0.693159238922152	661
0.0160973596326	0.915687625951288	661
-0.086339485743857	0.588857308987646	33
-0.078137808061575	0.217270787792779	33
0.109340394058329	0.112518694557235	33
0.070657955978688	0.683348774679668	33
0.101023447478267	0.520076169269573	33
0.110110409057646	0.495545749462037	33
0.06052424329187	0.627269982829685	33
0.01892235398461	0.752800008005727	33
-0.101246216639919	1.04800061478344	33
-0.024503596980587	0.636934703115051	33
-0.00274468636486602	0.614221503981752	33
0.00679802188845002	0.500628025182492	2418
0.101386878737362	0.412205091811374	1030
-0.011344903988903	0.653986631523668	73
-0.057368303457373	0.66617071225475	637
-0.033923136854732	0.530703110923671	637
0.088465301403571	0.47995737660664	73
-0.00831303899526603	0.737921304807381	73
-0.082632648054503	0.230550960741628	637
0.0377623355468	0.199688159930782	637
0.041271793486379	0.195143571077156	637
0.09434585267744	0.291322424211596	136
-0.07780377687633	0.227409118788387	136
0.06838277967846	0.377819735418043	136
-0.099030448259402	0.491344527676068	1037
-0.029961635746347	0.34994199770056	41
-0.109815699816983	0.389730044294229	559
0.045000699304263	0.193194805170135	1125
-0.08560696829641	0.226950352918593	12
0.110813826690365	0.113772710115371	12
0.112123061494307	0.114973131154919	12
0.116138640348068	0.11068858558371	1
-0.082065968681697	0.230458165802187	1
-0.083766633554906	0.226437544952762	142
-0.083199536295848	0.22951558009204	590
0.112643758889374	0.113294442733233	800
0.012051672661781	0.532722863307248	2566
-0.084157741593191	0.581072054321566	546
0.039665372301574	0.827335956333867	45
0.033158357687294	0.828713253049021	263
-0.0681732713891831	0.8904043184746	263
-0.082882589285623	0.580901736343603	263
0.117009354563524	0.678130120331656	263
0.112257381175387	0.704866119005484	950
0.069038167512469	0.655052619312259	950
0.063485625291605	0.678243245308967	950
0.058022396306341	0.419716666350199	950
0.0141532121864	0.894144091776785	55
0.098054861734905	0.248387516117651	983
-0.060816604487668	1.35815822619085	983
-0.110038528894958	1.41767685820028	983
-0.016772390164135	1.04368929276971	983
-0.09224279981467	1.04235508637129	192
-0.0462969008169341	0.285455113382486	33
0.028131801079594	0.566319042437402	33
0.106462322527964	0.372146288086933	1030
0.06578636405374	0.451519215038451	1030
0.046921303840023	0.366145340258244	637
-0.064480971479902	0.626075831536308	73
-0.10298529272037	0.497946568602641	73
-0.082849608363218	0.228720993086107	637
0.070990368815577	0.369039413625553	73
-0.063412101859937	0.526156606718972	136
-0.067208961996398	0.531402443405782	96
-0.072848738035981	0.443561157328658	136
0.060175933582747	0.380735568436276	136
-0.099039427201383	0.508464911102244	136
0.017837440452824	0.413360829919676	136
-0.077239286016319	0.226197788327762	41
0.113433367963492	0.111280618271974	41
-0.097763718594294	0.494958057621282	1037
-0.115016185205265	0.390119560919728	41
0.10622681712321	0.232146381331764	981
-0.1185522128278	0.398297593487797	559
0.094278810216377	0.285575790613419	559
0.1015824722845	0.239290838003541	12
0.106112415250477	0.116155148037716	12
0.042857552425884	0.197703856707579	12
-0.052914347676596	0.292156150996992	142
0.112123061494307	0.114973131154919	1855
-0.018223759012142	0.783670041459017	331
0.091754691460462	0.552256159838119	45
0.058177084568848	0.546214982855836	45
0.105185112710969	0.612697006419551	45
0.081236438289634	0.769377959975579	263
0.050811348841215	0.847194630317341	263
0.093654935027736	0.661333827591851	950
0.01495461711178	0.955927721857919	950
-0.07849452665749	0.959636800756347	950
0.074087266048812	0.737850160845433	950
0.087995728842712	0.677610896033775	55
0.03633623028927	0.860188954690979	55
-0.012984855901817	0.97953432261008	55
-0.043424832584889	0.853507274698717	55
0.100362154451067	0.550268205861513	192
-0.00359949157818096	0.616438491763438	33
0.11239000863255	0.112944560089795	192
-0.001899550447518	0.575701266975596	192
-0.038916155542846	0.362411317705819	33
-0.013012366055657	0.483159506858447	33
0.02956047191543	0.312246762778747	33
-0.018819352943684	0.487305789965861	33
0.036407690619834	0.727883218935055	33
-0.0436827227664091	0.460661766721115	33
-0.021953891245948	0.698632834008054	1030
0.024434240197248	0.594648893072747	1030
-0.014413202551247	0.657667841815055	1030
0.082921382085648	0.483958457722937	637
0.016916503593204	0.409779460444233	81
-0.015013040909864	0.485227361045629	136
0.01324603194903	0.422720756878138	136
0.09184183676498	0.290137749112784	136
0.111602139321358	0.115032192174277	41
0.100951196538274	0.3475976928316	1037
0.111602139321358	0.115032192174277	1058
-0.098986079525923	0.499842400474432	871
0.100531998315194	0.326501554639329	30
0.02930723708817	0.324672023887241	84
0.11133387988801	0.113712652956432	84
-0.114173322852221	0.389885572276002	559
0.030280671587935	0.268225677691262	559
-0.113933928520507	0.387567625081772	1125
0.110813826690365	0.113772710115371	964
0.033744380337823	0.330888856668619	45
-0.075911251752463	0.440896470732853	546
0.024249497956466	0.451656425953919	546
0.066327593503851	0.815573975386022	45
-0.086001896571508	0.994521698144594	35
-0.100174963325706	0.942707644857812	35
-0.013024210201666	0.933743510891457	263
-0.044466000307529	1.08865816662805	263
-0.00349137597436799	0.925681002505966	950
0.075356360519335	0.651248413139128	55
0.097793510447074	0.249591737831405	983
-0.015339856215267	0.988476859141513	55
0.008135520209679	0.950663668652204	55
-0.054520887758845	0.295473214741605	33
-0.072005955708944	1.02648136442136	33
0.01584365585221	0.615400989186758	33
-0.0156499921748	0.550158694766071	2418
0.054546305829816	0.519050301005062	1030
-0.062214900138411	0.526829446923281	637
0.083047272825157	0.539212030461705	73
-0.106775711126361	0.58619939357044	73
-0.061965936820885	0.296957928606004	73
-0.099348978514454	0.510354263068958	81
-0.112049329543892	0.683345365597801	73
0.058688406607533	0.382973143815793	96
-0.076601839572657	0.440091337006997	96
-0.106743039281152	0.509371633862829	96
0.0377623355468	0.199688159930782	136
-0.111042848028703	0.511282179587858	136
0.111853708958516	0.112088272718431	41
0.114823742585628	0.11255724030873	41
-0.012369844973218	0.39976566202366	41
0.037799865061414	0.322624306855285	981
-0.082905797754578	0.439233772807787	84
0.03351620666646	0.268863841146082	117
0.105585049477079	0.115107263657516	80
-0.090347588014467	0.225628768631633	72
0.111867990649127	0.111527541388821	1
0.112643758889374	0.113294442733233	1
0.119299668836671	1.26793117860356	321
0.076904349125803	0.781320515308641	45
-0.088913699149725	1.24989765159982	45
0.107923224124353	0.681310070178429	35
0.065451104137066	0.781539028776176	35
0.090087519595009	0.877042127740824	35
0.021484847391915	0.986130194875758	35
0.029649431335774	0.756485402206392	35
0.00255174854628099	0.858305866627022	35
0.1064732412681	0.711325731442078	35
0.00141769998452801	0.810224413304834	35
0.017659275541969	0.663420364035674	263
0.017927039891902	0.865189369067491	263
-0.10280997392093	1.21029136060548	55
0.074872416406271	0.603364053504055	55
0.052422304317872	0.187835024995828	33
-0.0134685383979229	0.657623696822652	33
-0.099199482003554	0.632459239584231	33
0.113511018065066	0.43377087490106	33
-0.107061786526695	0.763846142802207	33
0.088280773311799	0.427851016054796	33
0.063416299361957	0.387252437773605	2418
0.119322310497294	0.370304022776227	1030
0.038330370755963	0.500793622441044	73
-0.115619745812465	0.389812952147086	73
0.120643301032125	0.307077893512331	73
0.034275871854391	0.323829507571161	96
0.097630122524786	0.242991834075934	136
-0.00616308813433797	0.398948650190525	136
0.099883913524171	0.322208065419714	41
-0.00454404543637998	0.382024716265235	41
0.029681971445929	0.267739926856242	41
-0.111189479730918	0.39173381607817	1037
0.109063618653346	0.11247761804126	41
0.043738281853249	0.195991543635569	10
-0.049826007178829	0.294680286074608	84
0.106112415250477	0.116155148037716	117
-0.040035425313988	0.452638276338174	117
-0.11827356066565	0.380631260530038	326
0.105329228347668	0.114890015465784	12
0.106112415250477	0.116155148037716	72
0.114299951550314	0.112618511833295	12
0.112643758889374	0.113294442733233	1
0.107460379534184	2.05243385348649	321
-0.02983623081105	1.58093067887235	546
0.012426013337374	1.75806822613081	546
-0.00843951592486603	0.857804391256286	45
0.075985435827345	1.02043707127827	35
0.045237656105722	0.895557683684961	35
0.091200632502916	0.89469434670687	35
-0.079308299754092	0.866789369678772	35
0.054399686961329	0.689668536569949	35
-0.121285618185738	1.21977703881967	35
0.022900490367041	0.749852353453321	263
-0.018224870511146	0.682755259502284	950
-0.011771639718096	0.658458004457511	950
0.099190712849313	0.447339854626131	950
-0.023075140000832	0.563766231409156	950
-0.086079130619229	0.695488682209299	396
-0.068636294018963	0.530868224753076	55
-0.046895541316384	0.697623406948943	55
0.113955874552018	0.442302375633096	55
-0.050953772985626	0.73335886723404	55
-0.073869291055419	0.929878989014568	55
-0.00551552977297098	0.617968925515186	55
0.017550639202253	0.403630121170484	55
-0.025763385740144	0.636575745438455	55
-0.0575359450434601	1.05178200202733	983
-0.091105958272084	0.916226827547039	983
0.104810591009597	0.584387074739386	983
-0.01739592718059	0.780175370464667	55
-0.091639899415664	1.0328207593849	55
0.01630787424622	0.620442866598712	55
-0.034685607792484	0.744130470293237	55
0.036919527064691	0.538328476074856	55
0.017211858636911	0.638209228823852	55
0.061012300506352	0.342288268739074	33
0.00211064847432402	0.508387445801017	33
-0.091800365385574	0.890368792750388	33
0.091573732287282	0.33545826849571	33
-0.00426633066143201	0.643077749883702	33
-0.030629031248434	0.571861652160879	33
0.099856122594726	0.357689996384646	33
-0.0844869687969561	0.58536798568239	637
0.104807247585321	0.372426084952878	73
0.00935960218514398	0.420504876623158	73
-0.098175492278562	0.494906142344224	81
0.043673242417479	0.311102017069348	81
0.045184211074148	0.311829309549576	73
0.091232002667877	0.289856140517779	136
0.039130267553718	0.194509721026511	136
0.112123061494307	0.114973131154919	136
-0.028276941817024	0.355344884637503	136
-0.077546775909522	0.224430578335701	1058
0.111853708958516	0.112088272718431	1058
-0.0555595769578771	0.291339407338502	10
0.096672519421572	0.241973418059912	981
-0.079355337570136	0.43675329079018	84
0.037799865061414	0.322624306855285	84
0.111853708958516	0.112088272718431	117
0.112911801013283	0.112883681223137	117
-0.07780377687633	0.227409118788387	80
0.111602139321358	0.115032192174277	418
0.11239000863255	0.112944560089795	72
0.111602139321358	0.115032192174277	72
0.112123061494307	0.114973131154919	12
0.105329228347668	0.114890015465784	12
0.041740817103503	0.194064380783088	12
-0.081874867372603	0.229873084039577	523
0.025944642183206	1.34844291165905	321
-0.0751768679603661	0.803063398920479	45
-0.037449238306717	0.818369696347337	45
0.082302957285365	0.932628151952404	35
0.038399396847842	1.18302568449341	35
0.102698153521176	1.06525723485372	35
-0.118177822057349	1.10910780618641	35
-0.093087642372603	1.47570470603679	263
0.046063088830339	0.498028821664438	396
0.077341922612051	0.400636578785878	950
0.013262096933258	0.870043403102806	950
-0.010621558231575	0.698598940824192	950
-0.073459619239768	0.444260725945798	55
-0.06665322061427	0.608879991168674	55
0.071683611369091	0.659191001558638	55
0.004119389072332	1.07216420790176	55
0.07380986913384	0.860420354810869	983
-0.022972986697515	0.671844164975225	55
0.076017396140606	0.548336067644505	55
0.078377509014537	0.646363104496777	33
-0.052845513620654	1.00652422138646	33
-0.096896164034507	1.16293166853653	33
0.102989341652723	0.423381989308993	33
0.016864416065261	0.842056023872526	33
-0.005839379486825	0.395253351602253	33
0.050588858525357	0.35592194813296	55
0.049326314119868	0.491982679181859	140
-0.033490190754649	0.454457408953238	140
-0.118366380414758	0.563655171662173	140
-0.058966228115848	0.296401349297715	2418
0.124470940642588	0.306382249895059	1030
0.114823742585628	0.11255724030873	81
-0.00636227135979295	0.510969137321793	81
0.02623624302878	0.328325233691165	73
0.034115420764546	0.26865871604846	136
0.104436526130654	0.410265940923763	136
0.039904706615939	0.198350876514301	136
-0.081874867372603	0.229873084039577	136
0.106366896593577	0.113071891971668	136
-0.081685336727845	0.224765880081234	136
-0.082258634579743	0.226170400043011	136
0.095758474370303	0.243772006032305	41
0.048172434637158	0.363784174676554	41
-0.037033131276633	0.590818577186581	10
0.11239000863255	0.112944560089795	981
0.110813826690365	0.113772710115371	30
-0.037423809868141	0.358634449938322	84
-0.053588554092553	0.292825106837486	84
0.032744327873037	0.331702468239731	117
0.094361648863808	0.248196848739537	117
-0.074218937671101	0.219465174037401	418
0.041506506655175	0.196577430722051	1152
0.113433367963492	0.111280618271974	1
0.110813826690365	0.113772710115371	257
0.104411770161666	1.27882785661929	546
0.076436903566031	0.908043247364069	546
0.00704115010061501	0.934707790708865	35
0.013901930757459	0.908048094925394	35
-0.044442667544943	1.02304934267523	35
0.035719433213805	0.778048262318149	35
-0.064933860806771	1.03948938844683	263
-0.093323588872448	1.33403929663128	263
-0.019424320776127	0.629299987629591	950
-0.071589469693272	0.610546655797266	950
-0.041840685183181	0.688562938783041	950
0.101161065934272	0.497747951058611	950
-0.091136078283832	0.90645846567592	55
0.114670854141288	0.461891607835438	55
0.00869345642491498	0.486803393721101	55
-0.114689612716871	0.693398379531587	55
-0.088705569090471	0.973940000785324	55
-0.081702091530699	0.651986628463458	55
-0.039924401236332	0.465483163243055	33
-0.098176789786727	0.621086261323044	192
-0.035775705425327	0.455372071309653	55
0.021575722382796	0.273202737767768	55
0.094695944277508	0.333596443240724	140
0.067480299124535	0.376952944828079	2418
0.096418057734866	0.294456182615847	637
-0.056480978454076	0.291275570631543	81
-0.080218574191501	0.445848260938551	81
-0.109169324550116	0.51001019113344	81
-0.073553284968776	0.428399389603231	73
0.122916710151856	0.174644225699991	73
-0.114173322852221	0.389885572276002	136
0.031322339627252	0.273181200092021	136
-0.02565891474583	0.342659587057314	301
0.043415611281046	0.197922002730223	136
-0.081874867372603	0.229873084039577	136
0.112643758889374	0.113294442733233	136
-0.049826007178829	0.294680286074608	136
-0.090347588014467	0.225628768631633	136
-0.078933382887377	0.226494530252324	41
0.031379524424535	0.438125574877196	41
0.045615105961212	0.193470324607115	10
-0.078933382887377	0.226494530252324	10
0.124289796320264	0.176902496321386	10
-0.082065968681697	0.230458165802187	10
-0.114412868882882	0.389475412879497	30
0.123839330835691	0.174589872941708	84
0.113433367963492	0.111280618271974	117
0.112911801013283	0.112883681223137	1079
0.042888041441389	0.197051038353189	12
-0.081308217797875	0.229779893299134	12
0.048549721363538	0.192197906276806	626
-0.082632648054503	0.230550960741628	626
0.111602139321358	0.115032192174277	12
0.112123061494307	0.114973131154919	590
0.124798026065025	1.06491204671173	321
0.00132039553973001	1.23979094985297	45
-0.020614049108681	1.12906148427756	45
0.089088215851031	1.5327333492944	546
0.047716735576151	1.7582980626903	546
0.022111680466907	1.85371076518445	546
0.120969595028745	0.605558501583984	35
0.029457150309843	0.794037446631323	263
0.086677445671389	0.512571301767493	263
-0.094045792602369	1.39597534111708	263
0.074252001135097	1.03597888538932	263
0.034890814879038	0.477362415440634	950
-0.046753376218864	0.725357539816715	55
0.04177546174321	0.832237596932766	55
0.049714089121165	0.925448912476551	55
0.100266368315034	0.499751891360866	983
0.075364631994493	0.692655109487736	55
0.072554545082829	0.410277760756691	55
0.070833492488036	0.446966686592053	55
0.030200164048497	0.542126909244613	33
0.059383731190607	0.749176686158441	33
-0.039478579315167	0.817860597511373	33
0.049500001802001	0.685387963908038	33
-0.066914327147515	0.51878002104973	33
-0.06693201936767	0.529156423077646	33
-0.055323312166239	0.294607834503801	55
-0.003649865939509	0.452198003326715	140
0.061327709971976	0.379568916202917	73
-0.104907201094103	0.633438561290322	1030
0.104790598684665	0.351393443525344	1030
0.047807329388308	0.357465484941039	1030
0.042023127379402	0.365552990104801	637
-0.00603356835907798	0.532773742227093	637
-0.075466078048521	0.445176897048435	81
-0.092587767705812	0.490679741730259	81
0.10137292638686	0.317059792809665	81
0.02604324507312	0.273676115099479	136
0.018820511525386	0.269697387478667	136
-0.087245755730482	0.231819826248083	136
-0.113330000181679	0.387868119338008	136
-0.035279557752315	0.359141070574393	136
0.036642460138975	0.196487575253128	41
0.113775933333423	0.111202432084785	41
0.102020366963462	0.324704759831184	10
0.040695806494544	0.194898991065921	10
-0.054520887758845	0.295473214741605	1058
0.100590131121244	0.114938505707066	1058
0.033758485646735	0.267528819413003	30
0.097890944068849	0.242638826631305	84
0.073697096127558	0.695049507738563	84
0.03351620666646	0.268863841146082	84
0.11239000863255	0.112944560089795	117
-0.0866795500923629	0.231015106598707	117
0.11133387988801	0.113712652956432	80
0.112911801013283	0.112883681223137	80
0.112123061494307	0.114973131154919	418
0.112123061494307	0.114973131154919	432
0.111080992199109	0.11353931257781	12
-0.082632648054503	0.230550960741628	332
0.034083621579861	0.321676160798388	12
-0.055679091222788	0.292100900791799	12
0.111602139321358	0.115032192174277	12
-0.0807417768971001	0.228548754592648	1
0.111602139321358	0.115032192174277	178
0.111080992199109	0.11353931257781	178
0.110813826690365	0.113772710115371	590
0.082050114334114	1.71071598921042	321
-0.109597084517116	0.68573152460802	45
0.041312686857839	0.535553697426866	45
0.070352943578396	0.663356602285896	45
0.111516029967401	0.452386590513101	45
0.00279960109509197	0.497490993012655	45
0.057818851804072	0.51255381817117	45
0.09270746966117	0.363810824035882	35
0.018602626913989	0.705722996930957	35
-0.077343002701299	1.06700936466988	263
0.06975240460784	0.810847612548231	263
0.00928180548766999	0.420973244175868	263
0.090093308639343	0.248842973486187	263
-0.073158586427719	0.441423907092897	396
0.038321962764617	0.199537160848968	55
0.097630122524786	0.242991834075934	55
-0.033380276828452	0.446834299042122	55
0.051593582798467	0.349085029325928	55
0.052686378464406	0.344312150744326	55
0.044479380598644	0.367366808877316	55
-0.114182643221913	1.22403260309927	33
0.109348989077516	0.558989438885401	33
-0.05703659216761	0.851748036145402	33
-0.093152429841472	0.891926662661099	33
-0.055783669105227	0.295734352892621	55
-0.077546775909522	0.224430578335701	55
0.092789348366914	0.246859526974829	637
-0.062573454997081	0.592622260439531	2246
0.00844005371230599	0.519679205258461	2246
0.115322998647364	0.455580461164242	81
0.087273545848273	0.559377377631475	81
0.012630987934476	0.637830351919965	81
-0.00465436417479304	0.644355678147681	73
-0.080551888366701	0.225643184038845	136
0.111853708958516	0.112088272718431	136
-0.055248276616239	0.299230658919866	136
0.093604931653504	0.296127647361809	41
0.111853708958516	0.112088272718431	1058
0.087892852451749	0.299128521137209	1058
-0.078679899272829	0.445447099551672	30
0.114299951550314	0.112618511833295	30
0.106112415250477	0.116155148037716	1305
-0.109171200908499	0.507832868827827	84
-0.028976344116862	0.348942251521685	84
0.091691781147336	0.331166835113695	117
-0.122424967193736	0.392569311409418	117
-0.078676700469541	0.220566034219175	866
-0.026655471689484	0.349774118305133	415
-0.0866795500923629	0.231015106598707	415
0.050514893438895	0.188260543114486	415
0.112123061494307	0.114973131154919	12
-0.088066111496496	0.228752102721505	530
-0.081874867372603	0.229873084039577	590
-0.078061529945624	0.224126743967893	590
0.111666521003053	0.643097959140893	321
-0.00718532443120201	0.579468900372834	45
0.092852021770348	0.5418458095956	45
0.02035611631606	0.695030673079049	45
0.078370637655007	0.661697643674129	45
-0.070468887604665	0.891850355823147	45
0.096841114053292	0.596034972629952	35
-0.00967311705060203	1.01096946265232	35
-0.118818167554323	1.22988963145558	45
0.063499469452544	0.453930123460758	45
0.105607133118652	0.561988600535804	35
0.067473925254896	0.450350021796632	950
-0.041221253008715	0.547198268756235	950
0.02553315080757	0.452880010753446	950
-0.036177683338662	0.459907377581312	55
0.110226233457521	0.553351168823548	55
-0.10678112734331	0.883194174128196	55
-0.082437794689206	0.652099151629105	55
-0.079463682122064	0.636238143651458	55
0.121537887930916	0.473143752710866	192
0.107039460955863	0.65506758666517	33
0.044016363836099	0.694947930511044	33
-0.039492328267808	0.458405805540401	33
0.099196813777096	0.328924210760392	55
-0.077296579481507	0.426744313887896	55
-0.073459619239768	0.444260725945798	55
0.097025991840864	0.317845085504641	140
0.096234693678709	0.389394478897297	1030
-0.082065968681697	0.230458165802187	2246
-0.049022661436726	0.292868583830154	73
0.04263108289915	0.361150405162429	81
-0.07836847578401	0.227502697104956	81
-0.122750848765232	0.3811743394532	81
-0.058780902928681	0.299370952362175	73
-0.0866795500923629	0.231015106598707	136
0.040977263897168	0.194438925785401	136
0.112123061494307	0.114973131154919	23
0.072645110557931	0.432246901058902	41
-0.011694054183419	0.398552781180569	41
-0.081874867372603	0.229873084039577	10
-0.050183527396214	0.291493941803324	84
-0.082441725769981	0.228844674254801	84
0.115089536983158	0.112348134554799	117
-0.072434973320836	0.428164608063272	117
-0.095416295590908	0.222525162811684	415
0.039113424792125	0.199650098479209	415
-0.019090799449666	0.487317504000438	45
0.066876243872632	0.688652080319156	45
0.049020664460873	0.553419775707089	45
0.016888226773022	1.10563762546888	263
0.031186092009975	0.604679944940185	950
0.092829738713212	0.42421456645662	950
0.100813349369771	0.358209991959494	55
0.103400877326868	0.412436307916055	55
0.11999392528499	0.564681616361345	55
0.066020126241001	0.381339101619925	55
0.119501619188262	0.557247928911965	55
0.10808663297879	0.432924396493163	55
0.016037946906457	0.666525285974221	55
0.061688426425326	0.505649038935221	55
0.104550645128894	0.571342587754479	55
0.017019283227476	0.725863676986951	192
0.113930982051609	0.551308938025815	192
0.029343083761667	0.329713562916657	33
0.1171045700893	0.591368874125931	33
0.101424201251088	0.28306527111189	33
0.071698837630354	0.58686875189582	192
-0.042475646456829	0.689720501203831	55
0.014779982002291	0.586483130345661	55
-0.036911856265315	0.543182468513374	140
0.100704605687145	0.356532582003436	2418
0.023365042843882	0.585003168272961	1030
-0.00610347877555895	0.395292556304417	1030
-0.089405679336893	0.801562873948424	637
-0.121212898722871	0.572409626913542	73
-0.017016802532404	0.399460776439544	2246
-0.069824927672306	0.424718175526995	73
0.026644506424858	0.273873482899527	73
0.095234185559547	0.247298026499169	136
-0.078137808061575	0.217270787792779	136
-0.082632648054503	0.230550960741628	1448
-0.058966228115848	0.296401349297715	23
0.100821913634149	0.284378967093708	23
0.0278462952597	0.271798049310183	41
-0.086426040214859	0.23111507384329	41
0.03580013505482	0.26552471507547	1286
0.112911801013283	0.112883681223137	1058
-0.092299201177554	0.228975950608636	1149
0.031322339627252	0.273181200092021	30
0.04696555829762	0.195697318723232	30
0.106895142792059	0.114065326676144	12
-0.082065968681697	0.230458165802187	12
0.111080992199109	0.11353931257781	12
-0.117100791260237	0.396784795366006	415
0.026644506424858	0.273873482899527	415
0.108280085847995	0.112742150793283	12
0.026887925412969	0.272213465057962	859
0.045000699304263	0.193194805170135	293
0.114823742585628	0.11255724030873	732
0.111853708958516	0.112088272718431	230
-0.081874867372603	0.229873084039577	964
-0.094329753077421	1.34194535719311	321
0.090683365037791	0.955976933812161	546
-0.095989621164549	1.32629817237597	45
0.089136092561843	0.673827176407419	45
-0.029114147256767	1.11605001883079	45
-0.10472390463814	1.32404075391963	55
-0.025935274472083	0.93888258726789	55
-0.000629903445587998	0.926251678807558	55
0.035792348267323	0.509540548114269	55
0.097755958888849	0.479133378177672	55
-0.010457430065706	0.592087931019913	55
0.023364968694584	0.827943864531684	33
-0.111628367384709	0.391729089608725	55
0.00806402300410097	0.538332592273341	55
-0.08777130110148	0.589364880146716	55
-0.082888977846163	0.649297253377959	55
-0.075602593373575	0.442176020007897	2418
-0.032464746534524	0.446157570397434	2418
-0.119687122467122	0.563365988446715	73
0.086777371066438	0.396369438782238	73
0.047644483473081	0.496204443840274	637
-0.049645062726191	0.702291162421137	637
0.076789835515386	0.396286240274969	73
-0.121828821365368	0.397444694730785	73
-0.068783380581819	0.437482425015669	73
-0.075071033579618	0.437213387638881	73
-0.039739556140711	0.451826143690162	73
-0.054297153654839	0.293503908913597	73
-0.050986334391348	0.293279708813577	13
0.121807559403719	0.175262214939502	23
0.094285327650069	0.248603199025271	41
0.047757731573655	0.195150846424252	41
0.055531019760684	0.354280803784866	41
0.047199609445477	0.194941439715104	1286
-0.0807417768971001	0.228548754592648	30
-0.083102739519798	0.225844845103275	84
0.11239000863255	0.112944560089795	117
-0.076417683921763	0.223160788798814	80
-0.080551888366701	0.225643184038845	12
0.112643758889374	0.113294442733233	12
0.112123061494307	0.114973131154919	12
0.11239000863255	0.112944560089795	12
-0.078933382887377	0.226494530252324	590
0.106366896593577	0.113071891971668	964
0.090491078862777	1.1037738077658	546
0.093081709482976	0.451410156489007	45
-0.084079611740099	0.945010791161184	45
0.051525101645894	0.953342270157962	45
0.020106589213563	0.845626387494956	45
-0.0332938303046511	0.899414974031621	45
0.108720276639917	0.627644875022888	45
0.07655757736614	0.600736582550172	263
0.081949505964632	0.449895372011521	950
-0.050075183647987	0.549441952937162	950
0.017013155511753	0.423795884665796	950
-0.092011062134867	0.582512492648165	55
0.011923282870949	0.42965142819744	55
-0.00734886564166903	0.389791108309014	55
-0.018327806990117	0.611478815859953	55
0.052285674484067	0.566647830472721	55
0.056795911735291	0.77103458318411	33
-0.100854945623094	0.496010968418099	55
0.048760687282383	0.363800596815843	55
-0.076601839572657	0.440091337006997	55
-0.031556675576518	0.451238172926325	55
-0.0240017069770661	0.511046871024024	1102
0.100191908111002	0.244229997575565	73
-0.097430680515239	0.633836175054092	73
0.083965150532796	0.478757323501819	73
0.075247980975877	0.470626466140561	73
-0.078025290724879	0.566050842209594	73
-0.123303618213098	0.575973661422662	73
0.000660730922795005	0.389616135550805	73
0.068531271807672	0.447726860072884	81
-0.120787275629929	0.573936643947389	73
0.035871013683546	0.329761811493468	73
0.007374878770399	0.493324125237531	73
0.094897865124173	0.331698886754791	73
0.033663371494648	0.325641257706528	13
-0.119158242139175	0.398461427196859	13
-0.082825135000569	0.227365013828746	136
-0.076982125918146	0.224335136500647	136
0.11133387988801	0.113712652956432	820
0.040206940868291	0.320322533528691	1603
0.027499074082832	0.329125830703902	23
0.094584567540051	0.286516726228818	41
-0.05797641873789	0.300282042313306	30
-0.113569822785881	0.389240946097208	30
-0.083668742709217	0.226616320949797	241
-0.0718489422802669	0.436241307630137	117
0.115089536983158	0.112348134554799	80
-0.083415771078558	0.22815883731346	12
-0.081118508158911	0.225738968647028	12
0.116138640348068	0.11068858558371	859
0.109340394058329	0.112518694557235	1
-0.081874867372603	0.229873084039577	590
-0.00364764219513203	1.84178568237726	546
0.036783223477699	1.38414665514886	546
0.000597673443039015	1.15401564662019	546
-0.028993371888158	0.764720817232579	546
0.067293688821633	0.934917987243236	45
0.043801549699871	0.554262020103627	45
-0.116247968890034	0.888175586659767	45
-0.085661236896438	1.06587775033026	45
0.080298580865428	0.568264812040606	45
-0.066396208948497	1.24638209693379	263
0.080391437765947	0.295127953384058	950
0.092198719265093	0.33066815564162	950
0.03546659145913	0.318697103529104	950
0.095739580650661	0.291184247156507	396
0.00330611348015702	0.426810384685643	55
-0.115168253580401	0.400635733477657	55
0.094285327650069	0.248603199025271	55
-0.115255454752523	0.387655758978213	55
0.050357399437509	0.604124700609418	55
0.113206404262695	0.641787684419958	33
-0.102799929492588	1.06343416901816	33
0.093738100263307	0.728347155082109	55
0.104027374579148	0.782619543056906	55
-0.03143889818131	0.362585636782073	55
-0.030980551759389	0.356286007690086	73
-0.071125688480456	0.430622119559097	637
-0.026134741898639	0.349253046374702	637
0.121403135480292	0.396034268103529	73
-0.085660419581875	0.759361100120973	81
0.036633865022783	0.566881820946419	81
0.123386628125102	0.517175807331744	81
0.049927811430031	0.491583184486349	73
0.119623482440086	0.175702099840956	73
0.046989974295024	0.191265572903929	73
0.027489380813326	0.27240572128393	13
-0.0866795500923629	0.231015106598707	136
0.112911801013283	0.112883681223137	136
-0.0883787950767581	0.22847046052406	44
-0.050406054081796	0.294423790908254	1603
-0.068172729214422	0.435764924112823	23
-0.039163852333491	0.463478052405875	23
-0.05636575580207	0.296887514834489	41
0.033400259352855	0.261826932836355	23
0.026307939569529	0.330247395012235	41
0.110813826690365	0.113772710115371	10
-0.091158779102778	0.582502246132084	1286
0.114299951550314	0.112618511833295	10
0.112866315925522	0.305400984302655	309
0.043180646496689	0.197311888785559	10
-0.078676700469541	0.220566034219175	30
0.11133387988801	0.113712652956432	30
-0.118251227340299	0.637482130175567	30
-0.096614488493209	0.481334661275284	117
0.09650603911903	0.330136114375968	117
-0.096554171607255	0.49734945514629	117
0.047523462332102	0.195197901983396	12
0.025199038164729	0.273950616800281	65
-0.031401765271332	0.355350266694689	12
-0.028073108218283	0.357320118350744	415
-0.114173322852221	0.389885572276002	12
0.034957546576314	0.267818868716928	859
-0.059362417109905	0.299537690963719	859
0.100590131121244	0.114938505707066	964
0.110306920463403	0.336651572038624	45
0.122707388880284	0.341560833004851	45
0.031942108167705	0.439711063997274	45
-0.01998715425526	0.75343684696249	263
-0.046715750570487	0.817472155844574	263
0.095259484293704	0.290142845100199	263
0.124415021901308	0.174395200966497	950
-0.079232218700197	0.434535066935024	950
0.026887925412969	0.272213465057962	55
0.082562515722885	0.297500000757636	55
0.035237207269176	0.327671565967262	55
0.00374215867816102	0.864955696528035	55
0.099393264690945	0.716049370449322	55
0.063751874230448	0.906820165525725	55
0.026253853806945	0.273529752880138	55
0.100956902498587	0.245042214831723	55
0.105533649599765	0.479601195585613	33
0.097468884162417	0.698185024862686	55
-0.101120707725466	1.16031931607931	55
0.081474445008443	0.83742509036908	55
-0.04397443199466	0.281303202910521	55
0.088161310810871	0.336866713376129	55
-0.04604189825547	0.466105168085972	1102
-0.040704363773605	0.533613066090093	73
0.046733934082899	0.579289425831061	81
-0.059530381402905	0.74604938998348	81
0.080789179325398	0.461528978384299	73
0.105585049477079	0.115107263657516	136
0.10352982461802	0.112526825733564	136
0.094241436378204	0.326860737364757	1603
0.094972138087249	0.246545375084527	1603
-0.116168007482241	0.390431106601751	23
-0.039481681364393	0.604190520215089	23
0.060372201290594	0.424259510315993	23
0.04265695270042	0.197444510551641	10
-0.012065116096428	0.478783194528433	309
-0.065233582251606	0.607653721791696	309
-0.029665774674401	0.488681778362462	10
-0.0523350577596809	0.292399398043092	30
0.114823742585628	0.11255724030873	30
0.11133387988801	0.113712652956432	12
0.11239000863255	0.112944560089795	12
-0.032313537028266	0.362901098360337	65
-0.0364874373698521	0.463321992837671	12
0.032320116326297	0.265706442512603	12
-0.093116422928159	0.226064246254305	12
-0.057171369712911	0.299433731617199	859
0.01988361083657	0.268348791685491	859
0.112911801013283	0.112883681223137	293
-0.059944165839978	0.298707817893249	1
-0.087910490807354	0.225984319387442	1
0.111853708958516	0.112088272718431	1
0.112911801013283	0.112883681223137	1
-0.0858598839870131	0.230314192318227	964
0.110813826690365	0.113772710115371	964
-0.00678189192911705	0.399652657482518	45
0.093355759093441	0.326510867563796	45
-0.116991852317483	0.395309384154681	328
-0.108489920561997	0.382724779124994	328
0.120773864519016	0.659836426242064	45
0.043447742823634	0.196899251769067	950
0.098054861734905	0.248387516117651	950
-0.103742022235474	0.863552518359029	950
-0.123913233654677	1.01430311173334	55
0.043944620613979	0.864803813275889	55
0.118004636512817	0.578702134659691	55
-0.074078597649598	0.438801793643519	55
-0.027318856005049	0.346651336879333	55
0.100008932580017	0.37807202780704	55
0.09519680322715	0.28406350289201	55
0.076346076355222	0.656019377031842	192
0.073374165899367	0.61413997986719	55
0.123991379728076	0.609279835546593	55
-0.082065968681697	0.230458165802187	55
-0.0554763047764349	0.295247932720197	637
0.102809554407248	0.470287448966461	81
-0.074787376538438	0.831033298145233	81
-0.00833855678383999	0.619687957365329	81
0.026978073857696	0.437530945782842	73
0.112911801013283	0.112883681223137	73
-0.077212948156134	0.439787949466758	44
0.101568588458451	0.244134238195071	1603
0.09421447532057	0.247665816793511	23
0.00678132063419401	0.49885502451852	23
0.053702311510338	0.411331359142462	23
0.111080992199109	0.11353931257781	10
0.048549721363538	0.192197906276806	10
0.0548546265464	0.181399273240544	10
-0.120003049583146	0.396531885659591	30
-0.09497110438629	0.593093970665876	30
0.108126290897428	0.405631390112362	241
-0.090125585114908	0.698269323150638	4
0.11239000863255	0.112944560089795	4
0.037993939423732	0.199032119088873	12
0.105585049477079	0.115107263657516	1
0.043738281853249	0.195991543635569	79
0.115089536983158	0.112348134554799	964
0.112123061494307	0.114973131154919	964
0.111602139321358	0.115032192174277	964
0.111853708958516	0.112088272718431	964
-0.117805208281927	1.98186849574382	321
0.015342417256015	0.659922958944589	546
0.022604692477467	1.38866175562506	45
0.035546258841623	0.329861595613118	328
0.099582495579945	0.244181078184332	45
0.00922664745595603	0.425942108082092	45
-0.00625033291615296	0.921847127473987	263
0.04182982777769	0.19534589057136	396
0.044295711821309	0.193043122641893	55
0.042425444743588	0.194361137529262	396
-0.037107876872996	1.38916717366398	55
-0.084474963763686	0.223256359806161	55
-0.050406054081796	0.294423790908254	55
0.081280455027851	0.637645895767774	55
-0.087499856473756	0.227973061801536	55
0.120893219919827	0.773681604470723	192
0.00613967360872902	1.22415012432239	55
-0.062728149959835	1.04214496879794	192
0.04532376850952	0.194818658145184	55
-0.076982125918146	0.224335136500647	922
0.03267304679488	0.262841789196351	55
0.031232818555582	0.265749798618427	55
0.043216435166805	0.19638023438628	73
-0.037244681004917	0.746958511235093	73
-0.00534081786489205	0.849306748888763	81
0.111080992199109	0.11353931257781	73
0.094547585649699	0.249687471354233	13
0.110813826690365	0.113772710115371	13
0.111602139321358	0.115032192174277	44
-0.034268553366817	0.453805998743392	23
0.11219748373642	0.421418580501675	41
0.120952593878333	0.449155960948588	41
0.110293549194893	0.112333536245241	41
-0.118735558670613	0.695389471312241	23
0.106112415250477	0.116155148037716	10
0.067735144993709	0.437605520266496	309
0.027071699006053	0.580180827032837	309
-0.055248276616239	0.299230658919866	10
-0.11891942856219	0.397278300460482	84
-0.037427957883736	0.713954198261398	30
-0.081703677813219	0.772728223206562	241
0.00810835233270701	0.55529546159504	241
0.0478737188758	0.362353819024867	2265
0.098582664392012	0.316522338523358	65
-0.05337256607994	0.291724281385979	65
-0.090347588014467	0.225628768631633	65
0.033012945226031	0.26574599781846	1
0.04532376850952	0.194818658145184	1
0.100751118644729	0.948647706587803	546
-0.009172842167811	0.640793974214625	45
0.121522266823274	0.635392822128495	45
-0.12122014259767	0.396657064016754	45
-0.039539870799902	0.363939894819971	328
0.029712630354569	0.45057516361416	45
0.092686567833241	0.297777709559405	45
-0.116990214284084	0.684975323430032	45
-0.00335911768188502	0.397367599838377	45
-0.069094737507684	0.436144004165506	45
-0.00769140584125305	0.611140137581635	263
0.046989974295024	0.191265572903929	263
0.101922241858663	0.630188318708422	55
0.00129807334668403	0.611046907205695	55
-0.117946429687602	0.397009572207988	55
0.024233225608164	0.26935274963652	55
-0.049246193511319	0.294096986386234	55
0.068222436218343	0.536129614162034	192
-0.089577918798714	1.23377193076633	192
0.00811079260145597	1.08591787567581	192
-0.052914347676596	0.292156150996992	55
0.043180646496689	0.197311888785559	55
-0.091731524324519	0.228844090841653	55
-0.041847076520849	0.467108013913291	55
0.093125789320408	0.289636701633488	55
-0.080551888366701	0.225643184038845	55
0.00129807334668403	0.611046907205695	73
-0.080638005806236	0.439199722736615	637
0.016320978143635	0.527413164838934	81
-0.069315282510919	0.640706480422598	73
0.111602139321358	0.115032192174277	13
0.099289513533636	0.286573004606555	13
-0.081874867372603	0.229873084039577	13
-0.04096296766855	0.616357686447703	23
0.038837253809061	0.474317865146429	23
0.124464542598506	0.334915664358624	23
-0.064332319203139	0.81204298354421	41
0.06658133509605	0.531892672579339	41
-0.00614930442649797	0.399394304684217	309
0.078534461662218	0.428797018783572	309
0.021251481981821	0.448814585368725	309
0.034357451956513	0.330651292958194	30
0.046812067309777	0.530444577321196	30
-0.123728876668466	0.702387275434804	4
0.111602139321358	0.115032192174277	12
0.124289796320264	0.176902496321386	12
0.115089536983158	0.112348134554799	65
0.039691345295747	0.192098387597244	859
0.02097184574969	0.272491578652534	859
0.028402883616906	0.327451219029964	859
0.112911801013283	0.112883681223137	1
-0.067308608739027	0.291280575460865	964
-0.0691824158347349	0.827985658675417	328
0.095788743090603	0.331408130139608	45
-0.107022409564776	0.499750852846765	263
0.019528416162531	0.415402492638297	263
0.100084469318459	0.24455715888943	55
0.007790648057664	0.601981082495668	55
-0.108655841355291	1.0154653161291	55
0.059534369028201	0.452786025913859	55
0.115874242078874	0.482665491562961	192
0.03613753865438	0.585295152012667	55
0.095140014968385	0.476823819314213	55
-0.087924574042056	1.22793574226579	55
0.039273183269013	0.462715643740363	55
-0.051208574008129	0.294175601332515	55
0.042888041441389	0.197051038353189	55
-0.0243010085077759	0.348619897624325	55
-0.086426040214859	0.23111507384329	73
0.015371707266849	0.62072340236135	73
0.028381900017869	0.446186987966914	81
0.105585049477079	0.115107263657516	44
0.01988361083657	0.268348791685491	41
0.11133387988801	0.113712652956432	10
-0.038272128771802	0.465010069811569	309
-0.00267169138778201	0.386054247699798	309
0.105329228347668	0.114890015465784	30
-0.050406054081796	0.294423790908254	30
0.05316188780136	0.391046214767592	30
-0.113074995358653	0.389181614469615	30
-0.00874174334473898	0.611201260393978	30
0.059816522741716	0.642687539584572	30
-0.010835929438784	0.394194000237913	241
0.044531112100656	0.196091216271099	65
0.087983234000227	0.299179544171982	65
-0.039413394103896	0.60881370229341	65
0.097358331775685	0.24488643313014	12
-0.078933382887377	0.226494530252324	1
-0.087245755730482	0.231819826248083	24
0.114299951550314	0.112618511833295	79
-0.082441725769981	0.228844674254801	79
0.111080992199109	0.11353931257781	79
0.111602139321358	0.115032192174277	1
0.104802741745863	0.113880586116634	256
0.111452713854355	0.306736240559534	328
0.014477419442812	0.527434182687249	45
0.042655324222194	0.584764009630512	45
0.097825549403707	0.448910887699592	45
0.095193034309676	0.390956332668113	45
-0.124092835167861	0.578212033412051	950
0.09702272525211	0.286608536676199	55
0.04696555829762	0.195697318723232	55
-0.026144369517157	0.570860918005026	55
0.068203823566679	0.656258804569318	192
0.00555142475266601	0.871468684803066	55
-0.114898795118805	1.06144524343531	55
-0.061965936820885	0.296957928606004	55
-0.081499498028677	0.229220728538513	55
0.025398543878298	0.453990928368981	55
0.028241503118687	0.266779324787076	55
0.096322044283033	0.292156062538467	55
-0.076087478068524	0.435842352228501	55
-0.11347751831317	0.395972945540094	73
-0.0842349550200731	0.22607389427452	73
0.032768628505609	0.479659281232103	81
0.030138207785283	0.265166563403492	73
-0.110547886975217	0.38596144897804	13
-0.070016264467493	0.434160807055071	23
0.101217809931809	0.244420276928422	23
-0.120064337148937	0.561101981053139	309
-0.03507609822251	0.458604516480955	309
-0.075150391564654	0.560898122621693	309
0.103618836754563	0.3842390024835	309
-0.0703787895845091	0.529065174038758	309
0.117278133530324	0.107769454293387	10
-0.041698772643602	1.05171794575195	30
0.100717810816088	0.357522567102964	241
-0.063177690282222	0.59485583949529	241
0.023064634256657	0.444218084739758	241
0.029712630354569	0.45057516361416	241
-0.051431028658438	0.290735669941019	4
-0.060526149291425	0.296689632740928	12
-0.082065968681697	0.230458165802187	338
0.103264221037167	0.337329379231121	65
-0.038381783328673	0.527431717511758	65
-0.0343132158510699	0.362344639487148	65
-0.00576853878564898	0.389812297270933	65
0.032129486127935	0.331502790620942	859
0.106366896593577	0.113071891971668	1
0.111602139321358	0.115032192174277	1
0.0436786294589	0.194081103397131	1
-0.082065968681697	0.230458165802187	1
0.111080992199109	0.11353931257781	79
0.049384895060138	0.359803381791491	328
0.09430853336591	0.416433881453061	55
0.027462268638257	0.270093239924592	55
-0.051191347440085	1.03894674887364	192
0.049484811718989	0.896059303875257	55
0.042857552425884	0.197703856707579	55
0.033223411381687	0.194706020379351	55
0.092253502346035	0.246514990941667	55
-0.105470413128209	0.506832634131998	73
0.069859845265106	0.438192744024839	81
0.087733852694788	0.297089855963933	81
0.112123061494307	0.114973131154919	13
0.11561420249907	0.11228656899571	13
0.112643758889374	0.113294442733233	44
0.032674738146156	0.268204430333384	13
0.110813826690365	0.113772710115371	13
-0.027666684730543	0.353437625944066	562
0.096152332809602	0.243508376227957	23
-0.00825660515240501	0.388080599793873	23
-0.034608654517168	0.439807020103114	23
0.112123061494307	0.114973131154919	23
-0.081499498028677	0.229220728538513	10
0.0798375557297	0.432254482718219	309
-0.054329982440366	0.593166419835437	309
0.023026318699409	0.272726290486643	30
-0.0832139984896419	0.764317973987032	30
-0.104253658832161	0.511669076813393	241
0.033101064465059	0.471106874901865	241
-0.050406054081796	0.294423790908254	12
0.043973464457907	0.197417117370018	65
-0.033964283298082	0.453675352315135	65
-0.026134741898639	0.349253046374702	859
0.105855485888929	0.113658744219182	1
0.039113424792125	0.199650098479209	24
0.112643758889374	0.113294442733233	1
0.124179748172531	0.173440531627666	79
0.121345828653128	0.172142511014425	328
0.027948254707429	0.270378329978868	328
0.029597752055423	0.773365614462988	328
0.094787857200093	0.295410217873887	45
0.122750128321897	0.645785067304087	45
0.086174670134439	0.494395778556506	263
0.085682780498656	0.469517109807544	263
-0.115408119461499	0.390602824002812	263
0.032666294636944	0.190401133561729	55
-0.082536945302598	0.222915598928191	55
0.042328133109186	0.196302257206015	55
-0.048789580085818	1.46519493990992	55
-0.044188593447965	1.23623559987951	55
-0.013224235518302	0.395009212001048	55
-0.0858598839870131	0.230314192318227	55
0.038321962764617	0.199537160848968	55
-0.012594285674616	1.02461026094334	192
0.103963078090858	0.694325883903325	192
-0.035436801815992	0.85061334546173	55
0.076150669429902	0.750634559679037	55
0.052422304317872	0.187835024995828	55
-0.087343069345711	0.225851894624021	55
0.11133387988801	0.113712652956432	55
0.025623470440185	0.258879644787339	55
0.033097951281881	0.267830125606792	55
0.00793973575807699	0.428343082553163	73
0.110813826690365	0.113772710115371	73
-0.108607215811909	0.776063264407552	73
-0.023791355613718	0.627536477402844	81
0.053100727335268	0.351681561475893	81
-0.082632648054503	0.230550960741628	13
0.115347306613337	0.110954114209396	13
0.042326985674766	0.364211462797791	23
-0.115688357882475	0.810192576389458	23
0.043092683301524	0.468207009685711	23
-0.068425848875021	0.713793991402608	309
-0.00836120412126595	0.585096408888535	309
-0.114652566177748	0.386046961902568	10
0.037942147558964	0.261120551123235	10
0.111602139321358	0.115032192174277	10
0.032317048500037	0.267092920648928	623
-0.069159476837528	0.757951098169839	30
0.124787365679169	0.512852159270838	30
0.11768923310581	0.505872617209885	241
-0.057423821129321	0.889627106946786	241
0.038610689169598	0.564686941482205	241
0.112123061494307	0.114973131154919	351
0.091886294205209	0.335009074424712	65
-0.072756484591929	0.609926277602261	65
0.00984306183009798	0.428636868755158	65
0.03232498070493	0.473638193490875	859
-0.071627687169047	0.438937890338308	24
-0.057794302990502	0.296051139657442	79
-0.043405305763231	0.863490792170513	45
0.104725430010074	0.237124913045258	45
-0.124712656829496	0.391451879117662	45
-0.02941864398354	0.334906574439152	328
0.070361382224522	0.409956030440431	45
-0.101177759673772	0.509888384922759	45
0.010324466967912	0.411553636068503	45
0.03216740878481	0.27081114744086	950
-0.0858598839870131	0.230314192318227	55
0.030349921806245	0.328404778979835	55
-0.113809796666681	0.38784592285288	55
0.109776811982321	0.404177861814583	55
0.095296058763716	0.332973749617946	55
-0.03292585137087	0.364564227852819	55
0.043738281853249	0.195991543635569	55
0.043180646496689	0.197311888785559	55
-0.045643784169134	0.359746036275056	55
-0.087245755730482	0.231819826248083	55
0.054883060231256	0.755627512467783	73
-0.014107797971332	0.676714668287752	81
-0.087857300147036	0.696598955062781	81
0.112123061494307	0.114973131154919	13
0.046173203286956	0.193669757189827	13
0.114823742585628	0.11255724030873	13
0.049971450740845	0.183231939512729	13
-0.076417683921763	0.223160788798814	13
-0.0699057545687301	0.432940972538733	13
0.052422304317872	0.187835024995828	562
0.122663891914577	0.507180727515938	23
0.112123061494307	0.114973131154919	309
-0.099852034256248	0.63758051366991	309
-0.061245596003574	0.916435963256269	309
0.060309004360705	0.543661304519436	309
-0.066386487236088	0.958042784446592	30
0.025010164401322	0.602992794314659	30
0.027064265816551	0.703013687001441	4
-0.010777191258296	0.397171767887225	4
-0.00773747140584902	0.512741509820285	4
0.107423158596091	0.112849552995292	635
0.124289796320264	0.176902496321386	12
-0.010951056080328	0.475757801558644	65
0.058256947695201	0.351121374252188	65
-0.047852924619651	0.466767937230112	65
-0.043175971986971	0.775733172965596	65
0.004923545587873	0.552345554743043	65
0.102873750604954	0.547383568626568	65
0.030612109281764	0.474682547289966	12
-0.084087106121595	0.216104977874979	79
0.103739495740762	1.0212095899419	45
0.114471538370873	0.391070389392559	45
0.035726885361642	0.596444359652919	328
0.00272460124672602	0.604721174419428	328
0.027970668362025	0.450967653066134	45
0.064870859871541	0.385412286268464	45
0.064856927458661	0.511110612351324	45
0.009984400012301	0.690543615589667	45
-0.036623701553913	0.827456104212839	45
-0.062225983137569	0.598672377263594	45
-0.039007654114248	0.542072814192188	263
0.107330225105009	0.314096313695687	263
-0.054689856362344	0.28327349577325	263
-0.0115484020544701	0.477525578688459	263
-0.079942740217142	0.672216260084398	950
-0.117503951418851	0.565539748233405	950
0.088505918810528	0.296729386084681	396
-0.036778726571058	0.462885165545597	55
0.099015788650954	0.246974089940951	55
0.113389545971085	0.402134417759944	55
-0.100229115950615	1.0414214094207	55
-0.061105042852185	0.848181032441718	55
-0.012069205279255	0.400179476621881	307
0.025972782070178	0.454066213612347	55
-0.096982974122288	0.58402218374328	55
0.031728545829655	0.654819384299084	1398
0.109226471290818	0.652005093549565	55
-0.064760605688874	1.0609414441396	192
0.098571704979349	0.656144164795045	55
-0.107649576257241	0.509865308802763	55
-0.094431407716499	0.49175927034767	55
0.0995046676735	0.359382215875563	55
0.060478992438884	0.390116872243955	55
-0.034201510784314	0.536698015640192	55
-0.07200601864168	0.440435659785161	55
0.006707664860782	0.481137117599612	73
0.066218176833444	0.413398949553532	81
0.032599549936694	0.622100585777113	81
0.068792032165889	0.471245723487979	73
0.114977480112938	0.391928256744642	81
-0.030890415208224	0.348921510454404	81
0.032762568104128	0.327328359136968	13
-0.118791603208191	0.395094204780664	13
0.111853708958516	0.112088272718431	13
0.096309654500542	0.250188429115093	13
0.047199609445477	0.194941439715104	562
-0.053717899617387	0.294636146973436	44
-0.051208574008129	0.294175601332515	309
-0.078933382887377	0.226494530252324	309
0.094315050481516	0.363472158829771	309
0.037594741175183	0.436575884031894	309
0.042888041441389	0.197051038353189	10
-0.083958762287729	0.226470686444405	623
-0.031662142935815	0.356651028813887	623
0.04262280560762	0.197815059386246	623
-0.051756000536432	0.291827686465226	623
0.033505767471769	0.689227493124743	30
0.059631325193364	0.375187573600822	241
-0.00122817072348103	0.390524613155103	4
0.11133387988801	0.113712652956432	4
-0.082065968681697	0.230458165802187	4
0.115089536983158	0.112348134554799	12
0.110813826690365	0.113772710115371	12
0.11561420249907	0.11228656899571	65
-0.031789003828164	0.362915227521077	65
0.099380214930209	0.240792494817608	65
-0.073149758573655	0.442475165420886	65
0.044170868063192	0.315000616824819	65
-0.111390710462776	0.389304344317444	65
0.033758485646735	0.267528819413003	859
-0.045942669887329	0.285822070601558	24
0.115089536983158	0.112348134554799	79
-0.082632648054503	0.230550960741628	1256
0.104802741745863	0.113880586116634	2543
0.108178142747241	2.09009902665377	321
-0.04093340103318	0.360031202748568	328
-0.017629362995681	0.489577844143408	328
-0.091148639351516	0.584261486568056	45
-0.074130428771424	0.924980765172725	45
0.105438829602091	0.31158795016748	45
-0.061591975913218	0.512172688807673	45
0.087100194513186	0.48202578080684	45
-0.042649937060897	0.812832832616893	45
-0.104928402075725	0.638834461021483	45
0.098094358981137	0.443220354304679	263
-0.114412868882882	0.389475412879497	263
-0.040582661313871	0.348572040893166	950
0.118819783249142	0.173655043186271	55
0.05529950228674	0.512262275420444	55
-0.067140264823416	0.520876115952414	55
-0.078915239308217	0.440274574585425	55
0.101575880991446	0.637831440475088	55
0.105726535514043	0.745242576599829	55
-0.083391844186964	0.227459881106157	55
0.110813826690365	0.113772710115371	55
-0.118001104010333	0.566271791906304	55
0.038366363547827	0.434255654778714	55
-0.0595848223411229	0.295141168510934	55
0.082895356301896	0.516579723099446	81
0.014814576038607	0.732531842946016	73
0.048596168077054	0.455760677738776	81
-0.079985477202539	0.224463114819652	81
-0.066291478721365	0.608139463243139	81
-0.105962823159764	0.374196178402214	13
-0.038038069729942	0.359858136354049	13
-0.082849608363218	0.228720993086107	13
-0.05049983080314	0.290868873466651	13
-0.0305952707912041	0.355178092601704	13
-0.05074751517535	0.623326699780962	23
0.056371082875316	0.387161243894131	23
0.047757731573655	0.195150846424252	23
0.057551151624267	0.393314721626582	309
0.058437388331609	0.390536994781917	309
0.103875078855893	0.237942000042591	736
0.113433367963492	0.111280618271974	736
-0.123894507607465	0.395452838509429	623
0.097729350675618	0.419253535229695	241
0.111853708958516	0.112088272718431	65
0.037433886178306	0.196584228370242	79
0.032666294636944	0.190401133561729	457
-0.0807417768971001	0.228548754592648	1
-0.0662934732962011	0.529923484508226	45
0.109821377470758	0.22692891239388	263
0.046759243900755	0.188989354935193	263
0.048873358915023	0.193351735400399	263
0.101421718283796	0.326205171652846	950
-0.057842490873592	0.287068806080601	950
-0.025971885785373	0.349941033891732	396
0.116688072087397	0.170392901271147	55
0.054875187716665	0.727010253875886	55
-0.0161422436287521	0.479763396815498	55
-0.063371765537192	0.296827051882238	55
-0.122015718641434	0.572835242909161	55
-0.054227525961746	0.741833435585455	55
0.046378504090872	0.547430085151608	55
-0.082632648054503	0.230550960741628	55
0.044797849670328	0.192903520041172	55
-0.019800991940666	0.629111306476082	55
-0.074783435808533	0.21956320621274	55
0.00183215574787099	0.667291660190623	81
0.058931666663589	0.656590623407167	81
0.089577570381351	0.551830094731641	81
0.04265695270042	0.197444510551641	13
0.034803822823933	0.197160314385022	13
-0.083766633554906	0.226437544952762	13
0.032474741151062	0.326113919951081	13
0.00319085398122998	0.508113458772489	562
0.114823742585628	0.11255724030873	23
-0.038050669314334	0.545205207744362	23
0.05058094367534	0.362207534010855	23
0.022535690954783	0.414931729312088	232
0.009546685517211	0.427171965911238	309
0.07537270264334	0.466278304104829	309
0.036428537829421	0.193424140756227	623
-0.097541398167292	0.634436783535855	623
0.09804984851668	0.361155837388963	30
0.114123463339773	0.449676298646177	30
0.095950476095732	0.384215657408418	241
-0.048666612908322	0.292620495523214	4
-0.082825135000569	0.227365013828746	12
-0.068376886262144	0.429596640810821	65
0.023038301602962	0.407367465788271	65
-0.120003049583146	0.396531885659591	65
-0.072848738035981	0.443561157328658	65
0.033791453392012	0.48033407015675	65
-0.0875917108993211	0.221422197562738	296
-0.081499498028677	0.229220728538513	1
0.01060186519388	0.42943538322296	45
0.039053431661042	0.471045173828416	328
0.045266309331017	0.677841886976986	328
0.113430792872837	0.568859884840402	45
-0.086034301817795	0.699635445030514	45
-0.0343132158510699	0.362344639487148	263
-0.071317120226123	0.440359184929231	263
0.051778164196465	0.390710356182413	55
0.056327852467674	0.738858078467458	55
-0.032581261587961	0.915549055230175	55
0.091399944835299	0.774655970944218	55
-0.030168554147624	0.347784650631379	307
0.071709808705983	0.39827077416917	55
-0.039152041752318	0.740027041916528	55
-0.081308217797875	0.229779893299134	55
0.094547585649699	0.249687471354233	55
0.043873966430533	0.360238448135703	55
0.029875965454189	0.274655154287874	55
0.119909698981259	0.44721135888448	55
0.107841158301103	0.458591863620754	81
-0.084474963763686	0.223256359806161	13
0.11133387988801	0.113712652956432	13
-0.103274819253162	0.491292017409498	13
0.038553785579531	0.19980113560382	362
-0.059003811247705	0.294013679160984	13
-0.082825135000569	0.227365013828746	44
0.097793510447074	0.249591737831405	562
0.03351620666646	0.268863841146082	562
-0.049602977608323	0.292618855872072	44
0.06397717157831	0.384343797235688	2005
0.099931899859639	0.242862993717738	23
0.09623609749679	0.326186504531936	23
-0.036493144117726	0.345047697598445	23
0.097988845431431	0.241396142298554	23
0.039113424792125	0.199650098479209	309
0.104986210247733	0.23795218031068	309
0.124520999166947	0.177124469264755	309
-0.07780377687633	0.227409118788387	30
-0.07780377687633	0.227409118788387	736
-0.0554763047764349	0.295247932720197	736
0.100590131121244	0.114938505707066	736
0.062197968217687	0.415956285647948	30
-0.087361357108332	0.476218291090365	241
-0.0879197477097911	0.480603687160545	4
0.105855485888929	0.113658744219182	12
-0.049068897839316	0.280252557152287	12
0.110813826690365	0.113772710115371	12
0.111867990649127	0.111527541388821	457
0.114823742585628	0.11255724030873	457
0.110813826690365	0.113772710115371	1
-0.049003808258856	0.836435163460762	328
-0.025649136793729	0.912965075601362	45
-0.00328882525920304	0.629489665401091	45
0.080156569642014	0.549341192914095	263
0.042697850720228	0.317813451237789	396
0.099778757885938	0.311565084255018	396
0.108784869699679	0.372802263603825	55
0.053000290367624	0.485867954405742	55
0.118218335383439	0.428181614050786	55
0.09717406787935	0.572093113120608	55
0.113165850900962	0.708984121487506	55
-0.012638266586998	0.935943472762219	55
0.00813359414313303	0.911655591728458	55
0.094276906418625	0.360263193168619	55
0.100151423861094	0.417576449652073	55
0.099933047238877	0.327393778843135	55
-0.066696592428113	0.600177109798114	73
-0.0506287962442969	0.294429831397353	55
0.00761734986886198	0.42846699985677	81
0.050471102872573	0.482169308356342	81
0.063675259515374	0.412042252608873	81
0.091661689804334	0.298266969459359	44
0.028446823105088	0.269269615766562	23
-0.083199536295848	0.22951558009204	736
-0.086933810661484	0.225009301613626	736
-0.107411441662343	0.379487609899901	30
-0.0356380143492751	0.362097721020281	241
0.098151823118321	0.240859533285685	241
-0.000539034628437962	0.387244083542592	241
0.112643758889374	0.113294442733233	241
0.112123061494307	0.114973131154919	12
0.0466412814867	0.193940936300541	65
0.04696555829762	0.195697318723232	65
-0.047591306781402	0.441999190152386	65
-0.085293936863436	0.227254874156919	65
-0.0821366372893681	0.578129265087887	12
0.110293549194893	0.112333536245241	12
0.110813826690365	0.113772710115371	457
0.111602139321358	0.115032192174277	457
0.098487120408208	0.417886523200287	45
-0.100785199606218	0.827901615448559	45
0.055925723001213	0.545590173914879	328
0.106272623852945	0.572830139242674	328
-0.075694280918529	0.754499867965672	45
0.104869086722736	0.439825351177599	45
-0.020648402680389	0.879377745213725	263
0.020515077740768	0.407552202294612	396
-0.00774464749376502	0.399461571845209	396
0.009068662674937	0.595836418619666	396
0.003152433361375	0.37622966112667	396
0.113457700495982	0.475939549485324	55
-0.116219584724301	1.06308064980502	55
0.109282400724912	0.531426181346225	55
0.044531113301867	0.311697447386993	55
-0.016178626810249	0.489334958149687	307
0.019370476516679	0.579472873380308	55
0.084168296243003	0.684924098604764	55
-0.095298954987782	0.495054485674084	324
0.000116323713867994	0.379268885770157	55
0.093561637122666	0.331314319083928	55
0.029741117425899	0.443116088252285	55
0.048112140066626	0.35772243618609	55
0.114270645636464	0.396697449161059	55
-0.09983445791754	0.588592384383868	55
-0.024951344674209	0.435965920176882	55
0.031052054375978	0.469381117021085	55
0.055204637786066	0.389948779982956	55
-0.050500004063276	0.663065811196984	81
0.037061164237456	0.327159025666735	73
0.12486080357826	0.176396462973594	13
-0.087910490807354	0.225984319387442	13
-0.070768413057054	0.433398958076119	562
-0.00708154031487396	0.393143475496153	44
0.04229928774822	0.196677205606599	23
0.115089536983158	0.112348134554799	309
0.021194595508636	0.269826440780268	309
0.030720373355123	0.273797498740466	736
-0.016580483230043	0.757337925530452	30
-0.123036645406582	0.394161089780508	241
0.010881450561387	0.420427877254914	241
0.112123061494307	0.114973131154919	241
-0.118680763056234	0.393043232476565	65
-0.082283654715912	0.227931457197007	65
-0.123046924242668	0.395237495708058	65
-0.082632648054503	0.230550960741628	12
0.104802741745863	0.113880586116634	24
0.112123061494307	0.114973131154919	174
0.104162846264366	0.377397983857961	45
0.084725498576027	0.621636536206808	328
0.019903798471961	0.854595654415124	45
0.037202501387057	0.198923467085063	396
-0.031649978826093	0.351718376467697	396
0.095234185559547	0.247298026499169	396
0.109176414338452	0.471365631663395	55
0.109122879334752	0.231032796664048	55
0.057919399233004	0.346901466348457	55
-0.059301260887212	0.511941961141319	307
0.097216543794201	0.330141892450813	307
0.102442582756977	0.35475057789282	55
0.012099667393519	0.823640876840603	55
0.048360443544052	0.69751019616104	55
0.098713529393895	0.243346514614234	55
0.032674738146156	0.268204430333384	55
0.040530260756197	0.316495390616889	55
0.043597031420857	0.316014966744868	55
-0.112838037752064	0.387944026268738	55
0.082714674395769	0.450746312357328	81
0.097767258872102	0.286510505763991	73
-0.117946429687602	0.397009572207988	13
-0.0290381054839151	0.353402227420713	13
0.11133387988801	0.113712652956432	362
0.124520999166947	0.177124469264755	44
0.043216435166805	0.19638023438628	44
-0.076522611364724	0.43956504738355	2005
-0.081270746943262	0.429625156603869	44
0.099812121038638	0.113744894429683	23
-0.053363614080398	0.295147794011653	23
-0.049469939624311	0.292378578259026	309
-0.083199536295848	0.22951558009204	736
-0.034350998735611	0.354556378033312	30
0.12077194437975	0.174542259877796	30
-0.029498188894802	0.356585078234564	241
0.114299951550314	0.112618511833295	236
0.106639551297304	0.11488364968898	494
-0.03699937393817	0.360298864956931	65
-0.055546956351039	0.290760729688363	65
-0.049826007178829	0.294680286074608	12
-0.079190817443659	0.225403106439413	1
-0.08146522348217	0.22488204620087	45
-0.075527193886674	0.43985853274751	328
-0.0971770056444869	0.505405104277642	45
-0.029929996889325	0.573184148959307	45
-0.077239286016319	0.226197788327762	55
-0.087499856473756	0.227973061801536	396
0.10213053017837	0.453887289019257	55
0.058582835213163	0.565906061287434	55
0.107041536567361	0.78765786769359	55
0.102135078204236	0.41540108025011	55
-0.105373926118932	1.16752156157334	324
0.105855485888929	0.113658744219182	55
0.026157191177327	0.27099211763097	1091
-0.100262309910414	0.59234218705924	55
-0.06645540529697	0.425417509917002	55
-0.055546956351039	0.290760729688363	55
0.044007237400814	0.195839006394488	55
-0.077391726047631	0.648302994118984	81
0.038590525318945	0.47450740242024	73
-0.124084865560693	0.739749688140946	73
-0.092299201177554	0.228975950608636	13
-0.081499498028677	0.229220728538513	23
-0.01143838185885	0.474214651889857	309
0.072283578462471	0.411186688184847	309
-0.0105269621852691	0.518608274880795	309
0.014145762667357	0.426266664846751	309
-0.010450599577444	0.53555757700338	30
0.094249089454728	0.392893572225644	241
0.063077541865681	0.382885305718072	166
0.11133387988801	0.113712652956432	166
-0.047685898428632	0.285101036865677	65
-0.082065968681697	0.230458165802187	65
0.118333470475861	0.109009221620307	12
0.109594773539516	0.113465995883652	1
0.032454558156613	0.33219813019566	45
0.031249620845856	0.328955375299314	45
0.04265695270042	0.197444510551641	328
0.028029236319563	0.448849283260337	328
0.044058241583258	0.627616337348822	328
-0.00586190376248097	0.391231887567889	45
0.033711014862787	0.431860996176389	45
-0.0150307045677019	0.480767858529227	45
-0.119551741110454	0.700475186332536	45
-0.030549543342961	1.10987135858816	45
-0.066443654546355	0.798339002705175	45
-0.08017554452122	0.225195517487192	55
-0.070316281482923	0.43855178348647	55
0.042888041441389	0.197051038353189	55
0.035313119888887	0.266061741347273	396
0.034358137818751	0.268024322190153	55
-0.108289182687739	1.26096240861514	55
0.047288781032705	0.191911634434993	55
0.028346359800132	0.191962828113362	55
-0.071525335928228	0.424270867118782	307
-0.026335233730148	0.553280829865918	55
-0.050706036018035	1.10062288907619	55
0.097532219912732	0.249017201645339	55
-0.087245755730482	0.231819826248083	636
0.121002398938153	0.175838352108009	636
0.037115500694322	0.567116910882919	55
0.110293549194893	0.112333536245241	55
0.101627307204461	0.415327331777508	81
-0.067432356597716	0.675755176975662	81
0.000449447435325989	0.671763897902172	81
0.092772016854933	0.553240628107956	81
0.11239000863255	0.112944560089795	13
0.114299951550314	0.112618511833295	13
0.111602139321358	0.115032192174277	13
-0.069304388801959	0.588141963986185	13
-0.119535268613315	0.398574097004252	2218
0.053171990885639	0.379458593946095	2005
0.060778284268325	0.424160954070325	44
0.07472980219173	0.40306944266495	309
-0.033276865442836	0.364651458965394	623
0.040702415132355	0.496682395568816	30
0.081137562572885	0.520831971418071	30
-0.036298719710927	0.360369502770179	236
0.122038122180748	0.174006052783315	65
-0.077009041361561	0.428035854864226	65
-0.0983367014205589	0.481988194374617	12
0.035200531657765	0.26573096963296	65
0.034242531168625	0.257156034565035	65
-0.035774120796651	0.36176359734923	433
0.031322339627252	0.273181200092021	79
-0.087812170675417	0.231240314047897	457
0.038321962764617	0.199537160848968	174
0.111323749979117	0.421667296156036	45
0.098675482748785	0.357705842185741	328
-0.00278244228900904	0.502215025319579	328
0.062383157514805	0.668405834660051	328
0.019733888129872	0.417405892181089	45
0.096329384885859	0.355350458911976	45
0.077109509314047	0.424231244343582	45
-0.03687813043022	0.955887309508633	45
0.095982293484024	0.240335307251848	55
0.095773833893627	0.245818446351472	55
0.055803482909513	0.351365072834532	55
-0.01238245135286	0.404263464476041	55
0.08639115835871	0.298216832257311	55
0.025207940316002	0.406409781136574	55
-0.043329170320892	1.09028672515761	55
0.040206940868291	0.320322533528691	55
-0.071006304856586	0.438822346721488	55
0.015044456738698	0.421785918779227	55
-0.027149663713965	0.946693386880609	55
0.11461795295498	0.630369431687319	55
0.071929555619935	0.687354487022174	324
0.067515226325195	0.73408532465177	59
-0.062787586750312	0.296099058302183	324
0.095234185559547	0.247298026499169	324
-0.075380334447072	0.437705632973967	55
-0.048442578710061	0.292290357816374	324
-0.117100791260237	0.396784795366006	238
-0.030683676839983	0.574969741044415	55
-0.033015244662287	0.361403774777301	55
-0.056149295657741	0.28934477987129	55
-0.061965936820885	0.296957928606004	55
0.033375038017716	0.325501043586012	55
-0.00364687903913497	0.391249350599578	55
-0.05082484813013	0.618811584535847	55
-0.033341997428228	0.606758763819132	81
-0.010279684449218	0.578242968537631	81
0.033681165443705	0.197483449472823	13
0.114823742585628	0.11255724030873	13
-0.04879934456635	0.28764951681476	44
-0.040301572666169	0.455064019115027	2005
-0.076982125918146	0.224335136500647	23
-0.0573948700953	0.299104696030174	23
-0.07836847578401	0.227502697104956	23
0.106895142792059	0.114065326676144	23
-0.117560062345601	0.665105342430752	309
-0.0573948700953	0.299104696030174	49
0.046407448578281	0.195486113699481	30
0.03755127006159	0.193100707029474	30
-0.083199536295848	0.22951558009204	30
-0.083958762287729	0.226470686444405	236
-0.057171369712911	0.299433731617199	236
0.060152989167144	0.38288667584942	226
-0.045362061570228	0.284426845709684	65
-0.039904269620528	0.468029776770205	433
-0.082849608363218	0.228720993086107	296
-0.080551888366701	0.225643184038845	24
-0.082441725769981	0.228844674254801	24
0.112123061494307	0.114973131154919	174
0.110813826690365	0.113772710115371	174
0.105329228347668	0.114890015465784	174
0.094972138087249	0.246545375084527	45
0.019913300802865	0.410319482779898	328
0.059464185713321	0.346297680495988	45
0.111777744663913	0.423649169095351	45
0.094953909575171	0.287111166985738	45
-0.00562359140648705	0.678213967273867	45
0.043216435166805	0.19638023438628	55
-0.085293936863436	0.227254874156919	55
0.068979431300856	0.58903435502846	55
-0.100163296920591	0.859606823115229	55
0.033223411381687	0.194706020379351	55
0.102606170646909	0.353704683430132	55
-0.090627172127287	0.926156258504481	55
-0.054297153654839	0.293503908913597	55
0.031352013998006	0.318838127123457	55
-0.050363563085879	1.12299253251198	55
0.019092079911694	0.819946785440719	55
0.035593749522853	0.195917691382503	324
0.047757731573655	0.195150846424252	324
0.124752002530156	0.175690384362677	324
-0.055274553804754	0.553146131016321	55
0.101931574143133	0.242477582539429	55
-0.040421601741401	0.701893597948005	73
0.058323606099865	0.65430816337729	81
0.079123555235741	0.588509883950754	73
0.049821598397884	0.629893580125589	81
-0.0595906465898201	0.509958080452399	73
0.069677157280208	0.446384351057241	13
-0.062313490791494	0.296481963816883	13
0.040232082967595	0.195766541205282	13
0.112123061494307	0.114973131154919	115
0.112123061494307	0.114973131154919	400
0.111853708958516	0.112088272718431	44
0.041769788444455	0.185548761988944	23
0.000757620979795981	0.427939705388135	23
0.013632249417795	0.526712523922236	309
0.03424259816929	0.197859954675779	30
-0.041221693118067	0.468018356799351	30
0.115687503338861	0.391291107231804	241
-0.00299264009662503	0.576731565401824	241
0.112123061494307	0.114973131154919	236
0.110293549194893	0.112333536245241	102
-0.078254736365189	0.551191072049928	65
-0.020486749923664	0.563995398197416	226
0.100415805621299	0.324392122871659	65
-0.00279735570156403	0.389776102917092	65
-0.035898386761315	0.357821695404418	12
0.09462334648714	0.248207853872027	296
0.030486862552146	0.192240495387262	24
0.106112415250477	0.116155148037716	79
0.016425536948916	0.420849464255677	45
0.104139154199864	0.400001619233946	328
-0.081314220854726	0.579316707363434	328
0.0141586943326	0.420132252928488	45
0.095944253159951	0.359943056384884	45
0.010269348568921	0.467795258822766	45
-0.072258329124467	1.11664444609957	45
0.101568588458451	0.244134238195071	55
-0.053363614080398	0.295147794011653	55
-0.053263869362584	0.298145742648967	55
0.020863011643004	0.796589919260037	55
0.078664229993787	0.863878810372669	55
0.072676541510969	0.601896927902367	55
-0.015680358081878	0.988512197895666	59
0.034803822823933	0.197160314385022	636
0.028430201481326	0.273744300471972	55
0.052098062866264	0.187423328594273	238
-0.0782259719052421	0.445331417290196	55
0.048315648015441	0.194652911614615	55
-0.00354023679315596	0.697193712437786	81
0.09419834408205	0.327814425041951	73
0.015374749393504	0.418108738620582	13
-0.027928528502998	0.350856783014665	13
0.030720373355123	0.273797498740466	13
0.12238223536527	0.174292198256759	13
-0.056589552106167	0.298261079652957	13
-0.036916358757336	0.542180691134109	13
0.105855485888929	0.113658744219182	400
0.026733810110521	0.43587355007911	23
-0.095549697732327	0.593293401497297	309
0.033758485646735	0.267528819413003	30
0.091587757585668	0.366234221825023	30
0.067264127808394	0.657778598886825	30
0.028224794732045	0.326117690733227	241
-0.07200601864168	0.440435659785161	65
0.107060258619592	0.274109037530353	65
0.096914606486959	0.358772808418452	65
0.046598712963144	0.360820702415737	226
-0.096849454077377	0.490721526212256	65
0.043180646496689	0.197311888785559	65
-0.010793624392489	0.403043250747836	65
0.036142511561434	0.325802394411252	24
0.106112415250477	0.116155148037716	79
-0.082441725769981	0.228844674254801	79
-0.086113553611644	0.22793864773109	79
0.111080992199109	0.11353931257781	1
0.044007237400814	0.195839006394488	174
-0.030589730916083	0.517141451389951	328
0.091556582293176	0.426979550320686	45
-0.080638005806236	0.439199722736615	45
-0.073403777865359	0.607754016451851	45
0.029875965454189	0.274655154287874	45
-0.0252391585574741	0.347201631331195	55
0.111602139321358	0.115032192174277	396
-0.082632648054503	0.230550960741628	55
-0.058702521713182	1.10133490275415	55
0.024536604250299	0.758319640110763	55
-0.1185522128278	0.398297593487797	55
0.032825704988133	0.434576386166227	55
0.03216740878481	0.27081114744086	59
0.114299951550314	0.112618511833295	636
-0.087812170675417	0.231240314047897	238
-0.083668742709217	0.226616320949797	238
0.04262280560762	0.197815059386246	55
-0.050986334391348	0.293279708813577	73
-0.012817506298279	0.707335596380696	73
0.022658919849647	0.460299164616755	81
0.0302415514904	0.796701073665895	81
0.091472448135281	0.669733720821086	73
-0.088355455706375	1.17317382943732	73
-0.087812170675417	0.231240314047897	13
-0.083199536295848	0.22951558009204	13
0.110813826690365	0.113772710115371	400
0.09657024427742	0.249384091053945	44
-0.022687967342125	0.341330102991453	23
-0.0838095178145391	0.777054552536698	44
0.076079004035646	0.467931925532277	44
0.103288120608247	0.112625300009573	23
0.112911801013283	0.112883681223137	309
0.036921920505134	0.599122247724726	309
-0.0739966034109339	0.898833966495552	309
-0.111645325266019	0.774000727511234	309
0.10274595112661	0.238953508286204	49
0.110293549194893	0.112333536245241	30
0.086914184253597	0.629161986233936	30
-0.003263308024962	0.510850072299757	65
0.097021382667809	0.24351710438021	65
-0.053717899617387	0.294636146973436	65
0.023026318699409	0.272726290486643	1734
0.106314783449892	0.236968118551103	24
0.101736853381306	0.381560183660676	24
0.026887925412969	0.272213465057962	24
-0.010736211941118	0.392120799439132	24
0.114299951550314	0.112618511833295	1
-0.057753422116166	0.299600430019582	174
-0.0359969488666611	0.463313810674016	328
0.101286552363692	0.323460512753097	328
0.00270894858772702	0.499930253752437	328
0.081413071535438	0.570414192235343	328
0.022278995680001	0.682120637905191	328
-0.013255013292943	0.479175254371331	328
0.109113627283768	0.500833704323326	45
0.076154573698486	0.72014939547296	45
0.123849784792627	0.471902901036926	45
0.02758725399657	0.444362913260153	45
0.095689429147671	0.287200680027463	55
0.067020674067911	0.523127408296247	55
0.036790806915572	0.323491378829901	55
0.030063378445698	0.325395896552337	55
0.036813786969562	0.317246753519725	55
-0.111023899977229	0.39205027742704	55
0.048873358915023	0.193351735400399	55
0.038650964137525	0.325977544905017	55
0.12415805703602	0.569786790295528	55
-0.100736058238413	0.631086551956377	55
-0.123747101892191	0.967341933156642	55
0.055294210061959	0.515409846018678	55
-0.083015075239067	0.683466050325875	55
0.028576268381133	0.765241390538018	55
-0.107053908716202	1.08275088106253	55
0.09167100740134	0.634622894826239	55
0.075147333972205	0.573384822937539	59
0.060341193590523	0.732688760696353	59
-0.049854243432194	0.954084629855977	59
-0.096231625455904	1.30290742287085	59
-0.077690728895329	0.438806403096914	59
-0.082597240655835	0.225111702703228	59
0.047757731573655	0.195150846424252	59
0.034115420764546	0.26865871604846	324
0.034115420764546	0.26865871604846	636
0.060504671577432	0.388544725651333	238
-0.113715998861377	0.399336147784988	238
0.032317048500037	0.267092920648928	55
-0.040408037843417	0.363767812726554	55
0.040455871844228	0.320613483154584	73
-0.034179624975741	0.458940920813893	13
-0.081308217797875	0.229779893299134	13
-0.080899528268055	0.221971493490556	13
0.105855485888929	0.113658744219182	13
0.04229928774822	0.196677205606599	115
-0.0866795500923629	0.231015106598707	115
-0.121700048159381	0.389230539995543	400
0.106366896593577	0.113071891971668	23
-0.081874867372603	0.229873084039577	23
-0.101463496208564	0.500580004174527	23
-0.089909332451788	0.668868022175945	44
-0.0858598839870131	0.230314192318227	309
0.052653460438659	0.484940075097096	309
-0.010183362652099	0.40423824219713	309
0.028241503118687	0.266779324787076	30
0.097091604771179	0.242101329027163	30
0.00287061883754203	0.378141403667	30
0.015720971337472	0.580566835747596	30
-0.115828990616414	0.766728232917056	30
0.035090616665278	0.510036661089656	30
-0.079835234187618	0.655985846946194	30
-0.116860480010824	0.393116272871354	241
-0.050049251506595	0.293848540566918	241
0.108280085847995	0.112742150793283	160
0.112123061494307	0.114973131154919	102
0.105855485888929	0.113658744219182	65
0.096412397719713	0.24347451044026	226
0.09462334648714	0.248207853872027	226
0.112123061494307	0.114973131154919	24
-0.089199249771479	0.22554264417025	24
0.111853708958516	0.112088272718431	24
0.11239000863255	0.112944560089795	1
-0.08875794441471	0.661500692319885	328
0.041685150742318	0.55581435778358	328
0.099522784308168	0.446078433973954	328
0.013149221309757	0.672454559478774	328
0.036772525270791	0.526906125159612	45
0.095620625655467	0.518760085954777	45
0.090508361569671	0.537220557202624	45
0.047220917347074	0.366197141709233	55
0.041812850523236	0.531483185837907	55
-0.010045896222425	0.459711681633502	55
-0.030754186979625	0.451294551057421	55
-0.067055089722739	0.950968738137133	55
0.094264622427708	0.674003028736726	55
-0.097021782794484	1.30045349425682	55
0.040030324733228	0.723916260025479	55
0.117633165015792	0.646615215733938	55
0.015700490394556	0.941676868665395	55
0.082638014459095	0.660363909606855	55
0.090212713436091	0.630795289496328	59
0.106027998931164	0.62911302333317	59
-0.066639827011783	0.43053805586999	59
0.089485571851611	0.295227779028564	59
-0.000512171942054995	0.739593966800895	81
-0.054750935438992	0.660559645051545	81
-0.043578930861105	0.711526795473441	81
0.014617687042207	0.584820457957044	73
0.030320922434076	0.325481365975556	13
0.065983713179738	0.417352400291925	13
-0.106435566446962	0.510620904688125	13
-0.110107598701007	0.381598872649765	13
-0.00567401951397195	0.472890535540348	13
-0.076417683921763	0.223160788798814	362
-0.065192339473872	0.52266211069382	44
-0.100257608691549	0.509658251965397	23
0.052731897226498	0.354809267586484	23
0.047549519592611	0.190263549378413	23
-0.000258672557020945	0.390071894614041	309
0.032991880729231	0.444926972714197	309
-0.012688628034074	0.485839979280343	309
-0.081874867372603	0.229873084039577	30
-0.074207720479463	0.990769549963076	30
-0.098071529020255	0.631104801329244	30
-0.048744900480732	0.467684142001068	241
-0.070693854716164	0.429051681395849	241
0.111602139321358	0.115032192174277	160
0.112643758889374	0.113294442733233	236
0.034544566983886	0.267339320433025	236
0.114823742585628	0.11255724030873	102
0.03424259816929	0.197859954675779	65
0.030524160362472	0.266323956635748	65
-0.036704159051521	0.432930490353682	65
0.034471068737238	0.196240897348033	1734
-0.051788584968999	0.293038239364604	1734
-0.079985477202539	0.224463114819652	24
0.110293549194893	0.112333536245241	113
0.105329228347668	0.114890015465784	174
-0.0210362615612379	1.34674081173097	45
0.057872022793964	0.393629693150337	328
0.098161658355027	0.355946463537633	328
0.063301154837018	0.674998305498826	45
0.10988726493119	0.573644501937645	45
0.081978461085615	0.377667413703716	45
0.03377990657374	0.476559303897575	45
-0.051155618298967	0.624178786922837	45
0.057312564560545	0.379921511214524	45
-0.109211966705688	0.386928478889395	55
0.026757331757179	0.268498052450435	55
0.038576424252131	0.322189367291906	55
0.108135360543872	0.230214775902338	55
0.076685871859298	0.402593359177884	55
0.02374576960083	0.738457799860324	55
-0.082065968681697	0.230458165802187	55
0.055200320098337	0.352263742333902	55
-0.023775432794206	0.549449049711636	55
0.040790883934376	0.777672076859686	55
0.020186432081813	0.920077059814058	59
0.100615677448453	0.543802271838334	59
-0.053868405561352	0.286078078404289	324
0.028334728698228	0.269633880676077	238
-0.053846346805332	0.299328929470538	557
-0.073459619239768	0.444260725945798	55
-0.111797565867481	0.39080242507146	238
-0.052789040472124	0.292509323755017	238
0.02746642235375	0.266764678873855	238
-0.111379653155314	0.551221511882971	81
-0.03603645934775	0.362262893342748	73
0.065195891134586	0.619816195029947	73
-0.043390152594873	0.887337507629636	81
-0.0563329121245561	0.878079899695354	81
-0.07601504382484	0.982733983255237	81
0.097977844285773	0.384890986008154	13
-0.103853728102536	0.757730836258032	13
0.111602139321358	0.115032192174277	13
0.113775933333423	0.111202432084785	13
-0.068604964132403	0.426940404436521	13
0.043415611281046	0.197922002730223	362
0.11133387988801	0.113712652956432	362
-0.053771639976108	0.50280890798094	23
0.105115645523549	0.279852726983787	23
0.105859607040902	0.236381202090925	23
-0.104789230929321	0.641782025393129	23
0.057226186177798	0.512029810532613	23
-0.077239286016319	0.226197788327762	23
0.110813826690365	0.113772710115371	309
-0.00232212723914904	0.565998483334375	309
0.017545261221203	0.415775199784486	309
0.090927654281473	0.290424944992704	30
0.090785801824392	0.247741306975089	30
0.109503357853926	0.462440581864712	30
0.106693559655757	0.435294309270535	30
0.077140264132147	0.433842186195534	241
0.11133387988801	0.113712652956432	102
-0.033276865442836	0.364651458965394	65
0.043216435166805	0.19638023438628	24
0.115089536983158	0.112348134554799	24
0.105585049477079	0.115107263657516	1
0.035886469806632	0.322246362789048	55
0.02767575129525	0.578764506936009	45
0.081371265627515	0.29800805741183	45
-0.082065968681697	0.230458165802187	55
0.043180646496689	0.197311888785559	396
0.03558286983649	0.327748093871825	55
-0.028597351933051	0.353160588340456	55
-0.078626069644499	0.225308110829672	55
-0.082632648054503	0.230550960741628	55
0.100191908111002	0.244229997575565	55
-0.042001732271853	0.470503556733657	55
-0.114799679510466	0.397845510621254	55
0.052041096177116	0.576109798513417	55
0.110508639939398	0.850786671389836	59
0.090871987451915	0.693339976833071	59
-0.0807417768971001	0.228548754592648	59
-0.07780377687633	0.227409118788387	59
-0.086933810661484	0.225009301613626	238
0.085808085819828	0.412688067029576	557
0.111602139321358	0.115032192174277	55
-0.035573049344669	0.462286116089189	81
0.105585049477079	0.115107263657516	81
0.020266342789027	0.980345663404845	81
-0.032969457696862	1.18342350577923	81
0.11561420249907	0.11228656899571	115
-0.01593072186532	0.485001855273773	44
-0.0436598503362941	0.547479577550884	44
0.016983712515843	0.51954724354399	44
0.032126858654375	0.575908858663121	309
-0.109542740641327	0.950600786757156	309
0.026595807986668	0.329734917292151	49
0.111853708958516	0.112088272718431	49
0.043650171926482	0.196414488891955	30
-0.027417033736574	0.998933205160683	30
0.115158554233072	0.51604560226185	241
-0.0424963126685149	0.894396219918796	241
0.117805917055184	0.109073531788906	160
-0.086796395450881	0.5880100035786	226
0.094418277980268	0.290316428588705	226
-0.072930283552696	0.440808884134574	65
0.110813826690365	0.113772710115371	12
0.124631142236817	0.389277218707117	45
0.00804140096776101	1.1497937312741	45
0.090741053427174	0.299927905250263	45
0.042930752124943	0.612793592475658	45
-0.010890616845731	0.387957222501453	45
-0.03407835728292	0.533394247427975	45
-0.054895102859576	0.831519150522546	45
0.099582495579945	0.244181078184332	55
-0.04539215242428	0.353666675410348	55
-0.057618577523656	0.295838152260533	55
0.098238617469957	0.241878983014879	55
-0.117207550373351	0.566368926888777	55
-0.117591834425305	1.03424961370701	55
-0.038629894059644	1.38750112184175	55
0.088853941593096	0.644223245478309	55
-0.081874867372603	0.229873084039577	55
-0.060769723830509	1.38419257121997	55
0.037964113166879	0.634583687743691	324
0.118827108163999	0.622669147146522	59
0.094100015315959	0.246526612263239	59
0.033872534052013	0.267095349604319	238
-0.076982125918146	0.224335136500647	238
-0.0573948700953	0.299104696030174	557
0.033086939096485	0.323354411134645	73
-0.118312969694808	0.398237827405381	73
-0.123411028039495	0.394342035289308	81
0.080897082093546	0.642537632272031	81
-0.032571066207893	0.950405390560282	81
0.101389653405161	0.237245515478089	13
0.105329228347668	0.114890015465784	13
-0.034549850724642	0.359482636393543	13
0.041306297200658	0.195548229015567	115
0.106112415250477	0.116155148037716	115
0.112643758889374	0.113294442733233	362
-0.100553815855236	0.509374319822844	362
0.042064759041843	0.197598618138934	362
-0.033068976619179	0.448455402170618	23
0.051105001430136	0.482711649493227	23
0.036902708974451	0.32098608766424	44
0.105585049477079	0.115107263657516	309
0.00511065661403598	0.637124460910661	309
0.051864541895693	0.189062126110476	30
0.012083955577005	0.621377957343941	241
0.030280671587935	0.268225677691262	30
0.039904706615939	0.198350876514301	30
-0.114561085983949	0.382618270142241	236
0.11133387988801	0.113712652956432	102
0.060168863786621	0.388633694787756	226
-0.037934912691337	0.357104435557656	226
0.034682642525044	0.326039746228805	1966
-0.054083659400514	0.297885786472831	1966
-0.081118508158911	0.225738968647028	24
0.038104203119681	0.184766155624557	24
-0.076982125918146	0.224335136500647	79
0.111080992199109	0.11353931257781	308
0.092749413752932	0.366871111179204	45
-0.031368000535862	0.439925918317882	55
0.105459088788303	0.27712671744238	55
0.124990480718892	0.1734252032205	55
-0.062787586750312	0.296099058302183	55
0.092198802254916	0.912172412751573	55
0.12215006320144	0.905714729620774	55
0.092210265229831	0.288559858525872	55
0.015044456738698	0.421785918779227	55
-0.011342450812639	1.06776470220518	59
0.060076792180964	0.971518742668015	59
-0.048442578710061	0.292290357816374	324
0.036155634567232	0.265232527561092	324
0.042097263430197	0.197596168935613	238
0.097369358300982	0.241875417102926	238
-0.062787586750312	0.296099058302183	238
-0.081414445827653	0.972654354079474	81
0.109594773539516	0.113465995883652	13
0.105855485888929	0.113658744219182	115
-0.072495892621941	0.61276336680716	23
0.042387656393906	0.194855824276919	44
0.026964385324249	0.528488845726468	23
-0.098085494005708	0.49814289843295	23
-0.076675003055616	0.222901496642617	309
0.112108521213619	0.367277128269046	746
0.101223338936541	0.320698905202779	30
-0.123201526361808	0.578255069960004	236
-0.071717205451106	0.646810336776486	236
0.015053079245919	0.657243642466901	236
-0.072576628245251	0.725342381112067	30
0.095525459028133	0.456477958975626	241
0.096053488849929	0.362518134694329	236
-0.098677579000399	0.497413348110278	65
0.090745186039406	0.294238007949492	65
-0.053633414888468	0.287287788026078	65
-0.105819953194551	0.515629097754081	65
0.029737029811492	0.328644129255805	65
-0.049602977608323	0.292618855872072	65
0.093222690482776	0.348349295116448	12
-0.039530568352448	0.362616043592813	1966
-0.0869924056963211	0.230539916127221	308
0.112123061494307	0.114973131154919	308
0.111602139321358	0.115032192174277	308
0.114823742585628	0.11255724030873	308
0.11561420249907	0.11228656899571	308
0.020567365566237	0.751632726345942	45
0.011768285974289	1.13265222406811	328
-0.031451087406516	1.1645865412709	328
0.041168302178833	0.680090882712133	328
0.115472413566565	0.668247085432562	55
0.062269007399167	0.338932450951514	55
0.066083677716976	0.418077796746289	55
-0.073158586427719	0.441423907092897	55
-0.072578591723068	0.933926892672253	55
0.020004628130387	0.915580857062922	55
0.116839537641572	0.429383555440654	55
0.044732577654956	0.737686653546547	55
0.045403673603066	0.366989869023382	55
0.076608044952189	0.462772339078848	55
0.077221410488237	0.796472139939646	59
-0.091118484777077	1.50572896887933	59
0.086317550042565	0.885716128867607	59
0.065488040052984	0.844831589620286	59
-0.00878383315180298	0.700125170672006	59
0.012758391426358	0.788736260465885	59
0.121503892336187	0.722174455379507	59
0.039309691589432	0.431795887262709	324
0.098894428621545	0.283010764167768	324
-0.051788584968999	0.293038239364604	238
0.033484108077784	0.477971677156447	238
0.059099442883447	0.617360487024198	238
-0.039793719474835	0.363563670251114	238
0.063279891294324	0.407345898764925	73
-0.100945117602575	0.616034601715502	81
-0.077765744969977	0.52205370782505	81
-0.00570295632504103	0.731403585310821	81
0.059118323667452	0.64071318469323	81
0.042324252719365	0.743406061214204	81
-0.079417638669971	0.804182632210138	81
0.069452405493798	0.413280215864832	81
-0.118953401919911	0.697285395666978	13
-0.123173574181935	0.828201805408866	13
-0.0992789559967891	0.721000394130926	13
0.087588487143949	0.30061576129191	13
-0.082142043237731	0.439943091629501	362
0.099716742695968	0.239243180901884	23
-0.038001062426084	0.459438244114603	44
0.070414782737753	0.408365294075914	23
0.029032024744205	0.273945687653896	23
0.060478075068998	0.479310747357734	236
-0.0309135315051911	0.359041843858896	236
-0.038125562212488	0.350173191222704	30
0.030032933100769	0.330959886036998	241
-0.034286750942941	0.358531423506793	30
-0.04326662969299	0.360448450783179	30
0.123147095019383	0.175935571694513	102
0.124289796320264	0.176902496321386	65
0.089795050865299	0.297280976365699	65
0.094012260718387	0.248448701145394	65
0.0278462952597	0.271798049310183	12
-0.086426040214859	0.23111507384329	1966
0.043118708998886	0.193367507932707	308
-0.012878227219304	1.62866923058626	45
0.098304042146254	1.00610237595417	55
0.104957279739842	0.705185227560623	55
0.104456607794001	0.710265588156421	45
-0.051313867910445	1.04807043012494	55
0.039775928818806	0.903922290701065	55
-0.074002119565359	1.17335076001073	55
-0.053627158568457	1.06793070494188	55
-0.041159117322687	1.65104657803407	55
0.040909222098377	0.472408224528065	55
-0.097257932004196	0.719494673483115	55
0.052890484892908	0.867466768079862	55
0.058286353504209	0.761471311160847	55
0.040261358588717	0.848465915222149	55
-0.053302998361685	0.667324742987434	55
-0.010118279662565	0.745917770704141	55
0.038189396438991	0.470244952384094	55
0.054677617756054	0.392863241704443	55
-0.0517060247732351	1.24761786636679	59
0.084426914936697	0.858425302341805	59
-0.03085431579137	0.731109057972858	324
-0.04727067055326	0.573018199628779	324
0.0099578357142	0.493638583536673	238
0.030118161700139	0.273594003056729	238
-0.085918245394824	0.562190092364191	238
0.01684851286564	0.421382690957629	238
-0.043091670762411	0.548579832210871	238
-0.068657538972263	0.524883393127638	238
0.01271476162275	0.426999619237809	81
-0.022547645707842	0.759412403637953	81
0.01893677414408	0.638567018031742	81
0.095029288334344	0.365109463239802	81
-0.000336415143945001	0.500123203072441	81
-0.061952716998537	0.524056074093996	13
-0.017400016464107	0.480373750612744	13
-0.100869087215888	0.511806825385115	13
-0.100547491244945	0.494619860186191	13
0.053053903156645	0.359918935014443	115
0.090178206998239	0.295713282227701	115
-0.033318253787052	0.360091902148075	115
0.032230960911591	0.328599197246613	115
0.124752002530156	0.175690384362677	362
-0.0506287962442969	0.294429831397353	44
0.097460680099828	0.287404896837499	44
0.088337348618219	0.248322087000492	23
-0.113170445863349	0.933610375513199	23
-0.00987549459857995	0.40094904676987	23
-0.049246193511319	0.294096986386234	309
-0.057753422116166	0.299600430019582	49
-0.045362061570228	0.284426845709684	49
-0.0809332359463391	0.225848918900511	49
-0.052785325485634	0.293677663903112	746
0.023269746577134	0.271507938283458	30
0.085783283118447	0.248076207050829	30
-0.0360579442776851	0.539913286823995	236
-0.047521516834972	0.466037451033093	236
0.029633602926103	0.273331708585605	241
0.049399733320233	0.392164568960483	30
0.045639970928035	0.190125229213259	30
0.111602139321358	0.115032192174277	160
0.11561420249907	0.11228656899571	236
-0.082065968681697	0.230458165802187	236
-0.0858598839870131	0.230314192318227	65
0.114823742585628	0.11255724030873	65
0.041255262938614	0.193874298667907	65
0.11133387988801	0.113712652956432	65
-0.104856476067955	0.501410445471366	65
0.090317817857877	0.290144123194682	65
-0.052443549676509	0.296300438675966	65
0.038553785579531	0.19980113560382	12
0.112123061494307	0.114973131154919	1966
0.11239000863255	0.112944560089795	209
0.111602139321358	0.115032192174277	258
0.042857552425884	0.197703856707579	308
0.1245329783053	1.44648851733405	45
-0.103327868572589	0.995285023181908	45
-0.085605219741152	1.11330601768342	328
0.087250462099542	1.00417908455078	55
-0.012944908325634	1.17381357320447	55
-0.084119810521297	0.766054585346309	55
0.05243425204809	0.999106526659464	55
0.096309886612513	0.5193956145536	55
-0.013577560157551	0.483198652846782	55
-0.000797663540945015	0.510108718418523	55
0.099700977772154	0.325640200686607	55
0.0572963627894	0.388520542480461	55
0.097246314308398	0.5443465047288	55
0.045952726974846	0.490153497192205	55
0.014598196535922	0.424311091294718	55
-0.04189945680061	0.362657376298611	55
0.021280441150759	1.0133521692308	55
0.056028236530468	0.672884122801099	55
0.119231838180502	0.802905947995503	55
-0.054287554869317	1.17163664890438	55
0.097738248340377	0.41915819158094	55
-0.017365648858218	0.558908901897724	55
0.050151940644982	0.65795370799833	59
-0.087876880092274	1.37497057547663	59
-0.02621452369213	1.19007701840835	59
0.114558032175507	0.74778328350808	59
-0.09090638306621	0.862302045105058	59
0.014201573891618	0.826860332625467	59
0.089902830106909	0.455679806547752	324
0.017997051597861	0.417951984158479	59
-0.098368833889209	0.492303607529709	59
0.026856691496296	0.546737839582643	238
0.093747932555813	0.357230438881046	238
-0.0109643559811941	0.473026764507818	238
-0.0364874373698521	0.463321992837671	238
-0.01796457233946	0.484213892399591	238
-0.052761812084818	0.836615737639053	81
0.055100916752497	0.475210793781006	81
0.022156887919663	0.624423428943057	81
0.109381897413506	0.520542872619648	81
-0.007004039079062	0.677238336203824	13
-0.097977019377952	0.827928238553227	13
0.087897680289552	0.298846890069607	13
-0.059362417109905	0.299537690963719	13
-0.080320937935606	0.221509900999527	13
0.075697781464781	0.294063436186324	115
-0.021427396147218	0.482988657454227	115
-0.087343069345711	0.225851894624021	362
0.051125903079483	0.394393893694857	362
-0.040215614370023	0.468807406599065	362
-0.055546956351039	0.290760729688363	362
0.067193576627568	0.378886469352945	23
-0.068366450461153	0.524461663701743	44
0.090829241756355	0.332515303745544	44
0.096932698101077	0.238992225336471	44
0.0171009782479	0.582639925694557	23
-0.046817012706754	0.463279578093808	49
-0.017638437812885	0.4809026145422	30
0.088039854132168	0.295864157384685	236
0.101206672033995	0.359350680238559	236
0.037175254926252	0.36464187903052	30
0.110293549194893	0.112333536245241	236
0.04229928774822	0.196677205606599	236
0.030358940880327	0.323711977913149	65
-0.082597240655835	0.225111702703228	65
0.02604324507312	0.273676115099479	65
0.033681165443705	0.197483449472823	65
0.091917225808977	0.247748986826468	65
0.097542383416082	0.240248733681383	65
0.100413946794506	0.240565969574292	65
0.092706348981997	0.249225608432526	12
0.112123061494307	0.114973131154919	308
0.115309547655462	0.855488655216593	55
0.029270047026747	0.800314776673942	55
0.120929597238559	0.645217432670817	55
0.040122995456154	0.78349601947786	55
-0.00164184832552206	0.919416643809801	55
0.07153703926279	0.976459893779345	55
-0.028956445997363	1.18202550346621	55
0.113808070576417	0.744407260149815	55
-0.07996625417911	0.648865995841819	55
-0.109021723690404	0.755573800436628	55
0.076789835515386	0.396286240274969	55
-0.080146742734671	0.868442415129266	55
-0.0000196122824379641	0.96471824415637	55
-0.037817504462812	0.539872660027633	55
0.080147341029754	0.394850177985717	59
0.059505712649317	0.449135128504164	59
-0.042321122910335	1.22490302907229	59
0.057743931894967	0.831775210221217	59
0.09558519410631	0.331852944681691	59
0.095906569034758	0.45158532779125	59
-0.057977092915845	0.59371783418706	59
0.109566792021881	0.37603565526964	59
0.050608865828644	0.362965693347729	238
-0.018183289201766	0.763269803284705	81
0.100051322591078	0.51321262254596	81
-0.105212412275807	0.513572594676501	81
0.034645051747689	0.331034856151625	81
0.073645390168438	0.359143193105568	13
0.030037019715663	0.268302279210081	13
0.092728709274222	0.328760518980755	13
-0.066079607218596	0.511701121298489	362
-0.058780902928681	0.299370952362175	23
0.026253853806945	0.273529752880138	44
-0.013595110380764	0.483032721038931	23
-0.054297153654839	0.293503908913597	23
0.091157360468656	0.297719400284875	23
0.121355730151648	0.170982651714497	49
0.044208243085981	0.196626825000587	746
-0.07780377687633	0.227409118788387	236
0.038321962764617	0.199537160848968	236
0.037202501387057	0.198923467085063	30
0.112911801013283	0.112883681223137	236
0.109340394058329	0.112518694557235	236
0.112123061494307	0.114973131154919	102
0.04696555829762	0.195697318723232	12
-0.081874867372603	0.229873084039577	1966
-0.082632648054503	0.230550960741628	1966
0.111853708958516	0.112088272718431	113
0.104802741745863	0.113880586116634	308
0.100322894135671	2.20050391843213	45
0.077310679280267	2.12154324874024	45
-0.047124756962347	1.44870193001149	55
0.00616565195645902	1.358160353622	45
0.09278987357436	0.671821667449059	55
0.104234327787468	0.540526995638992	45
-0.077754699097202	1.56086865161404	55
0.11896162293145	0.667449605331099	55
0.048769021474901	0.49215946223968	55
0.052475056409338	0.484703595023578	55
0.011124329004266	0.7426526118075	55
-0.070372792132107	0.895259040330138	55
0.090741053427174	0.299927905250263	55
-0.016346001519648	0.58433484524131	55
0.022194738146352	0.516848716726149	55
0.113799788254388	0.490290491962074	145
0.106122685842481	0.595335485530986	141
0.081556210919879	0.805055378010209	59
-0.116641500867008	1.32030919538353	59
-0.102443156700645	0.498008052882882	59
-0.0519667982108331	0.577106923698247	59
0.017745154493254	0.421906457881812	59
-0.0383854255512051	0.541387866959325	324
-0.03858318114679	0.466232674653354	238
-0.092762289425504	0.660485413100027	238
0.034813415022421	0.467755716420618	73
0.025461310360628	0.612318960967643	81
0.061726525576842	0.531221327316281	81
0.062536983846633	0.388398166971751	81
0.058417955267592	0.390888730771082	81
0.058480874099173	0.388414014190127	13
0.00366187985528799	0.498241780251639	13
0.095496297581169	0.246397750543141	362
-0.084801376601742	0.223450511085547	23
0.09831627398663	0.245326506444138	23
-0.1185522128278	0.398297593487797	23
0.031322339627252	0.273181200092021	23
0.025649275672419	0.273740395719026	44
-0.063709035148357	0.522042294724369	23
-0.043189511443238	0.273752370902063	23
0.121232651759381	0.175456115929538	23
-0.071927762386603	0.442100296786512	23
-0.032462459249997	0.353299014029014	49
0.04423834296775	0.193928938435417	30
-0.123607333252982	0.573057274824743	236
0.115089536983158	0.112348134554799	236
0.111602139321358	0.115032192174277	236
-0.081874867372603	0.229873084039577	236
0.108810355957882	0.113734591791858	102
0.108810355957882	0.113734591791858	65
0.03503251316599	0.196609527488191	12
0.035546258841623	0.329861595613118	12
0.106366896593577	0.113071891971668	209
0.043415611281046	0.197922002730223	24
0.112123061494307	0.114973131154919	24
-0.082065968681697	0.230458165802187	24
0.11239000863255	0.112944560089795	308
0.095483226868435	0.788216887260212	328
-0.00713084680615805	0.95710493724228	45
0.060147621235766	1.13043925178383	55
0.035841359289062	0.915739324800489	55
-0.050454282568148	0.710501599998681	55
0.082707143160743	0.457096690682935	55
0.045618921848192	0.463104854749781	55
0.0433517936575	0.442899271371556	55
0.075004444504185	0.472152534719257	55
-0.00934279826880602	0.850114599734678	55
-0.098968397244181	1.20440704537759	55
0.100765667619216	0.583985122260169	55
0.104633788707221	0.408653751551921	55
-0.060528055839763	0.769128508441046	55
0.086980675140473	0.816672815834597	59
0.031152415452267	0.889391926618972	59
0.122242122505034	0.544245081245472	59
0.00281801821198502	0.501047094469831	59
0.038934567308198	0.461454441275955	238
-0.004515374374924	0.464414634686468	238
-0.0796046471215091	0.659795995916677	238
-0.118954860006128	0.725526155414759	238
-0.00763077463199402	0.729614397567781	81
-0.021677428944997	0.625156419827869	13
-0.065536602392458	0.775213211690073	13
-0.092543918156889	0.494133440007683	13
-0.108560827296815	0.51304218951832	13
0.094650113388021	0.290988651443314	115
-0.0410226035310181	0.362933476080109	115
-0.00579502955852496	0.393079276104701	362
0.100335234393734	0.322365038317563	362
-0.00981977325702099	0.398778546823516	362
0.124289796320264	0.176902496321386	23
0.010454503523825	0.427223970124702	23
0.057283568194451	0.393182108223873	23
-0.087794549721635	0.77399723030457	23
-0.031789003828164	0.362915227521077	23
-0.049826007178829	0.294680286074608	23
0.044779712491556	0.366490721932404	236
-0.08567037828931	0.587417468999047	236
0.11239000863255	0.112944560089795	236
-0.079985477202539	0.224463114819652	236
0.039113424792125	0.199650098479209	236
-0.0858598839870131	0.230314192318227	236
0.094297288398655	0.332696124202142	236
0.094379858639177	0.325367974319985	236
0.112123061494307	0.114973131154919	236
-0.086426040214859	0.23111507384329	236
-0.081118508158911	0.225738968647028	236
0.100590131121244	0.114938505707066	236
-0.082065968681697	0.230458165802187	1117
0.112911801013283	0.112883681223137	12
-0.086113553611644	0.22793864773109	24
0.11239000863255	0.112944560089795	258
0.08796182616444	0.559129051488332	45
0.110071777973174	0.832941359158615	328
0.115330678754415	0.66073274481629	55
-0.024931484544898	1.19909438391886	55
-0.011022877701668	1.04588390577884	55
-0.072803064514409	0.994368657756813	55
-0.11666167222674	1.13834401672285	55
0.069358730721208	0.614342446215639	55
0.106238482846579	0.626858412027309	55
0.084477768410601	0.982565359923338	55
-0.089487036957677	1.41499042708767	55
0.071174000106894	1.07563862859607	55
0.022959875972414	0.455870360497132	55
0.062733127351783	0.453457136672415	55
0.072427516689961	0.388629704802813	55
0.033974532851161	0.656420091018442	55
0.115792789871256	0.519939780588534	55
-0.00722358937689205	1.15853173481524	55
0.080257016809627	0.488405037785381	55
-0.036077619754411	0.989073941977713	55
0.081469707075468	0.420914324754542	55
0.122349905714486	0.448400085339023	141
0.050545630312883	0.869977692895168	59
0.094666315257465	0.666547364342184	59
0.069920530474807	0.701278795247938	59
-0.122113964964123	0.571855374371555	59
0.028247680264054	0.450198029207444	59
-0.040659252660015	0.61852231514192	59
0.033231169890329	0.313324930781361	324
0.10076111762426	0.386754471629437	238
-0.017080048545425	0.490188125799332	238
-0.046380475309902	0.711995700364064	238
-0.0279855100502709	0.591767106632522	238
-0.021733629663914	0.565877120327996	81
0.026249073113662	0.452902562732732	81
-0.11384709743784	0.691523851761755	81
-0.039185108101756	0.465568737438932	81
0.00921135486643199	0.528110362070471	13
-0.054940197810804	0.736172763985101	13
-0.092440633169163	0.668333143975607	13
0.027245523093298	0.273263973672652	13
0.029633602926103	0.273331708585605	115
0.104485373866279	0.238554632935185	362
0.043572153803352	0.362059759855049	362
-0.040408037843417	0.363767812726554	23
-0.082825135000569	0.227365013828746	23
0.019979955569192	0.268079760438379	23
-0.082065968681697	0.230458165802187	23
0.101073159445926	0.41268155596623	23
-0.029148605123139	0.355664266325115	23
-0.053493870457711	0.291051261432328	23
-0.0280153706369	0.354445374675527	23
0.091831251035735	0.249574647267123	746
0.047757731573655	0.195150846424252	49
-0.117521273971788	0.644088796039164	236
0.104067318522614	0.112367205626376	236
0.090011624448496	0.287506621182476	236
-0.081308217797875	0.229779893299134	236
-0.083766633554906	0.226437544952762	236
-0.0573948700953	0.299104696030174	364
0.113775933333423	0.111202432084785	24
0.042064759041843	0.197598618138934	24
0.043415611281046	0.197922002730223	24
-0.082065968681697	0.230458165802187	308
0.031475163155979	0.323989501050628	55
0.030962842698034	0.271225693246064	45
0.03834086617622	0.195036889389983	55
0.029273947981927	0.274449189425089	55
-0.07877025471038	1.11612467417955	55
0.102279784906231	0.242205678987109	55
-0.028073108218283	0.357320118350744	55
-0.030696478850334	0.352510023139498	141
-0.08988002899176	1.08039287213483	59
0.017110990117582	0.856742429768111	59
0.085998506116833	0.537179786428793	59
-0.086426040214859	0.23111507384329	238
-0.044959071238667	0.543203380124993	324
-0.101474831481478	0.5114584858068	238
-0.013030424713489	0.475396920345378	238
0.029193366958254	0.580215281201094	238
-0.086426040214859	0.23111507384329	238
-0.066837264771257	0.290338379370545	238
0.09823454919143	0.24273791934394	73
0.040959434272443	0.498012483330301	81
0.029193356626114	0.776783571061822	81
-0.00100184290899497	0.972481794339076	81
0.093742280542512	0.770850903629844	13
0.049107650227914	0.191713099140484	13
0.084568952678864	0.566676631606994	13
-0.074218937671101	0.219465174037401	13
-0.094603662447209	0.218853156214013	13
0.124872558784892	0.172932734190056	13
0.097703622210424	0.383346137856363	13
0.090670526591146	0.241401438870199	362
0.021199534851617	0.444719265899578	23
0.122397816967272	0.417338489632416	23
-0.07780377687633	0.227409118788387	23
0.048259817937536	0.488285572914207	49
-0.031701468295896	0.360132751462305	746
-0.083199536295848	0.22951558009204	1419
-0.050825115854388	0.285357981941248	236
-0.032869739821341	0.35459217170984	236
0.110475284240784	0.37269561112405	236
0.109663517420366	0.345327484999711	236
-0.099591035444429	0.498154320865463	236
-0.023449927139356	0.583694457208876	236
0.038086165932687	0.323328363809417	236
-0.042428396569665	0.465320164493836	643
0.10509542284856	0.238590117137445	65
-0.031176252669005	0.36224209495426	24
-0.075182224020132	0.428243946312527	24
-0.083199536295848	0.22951558009204	258
0.018577283743096	0.269231778475691	113
0.111602139321358	0.115032192174277	113
-0.051756000536432	0.291827686465226	308
0.051051441670005	2.25454996318863	45
0.080495624412095	0.785466659996134	45
0.003727085189141	0.895046083686926	55
-0.00438496583692505	0.581093636580613	55
-0.111943262704104	0.767890955269569	55
-0.068134184765039	0.719318742660046	55
0.021768732517907	0.55193659020532	55
-0.016900461520301	1.17399994996559	55
0.104835053618727	0.23890800688003	55
-0.00397740278291203	0.393030254691054	145
-0.110818905128664	0.38992058259456	145
-0.049826007178829	0.294680286074608	145
0.045000699304263	0.193194805170135	55
0.043415611281046	0.197922002730223	55
-0.045260619024074	0.625960057074335	55
-0.00980704388354003	1.09402843505559	55
0.082067862688688	0.68904285845863	55
0.085943938463415	1.00881628506509	55
-0.066665547558321	0.967469266493969	55
0.017448129226359	1.02413830457472	55
-0.113785666417231	0.925253237311349	55
-0.072736183664142	0.424124076109992	55
-0.016891643311244	0.556979758892888	145
0.090579329241391	0.237879696891452	145
-0.035434731453251	0.538474716102575	145
-0.04189945680061	0.362657376298611	141
-0.0471051818571741	0.698237639028704	59
-0.056642965645458	0.984394827210853	59
0.124687122831896	0.704860130790616	59
0.097182000948701	0.249832696309762	59
0.097890944068849	0.242638826631305	238
-0.092474354288774	1.02436864021754	238
0.037433886178306	0.196584228370242	238
0.087983234000227	0.299179544171982	81
0.030858738258365	0.448568500740789	81
-0.033436547734926	0.84544324818213	81
0.12178478135131	0.619433736009527	13
0.109252508740418	0.629825793910088	13
0.104135954440244	0.414235702712661	13
0.112643758889374	0.113294442733233	362
0.042835098077925	0.499938761053902	362
-0.102034947283132	0.769721947534628	23
0.000757620979795981	0.427939705388135	23
0.094171987790599	0.420583119590476	23
0.023026932279168	0.601189576684871	23
-0.081874867372603	0.229873084039577	23
-0.103939896294824	0.510284507553756	49
-0.015325982997601	0.485121920846778	49
0.0353891143001	0.265661217855191	49
-0.097472032819997	0.506249076275021	1419
-0.052775768398156	0.499150540120264	1419
-0.077886106703004	0.655491968059767	236
0.046915058557516	0.364577572743754	236
0.11133387988801	0.113712652956432	236
-0.116860836803681	0.395983892015385	600
-0.075288494007224	0.433410423567324	65
0.110813826690365	0.113772710115371	12
-0.005610011076013	1.20614883206448	45
-0.101876177999928	1.55339834312765	45
0.033484538297035	1.28783800423594	45
0.118167649191926	0.733135355625901	55
0.023400003362723	1.13441122805936	55
0.100330717270107	0.969263040559049	55
-0.030835588455405	1.03672597905597	55
-0.020970038675596	0.908732074499534	55
-0.053350653151415	1.21155851856383	55
-0.00134777123879404	1.09050699962594	55
-0.030987365520606	1.10602055768329	55
0.03039546338341	0.75123621601625	55
-0.010665051210008	1.37442413008408	55
-0.058466729141525	1.12882774713727	55
-0.066657886000288	1.28757173535563	55
-0.0512187941347641	1.1371323389941	55
-0.11681342292749	1.19208793635414	55
-0.0241133939445221	0.922992932482492	55
-0.114852308697399	1.05031204787933	55
0.086467790687838	0.506942669055403	55
0.063658040355567	0.589984026672457	145
0.037818189706589	0.619381146367821	145
0.051396964837992	0.596322662076361	145
-0.097626314888864	0.826509424374816	145
0.084253587427517	0.523408752911685	55
0.016807135042522	0.779056196322066	55
0.030903486609202	0.921948112622896	55
0.043137941264467	0.500209664195462	55
-0.048189193260559	1.24579322293572	55
0.082318626291746	0.555365227826182	145
0.069619725620869	0.521316368821424	141
-0.027522854268756	0.772971840990071	141
0.114325706247537	0.582167617295488	141
-0.087418717158016	0.68864443613452	141
0.066083677716976	0.418077796746289	141
-0.111060227974886	0.768720450103742	59
0.059488024463417	0.689815071989982	59
0.067986499735956	0.605800889116679	59
0.035630181779629	0.31455381669704	59
-0.009568304517377	0.393266409903106	59
-0.122299244842243	0.570720508275529	59
-0.103756990791905	0.759350175591798	324
0.062487201068589	0.448156956790967	324
0.014940475128959	0.555716301181499	59
-0.056676140441549	0.672996176957234	59
0.079421479643809	0.509489597140306	238
0.118954579221849	0.539685926821573	238
-0.083805650354627	0.852381761249753	238
-0.05413328928929	0.669603693374616	238
-0.082333654882502	0.760476868428759	238
-0.067460108856654	0.79300232035617	238
0.023994885652252	0.764702522069166	238
-0.00304391154607497	0.805770275708612	73
0.109107507599428	0.426704563804902	81
-0.040985094657104	0.461654054270673	13
0.095765864747796	0.394688091784559	13
-0.094244835738762	0.895654163897729	13
0.017885447691569	0.55442107693078	13
-0.088558557719151	0.580731769296023	13
0.05477261525387	0.474485968067034	13
0.097948192141599	0.40622745181496	13
0.032698048944181	0.443248730534285	362
-0.019453149971135	0.478401687852784	362
0.096764832430214	0.32555265608538	362
0.057260196613427	0.387887408797229	362
-0.063285716461613	0.606979234003134	362
-0.060541201378192	0.513429200184138	362
0.122664321484543	0.367123242625069	362
-0.118447523307316	0.385303008978723	23
-0.041284985730131	0.363485905952299	23
0.095499166615098	0.294453891832427	23
-0.031456072319666	0.573638659583193	23
-0.028162408356587	0.346655972291865	23
-0.037690460054106	0.464648606289322	49
0.09554345263864	0.243466867144857	49
0.093430662542905	0.290970946611808	49
-0.107411441662343	0.379487609899901	49
-0.081308217797875	0.229779893299134	236
-0.074218937671101	0.219465174037401	236
0.11561420249907	0.11228656899571	236
-0.049469939624311	0.292378578259026	236
0.038785197228203	0.197747169799168	236
-0.035312192061002	0.350358966800831	236
0.028840251334563	0.268021635580877	236
0.112123061494307	0.114973131154919	643
-0.052368829297995	0.290807933712135	236
0.0377623355468	0.199688159930782	236
0.115089536983158	0.112348134554799	600
0.11561420249907	0.11228656899571	662
0.110813826690365	0.113772710115371	24
-0.0883787950767581	0.22847046052406	24
0.11239000863255	0.112944560089795	24
-0.080551888366701	0.225643184038845	1302
-0.077546775909522	0.224430578335701	113
0.106639551297304	0.11488364968898	308
-0.12152409705955	0.822783004845185	55
-0.042829923783725	0.508957079715999	55
0.052907446354608	0.797865040427172	55
-0.056572209558062	1.03677959583218	145
-0.0925233875918891	1.11798114125056	145
0.073814435280493	0.769313486545325	55
-0.062308318211461	1.13389924929611	55
0.086455245239836	0.558501946006822	55
-0.00516305161151198	0.899542345776486	55
0.025158172777394	0.903378680355679	55
0.050727509119801	0.665012759380322	145
0.017377867501987	0.454186158879613	141
-0.089198782535583	0.580917665682072	59
0.00900928612249602	0.734609992465104	324
0.067848025763758	0.561253610873341	59
0.122200092633775	0.554845505933909	324
0.057180700517936	0.564614794571093	238
0.111504072784564	0.521285977483654	238
-0.000489885072992968	0.908055382544314	73
0.043842311232309	0.454902563616744	73
0.066046031794989	0.407787094281838	73
-0.082065968681697	0.230458165802187	13
0.025777723828455	0.589397789547101	13
0.044534370985231	0.636507370623748	13
-0.091442507761961	0.67988794157344	13
-0.081874867372603	0.229873084039577	13
0.093811932835763	0.446763234792407	362
-0.105594481712209	0.810469501144616	362
-0.041875724521524	0.462570368307371	362
-0.116328560919369	0.685323560064045	362
-0.013035663909222	0.395006747766358	362
0.075767908870526	0.465275831837628	362
0.066621909211536	0.450672051911473	362
-0.0866795500923629	0.231015106598707	23
-0.078435878186188	0.436081001497389	23
0.10015489780904	0.419181990011716	23
0.042924412935161	0.464010944443472	23
0.11239000863255	0.112944560089795	23
0.00255965447482898	0.381114290537371	49
-0.099932233205282	0.498579759256963	49
-0.030958126953242	0.584949738911079	1419
0.0578488952497	0.389547865667859	1419
0.090641405122155	0.326860232379405	1419
-0.094384259403181	0.4954917988399	236
-0.007676512270132	0.400874317651197	236
0.087427388454878	0.294724231310333	236
-0.076099490393845	0.428908322571876	236
0.029325641458089	0.262919703693167	236
0.04505680280795	0.192501293608383	236
-0.056142168087613	0.291509556174821	236
0.102192444080415	0.239908095888395	24
0.037433886178306	0.196584228370242	24
-0.093116422928159	0.226064246254305	24
0.049545117676374	0.602029157465249	55
0.046811452565673	0.772643258147314	55
0.034834397099052	0.604138809818802	55
0.105074810230438	0.655110490980761	55
-0.00854552195164604	1.03153939766485	55
0.055294950593961	0.813421009413409	55
0.035967367029021	0.77090444425773	55
-0.00464144782414699	0.895911483865914	55
0.093473508516301	0.709116023358151	145
0.03292399258845	0.942292663890513	55
0.105351386798317	0.976844241587658	55
0.035562111292831	0.327590463454863	59
0.115980590889378	0.609841604421755	59
0.06548685855518	0.595030659381095	59
-0.028278575199583	0.964058443526147	59
-0.105858329716011	0.775713328501959	324
-0.011440179050612	0.925575184289632	238
0.068422694831674	0.711712143616632	238
-0.05764720676268	0.600529883632047	81
0.04532376850952	0.194818658145184	585
-0.0914826313428559	0.2282979660464	73
-0.082825135000569	0.227365013828746	13
-0.083391844186964	0.227459881106157	13
-0.120699220858969	1.09728019350151	13
0.031616749663861	0.695224301551268	13
-0.0360456113243131	0.595713269296561	362
-0.035188936287173	0.669695493691821	362
-0.077309301305413	0.608698121896956	362
0.055546884294806	0.393890789663523	362
-0.074991235454894	0.443539539070966	23
0.044208243085981	0.196626825000587	23
0.108280085847995	0.112742150793283	23
-0.0850408615045179	0.226180232293452	236
0.10108201133373	0.321035938245999	236
-0.03603645934775	0.362262893342748	236
0.035592046884109	0.320493012122613	236
0.106112415250477	0.116155148037716	643
0.042064759041843	0.197598618138934	236
0.110813826690365	0.113772710115371	65
0.051306573924963	0.189538202846031	662
0.111602139321358	0.115032192174277	24
-0.076982125918146	0.224335136500647	24
-0.079498498334893	0.223490690024564	24
0.11133387988801	0.113712652956432	308
0.009633562778606	1.06581365012217	55
-0.028473494261763	0.524477483176599	55
-0.077920551268265	0.734581946487109	55
0.096079621479153	0.33111129666266	55
-0.010993517599877	0.989665821763114	55
0.037994707568015	0.47501456081512	55
-0.113074995358653	0.389181614469615	55
-0.048589489993743	1.05931362222677	145
-0.00858051376425295	0.641766830439208	141
0.106045372506378	0.622662110103163	141
-0.00492231011668198	0.379415915426665	141
0.097023586054715	0.324043659130235	141
0.055243488136328	0.385098327359319	324
0.067111289717321	0.742134060306712	324
0.097778881740303	0.705203555011893	324
-0.0360961975147071	0.870149869391541	324
0.070875608242863	0.608940824464711	59
-0.057577554106035	0.660493723200166	238
0.077430531236029	0.642866138473537	238
0.00518812859693601	0.74317950450199	238
0.100426904320218	0.612301159217043	238
0.124643896456284	0.174588614458863	13
0.026773430059003	0.597135161026005	13
-0.015061069027836	0.77526638453145	13
0.072395570883376	0.455451177113371	362
-0.012373715271179	0.740387383773983	362
0.023026318699409	0.272726290486643	362
-0.101147547291549	0.719027421222171	362
0.124114035719876	0.361130907669113	290
0.113775933333423	0.111202432084785	23
0.111853708958516	0.112088272718431	49
0.112311274991736	0.110186461489912	1419
0.065439412131145	0.378452380215401	1419
0.029106868417884	0.266575972969101	49
-0.083415771078558	0.22815883731346	236
0.111867990649127	0.111527541388821	236
0.053343733340687	0.352322194095018	236
0.038184044041586	0.262081011810845	236
-0.055201817242329	0.293398993168089	236
-0.053846346805332	0.299328929470538	236
0.11239000863255	0.112944560089795	600
-0.081874867372603	0.229873084039577	24
0.098928237230975	0.245748783141844	24
-0.0525600893377311	0.294309953805885	24
0.113433367963492	0.111280618271974	24
0.106112415250477	0.116155148037716	258
0.111602139321358	0.115032192174277	308
0.04262280560762	0.197815059386246	258
-0.076719099017469	0.735941855673873	55
-0.023507199322632	0.897630213663464	55
-0.057254065634357	1.13536179184864	55
0.041935531576925	0.80948590729797	55
0.00898592174659102	0.735141285177781	55
-0.020279812750331	0.56487110529059	55
0.110222107350175	0.680420316416317	145
0.030207196808046	0.871588314786832	145
0.020478658366351	1.00167850144291	55
0.050283634767313	0.784159677650316	55
-0.022032778175387	0.491261164245976	55
-0.049693898614995	0.286254713666957	55
0.053532908634235	0.964708592210948	55
0.044035198367974	1.00630202489652	55
0.113042163572996	0.462315842332334	55
0.051715334072298	0.394101760612039	145
-0.05428518696496	1.02186729028981	145
0.054545970611654	0.75495845173318	141
0.037997336490959	0.323898543805972	324
0.112643758889374	0.113294442733233	59
-0.0554266205919171	0.291003148747578	931
0.062121731614696	0.828533727041323	324
0.124034792018228	0.612848074249125	324
-0.00487627997864104	0.820864682231585	59
0.098480540024534	0.514514752144311	324
-0.090684919251941	0.775777190895042	324
-0.014443294848145	0.815670345393321	238
-0.013803922760974	0.710873297182504	238
0.0377623355468	0.199688159930782	585
-0.090484000978486	0.706258931356237	13
0.07297758876253	0.548854562778521	13
-0.121457119993236	0.555869124368857	362
0.01203292446041	0.68279616081093	362
-0.106765600186179	0.74273330836717	362
0.084956141670057	0.463839300132657	362
0.088715777650829	0.332236699757081	362
-0.040145228553776	0.361787914867536	290
0.04696555829762	0.195697318723232	23
0.048839792343442	0.18485638153936	23
0.035654926383439	0.469230254037274	23
-0.005519069550178	0.511464274334054	23
0.112643758889374	0.113294442733233	23
0.019954035485686	0.41244935179609	1419
0.030720373355123	0.273797498740466	1419
0.02943875680719	0.268507152760996	236
0.039440596954444	0.195670448624454	236
0.099812121038638	0.113744894429683	236
-0.117227854706674	0.391108950326239	236
0.028671685096092	0.273371549945352	236
0.086392018434809	0.297610651490466	236
0.028840251334563	0.268021635580877	236
-0.081308217797875	0.229779893299134	662
0.038553785579531	0.19980113560382	24
-0.083415771078558	0.22815883731346	24
0.038553785579531	0.19980113560382	24
0.106639551297304	0.11488364968898	258
0.112643758889374	0.113294442733233	308
0.046407448578281	0.195486113699481	308
-0.072833627428163	0.21805266530638	258
-0.083344232749215	1.10281563594114	55
-0.117437129522713	1.26410101079401	55
0.094100351102285	0.628323117481778	55
-0.018475731946303	0.557598139691229	55
0.063610252484959	0.412923108929656	55
-0.06105847473315	1.1671024251154	55
0.124937974129748	0.626230863576436	55
0.108981618954758	0.672376303536861	145
0.044280244866131	0.883875339340111	145
-0.107257182411726	1.08785649980391	55
0.035766083803213	0.843823412608379	55
-0.0649336673548731	1.32464889922066	55
0.028909152198296	0.190024797930013	59
0.020883323206961	0.26576044606486	59
-0.0125487587766639	0.835291913498513	324
0.034816591877704	0.778152713141455	324
-0.034781379752883	0.778045197853307	324
0.114878622654069	0.3923060298608	141
0.040071970025821	0.547173649294609	141
-0.081776325653161	0.842523437921374	324
0.088634446600741	0.447800824698129	238
0.116529644585478	0.541261217480534	324
-0.021299567185407	0.737225859415723	238
-0.064458262539693	1.01773092403807	238
-0.100198219794496	0.998373791999784	73
0.048397222554192	0.704835154418364	73
-0.109809500791457	1.12722015199953	73
-0.025523252550013	0.349837426423017	585
-0.0200437114388911	0.483449831007495	13
-0.050986334391348	0.293279708813577	13
0.041969763446357	0.643741076783336	13
0.104480605029687	0.435905468436472	362
-0.00178151857587705	0.511006606019415	362
-0.0958623747928971	0.583118282523497	362
0.03347218226068	0.321587342295363	362
0.10363043532299	0.318469452447777	362
0.039065833878399	0.31674628489958	23
0.029875965454189	0.274655154287874	23
0.04229928774822	0.196677205606599	23
0.062489992638005	0.383183684799293	380
-0.036568716033084	0.534787936847326	380
0.122925137646445	0.38265368429296	23
-0.101450049068514	0.486742147414592	23
-0.082065968681697	0.230458165802187	23
-0.123598472556882	0.573754679265292	267
-0.075596603015056	0.429439175815256	1419
0.114823742585628	0.11255724030873	236
-0.080579222302876	0.42782510206759	236
-0.081874867372603	0.229873084039577	236
-0.114412868882882	0.389475412879497	236
0.027499074082832	0.329125830703902	600
0.111080992199109	0.11353931257781	24
0.112123061494307	0.114973131154919	24
-0.059140219954945	0.299607001659299	24
0.02351301895077	0.268128535740639	2639
0.046082747552765	0.191387889554136	24
0.111867990649127	0.111527541388821	258
-0.093595274665428	0.803160375846893	55
-0.034607805928203	0.941624832197239	55
-0.090885473269658	0.862287802981075	145
-0.095932165594281	1.14974833976045	55
0.00679868168311199	0.780401156504004	55
0.085945202425357	0.807088295165856	55
-0.054398132516614	0.697866172359536	55
-0.0632895403209091	0.840834680467989	55
0.046791867191403	0.951812909780157	145
0.00480680704898201	0.594813377517948	141
0.058293938063425	0.653978154429716	141
0.107772801162373	0.534431577153228	324
-0.087236418348991	0.700284276023238	141
-0.079871872982468	0.678169437131787	238
0.053833385644928	0.515862234807577	238
-0.042977964423861	0.533041023397318	238
0.031130932823464	0.611686597692269	324
0.032552348613463	0.471786187344684	238
0.030756186574104	0.532705481047282	585
0.020649396897494	0.452297394950205	13
-0.013151467203217	0.707167991289768	13
0.021385431256094	0.457506238012135	13
0.091964959668399	0.297168053138841	13
-0.108489920561997	0.382724779124994	362
0.102220214578657	0.410951858872179	362
-0.058004357130783	0.588906435385229	362
0.095457809045014	0.290056430638407	23
-0.111020116445853	0.500134085882232	23
-0.10970104058563	0.379162377542583	23
-0.04790658332099	0.283287233759916	23
0.096787482552347	0.289371447075153	49
0.022782735759291	0.271859038272238	49
0.037342418974796	0.261995353358217	236
-0.015660325818208	0.391008061482872	236
-0.081118508158911	0.225738968647028	236
0.043973464457907	0.197417117370018	300
0.105329228347668	0.114890015465784	236
-0.088066111496496	0.228752102721505	236
0.036990007982716	0.193775442605334	236
-0.082441725769981	0.228844674254801	236
0.044531112100656	0.196091216271099	24
-0.032854885140177	1.32159429133069	55
0.026747983809047	1.33466188268978	55
0.110224526025913	0.904870949894012	55
-0.019460677174536	1.71454974854744	55
0.124615455723838	0.785081002799266	145
0.105033794562172	0.805952555940615	55
0.089485138549664	0.684125123224342	55
-0.109119544171085	1.1469231945387	55
-0.117774331604881	1.6457367870872	55
0.078240178781072	0.567275644005787	145
0.10602049206233	0.409375377258773	55
0.050100431868103	0.847436597474596	55
0.076439667574057	0.498534792035867	55
0.094643201587646	0.465563237991083	55
0.053889112696136	0.980602051010477	55
0.10879368842693	0.763632823468398	55
0.098864750246643	0.793380098203932	55
-0.099323006578764	1.03252254133404	55
0.099484096748158	0.519533469370089	145
0.089772233162292	0.476579750773131	141
-0.060845385111956	0.833029611794085	141
0.067328294291698	0.52770158304194	141
0.016784809738018	0.766686311970544	324
0.053279811426311	0.66367272199221	931
0.086561620800071	0.565344427005612	931
0.026936256465427	0.50792307096586	324
-0.02524191410431	0.631547396459666	324
0.029805523557991	0.478709634448117	324
-0.021356817301046	0.689551781484112	324
0.090641405122155	0.326860232379405	141
0.094138621204399	0.452223610763234	324
-0.044545398639579	0.895047946516021	585
0.097937184707515	0.463569726448785	13
0.096302749019443	0.471294170672552	13
0.044959262496689	0.620523671156781	13
-0.055830939753054	0.298389746172043	13
0.099642685908508	0.325701566414425	13
0.00939495699213699	0.423118645074005	13
0.043673242417479	0.311102017069348	13
-0.099847234027942	0.7460566582784	362
-0.014101051942023	0.539125560829314	362
-0.027262975905668	0.570438393868531	23
-0.117946429687602	0.397009572207988	23
0.035871013683546	0.329761811493468	23
0.028840251334563	0.268021635580877	23
0.050656495081873	0.358880459038233	23
-0.040851917324373	0.620897159007122	23
0.097281854421108	0.242598143517701	23
0.012558181676047	0.261225344946868	23
-0.100557950771129	0.492973231982976	1419
0.043973464457907	0.197417117370018	1419
-0.058918232003584	0.296733330450495	236
-0.082632648054503	0.230550960741628	236
0.031721707084886	0.266595959760821	236
0.038553785579531	0.19980113560382	236
0.027756333268316	0.263775026399026	236
-0.083391844186964	0.227459881106157	236
0.111867990649127	0.111527541388821	600
0.110813826690365	0.113772710115371	600
-0.109942806364034	0.387249105020775	24
-0.083391844186964	0.227459881106157	24
-0.0866795500923629	0.231015106598707	24
-0.0858598839870131	0.230314192318227	24
0.035364839553662	0.194702511544839	24
-0.083958762287729	0.226470686444405	302
0.111602139321358	0.115032192174277	24
0.025285878730682	0.642857754525549	55
-0.094112741847641	0.815736532682555	55
0.102932240151241	0.520378167359381	55
-0.075205747239991	0.684134140395712	55
0.028499201121159	0.576014526443063	55
0.079823369383501	0.399915540512949	55
0.025708774059776	0.544114970198648	55
-0.09093371338697	0.591116545172962	55
0.076853829022667	0.466107167583457	55
0.112186947954663	0.482919415218426	145
0.01502338205688	0.731830914547997	324
0.081555461486121	0.634439433987642	324
-0.0521056441183671	0.933475164200866	931
0.057861683215489	0.394185567472533	324
-0.099010675837203	0.611563518000077	324
-0.06042173224379	0.605181585341531	59
0.021731148891912	0.408294410880239	141
-0.00145115753438896	0.788854574291316	324
0.032166856528281	0.559376446083469	324
0.067178915697404	0.504721773610641	585
0.059967452695145	0.561517360803513	585
-0.067580713707762	0.976398865456732	585
0.05612422202166	0.385889988939345	13
-0.057753637408879	1.00627625431252	13
0.069608551176301	0.825043463123839	13
0.110813826690365	0.113772710115371	362
0.062979894732616	0.422098515472828	362
-0.060802879748239	0.604109409716885	23
-0.03243786691387	0.770540823150077	23
0.026920345708364	0.331572631082826	23
0.033228422023421	0.716502363775661	23
-0.103701802128921	0.50158656743807	23
-0.059857242686876	0.520442944434315	49
-0.043948055080695	0.469569831673347	1419
0.034635817464984	0.474428119450192	1419
0.028430201481326	0.273744300471972	903
-0.00896353902735603	0.403785452204884	236
-0.11892605326527	0.397778420022851	236
0.089103768647248	0.240941417697512	236
0.031123055156689	0.266801471646176	236
0.032495176319087	0.267649461228109	236
0.04262280560762	0.197815059386246	24
-0.059722472874716	0.297564444788935	24
-0.056589552106167	0.298261079652957	24
-0.062787586750312	0.296099058302183	24
-0.06114374710933	0.296132590163375	24
-0.083668742709217	0.226616320949797	24
0.112123061494307	0.114973131154919	24
-0.072434973320836	0.428164608063272	24
0.043415611281046	0.197922002730223	258
0.038553785579531	0.19980113560382	308
-0.00782536587845295	2.02053964552006	55
0.015090168839978	2.01996316224214	55
-0.021113131571911	2.03778173716105	55
0.073833555330679	0.76799939856989	55
0.036243742278825	0.863649196286192	55
-0.10962202175841	1.1103420012777	55
0.044513369781589	0.82884329932223	55
0.024388836232912	0.798949435944068	55
-0.00174915083039595	0.932190803538821	55
0.00842549981124402	0.958079356742889	55
0.036529310395801	0.425124847774057	55
-0.018477002054443	0.923922319211149	55
0.096825441824051	0.758873782321238	55
0.014849905555063	0.90559162123073	55
0.023932818758509	0.86640613073276	145
0.123116645244295	0.61199560735065	55
0.019621292241203	0.567944500982665	55
-0.033071308336133	0.646365598249072	55
-0.107744543349532	1.13433433319494	55
0.111789792237477	0.676985339911406	55
0.075043556156244	0.700920983367032	55
-0.036155276807963	0.614159907460816	55
0.00549449479332498	0.551792897016587	55
0.06508211011009	0.779373721382012	55
0.115092296857749	0.611541890240201	55
-0.0273686509808621	0.708757519317997	141
0.066209107122603	0.418237007083615	141
0.072988310383044	0.602252575127755	59
-0.07356236310308	0.72213613302944	141
0.00572692273713099	0.50095434476744	324
-0.116460514109683	1.05893237042819	324
0.044185213357359	0.729141089742182	141
0.093986606886742	0.332298217316134	585
-0.087468974896119	0.919816995311504	585
-0.04272811656297	0.828214359745321	585
0.011816176181757	0.753681625392184	585
-0.064316831888618	1.08377593794372	585
-0.059606851927431	0.50490789021322	585
-0.034151217597629	0.36496561974527	585
0.031924060698558	0.271694893293987	585
0.027082169863076	0.438938104907417	13
0.088861099867849	0.246566004494628	13
0.048315648015441	0.194652911614615	13
-0.018602888865955	0.547870716978724	13
0.070800646235985	0.411180360846024	13
-0.0356780826902811	0.458369106624892	13
-0.102064426604071	0.495503426055644	362
-0.015347541351435	0.485567222903038	290
-0.036614090343898	0.457733877821678	23
-0.036797323735251	0.461611900175095	23
0.111080992199109	0.11353931257781	23
0.106366896593577	0.113071891971668	23
0.048157294601667	0.350448869290174	267
0.038086165932687	0.323328363809417	903
-0.033479986335804	0.354800886448666	903
0.087676335347117	0.300005141185206	903
0.100451969849353	0.243823679549052	903
0.101367665604058	0.112957040771048	49
0.105585049477079	0.115107263657516	236
0.122613310573248	0.173812258457095	236
-0.081499498028677	0.229220728538513	24
0.117805917055184	0.109073531788906	24
-0.087812170675417	0.231240314047897	258
0.006857772013734	2.2710634425446	55
-0.038020756169369	1.66837467367416	55
0.100051902405619	0.594981502342031	55
0.09003844224287	0.58227718077195	55
-0.048388838629218	1.00209624877537	55
0.02923394820837	0.665131709251088	145
0.037355077699626	0.64990558112131	55
0.086533936717776	0.831002318295921	55
0.031899641828501	0.85984218319335	145
0.03387515747278	0.733647471080479	145
0.00460120035337502	0.980414067945538	55
-0.007772435615506	0.969648641953355	55
0.042984708456483	0.191682346261693	145
-0.116326667119334	1.45030536607587	55
0.067895397501844	0.858467866102709	55
0.007834775496665	0.783097526314605	55
-0.115228497221743	0.650769286756519	145
-0.060775833180664	0.800847030947597	141
-0.0350354322148621	0.486931982872018	141
-0.082065968681697	0.230458165802187	141
-0.115447827011292	1.04819430024505	141
0.123965344171531	0.443077476485219	141
-0.014939273616406	0.854316575731282	141
0.017920061734852	0.581790368459031	141
0.117006783546691	0.502077458565542	141
0.078320497819739	0.619074296632897	585
-0.098430904032626	1.06289300674126	585
0.097623368139728	0.475652731584596	13
-0.0744086688530981	0.901973032945599	13
-0.105597186270874	0.894758143252523	362
-0.0941228284258781	0.704760285376771	362
0.031225175042064	0.332671294148676	362
0.0598869814234	0.378929123658342	23
0.110813826690365	0.113772710115371	23
0.044572249547391	0.311756897050102	267
0.088794028698193	0.28867349599011	903
-0.0523350577596809	0.292399398043092	236
0.112643758889374	0.113294442733233	236
-0.05480810475801	0.287644891599702	236
0.037993939423732	0.199032119088873	24
0.11239000863255	0.112944560089795	24
0.110293549194893	0.112333536245241	24
0.112643758889374	0.113294442733233	24
-0.083199536295848	0.22951558009204	24
-0.083668742709217	0.226616320949797	1570
0.028369806644585	0.954018470162081	145
0.117479361462641	0.459228006694814	55
0.041742282776329	0.871030954709914	55
0.059820597114444	0.899136652125118	55
0.05499083885582	0.387513546725972	55
0.119810856164139	0.419203163307088	55
0.110592860920441	0.560026709340565	55
-0.021266633769963	1.0146009122962	55
0.064363936961731	0.891891360136631	55
0.054794058656703	0.884846886564291	145
-0.0843071229460129	1.16742404493026	145
-0.063828081480047	1.10327237410871	145
0.090507850860402	0.821290790683259	55
0.043377335107687	0.910248919799878	55
-0.028888386279296	1.14818068551571	55
0.113760398859441	0.631605491773895	55
-0.119762929867485	0.392534246188534	55
0.06200242841056	0.621897181506485	141
0.112123061494307	0.114973131154919	141
-0.117467232192007	0.396149064811113	141
0.096079621479153	0.33111129666266	141
-0.082065968681697	0.230458165802187	931
-0.034868675746351	0.455224915096983	141
-0.015379330118974	0.943168658491004	141
0.007023090467563	0.863100573500797	141
-0.021732361788844	1.01472621537635	141
-0.031177715036508	0.977876306484589	141
0.018015811499104	0.523589944475229	585
0.064956495153089	0.703839122596932	585
0.034083621579861	0.321676160798388	269
-0.0386525768766099	0.36006435991328	13
0.046602766181369	0.356069027534425	13
-0.045212199866275	0.823403635680969	13
0.095931787240234	0.514469713301675	13
-0.0534887627891421	0.499373723694278	13
-0.036571666412059	0.817274224879965	362
-0.106355337514629	0.760674727312496	362
0.053686918243201	0.352006190519382	23
-0.0525600893377311	0.294309953805885	50
-0.05973150082849	0.673551284554154	23
-0.07836847578401	0.227502697104956	23
0.09764897126191	0.319782120523442	23
-0.098575654668833	0.63516885862109	23
-0.063412101859937	0.526156606718972	23
0.039677821635989	0.3175055542548	23
0.100590131121244	0.114938505707066	23
-0.00555322809041503	0.399177635277564	267
-0.00242220477640098	0.389893111326945	267
-0.043378427661398	0.462405585921811	903
-0.075071033579618	0.437213387638881	236
-0.080551888366701	0.225643184038845	236
0.037342418974796	0.261995353358217	236
-0.080551888366701	0.225643184038845	236
0.04532376850952	0.194818658145184	600
0.045881223061766	0.191898853687731	24
-0.05313887823512	0.294889000693205	24
-0.058380146035222	0.296788852974572	24
0.112123061494307	0.114973131154919	24
0.117805917055184	0.109073531788906	24
0.059208961634118	1.72801930653882	55
0.100575899931032	0.87980558938316	55
0.034279323479954	1.11946401415517	55
0.0340293146144	0.437848305242478	55
0.052295342468799	0.97728398117894	145
-0.121616330249013	0.689869595512864	145
0.10325370996106	0.764643428124379	55
-0.038960746648998	0.68246286495574	55
0.090670526591146	0.241401438870199	55
-0.08017554452122	0.225195517487192	55
-0.044991564196078	1.17922183433827	55
0.083210445902968	0.688549874255451	55
0.121249036020213	0.566705515575062	141
0.095565703617065	0.321907197142065	145
-0.090915004612678	0.228165979293146	141
0.045802950485357	0.615651185187483	141
0.047619503472742	0.60772617361081	141
-0.090722567130927	0.78141544632331	141
0.111490078871406	0.481197516181401	324
0.096107239983052	0.245498217224435	13
0.031477343905752	0.26712387898351	13
0.118333470475861	0.109009221620307	13
0.003035732526393	0.695374626749991	13
0.031640233347772	0.576814181943578	13
0.00370118582658702	0.70304535684377	362
0.12194492421136	0.469637526883706	362
-0.0245720169564561	0.721392144611554	362
0.054971785830324	0.594447726610751	362
0.031924644644484	0.480355943203605	362
0.055778221170729	0.353968441957082	290
-0.025921646600804	0.347887273562757	290
0.07181567287186	0.411406775939324	23
0.02099846532656	0.603459816674032	23
0.112123061494307	0.114973131154919	50
0.112123061494307	0.114973131154919	1128
0.074485491416232	0.437223850450607	23
0.038089730710283	0.196005218565888	23
-0.077311064683671	0.442120481139484	49
0.11133387988801	0.113712652956432	903
0.068951759921614	0.367513876515077	903
0.055507338558381	0.351819999013238	903
0.091357963909093	0.295414391226553	903
-0.120003049583146	0.396531885659591	903
0.100056469917582	0.115100155835255	903
0.033758485646735	0.267528819413003	236
-0.055012011242405	0.298649339269476	236
0.033627457928832	0.319427072307158	236
0.031123055156689	0.266801471646176	236
0.110293549194893	0.112333536245241	24
0.049954094576283	1.13364947629416	55
0.051264239851628	0.753871851445747	55
-0.120128546040216	1.16542750665359	55
0.05933697656039	0.910475279792626	145
-0.061010452017626	0.603978746023111	145
-0.00157816424458002	1.10448134366594	55
0.108975720478017	0.821403094854601	55
0.039926167252227	0.854464931588434	55
0.112141327899325	0.766700823420473	145
0.086254868604809	0.701709763359341	55
-0.010458397004353	0.910635345033826	55
-0.010883463051467	1.05380951027634	55
0.098249872373312	0.290656038905799	141
0.121002398938153	0.175838352108009	324
-0.083199536295848	0.22951558009204	931
0.00134133578071299	0.853783063537368	141
-0.080749138259688	0.879842956867789	141
0.103348625131377	0.673604404586037	585
0.057823842751184	0.385652565702774	585
0.093734431979237	0.662296613562385	585
0.029083028409567	0.266497005167635	269
-0.031647094304777	0.783211012725065	13
0.070607859020031	0.53454162940927	13
0.10166194372239	0.510591399662393	362
-0.084205996279674	0.648949659284645	290
0.119623482440086	0.175702099840956	1128
-0.00734886564166903	0.389791108309014	23
0.060493136570732	0.390972503308178	23
-0.069866398721826	0.525048456494915	23
0.045736201236454	0.352975685460743	49
0.037530322268716	0.19704535933923	903
-0.087499856473756	0.227973061801536	903
0.105329228347668	0.114890015465784	853
0.023026318699409	0.272726290486643	300
0.090623544940044	0.289519235181601	236
0.087429007591639	0.296450044481763	300
0.049365014251897	0.36245736712085	236
0.112643758889374	0.113294442733233	24
0.111853708958516	0.112088272718431	302
0.071173074841038	1.00893773653682	55
0.095766347925551	0.389075500823437	55
0.093986606886742	0.332298217316134	145
0.089388927319987	0.555475627079185	145
0.094494456267665	0.72825336836395	25
0.043738281853249	0.195991543635569	145
0.106787539862231	0.760808663037892	145
0.088419680903471	0.737565341348332	145
-0.0191198896045069	0.595449730858281	145
-0.111153213174558	0.383573615707337	141
-0.013099345220663	0.918280020526243	141
0.108031309993796	0.557070191815729	141
-0.112478325257012	1.10271702844991	141
0.087288641948592	0.50291114416388	141
-0.109773842470333	0.639698119622488	585
0.022325274409837	0.408669466379096	269
-0.110785813869827	0.390624867140605	269
-0.037612369604915	0.358026130706794	269
0.030373632604951	0.606342423638061	13
0.038818033553436	0.589818553182508	13
0.004685230069574	0.660332667931515	13
0.010639102245956	0.677355176578394	362
-0.033476352925697	0.460205011239884	362
0.074487250366381	0.440655097244726	23
-0.0866795500923629	0.231015106598707	23
-0.061965936820885	0.296957928606004	1128
0.073613763764285	0.399407692269844	23
0.028510519937087	0.326780327302936	23
0.021941286263104	0.449709620642737	50
0.00614892342060802	0.430417881232492	267
-0.035454726996567	0.362190595826776	267
-0.033276865442836	0.364651458965394	903
-0.054083659400514	0.297885786472831	903
0.106112415250477	0.116155148037716	903
0.112123061494307	0.114973131154919	236
0.11133387988801	0.113712652956432	258
0.07043514302577	0.520322797203211	145
0.094180072510938	0.505969584625458	55
-0.097828268158185	1.38459546338877	55
0.095195281242074	0.573967379999501	55
-0.074854171248561	0.442652069684444	145
-0.00958011400498404	0.401159715413665	145
0.035808633084768	0.479004922235917	55
0.06851035062618	0.686148101250697	145
0.036591486513679	0.578555132290052	145
-0.120371542402047	0.394614239383903	141
0.051072848895778	0.187791639746226	141
0.112422104292664	0.478964200773811	141
0.110118106192329	0.375205513606919	141
0.00907072049355401	0.422528002792683	585
0.071287616610458	0.680117647088571	585
-0.109576756302783	0.390290262974103	585
-0.068172729214422	0.435764924112823	13
0.088596026074138	0.30040618373414	13
0.00352788067707799	0.657691998795542	13
-0.118557809055402	0.984332217542594	13
0.053350805420656	0.358695818779905	290
-0.0850408615045179	0.226180232293452	1128
0.110293549194893	0.112333536245241	23
-0.114930478824926	0.398512814098925	183
0.032744327873037	0.331702468239731	49
0.11239000863255	0.112944560089795	300
0.090178206998239	0.295713282227701	300
0.114299951550314	0.112618511833295	24
0.105585049477079	0.115107263657516	20
0.111080992199109	0.11353931257781	20
0.11239000863255	0.112944560089795	24
0.11133387988801	0.113712652956432	24
0.111602139321358	0.115032192174277	24
0.02491409034642	1.453868106989	55
0.113446342100764	0.424238168480533	145
0.119559735383613	0.449854962077468	55
0.096853323630295	0.849942619232577	145
0.124700203154637	0.36384975096402	25
-0.0000204760968659512	0.60986129580962	25
0.071635961583695	0.407579372470955	55
0.116913763681479	0.559857604430045	145
-0.096003493845361	0.820135713486692	145
0.052648291400152	0.535553813140551	145
0.078873568670705	0.475925028696154	145
0.00360098172423201	0.754830735494134	145
-0.083199536295848	0.22951558009204	141
0.043180646496689	0.197311888785559	141
0.028439730434913	0.330325007676186	141
-0.066547811289296	0.426556094170383	141
-0.039459899398422	0.944169169078924	141
0.087765246598208	0.655798834367806	141
0.038809619192455	0.625514640994161	141
-0.0971725780852431	0.499272477257028	585
-0.120144732723642	0.39811422318999	585
0.03644800210093	0.327398203249828	585
-0.021702456275442	0.692605793641909	13
-0.047794155539387	0.467169018047236	13
-0.02358501919295	0.878633398903737	13
-0.053731989869315	0.741565331151229	13
-0.055983528162279	0.590327324256649	362
-0.040547709036688	0.53185958311157	362
0.050003287413257	0.363231680850302	362
-0.081717909987459	0.224923109624601	23
-0.083391844186964	0.227459881106157	50
0.098054861734905	0.248387516117651	50
-0.101827282819768	0.503077735746675	23
-0.076417683921763	0.223160788798814	49
0.01566764304785	0.265063301580412	300
-0.1185522128278	0.398297593487797	300
-0.0639561821082431	0.296448299554629	300
0.112911801013283	0.112883681223137	236
0.047757731573655	0.195150846424252	236
0.040695806494544	0.194898991065921	20
0.036970707031407	0.197196609261005	20
0.112123061494307	0.114973131154919	258
0.001393683883958	1.85634410847152	55
0.095067809841202	0.721027478864578	55
0.100914629464506	0.491756651508365	55
0.12317994009468	0.509451146876078	55
-0.07619828451855	1.38957566110795	145
0.020946963283345	1.01541687832817	145
0.120098445489264	0.636452966779525	25
0.029439228819118	0.895479554262905	55
-0.0262240845587109	0.88776026250563	55
0.124534536718471	0.610470627730159	145
0.035188756662579	0.820994772114623	145
0.095007278072755	0.33254023278453	141
-0.07836847578401	0.227502697104956	141
-0.063371765537192	0.296827051882238	141
0.023611016549761	0.778352040225695	141
0.000736881401357026	0.787018534133398	141
0.114439095471389	0.523607187457331	141
-0.079123314807659	0.549416804855583	585
0.11614991916245	0.477385724085619	290
-0.124423435065771	0.850183640001463	290
0.049453949503638	0.541346955617605	362
-0.109815699816983	0.389730044294229	290
-0.113330000181679	0.387868119338008	23
-0.069094737507684	0.436144004165506	23
0.108810355957882	0.113734591791858	50
0.112123061494307	0.114973131154919	50
0.041799198497728	0.318215429044109	23
-0.012308797163832	0.397917271258652	267
-0.059944165839978	0.298707817893249	49
-0.076690606278716	0.446682619344393	49
0.11133387988801	0.113712652956432	49
0.032916749304909	0.268364375640001	300
0.111602139321358	0.115032192174277	236
0.028224794732045	0.326117690733227	236
-0.055546956351039	0.290760729688363	236
-0.0866795500923629	0.231015106598707	236
0.0430918949429	0.195405745839658	20
0.034302724547475	0.888609790216212	55
0.097664051148294	0.549455283165334	55
0.122146392680816	0.425449549997798	55
-0.015873684850264	0.552298133997222	55
-0.00973534268824905	0.645263389792414	145
0.121377947314218	0.64131100729024	145
0.090213090857723	0.777179940468025	55
-0.09528146926063	1.10948135159004	55
0.09270746966117	0.363810824035882	55
-0.0362896015408291	0.537930030618164	55
0.080451481714684	0.824990678373104	145
0.1226775587285	0.621841956233055	145
0.095629928828946	0.241401670469923	141
-0.122309805513064	0.576397226744121	141
0.060577134118427	0.567575594445714	141
0.06176527926032	0.508084392314031	324
0.066197122342526	0.651416547320585	141
-0.049826007178829	0.294680286074608	269
-0.077239286016319	0.226197788327762	269
0.106895142792059	0.114065326676144	2335
-0.076290192476826	0.832867239171045	290
0.017545261221203	0.415775199784486	290
-0.076417683921763	0.223160788798814	290
-0.102204859250325	0.637339546793126	362
0.012518165281057	0.564225707360194	362
0.047199609445477	0.194941439715104	290
-0.068352174917718	0.638208542539616	290
-0.094026487045065	0.479997309809064	23
0.094487599126877	0.243237702427868	23
0.110813826690365	0.113772710115371	23
0.114299951550314	0.112618511833295	1466
0.112123061494307	0.114973131154919	183
-0.058558201966913	0.300448356876538	49
-0.05313887823512	0.294889000693205	236
-0.053363614080398	0.295147794011653	236
0.105329228347668	0.114890015465784	2195
0.108810355957882	0.113734591791858	20
0.04229928774822	0.196677205606599	1787
0.044766108565605	0.196127072599956	1787
0.106895142792059	0.114065326676144	24
0.111080992199109	0.11353931257781	258
0.111080992199109	0.11353931257781	897
0.0953048673405	0.808742155276595	55
0.060526412596075	0.50758296068385	55
-0.067399165720508	0.602857725663002	55
0.03913443732132	0.474623218686754	145
-0.100514189087349	0.755563190218657	145
0.098861898172053	0.82038511791334	145
0.010689986253518	1.03057347196915	145
-0.00126098428238097	0.635818280010633	145
-0.095850593996805	1.00286789571422	55
0.088815418982586	0.240643439367319	55
-0.082142043237731	0.439943091629501	55
0.026644506424858	0.273873482899527	55
-0.039462386373314	0.678534571544991	145
0.116330500490692	0.371955864150172	141
-0.0252032195295701	0.47640580194248	141
0.069648020230601	0.407142654044768	141
0.105598422490737	0.237082422355163	141
0.049123791601196	0.394286407409473	141
0.039345055394317	0.198502149827281	141
-0.083102739519798	0.225844845103275	2478
0.120257567593214	0.570040255868175	141
0.079966322316148	0.661941410813128	141
-0.046225075924221	0.697991615448844	141
0.107292829857391	0.408132739969965	141
-0.00429490486902995	0.785701769793794	141
0.061371120179114	0.600812936419656	324
-0.091270464835054	1.02099329828701	141
0.021471379926826	0.613688738847032	141
-0.0574151159577711	0.592286788104243	585
-0.0914826313428559	0.2282979660464	269
0.087616879277867	0.297770719877824	13
0.083233649067262	0.540951007487451	290
0.088778210345759	0.534695018398919	290
-0.055451630575898	0.752665178316255	362
0.101928122631241	0.416523896340471	362
-0.114688710485999	0.810530725921502	362
0.108810355957882	0.113734591791858	50
-0.119762929867485	0.392534246188534	23
-0.07780377687633	0.227409118788387	23
0.035878542155128	0.319438710267888	23
0.043650171926482	0.196414488891955	49
0.043650171926482	0.196414488891955	183
-0.07780377687633	0.227409118788387	49
0.091656993239297	0.248893359176682	300
-0.119764517802546	0.397503218809389	236
0.11530496517679	0.17057361283257	236
0.106639551297304	0.11488364968898	104
0.112123061494307	0.114973131154919	24
0.111602139321358	0.115032192174277	24
0.11239000863255	0.112944560089795	258
0.11561420249907	0.11228656899571	258
-0.00809665242923097	1.16883525584474	55
0.022515150067215	0.452842817416684	145
0.084420665260008	0.487084768120417	145
0.104990712416015	0.68181940497557	25
0.00467525072931502	0.851948771687103	25
0.030005820796878	0.947485331250791	25
-0.05732137396718	0.675778844941562	25
-0.08311859215061	0.846082548666461	55
-0.017740606597148	0.817723488746123	145
0.094317204737489	0.387322344263307	141
-0.048398832873178	0.46859320110854	141
-0.028335265975884	0.356808261001062	141
-0.042776679362359	0.462179057074549	141
-0.061624006210244	0.525161304150608	141
0.100545929692682	0.652812408356866	141
0.116006856943474	0.588409379463977	141
0.097709949192258	0.484237711862408	141
0.081535038652938	0.608374815563262	141
0.016474802674443	0.656326459908121	141
-0.025909756831538	0.828567471736393	413
0.043180646496689	0.197311888785559	269
0.018851151651906	0.577414856284897	290
-0.063428481677324	0.791340224144624	290
0.055459745725193	0.501307608611393	290
-0.00206435266924299	0.617012408108786	362
0.026400928189625	0.273538728072551	362
0.00197465841224798	0.502788263896916	290
0.098115752780771	0.318133281271296	23
0.095423333038663	0.388187165971517	23
0.112911801013283	0.112883681223137	50
0.112911801013283	0.112883681223137	50
0.091462347515155	0.298101409299525	696
0.031679449969814	0.319192797743051	696
0.112123061494307	0.114973131154919	50
0.086817923686239	0.296408409496447	183
-0.081308217797875	0.229779893299134	183
-0.037784106661058	0.359958191918714	49
0.044208243085981	0.196626825000587	300
0.045849133029881	0.194480173939665	236
0.112911801013283	0.112883681223137	24
0.110125695741463	0.112253782102168	104
0.118333470475861	0.109009221620307	24
-0.00799507556669599	1.51828930754279	55
0.091243280062431	0.786492940534558	145
-0.076214233688136	1.15625728716313	55
0.103412127579161	0.545518743015672	145
0.057662259229388	0.823437050105198	145
0.026185835669522	0.675120723704326	145
0.048148918760245	0.760617907604343	145
0.039904706615939	0.198350876514301	2478
0.114572549997571	0.675635854623547	141
0.113866621889192	0.550006990256395	141
0.111438032185056	0.574653588613307	141
-0.088857762479833	1.05212507860872	141
-0.108474962733367	0.916150541564712	141
0.115850891478128	0.568335328607075	141
0.067696893790988	0.611641999477841	141
0.117739123573125	0.506395933650331	141
-0.0402598990195609	0.535743993172736	585
0.106112415250477	0.116155148037716	269
-0.0613817089398741	0.294959541014355	290
0.066353773726145	0.479914202764253	362
0.042857552425884	0.197703856707579	50
0.120427771893988	0.176032124298812	696
-0.016190710711074	0.484213868131131	696
0.049956732290724	0.188082949840752	1466
0.094100015315959	0.246526612263239	49
0.109594773539516	0.113465995883652	49
0.04265695270042	0.197444510551641	300
-0.109576756302783	0.390290262974103	300
0.114823742585628	0.11255724030873	300
-0.0869924056963211	0.230539916127221	236
0.111602139321358	0.115032192174277	24
0.112643758889374	0.113294442733233	24
-0.055546956351039	0.290760729688363	24
0.039620135899926	1.32975755324559	55
-0.00747137286565502	1.4314468609654	145
0.105115523470613	0.579609559494835	145
0.036261630793078	0.526893429698156	145
0.023423820175439	0.455559386771518	145
0.089683227896376	0.652514253371288	145
0.018019670812544	0.498837758895912	145
0.041693081903229	1.00727186053582	145
-0.00601383603613703	0.978046503476066	145
0.120670038512491	0.584971057607934	145
0.01215133686799	0.917459065175153	55
-0.044181394195988	0.713110429888376	141
0.0466412814867	0.193940936300541	141
0.036123171342514	0.321597301195748	141
-0.082258634579743	0.226170400043011	141
0.124520999166947	0.177124469264755	141
-0.065660765385233	0.291295344545037	2478
0.069660401553916	0.41467205074296	2478
0.089143960293316	0.630163810362761	141
-0.05748427229978	0.596327485021156	141
0.117623410402858	0.450778676357462	141
0.112531578347673	0.44376053181254	141
-0.114478804492816	0.919438856919235	585
0.090411759157423	0.393958979234029	585
0.01327046624788	0.732117787759879	585
0.010874201952331	0.784414364370177	585
0.045849133029881	0.194480173939665	269
-0.082825135000569	0.227365013828746	585
0.091402549510657	0.448145075122939	290
-0.035901123486089	0.735620869038582	290
0.030795182654306	0.585990123203719	290
0.034119270043521	0.488933157334686	362
-0.054104742505675	0.578749543943272	23
0.101217809931809	0.244420276928422	23
-0.085023239447753	0.582972215092992	23
0.11133387988801	0.113712652956432	696
-0.079190817443659	0.225403106439413	49
0.106639551297304	0.11488364968898	183
-0.072044468266207	0.432018668006984	183
0.123147095019383	0.175935571694513	49
-0.12122014259767	0.396657064016754	49
0.034714391778866	0.267747913069621	1066
0.03503251316599	0.196609527488191	1066
0.106112415250477	0.116155148037716	24
0.116138640348068	0.11068858558371	236
-0.087499856473756	0.227973061801536	104
0.112643758889374	0.113294442733233	20
0.112643758889374	0.113294442733233	24
0.043415611281046	0.197922002730223	24
0.04532376850952	0.194818658145184	258
0.030042968954412	0.960149953440761	55
0.065207036676649	0.801176600270375	55
-0.035295886877745	1.21687521992768	145
-0.028515045643156	0.709683423474435	145
0.036027700401269	0.753766043868802	145
0.061131116019704	0.63823960667609	145
-0.124724318702374	1.48531406312226	145
0.059637066468207	0.679340391754705	25
0.033006793382115	0.792475906300691	145
0.10147214688262	0.498142958556402	141
0.094934327278382	0.242840368113389	141
-0.055012011242405	0.298649339269476	141
-0.022427754142374	0.341693477083557	2478
-0.009697175515888	0.63937374446032	141
-0.124560015844481	1.05472218409653	141
-0.103944633578259	0.505700518769371	585
-0.062543752504071	0.525167473907034	585
-0.086826763066137	0.587822414921847	290
0.098458882787441	0.473925317831346	290
0.10627870900004	0.457185009197118	290
-0.115787481043435	0.555246190942844	290
-0.000241422491403021	0.388109571535797	23
0.097096797093053	0.245862213219273	23
0.029450758974954	0.326387615834494	23
0.024597726172836	0.272900167820809	23
0.035313119888887	0.266061741347273	50
-0.081988657139366	0.438947902149631	23
-0.119158242139175	0.398461427196859	23
0.111602139321358	0.115032192174277	23
-0.074682094009022	0.44256124834989	49
-0.082283654715912	0.227931457197007	49
-0.055248276616239	0.299230658919866	183
-0.074001810182264	0.423488578544587	49
-0.075754602657701	0.417245879856016	49
-0.082258634579743	0.226170400043011	1066
0.043650171926482	0.196414488891955	236
0.111602139321358	0.115032192174277	20
0.111602139321358	0.115032192174277	20
0.110813826690365	0.113772710115371	24
0.120773005984724	1.76081461881621	55
-0.022414464215877	0.824795262739671	145
0.101515775228741	0.97426024420998	55
0.115355469613075	0.914467605213209	55
0.09473713840332	0.506808377813925	25
0.049701113246739	0.640748403011499	145
-0.01396419539208	0.590960878414915	145
-0.085699056925465	0.775579530721728	141
0.00712923199825899	0.802357146208853	141
0.104243864965894	0.316671938018196	141
0.069007234372512	0.440185636795165	141
0.100738597048813	0.35492379204311	141
0.00685357744252102	0.836376195530682	141
-0.046127577562745	0.638688342584182	324
0.036413917608763	0.435785986002716	141
0.028679537643723	0.664447539269161	413
0.116004388130401	0.56135857251238	585
0.073487027505117	0.528165803865348	585
0.069142006738379	0.474760873318832	585
-0.0999978747476	1.0147469543603	290
-0.065778856628637	0.521562310125879	290
0.030280671587935	0.268225677691262	23
0.100696052185662	0.243655650044917	50
0.0503173731642	0.354629322588216	183
-0.081874867372603	0.229873084039577	183
0.038783967287177	0.261203223345575	49
0.033338925920593	0.324074885114635	49
0.115089536983158	0.112348134554799	1066
0.110293549194893	0.112333536245241	419
0.11239000863255	0.112944560089795	419
-0.073397868709379	0.219173348308329	236
-0.122676769488524	0.397656911526142	20
0.111602139321358	0.115032192174277	20
-0.082825135000569	0.227365013828746	258
0.100056469917582	0.115100155835255	258
0.099481353634643	0.688818667834553	55
0.085494641625058	0.813843817577571	55
0.012353642021472	0.862163884056553	145
-0.094748462982333	0.922973712143574	55
0.017997101724764	0.958405713125886	145
-0.090418355642399	0.807871089469603	145
0.115093806440396	0.381010482791214	141
0.065643195295113	0.477343191512695	141
-0.076518063054194	0.756347781448271	141
0.024139688023344	0.502127823096824	141
-0.121065984805583	0.823760257438066	141
-0.084525032084021	0.693622941212156	141
0.041883441243577	0.504279939572936	141
0.071148537683463	0.530396606080197	413
0.07343851025291	0.584453744451258	585
0.056861935793076	0.620857962915615	585
-0.039454583050732	0.454633031594284	585
-0.053609315333333	0.297637628319894	585
0.095574169867868	0.395220208100768	290
-0.113671244123884	0.555446929329089	290
-0.079503787830286	0.57801814479374	290
0.086084825164544	0.29582436887495	290
0.090684265957246	0.336309308280361	23
0.107606107418441	0.377879627196007	23
-0.101766589228742	0.496078597302645	290
0.027489380813326	0.27240572128393	23
0.030283500292145	0.324875272230114	50
-0.062787586750312	0.296099058302183	1466
-0.0114203156939831	0.398727757218703	1466
0.025556806577585	0.272439262358434	49
0.091044810205587	0.297831405661894	49
-0.122915933336659	0.394970724915999	49
0.038667305660783	0.255942080926277	49
-0.083982143011219	0.225457123988924	407
0.112123061494307	0.114973131154919	509
0.110813826690365	0.113772710115371	300
0.11133387988801	0.113712652956432	236
0.031477343905752	0.26712387898351	236
0.043180646496689	0.197311888785559	236
0.037993939423732	0.199032119088873	104
0.113775933333423	0.111202432084785	24
-0.077546775909522	0.224430578335701	718
-0.048611965534496	1.50819117759534	145
-0.0897995728500241	1.01665900573889	55
0.020641783813705	0.865220213114986	55
0.105468173771599	0.345113703864647	145
-0.097940988524082	0.96088814525961	145
0.120355876207346	0.49703935302184	25
0.083444340482606	0.687500326924429	145
-0.039185108101756	0.465568737438932	145
0.092063187531294	0.634438659806606	145
-0.034583485049771	0.842212586361336	145
0.124776478409314	0.530751224887336	145
0.042451605743833	0.598348112348831	141
0.093317562059496	0.551550233763395	141
0.065492124194582	0.531978019694664	141
0.048873358915023	0.193351735400399	141
0.026885673801769	0.323418689174615	141
0.030318172098623	0.267046236709528	141
0.0182335816677	0.573157214614354	141
0.089195917833698	0.452201071587519	141
0.106511737717327	0.48786582400358	141
-0.11685960001073	0.692653560851502	141
0.124362524795663	0.44529209270552	141
0.052475056409338	0.484703595023578	141
0.020136343000364	0.510066013742075	141
-0.124121093009438	0.5658169839241	141
0.095438376550936	0.35904851847916	141
0.052679206127779	0.59521809894058	141
-0.052060679634947	0.890252339068985	141
0.116010515134873	0.426183232468229	413
0.095383382342935	0.503089533927009	413
-0.020712752719165	0.765733921304858	585
-0.002860174195355	0.500157879200541	585
-0.115168253580401	0.400635733477657	585
0.085779076565591	0.299192116335757	585
0.056135469327649	0.354349847977653	290
-0.080832460662731	0.445420312190606	290
0.099616439445302	0.409839300714462	290
0.084838061440853	0.425503978316233	290
0.0307068584572	0.532152503410114	290
0.10754274673535	0.376308585927545	290
-0.059010046917748	0.514795239817593	290
0.056371082875316	0.387161243894131	290
0.032418772391061	0.445215905219795	290
-0.077270375105982	0.568918511662673	290
0.021668239371982	0.45109950789869	290
-0.036091506597339	0.529385770580768	23
-0.029822529979018	0.357435217897709	23
-0.0993404062077961	0.510160267224192	23
-0.0866795500923629	0.231015106598707	50
0.098666474483345	0.248146138046765	23
-0.090915004612678	0.228165979293146	50
0.114823742585628	0.11255724030873	1466
-0.086113553611644	0.22793864773109	1466
-0.080320937935606	0.221509900999527	49
0.110813826690365	0.113772710115371	49
-0.07836847578401	0.227502697104956	49
-0.054429060707059	0.299495656062825	791
0.044531112100656	0.196091216271099	419
0.100590131121244	0.114938505707066	236
0.111867990649127	0.111527541388821	236
0.026496046625726	0.272906192276756	20
-0.076982125918146	0.224335136500647	20
0.111080992199109	0.11353931257781	20
0.111867990649127	0.111527541388821	24
0.041287688607356	0.971582938396317	55
0.085093825919684	0.657668408690794	25
-0.080154530299094	1.18293499261803	25
0.110370634818419	0.457386895269759	25
0.094586265043682	0.66940480054698	145
-0.097994475404533	1.09725099935398	145
0.039405843610602	0.75539406738682	145
-0.084590229633422	0.921172412006406	145
0.102279784906231	0.242205678987109	141
-0.012744571080437	0.609674551353532	141
-0.117840121228665	0.398773241258919	141
0.062875953725096	0.594823677133465	864
0.017116454040092	0.654898680566692	141
0.067463142619104	0.609493541608481	141
0.078219690774731	0.521735776977481	141
0.020677240332691	0.778077444809171	585
0.000259563925414985	0.605232317501526	585
0.052138804728573	0.352739773270807	585
0.014258367901664	0.413411498382159	585
0.071258115169213	0.439986597272438	290
0.00392113095609598	0.603492491696864	290
0.088174353957025	0.474026628182069	290
0.000132677481015975	0.510851472218695	290
-0.016214031562198	0.488501080890275	23
0.099539399380479	0.288670210477443	23
-0.0547448274637941	0.294858265108523	50
0.030923708028122	0.328046191944864	49
0.046641746388595	0.363336017685241	49
-0.090915004612678	0.228165979293146	49
0.046731094929389	0.193181339283969	49
0.109063618653346	0.11247761804126	49
0.112643758889374	0.113294442733233	49
0.042425444743588	0.194361137529262	419
-0.053717899617387	0.294636146973436	419
-0.081499498028677	0.229220728538513	236
-0.081308217797875	0.229779893299134	236
-0.034090477096317	0.354207207555546	236
-0.0573948700953	0.299104696030174	236
0.111602139321358	0.115032192174277	161
0.111080992199109	0.11353931257781	258
0.00978754256030401	0.774432198040914	55
0.118683687780304	0.605613517225673	55
-0.085223813716832	1.31738298999578	25
0.005400482809025	0.803376893929674	25
0.041041094459866	0.557245985219254	25
0.019862603421537	0.66388614816312	145
-0.018320697609714	0.953117357598235	145
0.117548330665161	0.578102802570257	2176
0.022651534485983	0.703664829267754	145
0.08407284754744	0.609475987317154	141
-0.010024821063335	0.584205189876832	141
-0.040487203787471	0.543336269366223	141
0.0970069560948	0.327267347049703	141
0.00249757135551099	0.542551602855128	141
0.036531628808087	0.520089776259972	141
-0.013875015423615	0.656041094207859	141
-0.082325094292464	0.870875158318108	141
0.042189095834405	0.545817139282474	141
-0.039050887100602	0.89944701006915	585
-0.00372149080782802	0.508876819533991	585
0.024637940143481	0.506009361486486	585
0.045917624866581	0.617390954338513	290
0.108429655309765	0.378181681442889	290
0.034651280949905	0.435566103875874	290
0.103600246418701	0.350789677923513	290
0.089872172915634	0.296266289759231	23
-0.00951175668440696	0.400817830023776	23
0.028430201481326	0.273744300471972	290
-0.025173088000718	0.349692843612843	50
0.092789348366914	0.246859526974829	50
0.10442340861111	0.345512829772558	882
0.016555241303556	0.422432329088633	23
-0.039179648245896	0.36231999071068	23
-0.046104278192559	0.355527980415151	50
0.056135469327649	0.354349847977653	49
0.026400928189625	0.273538728072551	217
0.015603214274983	0.260109774690824	49
0.03823495554764	0.190034978881988	49
-0.086173284288692	0.22640914189201	300
-0.054166574829117	0.294281587841487	236
-0.057208698804428	0.294041547653836	236
0.102540950172607	0.241948000066975	236
0.109594773539516	0.113465995883652	341
0.113775933333423	0.111202432084785	20
0.109594773539516	0.113465995883652	24
0.112607582762674	0.618705214625753	145
0.082296462012452	0.451167663479583	25
0.013182245517366	0.591068058149703	2176
0.086420978004367	0.543907356608084	145
0.047692445553889	0.673043249548707	145
0.074495019685262	0.472210722149283	141
0.018178543464335	0.411486981020371	141
0.091351074580186	0.36180089207385	141
-0.028335265975884	0.356808261001062	141
-0.058199623123976	0.298204316658552	141
0.047551350643536	0.364335012696183	141
0.088822882794121	0.443882658579868	864
0.021224890146676	0.605388506904329	864
0.10488290515174	0.477562350075439	141
-0.018028710548838	0.554285340738362	141
0.057723665491533	0.509751650086214	141
-0.00330005549566204	0.466476997991614	141
0.106229963472211	0.458761328603093	141
0.098784686864323	0.497232083995908	141
-0.10520575152597	0.87232033152441	141
0.091049384122461	0.298537614418403	141
0.0971713296522	0.579724089731727	585
-0.0929534135533741	0.70219735620586	585
-0.083391844186964	0.227459881106157	585
-0.00302327178496598	0.668158384129758	290
-0.037326760585031	0.603373386965077	290
0.098589611729292	0.360798876769095	290
0.013017694121333	0.42801239758175	23
0.038321962764617	0.199537160848968	290
-0.079755773491192	0.224427191828899	290
0.111867990649127	0.111527541388821	290
-0.086913800050094	0.433473000365617	50
0.112123061494307	0.114973131154919	157
0.046430222187106	0.191418187396254	1466
-0.082065968681697	0.230458165802187	49
0.106112415250477	0.116155148037716	49
-0.08146522348217	0.22488204620087	49
0.047991586811244	0.192002900601999	791
-0.0866795500923629	0.231015106598707	1020
0.111853708958516	0.112088272718431	419
-0.092299201177554	0.228975950608636	236
-0.091164057657388	0.226293179690204	236
0.111602139321358	0.115032192174277	236
0.106639551297304	0.11488364968898	236
-0.07836847578401	0.227502697104956	20
0.109594773539516	0.113465995883652	64
0.114823742585628	0.11255724030873	24
0.116138640348068	0.11068858558371	24
0.11239000863255	0.112944560089795	161
0.112643758889374	0.113294442733233	161
0.112123061494307	0.114973131154919	258
0.06573866839471	0.383452059438575	145
0.113380503100858	0.623387560715409	145
0.049014379668269	0.574005958224267	145
-0.029025505997381	0.50884516903854	2176
-0.0255910684863651	0.349562611517003	2176
0.089018633049814	0.395884902717902	2176
-0.112705711020637	1.11979941924719	145
0.098693472536502	0.44754376498291	145
-0.034195584465333	0.359092921412333	141
0.097532219912732	0.249017201645339	141
-0.067945984054154	0.708993891596215	141
-0.072538641781044	0.442797935289956	141
0.100985805873853	0.443734849405464	141
-0.100413164843607	0.637305287232895	141
0.013854600681165	0.425333594002044	585
0.035200531657765	0.26573096963296	585
0.100426543072814	0.385084913779477	290
-0.115798002770897	0.670093176285488	2974
-0.00865527604058203	0.40236258259174	290
-0.101162156253819	0.49498623458226	290
0.036142511561434	0.325802394411252	23
-0.120977808909608	0.39157555100085	50
-0.041008837116443	0.454209262327907	23
0.112123061494307	0.114973131154919	157
-0.090915004612678	0.228165979293146	1466
0.093497178040787	0.292919806667421	1466
-0.087499856473756	0.227973061801536	49
-0.055546956351039	0.290760729688363	217
-0.053493870457711	0.291051261432328	49
-0.0866795500923629	0.231015106598707	49
0.112123061494307	0.114973131154919	49
0.113433367963492	0.111280618271974	49
-0.112246269603292	0.37593736300897	791
-0.114561320237615	0.400474502838977	791
-0.055323312166239	0.294607834503801	1020
0.11239000863255	0.112944560089795	236
0.110813826690365	0.113772710115371	20
0.11133387988801	0.113712652956432	64
0.111602139321358	0.115032192174277	161
0.124830571622668	0.599851931876169	55
-0.015378116729724	1.02889978113508	55
0.041225875723685	0.627407113063438	25
0.056244971756183	0.601376057908334	145
0.044688868017999	0.567669877071721	145
-0.061394698506468	0.744302949907438	145
-0.021106368980025	0.824839920660559	2176
0.104752828108736	0.465753061651814	145
-0.035164647374107	0.799373918069334	145
0.082739089553877	0.485952684622343	145
-0.00122817072348103	0.390524613155103	141
0.102441635225139	0.243273008201214	141
-0.00055578732918804	0.382892588825703	141
-0.00815236854698498	0.801877905297387	864
0.081784327252614	0.428336040436398	141
-0.066203696330919	0.71153607955219	141
0.076163850800847	0.433746619794806	141
-0.039470433148377	0.544318690718685	518
0.020106083835388	0.452917818631637	141
0.030706395343604	0.663228536567513	141
-0.051577182851222	0.725037189941087	585
-0.073459619239768	0.444260725945798	585
0.112123061494307	0.114973131154919	585
-0.115870054823949	0.694417306477483	585
0.012344217430836	0.45662500018325	585
0.069660401553916	0.41467205074296	290
0.093977386135411	0.284084618946689	2974
0.091093141309532	0.293093533934191	1367
-0.0856013603469989	0.581369049652522	290
0.039308694213372	0.321451487739928	23
0.024824115875248	0.453192758547804	290
0.112123061494307	0.114973131154919	882
0.093139930930729	0.249350942489022	23
0.032918283059979	0.264065078229674	23
-0.0539421347815	0.295728569671535	157
-0.079755773491192	0.224427191828899	217
-0.114692859213342	0.392826969513362	217
0.096152332809602	0.243508376227957	217
0.113433367963492	0.111280618271974	49
0.036410884853493	0.196466634769974	791
0.110813826690365	0.113772710115371	300
0.110813826690365	0.113772710115371	410
0.039113424792125	0.199650098479209	300
0.11561420249907	0.11228656899571	236
-0.081874867372603	0.229873084039577	236
0.111602139321358	0.115032192174277	20
0.029273947981927	0.274449189425089	20
-0.081874867372603	0.229873084039577	64
-0.080551888366701	0.225643184038845	64
0.11561420249907	0.11228656899571	20
0.111602139321358	0.115032192174277	20
0.115089536983158	0.112348134554799	24
0.106112415250477	0.116155148037716	24
-0.079985477202539	0.224463114819652	258
0.092853131331563	0.398230594930594	25
-0.00519584112208005	1.05568885902308	145
0.098630199321692	0.502551267121889	145
-0.015913757678102	0.488853847647455	145
0.042202809078082	0.529331665728857	145
0.104733318446986	0.436819679614561	145
0.075498834023164	0.502876163425152	145
-0.093894332711924	0.61720527727506	145
-0.099575551137535	0.749373184603694	145
-0.116683229005359	1.08655687356744	2176
-0.030176453235727	0.894049745039825	2176
-0.026104235867942	1.03480493943407	141
0.111709529456284	0.341724172817565	864
-0.0362896015408291	0.537930030618164	864
-0.084441250538259	0.579439792690466	141
-0.010074321632015	0.477706411054606	141
0.076884775424792	0.426754280912936	141
0.041839792628297	0.467190810298388	141
0.02383058377044	0.694129150048858	141
0.029438758242784	0.47180877512451	585
0.069607430118936	0.522887207156968	585
-0.039342991725152	0.54348893500247	290
0.095852323218317	0.32147535702067	585
0.04109478339955	0.360255721774162	585
-0.025582532240349	0.64061072874711	2974
0.075932142572617	0.42847011578581	2974
0.032762568104128	0.327328359136968	290
-0.037035758818956	0.364934925832323	290
0.03256475400772	0.263921633404824	290
-0.092856600767926	0.497217052519031	1466
0.034932884708568	0.329306311052963	1466
-0.081499498028677	0.229220728538513	217
-0.034549850724642	0.359482636393543	49
0.02312916241832	0.258507648664517	489
0.025044450146632	0.273009140359854	49
0.111602139321358	0.115032192174277	1807
0.108810355957882	0.113734591791858	410
-0.0568135558667921	0.296714678257217	236
-0.056058847094892	0.295416727778221	64
0.107423158596091	0.112849552995292	64
-0.0569969759575391	0.29182962747929	20
0.111602139321358	0.115032192174277	20
0.114823742585628	0.11255724030873	24
-0.081308217797875	0.229779893299134	161
0.112123061494307	0.114973131154919	161
0.112123061494307	0.114973131154919	258
0.05915916028364	2.18308524480297	145
0.095577350205563	0.73018780216919	55
-0.077448558127085	0.566230839603452	25
0.107451561247563	0.65637109190809	25
0.122165239617701	0.710677388426732	25
-0.0695132940490411	0.996263977346269	25
0.090332524613805	0.524467550807437	25
-0.090903267973936	0.703097278974825	25
0.013288799034497	0.868765358862184	25
-0.014874862845094	0.887875264206942	25
-0.06758499809464	0.867333808732611	145
0.068864146647332	0.874962305065147	2176
-0.033243392096985	0.849622337519741	145
0.101949796629714	0.49083267072575	145
-0.00903289037844601	0.647419942087238	141
-0.063891254116124	0.839208772606304	141
-0.102801128144605	0.840816045625365	141
0.0461457682208	0.548348608033206	141
0.005699192188729	0.597898288097373	141
-0.033293727055275	0.744453995856661	141
0.00117190497715503	0.508827309218816	141
0.023694886300759	0.512809279938857	518
0.067457919370263	0.448984864553339	141
-0.104161837709467	0.64281318765647	141
0.057522537256582	0.478399515139581	141
-0.016411190554137	0.779878823219478	141
-0.112525646758917	1.0332673696818	141
-0.03676591068653	0.897894590426239	141
0.033068885199965	0.330613538071784	585
0.124520999166947	0.177124469264755	585
-0.00446265431411796	0.582530050458702	585
0.075632394422118	0.464266734025517	585
0.029915732550273	0.474617849929561	2974
-0.066285592801333	0.511883124463048	290
0.104228734937344	0.318423479911656	290
0.038037442498338	0.325439313302128	290
-0.0194308076311061	0.485490757726143	23
-0.071525335928228	0.424270867118782	23
-0.110419677514435	0.391395742867832	217
0.031123055156689	0.266801471646176	217
0.088401344231252	0.249642443048945	217
0.043180646496689	0.197311888785559	217
0.112123061494307	0.114973131154919	49
0.096309654500542	0.250188429115093	49
0.04262280560762	0.197815059386246	300
0.097021382667809	0.24351710438021	419
-0.078626069644499	0.225308110829672	419
0.112911801013283	0.112883681223137	410
0.11239000863255	0.112944560089795	410
0.11239000863255	0.112944560089795	236
0.111080992199109	0.11353931257781	236
-0.078933382887377	0.226494530252324	64
0.11133387988801	0.113712652956432	64
0.112123061494307	0.114973131154919	24
0.115347306613337	0.110954114209396	24
0.028167229103888	0.962715815892272	55
-0.00227150265537301	1.25008137570941	55
0.006339298324472	1.31331227598664	55
-0.04804864024555	1.37129321345139	55
0.0522862568817	0.88382209046036	25
0.114843802968547	0.842475465568027	25
0.07506554630583	0.598790138089694	145
-0.009987844184985	0.540710925986978	145
0.010898500835147	0.536268850889002	145
0.11140811477012	0.525592778080135	145
-0.00863257641028103	0.773616283724234	145
0.035677326502062	0.569929298322007	2176
-0.072989050650379	0.9185783680308	145
0.10989287506807	0.401677019133696	145
0.051133987088021	0.680009287307992	145
-0.022193258717787	0.761409536223506	141
0.041243160723627	0.462276196341441	141
-0.042373638544888	0.827645673891045	141
0.03902969433053	0.933321859888511	864
0.069437641593907	0.446195664627729	141
0.112736366614884	0.369224968125981	141
-0.020911305311329	0.483135595491328	141
0.097281854421108	0.242598143517701	141
0.097150703165481	0.392434373329642	141
-0.03485301860612	0.642284697252766	141
-0.119792103919752	0.571550042157534	141
0.05690283953139	0.518264678972468	518
0.022225227952887	0.649719002102161	141
0.035662360080456	0.762175198973068	141
-0.119730588928705	0.951766245769368	585
-0.037517146928101	0.825186800178069	585
-0.06761202587477	0.812102690755267	585
0.00514427772329601	0.661181117664898	585
-0.113466574215789	0.558137092974271	585
0.05637373800888	0.391112796788155	585
-0.112966566967422	0.387609963018387	290
-0.027318856005049	0.346651336879333	290
-0.0625504025333	0.297691638591998	23
0.037760794493071	0.321298496946249	23
-0.123992271327824	0.563087833475852	290
0.051239476470275	0.357507562624138	290
-0.0520722166438859	0.693532036915402	696
0.097948261250933	0.292716959624674	50
-0.037360220123607	0.454563409417645	268
0.092268118652449	0.249322680240254	217
0.030636698144039	0.329194311916232	217
-0.104250180232953	0.50381344711653	217
-0.075853449772064	0.219972386669543	49
-0.033674643099268	0.356935541205329	419
0.110813826690365	0.113772710115371	300
0.108280085847995	0.112742150793283	410
-0.080551888366701	0.225643184038845	24
0.111602139321358	0.115032192174277	24
0.11239000863255	0.112944560089795	161
0.106895142792059	0.114065326676144	161
0.112911801013283	0.112883681223137	161
0.116857896236425	0.821362553119413	55
-0.10634353605199	1.39986748067998	55
0.021177084653743	0.945445816086349	25
0.052784819627426	0.893246735260092	25
0.029098893533351	0.447011734486427	25
0.025392129023992	0.508712034580033	25
-0.0204292912266359	0.694278345482509	25
-0.092106005775249	1.03078728208798	145
0.037835588084629	0.616496689945068	145
0.081949796195501	0.691865365963384	2176
0.053209326032614	0.566439531962467	2176
-0.041366108451907	0.949561967415917	2176
0.103956710339871	0.517985080635534	141
-0.060605536329342	0.90599334610568	141
0.093641980534563	0.328336898795664	141
0.09650603911903	0.330136114375968	141
-0.09348122246471	0.492988189420817	141
-0.015913757678102	0.488853847647455	518
0.099403761230561	0.56256576184555	141
-0.039753489455822	0.932713174015886	141
0.079196975218531	0.595160771483099	141
0.046677631847803	0.530490481878606	141
0.104969413864913	0.542469061420183	141
-0.09781592700376	0.712337877714573	585
0.066646807282568	0.448886077052177	585
0.095912313992204	0.44993505446046	585
-0.012336225227772	0.689752355388093	585
0.090396602738198	0.472109309556846	585
0.000565648331980972	0.62152494290841	585
-0.069938422585642	0.862647865789978	585
-0.015272760091993	0.481294384629291	585
0.070472051266703	0.477793758688667	2974
-0.097731803823408	0.48351108855918	290
0.092073194252997	0.297505150079315	1367
0.035592046884109	0.320493012122613	290
-0.062313490791494	0.296481963816883	23
0.021524808636201	0.450767509458307	290
0.01413349903788	0.420655125990387	290
0.081801045743506	0.291774433686603	696
-0.00589459270385995	0.510060300832125	50
0.066026468240083	0.378432334009019	23
0.098225788124055	0.288811153617264	268
-0.038436878581907	0.358758978133595	268
0.047199609445477	0.194941439715104	217
-0.049246193511319	0.294096986386234	217
-0.052099623156279	0.290817919061708	217
0.034358137818751	0.268024322190153	78
-0.010468971000273	0.393192663200732	78
0.04182982777769	0.19534589057136	918
-0.053363614080398	0.295147794011653	419
0.043415611281046	0.197922002730223	419
0.109063618653346	0.11247761804126	419
0.042097263430197	0.197596168935613	64
-0.050986334391348	0.293279708813577	64
0.049107650227914	0.191713099140484	64
-0.0886325758791971	0.228200779400233	64
0.117805917055184	0.109073531788906	24
0.109594773539516	0.113465995883652	24
0.112123061494307	0.114973131154919	24
0.044531112100656	0.196091216271099	24
0.111602139321358	0.115032192174277	161
0.106112415250477	0.116155148037716	161
0.041549854977133	1.58131238213668	145
0.00282886356196499	1.39291881784466	55
-0.077346370516898	1.27859895424511	55
-0.00516573468523596	0.637698143612525	25
0.045063510509292	0.584028019403303	25
0.00285619095131801	0.603091297525099	25
0.08311825114335	0.58522848708663	145
-0.032040666997909	0.81530823274515	145
0.00844416423014699	0.593289022913075	2176
0.080797576889988	0.510132735032537	2176
-0.054648815276704	0.934980904658644	2176
-0.094955339496038	1.3900266669245	2176
-0.061451109059465	0.952518059064043	2176
0.013482122237307	0.923808588393763	2176
-0.076099940936501	0.838365079421603	2176
0.08940508947259	0.557072323302822	141
0.088601016013531	0.613624028755811	141
0.022959875972414	0.455870360497132	141
0.069097688924671	0.416235430511135	141
-0.05648375715882	0.622913634766712	141
-0.033219052450136	0.35308434739927	141
0.016355835086359	0.414306041109202	518
-0.121309083977187	0.559874489485055	518
0.039574173940661	0.366768967577956	518
-0.092217999165998	0.890327323333209	141
-0.104205647812734	1.0521077579907	141
0.013950219573668	0.587633375283215	141
-0.117091820619957	0.899419111825628	585
-0.0998218870554311	0.738272735454338	585
-0.00434219431271099	0.526033949294222	585
0.01225537673864	0.739019410956084	585
0.06606557762331	0.442326452187794	2974
0.049670617488726	0.363560926464558	290
-0.0740707378426611	0.443934077315114	290
0.051125903079483	0.394393893694857	290
-0.103072822884284	0.370569513146891	290
0.108238747127316	0.429875918247374	290
0.025800105443384	0.274147843318908	135
0.107185564876038	0.234897556418732	268
0.099626557718912	0.244328606617178	268
0.091021890120922	0.295163578659892	268
-0.054220639789177	0.287991654221533	217
0.093669920967279	0.287615171634345	217
-0.066326274696165	0.525638114028054	217
-0.055546956351039	0.290760729688363	78
0.112643758889374	0.113294442733233	69
-0.087499856473756	0.227973061801536	419
0.106895142792059	0.114065326676144	22
0.115089536983158	0.112348134554799	64
-0.113109129427894	0.398024768391552	236
-0.045715931140548	0.285678775201577	64
-0.07836847578401	0.227502697104956	64
0.112123061494307	0.114973131154919	64
-0.049826007178829	0.294680286074608	64
0.038553785579531	0.19980113560382	24
0.043415611281046	0.197922002730223	147
0.10965053493959	1.19219184601964	145
0.082997915608073	0.74535609050468	145
0.010395596283183	1.05783782289979	145
0.110562877184266	0.621140454351812	145
-0.070347758431895	1.38918011551969	25
0.101617364182993	0.415897770231446	25
0.073407396884282	0.408724894677612	25
-0.107349735743254	0.510657313411527	25
0.065616352031354	0.416368249311572	2176
0.095986698601167	0.45052011832188	2176
-0.091968266210944	0.489095407395899	2176
0.052393033012761	0.35586453137619	2176
-0.04678444311125	1.14443788854853	2176
0.097418761663519	0.390199801843331	145
0.054376788699708	0.395737639291943	141
-0.016546347114666	0.650731996066609	141
0.074815261014705	0.508640457992047	141
-0.068958519726391	0.526095457421616	864
-0.000848640154873959	0.388719399073518	141
-0.101474831481478	0.5114584858068	141
-0.079402918209758	0.73519687960388	141
0.060656351068515	0.425186694858129	413
0.012338105791325	0.421025270325215	413
0.072005422328078	0.828807825227068	141
0.04713009820499	0.61545538554055	141
0.029408941804211	0.878728386651258	585
-0.054297153654839	0.293503908913597	585
0.094584567540051	0.286516726228818	585
-0.078838835105937	0.443194326272499	290
-0.071133218761438	0.433801920366698	290
0.025329199492847	0.329992109848241	290
0.124520999166947	0.177124469264755	290
-0.119522472239336	0.390571583624351	1367
0.035556712099252	0.266911387486394	290
-0.063371765537192	0.296827051882238	290
-0.02000583170867	0.490155755133067	290
0.094793664610701	0.480608765633485	696
0.032674738146156	0.268204430333384	50
0.102540950172607	0.241948000066975	268
0.105611105222276	0.370959013620991	268
-0.087499856473756	0.227973061801536	217
0.100821913634149	0.284378967093708	217
0.109594773539516	0.113465995883652	217
0.091332088552118	0.296628206161642	217
-0.095903556155669	0.494337231317438	217
0.11266384448533	0.363985926185791	217
0.097900083977684	0.326536925668648	49
0.00629599049667501	0.432299632852533	489
-0.103642476533535	0.50683988290712	49
0.112643758889374	0.113294442733233	300
0.112643758889374	0.113294442733233	64
0.095086100717243	0.248535876017959	64
-0.063608696962396	0.292059443202977	64
-0.091731524324519	0.228844090841653	64
0.099472639245403	0.244799612186342	64
-0.116991852317483	0.395309384154681	24
-0.122676769488524	0.397656911526142	24
0.112845118624909	0.109051906342762	161
0.112911801013283	0.112883681223137	258
0.048392803104945	0.995081475779804	55
0.102350415185458	0.799517121456733	25
0.056052611314975	0.919428979060912	25
0.081010375293847	0.72564347071703	25
0.037338963897954	0.631521391274277	25
-0.044736776177759	0.626981583660557	2176
-0.017668370399875	0.56127296757986	2176
-0.014881973815563	0.617703279194009	2176
0.010870623200912	0.457171516687939	2176
0.042546792547942	0.804346365960933	2176
0.041953739656528	0.698456893989864	2176
0.010983631073537	0.656505515397468	141
0.025974297221253	0.648139880717564	141
0.112449080372444	0.46029459451726	141
-0.095298954987782	0.495054485674084	864
0.014753382417019	0.41718207346934	864
-0.003555100756925	0.577920127537722	141
-0.039201315187121	0.614247660964854	141
0.09645473208577	0.318825413179958	141
-0.00306015571850604	0.394128252105366	141
0.105407957626153	0.461812607620934	141
-0.00108067528209999	0.506933694121317	141
0.041916430228358	0.471164895219219	141
-0.086220789597577	0.584532961120742	141
0.109215166472257	0.507667578123624	141
-0.098098205419721	0.717411801237804	141
0.00457671854327002	0.596194039502074	585
-0.046854581228188	0.692772425505968	585
0.116287595337651	0.422824401706089	585
0.019477107858013	0.614641998664753	585
0.079139833868427	0.572125380023063	585
0.01503257868038	0.425335495635126	585
-0.03266396370914	0.364927520684338	290
-0.102995097251821	0.508850768254951	1367
0.042064759041843	0.197598618138934	50
0.037993939423732	0.199032119088873	268
0.101217809931809	0.244420276928422	268
-0.0451260676999991	0.35561031141055	268
-0.053263869362584	0.298145742648967	268
0.099888958947426	0.245552935377351	268
0.101391860841042	0.356955165253227	217
0.092184004353197	0.24976644338185	217
0.023855558528812	0.405144169451463	217
0.0377623355468	0.199688159930782	300
-0.082031127561729	0.225649368388564	300
0.110813826690365	0.113772710115371	936
0.11239000863255	0.112944560089795	936
-0.0858598839870131	0.230314192318227	64
0.111602139321358	0.115032192174277	64
0.038225131971183	0.195337929159257	64
-0.082441725769981	0.228844674254801	64
-0.054520887758845	0.295473214741605	64
0.027705342507287	0.271545661516491	64
0.116138640348068	0.11068858558371	64
0.047757731573655	0.195150846424252	64
0.121935116296171	0.170344032683246	64
0.112911801013283	0.112883681223137	64
0.052422304317872	0.187835024995828	325
-0.081499498028677	0.229220728538513	161
0.114299951550314	0.112618511833295	161
0.04229928774822	0.196677205606599	161
0.114155311292552	2.19950354593681	145
0.096158640884722	1.50509142770172	145
0.120331182126049	0.739358140963199	25
0.065800497862517	0.553802876207858	25
0.064266420928588	0.596905799819975	2176
-0.0910536600455	0.85476537689542	2176
0.090558242565814	0.528640415963184	2176
-0.110515089321816	0.773303593534334	2176
-0.027709063601853	0.789007319716334	2176
-0.096850260927499	0.501328468387443	2176
0.107945294268573	0.628481853638356	141
-0.118326104207238	0.963519654440928	141
0.00664873929633197	0.498563042301225	141
-0.0339586061023061	0.649316863043931	864
-0.109320950089074	0.779074562821209	141
0.102796196588762	0.38710499876871	141
0.041619614340371	0.471290068495028	141
0.006710300135293	0.481411665038953	141
-0.035752194588337	0.609008929254321	413
0.101392198503628	0.533819778415496	141
0.000578784773819008	0.775625555246346	585
0.00257314226022198	0.505305159875935	585
0.098336159880977	0.406016185277844	290
0.092869355713452	0.294031804438534	290
-0.105723592592651	0.671951793390297	290
-0.122437748519541	0.396995248098822	1367
-0.104557465213872	0.506787190179593	290
0.033068885199965	0.330613538071784	290
0.00482335305224302	0.500100509617989	290
-0.120693200631246	0.563689490310855	290
0.087588487143949	0.30061576129191	696
0.088154470922523	0.246152229469975	50
0.114299951550314	0.112618511833295	268
0.03424259816929	0.197859954675779	217
-0.113569822785881	0.389240946097208	217
0.046407448578281	0.195486113699481	217
-0.036124549163675	0.357757767197432	217
-0.107349735743254	0.510657313411527	217
0.106895142792059	0.114065326676144	300
0.043415611281046	0.197922002730223	64
0.034803822823933	0.197160314385022	64
0.046731094929389	0.193181339283969	64
-0.083199536295848	0.22951558009204	64
-0.0869924056963211	0.230539916127221	24
0.112123061494307	0.114973131154919	258
0.113652173281345	0.718030287687749	55
-0.00995935813434101	1.09020397791515	25
-0.013891306023972	0.870019335554053	25
0.024008470532932	1.02744358118315	2176
0.120963438233564	0.665722477892865	2176
-0.033472413163175	0.761938962085091	145
-0.016198824510838	0.826507008719208	145
0.098578871840292	0.490181231965915	141
-0.030246879048051	0.645681621252914	141
0.082790340993667	0.542943696003882	141
0.036140431510532	0.712401944801369	141
0.052667945172402	0.683765738290662	141
-0.064326145862287	0.683328441967367	141
-0.03288963498857	0.7229766174947	141
-0.0699780466783641	0.816100403965262	413
0.04617701252914	0.691143131140046	141
0.114033853683251	0.495858141876776	141
-0.04709986172278	0.457006216483738	585
-0.116799876175588	0.68956265836064	585
-0.121457119993236	0.555869124368857	585
-0.094405550609486	0.49793418253945	585
0.010346457227765	0.526568384560514	585
-0.038561643478104	0.763889793017742	585
0.060437772252018	0.376813280354685	585
-0.054077990278017	0.657375672353855	198
0.072276115494782	0.44405883231614	198
0.030677559836573	0.446367109172295	290
-0.0220324309301611	0.481587144883168	290
0.099510533041547	0.351995787848694	290
0.112911801013283	0.112883681223137	290
-0.09874372569543	0.508592648403241	50
0.04265695270042	0.197444510551641	881
0.04265695270042	0.197444510551641	50
-0.018247140669141	0.488174562524047	50
-0.015175302872809	0.401019503116543	268
0.032762568104128	0.327328359136968	268
0.111602139321358	0.115032192174277	268
0.121232651759381	0.175456115929538	217
-0.083391844186964	0.227459881106157	49
0.106639551297304	0.11488364968898	49
-0.087812170675417	0.231240314047897	69
0.11239000863255	0.112944560089795	419
0.043180646496689	0.197311888785559	300
-0.081118508158911	0.225738968647028	300
0.038321962764617	0.199537160848968	64
0.112911801013283	0.112883681223137	64
0.109340394058329	0.112518694557235	64
-0.086426040214859	0.23111507384329	611
0.044766108565605	0.196127072599956	64
0.110813826690365	0.113772710115371	64
0.114299951550314	0.112618511833295	64
0.106112415250477	0.116155148037716	161
0.108810355957882	0.113734591791858	258
0.105838593152745	0.588092541124832	25
0.106126509104536	0.841122450640172	25
0.10943404714947	0.604190082637332	2176
0.044811089969723	0.663304730482716	2176
0.08663219589653	0.671274333567972	2176
-0.006622109031586	0.580474191949489	2176
-0.093800490128246	1.06355037892615	2176
0.081204837552728	0.750492524018081	2176
-0.010760287856037	0.802452451870201	145
0.038305082877481	0.502725889112175	141
0.030647445545212	0.33029262920422	141
0.101380602105066	0.286446834815749	141
-0.100916879922862	0.971143535870066	141
-0.046225410814959	0.549512934575579	141
-0.119395594784293	0.383640298824336	141
0.123871608659973	0.41348841438072	141
-0.019669804145218	0.664389071920976	141
0.100813349369771	0.358209991959494	413
0.0198465448936	0.565380287137626	141
0.033974532851161	0.656420091018442	141
-0.0276181691481821	0.348891394731772	585
0.00220011720658903	0.382567958789778	585
-0.0285245944442311	0.740594183158215	585
-0.00524453803671199	0.514375125268362	585
-0.086515168582012	0.575297122136209	585
-0.017477097101257	0.693609725706438	585
0.107156264107449	0.407690308878196	290
0.00190392251273303	0.379880463999085	290
0.00823007051629099	0.431636952335127	50
0.091462347515155	0.298101409299525	268
-0.067685636129349	0.428826266415297	268
-0.087499856473756	0.227973061801536	268
0.106112415250477	0.116155148037716	268
0.084860076766919	0.29756906320511	2406
0.033872534052013	0.267095349604319	217
-0.031388021387457	0.352455780621582	217
0.096830894297214	0.246760801790486	49
-0.0801467301489181	0.442958230727735	49
-0.066577783610532	0.523704970328279	78
-0.081874867372603	0.229873084039577	69
0.036970707031407	0.197196609261005	300
0.111602139321358	0.115032192174277	64
-0.077239286016319	0.226197788327762	64
0.047991586811244	0.192002900601999	611
0.108280085847995	0.112742150793283	161
0.089475862495082	0.831039073488513	55
0.107262369159644	0.909420056021567	55
-0.108966494266163	1.08666041648656	145
0.079660640414248	0.713755920657909	2176
0.087109078321851	0.397338959167612	2176
-0.00932779469233402	0.695380760984098	145
0.095183921645558	0.451964180332598	141
-0.027153861193261	0.764721988986503	141
0.041433454070962	0.365264426306733	141
0.034275871854391	0.323829507571161	141
-0.040222321093592	0.596857752755441	141
0.059065638148682	0.510349795658867	864
0.037654333298933	0.535257990106402	864
0.060660205969642	0.54312914807787	141
-0.030025555677018	0.669698661552453	141
0.05372090176513	0.51826236895296	141
-0.06614265853077	0.704833662276472	141
0.093850127082476	0.598192205825869	585
0.06037683882676	0.423800940451969	585
-0.0706428002427511	0.801008089594241	585
-0.110727241633593	0.510076440947569	585
0.107332176117478	0.480063310720632	585
-0.038262653853296	0.590076630311609	198
-0.00944712940515002	0.539437679587625	290
-0.038384918010748	0.540943420076555	290
-0.064032274258551	0.677661502946955	290
0.056819254788607	0.425818750351432	290
-0.055099873182519	0.294334035186567	290
-0.0478627292571679	0.290831489467213	290
0.025555870673698	0.607726964375448	881
0.000660730922795005	0.389616135550805	671
0.039271374402483	0.319737730968696	671
-0.0712164847499091	0.425139675042136	268
0.038648932501433	0.193311209807961	268
-0.092299201177554	0.228975950608636	49
-0.082441725769981	0.228844674254801	327
-0.088066111496496	0.228752102721505	49
0.106639551297304	0.11488364968898	49
-0.087812170675417	0.231240314047897	300
0.039904706615939	0.198350876514301	300
0.112123061494307	0.114973131154919	300
0.041271793486379	0.195143571077156	64
-0.081499498028677	0.229220728538513	64
-0.086113553611644	0.22793864773109	64
0.11561420249907	0.11228656899571	611
-0.083958762287729	0.226470686444405	64
-0.083199536295848	0.22951558009204	64
0.103288120608247	0.112625300009573	161
0.112643758889374	0.113294442733233	258
0.092848451422632	1.32530979715451	145
-0.013287573121605	2.33482652374738	55
-0.00665828953748304	1.19599605676103	55
-0.020900973917223	0.483585367924967	145
-0.03622152513282	0.534234988500483	145
-0.005052108987882	0.809263976735993	2176
0.114932747617435	0.493043273908415	145
0.050668946755889	0.452941017796674	141
0.050253588842766	0.397596276071987	141
-0.000807448332171945	0.734498256760581	141
-0.031632225133433	0.598114434430497	141
0.095082962699939	0.620971191636735	141
0.063933814425202	0.536987906894741	141
-0.054329982440366	0.593166419835437	141
-0.0761186697902731	0.907192082180057	585
0.058955540247381	0.774326361495345	585
0.060580022574094	0.475687695388284	585
0.106839177345767	0.346129800349966	290
-0.023269326468214	0.813352235333033	290
-0.050049251506595	0.293848540566918	50
0.014293486228124	0.513486713087151	671
-0.112363555218218	0.384870449958698	217
0.0430918949429	0.195405745839658	217
0.108810355957882	0.113734591791858	217
0.025891027463759	0.272179925896571	49
-0.067524265735019	0.526899198181371	49
0.052709920152113	0.351655048025934	49
0.09576744628803	0.290626120462012	49
-0.07811163404385	0.223462446706424	69
0.0430918949429	0.195405745839658	300
-0.112470466930435	0.390492418747808	300
0.04265695270042	0.197444510551641	936
0.093139930930729	0.249350942489022	155
0.040464151037934	0.197285393192558	64
0.084141403089017	0.300280128987561	64
-0.050735538708967	0.286800592621678	64
0.042857552425884	0.197703856707579	155
0.050190020761058	0.188428203438766	325
0.049107650227914	0.191713099140484	325
0.11561420249907	0.11228656899571	325
-0.082632648054503	0.230550960741628	161
-0.07836847578401	0.227502697104956	161
0.110813826690365	0.113772710115371	161
0.110813826690365	0.113772710115371	371
0.054865755254505	1.76108215099721	55
0.066773910363686	1.46457372816093	55
-0.105416743312617	0.669843373083402	145
-0.035942375768239	0.746293050517662	2176
0.080424521882624	0.425406190871343	2176
-0.100546139444239	0.833076926771522	2176
0.015812419015978	0.805051637026537	2176
0.108391894461556	0.456815805250422	141
0.023165345671857	0.622542961314379	141
-0.037608728539439	0.680476431841899	864
0.079935375094008	0.575898245246321	141
-0.058770181804798	0.600396319646768	413
0.093665745630933	0.327296425695379	413
-0.00330561301663801	0.848454251408396	141
0.121082643943662	0.424921250311557	141
0.053059427561082	0.598805059698572	585
0.023832985744504	0.43965918844989	198
0.073271864093545	0.6082043058037	198
-0.036679971688271	0.641268377337254	198
0.02399948990015	0.449697358935069	198
0.092318162268627	0.334334995706997	290
0.10284109181277	0.317148582768231	290
0.100214248220775	0.473593095531782	290
0.028691557292925	0.270348069393495	290
0.091114928734377	0.24778263569092	290
-0.056345965364471	0.743259528562634	290
-0.00359035235591199	0.466665276490717	881
0.090157009084238	0.364176396941817	881
-0.072833627428163	0.21805266530638	671
-0.054429060707059	0.299495656062825	671
0.096049124757183	0.249047447685956	217
0.050514893438895	0.188260543114486	217
0.049111183368833	0.395884287425633	49
0.018633457298531	0.421712349066104	49
0.111867990649127	0.111527541388821	49
0.11239000863255	0.112944560089795	155
0.089920363087834	0.237627572011085	64
0.039140874551194	0.256970375077549	64
0.038553785579531	0.19980113560382	64
0.0377623355468	0.199688159930782	64
0.043180646496689	0.197311888785559	64
-0.050264413558935	0.290326040732589	64
0.02351301895077	0.268128535740639	64
-0.083199536295848	0.22951558009204	64
0.110813826690365	0.113772710115371	64
0.086205986417555	1.55049461909897	55
0.110591359722738	0.820788741020935	25
0.018419637996171	0.617788046397554	25
0.068690157140801	0.535774073274279	145
-0.085624827502629	0.879968389987985	145
-0.076531573491891	0.528704426634399	145
0.123079154218955	0.630677076533243	2176
0.118034247576065	0.499530402339491	2176
-0.121909458606568	1.00676726408026	141
0.102648558254239	0.439291800628307	141
0.006590581517745	0.796943773216505	141
0.093129032805571	0.690329361978073	141
-0.018752094334006	0.690639610349134	141
0.03550056896586	0.478149034175222	864
-0.036598733285155	0.464975214356672	141
0.060494895659556	0.448659517722873	141
-0.098755105931815	0.624632004096185	141
0.036159390915122	0.329623705849816	141
0.011742124279753	0.531850857903202	141
0.104599482903261	0.318457815879202	413
-0.082632648054503	0.230550960741628	585
-0.058337628719592	0.67708275116747	198
0.034067425121369	0.526875093637868	290
-0.11597819560245	0.563363535471146	290
-0.033799883090789	0.362929373626912	290
0.049397466895758	0.39547106591688	290
-0.093774256368164	0.497631862002921	290
-0.07515499992508	0.445035156487695	290
-0.073422674440049	0.562793243026657	671
0.034000593987067	0.264016821359177	268
0.023026318699409	0.272726290486643	268
-0.059362417109905	0.299537690963719	217
0.04696555829762	0.195697318723232	217
-0.082065968681697	0.230458165802187	217
-0.086933810661484	0.225009301613626	397
0.114299951550314	0.112618511833295	397
0.033452496557965	0.197759970274315	397
-0.083391844186964	0.227459881106157	49
-0.058199623123976	0.298204316658552	49
0.111602139321358	0.115032192174277	300
0.11239000863255	0.112944560089795	936
0.042888041441389	0.197051038353189	155
0.114823742585628	0.11255724030873	64
-0.0858598839870131	0.230314192318227	609
0.111602139321358	0.115032192174277	325
0.111602139321358	0.115032192174277	325
0.111080992199109	0.11353931257781	161
0.115089536983158	0.112348134554799	161
0.115347306613337	0.110954114209396	161
-0.081499498028677	0.229220728538513	258
0.055152219794933	1.94124569718925	55
0.071741128319061	0.606372681040769	25
0.111370459752885	0.532056726867683	145
0.08732520659113	0.635581014416781	145
-0.06129010866791	0.519292594907075	2176
0.053695677014942	0.72471929043338	145
0.032372040706927	0.538414323679635	2176
0.073290550123257	0.533069472129823	141
-0.056682042382321	0.513826230499514	141
-0.122665401452043	0.698698271118026	141
0.078931150461211	0.523259979083588	141
0.115989543203742	0.170939621368855	864
0.054941715756173	0.591817882349015	864
0.071945230329989	0.503668041478884	864
-0.107728458826082	0.796336906856507	141
-0.0812228740830861	0.720242334041873	141
-0.0772828972145701	0.6382970187364	141
-0.033698810225211	0.359923039299324	141
0.097918154054673	0.362768441695992	585
-0.036525689396681	0.53864911320651	198
-0.05864577341668	0.670362836286449	290
-0.123320436924354	0.717475030465709	290
-0.094429453972289	0.69671153597301	290
-0.117017399199833	0.699221083584633	290
-0.032869739821341	0.35459217170984	290
-0.015043859250117	0.483795135116673	290
0.087076552038223	0.333903628827022	881
-0.038512802726096	0.540036921293041	881
-0.043635125036947	0.471772640580117	881
0.033663371494648	0.325641257706528	217
0.093489629509853	0.248171766842585	217
-0.057794302990502	0.296051139657442	217
0.030037019715663	0.268302279210081	217
-0.0844206977688931	0.438049532845182	49
0.093366085738894	0.288753261949116	49
0.092631000200814	0.332591700852823	49
-0.033829884896598	0.351652599670955	49
0.04532376850952	0.194818658145184	776
0.034803822823933	0.197160314385022	69
0.112123061494307	0.114973131154919	155
0.113433367963492	0.111280618271974	64
-0.0807417768971001	0.228548754592648	697
0.11133387988801	0.113712652956432	371
0.111080992199109	0.11353931257781	371
0.124924346418835	1.5977155491501	55
0.119772645140787	0.90800756531251	55
0.020925049635131	1.37704694923319	55
0.081737836126387	0.827245555329489	145
0.014516173877438	1.14570749279994	25
0.120598229472855	0.664291367310212	25
0.074375535725484	0.603771896077898	25
0.083309352158612	0.850534024509872	25
-0.124040811400521	1.23559154234565	145
0.098560309360222	0.4735061774428	145
0.077693758382669	0.71635142543923	145
0.058072351795822	0.547911274692908	2176
0.055830020195324	0.597675019025785	141
-0.047638779245578	0.923300948581264	141
0.043415611281046	0.197922002730223	141
-0.061084020010581	0.521584697821904	141
-0.105633857456064	0.372041359233461	864
0.074922906930832	0.43632468828146	141
-0.00249458736969399	0.696006170414098	141
0.102121410083225	0.349300648124936	141
-0.039179648245896	0.36231999071068	141
0.094468862497415	0.394651063969044	141
-0.072228297306029	0.439202521832285	585
-0.078326871925999	0.663695102023194	290
-0.042604454816548	0.470240318054019	290
0.072137128134062	0.470367908759216	290
-0.042477835771055	0.462796685106363	49
-0.0581109721465371	0.516993020943411	290
0.024956177777261	0.273042876154211	290
0.00735514041607399	0.500346777980542	290
-0.054429060707059	0.299495656062825	290
0.041023388805652	0.194520211756488	671
0.03514704457636	0.265908706661697	671
0.112123061494307	0.114973131154919	671
0.114823742585628	0.11255724030873	671
0.048315648015441	0.194652911614615	217
0.120427771893988	0.176032124298812	217
-0.082441725769981	0.228844674254801	776
-0.056125172908899	0.290528805048504	776
-0.054520887758845	0.295473214741605	69
-0.081308217797875	0.229779893299134	69
0.039904706615939	0.198350876514301	69
-0.083391844186964	0.227459881106157	155
0.11133387988801	0.113712652956432	155
0.111602139321358	0.115032192174277	64
0.111602139321358	0.115032192174277	161
0.017167329224399	1.52723649288844	145
0.055114437367585	0.871691122772327	145
0.087227647820836	0.731269163986328	25
0.083148899430153	0.684238703051414	25
-0.066583573938059	0.951702787759265	145
0.022549987682221	0.754028200371017	145
0.077819314250595	0.524890223845616	145
0.053465565989621	0.385698189141578	864
0.060789307559178	0.388070987607025	864
0.046309731561582	0.366432856166186	864
0.073348762417006	0.443402425586465	141
-0.093169035476633	0.496948290090279	141
-0.117378592451547	0.567799629396961	141
-0.119386246112077	0.567201659119321	585
0.071317673715999	0.443742019988576	290
-0.021433572380972	0.5651489465001	290
-0.0572049334124291	0.63848060521856	290
0.072489757480236	0.509735840814667	290
-0.00796098413456203	0.641311112378935	290
0.122336609411432	0.445882577063255	290
-0.01443376245182	0.604721424885377	290
0.120281460473581	0.39146355312554	290
0.069372595703087	0.413540457142983	290
0.018836836841397	0.516890988937087	49
0.043273237857468	0.313175920696641	122
0.038796669338289	0.192002018351161	122
-0.069772816402469	0.424393656389927	290
0.034957546576314	0.267818868716928	290
-0.086113553611644	0.22793864773109	671
-0.054429060707059	0.299495656062825	671
0.033273757565552	0.267999122459075	217
0.039672857206365	0.198570892006803	397
-0.078061529945624	0.224126743967893	397
-0.082065968681697	0.230458165802187	49
0.045849133029881	0.194480173939665	2129
0.124415021901308	0.174395200966497	69
0.039113424792125	0.199650098479209	936
0.11133387988801	0.113712652956432	64
-0.087245755730482	0.231819826248083	64
0.112123061494307	0.114973131154919	161
0.106895142792059	0.114065326676144	161
0.110293549194893	0.112333536245241	258
0.110813826690365	0.113772710115371	371
-0.010677971843247	1.03852725173308	25
0.015570737736868	0.861580116899277	25
0.049577315255486	0.670609922517951	145
-0.011294702199638	0.787738535836859	145
-0.074035493327742	1.07822200432751	145
0.026975147816472	0.757860732474843	145
-0.079451605168953	0.521547953802595	2176
-0.087443760924466	0.576657427990675	2176
-0.026234190736748	0.566598665275663	145
0.090599745241198	0.531571670103609	145
-0.0588875518063861	1.04671465178276	2176
-0.022798407395914	0.781754082968752	145
0.016241327281917	0.708743740560011	145
-0.068793732313913	0.698812427305697	141
0.022324987865327	0.514300301296639	141
-0.090750225899368	0.707863956641341	141
-0.031482864441595	0.781518586696514	266
0.116360590179056	0.477539338623544	864
0.110039065925839	0.495617607188985	141
-0.03936571640022	0.793063627656451	141
0.122374244201956	0.527186596031957	141
0.033705305887883	0.537513788913068	141
0.098695131546947	0.473391583184556	141
0.053833385644928	0.515862234807577	141
0.02601149888211	0.271692219537568	141
0.044600902487965	0.49787913798776	290
-0.0700756655504951	0.643447388813726	290
-0.096403596142817	0.59519923123933	49
0.066547148616906	0.41642411384796	290
0.016104808985605	0.451035775404634	290
-0.085905597343365	0.683045308908227	122
0.00180086313375599	0.429267764914156	122
-0.0280136988331811	0.334587576345843	122
0.11133387988801	0.113712652956432	122
0.026227764064118	0.403497514213439	290
0.043634358457728	0.306325373496919	529
0.042857552425884	0.197703856707579	671
0.032454558156613	0.33219813019566	217
0.050531254150308	0.183078853147982	397
0.038881383185385	0.198462405769007	397
0.040232082967595	0.195766541205282	397
-0.112641871396499	0.390426852462916	49
0.036522086425377	0.324481709281289	69
-0.054192553359216	0.296806516289122	69
0.038881383185385	0.198462405769007	936
-0.081499498028677	0.229220728538513	69
0.038785197228203	0.197747169799168	64
-0.082065968681697	0.230458165802187	155
0.109063618653346	0.11247761804126	155
0.108810355957882	0.113734591791858	64
0.11133387988801	0.113712652956432	64
0.111602139321358	0.115032192174277	325
0.11133387988801	0.113712652956432	161
-0.011164221819564	0.862983404713337	25
-0.018357745738349	0.935371949329434	145
-0.050172513763211	1.07005758293199	25
0.00463947749525501	0.822285162271778	25
0.016179343662868	0.620886127486407	145
0.08311985381369	0.54331572293685	145
0.101070286257047	0.574087826794425	145
-0.087386639946089	0.809451401451048	145
-0.065027274483543	0.427114972758852	266
-0.014257285811018	0.398446058649929	141
0.077155860700854	0.49264574039074	266
0.065096216290436	0.594265029414954	864
0.028451113270535	0.577148029372583	141
0.107056326658993	0.489584602868388	141
-0.040015877319608	0.466550070476681	141
-0.067813985922339	0.521976827355775	141
-0.028538444816794	0.353758343121639	141
-0.049916263522133	0.289747915538452	141
0.098666474483345	0.248146138046765	141
0.109374723909015	0.37655253119492	290
0.079656086563304	0.523121114355832	290
0.015483290804191	0.528766718625218	290
-0.089731741098996	0.708057421156923	290
0.095437460376355	0.424123201271378	290
0.022923854344178	0.50614733203168	290
-0.092091695836503	0.609983488195046	290
0.012032601548755	0.421527545311337	49
0.00759605384642897	0.425579221056025	290
-0.0315266242147571	0.358787161277032	290
0.10062472000019	0.320742965263528	122
-0.09180540042484	0.700386886935904	122
-0.049826007178829	0.294680286074608	290
0.094826272266254	0.248849543685735	529
-0.11891942856219	0.397278300460482	529
-0.10330882547872	0.370859522474874	671
0.11133387988801	0.113712652956432	671
-0.057445612838624	0.289293076462893	397
0.104067318522614	0.112367205626376	397
0.094547585649699	0.249687471354233	49
-0.083199536295848	0.22951558009204	69
0.030635040238888	0.267406005281043	69
0.110813826690365	0.113772710115371	155
-0.082065968681697	0.230458165802187	155
0.111602139321358	0.115032192174277	155
0.110813826690365	0.113772710115371	64
0.112123061494307	0.114973131154919	609
0.109340394058329	0.112518694557235	325
0.04262280560762	0.197815059386246	161
0.11133387988801	0.113712652956432	258
-0.089719507694525	1.21220175915257	55
0.07404364959901	0.603119732435899	145
-0.0286351752965051	0.658875815376836	145
-0.00426336354157797	0.382971247193696	145
0.050115040407006	0.696575317728844	145
0.00173157089244103	0.682006484863624	145
0.078824682155494	0.490965645510704	145
-0.00265243884264799	0.676140435405366	145
-0.0519023351783901	0.288065356717934	266
0.098515670091704	0.324258643645803	266
-0.00277126601887401	0.734275257288204	413
0.042478637052652	0.589491686389879	141
0.10954626054885	0.430624833626628	141
-0.094595522729975	0.561762567385058	141
0.093199227718969	0.391575015854765	141
0.107775412719388	0.373998835156724	198
0.000373378895355991	0.537383858912956	198
-0.00523835890978197	0.524680380573091	290
-0.057884485749095	0.669730905732569	290
-0.00980718690113203	0.669163544714665	290
0.099804424804679	0.408235781438634	290
0.032978030489544	0.439525986857792	49
0.063082636813761	0.418765629883428	290
0.041537367211238	0.196843147214707	290
0.094012260718387	0.248448701145394	529
-0.110952808301983	0.388375772976456	671
-0.086426040214859	0.23111507384329	217
0.04182982777769	0.19534589057136	630
0.02628622499724	0.271177044625292	397
-0.083391844186964	0.227459881106157	397
-0.0886325758791971	0.228200779400233	397
-0.07836847578401	0.227502697104956	300
0.09558238105629	0.243957487015771	69
-0.086426040214859	0.23111507384329	69
-0.051208574008129	0.294175601332515	69
0.105585049477079	0.115107263657516	69
-0.081118508158911	0.225738968647028	69
0.106112415250477	0.116155148037716	1057
0.114299951550314	0.112618511833295	161
0.111080992199109	0.11353931257781	258
0.123596692164555	0.767352189493112	145
0.005485369524798	1.00915353663202	145
0.093146542181575	0.516209406829447	25
-0.096025311681611	0.919854320165191	25
-0.083438069375073	0.943683363358144	25
0.077367884661969	0.481140493136481	145
-0.015875919182338	0.765062615203092	25
0.064447141202895	0.591987527214662	145
0.014050218370505	0.635346564509299	145
-0.023623230183335	0.635382700052692	25
-0.053480145329986	0.83207939659145	145
0.033419432345584	0.816878550311177	145
0.067347095383207	0.723869725647688	145
-0.122600340198086	0.94037480700576	141
0.124319390688547	0.41265192500868	141
-0.113255130139568	0.653237950959265	266
-0.124748995604105	0.772321385016121	266
-0.067430728558633	0.858307373579317	266
0.112976587159098	0.449771468932536	266
0.093224207763234	0.425162656251481	864
0.018134940260581	0.518092742633866	141
-0.0585930784062571	0.674490016083971	413
0.102473394819086	0.497043695648381	141
0.049847893118383	0.493885974786329	141
0.068197890473007	0.557062976519022	141
-0.120149228721492	0.79157096083815	141
0.086718789013871	0.412694714925719	141
0.023932116594548	0.584450074299829	141
0.041128810343095	0.494976630376788	146
-0.00149382105937901	0.702872605176149	198
0.022644832803418	0.535771975728073	290
-0.097462949536459	0.709166774303617	290
0.075149255073998	0.35444464715867	49
0.058146142513563	0.379790073500071	122
-0.089931681037604	0.590501257025134	290
0.028402883616906	0.327451219029964	290
-0.034726692641549	0.645105032846992	529
-0.033044127764379	0.344543429179168	52
0.093669920967279	0.287615171634345	52
-0.095344793406335	0.504242839059707	630
-0.114930478824926	0.398512814098925	630
-0.039267331487657	0.359254081704075	630
0.028936133136926	0.269037272865229	397
-0.00367837867743803	0.390955142166366	397
0.08936551795403	0.246628602148933	397
0.041512339527217	0.315761705522791	397
0.093672181329474	0.250036666510932	69
0.028691557292925	0.270348069393495	69
-0.09241759736199	0.222108252949887	69
-0.079190817443659	0.225403106439413	1057
-0.0539421347815	0.295728569671535	64
0.03755127006159	0.193100707029474	64
0.113433367963492	0.111280618271974	64
0.112643758889374	0.113294442733233	64
-0.083766633554906	0.226437544952762	161
-0.078626069644499	0.225308110829672	258
-0.072473370953277	0.928331063933946	145
0.072942469266362	0.726234063363467	25
0.085490403294447	0.56955628659306	145
0.097708352817088	0.383317211201695	141
-0.063854173572651	0.680594880102452	141
0.0783684747648	0.45613557842986	141
0.010646867968958	0.454831667086929	266
-0.0615719386772841	0.514780257309444	266
-0.11992102276738	0.868962099739984	266
-0.108240963180592	0.795267544762228	141
0.113096697667289	0.449938107358619	141
0.068643273602513	0.586513368168836	141
0.055277535171634	0.518830992467598	141
0.021034694376605	0.559187634056558	141
-0.109424617440527	0.769094881680684	146
0.049820273630945	0.485902181691849	290
0.040868802007997	0.516820997321251	290
0.012393672391518	0.513617326956281	290
-0.107723332258401	0.62567543607874	49
0.061784526606178	0.423227275532903	49
0.09217752142127	0.244767553747098	290
0.094528441331494	0.328218282569308	290
-0.067767511270366	0.428513969265376	122
-0.104258825677164	0.506468025166058	122
-0.053846346805332	0.299328929470538	290
-0.10553033333776	0.503254234007974	290
0.105885503284877	0.349138424094559	290
-0.121906536533247	0.560548403841304	290
-0.122447189021869	0.682812261657822	290
0.024621884539639	0.432890668158101	290
0.037663396874109	0.322485590998621	217
0.048196240052121	0.352537473267778	217
-0.107889552146348	0.37948514597022	630
0.092379759074854	0.29850028185526	397
0.043973464457907	0.197417117370018	397
-0.053609315333333	0.297637628319894	397
0.098054861734905	0.248387516117651	69
-0.048087265199052	0.290032725080418	69
0.124289796320264	0.176902496321386	69
0.040326650594603	0.142696563462135	1057
0.044295711821309	0.193043122641893	1057
-0.082065968681697	0.230458165802187	155
-0.081499498028677	0.229220728538513	155
-0.087095202663754	0.223051462585228	64
0.105585049477079	0.115107263657516	64
-0.0807417768971001	0.228548754592648	325
0.112845118624909	0.109051906342762	161
-0.082283654715912	0.227931457197007	161
0.112123061494307	0.114973131154919	258
-0.0133653025477321	0.805848149240183	25
0.015019196426461	0.62456007962118	145
0.068266944270517	0.579662692910957	25
0.058868971437942	0.683668947618367	25
-0.01146391492468	0.702566748602054	25
-0.063171777218682	0.593990184408403	141
-0.0129601407840459	0.47491934583068	266
-0.057243200552881	0.511974349475652	266
-0.070093925124288	0.423320931247155	266
-0.00652780865514802	0.388769989138223	266
0.065457750074228	0.383841011058128	266
0.098160002448317	0.420155826313039	266
0.036406225411216	0.609553689039328	864
0.096784788066323	0.504038172937541	141
-0.097749272220463	0.819867396012831	141
0.101374452042822	0.467893685788511	141
-0.106983966081484	0.880057648976098	141
-0.00914964000423202	0.512167820525571	141
0.023739664008594	0.396385511937079	141
-0.00211035657191705	0.630530837300973	146
0.039345055394317	0.198502149827281	146
0.083657886958777	0.420575711243585	198
0.119452245777199	0.374450368878658	290
0.070872703613637	0.475408375786872	290
-0.078073623437016	0.653731419042197	290
0.032248580960971	0.319316969611661	290
0.08292416098535	0.29949723851091	122
-0.100302739075645	0.62322216854708	290
0.102091161638357	0.242242360499587	529
0.034737362596078	0.255490260256112	52
-0.120609141995663	0.395592836689065	217
0.043650171926482	0.196414488891955	49
-0.062203645571712	0.294119819393055	397
-0.087499856473756	0.227973061801536	397
0.036990007982716	0.193775442605334	397
0.034957546576314	0.267818868716928	397
-0.07811163404385	0.223462446706424	69
0.121002398938153	0.175838352108009	1057
0.110813826690365	0.113772710115371	64
-0.083415771078558	0.22815883731346	1577
0.114564643625589	0.110937634837806	258
0.11133387988801	0.113712652956432	258
-0.077537210043371	0.933150729866103	25
0.105116088307201	0.600757304432565	25
0.121577275406723	0.530312817573196	145
0.111797820289044	0.522916712476299	145
-0.0606601783287301	0.409170236473218	266
0.097028899736996	0.293861747054609	266
-0.122952458334985	0.810075680777014	141
-0.043060809850726	0.587329144104053	141
0.114767801719363	0.471044437301423	141
0.105230686275877	0.434646090584929	141
-0.075175456396827	0.56786646097604	146
-0.124691132110944	0.578371926404498	141
0.12183136402417	0.474310173313175	290
-0.088992318376684	0.68983453553724	290
0.044503467069457	0.502843594371112	122
-0.00773680877818095	0.398790208075009	122
-0.088158972621332	0.223855503692086	122
0.035592046884109	0.320493012122613	122
-0.033015244662287	0.361403774777301	290
0.094041126822619	0.288239393212467	50
-0.00488545257796202	0.397372498624543	529
-0.010793624392489	0.403043250747836	529
-0.040408037843417	0.363767812726554	52
-0.054520887758845	0.295473214741605	630
-0.050406054081796	0.294423790908254	397
0.111853708958516	0.112088272718431	397
0.115347306613337	0.110954114209396	397
-0.041768916447986	0.358313886148371	397
0.036970707031407	0.197196609261005	397
0.095496297581169	0.246397750543141	397
-0.083199536295848	0.22951558009204	49
0.026887925412969	0.272213465057962	49
-0.081874867372603	0.229873084039577	69
0.029106868417884	0.266575972969101	69
0.039904706615939	0.198350876514301	69
0.110293549194893	0.112333536245241	1057
-0.087343069345711	0.225851894624021	64
0.110293549194893	0.112333536245241	64
0.106895142792059	0.114065326676144	64
0.116138640348068	0.11068858558371	64
-0.082065968681697	0.230458165802187	161
-0.022146033600819	0.922060476296746	25
0.019667336542064	0.804865460140586	25
-0.05460152873914	0.961596321348185	25
0.037236591675968	0.679386622967644	25
0.1163259222788	0.651326174423519	25
-0.08220804537821	0.963178500177369	25
0.109468723749597	0.534505464154897	25
0.024159105907914	0.709566398775538	25
-0.010612743614157	0.894922671019693	25
-0.095071522991303	1.01316951944637	25
0.122265573476964	0.550453643296372	145
-0.110054801247047	0.385733211292935	266
-0.092222756853781	0.489958499548924	266
0.028379210656192	0.661177159377433	141
0.060316217144304	0.417424090123502	141
0.094013238708087	0.361835450385582	141
0.071935007780772	0.573352384506921	141
-0.0411245188045311	0.647907679458639	413
0.031921675529154	0.537155676967873	141
0.022603094002216	0.554182401289666	141
0.095383899147399	0.327449859587457	141
0.116626728544698	0.448064122101923	141
-0.0506425113817141	0.460487989425284	146
0.0377795923076	0.19572822622111	198
-0.119468907662548	0.684367413773855	146
0.092358760796383	0.331906685225537	146
-0.052596020854468	0.570786602552957	198
-0.00453523903471298	0.61809589950055	290
0.042064759041843	0.197598618138934	122
-0.09205046835542	0.22608560511561	290
0.09489056509825	0.286016900227444	529
-0.081692342775319	0.222923155973193	529
0.027245523093298	0.273263973672652	52
-0.082441725769981	0.228844674254801	630
-0.034927868850316	0.363606106520959	49
0.03457471456598	0.194615480412081	397
-0.0547448274637941	0.294858265108523	69
0.11561420249907	0.11228656899571	151
0.03755127006159	0.193100707029474	64
0.114823742585628	0.11255724030873	161
0.114299951550314	0.112618511833295	1232
0.104126565785043	1.50885151115324	25
-0.00987725016162699	1.2123087191068	25
0.00474268839187503	0.910222021142444	25
0.00803495964928203	0.732429999330584	145
0.087181462565524	0.481155791864216	25
0.042324407234769	0.783996390147119	145
0.093237621557508	0.662900010766768	25
-0.119469746813485	1.02935862626534	25
0.047779011399887	0.660031534573317	25
-0.0130749245145	0.634890407967073	25
0.052060936849722	0.663394008883201	25
-0.109698984697065	0.753516649384033	266
0.03822007960699	0.425648823607448	266
-0.064015626484316	0.915779876009775	266
-0.117462993168594	0.818355252712784	864
-0.030312553393152	0.524014178864493	864
-0.102413507367216	0.511219195365579	141
0.063365397069555	0.677372350719342	141
0.028579313266466	0.481033955814009	141
0.00536023761467902	0.600150782034103	141
0.089468609817972	0.474423918831694	141
-0.086182637087783	0.76704055274783	141
0.00923867340127299	0.722208061200777	146
0.086843569239479	0.481753232419004	146
0.082548128480837	0.517631674857439	146
0.0273619441909	0.619115518145103	146
0.093640288685587	0.328160915382035	290
0.072783797491345	0.434568002905081	491
0.099538704253468	0.27681827890526	703
-0.00551917823023296	0.38597592799537	703
0.043834540175302	0.456742790100767	290
0.102199678202328	0.397852812388825	290
0.012118051902506	0.425950617351545	290
0.106807133089972	0.312697412371945	290
0.095014914557297	0.329068235223046	290
-0.066466620351745	0.427543107485422	52
0.043273237857468	0.313175920696641	52
0.089513294550332	0.299195440050659	52
-0.0866795500923629	0.231015106598707	397
0.112123061494307	0.114973131154919	69
0.112911801013283	0.112883681223137	69
-0.0807417768971001	0.228548754592648	69
0.114299951550314	0.112618511833295	69
0.111853708958516	0.112088272718431	56
0.043216435166805	0.19638023438628	579
0.041506506655175	0.196577430722051	64
0.112911801013283	0.112883681223137	64
0.106639551297304	0.11488364968898	161
-0.086426040214859	0.23111507384329	258
0.112123061494307	0.114973131154919	258
0.088522718314198	0.955800301916395	25
0.061668687491383	0.390386772031793	25
0.023679520220672	0.6660685248845	25
0.095579639107323	0.773005985530945	25
0.00401989924209301	1.14411207091286	25
-0.024006772885832	0.637413568378369	25
-0.11259790636585	0.91269510104764	25
0.00405361668332699	0.424834659690057	25
0.055503239814876	0.671869513870323	266
0.055074068975027	0.576891903124529	266
0.0000431425117780049	0.695272462625529	266
0.062503462578743	0.381265206333853	266
0.094216004920708	0.296178702769376	141
0.00937743401941099	0.495957648373801	413
-0.011852656782542	0.47113398962926	413
-0.0454435150902051	0.988560390619363	146
-0.00201519062025002	0.892873064987123	146
0.092268118652449	0.249322680240254	146
0.115831801402908	0.473017505089031	146
0.112480283990915	0.734531385065369	146
0.114924864779848	0.682389694855074	491
0.0377623355468	0.199688159930782	290
0.020599447978148	0.750748763781996	290
0.105121178100301	0.343775365157835	290
-0.083958762287729	0.226470686444405	529
-0.082632648054503	0.230550960741628	630
-0.0809332359463391	0.225848918900511	630
-0.061853217479919	0.506760708007726	397
-0.082825135000569	0.227365013828746	69
0.105329228347668	0.114890015465784	69
0.112123061494307	0.114973131154919	69
-0.0745721516176791	0.429811241892055	56
0.029273947981927	0.274449189425089	64
0.119258954562693	0.164169836050149	64
-0.0364207047076151	0.365802554258717	64
0.098324381323065	0.243854259937997	64
-0.032402001099835	0.362645995887582	161
0.043738281853249	0.195991543635569	161
0.106112415250477	0.116155148037716	161
-0.033829884896598	0.351652599670955	258
0.056247408306303	0.539320396067984	25
-0.108329195625489	1.26057977313065	25
0.094357177249377	0.506211566878033	25
0.09877771526042	0.472542118805407	25
0.019133050079033	0.615830904473015	25
-0.10237776041254	1.16590659639162	25
-0.121643414607615	0.85273393947801	25
0.095203306780994	0.622269548105043	25
0.087548213044937	0.631778941736948	145
-0.066517808857571	0.810014516470298	25
0.024905171514592	0.80543089504486	25
0.031856660382548	0.551971913930857	266
-0.080548703844309	0.765770290320489	266
-0.053258208192834	0.663461708130538	266
0.1159900853517	0.415028166692536	864
0.02435530459542	0.27285182311867	141
0.00411161119027897	0.602755936725834	141
-0.0153632229658059	0.477700885106157	141
-0.019104842070553	0.490367884949477	141
-0.039979076748923	0.532724034465942	141
-0.00213235500987996	0.506324585724984	146
-0.112869704663225	0.554553196333145	146
-0.089524294796301	0.890191464730675	146
0.01936777707008	0.614801506410094	146
-0.084482283255176	0.841200712814865	491
0.01612392546587	0.425320837551715	491
-0.104928820188434	0.976441327559837	290
0.12085091190965	0.338309981089816	290
-0.00176522312364902	0.388528290438888	290
-0.114412868882882	0.389475412879497	290
0.034803822823933	0.197160314385022	529
-0.116223550883303	0.38852453369386	630
0.032375770982726	0.262143760433536	397
-0.058558201966913	0.300448356876538	397
0.039672857206365	0.198570892006803	397
0.11133387988801	0.113712652956432	397
0.098412759860046	0.237528094154014	40
-0.056735714176708	0.290053438851407	69
-0.078626069644499	0.225308110829672	69
-0.078626069644499	0.225308110829672	69
0.044208243085981	0.196626825000587	69
0.030712602518127	0.193069536825029	74
0.114299951550314	0.112618511833295	579
0.096218539244218	0.244627097044748	64
0.111602139321358	0.115032192174277	64
-0.09009914022536	0.22419280428619	64
0.111080992199109	0.11353931257781	64
0.110813826690365	0.113772710115371	64
-0.081308217797875	0.229779893299134	64
-0.080551888366701	0.225643184038845	64
0.112123061494307	0.114973131154919	64
0.047199609445477	0.194941439715104	161
-0.049021797864149	1.41038755994035	25
-0.0676632587827291	1.12735958803086	25
0.117246716626362	0.481409133493387	25
-0.01897636612038	0.850336440102092	25
0.102243811991918	0.388257750703349	145
-0.09925048167758	0.630637311093308	25
0.120591040003845	0.514319553603854	25
-0.058984699207738	0.844613807273445	25
0.087004568068359	0.298041650150855	266
-0.05252066935933	0.905390378122875	266
-0.084007285685485	0.691410762316769	266
0.066530323748754	0.556036584755534	266
-0.010276852107279	0.607790901210753	266
0.12199332226051	0.521009040084402	266
0.015933190865766	0.700828634989722	864
0.062566593575141	0.494027265907271	141
-0.00882085704033497	0.47312695192519	141
-0.115541754886644	0.809997756182117	141
-0.0650399637728371	0.681609526782454	141
0.105796460429253	0.40960716063353	141
0.006661881469331	0.491225970418639	413
0.038355153123395	0.658364015040729	141
-0.045370232162794	0.546250028525012	141
-0.016255177345375	0.802465410534109	146
0.06673332269265	0.407434421149394	146
-0.041789215597517	0.547622279263621	146
-0.091731524324519	0.228844090841653	198
0.104802741745863	0.113880586116634	146
0.00357380073107599	0.520872994686514	146
0.044378540683658	0.501740402021302	491
0.056114867202709	0.392828946313342	491
0.100151151009562	0.441075262319981	491
-0.12111419581976	0.572626296530207	49
0.098538472329313	0.320868650694275	49
-0.112612320228174	0.687478217616047	703
0.105338315823479	0.352806404872869	290
-0.111063110090646	0.684782393603817	290
-0.102740530705128	0.504707795146838	290
-0.0839829767616001	0.442341132885852	290
0.043180646496689	0.197311888785559	290
-0.097472032819997	0.506249076275021	529
0.03580013505482	0.26552471507547	52
0.096616915776453	0.329844693961797	397
-0.080551888366701	0.225643184038845	397
0.092174772015692	0.335162574750953	397
-0.082065968681697	0.230458165802187	397
-0.053717899617387	0.294636146973436	397
0.042857552425884	0.197703856707579	69
0.043415611281046	0.197922002730223	69
-0.079985477202539	0.224463114819652	69
0.044208243085981	0.196626825000587	74
0.106112415250477	0.116155148037716	56
0.124520999166947	0.177124469264755	56
0.105585049477079	0.115107263657516	64
0.112911801013283	0.112883681223137	361
0.112911801013283	0.112883681223137	64
0.105329228347668	0.114890015465784	64
0.109340394058329	0.112518694557235	161
0.064982085384868	0.724475238019338	25
-0.101475992255454	1.06408896058926	25
0.00564286206025999	0.77199267018525	145
-0.043267507234836	0.997398117256279	25
0.033229741861896	0.436919248458062	145
-0.0497196645069869	0.731516694455852	25
-0.014215751769075	0.404940222330426	266
0.050353769106577	0.490198744488613	266
-0.059140219954945	0.299607001659299	266
-0.010325680758523	0.476976841985457	266
-0.117422899106785	0.787922570465525	266
0.021066441113215	0.553084040369734	141
0.09208315534494	0.427204932197707	141
0.037994707568015	0.47501456081512	141
0.097313338781767	0.50751777626319	141
0.082537137972234	0.516328889649162	198
-0.052443549676509	0.296300438675966	146
0.005673212296117	0.588872007840458	146
-0.034390233292962	0.60799615672201	198
0.122623088853928	0.392239142764216	198
0.063278337998847	0.413070570636181	703
0.02818855116116	0.270293117633729	290
-0.0280153706369	0.354445374675527	529
-0.037873682779778	0.361452450061906	630
0.104020885318127	0.238319762526129	49
0.112911801013283	0.112883681223137	397
0.11239000863255	0.112944560089795	397
0.038362561904501	0.326138965584097	397
0.111602139321358	0.115032192174277	69
-0.052681628204364	0.295743623590072	64
0.106639551297304	0.11488364968898	64
-0.057618577523656	0.295838152260533	64
0.038785197228203	0.197747169799168	161
0.11561420249907	0.11228656899571	161
0.106112415250477	0.116155148037716	161
0.111111132710526	0.773062376212622	25
0.073447509430867	0.632427435456169	25
0.081144932388347	0.733389672005106	25
-0.013100469140505	0.904486382001182	25
0.111345853339059	0.531746131718235	25
0.103446791690706	0.555439198142328	25
0.080933888844957	0.571400609400613	25
0.106946878868421	0.314265515753363	266
-0.100261326465148	0.484403315523234	266
0.048021162240585	0.578647152095695	266
-0.044227953813393	0.711480487110508	141
-0.00261700941174503	0.6350978271939	141
-0.0573948700953	0.299104696030174	198
-0.041279795172591	0.615050639834212	491
0.051537638766914	0.360566463620044	703
0.037223878310788	0.436198929429893	703
0.051982755578589	0.387489704195495	703
0.121232651759381	0.175456115929538	290
0.035200531657765	0.26573096963296	49
-0.051756000536432	0.291827686465226	630
0.045012470990353	0.357987744868015	630
-0.117100791260237	0.396784795366006	49
-0.0869924056963211	0.230539916127221	69
0.04696555829762	0.195697318723232	69
0.116138640348068	0.11068858558371	56
0.043650171926482	0.196414488891955	69
0.105329228347668	0.114890015465784	56
0.106895142792059	0.114065326676144	74
0.04532376850952	0.194818658145184	361
0.106112415250477	0.116155148037716	920
0.112123061494307	0.114973131154919	64
0.11239000863255	0.112944560089795	161
-0.065471443107892	0.789562853382379	25
-0.066203696330919	0.71153607955219	25
0.099380856840047	0.35872871974431	25
0.052897164843707	0.552593466426447	25
0.090593092052857	0.583691344702763	25
-0.00828434504919795	0.682770784898913	25
0.033722814989716	0.6567491223638	25
0.043634418352285	0.462208076026931	266
-0.113933928520507	0.387567625081772	1686
0.019109556169397	0.459289003562189	266
0.107111009337751	0.344145765933205	141
-0.00643425649663598	0.388448440533439	141
-0.0423563327638929	0.548813259380568	141
0.00282402946270899	0.654889634840908	141
0.093697247510607	0.475672696697889	198
0.0318399881614	0.332874086209433	146
-0.033476352925697	0.460205011239884	491
-0.106530268175684	0.642191768317917	491
-0.03848425299459	0.453490380272007	49
-0.00244103881241597	0.395975352859824	703
0.055884360960945	0.347932464004465	703
-0.015608033807757	0.486455960748354	703
0.090887113529144	0.332073815010897	290
-0.120977808909608	0.39157555100085	290
0.092273757241307	0.297277642611419	529
-0.054845553467631	0.273633276222449	290
0.108810355957882	0.113734591791858	290
0.092894280823247	0.331502522980671	529
0.043650171926482	0.196414488891955	49
0.111602139321358	0.115032192174277	49
0.105855485888929	0.113658744219182	49
0.11239000863255	0.112944560089795	49
-0.053263869362584	0.298145742648967	397
0.11239000863255	0.112944560089795	40
-0.055902029106235	0.293483004134311	69
0.038881383185385	0.198462405769007	69
0.033119524500441	0.195388198841305	69
-0.092299201177554	0.228975950608636	69
0.036970707031407	0.197196609261005	679
0.111853708958516	0.112088272718431	69
0.109594773539516	0.113465995883652	1332
-0.086426040214859	0.23111507384329	74
0.111602139321358	0.115032192174277	64
-0.081874867372603	0.229873084039577	961
0.090642572507924	0.877799953949376	25
-0.115965285204906	0.931613493256018	25
-0.040105692503057	0.758149674124073	25
-0.05396436293802	0.760152582075579	25
0.102725077859775	0.461965689042393	25
-0.101402427862428	0.640888306411649	25
0.066612762045089	0.661314638054075	25
0.124618400951952	0.49347819533623	25
0.024447496314894	0.664463536616165	25
-0.048858573681032	0.941785227442421	25
0.093201680260061	0.472847341503016	25
-0.094866314255492	0.708729144322729	25
-0.00681342214815195	0.582091200904395	266
-0.00129315517287298	0.560395958998818	141
0.09650603911903	0.330136114375968	141
-0.00113258961496299	0.56942555882404	141
-0.00101918581488802	0.561077939334898	141
0.032155577038219	0.48078353831393	141
-0.072985594136552	0.639693627071876	141
0.11858391436724	0.396387650852464	146
0.088401344231252	0.249642443048945	198
0.031285978561586	0.535340109960232	146
0.092001713229381	0.36576281360609	1587
0.03214985658213	0.328339677259627	1587
0.051869138695373	0.356706268246454	1587
-0.116678471793738	0.558781209580913	1587
-0.099018490115217	0.47807500774862	491
-0.09724631088841	0.634918086063636	703
0.068141590494686	0.376607415129924	703
-0.038528902632736	0.451863101932394	290
0.090178206998239	0.295713282227701	529
0.029633602926103	0.273331708585605	49
0.091831251035735	0.249574647267123	49
-0.056589552106167	0.298261079652957	49
0.043973464457907	0.197417117370018	397
0.009408706409126	0.431709459900383	397
-0.083102739519798	0.225844845103275	40
0.047991586811244	0.192002900601999	69
-0.081874867372603	0.229873084039577	40
-0.081692342775319	0.222923155973193	679
0.110813826690365	0.113772710115371	74
0.108810355957882	0.113734591791858	74
0.044442615825451	0.192999342734614	74
-0.088066111496496	0.228752102721505	64
0.109063618653346	0.11247761804126	64
0.105329228347668	0.114890015465784	64
0.112123061494307	0.114973131154919	64
0.112911801013283	0.112883681223137	210
-0.083958762287729	0.226470686444405	161
0.040340609067695	1.74322478581767	25
0.108545583973713	1.70842417623319	25
-0.114612626102896	2.21564194277851	25
-0.069966465856519	0.633904572483063	25
-0.112694414584816	0.551878927033729	25
0.123768704631584	0.362556998618596	25
-0.082568596549301	0.569347106168317	25
0.059882440223052	0.422817009928058	25
0.105262078205232	0.779864125259764	25
-0.067483847767655	0.52536397243215	25
0.038588412816585	0.475957550006494	25
-0.037261029156854	0.362668745557022	25
-0.112173434518317	0.653662900354767	25
0.076501148865564	0.397771961493773	25
0.10233499342837	0.381678826838962	25
0.124040557561743	0.653241418841873	1686
0.059970684851146	0.840097666119226	266
-0.087243131681818	0.97569111888327	266
0.005299065621584	0.977855489667057	266
0.094580749442463	0.293057364175694	141
0.046898754609641	0.358307835185086	141
-0.031388021387457	0.352455780621582	141
-0.120269482788023	0.945728608001221	141
-0.111520379500868	0.648288088106049	141
-0.065637934423966	0.428774853842285	141
0.018558426501662	0.650190924179454	141
-0.059351489324439	1.10999818554926	141
0.029206667334492	0.472826432132101	141
-0.120614832314746	0.569115200724327	141
0.070653396503634	0.753442142013604	146
0.074048254353103	0.880752888791954	198
-0.045727209157588	0.461326807894282	1587
-0.0548730325271301	0.805828513791079	703
0.038612704621682	0.877288880092733	703
0.00560321825503601	0.661448911724473	290
-0.122198870805744	0.393219994755618	50
0.043604883372638	0.656645163434621	529
-0.045149763880724	0.463921870736406	49
0.038866355100401	0.500645382192707	49
-0.050598583489688	0.28787114363553	49
0.013273335309877	0.416694455313429	49
0.029195379103223	0.267262256797703	49
0.079277097290782	0.460800132443734	49
-0.0616392150608071	0.520036680234986	49
0.043571216018807	0.355567982313609	397
-0.031701468295896	0.360132751462305	74
-0.056948077505661	0.297055354566089	64
0.032230960911591	0.328599197246613	64
0.03424259816929	0.197859954675779	161
-0.117100791260237	0.396784795366006	258
0.111602139321358	0.115032192174277	258
0.11561420249907	0.11228656899571	258
0.000516071305467991	2.3350767025687	25
0.095636964598908	1.48710778378851	25
0.124691944452707	1.0195417068451	25
0.08654292457651	0.592566342781264	25
-0.052969586056654	0.934033026356884	25
0.117847154893059	0.456186672171505	25
-0.016917554669777	0.837575798401859	25
-0.027429370635914	0.631130410856261	25
0.068470816551983	0.443698624288	25
-0.084405004265801	0.730539113840179	25
0.092210152121008	0.470223076227694	25
0.036428708917511	0.476213442238649	25
0.089499170248981	0.513169259403801	25
-0.113198428812677	1.03163992472192	25
0.086216441997155	0.525980091119381	145
-0.026185718894811	0.708731747791457	25
0.05884178405386	0.967367294655592	25
-0.01420347094175	0.616681390743984	25
-0.074277747094892	0.722419240301635	25
0.081169654347911	0.516790620812235	25
-0.105583648692228	0.968197821597915	266
0.028773046317286	0.432904359286203	141
0.071785688608642	0.465530773121764	141
-0.085905597343365	0.683045308908227	141
-0.07776926658771	0.652259859513649	141
-0.058982464086853	0.591130129022955	141
-0.104645999559449	0.764955059162022	141
-0.104344008271112	0.784793633946857	141
-0.039224174689903	0.442882288703063	141
-0.017594249477945	0.478157289695107	141
-0.092933113097591	0.917862850946486	141
0.123965058180315	0.515757146728457	141
0.026205828010201	0.723097816071178	141
-0.083621371154167	0.775277835880913	141
-0.017264655216784	0.745096031408719	146
0.112646354093022	0.472991672654856	146
0.08568483815185	0.537275351125385	49
-0.0821270856188711	0.771535825740156	49
-0.0132698744448591	0.476548278702059	703
0.033425250300448	0.574649503818271	703
0.061505377816168	0.424517032348304	703
0.055218985266436	0.375600890527103	703
-0.00183267689734801	0.394904553698123	529
-0.030980551759389	0.356286007690086	529
0.096726347650103	0.293263647241563	529
-0.017427062980363	0.557938067479381	529
-0.00890945458697001	0.470368155033556	529
-0.119526134104468	0.395089677717945	529
0.043885109927062	0.313251257805328	49
0.051491665973007	0.359761180698774	49
-0.066466620351745	0.427543107485422	49
0.033457285358418	0.32890142493138	49
0.093206682799727	0.334419314847484	1321
-0.08156636443188	0.442381443515992	1321
-0.0983813514266501	0.500581133056492	49
-0.036124549163675	0.357757767197432	28
-0.081308217797875	0.229779893299134	397
0.044208243085981	0.196626825000587	40
0.046173203286956	0.193669757189827	679
-0.080551888366701	0.225643184038845	56
0.11133387988801	0.113712652956432	69
0.029875965454189	0.274655154287874	56
-0.083199536295848	0.22951558009204	2925
0.111602139321358	0.115032192174277	64
-0.082632648054503	0.230550960741628	64
0.111602139321358	0.115032192174277	161
0.043180646496689	0.197311888785559	453
0.053632556824826	1.12812799919056	25
-0.105355692120959	1.3943606457292	25
-0.047265901937869	0.907552940536021	25
0.104853949897292	0.566949327538302	25
0.115541719013506	0.633730168313868	25
0.086716685018851	0.565723411916468	25
0.065241170130753	0.743036711778892	25
-0.102313560012866	0.638263919063938	145
0.096047879429774	0.655604302991326	25
-0.100939595598037	1.01803028767167	25
0.052952269133695	0.678819276431235	25
-0.045759760592327	0.278779763268753	266
0.099716742695968	0.239243180901884	266
0.011185811615564	0.426244359296427	864
-0.071751570757368	0.715386809125715	141
0.10506970052889	0.45897379274943	141
0.087282093691221	0.293399212446317	141
0.0450022877274	0.605108943426241	141
-0.076897382522289	0.82991479807211	141
-0.000121486829460005	0.726437099087728	146
-0.00727113685343606	0.683358476477166	146
0.027536919710125	0.329770036622962	146
0.050004263157599	0.492299891277505	146
0.021575722382796	0.273202737767768	146
-0.045425687288837	0.778286610642519	146
0.015965364825386	0.607123607745327	146
-0.107544237533335	0.786442704091913	1587
0.011051882843777	0.525681442258334	1587
-0.052832274009208	0.699246718931202	1587
-0.079237587498195	0.655752563303761	49
0.024919242724269	0.55267963741246	49
-0.024358223251244	0.481409721935875	703
-0.094957507320849	0.735267593959684	703
-0.086746388005448	0.693212399475221	703
0.104453802901224	0.352346274264168	703
-0.079857414880854	0.542867035556988	703
0.097238398613863	0.328212176885233	703
-0.08560696829641	0.226950352918593	290
-0.119466493015378	0.56471844928956	529
0.106314783449892	0.236968118551103	49
-0.073359666125582	0.433130736398362	49
-0.06114374710933	0.296132590163375	28
0.111602139321358	0.115032192174277	397
0.112123061494307	0.114973131154919	397
-0.033392077596591	0.349608624747801	215
-0.053363614080398	0.295147794011653	215
0.100956902498587	0.245042214831723	1170
-0.081499498028677	0.229220728538513	40
0.045615105961212	0.193470324607115	56
0.111602139321358	0.115032192174277	69
0.02943875680719	0.268507152760996	56
-0.062076852572556	0.292436719083999	56
-0.082632648054503	0.230550960741628	435
0.112123061494307	0.114973131154919	161
0.112643758889374	0.113294442733233	258
-0.086173284288692	0.22640914189201	258
0.033119387778174	1.58282407828889	25
0.108757002554847	2.08678541400602	25
0.039302365200589	0.894395790179211	25
0.00898439613844998	0.832078779958799	25
0.103759836922088	0.605889765244596	145
0.071693018640225	0.369898877161519	86
-0.06960554314782	0.43305740143554	86
0.098779627930142	0.622924019396106	266
0.047757731573655	0.195150846424252	266
0.091291074104742	0.560068485583549	141
0.105181918565155	0.46705293128258	141
0.030452460792085	0.611720072178104	141
0.105346214694945	0.538677568147503	141
0.106423474139389	0.437385060711878	413
0.056493669955374	0.626810590601561	141
-0.112128788341238	1.02101068739101	146
0.074448281055128	0.470008390335671	1587
-0.046667289299657	0.536443632105717	703
-0.0942023860880919	0.825271501896411	703
0.120519192699297	0.341368429268875	703
0.00614695452040998	0.524799553003008	703
0.066083677716976	0.418077796746289	703
0.088492083836811	0.474530039932698	290
0.095714879071934	0.349665295614902	703
0.11239000863255	0.112944560089795	529
-0.01796457233946	0.484213892399591	529
-0.03943469553683	0.452781468462946	49
-0.059201563418091	0.296536204813524	49
-0.0934620145296961	0.496905025405693	49
-0.036910540456618	0.361986755397067	1321
-0.0350250579186731	0.363333502797334	1321
0.115089536983158	0.112348134554799	49
-0.071393871127322	0.439135110707794	28
0.114299951550314	0.112618511833295	2923
0.044177100714814	0.362133643701377	215
0.112123061494307	0.114973131154919	74
0.112911801013283	0.112883681223137	74
0.117805917055184	0.109073531788906	161
0.112123061494307	0.114973131154919	258
-0.00806989807263303	1.46780376138794	25
0.088179552673306	2.34547217238112	25
-0.070030642164758	0.960149299719455	25
0.031118304334523	0.676804575122898	25
0.028321250203755	0.84797996683519	25
-0.098382745159161	0.590802027573302	25
0.048858764898952	0.73496518462146	25
-0.060955936008653	0.848031728263875	86
0.056993637653564	0.67957165279288	86
-0.117225659274375	0.953735362190742	266
0.12137279820462	0.455102823985643	141
0.08480176837965	0.542244954520586	141
0.075925196865348	0.401104924177921	413
0.104019925266429	0.409420226320076	413
0.0561799320795	0.575202966551169	141
0.01395060784273	0.618993063913478	141
-0.089391023695771	0.556322885714013	146
-0.095947679773477	0.842767571960338	146
-0.051714510079791	0.276263156748221	146
-0.068795247057313	0.829824360213349	1587
0.096184230190893	0.450197999958909	1587
0.098928318303708	0.288636210711068	49
0.064506223277832	0.527456250403932	49
-0.036189578567508	0.535878367096452	703
0.120124633351327	0.452216452049317	703
-0.098169711507912	0.632681236078371	703
-0.0443378623344129	0.556372674418994	703
-0.066497077400162	0.717255834362948	529
0.07679759398541	0.437093980436022	529
0.027705342507287	0.271545661516491	529
-0.042963718407249	0.538442577903967	529
0.038089730710283	0.196005218565888	529
0.11133387988801	0.113712652956432	397
0.111080992199109	0.11353931257781	397
0.096738532693741	0.320253000208617	1170
0.042857552425884	0.197703856707579	40
0.041306297200658	0.195548229015567	56
0.123035348698285	0.172773463040549	69
0.036410884853493	0.196466634769974	74
-0.082441725769981	0.228844674254801	74
0.106895142792059	0.114065326676144	74
0.123994889753682	0.169889998184012	56
-0.081308217797875	0.229779893299134	2925
0.11133387988801	0.113712652956432	2925
0.114299951550314	0.112618511833295	64
-0.114085065024759	0.39501430724664	64
0.113433367963492	0.111280618271974	64
0.106895142792059	0.114065326676144	161
0.112123061494307	0.114973131154919	161
0.12112222608439	0.526045826188046	25
-0.084567050070539	1.07061568229491	25
-0.013752525130558	0.72059508572641	25
0.083345265072864	0.551405314449732	25
0.098806120597499	0.537519098090033	145
-0.0418369388541791	0.681400244135462	25
0.094108466618621	0.593524637036537	25
-0.062182645923754	0.781727290662127	25
0.03547135422522	0.737559017456454	25
0.098365940794978	0.550823348357711	86
-0.115591628292025	0.559970042464768	86
0.094196064036273	0.24875017456871	86
0.079766931387371	0.471438314057592	266
0.091095555614937	0.293724606988667	266
-0.118266732149058	0.806193136377058	864
0.018061177968822	0.644517946748458	141
-0.0852345131936511	0.77570241372944	864
-0.119342512681193	0.721097119930152	141
-0.012542550399298	0.513414504148593	413
0.034886046363937	0.479729404651532	413
0.077703980017483	0.452281686987826	413
0.040929933603621	0.525069035954385	141
0.101553179598643	0.496276677434903	146
-0.066863336561761	0.689217656561386	146
0.10998925931535	0.447836878974648	146
0.048455514803957	0.3614682202369	146
-0.073794591501592	0.707230856556447	1587
-0.010895948443318	0.477720653584452	703
-0.109168074418456	0.545006521476306	703
0.105627919000873	0.342336503032376	703
0.05092134468196	0.355632300875204	703
-0.053739841297592	0.585280192912692	290
0.069880652537634	0.374155897046492	703
-0.0525600893377311	0.294309953805885	290
-0.038528902632736	0.451863101932394	529
-0.101783310421573	0.510584202374227	529
-0.068783380581819	0.437482425015669	529
0.029875965454189	0.274655154287874	1321
-0.111628367384709	0.391729089608725	28
-0.081717909987459	0.224923109624601	28
-0.082065968681697	0.230458165802187	28
0.112123061494307	0.114973131154919	392
0.042857552425884	0.197703856707579	1422
-0.049602977608323	0.292618855872072	40
0.112911801013283	0.112883681223137	110
-0.0858598839870131	0.230314192318227	56
-0.074526974853172	0.218361422542647	56
0.11239000863255	0.112944560089795	56
0.112643758889374	0.113294442733233	64
0.101367665604058	0.112957040771048	64
0.112911801013283	0.112883681223137	64
-0.018198199540587	0.685518781751242	25
-0.122612383514652	1.01697564181032	25
0.000565303419778007	0.789420230509906	25
0.075257239461199	0.439214821772965	25
0.075694887352361	0.568552702400537	25
-0.112667256593487	0.799195326551233	266
-0.00848553660062001	0.585579229937326	266
0.05308940884724	0.357629037668624	266
-0.0980907525799271	0.833433571139101	141
0.03987959084917	0.625868573515769	864
0.033929757933906	0.478173330316274	141
0.084251087460121	0.495209040948265	141
-0.098697431517435	0.732718150414289	141
-0.02551327693937	0.564186697133322	146
-0.115380166871366	0.682485907056553	146
-0.0740848637573021	0.748011109280095	146
-0.0831970722619561	0.810724896546549	146
0.121466592123341	0.50049631650471	146
0.11995642044398	0.39927015938701	198
0.104722175897018	0.402193270761999	49
-0.121276596144495	0.7319112179597	49
0.010898500835147	0.536268850889002	49
-0.012242374459898	0.589843516697811	49
0.011478250224508	0.491419915671666	703
-0.103348690483953	0.515392293618101	703
0.031001203339712	0.483281117844508	290
-0.099954459524647	0.51105292041446	290
0.098868097288031	0.290450403235062	529
0.01765334949223	0.419529581554	529
0.019319072536006	0.410592715054887	529
0.111867990649127	0.111527541388821	529
-0.0632843969297751	0.2767063348766	529
-0.098433981115109	0.507769473291274	529
0.03893959911095	0.32357634043983	529
-0.115858587291762	0.38829414746968	28
-0.12122014259767	0.396657064016754	28
-0.038894367050504	0.462432935883419	397
0.026644506424858	0.273873482899527	1422
-0.0842349550200731	0.22607389427452	1422
-0.087245755730482	0.231819826248083	1170
-0.07780377687633	0.227409118788387	40
-0.09598518671047	0.224328692126367	40
0.048315648015441	0.194652911614615	56
0.051306573924963	0.189538202846031	56
0.11561420249907	0.11228656899571	74
0.097281854421108	0.242598143517701	64
0.112123061494307	0.114973131154919	64
0.112123061494307	0.114973131154919	258
0.112911801013283	0.112883681223137	258
0.013565900791284	0.741998170105948	25
0.065824771155494	0.612802820361246	25
0.099970455222406	0.462909849395194	25
-0.112945126264589	0.917266603671898	25
-0.00977507727267901	0.716166425005964	145
-0.057849380747926	0.599425556030011	25
-0.00330391987006995	0.732504135195884	25
-0.068656599930404	0.810152228511614	86
0.025915597572176	0.745051368162687	266
0.10186189612909	0.467974080064005	266
0.097458622332648	0.550346341749348	864
0.092914197449354	0.392163963093425	141
0.075492335891466	0.472894256814989	141
0.051447118277592	0.552549422158945	141
-0.00944454504634096	0.473699813009628	141
-0.08562806445427	1.01547448012221	146
-0.10950045609374	0.515125704632415	146
0.10422535474504	0.239431721807391	146
0.099810650127154	0.344810372403119	1587
-0.0202944736548289	0.486580511114911	49
0.098440487884422	0.390950862122397	703
-0.00974556943466998	0.473718695673062	703
0.0956880180698	0.356383901961858	703
0.056465677061492	0.34511633159642	529
-0.102836993831502	0.365000658098349	529
-0.054520887758845	0.295473214741605	49
0.051072848895778	0.187791639746226	529
-0.054665849890193	0.299063797909342	529
0.023026318699409	0.272726290486643	529
-0.054520887758845	0.295473214741605	49
0.032891075522019	0.197385813599078	28
0.109594773539516	0.113465995883652	40
-0.07780377687633	0.227409118788387	487
0.044295711821309	0.193043122641893	487
0.044766108565605	0.196127072599956	56
0.105585049477079	0.115107263657516	56
0.111853708958516	0.112088272718431	74
-0.081308217797875	0.229779893299134	74
0.045000699304263	0.193194805170135	64
0.095408621980097	0.623707800101591	25
-0.114851956970372	0.914821330428615	145
0.09662039859319	0.543813602946974	25
0.065843422389898	0.53319684434511	25
-0.085377512949851	0.855756239482647	25
0.021458126467282	0.638378638528062	86
0.031501548272676	0.600253144134763	266
0.050140865385856	0.609922381972189	266
0.00606238044059898	0.819462852467195	864
-0.00190041984620803	0.425930989269481	864
-0.061348339794854	0.595455729143422	141
0.09434585267744	0.291322424211596	146
-0.110377730495551	0.680160450707493	49
-0.042645314711767	0.682457717705197	49
0.036642314947872	0.47539860011802	49
-0.035511703797207	0.358941554362764	703
0.113803439287443	0.333174962675785	703
-0.0855151544573291	0.576128444736786	703
-0.036698946394359	0.460320473677348	703
0.070486605082337	0.372807834418385	290
0.038410977152072	0.321339387933182	290
0.101869062579077	0.315521388318626	529
-0.069296142408339	0.432742251573584	49
-0.118312969694808	0.398237827405381	49
0.110125695741463	0.112253782102168	1170
0.039904706615939	0.198350876514301	40
0.111602139321358	0.115032192174277	487
0.105329228347668	0.114890015465784	110
0.038881383185385	0.198462405769007	110
0.047523462332102	0.195197901983396	56
0.123718560190066	0.176774779016048	56
-0.034023571996361	0.354974243968177	56
-0.086173284288692	0.22640914189201	361
0.047523462332102	0.195197901983396	64
0.11133387988801	0.113712652956432	161
0.105329228347668	0.114890015465784	161
0.018105246423226	0.520299441421889	25
0.027749005489762	0.735455193056684	25
0.035212219810561	0.736918034732177	25
-0.0294376792589079	0.695451604349954	86
0.017731364874759	0.718692864964473	86
-0.072636439861258	0.91989671188228	864
-0.00705782667483001	0.391419312590427	864
-0.115082372580486	0.559196367011404	266
-0.087704334142248	0.576824700393847	141
0.106628192033793	0.487749330101273	141
0.00986501702848103	0.651949786867511	141
-0.052913311281827	0.661591752661458	141
-0.041212663799662	0.83533378107264	146
-0.103361847968359	0.717835988555299	146
-0.01319720715395	0.716552964592622	146
0.080370176685519	0.692994416119758	146
0.11215760146306	0.478745758937181	146
0.104419810555572	0.662514488426073	146
-0.096555654034765	0.504602259654528	49
0.029658383072181	0.541324670787478	49
-0.017334368187812	0.579720238784709	703
0.097890944068849	0.242638826631305	703
0.080808354586555	0.492762934121585	529
0.050914971307345	0.354140806182969	529
0.028187936591753	0.327618532447273	529
0.050896340521089	0.346825149331552	529
0.074420780184903	0.44044583055988	529
-0.119652796944168	0.559990072730477	529
-0.072848738035981	0.443561157328658	28
0.09146370125234	0.295616546743367	28
-0.0442854987954821	0.458233804900511	28
-0.080218574191501	0.445848260938551	28
0.092990602266656	0.297901571254942	28
-0.030778165871329	0.350602383993437	392
0.044208243085981	0.196626825000587	397
-0.07811163404385	0.223462446706424	28
0.116138640348068	0.11068858558371	110
-0.0883787950767581	0.22847046052406	56
0.028745868028457	0.324492682472024	74
0.043415611281046	0.197922002730223	74
0.043650171926482	0.196414488891955	74
0.023026318699409	0.272726290486643	56
0.105329228347668	0.114890015465784	361
-0.054520887758845	0.295473214741605	64
-0.082065968681697	0.230458165802187	161
-0.004244543465175	0.389491209206081	25
-0.057134650158556	0.670764998018056	25
-0.00926526866439204	0.402127718652714	25
-0.038189036645392	0.451148759542168	25
-0.105683425001645	1.18255162881014	25
-0.028208176620574	0.802402887221413	25
-0.0147933025303419	0.59355204862373	25
0.046965810422047	0.361567145855796	25
0.122526767732766	0.836816175779517	86
0.017818488901344	0.869115013274904	266
0.071126209238633	0.839230456824248	266
0.028597310729646	0.267467405728767	266
-0.0376510607706499	0.362897289783646	266
0.10214206982877	0.319228886495248	141
-0.049022661436726	0.292868583830154	141
-0.106901334419064	1.16199378869904	146
0.11133387988801	0.113712652956432	146
0.033847383148081	0.73458432070344	703
-0.079835059432204	0.220274695423563	529
-0.068905597808878	0.426560922170995	529
0.039842290799792	0.320106680049235	529
-0.086599248556147	0.802295580417023	529
-0.040796951983509	0.468132076100859	529
0.099994265879915	0.324801432734254	49
-0.122113964964123	0.571855374371555	28
0.112643758889374	0.113294442733233	28
0.115089536983158	0.112348134554799	487
0.098761017387612	0.240895418673327	487
0.114299951550314	0.112618511833295	110
-0.098097577832142	0.499513024021244	74
0.095802211383862	0.291239017244229	74
-0.111262144841332	0.390156831277408	182
0.112123061494307	0.114973131154919	161
0.098600819551642	0.241787336633867	5
0.104802741745863	0.113880586116634	5
0.031858309147985	0.479221733003615	25
-0.013162350925091	0.678932732157808	145
-0.00969432968110595	0.4743513275484	25
-0.036778726571058	0.462885165545597	145
0.065314517688842	0.855398513018404	25
0.05521462895977	0.355017803073513	25
-0.097517880794264	0.827516499794146	25
-0.019403230080137	0.49126390970004	25
-0.0269570541869359	0.762293091463025	86
-0.080833497702994	0.573457076181771	864
0.018577283743096	0.269231778475691	864
-0.0362899980378359	0.461396445799742	266
-0.106471576552087	0.504072931577138	141
0.116339542979647	0.173407339707919	141
0.087539408050617	0.247238509120664	141
0.060135776493988	0.346339920591927	141
-0.024027825457825	0.427500554362518	146
0.0571753069917	0.63701322866597	146
-0.05984774279053	0.782176948409675	146
-0.090341785199486	1.08411106028403	146
0.044892432033553	0.790673149000156	146
0.035163102146439	0.599369806379732	146
0.033048276221183	0.907825884256598	49
-0.031040624773863	0.780514236573131	703
-0.016226887116091	0.479864108402204	703
0.086927800041654	0.478539474590742	703
0.035592046884109	0.320493012122613	529
-0.029561126584718	0.359095801970815	529
0.089035743342015	0.531312476205383	529
0.024814139721363	0.722341101703729	529
0.098704585175453	0.328116705967218	529
-0.0416774548253111	0.537392051443323	529
-0.065433688033391	0.529307503930482	529
0.11133387988801	0.113712652956432	529
0.017586054915556	0.575322943809085	49
0.000996938085994992	0.508162524278302	28
-0.00502257629158398	0.508260793227351	28
0.104802741745863	0.113880586116634	28
-0.086739809630806	0.223790837936351	215
0.111602139321358	0.115032192174277	487
0.097443001733452	0.247947487066389	110
0.106112415250477	0.116155148037716	56
-0.121828821365368	0.397444694730785	56
-0.0305952707912041	0.355178092601704	74
-0.053609315333333	0.297637628319894	74
-0.05313887823512	0.294889000693205	56
-0.076140838806994	0.44065005199517	74
0.027225818985786	0.270549169270796	182
0.034302764046892	0.265806874623824	64
0.115089536983158	0.112348134554799	161
-0.090915004612678	0.228165979293146	161
0.096192377951362	0.23932594067555	5
0.098458071794767	0.751274558493121	25
-0.026156860152535	0.914493740285797	25
0.048167972105012	0.560182700304239	145
0.05673218988304	0.611826255761481	86
0.076194960203866	0.800424421191111	86
0.00159889020734399	0.697307508210715	266
0.062065498051155	0.711680717588658	266
0.091500541616222	0.53037564717583	266
0.096950151664394	0.32498373011945	864
0.00233076996793002	0.602625206466036	864
-0.101162156253819	0.49498623458226	141
0.108065045623758	0.372662652839148	141
0.068168186010066	0.467694360385165	141
-0.100260471347428	0.906282813977397	141
0.090095899951732	0.471715556084795	141
0.113084842917997	0.448757439291971	141
0.068413092965468	0.584686694299478	141
0.041868061342439	0.800191715937873	146
0.05912119912313	0.62624963901648	2360
0.043844015423433	0.459686877472895	146
0.054096438334516	0.394189333719198	49
-0.116853521924554	0.691014381684847	703
-0.030977015498014	0.636880210838176	703
-0.071131339743707	0.430345855942958	703
-0.022910343248341	0.484865934692611	529
0.033375038017716	0.325501043586012	529
0.112123061494307	0.114973131154919	529
-0.122798666849623	0.395597125220683	529
0.09764619155436	0.290998757141847	529
-0.036706523340672	0.520895873688683	529
0.095806157257166	0.283251050386621	529
-0.072618404467706	0.440623385142075	529
-0.037522606644665	0.362650588027227	49
-0.108890941724055	0.382286853055848	28
-0.113954633724967	0.399158038744232	28
-0.00244103881241597	0.395975352859824	28
0.032787051483832	0.326517122996152	28
-0.042643013814041	0.549480433061745	28
0.083720467914502	0.244890206375796	28
-0.081874867372603	0.229873084039577	392
-0.059140219954945	0.299607001659299	392
-0.07780377687633	0.227409118788387	397
-0.083391844186964	0.227459881106157	397
0.093095474336322	0.332588804543095	397
0.040226117424891	0.257987177934763	28
0.034357451956513	0.330651292958194	28
-0.117840121228665	0.398773241258919	487
0.043415611281046	0.197922002730223	487
0.046407448578281	0.195486113699481	74
0.03023493620871	0.271852378358553	74
0.11561420249907	0.11228656899571	182
0.11133387988801	0.113712652956432	64
0.117805917055184	0.109073531788906	161
0.101006125965169	0.495154248189171	25
0.124649459488719	0.514000774088884	25
0.015535503937822	0.677380163756216	25
0.039919797532017	0.640511754891449	86
-0.011963704075955	0.775980924076276	86
-0.06454786732958	0.630022505425438	266
-0.050666283476665	0.946128445366804	266
-0.0803809537206071	0.57593625349823	266
-0.065272362742806	0.625662126896189	266
0.116652107353567	0.485746448312259	864
-0.018034264703551	0.562555521571176	864
-0.026279025058276	0.696437618236714	864
0.015483290804191	0.528766718625218	141
-0.077970478527105	0.644145732993941	141
0.092727707338989	0.527777127290471	141
0.077499086928921	0.55365139694644	146
0.092391411967623	0.549752172016606	146
0.048870449577577	0.66789160593777	146
-0.00137737265786098	0.784749975498012	146
0.016314739698155	0.563543360531065	146
-0.0498101996117249	0.660450894607651	146
0.106046421514267	0.380836861801419	49
0.003288749158813	0.753897962396763	146
0.071157829826381	0.444573323327751	49
0.094426497849909	0.479595133835824	703
0.107556786840979	0.348214629858218	703
-0.046688822306839	0.35094010315296	49
-0.029511466882039	0.593675589212291	529
0.091851376043862	0.244930386419701	529
-0.042248422317734	0.601776869543769	529
-0.116016633101197	0.692007964078829	529
0.072212879655201	0.441913528371171	529
-0.039613282726912	0.468110427358577	529
-0.036251217028588	0.359777712356341	28
-0.077212948156134	0.439787949466758	28
-0.044938276723839	0.621151763690454	28
0.043650171926482	0.196414488891955	49
-0.053846346805332	0.299328929470538	392
-0.082065968681697	0.230458165802187	397
0.039292137795748	0.443152003800802	397
0.052979861335535	0.185109238454223	487
-0.059736216006932	0.291726413727981	110
0.043415611281046	0.197922002730223	221
0.023873763304104	0.271296945219364	74
-0.0400774981950101	0.465676764422599	74
0.035593749522853	0.195917691382503	74
-0.114100199524296	0.390467428326916	74
0.110293549194893	0.112333536245241	182
-0.082441725769981	0.228844674254801	64
-0.079190817443659	0.225403106439413	161
0.061594063420715	0.453476187252987	25
-0.028642591433273	0.669760016512046	25
0.029334102478117	0.495842675455289	145
0.00373103075638498	1.54736824443029	25
0.097639736683165	0.38472068873182	25
0.109908368164574	0.699542009809468	86
-0.0491291448465651	1.1732373772367	266
0.046649209496732	1.18499419260598	864
0.093253899665519	0.29683107205528	141
-0.00354812706927299	0.57248447484785	141
-0.011691917870484	0.684084514986305	146
-0.100553815855236	0.509374319822844	146
-0.0313046857510511	0.563087097674102	146
0.037760794493071	0.321298496946249	146
0.088490860812097	0.287723639348863	146
-0.05811342662542	0.294255563664561	146
-0.054297153654839	0.293503908913597	146
0.033458835797731	0.477108982109669	703
-0.026395138834333	0.350913447750979	703
-0.042081054146264	1.05738469968882	49
0.079938556314761	0.70328576991297	529
0.014199054203557	0.589570015748357	529
0.113569618533352	0.510455202412243	529
-0.015192462778439	0.69706019904691	529
-0.041104661627293	0.542987699761657	529
-0.082849608363218	0.228720993086107	28
0.062631953527487	0.548007054254826	28
0.062877096611145	0.567926160826425	28
-0.07836847578401	0.227502697104956	215
0.10274717801278	0.411306653479599	215
0.112123061494307	0.114973131154919	487
-0.012688628034074	0.485839979280343	221
0.025008948283988	0.323139568496537	74
0.095423510313682	0.24826351092798	182
-0.058558201966913	0.300448356876538	64
-0.092548695978823	0.225931975244107	64
0.050514893438895	0.188260543114486	64
-0.050406054081796	0.294423790908254	64
0.026400928189625	0.273538728072551	64
-0.025083245812248	0.767633000631842	25
-0.046977788061044	0.782511649223301	25
0.096815305259578	0.383775644891296	25
-0.0543040471560871	0.590367997116354	25
0.078680182527432	0.629771610872989	266
-0.067926886472885	0.987744157411326	266
0.110154965886383	0.535032862378696	266
0.071803956307414	0.407262219005572	864
0.093180527681954	0.293229162099946	864
0.05409019034979	0.391227699353344	864
0.107995879376111	0.344989629840933	266
0.05700357806359	0.39454880456092	266
-0.061065014139787	0.522294654906467	266
0.102454792632463	0.350599450290749	266
-0.038836615895583	1.13948787171694	266
-0.0756678893209311	0.553595239559957	141
0.098255385742171	0.320647217783761	141
-0.112870218896517	0.395808461426113	141
0.071990503178499	0.369435364332408	141
0.094053949461489	0.424291761164918	141
0.032484549461457	0.67334433279655	141
0.104247738963038	0.347615019379974	141
-0.07517158167342	1.0228014933837	146
0.00454218743523599	0.779854960877772	146
-0.033166195888397	0.782415187817888	146
0.04253639600884	0.610195011744998	146
0.10341963328183	0.701086670188564	146
0.05058094367534	0.362207534010855	146
0.00679681043231201	0.653250316454404	146
-0.094335653989809	0.478334693222202	146
0.017122153307583	0.268929713861106	49
-0.051221531785645	0.635990080788825	703
0.013447833473931	0.426287012524932	703
0.064305086950367	0.586690187111096	703
-0.087575006833358	0.768579707114866	703
0.033457285358418	0.32890142493138	529
-0.084239715883014	0.582319035236328	529
0.083901911554495	0.297969563467321	28
0.118995806557017	0.42114991511264	28
0.017783562984601	0.418968420771204	28
0.087004568068359	0.298041650150855	28
0.017936068820222	0.501419012355235	28
-0.0547448274637941	0.294858265108523	28
0.105329228347668	0.114890015465784	28
0.112123061494307	0.114973131154919	215
0.11133387988801	0.113712652956432	110
0.112911801013283	0.112883681223137	110
0.096690111037775	0.290148882663635	221
0.097890944068849	0.242638826631305	1775
0.032662210090825	0.195383323420915	74
0.106639551297304	0.11488364968898	64
0.111602139321358	0.115032192174277	64
-0.081308217797875	0.229779893299134	161
-0.07836847578401	0.227502697104956	161
-0.027920016404268	1.05287811851097	701
0.10681041718834	0.490432035201788	25
0.080794616838926	0.520172453097669	25
-0.103635935643429	1.55611471034602	25
0.124903987268995	0.68675828164017	25
0.049827747578962	0.740320739766964	25
0.116522032029712	0.791657720319341	25
-0.073533477654491	0.960865655095972	25
0.109634856940101	0.428125379782972	25
-0.0389604455572931	1.16741214697199	86
-0.063658603723281	0.598123340616637	864
-0.051629433720917	0.738103255861351	146
0.00659740404904402	0.874707568304696	146
0.012835399632261	0.584778772780748	2360
0.068156101886328	0.706206785837134	146
-0.096261101998588	0.505892078675653	146
-0.094318245501576	0.824577451684828	146
-0.000419406581978032	0.790802361314698	146
0.01323960978198	0.720099599761389	146
0.084072100564921	0.802800345637233	146
0.019066086901136	0.41266300313396	146
0.011827872983243	0.534263626634523	146
-0.00340529318608196	0.392630551503943	703
0.089917648824237	0.332914367257489	703
0.054917991115314	0.390317378883287	703
0.101205974050355	0.353492829584562	49
0.051239476470275	0.357507562624138	49
-0.0722525428680591	0.705038219614425	529
0.030272425825123	0.445361694573043	49
-0.044410779913724	0.36165054312998	28
-0.111023899977229	0.39205027742704	28
-0.103038274642803	0.505472074951194	28
-0.0846081353142401	0.729426467818232	28
0.026644506424858	0.273873482899527	28
0.089872172915634	0.296266289759231	28
0.093715340271648	0.239422951007454	28
0.087122534549997	0.296396586767197	1210
-0.081308217797875	0.229779893299134	215
0.038553785579531	0.19980113560382	110
0.0278462952597	0.271798049310183	1775
-0.109095357662144	0.381479084232196	1775
0.041271793486379	0.195143571077156	56
-0.0906667168061091	0.224325368191899	607
0.040977263897168	0.194438925785401	64
0.099842207103732	0.243173604516259	64
0.111602139321358	0.115032192174277	5
0.122513469761314	0.782700820111975	25
0.094122549061016	0.566930201100012	25
0.051948758187156	0.739764477941708	25
0.031474559745351	0.742028956681158	25
0.116953716989682	0.574532986417311	25
0.049242983307489	0.690939229316221	25
0.094842952718768	0.71159959577872	25
-0.025316853400588	0.662776020096797	25
0.087451723473432	0.593816514624056	266
-0.03025887898594	0.701938535567054	266
0.078017135084839	0.623052456499165	141
0.06462393470509	0.693742489192728	146
0.054736657830085	0.474573398409646	2360
-0.016640333490632	0.586599126216177	2360
0.091854722146346	0.507064919587887	146
0.023864049436877	0.715155517143967	146
-0.017310568098177	0.660348079748342	146
-0.091088034457588	0.709019138174235	146
-0.08048716048331	0.642870344483583	146
0.077102430036614	0.433986291075793	146
0.067396809995604	0.41741502100876	146
-0.113074995358653	0.389181614469615	703
0.011103159001046	0.527827282538838	49
-0.118107735390092	0.697670761254897	529
0.028430201481326	0.273744300471972	529
-0.033479986335804	0.354800886448666	28
0.096309654500542	0.250188429115093	28
-0.042328469708646	0.623455860605901	28
-0.0625504025333	0.297691638591998	28
0.043415611281046	0.197922002730223	1210
-0.029498188894802	0.356585078234564	110
0.097021382667809	0.24351710438021	221
0.112123061494307	0.114973131154919	182
-0.083102739519798	0.225844845103275	182
0.112643758889374	0.113294442733233	64
0.113775933333423	0.111202432084785	161
0.106366896593577	0.113071891971668	5
0.106895142792059	0.114065326676144	5
0.00504993649917401	0.771044406216152	701
0.090919350976543	0.522642627388827	25
0.034400702371617	0.748546975549704	25
-0.054044521520169	1.29662885412268	25
0.118425295134084	0.618811229302752	25
0.017195734558254	0.863644489012733	25
-0.040604155703919	0.880561204939158	25
-0.087635193747773	0.863893009610408	25
0.016191137613765	0.561342015163377	266
-0.016675736245236	0.924602335259076	266
0.064052826308612	0.623508827949634	266
0.062337423160548	0.451714472698393	141
0.104264262802357	0.38418341743427	141
-0.11659207937619	0.66602533023564	141
0.102169464987794	0.54697461470703	141
0.013744929892205	0.733107315901451	141
0.024271567894639	0.613889992991679	141
-0.10780530739709	1.01689949333267	141
0.009256176967469	0.595139295976364	146
-0.011016782896148	0.514956995132969	146
0.063810121205573	0.536044251365558	146
-0.111892335378545	0.848651037224622	146
0.104971873370528	0.506116028208705	146
-0.079511231226279	0.661991101758866	146
-0.030953955672987	0.519322752671415	146
0.090152973568971	0.35559087731507	146
0.059937725541037	0.541893471105619	703
0.041069210700179	0.320370994653404	49
-0.00986808341662504	0.397854575901803	49
0.055609021725774	0.516615639090021	49
0.086450503229704	0.296708615822524	49
0.063953604755842	0.418242265884819	703
0.090239941810042	0.297331446965729	703
-0.06397390419463	0.525626725042512	49
0.103199481439046	0.434477380823311	49
0.026106855228898	0.445548160364819	49
-0.071556467637149	0.522668973484647	670
-0.0334569337673371	0.532518605964852	529
0.027536836206468	0.33230581728361	28
-0.075380334447072	0.437705632973967	28
0.035305778407496	0.319839206386312	28
-0.0443798354014751	0.540603619392312	28
-0.065894805849221	0.509529529393081	28
0.025913295857969	0.264786898914094	28
0.043447742823634	0.196899251769067	1021
0.098558862207118	0.291471580720494	392
0.038425763589631	0.260660233597313	110
-0.081308217797875	0.229779893299134	110
0.124520999166947	0.177124469264755	1775
0.038321962764617	0.199537160848968	56
0.105585049477079	0.115107263657516	74
0.042888041441389	0.197051038353189	74
0.106639551297304	0.11488364968898	182
0.038321962764617	0.199537160848968	64
-0.088478122362851	0.223812508447426	161
-0.058853276816232	1.38876990189598	701
0.013445947252327	1.02898618411578	701
0.111142296788775	0.730011530331996	701
0.052514556368583	0.606077592380155	25
0.09540857401744	0.734799021613492	25
0.121182980266424	0.658498983113836	25
-0.07811584043481	0.911623082368785	25
0.020047556094622	0.699940160765663	864
0.060656741615779	0.542580352512887	864
0.011466127694203	0.625889524603636	266
-0.0813926240587129	0.72716033795697	141
0.11883279668931	0.583612817640292	141
0.105703681546987	0.52915855414332	146
-0.078468519999658	0.659114574761486	146
0.092481696672177	0.450773002787203	146
0.063788706766114	0.720943991843789	146
-0.0394302669561279	0.46485686840226	146
0.12383596357022	0.34050207977697	146
-0.103266450065392	0.642339613957613	146
0.017581601008972	0.522073411867925	703
-0.0576083894684331	0.506747156424915	703
0.076862698077865	0.40031768856527	703
0.124455655127376	0.340003899192427	703
-0.031789003828164	0.362915227521077	670
-0.010841332877139	0.3957923827884	529
-0.0544551025094861	0.287976189546011	529
0.030280671587935	0.268225677691262	28
0.094100015315959	0.246526612263239	28
-0.07836847578401	0.227502697104956	28
-0.058558201966913	0.300448356876538	110
-0.113715998861377	0.399336147784988	74
-0.055323312166239	0.294607834503801	74
0.108810355957882	0.113734591791858	607
0.105855485888929	0.113658744219182	735
0.111602139321358	0.115032192174277	161
-0.00991708414944203	1.68188728562509	701
-0.061840856681157	1.54384764055267	701
0.076520988276463	0.912695319251161	701
-0.081439692811223	1.37295565841498	701
0.075218954633692	0.935907832461664	701
0.017093406975288	1.45561666185399	701
0.000249747675826972	1.57833996578036	701
0.072590579790424	0.931102223108793	701
0.040929587972773	0.803381495274156	701
0.060072246035533	0.744244631243449	701
0.00733304629667803	0.846519040279619	701
0.016170145328016	0.687779198788999	25
0.023241227497251	0.768340007627195	25
0.093429943325401	0.581177106878846	25
-0.00404422495450796	0.635090348853601	25
0.000025443935834979	1.12002627973707	25
0.066478413887311	0.620262087748782	25
0.121189279029038	0.452248323014357	25
0.0515492204236	0.773998555040649	25
-0.018963685459343	1.08405260363964	25
0.060718916614439	0.783868835219193	25
0.071713478728402	0.610900468970133	266
-0.0504700370714351	0.57812405167771	266
-0.060225476716852	0.739398978014159	141
0.021672196131175	0.922578399008351	141
0.02668232682455	0.529852116385952	141
0.106540682235773	0.645082512948967	141
-0.00119834378164796	0.562325431379457	141
0.118537080614088	0.565406224396601	146
0.05127539988458	0.522286418750611	146
-0.00885938534110198	0.751516304025364	146
0.096367739663934	0.42088751856363	146
0.092128457422381	0.327885271699389	146
-0.030378464645612	0.79186835677391	146
-0.123298157107259	0.971972774909098	146
-0.070696968305403	0.533656957137454	49
0.0337275172487	0.528185742377934	699
-0.06240656898376	0.568382610110901	49
0.044038870518068	0.524677192533854	49
0.061350512636472	0.417879841099909	49
0.065469939026669	0.412121822811937	49
-0.025314636549546	0.569038336764699	49
-0.124398170121078	0.577429918110242	49
-0.0358058982567721	0.365600653693318	670
0.050608865828644	0.362965693347729	529
-0.065739002067018	0.523453593853297	529
-0.0962438039464299	0.501147402331611	529
0.037993939423732	0.199032119088873	529
0.034369344740701	0.320982408161878	529
-0.071283510470511	0.526074940266583	529
0.039719550879455	0.426614174277402	28
-0.073051490349509	0.427892996058102	28
0.08543819554643	0.300205128487715	28
-0.103345947173873	0.506423465705303	28
-0.081874867372603	0.229873084039577	28
0.048873358915023	0.193351735400399	1210
0.111602139321358	0.115032192174277	1210
0.028552972268486	0.269246713894493	215
0.0430918949429	0.195405745839658	110
-0.111882349711319	0.383270402624853	482
0.095803167501043	0.242844455772736	482
0.111602139321358	0.115032192174277	74
0.052098062866264	0.187423328594273	64
0.026595807986668	0.329734917292151	64
0.111080992199109	0.11353931257781	5
0.064411402252336	1.41564211058032	25
-0.079301762887982	1.38865331762458	701
-0.090991700863585	1.54598904749946	701
-0.080822449946519	1.19460064854928	701
-0.024266441333306	0.73967650495383	25
-0.043884312165604	0.883897317792758	25
-0.0656372002414241	0.738036075296385	25
0.110357901205068	0.576830056117056	25
0.050006213229924	0.641529883330591	25
0.117831150217635	0.52753568809005	25
0.068959064019058	0.552678000921273	25
-0.115806709346401	0.910747457735268	25
0.090682538988873	0.425745036768259	25
-0.077798258758361	0.765668828270898	25
-0.1019760599959	0.965903671292271	25
0.082759000777047	0.57510861349399	25
-0.029187191848974	1.26254477658868	25
-0.096852958409692	0.708886945615507	25
0.056876506794768	0.543887846796652	25
-0.080539659648594	0.570697269530516	266
0.091856789421247	0.364789861954509	266
-0.029748554980372	0.70439916372644	141
0.070902439174737	0.443859992882337	141
0.066915732577207	0.555847390014457	146
0.040647021334173	0.779509216356279	146
0.077464093621487	0.832921277201927	146
-0.00617108603304895	0.706665173370155	146
-0.057827483114919	0.512177706301279	146
-0.116276122160263	0.565001649626089	146
0.104141579425008	0.319338982689012	146
0.008919921724656	0.425758434321287	146
-0.0456922830147341	0.545045028308588	146
0.091405033762677	0.331823283676859	146
0.036679199446657	0.824661914661471	49
-0.112787153010365	0.826929826050573	49
0.039900966496177	0.363636547968432	699
-0.00713034904324195	0.467847684850858	699
0.09987537374671	0.569817241970144	49
0.00403249933420802	0.429568324350842	49
-0.013577560157551	0.483198652846782	49
0.091353125589279	0.298931390172066	49
0.041799198497728	0.318215429044109	28
0.034957546576314	0.267818868716928	1021
0.09671492511233	0.327212707862962	28
0.042857552425884	0.197703856707579	28
0.111602139321358	0.115032192174277	1210
-0.077442148324967	0.432343535707707	110
-0.038827419519946	0.464637675109408	56
-0.105171300245059	0.504738966400858	74
0.097021382667809	0.24351710438021	607
0.028840251334563	0.268021635580877	64
-0.0858598839870131	0.230314192318227	367
0.00647475244676399	2.39415807159446	25
0.061426863605077	1.60326680008397	25
0.049207115724602	1.75820048153612	25
-0.086412209231685	2.0290722381945	701
-0.067955161565026	1.85437320633662	701
0.052718317742533	0.886405447132147	701
0.103250247430627	0.746228716736638	25
-0.124203877664622	1.4979861248769	25
-0.036311089859336	1.28311121715811	25
0.096575264928196	0.791491667620564	25
0.083847057259134	0.864304852543384	25
0.080731256563293	0.89085996445548	25
0.022856392501783	0.869367276201776	25
0.052746643975426	0.360028936014693	25
0.105183838596653	0.235629743957464	25
0.08557570919223	0.767872033167228	25
0.098319258129636	0.665774434020268	25
0.034931989771591	0.773445065149325	25
0.096158491155829	0.604328340707202	266
-0.067561518010445	0.81430045253158	266
-0.048170928352142	0.576589015089914	266
0.116152997577648	0.330116370452869	266
0.027601840809019	0.269546896612232	266
0.103865102247085	0.493823122866089	141
-0.124727155306293	0.938197554717999	141
-0.0728354028650821	0.897657553375166	141
0.026387200386167	0.66513514893006	141
0.00628926945296399	0.709974605009284	141
0.112590469626054	0.496725179087385	141
-0.0201835162998369	0.562036844894302	141
-0.0526503823328091	0.928846120607913	141
-0.101710204755322	1.07204223782401	141
-0.00652875795508301	0.905312705558982	141
0.016048740191425	0.707765660353444	141
-0.080397196514554	1.03453655753176	141
0.034369344740701	0.320982408161878	141
-0.109128743573842	0.387866096162358	2360
-0.043090699928154	0.550205496870133	146
-0.12397764615324	0.567648101325266	146
-0.034412431981062	0.519995863371507	146
-0.040390930666406	0.752465756984532	146
0.047997467503419	0.732646846279954	146
-0.094212628853363	0.917345265674865	146
0.015590520304652	0.700851269602351	146
0.033292715772268	0.510980672435437	146
-0.0607639431841081	0.900727719102836	146
-0.092009050277037	0.788272183109367	146
-0.100910050832132	0.510720644809938	699
0.105855485888929	0.113658744219182	49
-0.082638605201892	0.672732344817235	49
0.102021095308602	0.412037307686112	49
-0.061708443653084	0.585962212834844	670
0.040713553375788	0.194166562038716	670
0.112123061494307	0.114973131154919	49
-0.057751379066616	0.650482190456796	529
0.021818425156287	0.272225136772283	49
0.045087927382484	0.357319121973963	529
-0.00181522432689296	0.388530099667083	529
-0.105510518335584	0.515667598048172	2717
-0.077613347357024	0.446277276865965	28
0.037993939423732	0.199032119088873	56
-0.076982125918146	0.224335136500647	353
0.106112415250477	0.116155148037716	64
-0.083008793139153	0.22578525915807	64
-0.082065968681697	0.230458165802187	2428
0.105329228347668	0.114890015465784	735
0.106931026586362	1.46000558870137	25
-0.020625082042932	2.18162859884705	701
-0.093420286104692	2.00381735093065	701
0.011800351861485	1.13182772426767	701
0.095318131350206	0.744636385985947	25
-0.029779127442165	1.08898889841937	25
-0.06794650731903	1.1743287834334	25
0.068619174744464	0.406498519441562	266
-0.046428156419297	0.526813539539974	266
0.00513166346084199	0.497261210265535	266
0.014339208668041	0.832299867481603	266
0.030939583408337	0.833837165075037	141
0.011694444159215	0.791982749910725	141
-0.062574428671743	0.851845883681724	141
0.017160014300919	0.759835225501219	141
-0.050272709429865	0.28874441232327	146
-0.104068597986122	0.520494660748532	146
-0.030679771848672	0.644895583606056	146
-0.010868984487964	0.7513595177311	146
-0.00821772514026698	0.816655860811106	146
0.079582993727634	0.618232125426563	146
-0.108562768872971	0.743637102056375	146
0.110545600738444	0.430055044356422	49
-0.082450568443298	0.737093761072141	49
-0.032413169542172	0.774578498799719	49
0.061230691549595	0.571568452326914	699
0.091831251035735	0.249574647267123	49
-0.055781850718457	0.663811920325972	670
-0.082632648054503	0.230550960741628	670
0.106895142792059	0.114065326676144	49
-0.078001000782465	0.438548476031379	49
0.076262388011569	0.43658402845819	28
-0.035542769402589	0.363809212350838	28
-0.058780902928681	0.299370952362175	28
-0.112233079916411	0.39040057510019	286
0.034655294464977	0.318597337606879	28
0.039345055394317	0.198502149827281	56
0.105585049477079	0.115107263657516	353
0.110813826690365	0.113772710115371	56
-0.082031127561729	0.225649368388564	74
0.110293549194893	0.112333536245241	74
0.04262280560762	0.197815059386246	74
-0.076982125918146	0.224335136500647	74
0.112911801013283	0.112883681223137	64
0.032075316439531	0.26546676918587	607
0.110813826690365	0.113772710115371	64
0.11239000863255	0.112944560089795	735
0.11133387988801	0.113712652956432	735
0.04262280560762	0.197815059386246	5
0.085501683610111	1.73589561030788	25
0.109221423163617	1.30665811299773	701
-0.0692543041461821	1.98679667243467	701
0.04078294251805	0.503109803822006	25
0.093838445628673	0.242859125527926	25
-0.117340892537928	0.39448721839131	25
-0.0352994940528441	0.611766888803187	25
0.02209565611553	0.983925995886784	25
0.019853647713858	0.511066666482686	25
0.025186141641223	0.546161835637557	25
0.027230409356424	0.767722326636595	86
0.038881383185385	0.198462405769007	266
-0.108191074726544	1.01501362094559	141
0.103188143929702	0.467004464060335	141
0.00581013586190599	0.636573262191073	141
-0.067988912070222	0.711570517140756	141
-0.071934838242474	0.988685989881812	141
0.033973282098759	0.329451261611817	141
-0.049332933326222	0.287486451991141	2360
0.111762371052293	0.571533891496236	146
0.102270653948672	0.595607265376159	146
-0.070691114141369	0.964019215419243	146
-0.098658078548589	1.02921390249808	146
0.110471320319431	0.482147674465806	146
0.106105279321646	0.525979877318739	49
0.09540774401074	0.45193834687609	49
0.051502335919018	0.489699600038215	49
0.111602139321358	0.115032192174277	49
0.098351061086309	0.353688341920127	670
0.047082547424493	0.393666296448347	670
-0.082031127561729	0.225649368388564	529
0.072420841227529	0.440922466847707	49
0.112643758889374	0.113294442733233	243
0.111602139321358	0.115032192174277	392
0.107423158596091	0.112849552995292	392
-0.0416374167171299	0.360962337986434	28
-0.083415771078558	0.22815883731346	28
-0.069169112389453	0.429265709555633	28
-0.0320513080146539	0.364250031400353	28
-0.00458739878381298	0.391913731411622	28
0.099279348703055	0.113903966920089	353
-0.081874867372603	0.229873084039577	64
0.105585049477079	0.115107263657516	735
0.081530154196186	1.50432659926969	701
-0.065164055442308	2.13032042858935	701
-0.078165449377466	2.06335080212691	701
0.122487257956362	0.492792296399575	701
0.087805152955018	0.968629087457607	25
0.061513980215873	0.960122617402543	25
-0.046592076216626	1.04005508032288	25
0.056529107663011	0.480990143681715	25
0.123830019755174	0.415236169836945	25
0.10994317008691	0.782225407892273	25
0.124177496121705	0.336730985051114	25
0.089655378939407	0.827667674332154	25
0.077504876852749	0.607171366360239	86
0.065177370451265	0.382505389646769	266
0.048081160825912	0.193891530582858	266
-0.00148230649960501	0.727337163116082	141
0.038957641826263	0.722097515847566	141
0.016894874874281	0.524942335223173	141
0.091011071718789	0.470410113668943	141
0.083920814162966	0.570088700267582	1036
-0.000616648940087949	0.390082515088972	146
-0.035774120796651	0.36176359734923	146
-0.033219052450136	0.35308434739927	146
0.065479458802483	0.741559907726643	146
-0.055924289071602	0.907833136165717	146
-0.093392033328788	0.715998032956038	146
0.0381817745172	0.681933030754238	146
0.121179689409093	0.477050522928691	49
-0.034115513492339	0.533519347454491	49
-0.075433054224188	0.211713675486012	49
0.034263836782635	0.328567494558465	49
-0.01848067555341	0.555310929857055	49
0.100790382249805	0.442998116865669	670
-0.062046605326282	0.770773304285312	670
-0.056999264113508	0.675886996073543	670
-0.071652135217865	0.613535689901977	49
0.10422535474504	0.239431721807391	49
0.101931574143133	0.242477582539429	529
0.112123061494307	0.114973131154919	243
0.043415611281046	0.197922002730223	243
-0.080551888366701	0.225643184038845	199
-0.055201817242329	0.293398993168089	28
-0.121828821365368	0.397444694730785	28
0.110813826690365	0.113772710115371	215
0.09375091320529	0.249110374339154	215
-0.057171369712911	0.299433731617199	807
-0.055201817242329	0.293398993168089	807
0.114823742585628	0.11255724030873	56
0.114299951550314	0.112618511833295	353
0.111080992199109	0.11353931257781	64
-0.082031127561729	0.225649368388564	2428
0.110813826690365	0.113772710115371	91
0.11561420249907	0.11228656899571	91
0.11239000863255	0.112944560089795	91
0.11133387988801	0.113712652956432	735
0.114564643625589	0.110937634837806	735
0.118306605504735	1.13274144374647	701
0.00431495773735502	1.61546378980833	701
0.013042559430884	0.874018341593444	25
0.038876455832824	0.803548684037165	25
-0.11892605326527	0.397778420022851	266
-0.08570460380697	0.736645787844189	141
-0.061807996368487	0.603798606552001	141
0.077089645117802	0.523531135834861	141
0.034707086530026	0.715356094223061	141
0.092486977860947	0.333269425567042	146
0.034803822823933	0.197160314385022	146
0.033758485646735	0.267528819413003	146
-0.00399578728959804	0.744747966635616	146
-0.069593150944914	0.956901848692006	146
0.097793510447074	0.249591737831405	146
-0.029605302136562	0.785403571334546	146
0.014315863291605	0.587134702460115	146
0.08354242392987	0.504982517904584	49
0.028840251334563	0.268021635580877	49
0.067457576233883	0.406187443927008	49
0.074279266103342	0.494456899431447	699
0.096672519421572	0.241973418059912	49
0.011478250224508	0.491419915671666	49
-0.032958047539303	0.349225698628126	49
0.106112415250477	0.116155148037716	49
-0.10760767174583	0.650245475339405	670
-0.033538411501323	0.365241289303181	670
0.038364381893005	0.473409364521768	670
0.031498430721352	0.320068871157532	28
0.029642837857607	0.328159801323691	28
-0.033479986335804	0.354800886448666	28
-0.05313887823512	0.294889000693205	28
0.034319268344323	0.327913914017279	28
-0.077239286016319	0.226197788327762	28
0.09184183676498	0.290137749112784	215
0.113433367963492	0.111280618271974	353
0.043650171926482	0.196414488891955	64
0.111602139321358	0.115032192174277	64
0.105855485888929	0.113658744219182	64
0.11133387988801	0.113712652956432	91
0.110293549194893	0.112333536245241	91
0.112643758889374	0.113294442733233	735
0.121677651299688	1.21895522909068	701
-0.00708400275774901	1.58456522556696	701
0.088331430729869	0.907633829261811	25
0.058748998039245	0.39000626912161	575
0.105538842581127	0.688238814227749	25
-0.00302018976198104	0.79722000944217	86
0.029127356308	0.322409773767514	266
0.090482610970279	0.647514830096608	266
-0.0316783672103	1.08473825059251	266
-0.112916195589471	1.00639651963638	141
0.027328009855775	0.796991001071532	141
0.077471207669457	0.700594556339519	141
0.10880759632445	0.426313456101895	141
0.032674738146156	0.268204430333384	146
-0.058335709488735	0.298764509089938	146
0.015266201529844	0.673001004123577	188
0.059990956861255	0.616046605567449	146
0.003974992091205	0.714595368933133	146
0.073899945579134	0.397609182787104	49
0.016417781035872	0.424859646799403	49
-0.047638407082069	0.287316603228143	49
-0.025261348600138	0.338967382438639	49
-0.088535856411749	0.575630794670314	670
-0.055099873182519	0.294334035186567	28
0.096174666875753	0.290494548807859	28
0.090717540721902	0.364419341463548	28
0.035177243148359	0.321060835350849	28
0.093908484354922	0.297234567072894	28
0.029737029811492	0.328644129255805	28
-0.082065968681697	0.230458165802187	28
0.02011663530188	0.418822136949535	215
-0.114173322852221	0.389885572276002	56
-0.081308217797875	0.229779893299134	64
0.021998491142958	1.9731455958268	701
-0.0400278884227791	1.17045679984914	701
-0.044566039300556	1.11742987637977	25
0.104725430010074	0.237124913045258	575
0.038137098377172	0.590324272368539	575
0.034824856665348	0.646180500277255	25
-0.0868172109408	0.779142591500758	266
0.098405526494069	0.665019803727162	266
0.051689496377001	0.555396985541151	141
-0.0469217307094501	1.06038004481849	141
-0.034385209607077	0.447489435420048	146
0.071362997242836	0.409645655592394	146
-0.050272709429865	0.28874441232327	146
-0.117781255201291	1.16008916345506	188
0.09938324684105	0.603202812197015	146
-0.118177644149638	0.959151861238562	146
-0.060419849470927	1.0181928750847	49
-0.115069156325497	0.951556339066944	699
-0.065011752989473	0.509125068315456	49
-0.057322372180168	0.289699809201432	49
0.094502754844734	0.325485593783172	670
0.095090111852003	0.293832579331968	670
0.062375464590157	0.409235891563458	670
-0.046727751484183	0.693666689807226	529
0.054615720354251	0.389912770363808	49
-0.11617163878921	0.697826134098198	28
0.117805917055184	0.109073531788906	243
-0.082065968681697	0.230458165802187	243
0.11561420249907	0.11228656899571	199
-0.031048692260774	0.357845719783522	28
-0.0320513080146539	0.364250031400353	215
0.038975569601409	0.325121127149995	807
0.024802976708606	0.273047374784913	807
0.04182982777769	0.19534589057136	807
0.087539408050617	0.247238509120664	56
0.105585049477079	0.115107263657516	56
0.114564643625589	0.110937634837806	56
-0.081308217797875	0.229779893299134	74
0.112123061494307	0.114973131154919	74
0.112123061494307	0.114973131154919	103
-0.083391844186964	0.227459881106157	64
0.11561420249907	0.11228656899571	91
0.114823742585628	0.11255724030873	91
0.033681165443705	0.197483449472823	91
0.063174158542638	0.708738605894597	701
-0.031689775275515	1.06058078313331	25
0.119091826753448	0.571468422658543	25
-0.054854149917302	0.592273308464224	25
0.099661571674715	0.312190117589955	266
0.039130267553718	0.194509721026511	266
0.119865811048286	0.574975561068473	141
0.039773251126817	0.676945061644934	141
-0.040886303799177	0.677977456350264	141
0.118694928504051	0.478694641051229	141
0.042163008285562	0.467483221825166	141
0.084860891022871	0.298496869230894	146
0.097657350678136	0.346885961921108	146
0.032320116326297	0.265706442512603	146
-0.056735714176708	0.290053438851407	146
0.02943875680719	0.268507152760996	146
0.052985932356479	0.733195270613542	188
-0.057305251747177	0.907016175444903	188
0.098221703279377	0.4725247957564	146
-0.074231291716412	0.441741404914213	49
0.104067318522614	0.112367205626376	49
0.03424259816929	0.197859954675779	49
0.09836938556793	0.345671892471436	49
0.09390266928908	0.324633344521087	28
0.00387515740380401	0.419899022922874	28
0.030023533514537	0.328660393545905	28
0.111853708958516	0.112088272718431	199
-0.032139963288369	0.357584149004552	28
-0.0768631220788451	0.435398292135474	28
-0.075853449772064	0.219972386669543	28
0.112123061494307	0.114973131154919	28
-0.05978735766559	0.296151637194913	807
0.106639551297304	0.11488364968898	807
0.108810355957882	0.113734591791858	353
0.112643758889374	0.113294442733233	353
-0.083415771078558	0.22815883731346	74
-0.07780377687633	0.227409118788387	74
0.111602139321358	0.115032192174277	64
0.114823742585628	0.11255724030873	64
-0.081874867372603	0.229873084039577	64
-0.087812170675417	0.231240314047897	64
-0.080551888366701	0.225643184038845	91
0.110813826690365	0.113772710115371	218
-0.00276838339192198	1.15350375645171	701
0.121023590558226	0.795121258644847	25
0.11371183129639	0.769866738241299	25
-0.108964209180556	1.22953658536028	25
-0.0292548778348239	0.342841268087357	25
0.021736674741589	0.946117980950502	25
0.033829704906006	0.358060811220709	266
0.078141603435093	0.695063619416747	266
0.089036414093631	0.501937804105193	141
0.060794152812735	0.744204139924782	141
0.00645388655944301	0.690500407201937	141
0.01612392546587	0.425320837551715	47
-0.11807387421575	0.395203771424001	146
-0.00625540423042603	0.473522761840018	188
0.105437896788493	0.543663359121168	188
-0.10663588988712	0.766266312487574	146
0.003149612114829	0.498921019704643	146
-0.083896255483739	0.771540271614061	49
-0.028730037971103	0.559850657031425	49
0.039904706615939	0.198350876514301	699
0.043216435166805	0.19638023438628	699
-0.101206461668452	0.507675957715283	49
0.062828739504115	0.382371634169144	1164
-0.0303696584180621	0.356903735276496	28
-0.074429647629036	0.645447902558076	28
-0.013597287284422	0.396194447096411	28
-0.090915004612678	0.228165979293146	215
0.024198344853421	0.272326034659383	807
-0.080551888366701	0.225643184038845	56
0.111602139321358	0.115032192174277	74
-0.075433054224188	0.211713675486012	74
0.112123061494307	0.114973131154919	64
0.111080992199109	0.11353931257781	91
0.112123061494307	0.114973131154919	218
0.057133735407322	1.32708510603987	1317
0.086847733533466	0.450762462306696	25
-0.048660223847481	0.552155028504274	25
0.123750529045973	0.396879380756281	25
-0.025563468891222	1.02316181769372	25
0.002771816842213	1.01240386426233	25
0.058110525054666	0.749721599774555	86
0.033744864990536	0.719195946698615	86
-0.078350075244124	0.573052450785594	266
-0.119297573091009	0.399416913861868	266
-0.095051462902847	0.493377773328553	266
-0.097177401934511	0.499101794608842	266
-0.00659308832184702	0.467561333133585	141
0.029938510817583	0.749103959169927	141
0.096203572120309	0.475899488212429	141
-0.05324046637224	0.662058039566261	141
-0.074037254364779	0.643875476966176	141
0.117961529639296	0.612349200440846	47
0.039007843241909	0.613000291885094	47
-0.122336948828225	0.585119806365786	47
0.03514704457636	0.265908706661697	47
0.046430222187106	0.191418187396254	47
-0.05049983080314	0.290868873466651	146
0.02097184574969	0.272491578652534	188
0.092956211734311	0.622047331005428	188
0.089760857862051	0.62634562029428	188
0.12142651571679	0.552580945628705	188
-0.0947397052637971	0.502506448746772	146
0.070095979293082	0.581301325971129	49
0.081691431537772	0.533354050090437	49
0.04599938370882	0.364220587916896	699
-0.00273990133601698	0.39264070374231	49
0.071578466296902	0.474560289917499	670
-0.0412981598984	0.459091694085618	28
0.045704176361259	0.36747842424914	28
0.091970503206426	0.295846907538727	28
0.031151420212853	0.32521490908379	28
0.094361648863808	0.248196848739537	28
-0.00333827075797299	0.391918312711604	807
0.033758485646735	0.267528819413003	56
0.111853708958516	0.112088272718431	74
0.051306573924963	0.189538202846031	103
-0.0858598839870131	0.230314192318227	64
-0.086933810661484	0.225009301613626	468
0.112643758889374	0.113294442733233	91
0.112123061494307	0.114973131154919	91
0.124289796320264	0.176902496321386	218
0.112123061494307	0.114973131154919	218
0.048591239046316	1.23754326973954	1317
-0.069273673385637	0.418215618804277	25
0.000673887512960991	0.924517333619296	25
0.121312595409825	0.629278368764062	25
-0.090442029234244	0.687200761602402	25
-0.07450587372917	0.725590017748508	266
-0.00489591218666796	0.385841030166729	266
-0.00709092198587902	0.395839718493004	141
0.020626879685649	0.81080228090168	141
0.036548922052447	0.778991761801218	141
0.118528259427749	0.557091446623894	141
0.060430742713087	0.540923229946285	141
-0.029094297256024	0.829480444985732	141
-0.009876704341369	0.739325999612437	141
-0.037817504462812	0.539872660027633	141
0.039877281154902	0.324719441976785	47
0.096036860473385	0.24684300831116	47
0.041397054275852	0.364111776407579	146
0.073609819459312	0.490872910808816	188
-0.072468573883524	0.522857750022863	188
-0.00542895340203098	0.68997162352452	146
-0.071359757394078	0.611590333804155	670
0.099920149605909	0.408393419216868	670
0.107654131207121	0.349937849710352	670
0.044528025574402	0.351709713156526	49
-0.082825135000569	0.227365013828746	1164
-0.104557465213872	0.506787190179593	49
-0.105777014379285	0.505421931409011	28
0.045693225648454	0.358804170519714	28
0.033097951281881	0.267830125606792	28
-0.034151217597629	0.36496561974527	28
-0.010777191258296	0.397171767887225	28
0.034970281732315	0.329619323544318	28
0.094324956549283	0.241556990455793	28
0.112911801013283	0.112883681223137	215
0.110813826690365	0.113772710115371	215
0.09375091320529	0.249110374339154	56
-0.058558201966913	0.300448356876538	28
0.11133387988801	0.113712652956432	353
-0.081874867372603	0.229873084039577	64
-0.053263869362584	0.298145742648967	468
0.112123061494307	0.114973131154919	468
-0.084474963763686	0.223256359806161	218
-0.00712708509703397	0.398106571617137	25
0.082587213127504	0.839919278176207	266
0.026381572459638	0.672295126686752	266
-0.061406430923611	0.94145320199902	266
0.100191908111002	0.244229997575565	266
-0.087499856473756	0.227973061801536	469
0.105329228347668	0.114890015465784	141
-0.092676100642419	1.13878757961204	141
0.06796425937717	0.62955769558612	141
0.032656791738303	0.507317658456147	141
-0.011438324917957	0.653519227447091	141
0.023597762499593	0.830702387515616	141
-0.00877239470129099	0.744582633300488	141
-0.026128298962709	0.785296002078668	47
0.116917295600312	0.172763130939596	188
0.024956177777261	0.273042876154211	146
0.033559200342141	0.431902896920803	188
0.06048021973322	0.384247750983983	188
-0.074135791104148	0.920555706998596	188
-0.078978217679164	1.03167475773756	188
0.109340179137333	0.453862831457014	146
0.051491665973007	0.359761180698774	699
-0.0506287962442969	0.294429831397353	699
0.100712085251648	0.241793163421954	49
-0.065784314908941	0.520474661789567	670
0.030976689252681	0.539770033296605	670
-0.115978157669369	0.806531194386787	670
-0.117654304447224	0.692587439022853	670
0.112123061494307	0.114973131154919	49
0.056415863812745	0.391705385896649	49
-0.029905843395571	0.348169107368503	28
0.036862674553313	0.32242557982575	28
0.105585049477079	0.115107263657516	28
-0.087245755730482	0.231819826248083	812
-0.11212287703052	0.385611841855542	28
-0.116678471793738	0.558781209580913	28
-0.055099873182519	0.294334035186567	28
0.042097263430197	0.197596168935613	353
0.111602139321358	0.115032192174277	56
0.11133387988801	0.113712652956432	90
-0.020575290568956	1.30592342753981	25
-0.055215571750261	1.22081225973746	967
-0.065191174583884	1.17881450945607	967
0.05251856423007	0.730085064391409	25
0.113630925373673	0.470359599346789	25
0.096899105905895	0.576387689703932	25
-0.094314014247305	0.782338872601453	25
0.103543169671505	0.320799890307958	266
0.031033180699761	0.445460481856507	141
-0.02306354961799	0.876116108276856	141
0.015787884874621	0.835959995398231	141
0.01602291021378	0.772788675771078	141
0.101149289810882	0.239953773164786	47
0.027948254707429	0.270378329978868	47
-0.077497198198613	0.220917544833795	188
-0.048666612908322	0.292620495523214	146
0.095607448261804	0.245256667451286	188
-0.118230094224802	1.23128718771439	188
-0.050381254789304	0.7737488979452	188
0.103322779368553	0.494796145522201	188
0.100813349369771	0.358209991959494	49
-0.038371308266829	0.612087733511177	49
-0.088375562552212	0.704734850143214	670
-0.022139819486142	0.564248606548658	670
0.100223763943816	0.327399537653866	49
-0.086426040214859	0.23111507384329	49
0.097532219912732	0.249017201645339	28
0.09428120857183	0.28684075515934	215
-0.058780902928681	0.299370952362175	28
0.101061486945085	0.243872461698982	28
0.024477533221852	0.270172588160209	28
0.111853708958516	0.112088272718431	353
0.11133387988801	0.113712652956432	90
0.112123061494307	0.114973131154919	90
-0.051981532755084	0.292846040132638	468
0.038485044586191	1.4582000752843	967
0.070160463248684	1.14997805652357	967
0.014965643687595	1.21880274678631	967
0.020093029953906	1.18720307279594	967
0.115445133989591	0.75524527381383	25
-0.105293672158967	1.32295690462006	25
0.047549519592611	0.190263549378413	266
0.033700480463667	0.267231881117781	141
0.101956561457566	0.632136779875043	141
0.055208164451118	0.785752957304829	141
0.029535585448798	0.839505473874941	141
0.099716862493025	0.735573810411557	141
0.046226469735121	0.843421652852671	141
-0.023490425525742	0.762407959360993	141
-0.052261933626685	1.04555110173759	141
0.045226641370122	0.587993811881428	141
0.121159269468099	0.451685376270066	141
0.066747371533936	0.416020800834347	47
-0.108446071840124	0.765707643845974	188
0.045024690506238	0.765467507809942	188
0.111741311882372	0.45151731220887	188
-0.00120847650478995	0.386378482338989	188
0.013532977398792	0.527450037068912	146
0.065825984599443	0.379970470762435	146
-0.089384178633955	0.582157187715582	146
0.047207476045681	0.638668464443589	146
-0.00726870359596998	0.587182564144138	49
0.112911801013283	0.112883681223137	49
-0.039069248270066	0.617243787119247	49
-0.041594758466823	0.619960111849508	49
0.011891426481049	0.490564770291154	49
0.088796768592083	0.396894001749088	670
0.035364839553662	0.194702511544839	49
0.019221860009047	0.417919262993703	1164
-0.05158637717336	0.649637549046765	1164
0.037963474096034	0.323188326112998	28
0.010440490229642	0.529084417769728	49
0.02413284063745	0.329807517021598	28
0.047523462332102	0.195197901983396	243
0.11133387988801	0.113712652956432	28
0.105329228347668	0.114890015465784	28
0.101262461509507	0.310146368334533	28
-0.073573093083241	0.429053642587765	28
0.031123055156689	0.266801471646176	28
0.093489629509853	0.248171766842585	56
-0.117467232192007	0.396149064811113	28
-0.116012933282819	0.39931251048717	64
0.106639551297304	0.11488364968898	64
-0.058966228115848	0.296401349297715	468
0.01499540718872	1.3423730613409	967
0.011609193003552	1.27906549003104	25
0.00437098224180299	1.33249942306024	967
0.122448066687172	0.69736186865852	967
-0.099053224025851	0.506467675758065	25
0.058359495365864	0.756457637897656	25
0.053106145036692	0.632173196255839	266
0.044766108565605	0.196127072599956	266
0.123166778540477	0.598140859985234	141
0.104136025968934	0.671180832535436	141
0.078849958409367	0.548346755016811	141
0.00838050444581601	0.881502727285033	47
0.047199609445477	0.194941439715104	47
0.020710891218831	0.416676200129194	47
0.00195199128467899	0.3802818082715	146
-0.092211460953757	0.783682656465996	188
0.000708102308452974	0.511062401039978	188
0.022050928066513	0.780379439008453	188
0.092544135216213	0.621566108470777	188
-0.098331768142615	0.813038192477873	188
-0.0205213972577391	0.620655272807979	188
0.069318487051977	0.613678586764389	146
-0.0631804536285	0.859652220689576	146
-0.040617278864599	0.720269920634897	146
-0.063660710214798	0.855348374168614	146
0.078941681693846	0.490449146660678	146
0.00889213714467702	0.492695295284357	146
0.070872832137009	0.437170257568851	49
-0.097125656920143	0.742383204802288	49
-0.013569687160326	0.542005099232901	49
0.110813826690365	0.113772710115371	49
0.105585049477079	0.115107263657516	49
0.047757731573655	0.195150846424252	1164
-0.032608464500704	0.353673112812679	1164
-0.032450369827871	0.451986846015373	28
0.043180646496689	0.197311888785559	49
-0.066734426404555	0.598652610780788	49
0.103017883319359	0.317393969197203	49
0.112123061494307	0.114973131154919	28
-0.110054801247047	0.385733211292935	28
-0.116382861482776	0.39739164018148	28
0.034123506270026	0.315525244591575	28
-0.081308217797875	0.229779893299134	28
0.111602139321358	0.115032192174277	353
0.11239000863255	0.112944560089795	90
0.105585049477079	0.115107263657516	16
0.111080992199109	0.11353931257781	16
0.112123061494307	0.114973131154919	793
0.01823251162651	1.82534864350694	967
-0.0947334083642341	2.17430003520647	967
0.082428479052705	1.17817305563265	967
0.015312156740207	1.14185496546951	967
-0.024238161200748	1.33139623186248	967
0.014449636022724	0.423948110742874	1158
-0.035281310826034	1.10068858527603	266
-0.000101286440069015	1.01133427190532	266
0.056086727819726	0.35282847101603	266
-0.0721491482785011	0.523346099935009	469
0.104067318522614	0.112367205626376	469
-0.0884657046631619	0.924809418246097	141
-0.00579961658877404	0.916945820373144	141
0.114106218685137	0.54865376200761	141
0.08282039188964	0.645031356835776	141
-0.033088441571056	0.98410053236875	141
0.085123045373394	0.654018798979075	141
-0.101161979319617	0.868758162856698	141
-0.00108686156898297	0.767531402087302	141
0.096184230190893	0.450197999958909	141
0.101443971347762	0.385307529244559	141
-0.034664315400425	0.359966026985643	47
0.016555241303556	0.422432329088633	146
0.071650180831819	0.659840170557606	188
0.095597488609635	0.491615993483594	188
0.094556352708537	0.577066934077222	188
-0.024633506833048	0.821910651772169	188
-0.069672303998552	0.641831389726876	188
0.066373493086478	0.613890060299032	146
-0.062011729099269	1.00078056031575	146
0.055479044631412	0.625720705021271	146
0.05665296438017	0.571288163796946	146
-0.086826763066137	0.587822414921847	49
0.03315858988023	0.266265268176167	699
-0.081308217797875	0.229779893299134	699
0.022624369760178	0.410169083939596	49
-0.087245755730482	0.231819826248083	49
-0.0452094496194651	0.633151096993242	670
-0.045269002533212	0.623418110681014	670
-0.089696248600434	0.658103409147976	49
-0.088273781103625	0.699136625278251	49
-0.079498498334893	0.223490690024564	1164
0.046903138286242	0.359636261896074	1164
-0.105129797633633	0.784502069322797	28
-0.051982953013578	0.588184853208374	28
-0.00176522312364902	0.388528290438888	28
0.023939909878856	0.448955422831502	49
0.031717104071825	0.264841358911062	28
0.124752002530156	0.175690384362677	28
0.098666474483345	0.248146138046765	28
-0.07780377687633	0.227409118788387	56
0.106639551297304	0.11488364968898	90
0.039904706615939	0.198350876514301	64
0.111602139321358	0.115032192174277	76
-0.081118508158911	0.225738968647028	16
-0.081308217797875	0.229779893299134	793
-0.033165955672503	2.43843072220318	25
0.040049677273384	1.88581224438655	25
-0.055488451569677	1.69310581208991	967
-0.025037301710183	1.15011410126553	967
0.00825791527381598	1.19037392078895	967
-0.071337479094056	1.47636010586625	967
0.018053823937519	1.16854472537059	967
-0.120601786114839	1.19636737016207	967
-0.010142387951637	0.951407586326363	25
0.033818995903397	0.781205867989377	25
0.117309453987393	0.613451065536662	25
0.065310929005914	0.756760162931596	266
-0.0801909031625641	0.919063482226981	266
0.061533949798923	0.73177051424614	266
-0.0753987154921501	0.532332032352703	266
0.058227424056817	0.347246244869479	469
0.03467989808387	0.605353529198538	141
0.111704541874811	0.497140754528992	141
0.015397443155942	0.416600914419258	141
-0.043845459212654	0.688735659772192	141
0.053395784959741	0.487783066419492	141
0.112545069263687	0.568652751097954	141
-0.118286262277665	0.820265220672706	141
0.027555909063959	0.579712909422019	141
-0.0847304177542521	0.907072469673125	141
-0.050500825273867	0.990139437802142	141
0.001142969157929	0.567241960606216	141
0.010418773951679	0.75062235591085	141
-0.082947413440829	0.932067414670376	141
-0.063534349803431	0.848850465048225	141
-0.072230488141819	0.646101291708267	188
-0.030786957542978	0.712359941317289	188
0.069866198159644	0.558937377289559	188
0.048521598723266	0.397912841925848	188
0.00752065188244699	0.686225548650067	188
0.032338034847674	0.536106384831941	146
-0.053359599544876	0.690897676127581	146
0.087947600681617	0.448587653449889	146
0.097633989517941	0.421308528384203	146
0.063028657160708	0.497315196768116	146
0.034424922343687	0.530971185387095	146
0.087964526573207	0.332638146140221	699
0.010551649100137	0.422912657808128	49
-0.0202884463284581	0.492935141311226	49
-0.072269593810019	0.215021150509917	49
-0.00302941801082202	0.39050363571111	1164
0.096107239983052	0.245498217224435	49
0.030524160362472	0.266323956635748	49
0.124520999166947	0.177124469264755	28
0.022665482857226	0.270806860117236	28
0.091917225808977	0.247748986826468	28
0.115089536983158	0.112348134554799	215
0.048081160825912	0.193891530582858	28
-0.083199536295848	0.22951558009204	28
0.039672857206365	0.198570892006803	28
-0.055902029106235	0.293483004134311	28
0.042097263430197	0.197596168935613	28
0.11133387988801	0.113712652956432	90
0.106639551297304	0.11488364968898	64
-0.0807417768971001	0.228548754592648	64
-0.079190817443659	0.225403106439413	76
0.111853708958516	0.112088272718431	76
-0.078061529945624	0.224126743967893	91
0.112643758889374	0.113294442733233	793
-0.083199536295848	0.22951558009204	793
-0.110334189203855	1.50100897700958	967
-0.00569359756566501	0.852901099861634	967
-0.080527353922403	0.962130054095335	967
-0.018135171867141	0.797876909418095	967
-0.017634765017334	1.00010248777975	25
-0.102885120251432	0.711648928134003	25
0.074686028189886	0.451803498121331	25
-0.01806564628479	0.621450318318082	266
0.017007988751157	0.621775180371537	266
0.034970281732315	0.329619323544318	141
-0.00746583468260398	0.531484534463318	141
-0.042855904892098	0.534021500380124	141
0.028544154569628	0.44886185081083	141
0.067213451806305	0.416944660885628	141
0.071330988819799	0.366010735132107	141
-0.010082751077693	0.545940124607122	141
0.017654524415319	0.721914115256161	141
0.070852745897145	0.4456231155096	141
0.070063439601758	0.408306612708747	141
0.000886736570123004	0.509962758448052	47
0.033767176025874	0.620902930463045	47
-0.11376707881271	0.702587768887132	47
0.068116236336854	0.375502817118331	188
-0.00488545257796202	0.397372498624543	188
0.00792377317888898	0.432462138734176	188
0.099478694314546	0.289220513192334	146
0.04741059522417	0.528497371344781	49
0.031477343905752	0.26712387898351	49
0.027977903487708	0.43464807893913	670
0.059625047701825	0.391889482021293	670
0.032056404332985	0.321049888843792	670
0.029994818740483	0.329434595352927	1164
-0.04664535139033	0.467334706723628	28
0.090741053427174	0.299927905250263	56
-0.088066111496496	0.228752102721505	90
-0.124873184738037	0.390174358355463	76
0.038553785579531	0.19980113560382	76
0.047523462332102	0.195197901983396	16
-0.04093340103318	0.360031202748568	16
-0.081308217797875	0.229779893299134	793
0.069585504682691	1.07121423713573	967
0.00993777419233799	1.06855918293817	967
-0.082188037661922	1.29739702759704	967
0.032380700232576	0.799624760079314	967
-0.112816172882239	1.20084640369218	967
-0.093843185498345	0.893888810660993	967
-0.00906228667513198	0.585327549551395	967
0.054762815899767	0.551241950246818	25
0.083900156179928	0.507195493179459	25
-0.054284105619708	1.30419565068293	25
0.043278007191168	0.81467318211567	266
0.050712677137753	0.93220000560381	266
-0.051538042864227	1.31329491349697	266
0.109398707891038	0.565674970274808	266
-0.042645333101162	0.454052100161665	141
-0.042480018898988	0.457293060735862	141
-0.044449946459057	0.457891505156696	141
0.070912150914449	0.893276720710226	47
-0.00554195555174597	0.95832224501556	47
0.056024102133926	0.903377268845852	188
0.040464151037934	0.197285393192558	146
0.030037019715663	0.268302279210081	146
-0.029010843643868	1.04863317016698	49
-0.087607394191152	1.0252974080401	699
0.014992550893344	0.757493532193337	699
0.012500720142762	0.571468330723147	49
-0.057516817649357	0.985444262812379	49
-0.03344290728888	0.601134756994754	49
-0.033276865442836	0.364651458965394	1164
-0.112182761657383	0.55159324024436	28
-0.035572030046047	0.352534277302385	28
0.037453025131792	0.472860149490594	28
-0.087245755730482	0.231819826248083	28
-0.080551888366701	0.225643184038845	28
0.104802741745863	0.113880586116634	28
0.076757279190829	0.460079208639106	28
0.111080992199109	0.11353931257781	28
-0.077885536002721	0.219753137178027	28
0.091353125589279	0.298931390172066	56
0.054596930583645	0.352539396243219	824
0.095788743090603	0.331408130139608	824
0.11561420249907	0.11228656899571	90
-0.051788584968999	0.293038239364604	90
0.034115420764546	0.26865871604846	90
0.105266820000081	1.56597299517834	967
0.031004749504492	1.6114208690118	967
0.095793548046626	1.31166008568162	967
0.080777166213156	1.04015230288401	967
-0.075224637270579	1.38917028995901	967
-0.080402025278176	1.07301637862711	25
0.107871660641168	0.563971249126362	967
0.037283331656351	0.543317000191102	266
0.048691569624393	0.497273339337181	266
0.112793678255353	0.615580579301261	141
0.052867750960465	0.545768587081154	141
0.071776168760785	0.463269718797981	141
0.115907611465834	0.48357055878191	141
-0.000496882020053047	0.753923655614428	29
-0.02138170639534	0.594582417636634	29
0.046083862350929	0.490869965883415	141
-0.0625485905520961	0.78303063149013	47
-0.019805610038063	0.667223818461676	47
-0.121419952585081	0.894753004365027	47
0.00743773134576797	0.494587603156265	47
0.093792638855799	0.604055661625823	188
-0.00272276343698397	0.565066383968075	366
0.038733809002625	0.428652148313609	366
-0.095033360810644	0.501185864974179	366
0.026644506424858	0.273873482899527	146
0.05523907316708	0.396110745180004	146
-0.121127242749945	0.544018123781806	366
0.122793060501503	0.497448614954582	49
0.122767078251672	0.391274229624055	49
0.000156864040350979	0.608005630859731	699
-0.073359426087389	0.547065050735865	49
-0.039267331487657	0.359254081704075	49
-0.00673383627374302	0.386462536198571	49
-0.095362214737995	0.496815112565031	28
-0.120963088447119	0.39049712732445	28
-0.108152760476033	0.376444098753138	28
-0.082849608363218	0.228720993086107	28
-0.082632648054503	0.230550960741628	28
0.039672857206365	0.198570892006803	90
-0.083199536295848	0.22951558009204	90
-0.07780377687633	0.227409118788387	64
-0.081685336727845	0.224765880081234	64
0.112123061494307	0.114973131154919	76
-0.054520887758845	0.295473214741605	76
0.115347306613337	0.110954114209396	76
0.042064759041843	0.197598618138934	793
0.070629487818538	2.1445849899659	967
0.08828715177383	1.77076479280862	967
0.107172913768315	1.32338712551189	967
0.103942428076806	1.02706340052523	25
-0.041296290377196	1.39268566268624	25
0.116281468372196	0.784878681208184	967
0.00922893100009498	0.945185733442014	967
-0.015132119185244	1.19837976606473	967
-0.043047983342553	1.04978409942734	967
-0.11525310299382	0.544631773436318	25
-0.07027978234862	1.10998641342539	25
0.069468632739231	0.611797638721629	266
-0.082083366169604	0.575734789574841	266
-0.017557722550854	0.65442029895357	266
0.093433409159969	0.362816937658658	266
0.087731465269524	0.365580750611105	266
-0.036796640950171	0.752342414399017	141
-0.052527255392175	0.676926311395898	141
0.100076214755553	0.472918236636657	141
-0.073494720124942	0.724017926560647	47
0.103881152823123	0.468514515231579	47
0.097270989923364	0.246460370268731	47
-0.027573463482091	0.73312854323458	366
0.083935138712155	0.48719004064701	366
0.00396638841819202	0.586100947752153	366
-0.0666819994432351	0.733730113615637	699
0.10076111762426	0.386754471629437	49
-0.00739159072062201	0.400340349863675	49
-0.121280807531719	0.573031511965838	49
0.033414492086928	0.434478858175832	49
-0.083391844186964	0.227459881106157	49
-0.087499856473756	0.227973061801536	49
0.00995573331044203	0.422085269778916	28
0.100605526054927	0.244001362475462	28
0.041537367211238	0.196843147214707	28
0.113775933333423	0.111202432084785	28
-0.057753422116166	0.299600430019582	28
0.110813826690365	0.113772710115371	28
0.050190020761058	0.188428203438766	215
-0.076417683921763	0.223160788798814	28
0.031965907596135	0.264127996847969	28
0.034803822823933	0.197160314385022	56
0.046407448578281	0.195486113699481	90
-0.086426040214859	0.23111507384329	90
0.106112415250477	0.116155148037716	90
0.112911801013283	0.112883681223137	76
0.110813826690365	0.113772710115371	91
0.112643758889374	0.113294442733233	793
0.070199428939027	1.77100093437143	967
0.033353189334056	1.88931999095206	967
-0.118829362238073	1.77026115325118	25
0.045812477765205	0.869931590801111	967
0.120192811586401	0.691576495419967	967
0.00106847080681499	0.498266821512356	25
0.074646026441787	0.675599761502695	25
0.078730281741768	0.448931314931958	266
0.122150958806329	0.172444026239335	266
0.100388249935654	0.387989374586172	47
-0.121247632207562	0.558644617010559	188
-0.00553667277648295	0.744360391650569	188
0.102006216622848	0.434851859732267	366
-0.099512979511264	0.749802876022658	366
0.033137078806719	0.533051302171094	366
-0.073150449437047	0.728738214593031	49
-0.038844145856209	0.443572621930836	49
0.047587928207805	0.579904731272311	49
0.120427771893988	0.176032124298812	49
0.016010187913932	0.408630114446678	49
-0.010321846858584	0.48044794753016	49
0.033861901957982	0.481255896527451	49
0.017253435089983	0.416418390687449	49
0.05523298783993	0.388559248133622	28
-0.058335709488735	0.298764509089938	28
0.111602139321358	0.115032192174277	90
0.11239000863255	0.112944560089795	90
0.111602139321358	0.115032192174277	90
0.112643758889374	0.113294442733233	16
0.112123061494307	0.114973131154919	793
0.080683062119013	2.0448890964555	967
0.117940829032288	1.25714105425367	967
0.048915472474016	1.35142595358275	25
0.066831682601513	1.02033026552429	25
0.112821234151061	0.846478634037232	25
0.119123914330374	0.755242170822019	25
-0.06517624320548	0.854616867323063	967
-0.069543892293961	0.431940487306342	25
-0.0855551499106561	0.732621189942125	25
0.073969035975161	0.406553252170612	266
-0.087247877692186	0.582865699641285	266
0.027601840809019	0.269546896612232	266
0.030836024773504	0.269299808188036	469
0.077433130878389	0.464040640790749	141
-0.0962266441827609	0.690622799149852	141
0.052400666347999	0.517311011771123	47
0.097739460381904	0.362598597748457	47
-0.11373718397812	0.644134861146863	47
0.083754211991669	0.42437823178138	188
0.101081402340599	0.413104908331833	188
0.012245251732361	0.523632357392638	366
0.095189005259267	0.493194368281328	366
0.060318638283297	0.416620991345165	366
0.043538975731229	0.364434981892029	49
-0.122769481286403	0.571587983879677	49
-0.013294497104281	0.472698268469724	49
0.102881216310237	0.233405784670012	28
0.091095555614937	0.293724606988667	28
0.098928237230975	0.245748783141844	28
0.118333470475861	0.109009221620307	56
0.112123061494307	0.114973131154919	90
0.106895142792059	0.114065326676144	704
0.112911801013283	0.112883681223137	90
0.114299951550314	0.112618511833295	793
0.099086945221362	1.89112508908693	967
0.052819289827062	1.74820317207286	967
0.097210440423828	1.2565844124186	967
0.018316859905792	0.931867451061637	25
-0.099658283638703	0.509345179490047	25
0.067369815821187	0.470329667622074	25
0.027071921811306	0.876398634830064	25
0.083895702583918	0.386722478726176	25
0.024477533221852	0.270172588160209	266
-0.0320513080146539	0.364250031400353	266
-0.076828379090357	0.440754433480139	266
-0.07373656405249	0.208947208830654	266
0.052355272547366	0.708087258691535	469
0.093160379956115	0.632827008510453	29
0.072553403670559	0.59886897991463	29
-0.029585749414729	0.749557860856276	141
-0.0448400589326839	0.623805307471722	47
0.090741053427174	0.299927905250263	47
-0.017924937528222	0.483951608272566	188
-0.049563834860927	0.778603927694512	188
0.101474224351639	0.522865963204347	188
-0.107947177769338	0.877022022146221	366
0.071992544647647	0.411823650396608	49
-0.075681903145682	0.437896533588926	49
-0.081467189205175	0.646770048490401	49
0.019431780523334	0.412056318429698	49
-0.11807387421575	0.395203771424001	49
0.113433367963492	0.111280618271974	28
-0.081118508158911	0.225738968647028	49
-0.039803828744386	0.363448096756285	28
0.028797789411103	0.192780642794089	305
0.11239000863255	0.112944560089795	28
0.092253502346035	0.246514990941667	28
0.000365562394520014	0.386750161820851	28
-0.059944165839978	0.298707817893249	16
0.106112415250477	0.116155148037716	91
-0.081308217797875	0.229779893299134	793
0.030032933100769	0.330959886036998	266
0.105674374921861	0.348417660766065	266
0.034013709523943	0.197062884908745	266
-0.111960675611697	0.486956089283566	266
0.025325649346197	0.267492034344582	469
-0.083633251326318	0.58608805762105	29
-0.115367198699895	1.29360917113719	141
-0.112350102410527	1.02712387337569	29
0.115175007694682	0.530385559406563	29
0.118912020076298	0.4268494146846	141
-0.10522247331141	0.506891405259833	47
-0.060805607902139	0.518698335278031	47
-0.082786168773584	0.977167109775536	366
0.116646206131864	0.63797475499357	366
0.045767969333363	0.779283720157497	366
-0.043941503223731	0.931803516822888	366
0.076223191764203	0.593571298494055	366
0.09561408526267	0.448840173046688	366
-0.115062776708132	0.892918584355849	49
-0.017360414997049	0.785466084600106	49
0.091453291726163	0.580696255205928	49
0.043650171926482	0.196414488891955	49
-0.082283654715912	0.227931457197007	366
-0.080674729114771	0.660244939109908	49
0.067231195690087	0.415622661653759	28
0.060088748664422	0.421628873114667	28
-0.073542672431125	0.440996664446369	28
-0.120473258702229	0.699068106423712	49
-0.122054118310504	0.556058093943626	49
0.094100015315959	0.246526612263239	28
0.115347306613337	0.110954114209396	28
-0.079190817443659	0.225403106439413	215
0.042023127379402	0.365552990104801	28
0.038785197228203	0.197747169799168	90
-0.045942669887329	0.285822070601558	16
-0.058558201966913	0.300448356876538	16
0.03503251316599	0.196609527488191	16
0.122150599544463	1.24158371849855	25
0.010445507589238	1.8361020431944	25
-0.019543734911263	1.79486200313814	25
0.056862586546096	0.952623492594079	25
-0.019892628030987	1.0084628255853	25
0.014306779203512	0.741901826178796	29
-0.038697917810649	0.466173111835989	469
0.062585820791197	0.66652533634452	29
0.042186924198893	0.687844439533709	141
0.036279558323085	0.477432253225048	47
0.000328809781530992	0.372866401415285	47
0.032378489009562	0.441134675076789	188
0.036168993110841	0.564049478425111	188
-0.033008073333207	0.840012755915375	188
-0.030845425155239	0.648231886847323	188
-0.089533619308129	0.591623484719848	366
0.032454558156613	0.33219813019566	49
-0.086173284288692	0.22640914189201	699
-0.081874867372603	0.229873084039577	699
-0.0356780826902811	0.458369106624892	699
0.062942653479279	0.413928129039834	49
0.0278462952597	0.271798049310183	28
0.00966056455700898	0.41614441596233	28
0.100765165372755	0.415519633206096	49
0.104802741745863	0.113880586116634	28
0.109594773539516	0.113465995883652	28
0.099212546364172	0.241544535157864	28
0.112643758889374	0.113294442733233	215
-0.08560696829641	0.226950352918593	206
0.112123061494307	0.114973131154919	16
0.044782450398598	1.57763792953892	25
-0.092835490425075	1.75398487376388	25
-0.034810938171477	0.358273712649085	266
-0.0965503050468181	0.49364193057002	266
0.099160919251681	0.501427155594962	47
0.057291626703952	0.390673030547988	47
-0.012060327253605	0.399982930276585	47
-0.111253224328185	0.537546408921171	188
-0.117062426425712	1.08072895678954	188
0.052764387381403	0.58495531825696	49
-0.034781524186858	0.458702385658077	49
-0.056175296585478	0.594891064456141	49
0.076114255806845	0.487795345374096	49
0.019670639261019	0.688987651540369	49
0.022760480832791	0.554198592120774	49
0.036501250181232	0.259060499906749	49
0.044208243085981	0.196626825000587	28
-0.080551888366701	0.225643184038845	28
0.111853708958516	0.112088272718431	28
0.11133387988801	0.113712652956432	28
0.111853708958516	0.112088272718431	28
0.095102620610735	0.325753644544534	28
0.035593749522853	0.195917691382503	28
-0.087812170675417	0.231240314047897	90
-0.082283654715912	0.227931457197007	90
-0.080551888366701	0.225643184038845	16
0.037433886178306	0.196584228370242	16
0.091558996377338	1.21328978809851	25
0.076514316356975	1.02993081869175	25
0.0107275205383	0.678793729460978	25
0.04696555829762	0.195697318723232	25
0.101166898245753	0.635002433423006	29
-0.12122014259767	0.396657064016754	266
-0.001518014558896	0.385332526473426	29
-0.078933382887377	0.226494530252324	266
0.030014247744742	0.579498976382027	366
0.120026585512033	0.521453633103433	366
-0.00952338220765103	0.756090929657128	366
0.00428445701987701	0.753035014982881	366
0.033243907075119	0.479601868294264	49
0.067884415318059	0.468106643852663	49
0.037588265771562	0.722185408726717	49
-0.071538775041022	0.436909038874704	49
-0.036659751709143	0.528224279858472	366
-0.015225162255155	0.586834237206074	366
0.080818756342394	0.516235798044692	49
0.00592200294292999	0.591171128796841	49
0.039113424792125	0.199650098479209	28
-0.0320513080146539	0.364250031400353	28
-0.00753029233242097	0.537189931006924	28
0.068260227680269	0.415132007899314	28
0.011952993880463	0.627726491942053	28
0.097494176976734	0.241404825968882	28
0.112123061494307	0.114973131154919	28
0.105585049477079	0.115107263657516	305
0.024956177777261	0.273042876154211	544
-0.067182759324076	0.529474397981485	28
0.033078897432515	0.327318264808654	28
0.051214216046137	0.361927768811685	28
0.043447742823634	0.196899251769067	56
-0.073459619239768	0.444260725945798	90
0.038697550375299	0.322741240219381	90
-0.083415771078558	0.22815883731346	90
0.043650171926482	0.196414488891955	90
0.108810355957882	0.113734591791858	295
0.041271793486379	0.195143571077156	16
-0.043749550035707	1.78888020574756	25
0.042995508691682	0.420834472051174	25
0.10612688404413	0.803110665816688	29
-0.087245755730482	0.231819826248083	266
-0.058731175731141	0.292993031220639	266
0.091318490625106	0.398465294452835	47
0.025649275672419	0.273740395719026	47
0.094275624150577	0.611140365299533	188
0.00663609104394403	0.558199433269306	188
0.052065694681323	0.707803637197902	188
0.094265809758652	0.330699407361308	366
0.090178206998239	0.295713282227701	366
0.054840493730218	0.648612597159703	366
0.047729201225509	0.7033690514841	49
-0.0554266205919171	0.291003148747578	49
0.044208243085981	0.196626825000587	49
-0.043201265840731	0.772869107257908	366
-0.00617242608395296	0.398027402303987	366
-0.045410949534201	0.54275830837325	28
0.111853708958516	0.112088272718431	305
-0.082632648054503	0.230550960741628	28
0.110813826690365	0.113772710115371	544
-0.011478093318933	0.478777843835895	28
0.097948261250933	0.292716959624674	90
-0.058393909114892	0.518959242376468	56
-0.082849608363218	0.228720993086107	90
0.107423158596091	0.112849552995292	90
-0.081308217797875	0.229779893299134	90
-0.036386624394792	0.361506735160294	616
0.106639551297304	0.11488364968898	16
0.04778003959626	0.189139031657178	16
-0.086426040214859	0.23111507384329	16
0.097368855525557	0.356883792281413	25
0.024025755131831	0.550293257138364	29
0.098586617399577	0.244397287971181	266
0.030836024773504	0.269299808188036	266
0.097712520992808	0.389940179198429	29
-0.034587142045764	0.964501581489696	29
0.030380279079827	0.859221883518505	47
-0.056007969123363	0.29588179193304	47
-0.036391260956127	0.456502601223404	47
-0.038197626148999	0.352645643461978	47
-0.063396389518412	0.906865460647654	49
0.097610538380758	0.474575332490296	49
-0.096586363839378	0.498454167204965	49
0.099465512815674	0.391468314901631	366
0.016116271974198	0.421742670363731	366
-0.025874280668106	0.344851634840159	49
0.063416299361957	0.387252437773605	28
0.029922207997328	0.325696165036281	28
0.11133387988801	0.113712652956432	28
-0.087812170675417	0.231240314047897	28
0.103411650417251	0.239422593925917	28
-0.074269981266146	0.430943903024375	28
-0.083391844186964	0.227459881106157	28
0.11133387988801	0.113712652956432	28
0.11133387988801	0.113712652956432	90
-0.116014451220364	0.391855311929378	616
0.034957546576314	0.267818868716928	616
0.038225131971183	0.195337929159257	616
0.11239000863255	0.112944560089795	591
0.043650171926482	0.196414488891955	16
-0.082849608363218	0.228720993086107	16
0.044766108565605	0.196127072599956	793
0.073450887490306	0.876445552361077	29
0.050324827219535	0.739898882905434	29
-0.037554264938942	1.07450025928927	141
0.077433130878389	0.464040640790749	29
0.105183799906611	0.411410947387903	47
0.033452496557965	0.197759970274315	47
0.112822842142219	0.51562106295956	366
0.073985457148013	0.47170800452293	366
-0.12482404341549	0.741199975139888	49
-0.109782796060061	1.12482515478074	49
0.039171471942264	0.625827932961559	49
-0.037802965647997	0.46541410402592	366
-0.108749969157057	0.640604533964845	366
0.123949254300924	0.176275685690167	366
0.043973464457907	0.197417117370018	366
0.047227449817268	0.363173568871358	366
-0.086774971778568	0.9874427444152	366
0.098256722515075	0.420562918256102	366
0.014437278050261	0.425224073924444	28
-0.108581910445499	0.514381497999891	28
0.106871478113248	0.404754534898047	28
-0.0523350577596809	0.292399398043092	28
0.100833114259372	0.11311585747126	849
0.038037442498338	0.325439313302128	28
-0.099039427201383	0.508464911102244	28
0.013841762517609	0.4243601809419	28
0.112123061494307	0.114973131154919	28
-0.076675003055616	0.222901496642617	90
0.106639551297304	0.11488364968898	90
0.112123061494307	0.114973131154919	16
-0.116012933282819	0.39931251048717	591
-0.119158242139175	0.398461427196859	1749
0.044208243085981	0.196626825000587	1749
-0.064873914026511	1.57924980369383	25
0.110142170293869	0.512600502502438	25
0.02040881850933	0.734590471231384	266
0.033744380337823	0.330888856668619	266
0.029875965454189	0.274655154287874	29
0.08537070011741	0.297030680292587	266
0.11611083449891	0.172470244452523	266
0.040464151037934	0.197285393192558	266
-0.041366709148027	0.985551882247692	29
-0.06234083642689	0.744075586058668	1275
0.079564031401286	0.62536491209158	29
0.092928130439465	0.581681243334587	47
-0.080343134729169	0.658432558101065	47
-0.024936514956369	0.338590483172032	47
-0.00586295112871005	0.399887106053959	66
-0.119893879013545	0.573141377871254	366
-0.080879208139663	0.772340892277982	188
0.050552022550388	0.601170466483288	366
0.113837627043514	0.516199235318227	366
0.111913540544414	0.444257411115577	366
-0.048318482422273	0.647394233750282	366
0.004635986770191	0.664589765585401	49
0.037993939423732	0.199032119088873	366
-0.032313537028266	0.362901098360337	366
0.033425250300448	0.574649503818271	366
0.093453721131671	0.316200656937085	49
0.046116249361723	0.191453794788639	49
-0.035621994961383	0.537598277112779	28
0.05579334955945	0.389322858821389	28
-0.118103204708841	0.808853840839046	28
0.025199038164729	0.273950616800281	28
0.11561420249907	0.11228656899571	28
0.035069358943248	0.262776014211148	544
0.11561420249907	0.11228656899571	56
-0.059722472874716	0.297564444788935	56
0.111602139321358	0.115032192174277	90
-0.061728499834898	0.296863916878707	206
0.038553785579531	0.19980113560382	16
0.0377623355468	0.199688159930782	16
0.114299951550314	0.112618511833295	16
0.11943947386263	1.55641368469358	25
-0.018221896510829	1.84842404515164	25
0.110145526997799	1.0878379581618	25
0.027176735630689	1.14096272220972	25
0.049693329503648	0.360300887310915	266
0.048533957448347	0.394579042270985	29
0.065711155922537	0.742193135139616	29
-0.064177353140331	1.01309386961224	29
0.051348853888088	0.594727992552096	29
0.103649494376958	0.635619503724626	47
-0.066556411977016	0.52260982287276	66
-0.100232116280696	0.499943287404903	47
-0.0563252206798171	0.579756757975588	366
0.1195692222378	0.426457737699618	366
-0.053846346805332	0.299328929470538	366
0.120077309907454	0.521696520622629	366
-0.110950092105582	0.932642944671793	1441
0.115443229130599	0.590982708783912	366
0.052898440784549	0.576640398119764	366
0.105329228347668	0.114890015465784	366
-0.086933810661484	0.225009301613626	366
0.004891886116827	0.494930325774997	366
0.051702741949185	0.554213276846905	366
-0.064890148604177	0.852092537239798	49
-0.033938083895525	0.356796661997993	28
0.106895142792059	0.114065326676144	28
-0.038789886132966	0.363623595534182	28
0.099488346223739	0.327260943511924	28
-0.000229420108127987	0.51051482327818	28
-0.079755773491192	0.224427191828899	28
-0.077239286016319	0.226197788327762	28
0.088290380646221	0.296421071392389	544
-0.042621620654598	0.463083289142083	28
-0.0866795500923629	0.231015106598707	56
0.049365014251897	0.36245736712085	56
-0.030720414355543	0.354477163262822	56
0.111853708958516	0.112088272718431	90
0.111602139321358	0.115032192174277	90
0.114299951550314	0.112618511833295	591
-0.087245755730482	0.231819826248083	53
0.112986023293713	1.07041260994838	25
-0.063309188616459	1.16505645227642	25
-0.056331015398421	1.29518679668689	29
0.117847903804066	0.577610970724712	29
-0.089631271049211	0.59116741585146	29
-0.000306129951027967	0.390023188494527	29
0.121462701714561	0.173442082355015	266
-0.0518877011116921	0.341153910912807	266
-0.104307969952694	0.505259270349831	266
0.022335733843293	0.883345236983901	47
-0.018679998558972	0.933412083658566	47
-0.050049251506595	0.293848540566918	2235
0.067888995697908	0.662451882675307	188
0.017229982744777	0.732766704787402	366
0.084243191019428	0.455353232539726	366
0.049702853809696	0.388191003250642	49
0.085430406945332	0.247747566726611	366
-0.03533717697326	0.719844941377295	366
0.076242253845038	0.528735240419875	49
0.04581722265319	0.56107610407943	49
0.113433367963492	0.111280618271974	28
-0.0828643536660441	0.781544080666444	28
0.102441635225139	0.243273008201214	28
-0.069420599086002	0.814014692018279	28
0.011003930228973	0.487159880072103	28
0.097189075816277	0.321764756972147	49
0.105329228347668	0.114890015465784	28
-0.010476506468855	0.398916229675437	28
0.04186597437342	0.195396399092148	56
0.042328133109186	0.196302257206015	645
-0.0866795500923629	0.231015106598707	645
0.112643758889374	0.113294442733233	90
0.042064759041843	0.197598618138934	90
0.105585049477079	0.115107263657516	90
0.115089536983158	0.112348134554799	1111
-0.0305271816995329	0.354262907085472	1111
0.042387656393906	0.194855824276919	16
0.043973464457907	0.197417117370018	16
0.09125844911451	1.04721959393743	25
0.10581417614443	0.811467588389205	29
0.077669373195302	0.69471935039664	29
0.055451113120346	0.505918124477653	29
-0.049322033183403	0.93946072174381	1275
-0.051572760389245	0.662166517721585	1275
0.045103626592993	0.732366680157689	29
-0.063680744250028	0.599252474683627	47
-0.00183267689734801	0.394904553698123	47
0.096738532693741	0.320253000208617	2235
0.039113424792125	0.199650098479209	66
0.102740671163796	0.319714502282663	366
0.100645729716804	0.384667051539617	366
-0.071988925607525	0.753444778411602	366
0.000169654332110025	0.598688090129943	49
0.106614780994584	0.489633717227618	49
-0.048442578710061	0.292290357816374	366
0.100712085251648	0.241793163421954	1180
-0.018660138529621	0.554182483723063	28
0.065645503666495	0.419170713531466	28
0.102888358854862	0.23785748878595	28
0.042857552425884	0.197703856707579	28
0.11561420249907	0.11228656899571	544
0.029418177575432	0.330768587891001	28
-0.118001104010333	0.566271791906304	175
0.09434585267744	0.291322424211596	56
0.03023493620871	0.271852378358553	56
0.031123055156689	0.266801471646176	677
-0.048442578710061	0.292290357816374	677
-0.09009914022536	0.22419280428619	56
0.031322339627252	0.273181200092021	16
0.101367665604058	0.112957040771048	16
-0.074783435808533	0.21956320621274	16
0.111867990649127	0.111527541388821	16
-0.00013035815066198	1.24195229535177	29
-0.012450195130931	1.00606775827401	29
0.054159010503632	0.48494631531006	29
0.086697739207953	0.298916311956966	29
0.045639970928035	0.190125229213259	29
0.048315648015441	0.194652911614615	266
0.04265695270042	0.197444510551641	266
-0.063062283035488	0.863779837989123	29
0.055914681199163	0.75218877006113	1275
0.117185040942752	0.648058095265413	47
0.049357146449692	0.756939235932257	47
0.018595850510196	0.790309287237437	29
-0.033984521166286	0.353449328958869	2235
-0.030593115250835	0.824959649827079	188
0.100547672372825	0.617096502522494	188
0.123706908863159	0.535875240865758	188
-0.104087046072733	0.99459606066664	188
0.096875329195477	0.53973202602318	188
0.105757622246871	0.374280796374955	366
-0.056840912509174	0.828272841821429	49
0.079843858645775	0.46417365976645	49
-0.059658454987123	0.511029735454427	49
0.048453127774362	0.490411591201573	49
-0.062898720155686	0.294849674059656	366
0.042387656393906	0.194855824276919	366
-0.076982125918146	0.224335136500647	366
0.124130014336096	0.369774922028933	366
-0.020872053287029	0.476528514926693	28
0.044903175945406	0.498520363045058	28
0.110813826690365	0.113772710115371	28
-0.072352682643086	0.433303704174234	544
0.089001625834573	0.330428473242435	28
0.088536497102947	0.295772948541742	175
-0.076910421541181	0.440082067262695	175
0.112911801013283	0.112883681223137	56
0.102751521268976	0.112784819413265	90
-0.078922685772883	0.439220602764907	2741
-0.057171369712911	0.299433731617199	16
0.044007237400814	0.195839006394488	16
-0.114323115266484	0.399498058054623	726
0.112123061494307	0.114973131154919	16
0.086570771029575	1.09187445221049	25
0.049729812269641	1.07685737600447	29
-0.013934001499374	0.920053987923062	29
0.08867666979014	0.469164080959089	29
-0.00524453803671199	0.514375125268362	29
-0.082065968681697	0.230458165802187	29
0.03488813075369	0.321098267829695	29
0.096297495030455	0.621012577124482	29
-0.064064795200304	0.858265347165952	1275
0.082624767985673	0.426198536014324	1275
0.040173884987466	0.558951567067647	47
-0.091608137201265	0.484520969845801	47
0.020883323206961	0.26576044606486	66
0.085870340404193	0.431321425494775	188
0.097337423120006	0.293309811944587	366
-0.00056904219593501	0.543505620915411	366
0.00179327426625697	0.675470281035438	366
-0.062512452416577	0.819675945138753	366
0.111853708958516	0.112088272718431	366
-0.057794302990502	0.296051139657442	366
-0.11723054155814	0.397973965849738	49
-0.07836847578401	0.227502697104956	28
0.088752995869228	0.248008393395516	28
-0.00887023034676204	0.390585890511649	28
-0.0309135315051911	0.359041843858896	28
0.106112415250477	0.116155148037716	28
-0.0858598839870131	0.230314192318227	28
0.124643896456284	0.174588614458863	28
-0.00859437036795996	0.401590011726759	175
0.031275429028444	0.191085390590597	677
-0.083008793139153	0.22578525915807	56
0.112123061494307	0.114973131154919	56
0.115347306613337	0.110954114209396	90
-0.081308217797875	0.229779893299134	90
0.112123061494307	0.114973131154919	90
0.111853708958516	0.112088272718431	591
0.115089536983158	0.112348134554799	190
0.09657024427742	0.249384091053945	29
-0.00416958709899296	0.465817972990029	29
0.098169611720641	0.749301513601501	29
-0.0661189952060241	0.988098938427484	29
0.074105206247338	0.640753450242553	29
0.037246936989266	0.770106520610684	1275
-0.065235342964042	1.13607516761407	1275
0.082661864978495	0.607661853464518	1275
0.077105132546927	0.631413599425516	47
-0.01085295370464	0.401221487177183	47
-0.01142268988962	0.658598544014545	366
-0.00988695912570903	0.714741773172145	188
0.085681655099052	0.483644503833438	366
0.017157200211115	0.864725807362642	366
0.066096596099148	0.609225657272843	188
0.107629387888541	0.517655234266551	366
-0.10946892354822	0.902211605289665	366
0.029661930919158	0.580410980102276	366
0.082691716916915	0.594020065321389	49
-0.073320483760094	0.548442929632519	49
0.101124397295078	0.512111992254107	366
-0.049826007178829	0.294680286074608	366
0.022275990787674	0.511089327670377	49
-0.0809332359463391	0.225848918900511	28
-0.081874867372603	0.229873084039577	28
0.02773307927447	0.269452337682965	28
0.0235128836016	0.40747286939073	28
0.010402411528788	0.422962413932008	28
-0.03266396370914	0.364927520684338	28
-0.038301989945556	0.361172702165791	175
0.065717468037571	0.376372378546145	175
-0.031998120871891	0.353463856416226	677
0.11561420249907	0.11228656899571	99
0.105329228347668	0.114890015465784	90
-0.083958762287729	0.226470686444405	16
0.112911801013283	0.112883681223137	591
-0.076982125918146	0.224335136500647	591
0.047199609445477	0.194941439715104	190
-0.017256063568827	0.556749542678066	29
-0.055406996129389	0.670411524415976	702
0.057072173104923	0.426906533999595	702
0.094519086754342	0.295968707133463	29
-0.078747884238204	0.436112555704988	266
-0.093290182406779	1.24953645651214	29
0.00341529062291501	0.53730140677602	29
-0.0226556633994049	0.613315566687699	47
0.098143132433117	0.247330801282501	47
0.047757731573655	0.195150846424252	66
0.045310096959154	0.188499516789091	366
0.069157963765934	0.616278237524019	366
0.010452850361222	0.715985642832155	366
-0.084022198725496	1.04210700719163	366
0.116777716109687	0.608977404082642	366
-0.032402001099835	0.362645995887582	1180
0.100615043953771	0.519880973280502	366
0.117441620876905	0.428937032142331	366
-0.049332933326222	0.287486451991141	366
-0.0415472832164751	0.361252503297719	1180
0.117023320212522	0.563742296153918	366
0.00268011387018202	0.761432847514019	366
0.099716742695968	0.239243180901884	28
0.104849317345532	0.383621721332233	19
0.045493843224751	0.637944914579926	28
-0.085495324444405	0.651700645295539	28
0.103348419099362	0.429075309011274	28
-0.073397868709379	0.219173348308329	929
0.088955776567191	0.296546082123718	175
-0.032469521965369	0.444379373099478	677
-0.117274989782016	0.558964345367733	677
0.11133387988801	0.113712652956432	677
0.116138640348068	0.11068858558371	56
0.043180646496689	0.197311888785559	56
0.099812121038638	0.113744894429683	99
0.031079264884806	0.272544455666127	16
0.034980816154625	0.321070552849274	726
-0.049246193511319	0.294096986386234	726
0.032320116326297	0.265706442512603	16
0.110813826690365	0.113772710115371	16
0.11239000863255	0.112944560089795	16
0.041380603734206	1.213202801158	29
0.023945772324598	0.608724709092278	702
0.042764196768434	0.419407155088386	702
0.025864608840838	0.263510935953003	266
-0.110193675994618	0.746845421807165	47
0.049569320996396	0.57778245693766	47
0.097907236654821	0.438958039023567	47
-0.026794418772029	0.351531747612685	47
-0.099635006738607	0.49154306305125	66
0.086342020025783	0.507996303146837	366
-0.070986353645134	0.525642710512046	366
0.088775663471484	0.474760657706825	366
0.104501460134895	0.607242218271988	366
-0.0477385545997	0.578664858216744	366
0.096383943379125	0.526275071247775	49
-0.0832468200261181	0.848140065779429	49
0.036865921088174	0.427926777518377	366
-0.00493225083132098	0.398086317418787	1180
-0.036227103367795	0.731850895950813	366
-0.097863353787372	0.879939237207672	366
-0.00993384981419598	0.749007650797535	366
0.044531112100656	0.196091216271099	49
-0.0801396104848781	0.660467526249636	19
0.10201690583118	0.494957642083701	28
-0.064947232481593	0.670602742737477	28
-0.013051888228574	0.468711688722869	28
0.10118519603126	0.413654262871615	28
-0.081308217797875	0.229779893299134	175
0.111080992199109	0.11353931257781	677
0.110813826690365	0.113772710115371	1064
0.104802741745863	0.113880586116634	90
0.111602139321358	0.115032192174277	90
0.11133387988801	0.113712652956432	90
-0.110818905128664	0.38992058259456	90
-0.084334366127521	0.218371632472214	591
0.105585049477079	0.115107263657516	16
-0.051981532755084	0.292846040132638	16
0.115089536983158	0.112348134554799	16
0.038553785579531	0.19980113560382	190
-0.036163159762204	0.874337051915769	29
0.038682557433304	0.800727210981742	29
-0.070711503272091	0.526197666893654	702
-0.049246193511319	0.294096986386234	702
-0.079837417008119	0.442472317979212	29
0.05093279470369	0.359771704742046	29
-0.086113553611644	0.22793864773109	29
0.10980126039061	0.634537066332254	29
-0.0501586143288431	0.663620765781165	29
0.123107616748604	0.520186890397929	47
-0.03292585137087	0.364564227852819	47
-0.01480563755987	0.620535465631015	47
-0.03528024872307	0.460878087525691	47
-0.114930478824926	0.398512814098925	47
0.030972612374897	0.320680678071037	366
0.013818167934736	0.417445649650385	366
0.016183595110381	0.730889144826024	366
0.00404539522770597	0.744057115756867	366
0.034777505569658	0.656737391810123	366
0.111744569843501	0.49628936795331	366
0.099413588139675	0.420162693452469	49
-0.014927960077313	0.680346902739707	49
0.063482372816853	0.420988524734947	366
-0.00276841305698905	0.727029581142714	366
-0.011403139730534	0.812793164717628	366
0.106639551297304	0.11488364968898	1180
-0.082952566073203	0.217954333205504	366
-0.121948290845689	0.394531880549074	366
0.056418142298918	0.349938536018186	366
-0.031401765271332	0.355350266694689	366
0.029351336857419	0.331301871131855	366
0.047765912255272	0.661849287889963	366
0.077766319182	0.43328886413207	49
0.109063618653346	0.11247761804126	49
0.070903243362209	0.408075019310369	19
0.084364829048636	0.454361075543012	19
0.115089536983158	0.112348134554799	28
0.0247204285216	0.453617279708837	28
-0.0845258894521041	0.223516524160668	19
0.113433367963492	0.111280618271974	544
-0.039932195603095	0.53948741766703	28
0.097270989923364	0.246460370268731	1171
0.042387656393906	0.194855824276919	28
-0.02903301104365	0.344199396803665	175
0.03023493620871	0.271852378358553	175
0.042325231122668	0.364106453317634	175
-0.107042626710246	0.383359202331507	175
-0.082849608363218	0.228720993086107	175
0.11133387988801	0.113712652956432	677
0.114823742585628	0.11255724030873	99
0.114823742585628	0.11255724030873	99
0.111602139321358	0.115032192174277	16
0.109340394058329	0.112518694557235	16
-0.083766633554906	0.226437544952762	16
0.021914196509686	0.724242679462419	29
0.093761014425556	0.237759048657781	702
0.033578043799209	0.757949827192896	246
-0.066367182716914	0.913737025628371	29
-0.071186157275309	1.05538370522998	1275
-0.067746443794054	0.81447276527482	47
0.00890878513468102	0.597418987863321	47
-0.052785325485634	0.293677663903112	366
-0.043925316043792	0.47061161466508	366
0.00360440241754101	0.606446951215968	366
-0.0858598839870131	0.230314192318227	366
0.102619134683541	0.557628982030915	366
0.096111425104643	0.502432146831598	366
-0.080481537219304	0.976036302699067	366
0.062826962505441	0.613672686402259	366
0.066530142371752	0.531150817141588	366
0.015314618105488	0.733672505974123	366
-0.0886325758791971	0.228200779400233	1180
0.055463771646415	0.543023087022462	366
-0.09789943082221	0.702929413283641	49
-0.117138876565741	0.813055593208914	28
-0.018320499892046	0.682138880756347	28
0.095283794118779	0.242416859253132	19
-0.082632648054503	0.230550960741628	19
0.11133387988801	0.113712652956432	19
0.10246646584294	0.375909722148591	28
-0.03167444208049	0.451274737437817	28
0.01324603194903	0.422720756878138	28
0.092379759074854	0.29850028185526	28
0.108810355957882	0.113734591791858	99
0.112123061494307	0.114973131154919	90
0.029925022522808	0.265097636745538	16
0.044766108565605	0.196127072599956	16
-0.031911864764128	0.348666609927334	16
-0.081717909987459	0.224923109624601	16
0.116138640348068	0.11068858558371	16
0.115089536983158	0.112348134554799	16
0.105329228347668	0.114890015465784	16
-0.05811342662542	0.294255563664561	190
0.118375440600202	1.07991005541937	29
0.01332647055691	1.10274357994981	29
0.096073591709883	0.731583434088992	29
-0.034464496604286	0.732318321388416	29
0.060622520227164	0.779713345460364	29
-0.108180175199318	1.24362629126658	29
0.049277221570815	0.587307320554275	1275
0.041824572319446	0.749040278493134	47
-0.122117567636194	0.733372330392046	47
0.023385872868877	0.269621131561759	366
-0.069615265348861	1.15635189198891	366
0.011438396948457	0.91705160844896	366
0.064457450724324	0.693607606270997	366
-0.095269560894169	0.992930316619795	366
0.08432613712322	0.661014327629822	366
0.077599707622206	0.696931222142716	366
-0.100325671232993	0.834494540516715	366
0.0854064234908	0.564359675842438	366
-0.054166574829117	0.294281587841487	366
0.021702481662276	0.455174856862283	366
-0.070603949979663	0.928383687066757	366
0.105444506905279	0.237803879550048	49
0.047523462332102	0.195197901983396	49
0.043973464457907	0.197417117370018	19
0.033681165443705	0.197483449472823	19
0.037760794493071	0.321298496946249	19
-0.0381416378913521	0.639591498188546	28
-0.022516765484393	0.564186137379108	28
-0.074781579460423	0.711527906641717	28
0.042415578664955	0.463052936761543	19
-0.09346915957041	0.493895017924386	28
0.000960077934290982	0.501448446656062	28
-0.00616022117642601	0.398927881688659	28
-0.00734151488147705	0.385627056979622	28
-0.0110851633382481	0.399148696280702	56
-0.056641624718022	0.294615258071639	175
0.030879129014854	0.268020666303594	90
0.043415611281046	0.197922002730223	16
-0.053717899617387	0.294636146973436	16
0.112123061494307	0.114973131154919	16
-0.115619745812465	0.389812952147086	16
0.11239000863255	0.112944560089795	16
-0.087245755730482	0.231819826248083	190
0.075078783224753	0.837429287332632	29
-0.051417330638364	0.803178104137046	246
-0.008159523995101	0.693732370790665	29
0.041851602587211	0.66604487061905	1275
0.093834434039711	0.542380104048618	47
0.054205890775522	0.594029941305332	47
0.036492161944279	0.465288926967653	47
-0.106172095803834	0.948403533565878	47
0.00264876629611299	0.652185385080719	47
0.121002398938153	0.175838352108009	47
0.109399823716477	0.345114095534535	366
0.032323758360212	0.575393021464193	366
-0.067271783839579	0.766620954755875	366
-0.071310811517731	0.636723897370624	366
0.105382262721865	0.506261465060645	366
-0.022331852834055	0.651663027374983	366
-0.024784635234631	0.630404996740165	366
-0.102756733151586	0.758009646391925	366
0.059199031027509	0.452939663760893	366
-0.113279177959924	0.756564271123146	366
0.107708906899193	0.314359090093862	366
-0.079662728464316	0.438208898760574	366
-0.079233730557899	0.560436651669054	366
0.103575954881216	0.494421983344757	366
0.065480727798888	0.585927697394711	366
-0.00244226963412897	0.514474238830407	28
0.017681878579812	0.521194352356361	19
-0.00992878332091296	0.53702351647733	19
0.11561420249907	0.11228656899571	929
0.105585049477079	0.115107263657516	929
0.115089536983158	0.112348134554799	28
-0.105554949202988	0.499206356431322	1171
0.031536903280513	0.328578832281796	28
0.098621158115731	0.283060719650149	28
0.04262280560762	0.197815059386246	28
0.101123288267792	0.285441920012233	56
0.047595650768172	0.30747119366514	175
0.123949254300924	0.176275685690167	175
-0.0523350577596809	0.292399398043092	175
0.042857552425884	0.197703856707579	175
-0.054665849890193	0.299063797909342	175
-0.083199536295848	0.22951558009204	99
-0.083958762287729	0.226470686444405	99
0.112123061494307	0.114973131154919	99
0.035871013683546	0.329761811493468	16
-0.0869924056963211	0.230539916127221	16
0.039113424792125	0.199650098479209	16
0.11133387988801	0.113712652956432	16
0.107280447714078	1.03995594431632	29
-0.072216226614333	1.12664851650276	246
0.091879351079961	0.615496837925084	702
0.0817007478977	0.50913355240114	702
0.031994748956083	0.657204188908905	29
0.105709786634991	0.501270916024537	246
-0.114752990615033	1.03517810179421	29
0.072874046480187	0.580308248443696	29
-0.07319342060457	0.864080986443876	29
-0.017924744569537	0.817859036191351	47
-0.0244209271041	0.635333006432429	47
0.098743356106375	0.528063740318341	47
-0.0468049768386391	0.982428714440452	366
-0.103577073699048	0.890308489722882	366
-0.06666242807622	1.10572210148963	366
0.022318000019087	0.554524154070324	366
0.015777789510787	0.776558825965257	366
0.106699252862165	0.379414450241403	366
0.060843583338863	0.50867806422155	366
0.103402639719808	0.495367229040785	366
-0.061652188228796	0.811739161232517	366
0.098283214660113	0.443592827547371	366
-0.014748267141489	0.484100380478344	366
-0.03867678748959	0.613612725204593	366
-0.04192704083834	0.63142560501508	366
0.00794158906083597	0.536179972122053	366
0.097692499934238	0.445727785104044	28
0.038852019283925	0.451069038803098	28
-0.118867965253683	0.69948121365401	28
0.024066945158117	0.538597744283226	19
-0.082849608363218	0.228720993086107	929
0.049044479086912	0.362374660667749	28
0.050014182617977	0.351467525997656	28
0.096966625047629	0.289744788890728	28
0.034694820238807	0.321098360571478	28
-0.032535805240916	0.351791630311325	175
0.083102922023185	0.244674293523877	175
0.101308799439313	0.322587914273639	175
-0.110581641265738	0.39156623092571	99
0.042888041441389	0.197051038353189	90
0.099931899859639	0.242862993717738	16
-0.082065968681697	0.230458165802187	16
-0.078451236710269	0.2204881926754	16
0.039904706615939	0.198350876514301	16
-0.082441725769981	0.228844674254801	16
0.047199609445477	0.194941439715104	16
0.048200241769908	1.03554507088569	29
-0.066831137251497	0.87242208861631	702
0.092160055412941	0.39732500483234	702
-0.108860398133795	0.664628945559745	702
-0.046079484425588	0.648999296897092	29
-0.025633415211654	0.631353018303939	246
0.034786196827899	0.266256418416314	246
0.00165271519356303	0.67972769250806	29
0.054591281172971	0.656522063217496	47
-0.10708321111883	0.5361559506851	47
-0.05658304303151	0.889091805440508	366
-0.035410323463238	0.604039842654931	366
0.060365927059361	0.630768475990642	366
0.010585691827208	0.535023953188893	366
-0.108603532586399	0.989170114279023	366
0.082013010856604	0.51426874932738	366
-0.00706762937062799	0.401499590343707	366
-0.00763485211194104	0.687052376544475	366
-0.019722676924829	0.485254122910741	19
0.020422913665863	0.616156554164728	28
0.040419925121217	0.462590522238158	28
0.020145937388845	0.652793186299215	28
-0.022839095910873	0.54411547454146	19
0.043867250732034	0.366726975614335	19
0.046298295899601	0.359565756730425	28
-0.082445116815983	0.442079405756622	28
0.033973282098759	0.329451261611817	28
0.00817621547106201	0.421641079905959	28
-0.114777067345221	0.389578454425796	175
-0.034370504458775	0.460962333146872	56
0.11133387988801	0.113712652956432	56
0.082616971747323	0.299885786153358	206
0.02628622499724	0.271177044625292	90
0.046407448578281	0.195486113699481	90
-0.0358058982567721	0.365600653693318	16
0.04262280560762	0.197815059386246	16
0.112123061494307	0.114973131154919	53
-0.106025819387794	1.014693572146	246
-0.030342056791606	0.91929571716799	702
0.084038359370377	0.483883092353032	29
0.0810842077901	0.483449517598468	246
0.0278462952597	0.271798049310183	246
0.093421039693148	0.578984504244256	29
-0.047970844664649	1.08364716757971	29
-0.091838663124438	0.711272918717489	29
0.024244132133022	0.740754501907501	29
0.051660489116966	0.691413978067366	29
-0.00744440214553599	0.774914187425294	47
0.022081784902409	0.880757871411464	47
0.028474420537344	0.719140666269331	47
-0.113954633724967	0.399158038744232	29
-0.11437783215771	0.374227584137436	29
-0.027542330119646	0.342497292015557	366
0.00594156805079299	0.836245728010354	366
0.073482685851716	0.684516252492416	366
0.043091862875279	0.81375705900564	366
-0.01460159369009	0.955079329702672	366
-0.060563075513232	0.594608223988497	366
-0.00432254203304705	0.698013833592141	366
0.076351202055103	0.522151769077651	366
-0.113654751689862	0.92225395075308	366
-0.118655828453869	1.12188242169434	366
-0.00856968242799805	0.387559849337776	366
0.124643896456284	0.174588614458863	1180
0.060127013856524	0.45468103515326	366
-0.00341903137259603	0.846374318397408	1180
0.03609744370246	0.599508137758084	366
-0.036790908669043	0.876520773081231	366
0.03243764570983	0.326885352549308	366
-0.093392033328788	0.715998032956038	366
0.102365977064813	0.465498696265602	28
0.122608795235362	0.44575884798791	28
0.064292319067543	0.41644510727817	19
0.121002398938153	0.175838352108009	19
-0.106301641243363	0.762304350972668	28
0.10321700803887	0.319720055446881	28
0.093908484354922	0.297234567072894	28
-0.095950109613146	0.504935981931204	28
-0.06960554314782	0.43305740143554	175
-0.0914826313428559	0.2282979660464	56
0.044442615825451	0.192999342734614	99
0.113775933333423	0.111202432084785	99
0.110813826690365	0.113772710115371	99
0.106112415250477	0.116155148037716	206
-0.05313887823512	0.294889000693205	16
-0.082031127561729	0.225649368388564	16
0.043775710974683	0.193619426685377	16
0.07791333787064	0.864386513285575	29
0.073282019619675	0.876772722970029	246
0.070371477147928	0.744969018499134	246
0.00793193136302101	0.494375252602854	246
0.079159295875633	0.642636153999255	246
0.030562151682359	0.743364880833007	29
0.055055953037974	0.673199969178137	29
-0.105980642944453	0.982432783013567	29
0.112228766013424	0.62486047435539	47
-0.075209497590912	1.22475359627124	47
-0.08926415501774	0.781981953084595	47
-0.016592701339622	0.774021328943923	47
-0.101209178974482	1.06834852050211	366
-0.072223732799851	0.966063110633392	366
0.112725988623975	0.607689471174835	366
-0.048109159938491	0.766932839968458	366
0.123115770601496	0.514928064644913	366
-0.00614705435940099	0.764818010106843	366
-0.00299513783525296	0.731590432065596	366
-0.00833430145761904	0.744264219997899	366
0.074717894217273	0.627684353466198	366
-0.00248536027211599	0.820874340855511	366
0.110082851132426	0.445158208441007	366
-0.103888650009991	0.761417387606296	366
-0.121609364414999	0.726242879318041	366
0.023855698157668	0.683626580967614	366
0.124723608379504	0.445510577830826	366
0.039719155280136	0.729686563951256	366
0.020813195783327	0.835494651982972	366
0.043973464457907	0.197417117370018	366
-0.016572732443153	0.694663709376827	366
0.112470591399446	0.486929222517912	366
0.088505574463914	0.547860606332407	19
-0.112129299764545	0.806815537581087	28
0.095741882907978	0.422270250123236	28
-0.011156245549697	0.649458354395028	28
-0.042472423653954	0.547933935733869	19
0.098794525882628	0.418141990683194	19
-0.087679543604916	0.589731511756567	28
0.044208243085981	0.196626825000587	28
-0.053717899617387	0.294636146973436	28
-0.0506287962442969	0.294429831397353	175
0.033338925920593	0.324074885114635	175
-0.110181162543062	0.390943012900837	694
-0.053846346805332	0.299328929470538	694
0.043415611281046	0.197922002730223	912
-0.081499498028677	0.229220728538513	912
0.093430662542905	0.290970946611808	99
0.043973464457907	0.197417117370018	19
0.112643758889374	0.113294442733233	19
-0.00454404543637998	0.382024716265235	206
0.042086281986045	0.318394214808488	206
0.038089730710283	0.196005218565888	16
0.109594773539516	0.113465995883652	16
0.096309654500542	0.250188429115093	16
0.110813826690365	0.113772710115371	16
0.07375288819037	0.586461678150465	246
0.056178371780597	0.628071333454266	246
0.00809229692564301	1.11606618722809	246
-0.091859318847489	1.10428903986941	29
0.052949261675941	0.630783443090281	29
0.051685765181883	0.969658875726197	29
0.078194562649199	0.734453969787135	246
0.013751056343773	0.425270298310226	246
0.01911908916465	0.463978661751737	29
-0.017365648858218	0.558908901897724	29
0.119144829272167	0.54776660367437	29
0.089151265511255	0.505252997672333	47
0.080375502061385	0.449211795877164	47
0.044337058035994	0.806393676898999	47
0.087000343108904	0.525331501310535	47
0.04729237178115	0.481857707825213	47
-0.0731082839048141	1.43706696126518	47
0.046478344606436	0.794682098789822	47
0.05721239796689	0.766059392872247	47
-0.044892058760874	0.785565093405775	47
0.099271900599558	0.735856139958431	366
0.059883794386121	0.855957914874455	366
0.097688673543456	0.503700626974099	366
-0.102627942937563	1.08829701640149	366
-0.034320986618377	1.10011504799475	366
0.04780855869819	0.451964133545506	366
-0.123311881364744	0.567279668912193	366
0.041741776908909	0.367936678455834	366
-0.024321814409488	0.336464304840338	366
0.041376258832904	0.855825890516176	366
-0.055692759723358	0.80640030198772	366
-0.072759522087349	0.801655240008365	366
0.124605591043368	0.39556719494091	1180
0.111367107733564	0.521980020415816	1180
-0.085461303082407	0.57794054779885	366
-0.084788569078701	0.586492763812234	366
-0.069551177403735	0.532420159462942	366
0.10234525241203	0.443830772571274	366
0.065808294541642	0.55605062913312	366
-0.086426261509842	0.805369205857183	28
0.098669077348408	0.348729635709971	28
0.024020447366051	0.411382020707764	28
0.011799689402841	0.531241687606187	19
0.00769112039883702	0.729312349689133	19
0.077059340271854	0.436184481629054	28
-0.07836847578401	0.227502697104956	28
-0.114777067345221	0.389578454425796	28
-0.011882034367712	0.537141810732424	28
0.111602139321358	0.115032192174277	175
-0.060906057380311	0.29440236268332	56
-0.010777191258296	0.397171767887225	912
-0.123999767010116	0.698227712641133	912
0.119043933780249	0.372820121515594	99
-0.039492328267808	0.458405805540401	16
0.033097951281881	0.267830125606792	206
0.036203037099145	0.319235076946397	16
0.044766108565605	0.196127072599956	16
0.087733852694788	0.297089855963933	16
0.090799467602901	0.294983526833342	16
0.053646202745309	0.354930783170295	16
0.035556712099252	0.266911387486394	16
0.042533411990663	0.192833967240362	16
0.112123061494307	0.114973131154919	16
-0.0465789774826541	0.276949756930139	16
-0.118405517869742	0.701707942677202	29
0.075609027974514	0.429368117287271	246
0.079864767558315	0.494181826854545	246
0.025001150697207	1.08857106655316	246
-0.00498045242681899	0.940844365389996	29
0.116461836841707	0.507003152344629	246
0.024401865885895	0.923524560907364	246
0.049959003071295	0.80819973475886	246
-0.096292433182927	0.500991100627428	29
0.119006434489887	0.366714063469484	29
-0.095824814543643	0.595001181194487	29
-0.109826058243495	0.649444905420045	47
-0.123524247715543	0.39574967741299	47
0.04202226259473	0.500942171338826	47
-0.015249556014135	1.21825383796184	47
-0.023214682822693	0.923826131688658	47
0.047477212323518	0.822168306593849	47
-0.092339712229453	1.06413721773727	366
-0.058808416731524	0.588000288404809	366
0.062760433606865	0.827438845681126	366
-0.118312969694808	0.398237827405381	366
0.078396093121746	0.482535955663461	366
0.047757731573655	0.195150846424252	970
-0.010432663814544	1.01844999792897	366
-0.086859060921701	1.07696008206995	366
-0.110741605360043	0.549065034692478	366
-0.0959489016417741	0.716151923426588	1180
-0.08734169496248	1.05448028671062	1180
-0.0179091034234919	0.91330852494793	1180
0.023305331020467	0.542392561322523	1180
0.030028262951837	0.775662819728535	1180
0.091851376043862	0.244930386419701	366
0.124020415743705	0.518025756951096	366
-0.063405393591092	1.01264022442467	366
-0.118564015916894	1.02074628374084	366
-0.04772499650393	0.7601731393538	19
0.079266086479034	0.463368965936477	19
-0.050888370792347	0.662152849244517	19
0.014355107212827	0.564686147479423	28
0.106639551297304	0.11488364968898	28
0.045692571636894	0.365139614781642	912
-0.089228970063401	0.658768430399238	912
-0.109942806364034	0.387249105020775	16
-0.030787972434577	0.357627999986665	16
-0.0993404062077961	0.510160267224192	16
-0.114100663549156	0.552693792202297	16
-0.011826372157321	0.474745111094532	246
-0.062970608094987	0.920112275250293	29
-0.016336196507891	0.798480803814445	246
0.102686734614015	0.568407374570331	246
0.031165072282286	0.265401461526353	246
-0.071927762386603	0.442100296786512	246
-0.119397203380878	0.396366356279722	246
-0.10058562269873	0.48635722097522	29
-0.046164865744194	0.281591026621729	29
0.121277162146097	0.45232884109322	29
0.095259484293704	0.290142845100199	29
-0.030778165871329	0.350602383993437	29
0.03674244675854	0.262203033687692	29
-0.03447433483973	0.457919334808057	29
0.019716527190508	0.681225322528217	47
0.052483736602597	0.357148237820161	47
-0.043289669005344	0.758012479852209	47
0.120863030067626	0.674853527613588	47
-0.00786602025503103	1.1962484617883	366
0.046430222187106	0.191418187396254	366
-0.079583264758003	0.217522570893374	366
-0.048749208287869	0.983998815977692	366
-0.049022661436726	0.292868583830154	366
0.034627932508431	0.878790680885751	366
0.00710903910607003	0.58503730081492	366
0.087311645296977	0.295624188510353	366
-0.090598629429624	1.03726903407075	366
-0.114470486800371	0.9466848749044	366
-0.058714293242379	0.789497038756652	28
0.065616352031354	0.416368249311572	19
0.034489066766894	0.699973576941387	19
0.120676381952105	0.471212192926514	19
0.11133387988801	0.113712652956432	694
-0.099160649607458	0.629756125108024	16
-0.102687005720685	0.507535639348541	16
-0.039916516617195	0.548152706895337	16
-0.117706757321166	0.398074045051056	16
0.064450555141677	0.410192030211868	16
-0.039475487227957	0.466338042901389	16
0.014462660619406	0.410046648278595	16
-0.051981532755084	0.292846040132638	16
0.044208243085981	0.196626825000587	16
0.024711870402729	0.667496117365444	29
-0.066464404542075	0.753975693045517	29
-0.005493530088584	0.515300587384432	246
0.121786185784921	0.562047670939457	246
0.00170598267355698	1.18730095860906	29
0.104444654129915	0.734495280519428	246
0.104574734899114	0.237371243065978	246
-0.014868447661242	0.398677318910475	246
0.03585219102852	0.327861216715975	29
0.030477737694528	0.274037065143796	29
0.104399126524134	0.31909511372189	29
0.101544407725434	0.46294668118967	29
0.021243263557577	0.504123615910468	47
0.065815473410076	0.760507914521253	29
0.083141185106111	0.595008065593671	29
-0.066238639009209	0.421418836501924	29
0.068689150926935	0.444609759105982	366
-0.120611712033451	0.394556734973554	366
0.040136143249606	0.195050707257457	366
0.035619043739458	0.777419121079462	366
-0.069155195182626	0.429689363822638	366
-0.104572650477176	0.509114670972342	1180
-0.054951650939473	0.500145577660889	1180
0.112556833950739	0.538383777232494	1180
0.048873358915023	0.193351735400399	366
0.011516308524265	0.862430913854184	366
0.039501539228717	0.676584866271606	366
-0.008074669137902	0.906474356543898	366
-0.083956705688339	0.943632123035176	366
0.03514704457636	0.265908706661697	19
0.00952143939231997	0.532419031326648	19
0.061703685391734	0.4694677417016	19
-0.03570416596755	0.661134829532533	19
-0.082065968681697	0.230458165802187	28
0.112123061494307	0.114973131154919	421
-0.014843874729464	0.653416619885881	28
0.042097263430197	0.197596168935613	28
0.106639551297304	0.11488364968898	322
-0.103067226971918	0.507784043758814	912
-0.117108249305651	0.693290364068487	19
-0.098712007361501	0.588985233812033	16
-0.082632648054503	0.230550960741628	16
0.105165745588402	0.312148248729349	16
0.112123061494307	0.114973131154919	16
0.086398144104692	0.246989279473086	16
-0.059786302777924	0.573296103984825	16
0.014994709086869	0.263774836937416	16
0.036142230729892	0.26174449526205	16
-0.0339648615389691	0.447889225505542	194
0.089208579566126	0.300864319275772	246
0.105032490654179	0.796245343384221	246
0.085242811726368	1.00177740482986	246
0.041187661124138	0.31879595527915	29
0.102540950172607	0.241948000066975	29
0.043216435166805	0.19638023438628	47
0.116917295600312	0.172763130939596	47
-0.0921524651685201	1.19314798974506	29
0.120516763518555	0.847177010612619	366
0.047207383264683	0.722137866017703	366
0.091755303511171	0.581553355268474	366
0.081648514982629	0.814943349176305	366
-0.083958762287729	0.226470686444405	366
-0.01563593314027	1.01976093273416	366
0.00553955693730202	1.0383588837818	366
0.092423599953313	0.554281368326192	366
0.118713462820525	0.568946814771284	19
0.105585049477079	0.115107263657516	366
0.072969326479279	0.494339092282958	366
-0.082866074457291	0.579133881259693	366
-0.075236720541734	1.01389034317127	19
0.054718626042741	0.382965040574641	28
0.105329228347668	0.114890015465784	28
-0.105828905370555	0.509332622436444	28
0.111853708958516	0.112088272718431	322
0.12066972268096	0.462987446165677	912
-0.032261971746135	0.454246190317455	19
0.032403861303246	0.726662558560536	19
-0.087462173778724	0.666938472393023	16
0.124709641312774	0.3683960578781	16
0.02383169783962	0.456114665751875	16
0.090545804725406	0.296277780287393	16
0.076788930452662	0.662747324149398	246
-0.021626860040917	1.07578170503584	246
0.122185938353547	0.572269134998828	246
0.124527182703952	0.636350411214132	246
-0.030977300266737	0.526556553905902	29
-0.081217718769291	0.561960560028985	29
0.091720171373366	0.296382697226943	29
0.087444791317664	0.330227488403194	29
0.119223302690087	0.443195328026966	29
-0.123237731009368	0.85444714676781	47
-0.055138804063668	0.876160234659566	29
0.073016137015138	0.57520334192293	366
0.021936054227078	0.270793604740828	254
-0.093842434921356	0.927831874995485	366
-0.110109698201797	0.513950037923535	366
0.083010493301612	0.542006088986692	366
-0.038009550119274	0.612674597411728	366
-0.015928089544343	0.474588093002586	1180
0.057920462654949	0.584526856905665	1180
0.072719871227193	0.440201988228768	366
0.012070233561047	0.623189804778071	366
-0.122309805513064	0.576397226744121	19
0.072294314649752	0.516463465556688	19
-0.033084651793307	0.3560317994561	366
-0.103331165468774	0.714186044963624	366
-0.0611641143996	0.750891066637126	19
0.113448735702647	0.426852159154273	19
0.116917295600312	0.172763130939596	28
0.039904706615939	0.198350876514301	421
0.00403570629040101	0.506929564897502	19
0.00911753027138001	0.43195168496793	912
0.039811880630867	0.469291947462078	19
-0.00206377444519801	0.387714160199623	19
0.023026318699409	0.272726290486643	16
-0.04950759088146	0.568736434099242	16
0.106112415250477	0.116155148037716	16
-0.03266396370914	0.364927520684338	16
0.110293549194893	0.112333536245241	193
-0.075853449772064	0.219972386669543	16
-0.059003811247705	0.294013679160984	16
-0.081308217797875	0.229779893299134	16
0.112911801013283	0.112883681223137	16
0.017303667324954	0.767243991543501	246
-0.049924567345333	1.15521797383731	246
-0.0740923840365461	1.36126789076163	246
0.098872457642998	0.712579311305176	246
0.116017969475988	0.855242309284789	246
0.060604301525421	1.05274056617349	246
0.115636759649409	0.614351858401783	246
-0.022663480359981	0.700574397501995	246
0.099756238330115	0.390852517516408	29
0.060162111384174	0.378548956465085	29
-0.034020096117838	0.608386762977001	29
0.034711565988739	0.5729503734103	29
-0.06950649625717	0.521177181184796	29
-0.016245443258104	1.07713147618782	47
0.097620773304223	0.51872047178295	47
-0.029051341651104	0.789997357413544	47
0.084999694353835	0.618311953033759	47
0.1202660344088	0.472447100916181	29
-0.070537855074821	1.23108127083587	29
-0.063482125113398	1.00016767665683	29
0.059158293395332	0.756333893128854	29
-0.017069198141737	0.486555004266917	29
-0.103653374542254	0.504756098580206	29
-0.076276585554954	0.896383825349929	97
0.114471360066778	0.447568805382627	366
0.00516911120394797	0.952474409941009	366
0.050030881289246	0.537313366340925	366
0.05700506009497	0.514110813165238	366
0.100355532695575	0.319829853930077	366
0.104777608496412	0.410328490075489	366
0.109603925048745	0.369184486533378	19
0.062788330582725	0.373386957411963	366
-0.014181780573383	0.484242086394661	366
-0.095886333832488	1.15711655043926	366
-0.064245881201237	0.520368842623723	366
-0.108489920561997	0.382724779124994	19
0.043443953694041	0.250559905772333	19
-0.026104805105181	0.578567770288316	19
0.045538622198651	0.488753770796511	19
0.069517932346987	0.503304526100886	19
0.03315858988023	0.266265268176167	28
0.107423158596091	0.112849552995292	322
0.061642931433235	0.385202725890181	19
0.095233507652706	0.445729077252334	19
-0.11723054155814	0.397973965849738	16
0.111085426133134	0.441095451513425	16
-0.068172729214422	0.435764924112823	16
-0.0869924056963211	0.230539916127221	16
-0.087245755730482	0.231819826248083	16
0.043973464457907	0.197417117370018	16
0.043973464457907	0.197417117370018	16
-0.049246193511319	0.294096986386234	16
-0.065660765385233	0.291295344545037	16
0.039672857206365	0.198570892006803	16
0.04186597437342	0.195396399092148	16
0.110813826690365	0.113772710115371	16
-0.0807417768971001	0.228548754592648	16
0.077232249350371	0.456242097413005	194
-0.098834893335088	1.37428424191624	246
-0.115958050678613	1.4729082961589	246
0.027892216328215	1.49147131016847	246
0.065350721689688	0.33517886329965	246
0.036551482007876	0.367491523659963	29
0.089144620894868	0.289969941353597	29
0.097821760893702	0.357605726741572	29
0.035901352211476	0.468612242666353	29
0.041537367211238	0.196843147214707	366
0.063591640584734	0.734008315960582	366
0.081194742830023	0.514671802521735	366
-0.0176777773511499	0.651467957189934	366
0.103086518461036	0.386738309815743	1180
0.040204451486839	0.722878045551788	366
-0.021871631531288	1.03756700846099	366
0.010000584761214	0.904763957407316	366
0.103724814650771	0.666250725290676	366
0.080455749397113	0.867013195934366	366
-0.11453810160694	0.386295323026041	19
-0.05978735766559	0.296151637194913	19
-0.044717157471996	0.845944012634965	366
0.056375652961725	0.570375628226426	19
-0.024844479658409	0.860972162477595	19
0.047942397146915	0.78892257424059	19
0.103500963607442	0.238236351333085	278
0.110813826690365	0.113772710115371	19
-0.081529813044628	0.682671872639918	19
0.105689795096976	0.347671013409992	19
0.07070256616808	0.409537850087379	16
-0.062013719022909	0.511292295338342	16
0.072170307730339	0.531831298116395	16
-0.083199536295848	0.22951558009204	16
0.098054861734905	0.248387516117651	16
0.112123061494307	0.114973131154919	16
0.10817983085052	0.131629816661624	16
0.00623763521704202	0.588501620144632	194
-0.043178770428252	0.358910877299884	29
0.036656420197598	0.19330217913611	29
0.094285327650069	0.248603199025271	29
0.033629478199923	0.262027555084102	29
0.060665353922109	0.506993625256799	366
-0.123010770735125	1.38212181298344	366
0.108280085847995	0.112742150793283	366
-0.092148922343855	1.28940231369093	366
0.105455735356658	0.377429762413586	19
-0.055808823373559	0.813679851313639	19
0.082710472471821	0.450688382674564	366
0.074918597118711	0.485773904997747	366
0.04182982777769	0.19534589057136	654
-0.083415771078558	0.22815883731346	28
0.114823742585628	0.11255724030873	28
-0.00796616991112098	0.585863586743054	19
-0.063413502811006	0.884279806110628	19
-0.013898128742349	0.401545782877911	19
0.00997488499544702	0.493273953969407	16
0.051522171266488	0.360995982432958	16
-0.088258209763751	0.58847088319293	34
0.111080992199109	0.11353931257781	193
0.047991586811244	0.192002900601999	16
-0.00549434940975002	0.396766253485831	16
0.063044971040068	1.41597969621439	246
0.039266941814008	0.469597982168236	246
-0.069578814831106	1.78150958412303	246
0.094023137321906	0.24532601253084	194
0.042387656393906	0.194855824276919	194
0.099277840160374	0.247223138656396	194
-0.056972065554976	0.2942667938639	194
-0.055595198586206	0.296595741275519	194
-0.054083659400514	0.297885786472831	29
-0.057970696792389	0.695440255450539	29
-0.034459764564291	0.608270959489831	47
0.064588353758115	0.813656545450665	47
-0.079985477202539	0.224463114819652	29
0.04265695270042	0.197444510551641	366
0.05801116776322	0.776697623494153	366
-0.000787760735711962	0.50968264245023	366
0.101503120065736	0.883418293315888	366
0.036772281100354	0.328592166217811	366
0.029746463843608	0.325816924993909	366
0.026003436401008	0.702130869007738	19
-0.088066111496496	0.228752102721505	19
0.111080992199109	0.11353931257781	19
-0.038622739048517	0.687088495971904	366
0.080711191229266	0.457143772688492	19
0.048549721363538	0.192197906276806	28
-0.109815699816983	0.389730044294229	28
0.035678876862837	0.654668912337935	19
-0.117294361557826	0.542364095614352	19
-0.032447919780658	0.715717440011782	19
0.012990543594352	0.754907351718159	16
-0.10337774031797	0.510249559450525	16
-0.083415771078558	0.22815883731346	16
0.11133387988801	0.113712652956432	193
-0.102432664585789	0.504786004887002	193
-0.025523252550013	0.349837426423017	193
-0.033479986335804	0.354800886448666	16
-0.044980163043801	0.459653366461286	16
-0.042604454816548	0.470240318054019	16
0.050730384568741	0.928816601136841	246
0.088614492266065	1.19868872047219	246
-0.000206216587831043	0.918798887372243	246
0.124811839112354	0.878427025562363	246
0.016817760747016	1.33883196432351	246
0.06768391574548	0.418258713378793	246
-0.058179273459907	0.509360964736913	194
-0.117173640064683	0.560398847706338	29
0.091867406671238	0.359740866151846	29
0.00299709062727199	0.429665767552962	29
0.094241436378204	0.326860737364757	29
-0.058086131040618	0.515500391880644	29
-0.040380250184512	0.825048532444894	47
-0.000063793345543961	1.23396348991049	47
0.060783332561827	0.982174684524405	47
0.0000812389824250137	1.27481592509435	47
0.091485368186269	0.787661218291603	29
-0.0198530725889871	1.32019318828534	399
0.033798124438005	0.32059656264133	254
-0.051756000536432	0.291827686465226	366
-0.052749351985307	1.29888798276559	366
0.036902708974451	0.32098608766424	366
-0.00193998754843106	0.712535759454269	366
0.11474447806089	0.730752200659062	366
0.09644841406506	0.726836682400225	366
-0.098081016499207	1.32590818150418	366
0.087258369372663	0.792638198930371	366
0.072197453524352	0.909922205563777	19
0.051136629728998	0.611904958721218	19
0.034183033272756	0.266079951908366	366
0.11803249566622	0.395398185578521	366
0.05962860848598	0.846280526535478	366
0.0550476795899	0.480329875146771	366
0.117339369733141	0.589714163137755	19
0.121634391543639	0.476232978566394	19
-0.0411237184518271	0.901448268438458	654
0.033626902557422	0.572774882646987	654
0.079241412326091	0.432660770087335	654
0.115089536983158	0.112348134554799	19
0.109063618653346	0.11247761804126	1344
0.099959750051856	0.358100450605654	19
-0.074770896561852	0.525680948965687	19
0.092960309258991	0.3319853006298	16
0.043973464457907	0.197417117370018	16
-0.009559653499011	0.397528848049272	16
-0.04394371297078	0.551084087026696	16
0.07162592185789	0.399043458078858	16
-0.105828905370555	0.509332622436444	16
0.034358137818751	0.268024322190153	16
0.039113424792125	0.199650098479209	16
-0.081308217797875	0.229779893299134	16
-0.00176522312364902	0.388528290438888	16
-0.034663214473037	0.457992362738971	16
-0.0296950194644801	1.22778394831973	246
-0.00892278152621795	0.782126221282827	246
0.062196186167269	0.78630381138229	246
0.053127905862736	0.826225884916624	246
0.073429725603295	0.806054460555503	246
-0.0594090752611141	1.1375824680168	246
-0.058615006034314	0.673785115224242	246
0.092669410154679	0.688396278717187	246
-0.00238254469814903	0.661117474806124	194
0.07606632902843	0.627813572584581	29
0.10363869646902	0.385590327080977	29
-0.113574893117874	1.23409370545521	29
0.106793748601059	0.600589000628222	47
0.122792610361405	0.653582706823921	47
0.008955255583313	0.810511915932012	47
-0.046835286733605	0.903203832734086	47
-0.082299732932275	1.08595232074348	47
-0.070255023476282	0.788664085431724	29
-0.0847747625731891	0.853569892319714	399
0.097532563139518	0.418923229942091	29
0.054023844299305	0.64577730529838	366
-0.105554082235697	0.650620153045773	254
0.056584824253273	0.445986726313192	366
-0.039804602341552	0.544989069949979	366
0.013953767961114	0.845618338635083	366
-0.096778285414331	0.90375782039643	366
-0.067218428036977	0.807852763541159	366
-0.055720266095577	0.669229156356854	366
0.090463645382804	0.366500382149689	366
0.059390673931431	0.802927324639351	366
-0.122821205010117	1.30520595451911	366
-0.055122728248258	0.624857634159382	366
0.029525283984381	0.540823901805936	366
0.10341494182837	0.411375335199617	19
0.121073009485736	0.519268773221151	19
-0.089966256111855	0.750363189564593	19
-0.087671969734258	0.57313763670623	366
0.103005336264664	0.341085025996519	366
-0.064609847869162	0.516689355280529	366
0.096763414267104	0.320262771365291	19
0.058187062221373	0.510243527963839	654
-0.085359149262065	0.574001659016508	654
-0.118680763056234	0.393043232476565	654
0.031862301791147	0.327943213468322	654
0.095138623306064	0.38959159643557	654
0.101307388028509	0.242031464370545	654
0.102279784906231	0.242205678987109	1344
0.093934088850498	0.250312313131898	1344
-0.122896891668525	0.574433777562025	19
0.04186597437342	0.195396399092148	16
0.023629895391514	0.271592199355168	16
-0.080551888366701	0.225643184038845	16
-0.026750328572989	0.440063060111289	16
0.016757958756989	0.268232023482401	16
0.094361648863808	0.248196848739537	16
0.029681971445929	0.267739926856242	193
0.00372535012646003	0.930101034049033	194
-0.051492656936489	1.31415070834272	194
-0.031006694208105	0.855763235045261	246
-0.032703053970196	0.359886459173011	246
0.101432355290353	0.529624200713646	194
0.085996642947639	0.601798914572572	29
0.050276361133258	0.913324995760519	47
0.117366544739995	0.702660372804868	47
-0.034896756531228	0.57657634248272	47
-0.124983732139257	0.576057376383766	47
-0.103248465032337	0.887236619929647	47
0.022235676878853	0.830734005846761	399
-0.123700686027076	0.736590817159132	399
0.096057089676316	0.623100893382516	399
0.114252515720196	0.596683650356802	366
0.079742977872914	0.618705482436378	366
-0.033108079516902	0.928584974132931	366
0.102325005771688	0.628752275123493	366
0.020922777376543	0.811455558462992	366
0.041462173004982	0.771196257286039	366
-0.00378969695931897	0.761116357532579	366
0.097161679785746	0.687656057570083	366
0.053410031184805	0.840988532357011	366
-0.073586562610988	0.728150423891355	366
-0.0958710185296639	0.974764328004284	366
0.034183033272756	0.266079951908366	366
-0.0122222451112149	0.939272316485945	366
-0.031977801531952	1.18647279839197	366
0.083048521352913	0.752474180087012	366
0.053461122792994	0.765367513605915	366
0.074792726195639	0.752844379894527	366
0.020938245983533	0.810082117493048	366
-0.028320090344561	0.890993283929428	366
0.106800894881324	0.343694780238211	366
-0.010690112925254	0.983028916200571	19
0.110411972106129	0.373257859712179	19
0.067349195142249	0.5407417181553	366
0.011945444084589	0.789160998741317	366
-0.091228730494769	1.08185322921732	366
-0.034082303507287	0.962464285560023	366
0.098463500049203	0.384029838610545	366
0.113158605714183	0.393347066195636	366
0.032891075522019	0.197385813599078	19
0.103022066391844	0.35410291963413	19
0.077047128584003	0.553508632688581	654
0.095737628989629	0.449227699812126	654
0.076127747956329	0.428538511641881	654
-0.109729387988686	0.648999770232994	654
-0.065737892046434	0.59069498652412	654
-0.046501180056457	0.4662231170887	654
-0.013012366055657	0.483159506858447	1344
0.097443001733452	0.247947487066389	1344
-0.065470517679189	0.527905930720345	1344
-0.0686837205980489	0.525071546377492	1344
0.045000699304263	0.193194805170135	34
0.04262280560762	0.197815059386246	16
-0.047104588144664	0.286156708449043	16
-0.036124549163675	0.357757767197432	187
0.124289796320264	0.176902496321386	193
-0.113569822785881	0.389240946097208	193
-0.055359740681285	0.290309034425068	193
0.117160678813489	0.736634251460081	194
0.014070864639267	0.770654768419472	246
0.015075353523987	0.57914054465641	246
-0.116012128616855	0.392032518944929	246
0.00904070054596601	0.488231223904819	246
0.076973434643422	0.469301459594087	246
-0.063500764071872	1.35208074307483	246
0.052429349331911	0.837948514345858	194
0.007001203120726	1.03442944627288	194
-0.053800961954955	1.02067314137713	29
0.093588753107471	0.596279387679688	29
0.115464962484509	0.473608854154656	29
0.045687092180308	0.837805115906514	29
-0.010438584730629	1.06662505875882	47
0.00789430078224301	0.666070470617477	47
-0.038770665610383	0.687519521949943	47
0.032779085279544	0.327878944054018	47
0.028776732887122	0.578276081764522	47
-0.0580237974350331	0.585082343690609	399
-0.039196485483611	1.1044751443639	29
0.030687514073447	0.949346294206527	366
0.120332689995027	0.726926616260479	366
-0.046045589533393	1.20169290577567	366
0.104572605821464	0.468534167865782	366
0.055459379111737	0.68641767618162	366
-0.103659551630501	1.16676867795084	366
-0.00336374103192005	0.891694772276571	366
0.045738183520675	0.494160067259108	366
-0.028611141496286	0.975157023975962	366
0.103900606822473	0.568861383163444	366
-0.043730022939306	1.10285878379971	366
0.057111909799606	0.938340948364331	366
0.089889227295613	0.249802068017591	366
-0.118520446022717	1.23865169752932	366
-0.0248779350162029	1.01038186047611	366
-0.041733675244389	0.544346433113458	366
-0.0534216716556401	0.735370726739446	366
0.077925433252438	0.732724672865124	366
-0.014126717817446	0.935831655963342	366
-0.013891937154477	0.469645676765471	366
-0.030826734031399	0.3598151407103	19
0.038901932115549	0.192615652369738	19
-0.079835059432204	0.220274695423563	654
-0.108774741004042	0.833956581412639	654
-0.032563218140759	0.603224764202949	654
0.08508073140746	0.531864552117684	654
0.084086037493825	0.487563494204303	654
-0.122909649523801	0.717699937911055	654
-0.033778272283317	0.704802419962459	654
-0.016492599339329	0.482529015539463	654
-0.113715998861377	0.399336147784988	654
-0.079974312063325	0.572613729549336	1344
-0.039250236283347	0.648134692708236	1344
0.123718560190066	0.176774779016048	1344
-0.107842601814862	0.643168609557303	1344
-0.042972140859031	0.541728109823861	1344
0.03755127006159	0.193100707029474	1344
0.106895142792059	0.114065326676144	16
-0.031217620686368	0.525992593937987	187
0.11561420249907	0.11228656899571	16
0.112643758889374	0.113294442733233	193
-0.048442578710061	0.292290357816374	16
0.114823742585628	0.11255724030873	16
-0.072962769461564	0.431680401663948	16
0.013148182570566	1.18575828402293	246
-0.098921081908856	0.747965914207673	246
0.100275227238998	0.494373096911023	194
0.048673100520529	0.978979887527291	29
-0.095708669997541	0.703832821093074	29
0.062979486210223	0.966749708084913	47
0.099322837280818	0.243391443264069	47
-0.069473726738162	0.431747773750676	47
-0.082849608363218	0.228720993086107	29
-0.012363193780333	0.397861259584486	47
-0.073720737708411	0.65278653146613	399
-0.00984891489922102	0.542908372207472	399
0.121355730151648	0.170982651714497	399
0.088233000595726	0.812390716369259	366
0.024741590501105	0.938199061412902	366
-0.102654669243406	1.50472733094604	366
0.113754713766112	0.767128815615105	366
0.011377389116229	1.10211177183417	366
-0.052412314379928	1.15160515155417	366
0.02994999521128	1.01778500789961	366
-0.064567669260068	0.594573133840019	366
0.115321623750411	0.637185033391894	366
0.053843608012944	0.805025567658976	366
0.0172690063852	1.02320041924346	366
-0.00572681605830006	1.19726882472482	366
-0.010183362652099	0.40423824219713	1002
-0.039185108101756	0.465568737438932	366
0.041709264514131	0.589409820260906	366
-0.071234930586892	1.40057096852232	366
-0.097445384926211	1.2163332124745	366
0.065477538533536	0.495180947058084	366
0.079040168118992	0.670746794897099	366
0.090174533335881	0.246601333726824	366
0.102279784906231	0.242205678987109	366
-0.098845389885759	0.709716593291408	366
-0.052526543558485	1.14026418508832	366
-0.075331084845173	0.722820026152694	366
-0.00756980939630603	0.856485530383819	366
-0.073163016962029	0.8688735855921	366
0.058748998039245	0.39000626912161	366
0.111853708958516	0.112088272718431	512
0.022184068837172	0.613234517255147	654
0.066833380048738	0.560462266302116	654
0.029646248059869	0.61020150923548	654
0.046407448578281	0.195486113699481	654
-0.016228671350495	0.618464910821407	654
0.038042222576829	0.476602910956624	1344
-0.0649546338318831	0.671598361397244	1344
0.066500918935368	0.40402092609599	1344
0.063711446905859	0.385055174149792	1344
0.065609620232159	0.473669926027301	1344
0.04182982777769	0.19534589057136	1344
-0.0462969008169341	0.285455113382486	1344
-0.0807417768971001	0.228548754592648	724
-0.077546775909522	0.224430578335701	724
0.110813826690365	0.113772710115371	34
-0.123074652964682	0.565445938114228	187
-0.041273834582108	0.46148685040389	16
0.018633457298531	0.421712349066104	1120
-0.055012011242405	0.298649339269476	1120
0.071766882628941	0.845952127240306	194
0.09691988434424	0.676995841072066	194
-0.069377646788783	1.17307760238248	29
0.079876644959082	0.705349990405082	29
-0.089158260752229	0.87952065058446	29
0.103082149766714	0.53530953676851	29
0.106107746677373	0.883201781306223	29
0.072232793604378	0.43947381005523	399
0.10612169649228	0.798937812854909	29
-0.067957218190887	1.40321130440867	366
0.046044063458753	1.019774269646	366
-0.063074203269502	1.33955887650263	366
0.048932591965112	1.07950935062195	366
-0.00887367719554699	0.470458474813217	366
0.092429821798384	0.684013963869464	366
0.106876328548499	0.816791710347583	366
0.07410176598221	0.844941596561884	366
0.063245539978248	0.823840688101639	366
-0.02270416545876	1.13523911227578	366
0.0805637412878	0.518124019106754	366
0.044531112100656	0.196091216271099	366
0.080901982573135	0.550422218241649	366
0.014531596576169	0.454515610794879	366
0.093427005270431	0.581256312190722	366
0.117227890976873	0.82309851257376	366
0.043788394284492	1.0545365397665	366
-0.095507016417239	1.43411370965023	366
-0.077239286016319	0.226197788327762	366
-0.096106771469199	1.09313902629935	366
0.063267348858845	0.812776561858131	366
-0.032272286645797	0.94568064524923	366
0.09725082329122	0.34821891784527	19
0.11133387988801	0.113712652956432	19
0.044208243085981	0.196626825000587	19
0.024892282558258	0.504491305505819	654
-0.017968766265696	0.688360561722643	654
0.07359169528924	0.493922655090832	654
-0.057843423916732	0.66864992959438	1344
-0.017394195963506	0.590174201895376	1344
-0.0169421398017779	0.555783618883272	1344
-0.076982125918146	0.224335136500647	1344
0.110813826690365	0.113772710115371	1344
0.028840251334563	0.268021635580877	724
-0.0858598839870131	0.230314192318227	724
0.038975569601409	0.325121127149995	187
0.113775933333423	0.111202432084785	187
0.054302584783049	0.385145140915436	16
0.112911801013283	0.112883681223137	16
-0.06397390419463	0.525626725042512	246
-0.039436586340464	0.455304127119568	246
-0.0340774307870541	0.461304498876102	246
0.038612516018173	0.850990072183022	194
-0.07235196722163	1.12221794792095	47
0.00383971453062398	1.08385638566972	47
-0.067182759324076	0.529474397981485	493
0.100732662226241	0.350111554223902	29
-0.0346845589618831	0.454338418613529	29
-0.031526902408341	0.771466342030273	399
0.019236389549845	0.512686323885603	366
0.070030055934343	0.796617985517345	366
-0.099696841499506	1.15774337462758	366
-0.00588814971704998	0.857924321393797	366
0.043419215729991	0.871779212486164	366
0.018733233368303	0.77659668507324	366
0.050161297799826	0.555137164782673	366
0.028439730434913	0.330325007676186	366
0.055583576148853	0.481865032603406	366
0.094746733856972	0.361977445231732	366
0.113649358669806	0.776139446112418	366
-0.013093854818103	0.508891804144446	366
0.034347648277533	0.770679286970092	366
-0.109173072714448	1.05657340156319	366
0.0352596256122	0.852179691670197	366
0.063995500739811	0.520527263589297	19
0.109594773539516	0.113465995883652	19
0.105585049477079	0.115107263657516	19
-0.036007497259671	0.653518094525076	19
-0.035868332357024	0.678655493406678	654
0.039980420773396	0.474153140881891	654
0.054845758090817	0.476927834936379	654
0.087676335347117	0.300005141185206	654
0.00774509627625503	0.427431856369719	654
-0.097479911234897	0.690756953229175	654
0.04511942981692	0.499207256122119	654
-0.016476760747984	0.488832719161404	654
-0.024930001736177	0.565963054003261	654
-0.071825610960658	0.427099313009887	1344
-0.080551888366701	0.225643184038845	1344
0.11239000863255	0.112944560089795	1344
-0.0866795500923629	0.231015106598707	1344
0.093139930930729	0.249350942489022	724
0.050748400261491	0.189353174913807	724
0.049107650227914	0.191713099140484	724
-0.00585056529375505	0.400185288920405	34
-0.080551888366701	0.225643184038845	34
-0.114267444511136	0.555631650457291	34
-0.034440962016679	0.349260205947406	187
0.11133387988801	0.113712652956432	187
0.106639551297304	0.11488364968898	187
0.042064759041843	0.197598618138934	16
0.124990480718892	0.1734252032205	16
0.039588335519256	0.323281195048712	193
0.099815407080535	1.06694645001989	194
-0.075957573757558	1.66138233279704	246
0.067853851846025	0.523109482442886	246
-0.00429679989335596	0.742032705097958	194
0.116043881032521	0.496358268429905	194
0.107835251856854	0.585365037952993	194
0.090611222441782	0.367382304369488	194
0.108055927871402	0.696703556711321	194
0.079140855006598	0.465972875724343	47
-0.062482550320744	0.790570685638699	47
0.036484239984657	0.776483721005902	47
-0.060451040074688	1.19986066371354	399
-0.117747886354582	1.17929634261161	399
0.00941846362570398	0.684020875575542	399
-0.052646709509208	0.579147519526143	366
0.104460798548175	0.582224014577598	366
-0.016681221221959	0.687185776074055	366
-0.05615464379489	0.596990833775961	366
0.104730212228313	0.347137089113079	366
0.034633641191569	0.478120835154369	366
0.108617703384922	0.372544538526132	366
-0.123728876668466	0.702387275434804	366
-0.041199953093396	1.27577473615361	366
0.06058637166763	0.990680051719336	366
0.013811738980756	0.529452430184604	366
-0.099307364319556	1.18732852821168	366
0.00310529203205701	0.540566971229241	366
-0.055722925073575	0.665385350497452	366
0.076044736015966	0.681378333791346	366
0.040037805925002	0.74930239879429	366
-0.102238209082048	0.944821128983421	366
0.110919330820277	0.555221912880651	366
-0.064921168771486	0.989151897966678	366
0.040324563670844	0.593981678620127	366
0.07462666875315	1.00661464145088	366
0.071589631501745	0.427885704684454	366
-0.038101816749793	0.541735280707524	366
0.108947824679526	0.603356426816717	366
-0.041221693118067	0.468018356799351	19
-0.00945183677385597	0.478776317816666	19
0.093735774931692	0.290428599348925	654
0.031322339627252	0.273181200092021	654
-0.081984584581197	0.44017196865814	654
-0.050317258646203	0.662611033635854	654
-0.0728650175514261	0.803380584854644	654
0.035553488569086	0.315929276214882	1344
0.107626352144455	0.313496900453109	19
-0.078626069644499	0.225308110829672	34
-0.068172729214422	0.435764924112823	34
0.04696555829762	0.195697318723232	187
0.04778003959626	0.189139031657178	187
-0.035572030046047	0.352534277302385	187
0.050608865828644	0.362965693347729	187
0.045692571636894	0.365139614781642	187
0.038553785579531	0.19980113560382	16
0.098558862207118	0.291471580720494	792
0.103150080831029	0.24082390843006	792
-0.115858587291762	0.38829414746968	16
-0.025253982228747	0.434164470337756	193
0.088826316620449	1.06227270525719	246
-0.00606773444967401	1.07092466345312	246
0.122546635726942	0.497226281398545	246
0.124268738483116	0.474724992616406	246
0.075186767133457	0.692810760483009	194
-0.068314001906068	0.996770660217107	194
0.065092508685658	0.724508070855615	194
0.104554574733299	0.648694069358762	194
0.036817609475908	0.566415375416705	47
0.109298643414556	0.589876603081336	47
0.121784821033261	0.601462308639272	47
0.087255543265594	0.47390462357524	47
0.063741618800882	0.648157366372438	399
0.00456792785608601	0.599452975542722	399
0.018059339960821	0.583182037140968	366
0.102843803534126	0.581544256043102	668
0.106824092864996	0.48649080367858	366
-0.065495683858232	0.849238722779095	366
0.095607036930601	0.330562754876384	366
-0.073854582268608	0.867452336938949	366
-0.035154787594072	0.825115383423672	366
-0.088697521708438	0.96530191576733	366
0.065144570988453	0.41173020877993	366
-0.039975011959107	0.744516676795755	366
-0.033045026233652	0.734070206777833	366
-0.107294840036922	0.849611829410078	366
0.082604501370603	0.498727076236115	366
-0.059720694437192	0.5756623478421	366
-0.073573093083241	0.429053642587765	366
0.067246097719965	0.378045834586212	366
-0.118078529110828	0.399083548023029	366
0.089869767823188	0.365046483441274	654
0.032454558156613	0.33219813019566	1344
0.123263407350079	0.174012695767779	34
0.12089970322472	0.169303603143315	34
-0.00332799547880502	0.386124707664355	187
0.0481088582252	0.187680397721924	187
0.038553785579531	0.19980113560382	187
0.106112415250477	0.116155148037716	187
-0.052486089144212	0.287318820755696	16
-0.053609315333333	0.297637628319894	16
0.106112415250477	0.116155148037716	16
-0.00563882043466202	0.924061275863958	194
0.109631684021356	0.945315339409541	246
-0.056918692619383	0.742031869970465	194
0.123600069613336	0.410667041519214	194
-0.00145366316194895	0.574593680210747	194
0.035187100533851	0.877231634977633	194
0.068809883211335	0.415756062911768	194
0.121641919259847	0.969418352910251	47
-0.00496566580202096	0.805238958432105	47
0.107787622245287	0.608002528366446	493
-0.035604556685493	0.673162988849732	29
-0.063696054189366	0.525820194118257	54
-0.107163275426726	1.47364571633165	366
-0.066860055259906	0.422381660868118	366
0.059037722451938	0.390794230389151	366
-0.011172089866782	0.980226868141201	366
0.10336432634824	0.756771673368268	366
0.055120491826878	0.622458262522729	366
-0.070239404274592	0.964178356246273	366
0.039383646930028	0.259588909413218	19
0.040687596168725	0.625580425123278	366
-0.016178771217938	0.983122070860627	366
0.124980065364969	0.383868364772747	366
0.059187343843392	0.420659607946701	366
-0.078892069045297	0.567101019842823	19
0.038553785579531	0.19980113560382	654
0.043650171926482	0.196414488891955	654
-0.055830939753054	0.298389746172043	654
0.112911801013283	0.112883681223137	19
0.100590131121244	0.114938505707066	19
-0.089285515862692	0.568332246127187	1344
0.038697550375299	0.322741240219381	2329
0.00249586861927198	0.380284291159543	187
0.112123061494307	0.114973131154919	16
-0.086426040214859	0.23111507384329	739
0.027245523093298	0.273263973672652	16
-0.057208698804428	0.294041547653836	16
-0.082065968681697	0.230458165802187	16
0.027640961500274	1.66131003675631	194
0.08259804913783	1.01899541123852	246
0.07033490090271	1.41820042399947	246
-0.066197914144888	1.54268466065554	246
-0.063062950741976	0.522999131362499	246
0.058401315476999	0.589186681753606	194
-0.060586290833842	0.599758273488477	194
0.080762479322772	0.774624256770562	194
0.092717480449964	0.421603933488785	194
-0.060001167270601	0.818920174875712	47
-0.049863005008309	1.51989899501376	29
0.10989881418199	0.575910097988803	493
-0.058066648674189	1.31141950222044	29
-0.00915195395909596	1.01585674677234	366
-0.009695679663276	0.863933889242586	366
-0.093169035476633	0.496948290090279	366
0.093893228740298	0.610762798043214	366
0.096893724329166	0.615104164419147	366
0.090566714218553	0.473920715923256	366
-0.0270142665925019	1.07975480295055	366
0.079601277963224	0.751343737196848	366
0.083561708089648	0.745567698636098	366
0.089216400556123	0.533776720125101	366
-0.00816192771271595	0.797591361706027	366
-0.00396774696898905	0.397599139679118	366
-0.114978041332842	1.19601106817478	366
-0.091121583258327	0.785275140459031	366
0.042711580151813	0.466050692916526	366
0.094843367979043	0.384152358603916	366
0.06932647113404	0.574983846092669	19
0.093438255235251	0.537010314110642	19
0.010741848735668	0.427588008892054	19
-0.0106566390898311	0.464849216102657	1344
0.121910377350686	0.367787940727913	19
0.053965947622203	0.357965707910842	19
-0.00458739878381298	0.391913731411622	724
0.042664230886785	0.360778790674411	187
0.045471783621977	0.310700410161076	187
0.093973292789744	0.283103611852696	187
-0.032521282615693	0.351485335952359	739
-0.0699147001311971	0.430681820306264	792
0.043738281853249	0.195991543635569	16
0.111080992199109	0.11353931257781	16
0.120224591607989	1.13146981865327	246
0.051638250561642	0.6816272967721	246
0.114588456840213	0.384188175667556	246
-0.086668158634059	0.856756470206824	246
0.085685691317522	0.627844880540459	246
0.110138967048664	0.643342820883894	194
0.040065002482239	0.623047666759536	194
0.044715887389972	0.530408085278951	194
-0.05029625524369	0.970256295132566	194
-0.037105067500082	0.900613406032093	194
0.121939787949009	0.492896629826008	493
-0.093137065901897	1.06110053618205	493
0.108435601330896	0.31246861729364	493
-0.075369907140617	0.94279002346458	29
0.083870646415694	0.567701634817691	29
-0.050711511791441	0.849814188145222	54
0.010756463596043	0.690961632791427	366
0.049914037376093	0.577258554265456	366
-0.00238601184064102	0.712854884539006	366
0.099212800787945	0.569650883021149	366
-0.010142349469382	0.715881922261481	366
-0.061207195585879	0.77281825181742	366
0.081000275201551	0.576080668705964	366
0.031665333607745	0.541327663766338	366
-0.102499701245159	0.751299165244882	366
-0.121672577770737	0.820045918613997	366
-0.070296028626719	0.856496164437062	366
0.047523462332102	0.195197901983396	366
-0.0855430693056159	0.874862747980178	19
-0.075767380353194	0.445219828023554	654
-0.027646460030769	0.443307742139209	654
0.032432556922636	0.264520898745779	19
-0.081757008392341	0.442792883252477	19
-0.026603259434151	0.34485146348209	19
-0.045942669887329	0.285822070601558	19
0.096921060662298	0.249947639727929	19
-0.082632648054503	0.230550960741628	724
-0.045715931140548	0.285678775201577	724
0.096152332809602	0.243508376227957	34
-0.068483957308803	0.290330683764337	16
0.115089536983158	0.112348134554799	193
0.037202501387057	0.198923467085063	16
0.111602139321358	0.115032192174277	16
-0.087812170675417	0.231240314047897	193
-0.104914673663257	0.504031535359466	246
0.115089322709773	0.49064427531981	246
0.049571034201222	0.5572281104487	246
0.060547270190225	0.76513765392991	194
0.061244490887741	0.717611349166732	194
-0.00542164561366099	0.684621846740538	47
0.043121968348436	0.423363375605178	493
0.051819338216307	0.360090031254019	493
0.099624458005332	0.327108077905899	366
-0.024254706114538	0.639049148869237	29
0.066998989623143	0.751176721177916	54
0.052395891363365	0.585467608434701	366
-0.094844658555962	0.845270783410561	366
-0.070109214512558	0.88390896267714	366
0.047437863184594	0.665693704176519	366
0.106952821691177	0.582535629980402	366
0.029779663357505	0.690698750242935	668
-0.069120965910468	0.882290976897736	366
0.038203790903279	0.596817446408998	366
0.062529998716231	0.696798075401324	366
0.015739468269649	0.77502229639471	366
0.040520035581198	0.504531455737127	366
0.034240744401358	0.319909416612777	366
0.042425444743588	0.194361137529262	366
-0.04949626134068	0.77743619831992	366
0.105539156068563	0.556104213414382	366
-0.00522984406176597	0.799395537808123	366
-0.098958781442841	0.989341448906735	366
0.04976863391409	0.654049744581975	366
0.029991969389641	0.265802379471509	366
-0.03409571770877	0.593825618494018	366
0.101387097326062	0.584733499245826	366
-0.063397309660487	0.527250933545545	366
-0.102820244867559	0.901022777648671	366
-0.010476506468855	0.398916229675437	366
0.111602139321358	0.115032192174277	19
-0.082849608363218	0.228720993086107	19
0.038196456932148	0.539058704946365	19
-0.108870461337471	0.509078533335046	19
0.01862682910052	0.417089102113841	654
-0.035624215608429	0.537351370857491	654
0.074692924574353	0.43712553341891	654
-0.043378427661398	0.462405585921811	19
-0.00988115261990696	0.404499209423706	19
0.095261513934437	0.290667470913281	19
0.034083621579861	0.321676160798388	19
0.106112415250477	0.116155148037716	34
0.048873358915023	0.193351735400399	34
-0.081874867372603	0.229873084039577	187
0.115347306613337	0.110954114209396	739
-0.07836847578401	0.227502697104956	615
0.084079999378421	0.972845182836814	246
-0.06756231491331	0.432947520608359	194
0.046549392962093	0.691850168146768	194
0.074315492708622	0.921400589246014	194
0.063514665436712	0.619996540152858	194
0.043047800443283	0.581582580652212	29
0.021346748634185	0.415464592395323	29
-0.088461715363885	0.735423500849201	366
0.00558886611757098	0.936157994748393	366
0.122058401455355	0.499823745745131	668
0.097595767160838	0.391107322384304	366
0.068252822718369	0.751690533127214	366
0.036749224741275	0.434644118484258	366
-0.078451236710269	0.2204881926754	366
-0.062313490791494	0.296481963816883	366
-0.013096814266623	0.609229773554757	366
0.013641613295998	0.526520002137562	19
-0.118750845832191	0.716536929323994	654
-0.015975450526007	0.532628660202126	654
0.091707631851926	0.467417121767158	654
-0.00275072058815795	0.396292641601082	654
0.037760794493071	0.321298496946249	149
0.11133387988801	0.113712652956432	792
-0.082065968681697	0.230458165802187	792
0.085168172361445	0.248321279342252	193
-0.054429060707059	0.299495656062825	193
-0.10518407903822	1.4048977490384	246
-0.115770598315421	0.673083226915838	194
-0.034703224931285	0.609190774453462	1120
0.030738878357482	0.260528972104085	246
-0.053263869362584	0.298145742648967	194
0.124806865012486	0.396792594339549	246
-0.0175233161387	0.923662736867063	29
-0.051425398447055	1.10522583355446	29
0.087012755504408	0.24489658569112	366
-0.077923215146445	0.443418420922133	366
0.089261333005936	0.296855969936498	366
-0.012580129018568	0.888664380760651	54
0.03644800210093	0.327398203249828	366
0.108387857410782	0.685834689984561	366
-0.00046007332060205	0.854154581198887	366
-0.0497163382114571	1.01561362859457	366
0.103022066391844	0.35410291963413	366
0.09849736252602	0.356978391541412	1060
-0.084784992445209	1.0668843742856	366
-0.088066111496496	0.228752102721505	19
0.112911801013283	0.112883681223137	19
-0.053263869362584	0.298145742648967	366
-0.10019621933247	0.495466121207506	366
-0.071286953706284	1.05083615658783	366
-0.016172617944641	0.484665259604536	366
-0.060785687947044	0.521568764026579	19
-0.083391844186964	0.227459881106157	724
-0.0478627292571679	0.290831489467213	149
-0.049826007178829	0.294680286074608	792
-0.057530634389048	0.296241079310837	1717
0.048323199660643	0.998944849133023	246
0.029301275209517	0.540314077522606	246
0.022782735759291	0.271859038272238	246
0.11972468796567	0.623000831042941	29
0.011105041038109	0.863124646752725	29
0.094458107130891	0.245245083747314	493
0.039877281154902	0.324719441976785	366
0.069164588859067	0.405456367198443	366
-0.057397951702211	0.673611339926661	366
-0.02268652353586	0.93997608792521	366
-0.00616907715217396	0.983586260757925	366
0.060927171787298	0.601992563748935	366
0.071029278323652	0.368915081385947	366
0.101249049925036	0.378313047302669	366
0.099322837280818	0.243391443264069	1060
-0.042690568259719	0.822226980496699	366
0.053865487634	0.752514484946975	366
0.028866403244038	0.267150501993405	366
0.035313119888887	0.266061741347273	366
-0.024700741949352	0.863131839753896	366
-0.10575294162386	1.1714115360517	366
0.060132922381271	0.594571029870165	366
0.016529278869311	0.804717667615614	366
-0.090564666774833	0.920878064841233	366
0.0377623355468	0.199688159930782	366
-0.073962317801798	0.21927147799789	366
-0.024688292139185	0.488594000918487	19
-0.107766889604233	0.766975217491266	19
-0.052579348500788	0.736693558542747	19
0.112496742740185	0.423741949625911	19
0.046852069580851	0.543787304377119	19
0.04481369459049	0.497916671621782	19
0.02943875680719	0.268507152760996	19
-0.124648203911224	0.73911588526595	19
-0.046946944014802	0.540196293944954	19
0.111853708958516	0.112088272718431	19
0.043738281853249	0.195991543635569	19
0.115089536983158	0.112348134554799	19
0.050953448095243	0.350075575222825	187
-0.0869924056963211	0.230539916127221	187
-0.053622440245501	1.16373922451917	29
-0.108676168161436	1.25015440149236	29
0.03009124800148	0.601982521084045	194
-0.049287474136223	0.61165129690548	29
-0.088632593775578	1.13814883557541	29
-0.114688710485999	0.810530725921502	29
-0.017389160215655	0.613272605028657	366
0.021118089056464	0.863975401763924	366
-0.084384608857256	1.03955933838733	366
0.101284129072011	0.356478624891525	1060
0.029075078410868	0.669495743423383	366
0.090974809937551	0.654756320024898	366
-0.013460335295706	0.965645820270084	366
0.112643758889374	0.113294442733233	19
0.074407778213007	0.630178735128332	366
0.051930540101519	0.477444245505798	366
-0.00987549459857995	0.40094904676987	366
0.030118161700139	0.273594003056729	366
0.095728523159263	0.330690335277633	366
0.035669043280539	0.427938338835294	19
-0.033895539283226	0.59480085180947	19
0.010576668049414	0.526708288790994	19
0.058169082954045	0.390945159030029	19
0.012882718545716	0.486922642697508	134
0.096683631385744	0.417306638105781	19
-0.00489591218666796	0.385841030166729	19
0.047757731573655	0.195150846424252	19
0.114823742585628	0.11255724030873	724
-0.037612369604915	0.358026130706794	187
-0.05636575580207	0.296887514834489	187
0.11561420249907	0.11228656899571	187
0.113775933333423	0.111202432084785	739
-0.033672460995084	0.451380039431064	149
-0.082441725769981	0.228844674254801	1717
0.061471524602286	0.701926852635006	194
-0.061010452017626	0.603978746023111	194
-0.010533519879025	0.395812624032008	246
-0.111871541929083	0.699757962805681	246
0.098324355621221	0.32380308148235	194
0.093563189394795	0.852588780416631	194
0.104791288657206	0.624344583955521	29
0.047688815913352	0.580251205352016	493
0.047807329388308	0.357465484941039	493
-0.030746151821563	0.707531270783598	493
0.107131860208849	0.346340748608817	366
-0.0117961586297201	0.944180231798441	29
-0.041297186278464	1.10735604610848	366
0.07931537844337	0.72967761139301	366
0.082581537603105	0.655226952075664	366
-0.113276346656428	0.820563860559422	668
0.00371823804962701	0.587379378628098	366
0.009408706409126	0.431709459900383	1060
0.020945203110736	0.518127021292327	366
0.073493821818101	0.727369003970122	366
-0.08659368173432	0.971761989312417	366
-0.0841069044106409	0.795538284372114	366
-0.099559657268521	1.15406388264045	366
-0.081946769068578	1.00727772313126	366
0.124628894766536	0.17308346484439	366
0.121232651759381	0.175456115929538	366
0.110293549194893	0.112333536245241	366
-0.060022448465639	0.292869412269226	19
0.106138720299051	0.499628797859049	19
0.00966671825113702	0.42335461755751	19
-0.035018662478746	0.661761044577966	19
-0.01538138279134	0.690544551628234	134
0.089636847690027	0.398320839683849	134
-0.014764560959298	0.485314430618959	19
-0.022629400166795	0.55612400932407	19
-0.024912008145366	0.349626643876976	19
-0.052785325485634	0.293677663903112	19
-0.07780377687633	0.227409118788387	187
0.093367322746875	0.283272712788344	187
-0.112486217144991	0.383901828573266	187
0.046903138286242	0.359636261896074	187
0.114823742585628	0.11255724030873	739
0.028090591379503	0.271800258162342	149
0.094826272266254	0.248849543685735	149
-0.043530686833045	0.361926665750205	149
-0.083391844186964	0.227459881106157	1717
0.039113424792125	0.199650098479209	1717
-0.087812170675417	0.231240314047897	1717
0.056125054301227	1.82486755494427	246
0.04174418161088	2.00488084937858	246
0.105584838023903	1.64726378939922	246
0.027078807983406	1.85004577740502	246
-0.08180502307699	0.943813548909139	246
-0.0375984638344951	0.994382842752897	194
-0.045081423788116	1.09068256616709	29
0.00886921119725198	0.898500654422959	194
0.00524749720059198	0.809560817352867	194
-0.117931571039048	1.24153236279186	194
0.113917100079242	0.418917820350412	493
-0.035779838695156	0.708881120145161	493
0.11777937753519	0.421640155140633	366
-0.0436359340688201	0.852039259679443	29
0.071479192117108	0.678513589165585	366
-0.037835959185357	0.789100500920131	366
0.026149233125008	0.406300071012484	1060
-0.113862900311914	0.388844199537354	1060
0.087402876369951	0.538741265055711	366
-0.06094560223296	0.737753835936654	1060
-0.118490296531489	0.565393166977911	366
-0.026266598197991	0.828643425723983	366
0.105916892000586	0.351115610995219	366
-0.099308290666472	0.857626380676876	366
0.00473388509628803	0.603332589284497	366
0.026199415313259	0.577821915804285	366
-0.101873359306882	0.866805830543985	366
0.124520999166947	0.177124469264755	366
0.108412592156611	0.532214985786265	19
-0.00588461840350096	0.387761317178419	134
-0.038134918452702	0.362393353851191	19
-0.079190817443659	0.225403106439413	19
0.092007598531003	0.247918561636777	19
0.035556712099252	0.266911387486394	19
-0.123394302899984	0.564423395025999	19
0.018457528161287	0.265684640688275	187
0.105855485888929	0.113658744219182	187
0.105855485888929	0.113658744219182	187
0.028840251334563	0.268021635580877	149
-0.086426040214859	0.23111507384329	149
0.045615105961212	0.193470324607115	149
-0.078626069644499	0.225308110829672	149
-0.081308217797875	0.229779893299134	1717
-0.0886325758791971	0.228200779400233	1717
0.112653608589807	1.88226033692572	246
0.045338708366109	0.501943353251343	246
0.100067220395434	0.412252194572338	246
0.090637217966784	0.58874682396926	246
0.093779418668486	0.44665253851008	194
0.042097263430197	0.197596168935613	246
-0.061225859622111	0.947814710617791	194
0.069720975896881	0.438825906466257	493
-0.0550420391227811	0.288681772851965	493
-0.00427678812330901	0.397140494717893	493
-0.071279928672203	0.639490078724311	366
-0.122410574521631	0.591182402019697	366
0.10571038643968	0.490901131684735	54
-0.026140277631069	0.845092031066054	54
0.118674349081758	0.574743977714172	29
0.090166043355194	0.540392618780158	366
0.00995062310777101	0.631713048914321	366
0.04769087187393	0.684423741142685	366
0.022869822106546	0.554319123276661	366
-0.082825135000569	0.227365013828746	1060
0.076591503921146	0.540511475424102	366
-0.067764319919694	0.529119751056077	366
0.083433015277974	0.552507474923962	366
0.040328454520426	0.626953199832924	366
-0.00362732768100404	0.790458417360992	366
-0.0320513080146539	0.364250031400353	19
-0.012028809575472	0.809489861906812	366
0.050682238127575	0.526108951721059	366
0.019829453821303	0.451040093829974	366
-0.078515945466474	0.650553546648377	366
0.081306844967105	0.457416639750908	19
0.093042305130905	0.32921805323321	134
-0.020591466057875	0.562624061405062	134
0.023257943609825	0.444135167001401	527
-0.036157917687669	0.362955130334959	19
0.106895142792059	0.114065326676144	19
-0.035075813837374	0.353615788642498	19
0.034878220877129	0.327010980663416	19
-0.048087265199052	0.290032725080418	19
-0.036648621405439	0.362928775772901	187
0.111602139321358	0.115032192174277	187
-0.077239286016319	0.226197788327762	193
0.111080992199109	0.11353931257781	193
-0.113870735535824	1.89486260867678	246
-0.099061081765805	0.705282483661428	246
0.013382456085391	0.516682137824626	194
0.08140598891044	0.609902825560003	194
0.116358271308144	0.526855027601335	29
-0.063330446911936	0.601661937057462	29
0.06192514634798	0.338160421373151	366
0.049371747047216	0.362743214306223	366
0.059966983891087	0.641624459233795	54
-0.100120961365733	1.17930749638033	54
0.056794971799272	0.753093100853015	366
0.099478631589703	0.358038196865593	366
0.055182970211847	0.770365442779497	366
-0.013898128742349	0.401545782877911	366
0.092963607716636	0.527369841674768	366
0.077249628507142	0.593352871585823	366
0.11133387988801	0.113712652956432	366
-0.085293936863436	0.227254874156919	134
0.03424259816929	0.197859954675779	134
-0.0211576689888781	0.486525559429292	19
0.047757731573655	0.195150846424252	19
0.04262280560762	0.197815059386246	187
0.029180550166829	0.264356339729148	1427
0.007216723553857	1.59253723279834	246
0.045225541585372	0.610493161560656	194
-0.026753964304175	0.70246188424491	194
0.045871875757951	0.655863209352964	246
0.096698004596981	0.611477095091991	246
-0.00929338625364096	0.685537935433882	493
-0.089962544997677	0.587508896595003	366
0.090569974462272	0.367206595112077	29
-0.00686502887448304	0.740329000268487	366
0.087223313708144	0.537692211935471	366
-0.098046945234867	0.74901298812252	366
0.12491899256278	0.420897139962767	366
-0.073319287890768	0.437333473919794	1060
-0.053521694706034	0.465166576139194	1060
0.099900636282383	0.501777308906379	366
0.026998592912795	0.453669248668531	366
-0.113485724888908	0.385405839569693	366
0.031965907596135	0.264127996847969	366
-0.046536807195519	0.616333537148178	366
0.107740500362032	0.376887915966585	366
0.021372679294029	0.51843888669144	366
-0.0518365538139291	0.729317072595725	366
0.07928344777201	0.489108032034426	19
0.035871013683546	0.329761811493468	527
0.040817875891104	0.318288890956558	19
0.112911801013283	0.112883681223137	187
0.05490375669598	0.35147410349214	187
0.030037019715663	0.268302279210081	187
-0.074218937671101	0.219465174037401	138
-0.087245755730482	0.231819826248083	193
0.115347306613337	0.110954114209396	594
0.112924555310715	1.25314582168334	246
-0.025839817992927	1.77677893028202	246
-0.033874706967443	0.806095905300898	194
0.093819733465584	0.395398331429846	1120
0.029317911530403	0.484808181661547	194
0.103873483555285	0.491436712554675	246
-0.087132599699968	0.904908560652913	29
-0.044314385516287	0.698456045404356	493
0.093889263885647	0.471461459082946	54
0.00468722046879699	0.755121926124455	54
0.119798200136934	0.48936626143091	366
0.039686234348192	0.502149513972263	366
0.053727264934308	0.54350505961404	366
-0.08153685647506	0.80045791223828	366
0.078651917841179	0.57799749047286	366
0.057859885290242	0.621019390471075	1060
-0.013950330817751	0.610771872772325	19
0.028867252691926	0.546766276598471	366
0.014649431973843	0.416492594680384	366
0.061457625658146	0.610278559665924	366
-0.038338809162817	0.615713821828097	366
0.093601208269924	0.296634207541462	89
0.036250567275891	0.320870292557528	19
0.044478492623504	0.358942477451908	134
0.00986968347565098	0.429090669189192	19
-0.0721588620714591	0.429791668004953	134
-0.105295388793407	0.643153893415045	134
-0.1185522128278	0.398297593487797	134
-0.039765504858532	0.46457546485314	19
0.103148086836147	0.23674820699272	19
-0.029561126584718	0.359095801970815	19
-0.08560696829641	0.226950352918593	19
0.097890944068849	0.242638826631305	187
0.027828132955995	0.272680309224526	187
-0.029237300475205	0.354045658906276	187
-0.047058288650394	0.28591178202325	355
0.048549721363538	0.192197906276806	149
0.042984708456483	0.191682346261693	149
0.10382807771081	1.31362218173877	246
-0.013429952083858	0.773064853136651	194
-0.046451911769732	0.469281976991984	194
0.017847693814609	0.415479931046233	194
0.104605150403236	0.655879061182701	194
0.060030784268886	0.673071323543616	29
0.061032803271419	0.696175953898413	194
0.018183437075821	0.653743974340531	194
-0.013930307423871	0.78711918711402	29
0.019357006319659	0.70339607797396	29
-0.073406143300366	0.785062933452747	29
0.056996097200877	0.394650901158356	29
-0.00244103881241597	0.395975352859824	29
-0.061794817633316	0.619256612542798	366
-0.057576434802854	0.826399890511939	29
0.017313058133087	0.553104745018273	29
0.105485474447583	0.538349801801581	54
0.082344074227084	0.459747634146721	366
0.048200826777557	0.609596386829178	366
-0.092995454202428	0.993671492386398	366
0.075513731660681	0.471534430252401	366
0.057872022793964	0.393629693150337	1060
0.103128906360114	0.491714449187604	366
0.124757788857562	0.469852306461182	366
-0.0315426966446321	0.44684855359234	366
-0.012844541388392	0.658024027212905	366
-0.080512982207991	0.65671272616944	19
-0.087671969734258	0.57313763670623	366
0.092789348366914	0.246859526974829	366
-0.038001062426084	0.459438244114603	366
-0.0952766014387329	0.710334108719937	19
0.00763321646749798	0.432328708651427	134
0.104228734937344	0.318423479911656	134
0.047812608966487	0.356875310244397	527
0.053053903156645	0.359918935014443	19
0.033663371494648	0.325641257706528	19
0.031924060698558	0.271694893293987	19
0.034471068737238	0.196240897348033	187
0.02835420709124	0.263568900300843	355
-0.077546775909522	0.224430578335701	355
0.111080992199109	0.11353931257781	149
-0.077239286016319	0.226197788327762	138
0.049665373548567	0.190456113039934	138
0.047757731573655	0.195150846424252	193
0.106895142792059	0.114065326676144	594
-0.055089916156883	2.43732627428633	246
0.085934977269932	1.48917822319413	246
-0.033211233102838	0.89040778984424	194
0.101677946989741	0.583638270315334	1120
0.041350632846657	0.858591075651006	194
0.023176161813896	1.04873890288757	194
0.09213707845884	0.638998551443144	194
-0.074879360356281	0.970911754119538	29
0.033828539116855	0.635436518763454	29
0.026390310626575	0.941028372800068	493
-0.020503946548262	0.792705616706916	493
0.117228794110343	0.468617132182763	493
0.016075135484563	0.623942758077281	29
0.023864932791996	0.889832240707944	29
-0.00797125466167203	0.599451469115397	29
0.104138391157628	0.676229160452434	54
-0.00390571856104505	0.502204038583672	668
-0.107665030828128	0.637637545993732	668
0.029853818534148	0.850529372765084	366
0.118162105956946	0.490386328586649	366
-0.04888682099988	0.465323260587302	366
-0.082974709266262	0.653154418228996	366
0.092637048158951	0.551094075307866	19
0.072770059758167	0.660616045553122	366
0.044296933486809	0.586960823607074	366
-0.06371342348874	0.616689668847057	366
0.032860502111146	0.320817567777605	19
-0.107900076564849	0.638579110176012	19
0.035592046884109	0.320493012122613	134
-0.090660567503639	0.593690743843402	134
-0.108069881668907	0.763420449963684	134
0.056713821952075	0.35064612953017	19
0.039264243632589	0.325737724925221	19
0.09325556077856	0.24456982803852	19
0.040198821059591	0.253399025824076	19
0.101670758570811	0.243339830948682	187
-0.116735601198295	0.390397524902701	187
-0.072238094067097	0.441812175251453	149
-0.053363614080398	0.295147794011653	149
0.04229928774822	0.196677205606599	2343
0.090413219260588	0.246107461857735	2343
-0.052785325485634	0.293677663903112	2343
0.092706348981997	0.249225608432526	138
-0.113569822785881	0.389240946097208	138
-0.079534588879737	0.441670301949038	193
0.042888041441389	0.197051038353189	193
0.106795247532374	0.557482917760809	194
-0.045482418204353	0.693825661149461	194
-0.097345122770743	0.804981152067708	493
0.110030621043136	0.577107232081897	366
-0.0350629704298781	0.729625129653236	54
0.057620961252752	0.526007052566316	54
-0.00394808979563699	0.867875325162399	366
0.072805716499945	0.577158258995664	668
0.032949760426749	0.481590285488561	668
0.066036901281333	0.694940808661392	668
0.108373569785347	0.608993173180307	366
-0.091136793743004	0.664010984980718	366
0.098979049755481	0.359312090362644	19
0.089440604026657	0.525481153873772	19
-0.101891555837446	0.72400158085106	19
-0.057271064788285	0.837840536596487	366
-0.0416255400544731	0.746556546750928	366
0.097281854421108	0.242598143517701	366
0.023129840902744	0.413575899494822	1260
-0.0308078846083411	0.781468809549745	19
0.090436840030918	0.298089482381273	19
-0.040672165811858	0.459523919738186	134
0.064875051204259	0.450790754041009	134
0.093320343355695	0.250173384594861	19
0.112123061494307	0.114973131154919	19
-0.028538444816794	0.353758343121639	187
-0.027832630891975	0.348266750917979	187
0.034471068737238	0.196240897348033	355
-0.114930478824926	0.398512814098925	261
-0.120611712033451	0.394556734973554	1647
-0.035991113463959	0.357568529321158	138
-0.081499498028677	0.229220728538513	594
-0.083391844186964	0.227459881106157	594
0.077704917244552	1.85003823975957	246
0.00412069169608797	1.68916458422984	246
-0.043047328292578	0.781701734996893	29
-0.008445033014291	0.830167408882465	194
0.084007392990757	0.59230049947619	29
0.017196186769664	0.790148805137874	29
0.065241501551521	0.687942510542455	29
0.071890850293784	0.559412270964604	493
-0.041381133455401	0.518614796444107	493
0.088258241686163	0.397765898526821	493
0.05859953523248	0.344536661711494	366
0.119823678698321	0.536076913800666	29
-0.010998801850024	0.702703204287756	54
0.036274665537616	0.476183092199755	54
-0.081245104481234	0.847703992096012	54
0.00472195697806799	0.655614712915962	668
0.047244982194915	0.616335602375901	668
-0.076455575583131	0.655634175282514	668
-0.098691355824552	1.00602091574761	366
0.080007772429226	0.514733134293175	366
-0.11403782226542	0.803671895767882	366
-0.047104588144664	0.286156708449043	366
0.119985021643704	0.45437095592441	366
-0.024131216918998	0.618152768747854	366
0.096364181147163	0.569555538322543	366
-0.029881701791911	0.529133808954812	19
-0.062402137911726	0.776979292697381	366
0.122675963396848	0.423157798989983	366
0.095979074469422	0.480165285701486	19
0.031953476510229	0.438128497304603	366
-0.0525600893377311	0.294309953805885	19
-0.04231820484613	0.759200950961327	19
-0.029791868065684	0.516515281068984	19
0.068642849329869	0.413769415231291	19
0.076262388011569	0.43658402845819	134
-0.00517756999596197	0.502933897222461	134
0.045704176361259	0.36747842424914	19
0.047757731573655	0.195150846424252	19
-0.078061529945624	0.224126743967893	187
0.111867990649127	0.111527541388821	187
0.04229928774822	0.196677205606599	187
0.099933047238877	0.327393778843135	187
0.031924060698558	0.271694893293987	187
0.099015788650954	0.246974089940951	187
-0.081874867372603	0.229873084039577	1647
0.047207801493	0.356811931363013	149
0.094065998376932	0.241767779580537	193
-0.087343069345711	0.225851894624021	2343
0.112123061494307	0.114973131154919	138
-0.086426040214859	0.23111507384329	138
-0.054429060707059	0.299495656062825	594
0.106639551297304	0.11488364968898	594
0.061711856873189	1.95828956347668	246
-0.00637724747580604	0.849645498745453	194
0.08216799000193	0.599274633558118	29
0.030028060465029	0.684519839073864	194
-0.0636943601784919	1.04580458194114	194
0.060521260836325	0.389772514816851	29
0.062253711289828	0.770743626873813	493
-0.0962438039464299	0.501147402331611	493
-0.0603733909020771	0.294509956641704	29
0.004324552030669	0.377591635100279	366
0.089787350656077	0.529158764302657	29
0.123407729798312	0.560369151592581	29
0.027133905323042	0.765458502024083	29
0.018413061460946	0.816591501602858	54
0.117879924231721	0.461180054530395	668
0.12405839510488	0.174267145870384	366
0.09519566154168	0.293702138727247	366
-0.027722704691262	0.354115369665841	1060
-0.031701468295896	0.360132751462305	1060
-0.0274602058061491	0.355705352655406	1060
0.094913597256159	0.416842292529608	1060
-0.055226641819405	1.01741441618915	366
0.00922664745595603	0.425942108082092	366
0.019687203977283	0.544694694222822	366
-0.119580396773728	0.96045183792234	366
0.097890944068849	0.242638826631305	366
0.037218110363642	0.195360817563378	366
-0.121828821365368	0.397444694730785	366
-0.00810062238989895	0.887255219507669	366
-0.025633415211654	0.631353018303939	366
0.047365995024684	0.573355928258865	366
-0.086426040214859	0.23111507384329	19
0.090958309974692	0.388387809647362	134
-0.066361373718137	0.610384116234627	134
-0.019776763458042	0.396920246945158	19
0.045360029254746	0.359835882799861	19
0.039904706615939	0.198350876514301	19
-0.081118508158911	0.225738968647028	19
0.104001628253399	0.273737493231053	1647
-0.07060759452488	0.422209024980939	1647
0.039113424792125	0.199650098479209	2343
0.110813826690365	0.113772710115371	193
0.019531466906754	1.07537211837048	194
0.119786437355511	0.544837026695934	194
-0.122951755122656	1.04433558826065	194
-0.117372716638491	0.565106445656973	194
0.076441009520779	0.548598115641411	29
-0.105856457187932	0.641739562421662	493
0.019346350503081	0.735303466607256	493
-0.009062316630435	0.795752758369365	493
-0.060529881998986	0.594282274502783	366
-0.074231291716412	0.441741404914213	366
0.049135380040004	0.554442405925877	29
0.124223067890371	0.464825483978151	54
-0.048274935965684	0.859722132212894	668
-0.034922032185243	0.569207975425992	668
0.066115932829572	0.620732815765642	366
-0.092985353877494	0.733583102569852	366
0.120635971087407	0.523936740323256	366
-0.048218758996917	0.287879001575728	366
0.093254028555938	0.478012684612932	19
-0.05783292424621	0.766823714851735	19
0.114547131567611	0.45016442045292	366
-0.082258634579743	0.226170400043011	89
0.121127823961241	0.171371770585774	1260
0.052745016802132	0.596280838660872	19
-0.0966860661714261	0.633292378075846	134
-0.015050951947882	0.393293742800055	19
-0.034701212279214	0.352765973843837	19
-0.0807417768971001	0.228548754592648	187
0.038553785579531	0.19980113560382	187
-0.07836847578401	0.227502697104956	187
-0.077690728895329	0.438806403096914	187
-0.07836847578401	0.227502697104956	1647
-0.081874867372603	0.229873084039577	193
0.098454274093726	0.240159923468073	193
0.042857552425884	0.197703856707579	594
0.032310739601467	1.93784449860761	194
0.110864853707755	0.724164776976826	194
-0.012853989422664	0.99245647717696	29
0.070305461352459	0.4127684644352	493
0.070225085087384	0.664607489502718	493
-0.071853039994682	0.526012114137959	366
0.109804362767503	0.449989289242899	366
-0.0838696305933761	0.661774496875549	366
-0.00259696531525	0.619250932104997	29
0.070108370872488	0.549184921384794	54
0.0865081755029	0.479960430222644	366
0.061820493323208	0.536876599901428	366
-0.018204689541341	0.774503965268655	366
-0.115912550443312	0.924027617584277	366
0.069996880849036	0.708832302675532	366
0.02601149888211	0.271692219537568	366
0.055763451796398	0.694037162839038	366
-0.09874372569543	0.508592648403241	1060
0.090165513785505	0.47474558557047	366
-0.03946809035626	0.540664650437483	366
0.03152273860188	0.318513965575001	366
0.065705887901098	0.532294278663613	19
0.030836024773504	0.269299808188036	89
0.047740514152832	0.52725888025931	19
0.058039417850895	0.47835292829072	134
0.031152656242056	0.444057603587591	134
-0.018548486908184	0.480996537149385	134
-0.096642685194992	0.614354696106606	134
0.102564657368463	0.380491815431616	134
0.019876760903132	0.466995143726126	134
0.085472869451557	0.298751027399717	19
0.044208243085981	0.196626825000587	19
0.027828132955995	0.272680309224526	19
-0.090915004612678	0.228165979293146	187
0.091661689804334	0.298266969459359	187
-0.056413839475233	0.296347668304979	261
0.031249620845856	0.328955375299314	193
-0.052914347676596	0.292156150996992	193
0.036643186252455	0.260639619209874	121
-0.079755773491192	0.224427191828899	193
-0.00802252607490295	0.598863350038883	194
-0.00996489064321404	0.889135853057774	194
-0.053470441336574	0.876813329820645	194
0.057856510885161	0.405043119497256	194
0.050870920511271	0.602004139149843	194
0.055704151512678	0.518688435141382	29
0.064609878811955	0.61917386899534	29
-0.021459689298494	0.734647166854431	366
0.064077490315964	0.592798158246261	29
0.018943299083725	0.680114893811838	29
0.070160855029088	0.439169950554544	29
0.043092683301524	0.468207009685711	29
-0.03407652752618	0.678449221448138	366
0.015584311107262	0.735277571173377	366
-0.0988115152367079	0.832622834195067	366
0.07702863967366	0.438108237666982	366
0.03234415751954	0.569537627333752	366
-0.1008840394974	0.941693715465973	366
0.058231250527326	0.699358075851909	366
0.064074500210403	0.537547383984304	366
-0.0987900940466711	0.744088823686157	19
0.077178173868984	0.49174357608119	19
-0.074825742687012	0.649491594279924	19
0.091028773993006	0.29603173130121	134
-0.101894153474294	0.632530424080143	134
-0.031474673148802	0.346624477236213	19
-0.074460401250448	0.435528103933821	19
-0.00707758701426897	0.398167232391544	75
0.027468324758719	0.326910182721818	75
-0.032385426499479	0.453965737115297	19
0.048125028538181	0.358096236244934	19
-0.00986808341662504	0.397854575901803	187
0.028698960865722	0.25602826531439	187
-0.0858598839870131	0.230314192318227	187
0.030879129014854	0.268020666303594	187
-0.05861600798241	0.295801314477518	261
0.042533411990663	0.192833967240362	261
-0.083199536295848	0.22951558009204	193
-0.05636575580207	0.296887514834489	121
-0.112233079916411	0.39040057510019	121
-0.046523512021553	0.286381984728885	594
-0.043288872694678	1.17788861565248	194
0.069139790520575	0.446998103094029	194
0.01060186519388	0.42943538322296	194
-0.0258932917568691	0.639036406893034	194
0.09951980164237	0.447284741575217	194
0.00856410140271302	0.595468532719562	194
-0.04646632421032	0.724422602095482	194
0.031365877337335	0.688895592053861	194
0.121963219416671	0.574942264934169	493
-0.034618878969244	1.01548161987473	493
-0.072618404467706	0.440623385142075	366
-0.097673655822034	0.630993018932861	29
0.01612392546587	0.425320837551715	29
0.049044479086912	0.362374660667749	54
0.037602185039732	0.43492338457584	366
-0.101516509053006	0.512030790319006	366
-0.108276457566077	0.537737605116219	366
-0.015116196210141	0.783492198629465	366
-0.0417172743163991	0.994436639643113	366
0.026150516679441	0.545747469255643	366
-0.101560292559194	0.643488857172087	366
0.08907421266618	0.636606159698632	366
-0.025268220589029	0.741396023515105	366
0.034460046679535	0.439739197660856	19
0.044173195061734	0.368041069538927	89
-0.034975791921801	0.89395248792176	19
0.031322339627252	0.273181200092021	19
-0.023690253460509	0.346770971467951	134
-0.094721680829541	0.494679946559325	134
0.034358137818751	0.268024322190153	134
0.07196437835439	0.523341912082968	134
-0.081118508158911	0.225738968647028	19
0.018407390584448	0.451363790931401	19
-0.124709823057744	0.561910240857816	120
0.104292682322761	0.350806132146438	19
0.063159339336322	0.386402467739009	187
0.040466823551842	0.50609658163937	187
-0.074689245059182	0.440516309547256	261
-0.0703058597012181	0.431703367770052	261
-0.030168554147624	0.347784650631379	121
-0.000848640154873959	0.388719399073518	121
-0.056703621495765	0.289457453616448	121
0.03337099346504	0.266831734449912	121
0.033273757565552	0.267999122459075	121
0.101693139831954	0.584302349483091	194
0.047847141865777	0.428817484012249	194
-0.081530378793334	0.764461631219185	194
-0.114143183372856	0.630248106602652	194
-0.122292558318974	1.514637497046	493
0.022423299269823	0.790588640156133	493
-0.02884859710498	0.975261649338116	366
-0.104175971715981	0.709507495236062	54
0.032904155030326	0.48892654616215	54
0.048172434637158	0.363784174676554	54
-0.038409283429335	0.463751733018554	186
-0.042032439127853	0.985230347559781	366
-0.107618449896543	1.25967938223638	366
-0.025678961502274	0.862275187728377	366
-0.061565089508135	1.22456613381957	366
-0.079286745595648	0.564079744018654	366
0.030962572067629	0.327398605431553	366
0.116348056497941	0.527016488395459	366
0.012247214274656	0.714419110366477	19
0.0353891143001	0.265661217855191	19
0.042949637130847	0.836770036791944	196
-0.0655530638226099	0.780852175933068	19
-0.070316281482923	0.43855178348647	19
-0.030515795786573	0.349998025487054	134
0.105600293829081	0.464128008116547	134
-0.100604929249724	0.710865105409062	19
-0.011438598031665	0.513020456288072	120
0.027536919710125	0.329770036622962	19
0.121002398938153	0.175838352108009	261
-0.07780377687633	0.227409118788387	193
-0.028887443146303	0.356378099244732	121
-0.0539421347815	0.295728569671535	121
0.074155849902785	0.437985966036159	194
-0.118000365390428	0.662267328160654	194
-0.0449133208068609	0.548513050720163	194
-0.00647636482189096	0.502701116437423	194
0.082060631635207	0.628120903669956	194
0.014901104494387	0.419871215175582	194
-0.040670761905833	0.363281385962292	194
0.111467616730066	0.399214295516765	194
0.048745101591894	0.489955612839453	194
0.106481628938651	0.639625489069566	194
-0.077673509928668	1.00077971093281	194
0.030260467654685	0.737734520139228	493
0.099510799785093	0.6097132302188	366
-0.0807417768971001	0.228548754592648	366
-0.0107028816006211	0.546673001576135	29
-0.034412347558521	0.363600525681166	29
-0.0270566717106731	0.350534042527828	29
0.027001506584546	0.272073752646832	186
-0.05313887823512	0.294889000693205	186
0.036155634567232	0.265232527561092	186
-0.033044127764379	0.344543429179168	366
0.044274602975991	0.797587948072698	366
0.062223835307998	0.380842932931775	366
0.0360051496455	0.530527142367991	19
-0.094528516583545	0.912395085648919	19
0.03347218226068	0.321587342295363	196
0.08556020078489	0.61905677984053	196
0.105130360119177	0.484014436681957	19
-0.069866928438121	0.677150877190995	1273
-0.054429060707059	0.299495656062825	134
-0.049022661436726	0.292868583830154	19
-0.028364915125311	0.350367763877698	134
0.09692925290892	0.35605032411464	19
0.043572153803352	0.362059759855049	120
-0.119679540702202	0.552400172699274	19
0.072162448154831	0.368427458207366	19
0.014548316662044	0.412246794088246	261
-0.082283654715912	0.227931457197007	193
-0.056058847094892	0.295416727778221	121
0.014740930673269	0.425631595725567	194
0.033682969464201	0.328011833593876	194
0.092203487138068	0.246110138558334	194
-0.081143118134827	0.443206432396035	194
-0.0866795500923629	0.231015106598707	194
0.053725912112447	0.428438082703321	194
0.047564136537779	0.578677762636019	194
0.040185503265567	0.318957884326767	194
0.014994709086869	0.263774836937416	194
0.087266509458335	0.245114237835221	194
-0.122068272887877	0.396869971796601	29
0.024802976708606	0.273047374784913	29
-0.123524247715543	0.39574967741299	29
0.08121332831202	0.667852827212949	493
0.052049620524399	0.51781774327751	366
-0.098393857953635	0.707182562757676	366
0.020875165017025	0.896301883517847	366
-0.080094752010827	0.960052167308051	366
0.041376258832904	0.855825890516176	366
0.034325167800362	0.441275050940965	366
0.089235358834962	0.606650334714291	366
0.095892324507091	0.241897593194081	366
-0.027067056065507	1.14152171055148	366
0.027783358199024	0.192132245476661	366
-0.113858420498753	0.384667268713774	366
0.040155107301365	0.191667701700186	196
-0.055323312166239	0.294607834503801	196
0.029734759980279	0.952990460893297	196
0.089953368867775	0.624697046923128	196
-0.110355235721833	1.02526770793019	19
0.094432007605705	0.463692897464683	1273
-0.0850408615045179	0.226180232293452	1273
0.047199609445477	0.194941439715104	134
0.111602139321358	0.115032192174277	19
0.026598875134544	0.797413811560679	134
0.112911801013283	0.112883681223137	75
0.11239000863255	0.112944560089795	249
0.04504194599711	0.549582185888203	120
-0.045877488925726	0.717699356106531	187
0.054134884107189	0.483109403966904	187
0.114823742585628	0.11255724030873	187
0.107423158596091	0.112849552995292	355
0.112299441904572	0.368944874093409	261
0.053694852847322	0.357360160238947	193
-0.063135106253252	0.297306625474342	121
0.116138640348068	0.11068858558371	58
0.033358926472553	0.331028530472795	194
0.00340443669986101	0.381685206767633	194
0.032474741151062	0.326113919951081	194
-0.039443055278891	0.359670215547273	194
-0.056413839475233	0.296347668304979	194
0.030712602518127	0.193069536825029	194
-0.068483957308803	0.290330683764337	194
0.091090532104199	0.280114537469149	194
-0.0573948700953	0.299104696030174	194
-0.058852151050943	0.290218054418237	194
-0.061782229683643	0.815301292251285	493
-0.12244332039155	1.8372141250228	29
0.106567637422898	0.919750342300676	29
0.115743788434195	0.870761409329704	366
-0.070455789711814	0.811202761304823	366
0.076708026446158	0.846937416366128	366
0.110747150722257	0.794531421917914	366
0.114299951550314	0.112618511833295	366
0.037360077189446	0.309040676073241	29
-0.086426040214859	0.23111507384329	29
0.106112415250477	0.116155148037716	29
-0.115275380078934	0.544163010220408	54
-0.114772623831344	0.791615547249825	54
0.074095825020489	0.473012139292089	54
0.043216435166805	0.19638023438628	186
0.114823742585628	0.11255724030873	186
0.099812121038638	0.113744894429683	366
-0.027043858919508	0.99875326989066	366
0.055274521332088	0.391044942351144	366
-0.010863504636265	0.713167843647133	366
0.044787610513702	1.06447140322321	366
0.100308424506647	0.389941161240117	366
0.098166581187237	0.848084884891159	366
-0.075002209232308	1.20980251243414	366
-0.091572562742546	1.33076952977475	366
0.047757731573655	0.195150846424252	366
0.114031133952612	0.790080867961556	366
0.020451751635717	0.933540278691838	366
-0.028515318073845	1.34716030456606	366
-0.053654911787103	1.21239931041151	366
0.040136143249606	0.195050707257457	196
0.10062523675366	0.500248064438774	196
0.08442896838717	0.451488560476928	196
-0.028285540000609	1.24526278434642	19
0.095605758265867	0.725358596658071	19
0.114823742585628	0.11255724030873	134
0.058622634428054	0.421294918428559	134
-0.0914826313428559	0.2282979660464	134
0.088809062403624	0.718403240036578	134
0.105329228347668	0.114890015465784	409
-0.0804053962086529	0.572114253083794	19
-0.096089340764129	0.722005402920737	120
-0.0585280548220261	0.596506621422889	120
0.072749261166292	0.521484508794798	187
0.105585049477079	0.115107263657516	193
-0.102018861640704	0.479376000182512	193
-0.072743353592812	0.429203500913066	193
-0.082632648054503	0.230550960741628	121
0.070714225146163	0.408751741021163	121
0.115347306613337	0.110954114209396	121
0.096309654500542	0.250188429115093	194
-0.0914826313428559	0.2282979660464	194
0.018988927872636	0.452638423685572	194
0.051864541895693	0.189062126110476	194
-0.00743011091426205	0.380122808450309	29
-0.113235040718678	0.628176590815793	194
0.048873358915023	0.193351735400399	194
0.124643896456284	0.174588614458863	194
0.119467645334213	0.422659198218295	29
0.03834086617622	0.195036889389983	29
0.106639551297304	0.11488364968898	186
-0.08652783148684	0.222918631447091	366
-0.011069572485607	1.16669908386526	366
0.11133387988801	0.113712652956432	366
-0.082258634579743	0.226170400043011	196
-0.0118092773504001	0.481025871863516	196
-0.0546362036472861	1.05240995053374	196
0.045958895669841	0.956479414002334	19
-0.081308217797875	0.229779893299134	134
0.063288687075284	0.673509157193279	120
-0.044858461605994	0.843556597011089	120
0.01723421168805	0.578053350088648	187
-0.02119339129646	0.489739248966863	261
0.060902727325915	0.53861124397541	261
0.02435530459542	0.27285182311867	193
-0.073241910264286	0.437497897201308	193
-0.117946429687602	0.397009572207988	121
0.11133387988801	0.113712652956432	121
0.038175283876729	0.247797103630859	501
0.035822239782915	0.193297353459153	501
-0.081218074429903	0.439277166711362	194
-0.078061529945624	0.224126743967893	194
-0.074856952605043	0.42419564211767	194
-0.032402001099835	0.362645995887582	194
-0.0662462286112741	0.283949177719195	194
0.058664995892403	0.919957466733541	29
-0.026696793931558	1.26757030091961	366
-0.010446410977585	0.99951547015567	366
0.066356881630407	0.988988105161938	366
0.080456778452056	0.795489526430003	54
0.016431733694285	0.651486300157074	366
0.088686255163748	0.667226048343076	366
0.048991750832456	0.477542079383902	366
0.08699419878954	0.779200368848597	366
-0.092412460360859	1.61086391696106	366
-0.044088556801002	1.26722602448736	366
0.038967016736373	0.456371248239135	366
0.11561420249907	0.11228656899571	196
-0.055373187003629	0.805691583774047	196
-0.017226715388903	0.841192961784284	196
-0.081556566033523	0.771913581267946	196
-0.00438894073202001	0.960480512368755	1273
0.00409325970845298	0.605805199193418	1273
-0.075694654705976	0.654589718402768	1273
-0.048442578710061	0.292290357816374	19
-0.086426040214859	0.23111507384329	19
-0.082065968681697	0.230458165802187	134
0.032578122822419	0.772167495921451	134
0.025851150770592	0.404097547202654	19
0.10854116129483	0.523279104184225	19
-0.041740833335888	0.991139750341057	120
0.015616936353126	0.419013531179185	120
0.101995741458457	0.384411514710565	187
0.038845657853437	0.535479260538804	187
-0.020765593784466	0.791048196959701	261
-0.04139923137469	0.469805807891745	193
-0.07836847578401	0.227502697104956	58
-0.065999796413082	0.521321094069973	501
0.037799865061414	0.322624306855285	194
0.09413431041376	0.243740487271582	194
-0.074991235454894	0.443539539070966	194
0.032077879144779	0.438529406587003	501
-0.104340818988899	1.14955239590695	366
0.100330483678399	0.694169022350908	366
0.080739090123379	0.669456534168395	366
-0.117962500852124	0.544611412638119	29
-0.071620175965974	0.887609902888543	29
-0.022602261330688	0.947386750077545	29
0.092351793049888	0.360028364896493	54
0.124990480718892	0.1734252032205	54
0.046989974295024	0.191265572903929	54
-0.087343069345711	0.225851894624021	54
0.078296979363284	0.55183591309296	366
-0.047151132073052	0.953388204278661	366
-0.00944282412591901	0.843651740379514	366
-0.098769869542687	1.19635504422479	366
0.101322271155562	0.325172600131068	366
-0.001309589019449	0.841609233452551	366
-0.080435100968508	0.551503868420464	19
-0.00840370455643003	0.392190856264933	366
0.023385872868877	0.269621131561759	366
-0.0763888135566591	0.444776243438889	366
-0.059619336376349	0.769202584907981	366
0.074965363010884	0.69518137682094	366
0.108116062174131	0.49633416314915	19
0.091614738792594	0.499310467232223	134
0.031322339627252	0.273181200092021	134
-0.075911251752463	0.440896470732853	409
0.106895142792059	0.114065326676144	409
0.00354038197749101	0.559412094861242	19
0.067605143105465	0.475213606179519	19
0.027496473367091	0.441246254903926	120
-0.086179676652117	0.578834428273543	120
0.014661865323683	0.62327687307445	187
0.094826840839875	0.295583216569871	187
0.035789532363024	0.318376755723738	187
-0.049458230919388	0.349032670704992	261
0.091537254246719	0.290148748473256	261
0.040490076875865	0.322878727242239	261
0.059679078905532	0.38260239020867	193
-0.034275732446498	0.354571358840405	193
-0.082825135000569	0.227365013828746	121
-0.113998996014367	0.799743213433774	88
0.015773067033728	0.416431929359588	194
0.045985040524161	0.52962101450948	194
0.100150243125329	0.288086060429241	194
-0.040972776787474	0.456269071816395	194
-0.0495062422021521	0.54919820647752	194
0.072455614801811	0.439811118217018	194
-0.00861176292129995	0.474477185209151	194
0.09873324691859	0.498209010055637	29
0.114394113557042	0.729360433045508	366
-0.024400000461594	1.06707655192656	366
-0.101040971753229	0.833432443355881	538
-0.118489117375392	0.698841022403516	538
0.01060186519388	0.42943538322296	54
0.076880894920981	0.483670652058584	54
0.052095887999453	0.358435645604286	54
0.021233038806765	0.646492930126086	366
-0.098768671004446	0.849035505003258	366
-0.097282957565306	0.744610042457556	366
0.0473413023038	0.665445468411003	366
0.049728214921081	0.494762629625024	366
-0.105519161204907	0.898881294643601	366
-0.018029633657611	0.664987696998105	366
0.036827138081821	0.477128211472165	366
-0.120197758540144	0.929263393833356	366
0.030160319172343	0.542266202531112	196
-0.0772859634825081	1.22124952089936	196
-0.052734209272528	1.27631716053106	196
0.028999150300537	0.475779783360935	1273
-0.056386173898246	0.292281634755022	19
0.03023493620871	0.271852378358553	409
-0.097467963461869	0.499836983451569	409
-0.10516356708682	0.505438910350995	120
0.00869481252048498	0.536583617545809	187
-0.07836847578401	0.227502697104956	193
0.026644506424858	0.273873482899527	193
0.039113424792125	0.199650098479209	193
0.103875078855893	0.237942000042591	193
0.041506506655175	0.196577430722051	121
0.095097847068341	0.960407306305921	194
-0.06979701205329	0.599875631902417	88
0.057551151624267	0.393314721626582	501
-0.093486516309638	0.491714770807775	501
-0.0740707378426611	0.443934077315114	194
-0.041483799747574	0.888987700572367	366
-0.107648002153876	0.383066537997853	54
0.00246512170385699	0.368802451390567	54
0.018824143949891	0.52182553278715	366
0.064319879858843	0.834245793439619	366
0.088853062334372	0.603163536877579	366
0.036159390915122	0.329623705849816	19
0.095460251651553	0.364045387171929	19
0.023393073298144	0.449187043533174	366
0.084504386871499	0.293194912997293	366
-0.031998120871891	0.353463856416226	366
0.050560975682079	0.486805971667219	366
-0.02896242812455	0.450074210904762	196
-0.00645387642371698	1.04362264074241	196
-0.117861558373827	0.70950669202411	19
0.097082549990631	0.356655506227937	1273
0.083759416156811	0.606559305551799	1273
-0.09874372569543	0.508592648403241	1273
-0.082065968681697	0.230458165802187	19
0.122613310573248	0.173812258457095	19
0.048810201749533	0.394446166825158	19
0.042857552425884	0.197703856707579	19
-0.0303547660285241	0.774736589422162	2130
-0.067755932178513	0.528271832329151	19
-0.104879499604541	0.871320060965274	2130
-0.05797641873789	0.300282042313306	120
-0.00387224568493605	0.574813808630368	120
-0.012306946989566	0.549689933700915	187
-0.100210247194156	0.627727222622449	187
-0.055978963303286	0.743690212457752	187
-0.112263166592935	0.394518671226777	187
-0.083391844186964	0.227459881106157	984
-0.082849608363218	0.228720993086107	193
0.112643758889374	0.113294442733233	193
-0.081874867372603	0.229873084039577	121
0.042064759041843	0.197598618138934	121
-0.061598537089178	0.521987265183749	501
0.106053714784537	0.23604829062332	501
-0.089294126209035	0.221878222122785	194
-0.107609724297609	0.868927554240129	194
-0.009559653499011	0.397528848049272	194
0.031231417018586	0.816213305131554	366
0.112193538329402	0.60128268073559	366
0.030318172098623	0.267046236709528	538
-0.030147171347029	0.896943320995734	366
-0.109510604087628	0.770064927553204	366
0.052917007184065	0.716555513749038	366
-0.014062678787689	0.888127619044838	19
0.088962433036896	0.720796091242858	366
-0.072394634153382	1.14325922701046	366
0.060453228989039	0.649122015708189	366
-0.0467659306582791	0.471871183247329	366
0.100717810816088	0.357522567102964	366
0.123196095791817	0.449026741523416	366
-0.0000377872179659899	0.611654833229077	366
-0.064545671931855	0.41893539146643	366
0.039130267553718	0.194509721026511	196
0.041271793486379	0.195143571077156	196
0.083733167104735	0.701177805594227	196
-0.022417750251146	1.08121917684321	196
-0.086426751306282	0.886845392347579	19
0.05479190465602	0.542029040654664	1273
-0.11649507133125	0.394259846067689	19
-0.086426040214859	0.23111507384329	409
0.072355521739721	0.532690126603971	2130
-0.103976835191456	0.97864956441394	2130
0.060662308295085	0.569233362309743	2130
-0.104324156262813	0.921011281847718	2130
-0.00839650362350897	0.665828277192583	2130
-0.077216366469766	0.748679790354997	120
-0.0844869687969561	0.58536798568239	984
0.031477343905752	0.26712387898351	193
0.111602139321358	0.115032192174277	193
0.046759243900755	0.188989354935193	193
-0.121335999373634	0.39435661349262	193
-0.110344538973814	0.389290066701753	193
-0.055538124572437	0.508194274881791	501
0.09473278142446	0.242279777003842	194
-0.037770741472554	0.81085691117935	194
-0.098474557967316	0.626223327218701	29
0.016183731801043	0.893009021684478	366
0.110614710603611	0.524668295777142	29
0.11587972820833	0.457486117894323	29
0.030034200880777	0.632366750873843	29
-0.070170290374171	0.432845118156567	54
0.035305778407496	0.319839206386312	54
0.091377590260759	0.248298705494682	54
0.03489656085034	0.322023555402821	366
0.099292807628247	0.448026678085209	366
-0.063869419053874	0.607384386107037	366
0.111770027161037	0.557508431902289	366
-0.103802517805688	1.2283145623986	366
0.00138986832892002	0.869534247587474	366
-0.079843886328864	0.438276370496067	366
0.051943951039948	0.636804692861939	19
-0.0000160779133170363	0.572661120822095	19
-0.07780886410745	0.744637226333754	366
0.100084469318459	0.24455715888943	196
-0.120980403281257	0.395396211987461	196
0.073735793128068	0.789686484584207	196
-0.095145445543599	0.828905920744319	19
-0.058693987379596	0.746112191332895	1273
0.08525313502367	0.497228717562704	1273
0.030677559836573	0.446367109172295	1273
0.027489380813326	0.27240572128393	19
-0.0733527165674101	0.430276132072847	19
0.097793510447074	0.249591737831405	19
0.106112415250477	0.116155148037716	19
-0.116382090573619	0.394520768881047	19
-0.087245755730482	0.231819826248083	19
-0.112555478205439	0.686308252281946	2130
0.028707608142808	0.478987225975397	2130
0.090630774096377	0.437941529124819	2130
-0.0675695230308671	0.766774441054007	2130
-0.099541629363307	0.590067704159572	120
0.093139930930729	0.249350942489022	19
-0.038134918452702	0.362393353851191	355
0.017745154493254	0.421906457881812	984
0.040232082967595	0.195766541205282	121
0.110813826690365	0.113772710115371	58
-0.050851752720906	0.290168088400829	194
0.093492434914791	0.327384945984728	194
0.047595650768172	0.30747119366514	501
-0.086699010244805	0.959603822535453	29
0.043723147640586	0.899081770834889	366
-0.082065968681697	0.230458165802187	538
0.011947249166793	0.520140386832916	54
-0.108611542062514	0.50562931535258	366
-0.031089644995947	0.355939250205441	19
0.00763661594500398	0.802403159150368	19
0.065885576542401	0.641044533789663	19
-0.10727978311076	0.382379075669247	196
-0.075826052659506	1.03563903778362	196
0.029495916676357	0.72682764658013	19
-0.017271347392699	0.821199196244983	19
0.091594188949271	0.629191951121887	19
0.026400928189625	0.273538728072551	19
-0.081308217797875	0.229779893299134	19
-0.046701354794064	0.718930848329184	19
0.100451969849353	0.243823679549052	19
0.025891027463759	0.272179925896571	19
-0.054319415898934	0.666307305442634	2130
0.095728523159263	0.330690335277633	120
0.020683522562256	0.455697060571742	19
0.052570991006137	0.389426757101357	19
0.096906620041472	0.36023434452381	984
-0.082849608363218	0.228720993086107	261
0.089627337421353	0.249157612975791	363
0.115089536983158	0.112348134554799	121
0.101670758570811	0.243339830948682	121
-0.106437496871352	0.382721651576739	194
-0.00494360109504299	0.398489951668435	501
0.105159633490653	0.278830307335409	88
0.105173826157272	0.411466199787023	29
-0.089674583459866	0.676638129086948	366
0.031125566745988	0.885934619217816	366
0.066351665086835	0.848760248458767	366
-0.068541532244737	0.603349536471218	366
-0.056384837221851	0.668001022593306	29
0.090656752296246	0.329703187486538	29
-0.025666685263903	0.506166482770709	54
0.040322826982903	0.454842233081891	54
0.072243228336133	0.362375456348209	54
0.0481088582252	0.187680397721924	391
0.056653963375673	0.549783580701145	391
0.032119775440836	0.59986215925176	366
0.017050437951422	0.614051603834777	366
-0.020772130781355	0.694570666945745	366
-0.120787275629929	0.573936643947389	366
-0.111378257343833	0.553665569706993	366
0.108207071335896	0.404137193297025	366
0.106699252862165	0.379414450241403	196
0.041397054275852	0.364111776407579	19
-0.033479986335804	0.354800886448666	19
-0.116012933282819	0.39931251048717	19
0.045615105961212	0.193470324607115	19
0.030037019715663	0.268302279210081	409
0.084554198019288	0.299027910432985	409
-0.113569822785881	0.389240946097208	409
0.122432147882543	0.48963212756801	2130
0.123139476371189	0.393813694934452	19
-0.078967004403816	0.913578653763865	19
0.119347653960339	0.399649052429716	19
-0.011791955953569	0.544089172991036	19
0.095086100717243	0.248535876017959	984
0.09452377031317	0.29345783723571	261
0.022704631618301	0.406970410506157	193
-0.086426040214859	0.23111507384329	261
0.113871472928922	0.477988117497048	501
-0.105777014379285	0.505421931409011	501
-0.015006293388001	0.486646759426821	88
-0.099771548342243	0.748780440289678	366
0.00203547757268002	0.693379227349702	366
0.08639115835871	0.298216832257311	366
0.026400928189625	0.273538728072551	54
0.010280558318082	0.416786904625121	54
0.045132227043784	0.352650906907866	54
0.054262383133674	0.357967327262562	54
-0.00957932335524103	0.399407025970865	54
-0.06602523830901	0.530984625478626	391
-0.050640797028488	0.660579759985563	366
0.01149004885213	0.42732231203272	196
0.001767596675882	0.559089212155711	196
-0.057552127489814	0.599690708348486	196
0.107900776717783	0.463859243757532	196
-0.087117550294597	1.40586832870219	196
0.060664485237537	0.481871867405889	196
-0.034410565487967	1.13704259790207	19
0.061565390716965	0.420415630906899	19
-0.00572519074642997	0.464001333479077	19
0.059961066421736	0.773242961006764	19
0.043237385329046	0.362408335605029	19
0.037674084463161	0.326139359008188	19
0.089567133134543	0.295669972936465	19
0.052784983000612	0.35539072043488	2819
-0.023720656203189	0.626175618577074	19
0.034183033272756	0.266079951908366	19
0.103330809981888	0.27966943679265	409
-0.081685336727845	0.224765880081234	409
0.048549721363538	0.192197906276806	409
-0.062313490791494	0.296481963816883	409
-0.105126186931415	0.634752333245741	2130
-0.045946061578275	0.826671607006364	2130
-0.00275072058815795	0.396292641601082	2130
-0.00636227135979295	0.510969137321793	19
-0.081281325445954	0.66417227792125	19
0.00876250222282798	0.413757683252599	2433
-0.047104588144664	0.286156708449043	261
0.088038940939985	0.296115417147558	193
-0.0573948700953	0.299104696030174	363
-0.123524247715543	0.39574967741299	363
0.033758485646735	0.267528819413003	193
0.111602139321358	0.115032192174277	121
0.065008219560806	0.479677270192502	88
0.047379320791501	0.393553995471836	501
-0.034286750942941	0.358531423506793	501
0.099888958947426	0.245552935377351	501
-0.031701468295896	0.360132751462305	501
0.054686041057644	0.393362488830606	501
-0.021958057890988	0.39779857655796	88
-0.113967343328762	0.555117040075578	88
-0.104150425959956	0.367140803562457	88
0.119526666153511	0.5157791720676	29
-0.106710605907536	0.506279071566645	29
0.019115614619104	0.548314978510611	54
-0.00491184319218996	0.384086191256842	54
-0.077212948156134	0.439787949466758	54
-0.107656768494122	0.507624188614221	391
-0.072215483803577	0.718737530866805	391
0.034082854516922	0.625159291489123	366
0.087786611469808	0.533964123441262	196
-0.109815699816983	0.389730044294229	196
-0.053588554092553	0.292825106837486	196
0.095214233465486	0.547882965635726	196
0.033457285358418	0.32890142493138	196
0.00362054275044799	0.714261376975877	196
-0.110181162543062	0.390943012900837	196
-0.00644272905108001	0.383573812825945	196
0.044690990763787	0.617752319572221	196
0.098750395485198	0.511801161805717	19
-0.11649507133125	0.394259846067689	19
0.094972138087249	0.246545375084527	19
-0.07780377687633	0.227409118788387	19
0.049072501993159	0.357986987363347	409
-0.036184025014829	0.681585054355903	2130
0.115048482639207	0.451190446068069	2130
-0.068238504188582	0.77491666015446	2130
0.061500375903051	0.420954188368033	120
0.068645518165931	0.440625871931272	120
-0.040311442832313	0.54466145183842	120
-0.033634476079782	0.536837217528604	19
-0.118868865401634	0.567194449257575	2433
0.047549519592611	0.190263549378413	2433
0.092268118652449	0.249322680240254	261
0.030954313724952	0.44521323848083	261
-0.0914826313428559	0.2282979660464	261
0.041023388805652	0.194520211756488	261
0.034115420764546	0.26865871604846	121
0.032165029690756	0.330469244349722	88
-0.07780377687633	0.227409118788387	501
-0.029869881294706	0.345029365699827	88
0.076525465539316	0.437100640536937	29
-0.00566352517270596	0.913194114935285	366
0.096237995540084	0.834439900449452	366
-0.05797641873789	0.300282042313306	366
0.112123061494307	0.114973131154919	54
0.036342022717017	0.508856925421251	391
-0.06921482758275	0.42627765348077	366
0.102618796835557	0.322564197391919	366
-0.091164057657388	0.226293179690204	196
-0.04512040594464	1.14608844661898	196
-0.120253386878249	1.19483494515509	19
-0.032820978315136	0.528703704209279	196
0.017052370344856	0.415772226967356	196
0.109340394058329	0.112518694557235	196
-0.026478375329566	0.57091961555035	196
-0.089995150050946	1.06220286863255	196
-0.077890279428081	0.736485002995275	196
0.11133387988801	0.113712652956432	1208
0.116138640348068	0.11068858558371	2819
-0.110645420405442	1.0095486727159	19
0.112911801013283	0.112883681223137	409
0.112911801013283	0.112883681223137	409
0.112123061494307	0.114973131154919	409
-0.089560864856841	0.57760813448898	2130
-0.0610898729952361	0.843376919069183	2130
-0.094342064191776	0.820101857085002	2130
0.031307325042689	0.575640137977368	19
-0.002148812924334	0.390978971761119	261
-0.121828821365368	0.397444694730785	261
-0.068903718969327	0.709337541630496	261
-0.022314208898446	0.700102034382634	261
-0.058966228115848	0.296401349297715	193
0.0377623355468	0.199688159930782	121
-0.100729690496731	0.638886444422517	88
0.034013709523943	0.197062884908745	88
0.063543818005585	0.711941360828022	366
0.095690028783017	0.887048601233182	366
-0.026283147581848	0.797651763527266	29
0.020557086106111	0.450314933942295	29
0.043216435166805	0.19638023438628	1418
0.043973464457907	0.197417117370018	54
0.111853708958516	0.112088272718431	54
0.026907110073134	0.754434991702335	54
0.099150114367474	0.381190940070332	54
0.051744648026226	0.395715972873512	391
-0.082065968681697	0.230458165802187	391
-0.083489619802101	1.09971967306899	366
0.010601091758382	1.16953289606622	366
0.105855485888929	0.113658744219182	366
-0.054336309145698	1.21617940307454	196
0.048635150994928	1.15375535200057	196
0.072448313208188	0.517200604849627	196
0.039345055394317	0.198502149827281	196
-0.088726444341139	0.22398817394253	196
0.043109223441249	0.591815410594438	196
-0.035301123777486	0.734286918828318	196
-0.083088491363548	1.47857066717939	19
0.02118619824452	1.2150373708817	19
0.036399495066425	0.264630561061402	19
0.104067318522614	0.112367205626376	409
-0.081874867372603	0.229873084039577	19
0.052142255140821	0.360649022490679	19
-0.017569038027033	0.54618976833478	19
-0.01622199923996	0.483738483006899	261
0.048764604235577	0.393057640962097	261
0.037933936022925	0.653410559270842	261
0.0311595399713	0.575888274456615	261
-0.077239286016319	0.226197788327762	261
0.00153386819065099	0.509058840001804	2341
0.098675278850908	0.236659620240492	88
0.070443651205352	0.372570295100047	88
-0.081499498028677	0.229220728538513	88
0.097532219912732	0.249017201645339	88
0.065164312605914	0.463813312212281	88
0.030681662779888	0.263655046809402	88
-0.112502506784492	0.395451731703845	88
0.107595546688204	0.144157768850524	29
0.038881383185385	0.198462405769007	29
0.11561420249907	0.11228656899571	54
0.047523462332102	0.195197901983396	54
-0.041650441454417	0.906575155866812	391
-0.02240740362063	0.565808006820089	391
0.117873392562223	0.654642431715009	196
0.084397738563146	0.725018407000108	196
0.10754371084265	0.431494834675501	196
0.039113424792125	0.199650098479209	196
0.087588487143949	0.30061576129191	196
0.034011149965675	0.56090406574104	196
-0.066087403577931	1.26595146823311	19
0.115609332118094	0.700680588302963	19
0.076990335894012	0.494451696445798	19
-0.082258634579743	0.226170400043011	2819
0.107423158596091	0.112849552995292	409
0.112643758889374	0.113294442733233	409
0.0246205691136	0.512448435106858	19
-0.048234452872936	0.729587585852594	19
-0.062780779105154	0.521403828065392	19
0.042302792680698	0.503009322308361	261
0.113433367963492	0.111280618271974	261
0.112123061494307	0.114973131154919	193
0.029106868417884	0.266575972969101	193
0.123188267063651	0.172857319914181	193
-0.080951230928569	0.442193255984405	193
0.085396722813296	2.21968149416822	88
-0.124890684078078	0.706616158178434	88
0.097090320406199	0.289838893565469	88
0.027462268638257	0.270093239924592	29
0.090799467602901	0.294983526833342	29
0.103240937752604	0.235500270473712	1418
-0.033938083895525	0.356796661997993	1418
-0.059362417109905	0.299537690963719	54
0.083014086650274	0.516254539099873	54
-0.10305127226299	0.510343125857343	391
-0.028335265975884	0.356808261001062	366
0.115436239070481	0.656392980850295	196
0.088154462243482	0.670924903158921	196
-0.042910611627911	1.21111037284238	196
0.043415611281046	0.197922002730223	196
-0.104975001188586	0.94105105443734	196
0.112383212189359	0.595159824857568	19
0.066624654976886	0.842312378378517	19
0.033097951281881	0.267830125606792	19
0.112123061494307	0.114973131154919	409
0.00769298443619598	0.594354451966797	2130
-0.071916349770747	0.954861764888184	2130
-0.105557216063136	0.75289186738919	19
-0.109492051439221	0.912170812655349	120
0.095029288334344	0.365109463239802	120
0.083102922023185	0.244674293523877	120
0.105369409446934	0.351332625317531	19
-0.110688745123995	0.773423745889115	19
-0.110836053266397	0.683606824197416	19
0.046309731561582	0.366432856166186	261
0.092978794026161	0.396536138016892	193
-0.082065968681697	0.230458165802187	261
0.112643758889374	0.113294442733233	193
0.037474540715445	0.323227991112869	193
-0.082994380573921	0.562228491570386	88
-0.099658283638703	0.509345179490047	88
-0.033698810225211	0.359923039299324	501
0.034714391778866	0.267747913069621	88
0.018339789331815	0.420526382436837	29
0.010944085905485	0.558786662621056	29
0.094285327650069	0.248603199025271	29
0.103797146602566	0.355135758461603	538
0.039691345295747	0.192098387597244	54
-0.102734208770793	0.503796146209175	391
0.038513877931586	0.641047175793823	391
-0.060138936134716	0.518564966117311	391
0.093932716266481	0.540413065387399	196
0.042945279479234	0.19357927667315	196
-0.113862900311914	0.388844199537354	196
-0.06756231491331	0.432947520608359	196
-0.038842719665784	0.611479225477322	196
0.117805964000569	0.473456855022813	19
0.057065268644359	0.658594277703155	19
-0.071075091070719	0.918307862068445	19
-0.058558949678981	0.878165052611795	19
-0.034286750942941	0.358531423506793	2819
0.111080992199109	0.11353931257781	19
0.106639551297304	0.11488364968898	409
0.04630002744714	0.527451561727524	2130
-0.118791603208191	0.395094204780664	120
0.10067594632151	0.413176691075457	19
-0.041729620129029	0.459601098697002	19
0.108573934849804	0.343688124062337	261
-0.02260429783973	0.491326701484241	193
0.112643758889374	0.113294442733233	261
0.11133387988801	0.113712652956432	193
-0.083958762287729	0.226470686444405	602
-0.042372671779408	0.275531117433169	602
-0.039904269620528	0.468029776770205	88
-0.097767428125195	0.500770758314229	88
-0.068328295157433	0.526442628020287	88
-0.112358790818139	0.650370249863191	29
-0.096130422017516	0.781818691507819	29
0.089662119775932	0.658209856742993	366
0.029515704480485	0.272523306317123	1418
0.100540717309882	0.241741296704792	1418
0.12295667981518	0.171883374069651	538
0.097532219912732	0.249017201645339	54
0.027462268638257	0.270093239924592	54
0.077247305799953	0.400260057514826	391
0.016717617426202	0.830893397339239	391
-0.012583030085366	1.0421333249571	391
0.060876131793337	0.720879521183564	391
0.109867504945364	0.576585941834735	391
-0.053501704973019	0.295495091796373	391
-0.112966566967422	0.387609963018387	196
-0.013256572273589	0.594170788786633	196
0.120492823518375	0.522748708050193	196
-0.071233180225573	0.284024714097485	196
0.00274895569233702	0.844553165740374	19
-0.024691896174047	0.771244893746678	19
-0.065685197584094	1.07940344570845	19
0.110813826690365	0.113772710115371	19
-0.116254687869603	0.39470616092997	19
0.040226487084105	0.589286709391373	19
0.073033621374645	0.513976899104056	2130
-0.106482003343883	0.767901975007227	19
-0.082825135000569	0.227365013828746	193
0.118264750940653	0.453947921005104	88
-0.04151367785853	0.466787957860122	88
0.106495273925897	0.348846000162168	88
0.0959131007141	0.445983748659499	29
-0.0714532773808671	0.921974590226644	366
-0.050663237564879	1.03874787537297	366
0.095733801182981	0.666241525417237	366
0.100488614878909	0.46837748329715	29
0.046598712963144	0.360820702415737	29
0.102791219247238	0.239933365983029	54
0.02373546410313	0.682018591238335	391
0.123835589105653	0.368541171211754	391
-0.094568993198424	1.03141109796094	196
-0.093373459873472	0.736395301255879	196
0.05058094367534	0.362207534010855	196
0.025254977786914	1.03141141762865	196
-0.00876035902707995	0.769505983601316	19
-0.067845167956983	0.677420429658458	19
-0.065618187560889	0.596237517983484	19
0.040621356396523	0.626534494922286	19
0.108135360543872	0.230214775902338	2819
-0.113330000181679	0.387868119338008	409
-0.063025042398106	0.290150424697651	19
0.062824973957429	0.630644184931567	19
0.068359649123636	0.534590512966737	120
-0.045551537980802	0.791126257669401	120
0.010990950445539	0.533311875271063	19
-0.015595733935568	0.487744792392866	261
0.033097951281881	0.267830125606792	32
0.038785197228203	0.197747169799168	602
0.104986210247733	0.23795218031068	602
0.044531112100656	0.196091216271099	602
-0.05140320831723	0.29028085714002	602
0.101662405335495	0.234863639454234	602
0.095895953483901	0.331691051009942	88
0.092450934515109	0.285274399455572	88
-0.102078174350633	0.506764973851176	88
-0.114561320237615	0.400474502838977	88
0.046771715757937	0.687012448061722	88
-0.054083659400514	0.297885786472831	88
0.12486080357826	0.176396462973594	29
0.106456023782254	0.559887954714205	29
-0.082065968681697	0.230458165802187	29
-0.085293936863436	0.227254874156919	538
0.030836024773504	0.269299808188036	54
-0.081499498028677	0.229220728538513	54
0.062079084647144	0.41427366447912	54
0.043415611281046	0.197922002730223	54
0.052913821528823	0.938276390503068	196
-0.00125491363116403	1.15980190626685	196
0.047523462332102	0.195197901983396	196
-0.083766633554906	0.226437544952762	196
-0.0506287962442969	0.294429831397353	196
0.063571577349298	0.810368234548695	196
-0.084204574017332	0.975565794563484	196
0.04505680280795	0.192501293608383	2819
0.07076768184039	0.374022728753989	409
-0.07836847578401	0.227502697104956	19
0.108384795778043	0.48309971408323	19
0.114839728082742	0.43870253157116	19
0.104802741745863	0.113880586116634	19
0.108715277108478	0.454749192493668	261
-0.072703111018757	0.646860414208196	261
0.08109998575689	0.423316793654911	32
-0.031125992220214	0.350994852296943	32
0.01225656714587	0.532249623682584	602
0.023595973998273	0.404538913038437	602
-0.094229562422062	0.618646456794895	602
0.030390789325473	0.264739296190011	1374
0.10099935417569	0.353209157418401	990
0.045074573346702	0.30897390697763	88
0.09390036586188	0.649385632806023	88
-0.00273990133601698	0.39264070374231	88
-0.111880107466782	0.90326094221107	2120
0.091768678530307	0.298444209793529	88
-0.110767506715782	0.714869063226315	88
-0.060797718714356	0.290454546510868	88
-0.00555226799511999	0.395991740455662	88
-0.055248276616239	0.299230658919866	29
0.037435662448649	0.320226456286509	29
-0.118125608082071	1.90105648374023	366
-0.080677882345002	1.3262036913469	366
-0.070998166646144	0.285691145759189	29
-0.110054801247047	0.385733211292935	54
0.098879003476532	0.829923949030804	391
-0.093635836934901	0.704393870546232	391
-0.066931345236024	0.747198812203035	391
0.026595807986668	0.329734917292151	196
0.083727427061776	0.513991525826124	19
-0.034487379415452	0.538666469862858	19
0.048873358915023	0.193351735400399	409
-0.069821025233647	0.52905667398267	19
0.078784426158451	0.595820698721635	19
0.054192243282387	0.424738504050634	120
0.114299951550314	0.112618511833295	261
0.056179667025593	0.350072355242389	261
-0.0117530692760131	0.398073305240782	261
0.093495055447326	0.332880650325446	32
0.105855485888929	0.113658744219182	602
0.111853708958516	0.112088272718431	1374
0.080352892064198	0.712003906292141	88
-0.052942780890554	1.34736026931206	29
-0.115396567208737	1.41731637719455	366
-0.098127912308827	0.50636745423928	54
-0.0164968030125781	0.489938442335715	54
0.058078193487128	0.448922240388403	54
0.00589410944233598	0.97225756019231	391
-0.117074426909991	0.932455382461627	54
-0.015595733935568	0.487744792392866	391
-0.012705714248898	1.09225703042837	196
0.081207248402761	0.726544898765391	196
0.053155116845951	0.672607912475329	196
-0.11646691671548	0.805911058245749	196
-0.028087944365255	0.981525317823676	196
0.11584415863434	0.654547385270888	196
0.089119671830631	0.532187112583907	19
-0.071485312052133	1.00818784186377	19
0.101371446919944	0.624807060394245	19
0.086717712274062	0.609908739646287	19
0.00405989821381803	0.589678579013387	19
0.006729152351382	0.429392577667832	19
-0.057359653550097	0.971702009161774	19
0.089293134730031	0.62933556026596	19
-0.057668080103393	0.957435139917041	475
-0.06370488632657	0.698014178196014	475
-0.042487595293512	0.759487022074518	475
0.039794932593213	0.596286586528566	19
0.02515890536213	0.552344085474678	120
0.028728656968575	0.330376933347751	120
-0.00214255553121401	0.394343285705735	19
0.000365562394520014	0.386750161820851	261
0.04115486652709	0.471618684948022	261
-0.036914272417601	0.456980653569795	261
0.031079264884806	0.272544455666127	602
0.035965084624992	0.322314038222113	602
-0.014138996148183	0.48708989816185	602
-0.115656757005698	2.10940083845207	88
-0.014256746609341	1.51258240330076	88
0.028790598062911	0.977702148238641	88
0.071957371147697	0.94465320692595	88
0.106274583772852	0.684396634450388	88
0.053066946084935	0.778693405948222	88
-0.079165171775282	1.11309995850532	88
-0.113390925070251	1.19284050018754	88
0.010450408160855	1.32748901120603	88
-0.00674140681036295	0.74634675908486	88
0.107834397143835	0.435901673993152	29
-0.053644926774432	0.673984632421695	88
-0.048998059596857	2.11486860222463	29
0.110982089051137	0.587057499216246	29
-0.00749292783603706	1.19767082558715	29
-0.119957254874538	1.54310284304624	366
0.014924724533796	1.23508402760399	366
0.093991495341617	1.03479367747503	29
-0.074936569136124	1.74039324441493	29
0.076095575508895	0.433044863297739	54
0.076748428532607	0.569157139593261	391
0.039386048491247	1.03632336454633	391
-0.026803745519923	0.553306691438822	196
-0.089438072596441	1.68376472263349	196
0.038681215303924	0.724218166300351	196
0.047767154514642	0.453048147651927	196
0.115175091751412	0.937180643494479	196
-0.053460078722412	1.42695357981098	196
-0.094812122813797	1.55486791816941	196
-0.00183267689734801	0.394904553698123	196
-0.074070242145336	1.05861600120745	196
0.092208063595629	0.867163893711051	196
0.095204776884936	0.625430456286155	19
0.102168446469008	0.517232705342861	19
0.11598504675035	0.504139549968762	483
0.109475981451097	0.776645968921021	19
0.124415021901308	0.174395200966497	19
0.014162836812003	0.650091942793747	475
0.074112386895352	0.604075108230192	475
-0.0506287962442969	0.294429831397353	261
-0.055920883257529	0.661682262532729	261
0.060088748664422	0.421628873114667	261
0.10332891177016	0.355916033428701	193
-0.076102295592057	0.739112260429423	193
0.104255496822692	2.26619370650818	88
0.069457503001252	1.51381234397551	88
0.048783358812264	1.47401425580144	88
-0.074670073797121	2.13472492865181	88
0.093191822925455	1.26580419016393	88
-0.067901922557948	1.979516295211	88
-0.089647399002601	2.16448461536682	88
0.050251168683147	0.880497475595481	88
0.02476057142339	1.29383284192565	88
-0.083046614288273	1.40377985456564	88
0.00265228486324398	1.414456741623	88
-0.00990497125228695	1.08399423402118	88
-0.096210971807613	1.11496475903697	88
0.113090627534963	0.765105873486589	29
0.070622916890197	0.552880973953834	29
0.037553917822865	1.01192002476872	54
0.062299656873244	0.920315893310012	54
0.071736767435557	0.923995595284724	54
0.073959266052062	0.796323102224878	54
0.116280857476704	0.661568610426738	54
-0.026707951525182	0.770151123136501	54
0.086284035775362	0.696779027963285	54
0.078683346715734	0.823845819771322	196
0.053682032360068	0.35009494049876	196
-0.010183534276204	1.10971831425538	196
-0.046301471921353	0.650715432854083	196
0.053114155298612	0.872562074903078	196
0.043215655370064	0.586359999934626	196
0.094607835855836	0.329168023249829	19
-0.049916263522133	0.289747915538452	19
0.044442615825451	0.192999342734614	19
-0.015659257790975	0.751429632523675	483
-0.124095351783615	1.2000912567283	483
0.09102647941787	0.679868518519865	19
0.0979613790545	0.323192392849249	19
0.054288826983715	0.64928414910283	19
0.0346861855653	0.430569956130105	409
0.03021213499573	0.320551877934889	19
-0.058144566293838	0.294618387709278	475
-0.034151217597629	0.36496561974527	475
0.098308737257217	0.357959124091648	261
0.037218110363642	0.195360817563378	261
0.112123061494307	0.114973131154919	261
-0.061889103802018	0.667006542964424	261
-0.013050008179034	0.464200887860928	32
0.033163357581755	0.263047790082369	602
-0.02534681316678	2.04892484097208	88
0.113441383870632	1.05559511456072	88
0.025151791747943	1.33032694753625	88
0.00884978386202001	1.0656003789555	88
-0.090533534671193	1.26174542835706	88
-0.069561335493345	1.08496430079805	88
0.090688425054975	0.521183029378088	2120
0.01751227257292	0.520259076357805	88
0.07603058572067	0.88992011540923	88
0.122187651801421	0.598054830336964	88
-0.00757336863944402	0.965265137311938	29
0.095985115265122	0.327518501286813	29
0.101582361913918	0.384578347395945	29
0.020577168409792	0.408611946158846	366
-0.082305896917212	0.580696197463668	366
0.114451882908046	0.359781876495311	29
0.000702362814222979	1.13491031527765	29
0.082510442972453	0.954857254674014	54
0.095490351548857	0.639295211237529	54
-0.088531792123146	0.590078493356278	391
-0.0511771758365001	0.290389062267868	391
0.108211240768691	0.640369364463138	196
-0.00181812841815399	1.04791953392564	196
0.022179352324885	0.272992334624286	196
-0.02927148303571	1.2198696294812	196
0.072064134016741	0.531638720438072	196
0.11561420249907	0.11228656899571	19
0.074638690369078	0.624983547944026	19
-0.023908700934082	0.872747798100479	19
0.06983732709504	0.372869304767977	409
0.015909407123159	0.267236631415372	475
-0.013288502300923	0.399939975442509	19
0.040464151037934	0.197285393192558	120
0.036410884853493	0.196466634769974	120
-0.082065968681697	0.230458165802187	261
0.112123061494307	0.114973131154919	261
0.025556806577585	0.272439262358434	261
-0.036128349220249	0.444669561535787	32
0.03347218226068	0.321587342295363	32
0.107423158596091	0.112849552995292	32
0.092281069084644	1.32907205052261	88
0.020354845376302	1.48854386105185	88
0.081898278309059	0.918518452835726	88
0.024873065648879	1.15353397112092	88
0.02818158828606	1.40069269009841	88
0.088543109445306	0.964225362282907	88
0.122096022394575	0.70618916216462	88
0.0825320303049	0.758648394672841	88
0.011746017359494	0.529112628854355	88
0.044387110720886	0.532275746661257	29
-0.037171786482493	0.603755394248867	29
-0.0364207047076151	0.365802554258717	29
0.06037683882676	0.423800940451969	54
0.075906266360355	0.897672536189794	54
0.098831215930905	0.866959712262416	54
-0.104944321228228	1.52327391099603	54
0.086445973848205	0.474492132214606	54
0.028050160781031	0.719234577584778	54
0.098238617469957	0.241878983014879	54
-0.056007969123363	0.29588179193304	391
0.097611755479207	0.362005304718043	391
0.08983891774357	0.331782842679272	391
0.106442261062019	0.83052924779345	196
0.058263222570551	0.985952276424971	196
0.091062102087648	0.804651856058808	196
-0.031948098076606	1.04837491007599	196
0.018603986491141	1.09087297260107	196
-0.029963865691085	1.17717085843762	196
-0.111000888169089	1.1348240203594	196
0.056590041053329	0.876445785298061	483
0.01608451815517	0.732350892823441	483
0.080267210522688	0.608587254720823	483
0.017857593273786	0.801610018649556	19
-0.027868319457927	1.04766511097982	19
0.075365393192166	0.567359683955528	19
-0.04907492677341	0.927514271190575	19
0.033452496557965	0.197759970274315	475
-0.036895026451242	0.348391472269936	261
0.03351620666646	0.268863841146082	193
-0.082065968681697	0.230458165802187	32
-0.081874867372603	0.229873084039577	32
-0.055248276616239	0.299230658919866	602
-0.0886325758791971	0.228200779400233	32
0.084022318757129	1.06557454819766	88
0.097528708604031	0.988147898512517	88
-0.023154285322426	0.728496995625962	88
-0.104975202854768	0.765935777703187	29
0.068931272757136	0.779604991096849	29
0.036182494420446	0.903240723058044	29
-0.007376828162037	0.401987548817441	29
0.03833992787983	0.316324138063081	29
-0.033512207176382	0.528687689740845	29
0.01460910011639	0.415884690522479	54
-0.023313057805579	0.565163001797287	54
0.017752933118218	0.809793453603533	54
-0.0662180615068601	0.599684889746006	391
-0.0286262132210871	0.354653434241952	391
0.062237260500194	0.751711002743546	196
-0.060582133361468	1.01932390997453	196
-0.122925706484094	0.557366769205456	196
-0.109460624383215	0.887121780583813	196
0.120993597758891	0.565278840929322	196
-0.121127252770232	1.29454206701028	196
-0.0367913973127429	1.08481235491518	196
0.11239000863255	0.112944560089795	521
-0.082632648054503	0.230550960741628	521
-0.016679233516625	0.84390289146223	19
0.108665884252488	0.530338650672777	19
-0.00289409211798997	0.613736246839138	19
-0.07780377687633	0.227409118788387	120
0.105329228347668	0.114890015465784	120
-0.087812170675417	0.231240314047897	32
-0.116184584939454	0.567461329684234	32
0.087305041315912	0.949405484903587	88
0.067271525917757	0.533776927441306	88
0.086853175608622	0.415377956521758	29
-0.034812871602998	0.357939469172819	29
-0.0525600893377311	0.294309953805885	29
0.049480677050965	0.969552825262743	54
0.024719516909032	0.883175555085293	54
-0.114323115266484	0.399498058054623	54
0.028641792731712	0.667169154108329	54
0.117628059007439	0.369685873899564	391
0.034060788530854	0.260401231612678	196
0.032635442361497	0.879286658051774	196
0.011392735592812	0.84253696748479	196
0.038018736204412	0.873814910045224	196
-0.0866795500923629	0.231015106598707	521
0.039113424792125	0.199650098479209	521
-0.116215726780482	0.916565265531912	19
0.037751586644621	0.712395230854252	483
-0.0893168681918169	0.985571025030863	19
0.02371099434795	0.606230857063236	19
0.091155472573059	0.552220318852867	19
0.019345259245846	0.6428822497874	19
-0.05887542518333	0.839892576571764	19
0.094911938282622	0.424467754908253	19
-0.023553753028743	0.750933868936411	19
-0.058950873966082	0.408673406234638	120
-0.084474963763686	0.223256359806161	120
0.048081160825912	0.193891530582858	120
0.091324515801553	0.24748486106069	32
-0.04968032113882	0.290155059938845	32
-0.082632648054503	0.230550960741628	602
0.104802741745863	0.113880586116634	32
-0.033083736587099	1.18178511806501	88
-0.032848558595316	1.41418457232266	88
0.078716185137511	1.02482562640031	88
0.107589559375257	0.800488381057492	281
0.093934088850498	0.250312313131898	29
-0.020570521596032	0.493552413474457	29
0.073232438511018	0.828678173624885	54
0.064591563260494	0.875949235003449	54
0.122368053320982	0.661924509399049	54
-0.017783374953988	0.980339159584561	54
0.0949088006383	0.547397086021543	54
0.12325163441532	0.36992504363266	391
0.115242192997276	0.72220319733807	196
-0.079269100143421	0.220777565795185	196
-0.116012933282819	0.39931251048717	196
-0.0762159840790621	1.10956585335127	196
0.047812608966487	0.356875310244397	196
0.099929036956752	0.634068071024233	196
-0.108675426097529	0.378633279699275	521
0.106112415250477	0.116155148037716	521
-0.00856767958857796	0.806780477778102	19
0.00340050225926097	0.661319667917839	1263
0.020441695168818	0.521218714358407	19
-0.120209993621486	0.84172296929334	19
0.026328209512577	0.583224056857138	19
0.035313119888887	0.266061741347273	120
-0.087245755730482	0.231819826248083	120
0.043216435166805	0.19638023438628	120
0.11133387988801	0.113712652956432	120
0.106330562152287	0.88737195402504	88
0.12291004742355	0.665430256916353	88
0.075289303125164	0.822934208341237	29
0.01092539343852	0.592916590375684	29
-0.106426720098643	0.724894051898642	29
0.124415021901308	0.174395200966497	29
-0.101009568557874	0.714036509271369	29
0.082206849381669	0.852616536331823	54
-0.031315513640424	1.12610667016712	54
-0.0686047084481159	1.20967441621113	54
-0.00871841017920605	0.919719564758083	54
-0.11102224452375	0.992864156934326	54
0.030674908699955	0.842700859572394	54
-0.080985506014062	0.836836773206215	54
0.01408033921756	0.843073486238596	196
0.080929049821496	0.783029894043723	196
-0.082031127561729	0.225649368388564	196
0.071639029240085	0.373251836986753	196
-0.0532671838986289	1.12866866558293	196
-0.032796743675785	0.738790080709728	196
-0.00663240652550501	0.914771027801098	196
0.075127938674503	0.800251318705452	196
0.115743963784052	0.626617872879307	483
0.124275220609292	0.47093098743163	483
0.031121440655859	0.784381993105511	1263
-0.041342114643485	0.824485773835753	1263
0.049481390246022	0.680015674939449	1263
-0.0401999701943	0.819854701765695	1263
0.079403848462409	0.528298712709658	19
0.00730978484955203	0.685045750774778	19
-0.070316281482923	0.43855178348647	475
0.106112415250477	0.116155148037716	120
0.039345055394317	0.198502149827281	120
-0.0883787950767581	0.22847046052406	193
0.042387656393906	0.194855824276919	32
-0.034256559546335	0.531353798714872	32
-0.0555595769578771	0.291339407338502	32
0.039576273058897	0.194336937586957	32
-0.0750112723448661	0.83035948768684	29
0.022306178195099	0.93367728397903	88
0.057044942017673	0.347966837284956	29
0.059656982088684	0.38782880055133	29
0.109756292805451	0.543183611866226	29
-0.097116843884066	1.38382372186983	29
0.028221745599056	1.03123689324669	54
-0.0725048232848971	0.61176285506649	54
0.097880836315489	0.823360627791844	54
0.083249371016898	0.540966400002724	54
-0.080160728188346	0.577003018570838	54
0.060816518695301	0.635820768255893	54
-0.053822038128308	1.09206830694197	391
0.047416520912017	0.691945043906765	196
0.016905585087955	0.818176349367855	196
0.115600062912984	0.58999079564412	196
-0.108850975613505	0.985474535538663	196
0.02477400492243	0.663980049317627	196
0.095081068433811	0.688982799319247	196
0.041105717587231	0.317979567917074	521
-0.082065968681697	0.230458165802187	521
0.115118303512001	0.588028735982351	19
-0.016397933405248	0.40049196396709	19
-0.039129598382934	0.451721104933036	475
-0.044662125252597	0.462698718402768	475
-0.092548695978823	0.225931975244107	475
-0.0364207047076151	0.365802554258717	120
-0.00643425649663598	0.388448440533439	32
0.091377590260759	0.248298705494682	32
-0.080551888366701	0.225643184038845	32
0.0377623355468	0.199688159930782	32
0.082749695819962	1.10133648904402	88
-0.059526752631875	1.34144922435394	88
0.074973477370837	0.932594825930769	88
0.049785437895546	1.10466787096469	88
-0.00388190004853795	1.26641695728192	88
0.11481231989659	0.767740884597691	88
0.055611637284109	0.922359177585695	88
0.047855048978684	0.497579244984205	88
-0.10786467642001	1.25898347878779	29
0.093910288196624	0.364961364635104	29
-0.0364207047076151	0.365802554258717	29
0.123035348698285	0.172773463040549	29
0.027208968715981	0.636119262775403	29
0.089240336781195	0.359298859239511	29
0.042307268861811	0.826307299518268	54
0.049569278694952	0.662388264342499	54
-0.00751928905612898	0.912641287153665	54
0.088465301403571	0.47995737660664	54
0.00539957686901299	0.592054585829628	54
0.045461653319798	0.720335549233133	54
0.085673888903754	0.579217206325411	196
0.100056469917582	0.115100155835255	196
-0.070579190637454	0.981861921763529	196
0.045088554353311	0.193129873651916	521
-0.081499498028677	0.229220728538513	521
-0.07836847578401	0.227502697104956	521
0.023129180497618	0.681101364026906	19
0.073725988859606	0.622561046356687	1263
-0.00721232495064095	0.647215836851158	1263
-0.02359885195108	0.774834789237677	19
-0.115557640792058	0.39086116919788	475
-0.05313887823512	0.294889000693205	475
0.039113424792125	0.199650098479209	120
-0.103999422870465	0.504470587065937	802
0.109594773539516	0.113465995883652	193
0.104556418744537	0.384623727819491	32
0.043216435166805	0.19638023438628	32
-0.000307118826356034	0.388284764295017	32
0.11239000863255	0.112944560089795	32
-0.0949853827229	0.496001302143001	32
0.11459531494171	1.35264594337156	88
-0.124177948667543	1.77747725992679	88
0.050154026553	1.07792813474294	88
0.077053799496531	1.23068785546246	88
0.022106351328301	1.10475704974274	88
-0.021435937469525	0.492604408086879	88
0.106851630721748	0.645888479850055	29
-0.110785813869827	0.390624867140605	29
-0.081006865766666	0.844986045370181	54
0.048995087446673	0.574356476967751	196
-0.00141855065283503	0.891523274406504	196
0.11133387988801	0.113712652956432	196
0.075499085980501	0.610070444772808	196
0.00315027967091203	0.820345524584908	196
-0.044068305783093	0.94699575851225	196
0.111675618072634	0.17000936239193	521
-0.0809332359463391	0.225848918900511	19
-0.020355095496056	0.878396645184755	19
0.078987086790422	0.649330736482394	483
0.120437705068289	0.531492193675422	1263
0.035163102146439	0.599369806379732	1263
0.031332674738252	0.686446113657037	1263
-0.041901972326602	0.691074903100847	19
-0.085567845206449	0.812367356318681	19
0.027601840809019	0.269546896612232	19
0.0377623355468	0.199688159930782	475
-0.050406054081796	0.294423790908254	475
-0.117840121228665	0.398773241258919	475
-0.113954633724967	0.399158038744232	475
0.112643758889374	0.113294442733233	120
0.053737969150957	0.18043560437868	193
0.056130985211362	0.394054023284752	32
0.121002398938153	0.175838352108009	32
0.093400928072099	0.248020727558265	32
-0.0886325758791971	0.228200779400233	32
0.037474540715445	0.323227991112869	32
0.09481520716789	0.327479782164289	32
-0.051530673294253	0.286990834173679	32
0.031550731344371	0.33204736367152	26
0.065403748345058	1.15014333265756	88
0.081705808213077	0.951899220152949	281
-0.030997558719058	0.521749530657534	88
0.095423510313682	0.24826351092798	1805
-0.049359396874223	0.656161360638616	29
0.111332131711156	0.731485703217691	54
0.048214765800467	0.839031410469916	54
0.006832769955669	0.999873056768679	54
-0.039803828744386	0.363448096756285	54
0.077350705023975	0.81304437398524	196
0.060124638429671	0.740118582246947	196
0.011555884327703	0.870090079459599	196
0.11133387988801	0.113712652956432	196
-0.038923166847062	0.363150220096958	196
-0.118114560346295	0.890544153753707	196
-0.072402793350352	0.896709097250057	196
0.082116459707894	0.572340566017737	196
-0.120306715489626	1.22356507992607	196
-0.04422038712861	1.05987875573442	276
-0.029148605123139	0.355664266325115	521
-0.0866795500923629	0.231015106598707	276
0.112911801013283	0.112883681223137	19
-0.03523043846373	0.962672390929372	19
0.056474275682774	0.72371933539431	1263
-0.00610825155874695	0.753140755728574	19
-0.116254919788533	0.68796980585736	19
0.101061486945085	0.243872461698982	475
0.046199710818981	0.189972623110354	19
0.047757731573655	0.195150846424252	120
0.049956732290724	0.188082949840752	120
-0.110162782529031	0.640022545978468	802
-0.073573093083241	0.429053642587765	32
-0.035312192061002	0.350358966800831	32
0.049330265123662	1.7481511324637	88
0.073571267176006	1.30880477725933	88
0.119848201190045	0.648805408056338	281
-0.038988357841078	0.535122342412584	29
-0.035494405314191	0.456824470408298	29
0.031123055156689	0.266801471646176	1805
-0.054893997589455	0.294105744615111	29
0.103218597207235	0.670790348528459	29
0.103661344062835	0.231202783423769	354
-0.010951925594211	0.479695694950511	354
-0.013724126446314	1.00621384967695	54
-0.098766984296933	1.25619031023722	54
0.058289252067337	0.541199771291337	54
0.02358443261166	0.646052729686018	54
0.052875402252862	0.581228868681326	54
-0.052753888134753	0.889440335980604	54
-0.053953649258216	0.497464387484073	54
0.123322427079827	0.165755698675123	54
-0.03388201360594	0.919774961738788	54
0.095068346325404	0.454355125595619	54
0.023625968253088	0.32600920892332	54
0.093442761736417	0.520805574984552	196
-0.0892072595751781	0.890446962302453	196
-0.049164139166154	0.91064600846003	196
0.074831284745184	0.630014861315121	196
0.112123061494307	0.114973131154919	276
0.110293549194893	0.112333536245241	521
0.09900713725542	0.660555026182121	483
-0.052669301612739	0.94857647728505	483
-0.099942898683817	0.494423706777043	19
-0.0963504310225139	1.00507685219199	19
-0.070953249553553	0.795083642254344	19
0.097448892423739	0.243384416235134	475
-0.109519030716098	0.374746606996971	475
0.06983732709504	0.372869304767977	120
0.046731094929389	0.193181339283969	193
-0.07836847578401	0.227502697104956	193
-0.087910490807354	0.225984319387442	193
-0.062214900138411	0.526829446923281	802
0.031721707084886	0.266595959760821	32
0.109340394058329	0.112518694557235	32
0.111080992199109	0.11353931257781	32
0.044531112100656	0.196091216271099	32
0.063106919183926	0.383927334870654	26
0.04949119417541	1.23895617471757	88
-0.098034140743708	1.96373883288699	88
0.00823729109181998	0.655821690441348	88
0.040059348171394	0.724516578113392	29
0.044781819833111	0.361521145676302	29
-0.105554949202988	0.499206356431322	29
-0.00855050295785897	0.58543108438023	354
-0.067279577588414	0.751278277692448	354
0.073917890082937	0.463627178979275	54
-0.123313460506435	1.08282984097252	54
0.091599077185736	0.48384533499907	54
-0.044071403656006	0.746628953506235	54
-0.105470067766469	0.633646191850492	54
-0.0855389291379129	0.961561991721678	54
0.076710049668371	0.494192858033386	54
0.039672857206365	0.198570892006803	54
0.00889060798067498	0.768138470919617	196
-0.09536711531892	1.18176578244347	196
0.074603594228178	0.598809507646785	196
0.088752995869228	0.248008393395516	196
0.107080243745514	0.630034453824468	196
0.070305727671328	0.516161559225236	196
0.019433976683203	0.558077727943473	196
-0.037768146209583	0.54106888297648	276
-0.07836847578401	0.227502697104956	276
-0.09009914022536	0.22419280428619	276
0.106895142792059	0.114065326676144	19
0.062440350634667	0.591627454981905	483
0.00870900143871101	0.71319223191307	483
0.086267524591292	0.505832664106564	1263
0.00403249933420802	0.429568324350842	19
-0.110419677514435	0.391395742867832	475
0.0377623355468	0.199688159930782	19
0.11133387988801	0.113712652956432	120
0.11561420249907	0.11228656899571	120
-0.075372589946443	0.433845181585598	193
0.085166756507368	0.299462527830005	32
0.124289796320264	0.176902496321386	26
0.041719507843282	0.36512780037875	26
0.09628022825088	1.14770375359986	88
0.071354788906164	1.4469352164656	88
-0.00275811001053505	0.39256366202839	1805
-0.0312199309940741	0.520396218481663	29
-0.00712741683019702	0.396558840803103	29
0.086932982315669	0.606679524010863	54
0.093577069235568	0.506775051255898	54
0.078178620942631	0.458851977957344	54
-0.093571569426635	0.734239492928514	54
-0.122798666849623	0.395597125220683	391
-0.018197656844767	0.713649312587224	196
0.074877622717316	0.573125965895344	196
0.057712463377725	0.476798354016664	196
0.048048617634492	0.791812494081902	196
-0.0807417768971001	0.228548754592648	276
0.051864541895693	0.189062126110476	521
0.000146309529473976	0.703034415064779	483
0.098257263089369	0.291038721381732	1263
0.066073087217009	0.382779883061575	19
0.047757731573655	0.195150846424252	475
-0.034701212279214	0.352765973843837	19
0.096049124757183	0.249047447685956	19
0.041512339527217	0.315761705522791	193
0.098105259933134	0.328417382354596	193
-0.054073626273761	0.288879327185173	193
0.106112415250477	0.116155148037716	32
0.012663885586459	0.425857051176575	32
0.039113424792125	0.199650098479209	32
-0.07515499992508	0.445035156487695	32
-0.12219901591496	0.564069684804432	32
-0.06114374710933	0.296132590163375	320
-0.055595198586206	0.296595741275519	32
0.032787051483832	0.326517122996152	26
0.09596784959905	1.21669815855899	88
-0.04972111489748	2.04591833352087	88
0.123399966100831	1.21238331343734	88
0.070750705525952	1.10815437290766	2120
0.047869333618431	0.839605827108349	281
0.038374690744926	0.47238996933655	88
-0.04713618982748	0.851420977945229	88
-0.019520912034364	0.621292142513105	1805
0.099100899665379	0.326621078177495	1805
-0.092572877381339	1.18968425658045	54
0.045435432828658	0.665717939702497	54
0.0743838154277	0.567873101657803	54
0.112229914004537	0.617384265460199	54
0.098041569848013	0.415294161859165	54
0.096767137157098	0.64291402325007	54
-0.036658248112978	0.744575757695514	54
-0.093779920162717	0.495299445067548	391
0.02225629602102	0.451419053416218	196
0.069394101960479	0.55652883165915	196
0.037639634981319	0.315933501560639	196
-0.015919114280311	0.858503430837678	196
-0.024086497587659	0.847421880013724	196
0.084571502477894	0.486473694772188	196
0.11133387988801	0.113712652956432	276
-0.123046924242668	0.395237495708058	276
-0.08552913339401	0.779406393581031	19
-0.00406804049241905	0.579989618176661	19
0.00420035665844898	0.750923920911598	19
-0.071921206558318	0.755209064377855	1263
0.030785835829154	0.6960158545278	1263
0.01060186519388	0.42943538322296	1263
-0.026681370492827	0.816628062934689	19
0.106233729887145	0.401847840548549	19
0.051767067831327	0.603788933581184	19
0.108450037779966	0.511492882650863	19
0.037583877012989	0.262288731933688	475
-0.118105845520589	0.565202648164462	193
0.000757620979795981	0.427939705388135	193
-0.112363555218218	0.384870449958698	32
-0.11453810160694	0.386295323026041	32
-0.050614144441554	0.283559091249351	32
-0.0523350577596809	0.292399398043092	26
0.012932567529357	1.59736912989251	88
0.069774932437965	1.14154802687687	88
-0.062690893810862	2.32578318191668	88
0.068731396876369	0.8539307470012	281
0.063555592348605	0.666854615530905	1805
-0.059360622391303	0.512974501509685	1805
0.033471719733275	0.440973776850351	29
-0.120827592942254	0.689770918573822	354
0.00712218807347997	0.648153483435829	354
-0.070116312391953	0.791539882590644	354
-0.0877943799352821	0.788019757750357	54
0.047680995417131	0.698659512875557	54
-0.079569431115481	1.06143548912344	54
0.035556712099252	0.266911387486394	54
0.098238617469957	0.241878983014879	54
0.11224624750009	0.586049002384531	196
0.043447742823634	0.196899251769067	391
0.11561420249907	0.11228656899571	391
0.039796415882804	0.778472254812377	196
-0.070135093358452	0.727452827772892	196
-0.029525689145618	0.777262431711635	196
0.097460171847974	0.594899950300502	196
-0.082065968681697	0.230458165802187	19
0.104871078546846	0.491174849889455	19
0.075021619918553	0.596730919617679	1263
-0.058423034149161	0.29173511656967	475
-0.08560696829641	0.226950352918593	19
-0.075063028435202	0.426977635475431	32
-0.010841332877139	0.3957923827884	26
0.09050220208544	0.249187052377822	26
-0.00511677382495601	2.48537187324412	88
-0.015819020896318	1.99706269511822	88
-0.034096878037535	2.32781023400723	88
0.116188771130724	1.21829046407127	88
0.038731902603477	1.91995678885949	88
0.01704473091191	0.794247362012428	281
0.076097033436966	0.830461736095383	88
-0.00855962072947103	1.10815457537179	88
-0.08132542805086	1.14745536558366	88
0.04116925669708	0.822739181085032	1805
-0.087340313590496	0.70175636635387	1805
0.030836024773504	0.269299808188036	1805
0.014503597929287	0.424917586346422	29
0.032940507659271	0.530637550917356	354
0.035985495465201	0.461986590247721	354
0.00674496157129301	0.814984391031939	354
0.096297051891235	0.771671702492974	54
0.092206432184117	0.68630717259735	54
-0.10397657038482	1.34834185398661	54
0.066487297200332	0.686372712512065	54
0.00419149788211398	0.782437286396565	54
0.104253770127583	0.410418320859232	54
-0.046771920808488	0.978904141206364	196
0.104214265313496	0.311721030450567	196
0.053006971485495	0.354836885783415	196
-0.05330250987577	1.10245676304518	196
-0.035143122535367	0.717365527018101	196
0.034031707810058	0.330474317412838	276
0.104802741745863	0.113880586116634	521
0.112123061494307	0.114973131154919	521
-0.039360279639869	0.358910929442694	19
0.036188259458878	0.650443680264399	1263
-0.035178204636125	0.809999138002495	1263
-0.073149758573655	0.442475165420886	475
-0.082825135000569	0.227365013828746	19
0.115089536983158	0.112348134554799	120
0.02604324507312	0.273676115099479	120
0.030318172098623	0.267046236709528	120
0.074176570099499	0.397526583573606	193
0.106112415250477	0.116155148037716	32
-0.031849916038674	0.451363877150946	32
-0.083199536295848	0.22951558009204	32
0.068047274256143	0.628799572657444	281
0.037584866856615	0.564333611037135	1805
0.098404772954042	0.248660969418495	1805
0.00756509578386	0.497679845664657	354
-0.00446421404898001	0.644588824603503	354
0.054550404149318	0.351151807360803	54
-0.066298117507226	1.15046082581067	196
-0.076356155363442	1.06124266614482	196
-0.114429846204303	0.508793763199368	196
0.092445143205428	0.250522250656397	391
0.098846867682386	0.240106491298402	391
-0.05322846401131	0.591104693244213	196
0.032170885817881	0.327709515700208	196
0.038881383185385	0.198462405769007	276
-0.112631462694643	0.388208237984919	276
0.096152332809602	0.243508376227957	276
0.03503251316599	0.196609527488191	521
-0.082065968681697	0.230458165802187	521
0.067701809310427	0.628399903417576	483
0.107647108836282	0.560010566020369	483
0.049621033061431	0.759479984413323	483
0.045098392805948	0.367742541765562	120
0.115089536983158	0.112348134554799	32
-0.033015244662287	0.361403774777301	32
-0.030696478850334	0.352510023139498	32
0.028840251334563	0.268021635580877	32
-0.049022661436726	0.292868583830154	32
0.024666209969991	0.96590615393415	281
-0.121930002507115	0.363763603962706	1805
0.124752002530156	0.175690384362677	29
-0.00531641288491802	0.975301862176785	54
-0.040851132820578	0.785058840745758	54
0.028552972268486	0.269246713894493	54
0.104629874946943	0.236566027339848	54
-0.071859804215982	0.534262441911761	54
-0.021734931210257	0.697381763298935	54
-0.013648814519251	1.02322054944134	54
0.047826208705979	0.364338424502233	54
0.095439311494948	0.710390163769005	196
-0.080729134864287	1.01146642322431	196
-0.021816108048793	0.341478149717315	196
-0.121627845533574	1.23053263926867	196
-0.0856752441034599	0.980363410059917	196
-0.0674113801865141	0.74799284846527	196
0.048081160825912	0.193891530582858	276
-0.03802831460112	0.968927348099074	483
0.09499887861068	0.494483099990799	475
0.030720373355123	0.273797498740466	475
0.00907072049355401	0.422528002792683	475
0.044766108565605	0.196127072599956	120
0.088662532562217	0.248752824148312	120
0.04182982777769	0.19534589057136	193
-0.082441725769981	0.228844674254801	32
-0.0451260676999991	0.35561031141055	32
-0.077147929831624	2.29936280199009	88
0.054537281972056	2.08967607626697	88
-0.000275132346049034	0.763967682837438	281
0.000457456456746996	0.598319177491202	29
0.091044810205587	0.297831405661894	1805
-0.054166574829117	0.294281587841487	1805
0.046265469912767	0.357175528361585	29
0.010991265185619	0.627440945064085	354
0.045612397704957	0.855217253459014	29
-0.0771654250205081	1.09104102257002	54
0.00307168026467503	0.939804547578012	54
-0.085752440108848	0.805848802962576	54
-0.075283071360314	0.947719407510329	54
0.033919797356359	0.65364118804399	54
0.104808093550703	0.607060602424437	54
0.095267688084937	0.322559063327437	54
-0.062093901029277	0.418519759392294	54
0.101516869384908	0.575531628685876	196
-0.101169652759343	0.634898561715962	196
0.115089536983158	0.112348134554799	276
0.122889270163438	0.515051658348939	483
0.041578166035884	0.464561268731394	19
0.037173747407673	0.319217486856066	19
-0.061668259667313	0.706378970381929	19
0.022545954340448	0.448830752627168	19
-0.076862249213715	0.653277891198805	19
-0.067735281769383	0.719326734406329	19
0.00235251735342401	0.699858851446339	475
0.112785988007688	0.479139761191699	475
-0.107648002153876	0.383066537997853	475
-0.103072822884284	0.370569513146891	475
0.124520999166947	0.177124469264755	475
0.045000699304263	0.193194805170135	120
0.11133387988801	0.113712652956432	193
0.044766108565605	0.196127072599956	193
0.047433246426834	0.191047223224341	32
0.097021382667809	0.24351710438021	32
-0.08017554452122	0.225195517487192	32
-0.040145228553776	0.361787914867536	32
0.030635040238888	0.267406005281043	32
0.103288120608247	0.112625300009573	32
-0.082632648054503	0.230550960741628	32
0.047826208705979	0.364338424502233	32
0.100056469917582	0.115100155835255	32
0.045558577101622	0.192710433388208	32
-0.0283709654453	1.03635831385079	2120
0.115399721775452	0.469027265768529	29
-0.110948999537156	0.6509786843121	29
0.038225131971183	0.195337929159257	29
-0.00400800831300696	0.771322610913104	54
0.038553785579531	0.19980113560382	54
-0.0740707378426611	0.443934077315114	54
0.043650171926482	0.196414488891955	391
-0.0430613317069301	0.781029935357485	391
-0.087245755730482	0.231819826248083	391
0.036201248910968	0.467507055027453	196
0.113462251892532	0.550527176192714	196
0.100590131121244	0.114938505707066	521
0.112643758889374	0.113294442733233	19
0.043216435166805	0.19638023438628	475
0.039904706615939	0.198350876514301	475
-0.051208574008129	0.294175601332515	32
0.111867990649127	0.111527541388821	32
-0.0886325758791971	0.228200779400233	32
-0.032646229001959	0.930370819476452	29
0.075958246252317	0.43876739347307	29
0.083069145409621	0.487144198443822	29
-0.00887611581242997	0.382786062199829	29
-0.081499498028677	0.229220728538513	29
-0.008045516569539	0.401672100785734	1805
-0.0866795500923629	0.231015106598707	29
-0.110181162543062	0.390943012900837	29
-0.013897729810523	0.481082213078532	354
0.081285549618757	0.509160920099431	354
0.123086383883946	0.571975299899446	29
0.119386692412283	0.371670410411235	54
-0.101430609226633	0.944875066464509	54
0.109224157092188	0.480516119366644	54
0.013096449899003	0.684389784833961	54
0.10123672556698	0.354682187105198	54
-0.091818165063564	0.593048732154005	54
-0.082283654715912	0.227931457197007	54
0.10437375034585	0.238196517318501	54
-0.00872186987187296	0.797463868873769	1674
0.116787582779196	0.418053356388885	391
-0.061619941825723	0.289659808965622	391
-0.115846712266213	0.812521333900746	196
0.034721130029769	0.359960431590443	196
0.078740990615074	0.432850642504014	483
0.100962366650672	0.319283664471839	19
-0.00799065114261999	0.537349395210908	19
-0.059654113169252	0.500582916694601	19
-0.061395525407317	0.679476042016234	19
-0.058558201966913	0.300448356876538	475
0.107423158596091	0.112849552995292	475
0.042857552425884	0.197703856707579	193
-0.034412347558521	0.363600525681166	910
0.029922207997328	0.325696165036281	193
0.105855485888929	0.113658744219182	32
0.088662532562217	0.248752824148312	32
0.111853708958516	0.112088272718431	32
0.082576041475924	0.803123341455629	2120
-0.025979315807237	1.00694431434981	29
0.049010189659586	0.489958609885387	29
0.078296979363284	0.55183591309296	29
-0.00798548228317697	0.402216638464187	29
-0.054227737218603	0.594835743764524	29
-0.0930642464984071	1.27402683553913	54
0.057908505424768	0.525158294008232	54
-0.072989812278262	1.05225514842311	54
0.10425488242526	0.408872574948367	54
0.044401519282472	0.588781557973315	54
-0.060763201983169	0.672558505964409	54
0.021668239371982	0.45109950789869	54
0.040779526976568	0.322853746828688	391
0.094622145296357	0.448394451852533	391
0.077145161555572	0.51979047246221	196
-0.082632648054503	0.230550960741628	94
-0.042305497959032	0.880968185497169	483
-0.0961966620077011	0.820729221219536	483
-0.00458925860375503	0.695407440800697	19
0.031009159544761	0.629505669475838	19
-0.00604253495900797	0.645992218511818	19
-0.104606013063723	0.505741435853981	19
0.028224794732045	0.326117690733227	19
-0.072848738035981	0.443561157328658	475
0.035556712099252	0.266911387486394	475
0.093410341231147	0.247730211421437	910
0.036399495066425	0.264630561061402	910
0.071528126701905	0.411301590651676	193
0.106895142792059	0.114065326676144	32
0.111602139321358	0.115032192174277	32
0.102442517301061	0.353061270249829	32
0.045615105961212	0.193470324607115	32
-0.079190817443659	0.225403106439413	32
0.03158148041062	0.836585841404146	29
-0.0769432071751081	0.767236352261086	29
0.058983601431827	0.470755745774918	29
0.042697850720228	0.317813451237789	29
0.020843718722885	0.969862933412737	354
-0.108594958303789	1.18637989730607	354
0.096908132735938	0.770315426748211	54
0.023122693030942	1.03132461859692	54
0.067564100621019	0.551550423526449	54
-0.04917632221908	0.794378823809588	54
-0.092810049960569	0.900973515625627	54
0.122395286383645	0.420071359320167	391
0.014430979428411	0.481602916682641	391
0.032502716500503	0.872264502897022	196
-0.097977258309898	0.591185346056018	276
-0.0445546969023351	0.28372994255452	94
-0.086492776393477	1.03289049262497	483
0.037839149516596	0.457358731286008	19
-0.047791297125231	0.718580071803312	483
0.094432794259609	0.466002587869278	483
-0.037877450338736	0.682784141230437	19
0.095706069111373	0.357857826647805	475
-0.103336389035582	0.500641500638592	193
0.097337423120006	0.293309811944587	32
0.043973464457907	0.197417117370018	32
-0.099713691151797	0.593670067999006	32
0.097890944068849	0.242638826631305	32
0.051219911781607	0.355967519326997	32
0.052449321974	0.359837181701694	374
0.029633602926103	0.273331708585605	32
0.059302888855535	0.390069552545776	32
-0.106682915160196	0.503077797674179	32
0.066562409350249	1.05549692333356	281
0.104791396079937	0.545184791783858	29
-0.021186050750076	0.552326302408984	29
0.015243847974865	0.627051352992942	29
0.00130313151932998	0.668566144882311	354
0.079456429787589	0.663501398289196	29
0.085949207846303	0.651144666521627	29
0.117654072158016	0.449840879972375	54
-0.05069972188936	0.578978901832793	54
0.106661675000401	0.537737052349198	54
-0.098097577832142	0.499513024021244	1018
-0.035899269809185	0.709239166286896	1674
-0.04369175943413	0.614741972183372	2766
0.0120354867004	0.628886926140985	391
-0.116473062511687	0.931829398915444	196
0.084096963947558	0.516958430225046	196
0.043480363993563	0.50092180242319	196
0.108265813245172	0.546087259888016	196
-0.039767602971008	0.88116120466164	196
0.041506506655175	0.196577430722051	94
-0.080551888366701	0.225643184038845	94
0.048081160825912	0.193891530582858	94
0.115168225064246	0.46858318807946	483
-0.076826477162524	0.639392428571566	19
-0.079680458737969	0.433757634635603	1271
-0.00864232836191103	0.394953236263544	910
0.090446071110673	0.2478261536952	32
0.114299951550314	0.112618511833295	32
0.021575722382796	0.273202737767768	32
-0.078061529945624	0.224126743967893	32
0.022665482857226	0.270806860117236	32
0.107422169574641	0.539153729168463	29
-0.016137642935264	0.664847668489933	29
-0.040641388213388	0.463557239806891	29
-0.111866183484455	0.390807033194853	29
0.07368859854362	0.624944583502086	29
0.05118520071869	0.360867966357905	354
0.109709128692269	0.553352445161108	354
-0.015463327156335	0.860564507278836	29
0.112270591882667	0.569160756086599	54
0.073011868233478	0.599667402396121	54
-0.025500203982147	0.635244984848054	1018
0.051864541895693	0.189062126110476	1018
0.013803776310401	0.650922621330841	797
0.041091321583414	0.317875008040887	797
0.059431395085521	0.699361882655446	1674
0.075485037678993	0.542809204134769	196
-0.019234907904729	0.8520563541404	196
-0.110743935023583	0.876544391988228	196
0.113321445399865	0.498198869580583	196
0.101917334073652	0.441596877222745	196
0.009588878354157	0.59759927975036	196
-0.039302296064466	0.465327670819078	196
-0.081308217797875	0.229779893299134	94
0.106639551297304	0.11488364968898	94
0.048873358915023	0.193351735400399	94
0.056440884302122	0.518791014698998	483
0.043256428386142	0.588422663637141	19
0.066219514692125	0.588569562732903	19
-0.1081517257791	0.742966267634328	19
0.071666832673098	0.575305529489849	19
0.102341318503342	0.281974520016902	483
-0.069611902487395	0.812020258055115	483
-0.016790641388832	0.550818717899184	19
0.018065652020084	0.559427039504212	19
0.069929603630033	0.468899552205667	19
0.095357512954158	0.418973913958431	19
-0.053846346805332	0.299328929470538	19
-0.0331876643375451	0.361287171352309	1271
0.09462334648714	0.248207853872027	1271
0.0377623355468	0.199688159930782	910
-0.112838037752064	0.387944026268738	910
0.049107650227914	0.191713099140484	193
0.043973464457907	0.197417117370018	32
-0.119792103919752	0.571550042157534	32
0.076511457592689	0.885611823078625	281
0.079356831672941	0.640205555390187	29
-0.090049111677296	0.866417422080744	29
-0.0266743944885141	0.789824493831785	29
0.093461883882825	0.364868597126513	29
-0.066591174127876	0.526019291654145	29
-0.11247457780759	0.799551825400513	29
0.123073838917245	0.620364357470985	29
0.047029747149003	0.761962271820797	29
0.050599966884413	0.594935369116281	54
0.033358926472553	0.331028530472795	1018
-0.020626302088374	0.742177982583877	797
-0.014727883319452	0.486746733036609	797
0.046921303840023	0.366145340258244	2766
0.025218028460435	0.690364666987404	196
0.039877281154902	0.324719441976785	196
0.114638440028233	0.59783121138063	196
0.075366954782647	0.462032498691247	196
-0.086113553611644	0.22793864773109	94
0.037125614381368	0.680251468768366	483
0.02943875680719	0.268507152760996	483
-0.062543752504071	0.525167473907034	19
0.035068024235792	0.320696592382104	19
0.080699733074634	0.297819372604598	19
0.05961375832104	0.390584045351157	193
-0.118303370072887	0.567180906205952	32
0.101746627257992	0.321708752568692	32
-0.0883787950767581	0.22847046052406	32
-0.052785325485634	0.293677663903112	32
0.044208243085981	0.196626825000587	32
0.030720373355123	0.273797498740466	32
-0.053620458650706	1.79138421164228	281
0.053002426100972	0.759934520308922	29
0.041774012016798	0.828003495383024	29
0.080411845029416	0.687992753506632	29
0.05993352393165	0.391096611362821	29
-0.037718823107193	0.673204589189661	29
0.068382096713772	0.738659315948559	29
0.084354502915995	0.632302343460994	354
0.096578268565482	0.500613051707606	29
-0.119158385979163	1.06097824034589	29
0.124039617811409	0.662550556314739	29
-0.039732854930516	0.758720292838476	54
0.047945328919182	0.813486037318539	54
-0.12417945270492	1.2227039764677	54
-0.027328134579664	0.569015636259237	1018
-0.066980630104468	0.595930563823694	1018
-0.047988769163099	0.859100197754456	391
-0.097143186076842	0.847750261928704	1674
0.107114406632739	0.42864899082232	1674
0.067801897198053	0.445267533801962	391
0.109872357872911	0.507641302542444	196
-0.038983992894673	0.685791991911976	19
-0.013294497104281	0.472698268469724	19
0.05982524652911	0.346248207367323	19
0.124379432165259	0.369072842061614	19
-0.111499149533766	0.789193581285453	19
0.045692571636894	0.365139614781642	19
-0.042604454816548	0.470240318054019	19
-0.062820932250231	0.525043940093056	1271
-0.0363760848183941	0.455996426327822	910
0.033338925920593	0.324074885114635	193
-0.065546815996171	0.42715994519053	32
-0.121700048159381	0.389230539995543	32
0.066946876701369	0.380865400615752	32
0.042387656393906	0.194855824276919	32
-0.103951591959857	0.50711119551431	32
0.090178206998239	0.295713282227701	32
0.021136809249134	0.407259794255229	32
-0.0380419803839011	0.361211689917825	32
0.054815317593826	0.734648822618014	29
0.105829809322072	0.562194703523627	29
-0.061096798620973	1.11522869694649	29
-0.088569881103988	0.715659408052491	29
-0.096623581951952	0.743343228059252	29
-0.070450021674705	0.723225302021785	354
0.04303357393377	0.667766449689883	54
-0.039450670916918	0.990592824540679	54
0.032254519713491	0.264744749928801	1018
0.050493705993002	0.550071485124998	797
0.010898500835147	0.536268850889002	797
0.06462266817113	0.563762777995764	1674
-0.035279557752315	0.359141070574393	2766
-0.110054801247047	0.385733211292935	391
0.069696197555421	0.52132587828562	196
0.10499242817334	0.580802648413715	196
0.059120757906174	0.542592117426879	196
0.010133223090301	0.586931748681637	196
0.095977692443095	0.388111869744174	94
0.043415611281046	0.197922002730223	94
-0.07836847578401	0.227502697104956	94
-0.057171369712911	0.299433731617199	94
-0.0807417768971001	0.228548754592648	94
0.04262280560762	0.197815059386246	94
-0.112870218896517	0.395808461426113	483
0.09198070494039	0.49358345820933	483
0.029594029131373	0.537681021199378	483
-0.043176181355447	0.686570256105264	483
-0.040369211208061	0.710761608420736	483
-0.018483024742053	0.619931670236014	483
-0.032313537028266	0.362901098360337	483
0.102330016506175	0.387212452763205	19
-0.080166179140226	0.647493849338456	19
0.014977352986483	0.528196811087005	19
-0.087876383350435	0.69559013753763	19
-0.033434573931923	0.358523376958305	19
0.031251000861874	0.444740228041784	32
-0.075527193886674	0.43985853274751	32
0.111602139321358	0.115032192174277	32
0.099754477355403	0.230650346663602	32
-0.025523252550013	0.349837426423017	32
-0.113841152507386	0.689259058860939	29
0.02921473361863	0.633730334989897	29
0.076750095256943	0.776028605971989	54
-0.065861396372021	1.01194478524968	54
-0.069639399633573	0.982150678599831	54
-0.055588504914375	0.808321522185496	54
-0.076072817399498	0.868255836474489	797
0.03303113886274	0.263643238848053	391
0.00528015010334199	0.563136702663238	1674
-0.06403999826153	0.879782606975603	1674
-0.086113553611644	0.22793864773109	2766
-0.104914673663257	0.504031535359466	1438
-0.013577560157551	0.483198652846782	196
0.037909783978086	0.556047436365508	196
0.112643758889374	0.113294442733233	94
-0.095561165449103	0.786292896969895	483
0.098365920913524	0.559376983604553	483
-0.116301803790536	0.795265677397097	483
0.088876519236037	0.294422257152659	483
0.113497824299471	0.449406182398277	483
0.077609411631045	0.625892834097825	483
-0.070221977720893	0.720440323927711	19
0.050748400261491	0.189353174913807	19
-0.081685336727845	0.224765880081234	193
0.00340443669986101	0.381685206767633	32
-0.116184584939454	0.567461329684234	32
-0.036124986001129	0.356956012068708	32
-0.07836847578401	0.227502697104956	32
-0.071006304856586	0.438822346721488	32
0.04532376850952	0.194818658145184	32
0.098928237230975	0.245748783141844	32
-0.120810839096961	0.565657339036281	32
-0.116250587335234	0.393211618212228	32
-0.095150382948343	1.40391209934026	29
-0.010451857959388	0.893981924642696	29
0.000857792046192019	0.748133838398006	29
0.053732776079973	0.95366205183312	29
-0.111336326997289	0.5102525161169	29
0.054617407011313	0.391909728606737	54
0.036415718662953	0.817630247059651	54
-0.068653920468676	1.01748116626451	54
-0.05965233995118	1.09822480105966	54
0.111665720217358	0.559164824457013	54
-0.080031966945852	0.91862330847297	54
-0.041580183372766	0.693381027308916	54
0.073584786684565	0.440779102199924	797
0.031079264884806	0.272544455666127	391
-0.030503743767158	0.602035632989255	1674
0.081415980781543	0.592953217398636	391
0.039345055394317	0.198502149827281	1438
0.093695569240082	0.625756560982318	196
0.104802741745863	0.113880586116634	94
0.060423997363436	0.564205529994871	483
0.116750161385772	0.414874758915966	483
-0.064217985108846	0.522248610750962	19
-0.052785325485634	0.293677663903112	19
0.114823742585628	0.11255724030873	193
0.014295164176643	0.423936011367143	32
0.033163357581755	0.263047790082369	32
-0.082065968681697	0.230458165802187	43
0.124520999166947	0.177124469264755	32
-0.057171369712911	0.299433731617199	374
-0.041661399663381	2.42099899439002	281
0.023355284580935	2.42510974418379	281
0.084073732563242	1.46520855303021	281
0.046917200870817	1.28605157741982	29
0.113318271826626	0.360563604442212	29
0.000269012300702975	0.702370989345508	29
0.108496399170387	0.33660644997698	29
0.055517062435925	0.422155634953589	1072
0.05001258129429	0.355886383019699	1072
-0.104029021815415	1.45554917561345	29
0.048485172565629	1.05101761258246	54
-0.110450759529774	1.41631812783847	54
-0.00163870904552998	0.973964484117529	54
0.06042818285283	0.650955141461745	54
-0.124907738970876	1.38905903342011	54
0.080975024182719	0.623186434308697	797
0.094065998376932	0.241767779580537	391
0.038568981881509	0.195198776855246	391
-0.00617305894035902	0.833996664296691	391
0.020272159260816	0.44895752145724	196
-0.109609342017328	1.15714898528867	196
-0.027966335470188	0.890668720517291	196
0.032762568104128	0.327328359136968	94
-0.0866795500923629	0.231015106598707	94
-0.092548695978823	0.225931975244107	94
-0.050786517010052	0.730807215587993	483
0.016408825731071	0.753381669913336	483
0.075927747476271	0.666262237030016	483
-0.013171389849316	0.88325464513982	483
-0.105743930099629	1.04639632298802	483
0.052291543395024	0.655690703668869	483
0.058727743659165	0.392730243117104	483
-0.009559653499011	0.397528848049272	19
-0.086173284288692	0.22640914189201	19
-0.0525600893377311	0.294309953805885	19
0.111602139321358	0.115032192174277	193
-0.050049251506595	0.293848540566918	43
0.02820009642763	2.23904781877716	281
0.121676953063349	1.64071575250861	281
0.123803962285762	1.75760749679445	281
0.103370459634783	1.20448684930373	281
0.117908495402202	0.812295300517085	29
0.02638907814823	0.606608611356174	29
0.057772315333628	0.78816687642451	54
-0.096832888218774	0.812959204406178	54
0.11133387988801	0.113712652956432	797
0.045226641370122	0.587993811881428	1674
-0.000864516970544016	0.785026821827436	1674
0.052734450706944	0.653702689941884	1674
-0.085023239447753	0.582972215092992	196
-0.029696138923563	0.642378203249227	196
0.048339597124556	0.188160485835899	94
0.092445143205428	0.250522250656397	483
0.091987323151829	0.537540828055004	483
-0.0561632979015541	0.654166359577007	483
-0.00211626919792596	0.743951889144428	483
-0.060691488930639	0.603605432646098	483
0.11561420249907	0.11228656899571	193
-0.03699937393817	0.360298864956931	132
-0.00412750479508695	0.514608879204355	132
0.056105485921233	0.394654188799647	132
0.067480299124535	0.376952944828079	193
0.038321962764617	0.199537160848968	193
-0.027404772546037	0.353420585175514	32
-0.114450598695459	0.690199225779365	32
0.11133387988801	0.113712652956432	32
-0.101783310421573	0.510584202374227	43
0.101557079367275	2.41506659175016	281
-0.00143554067710305	1.92920850139836	281
0.03031732896874	1.0953447457348	29
0.078897288850987	0.365333596096658	29
-0.123431961583533	0.570503552760294	1072
0.078894243299603	0.887055966105802	29
-0.050864108814176	0.770401717312871	54
0.0180606419647	0.827956029372193	54
0.054564985388491	0.654320107693548	54
-0.057862332757995	0.516905308630863	797
0.029716932615496	0.746723464148794	1674
0.039767606737136	0.642033123278499	196
-0.087910490807354	0.225984319387442	94
0.106895142792059	0.114065326676144	94
-0.052229008948087	0.816650480345758	483
0.083015879008917	0.54261847697132	19
0.03351620666646	0.268863841146082	19
0.095686255095148	0.246273332003406	19
-0.0547448274637941	0.294858265108523	132
0.124167243915786	0.338594069486191	193
0.098855164141019	0.320047819055196	32
0.096036860473385	0.24684300831116	32
-0.070160171856811	0.520189546202958	43
-0.049444669838057	0.286117177674536	43
0.103654797591294	2.40307514845878	281
0.028910440486902	0.957625753603319	29
-0.097299474192913	0.934430315045934	29
-0.071289656730953	0.532825453179635	29
-0.116254687869603	0.39470616092997	29
0.061303122080157	0.604486249052792	1072
-0.061962059652635	0.701952171698376	1072
0.050706545306776	0.859281383744805	29
0.107599537075159	0.564774457542155	29
-0.01336235111961	0.717445250928824	1674
0.111091905543934	0.502105650710907	1674
-0.022206968073037	0.341026845040757	391
0.04207610628662	0.31725567610321	391
-0.075066582722175	0.921535239122367	196
0.034592015341607	0.479644601768156	196
0.035631010869847	0.261787692311031	94
0.018456511958274	0.266629361935087	94
0.044697575966459	0.528143066641912	19
0.060188052800812	0.543191644511208	483
-0.0743490395575121	0.644813378577659	19
-0.034090477096317	0.354207207555546	19
-0.055248276616239	0.299230658919866	19
-0.108972594969486	0.388631343638101	193
-0.038396076883527	0.360615133692979	32
0.03256475400772	0.263921633404824	32
-0.12112765048858	0.729281543541777	1072
0.081222003605062	0.665312869798261	54
0.012381753929814	0.719605069561188	1018
0.00536204001320401	0.598509246103518	1674
-0.027261129814758	0.741297774583706	608
0.048081160825912	0.193891530582858	94
-0.082065968681697	0.230458165802187	94
-0.107529723941905	0.667370753409329	248
0.08658895237774	0.506288400939247	483
0.088898057851611	0.507685455857876	483
-0.093197540911764	0.932455166376023	483
-0.073863982058587	0.740385049377329	483
0.030976689252681	0.539770033296605	483
0.096785035489235	0.329959163084675	19
0.047729416296622	0.494371078240714	483
-0.106901546200005	0.669986198312843	19
-0.112815649514535	0.800878721612269	19
0.030331786206085	0.543705859456299	19
0.033705409577325	0.325569553446951	19
0.038881383185385	0.198462405769007	132
0.047757731573655	0.195150846424252	132
-0.115406183052334	0.399149972203432	132
-0.104562436690237	0.514583937922909	193
-0.00859437036795996	0.401590011726759	32
-0.044886703206798	0.459911126413626	32
0.11239000863255	0.112944560089795	43
0.089276004182168	0.249672082951717	43
-0.080551888366701	0.225643184038845	43
-0.027098679289331	0.338965424664982	43
-0.080419175392784	0.981510417116097	29
0.074230857873856	0.554507036744113	1072
0.113021374870198	0.561441941551271	54
0.063990934026649	0.565566149205142	29
0.030847715668209	0.510251827486183	797
0.085929730534703	0.568713586972231	797
0.024997416628195	0.605568046219136	797
-0.012069205279255	0.400179476621881	1438
0.123410910079493	0.449885537988268	196
-0.082503766493762	0.43616178135221	94
0.085381346955075	0.296492239155168	94
0.037840857787631	0.618672362286922	483
0.122397828358344	0.390273261010688	19
-0.05337256607994	0.291724281385979	1781
-0.00992409467135302	0.393254515711073	132
0.03121095202958	0.325030842376263	43
-0.120371542402047	0.394614239383903	32
-0.0376510607706499	0.362897289783646	43
-0.080400262570598	0.76966691649703	29
0.1195205842328	0.65763400406971	54
-0.014268501682513	1.04189723343874	54
-0.00624073167707995	0.647569190238852	1018
0.054835982102927	0.628293161618482	797
-0.00845866335114998	0.620947545031044	797
0.029974766476568	0.627441951572016	797
-0.0528114841076221	0.622496523940444	608
-0.0042042356202	0.582142058963408	391
-0.023597871335427	0.788739042877259	608
-0.017800768464494	0.901601182856105	1438
0.057058539763714	0.755962361005196	196
-0.00927136149055496	1.18352286523972	196
0.111524701710083	0.582364498864318	196
0.012443125008688	0.53041527925866	196
-0.10176519562659	0.834210820996024	94
0.062799894595404	0.416503701841631	94
-0.00876077088421401	0.563249737803529	483
0.00686385396524603	0.489731751092298	483
-0.038539143790197	0.448276790545669	483
0.095023200714443	0.477513722931496	483
-0.113348193861078	0.396573631259702	1781
0.047871331849273	0.360818992777346	193
-0.109211405427516	0.509607357311691	1090
-0.044404379940895	0.466194149636209	193
-0.055830939753054	0.298389746172043	43
0.027001506584546	0.272073752646832	43
0.09134228206038	2.35273119351041	281
0.09476247914285	0.566928465081693	29
0.048081160825912	0.193891530582858	29
0.042436415669165	0.555519661212375	54
0.027890639867525	0.475038931760811	1018
0.083219978964491	0.425741994507397	1018
0.03996689682402	0.581812306951563	797
0.107559043497111	0.457616239244685	797
-0.087347216966044	0.577218800164317	1438
0.079463098964173	0.463908054842248	196
-0.089884809442446	0.867422307615066	196
-0.008056173390806	0.457050784101401	94
-0.115644266813289	0.391950499893397	94
0.113995435256964	0.472888927261058	94
-0.113305478742198	0.689085652365979	94
0.107477034602154	0.511432960999314	94
0.012562563842151	0.530691092156257	94
0.039948056439843	0.506412694134255	483
0.013177659870354	0.531209329926108	483
0.095123766655459	0.494622711795996	483
-0.00554066072981496	0.399163575913293	132
0.067959883838848	0.415852012367384	132
-0.109908171145302	0.671168694239957	193
-0.124498013174957	0.388714264502561	193
-0.121269719713751	0.568822025905771	193
-0.108220286539548	0.644615195775339	193
0.108908037467914	0.370456155249744	193
0.026630407124641	0.330575039929594	43
0.063175685901127	0.449590651665393	29
0.023389094353665	0.633062176169402	29
-0.124553767831906	1.01796656436686	29
0.083532550068154	0.487250806210913	54
-0.053255634883973	0.736183234492056	797
-0.069753810954474	0.718534865060602	797
0.076756033459022	0.400803974069249	1438
0.022600114859808	0.592084005907585	1438
0.043012657185	0.70417658299113	196
0.050289717384236	0.57153959039208	196
-0.062203645571712	0.294119819393055	94
-0.0757769039741371	0.442263510134509	94
0.05953370098277	0.409334077247673	94
-0.124268778539195	0.565276939575301	132
-0.0801529327100871	0.431632715744128	132
-0.031388021387457	0.352455780621582	132
0.040817875891104	0.318288890956558	193
0.029351336857419	0.331301871131855	32
0.034714391778866	0.267747913069621	43
0.038697550375299	0.322741240219381	43
0.115295430078531	0.649187832302784	281
0.09463293236472	0.388054533587503	29
-0.035801501993046	0.458765128313749	29
-0.073186585668048	0.649970490184849	29
0.118161925554714	0.560758304876743	54
-0.051887114534341	0.872102142344584	797
-0.097467963461869	0.499836983451569	797
0.00294440776216898	0.711127535119492	794
0.050291864880822	0.552363750715585	797
-0.105712939497629	0.773963550815005	391
0.106915286183618	0.48839991396879	391
0.116702234565484	0.420341823477192	608
0.00205051639999998	0.447273903650546	608
-0.03266396370914	0.364927520684338	608
-0.087245755730482	0.231819826248083	391
0.103212397361267	0.282788158710758	391
-0.02691676053243	0.435665878883691	395
-0.0925640425750059	0.495253717624895	94
-0.081499498028677	0.229220728538513	94
0.043180646496689	0.197311888785559	94
-0.036683409437318	0.365906523212303	94
0.11557945375387	0.484975946455068	94
-0.024015691266881	0.631256040704573	94
0.092142592283044	0.534701499958552	94
-0.049621858343426	0.798979551969987	483
0.088589840730214	0.548767531529921	483
-0.028271514172228	0.662607587353836	483
0.047355067858653	0.517613166211862	483
0.084085142356046	0.513602659334762	483
-0.082731420723882	0.766665671784261	19
0.042857552425884	0.197703856707579	132
-0.080551888366701	0.225643184038845	132
-0.081308217797875	0.229779893299134	132
0.091656993239297	0.248893359176682	132
-0.04139923137469	0.469805807891745	132
0.035871013683546	0.329761811493468	132
0.061654275663408	0.38760246943229	193
0.046907474453994	0.350874480519996	1090
-0.058558201966913	0.300448356876538	193
0.047288781032705	0.191911634434993	193
0.082310133120582	0.298587921057949	32
-0.0667658298000911	0.428443763456991	43
0.104590258600191	0.792325761968641	281
0.089823538083105	0.414832189935169	281
0.047864626721059	0.362977162838692	281
-0.101226345369513	0.627017678489452	281
0.095134839851033	0.293501305708677	42
0.018666833432974	0.808198390721477	42
0.032047342062403	0.988136508578489	29
0.108438550779741	0.628166828003572	29
-0.016280466135584	0.979149389339385	1018
-0.025415557335049	0.835652137327918	797
0.078206888201797	0.495115453641095	797
-0.083982143011219	0.225457123988924	797
-0.064601797530129	1.05616509865861	608
0.118972875446154	0.465901279987614	391
0.09657024427742	0.249384091053945	391
0.05229824065044	0.632320997093727	196
-0.04828773498383	0.578534900789401	196
0.043973464457907	0.197417117370018	94
0.112878944397905	0.551653454905961	94
-0.095500164360417	1.03674861412298	483
0.105827108025653	0.515222834351143	483
-0.078130589407853	0.917309714065974	483
0.037354592865763	0.681793361477926	483
0.087412977151597	0.491326313369233	483
0.109164259934751	0.507022763680198	483
0.044684619432543	0.611823979398814	19
-0.119764517802546	0.397503218809389	132
-0.05797641873789	0.300282042313306	32
-0.082632648054503	0.230550960741628	43
0.029578982448549	0.86772573037925	42
0.048375308140423	0.662561248929075	42
-0.018629312816472	0.96781326550569	1018
-0.122798666849623	0.395597125220683	797
0.079722814881623	0.570343669237985	794
0.00418839814139998	0.862335564446849	608
0.087462668232756	0.651590376467314	608
0.091118638881571	0.331044485812446	608
-0.08369768655329	1.00844500552631	391
0.109086204710289	0.560665872096794	391
0.070489068964816	0.690000288240636	196
-0.036823006905883	0.346377318072531	94
-0.0594371805527481	0.292153625875752	94
0.119486118338813	0.558009694787407	94
0.102940027066821	0.58781491893869	483
0.080291564095216	0.6445142198466	483
-0.114290817713526	0.910213149331673	483
0.094101124998653	0.480064611772485	483
-0.113997168521493	0.977704952234085	19
-0.115116442423996	0.759382186975083	19
0.00745647704214403	0.425692565635346	19
0.052887042258162	0.392746275599584	193
0.11133387988801	0.113712652956432	193
-0.110992262445138	0.54064150415332	193
-0.035991113463959	0.357568529321158	43
-0.011694054183419	0.398552781180569	43
0.02773307927447	0.269452337682965	283
0.105329228347668	0.114890015465784	283
-0.054400978609761	1.58392884841013	281
0.109191217270516	1.0700514225855	281
0.119136060779524	0.563897732602437	281
-0.0170169937629711	1.41584091712354	29
-0.0884465487892619	0.694821525691001	42
-0.05748427229978	0.596327485021156	29
0.049372572477967	0.490290739881145	29
0.097201119870146	0.361301943137485	54
0.081438938112444	0.691781085089224	608
0.00784701106538199	0.750219102241535	608
-0.0933380929008391	0.583490904220865	608
-0.015303287775782	0.483069413588439	196
-0.0763445218483551	1.22800876722622	391
0.047824813723853	0.897154418191903	391
0.060450479286609	0.946065677571899	196
0.039291146075765	0.669227865339386	196
0.07198705619372	0.548762747836486	94
-0.019868189557072	0.55120198528479	94
0.118703083673858	0.649173805006018	94
0.00599440041010602	0.502528965341592	19
0.038349426707674	0.363192405256513	483
-0.123494755065418	0.576909266355944	483
-0.045488934250313	0.458441429425412	19
0.020785895373847	0.589037730685431	19
0.012472597723706	0.564667030379546	132
-0.068381004463964	0.604100589693833	132
-0.022300881157031	0.490083406017459	132
-0.056312031882478	0.591801984271541	132
0.0246205691136	0.512448435106858	132
-0.012206987071725	0.518743819399844	132
-0.109576756302783	0.390290262974103	193
-0.021555492431293	0.339556915105808	1090
0.09020411333487	0.495959090635207	1090
-0.012438536349051	0.76601573265324	193
0.052857243767026	0.487558993012124	193
0.026861217052114	0.44940005864742	32
0.086661080633566	0.248102882591999	43
0.122434349657845	1.72362059506688	281
0.112643758889374	0.113294442733233	42
0.115153970759918	0.53051145883774	42
-0.058423282501833	1.08880443366514	42
0.034320660002316	0.879025036254949	54
0.083193468640651	0.622407632168763	794
-0.010704320233531	0.613089101551446	608
-0.104826959040861	1.36528433334678	608
-0.035267136487222	0.846915245202838	608
-0.074218937671101	0.219465174037401	391
-0.056386173898246	0.292281634755022	391
0.016344324043396	0.783142272984258	196
0.049818521296159	0.741283610291823	196
0.091216939450018	0.64557644096333	391
0.102252519810508	0.317556881905449	196
0.043493910550117	0.61171115886482	483
0.063553012374559	0.695258428838869	483
0.038891230611518	0.625865972483028	483
0.101450501584411	0.556901638545218	483
0.109127659973113	0.579628892060302	483
-0.049178012425754	0.651599378627296	19
-0.122129972099337	0.804102052284727	19
-0.062543752504071	0.525167473907034	132
0.000701367910617978	0.568591060635025	132
0.03558286983649	0.327748093871825	132
-0.00504217275346597	0.466367288116256	132
-0.036196031282015	0.35254022234508	132
-0.000619142323726951	0.387966006772961	193
0.046731094929389	0.193181339283969	32
-0.039793719474835	0.363563670251114	32
0.047166831925096	2.45611805921046	281
0.03708832670494	0.683303592114894	281
0.020048461611307	0.887776238751604	281
-0.0515483810619331	0.947674110961515	281
-0.120901237509235	0.988422760138131	281
-0.025319517356417	0.900688241907604	42
0.118674961365805	0.502617531878558	42
0.112953975319793	0.799619266079916	54
0.11884951402957	0.629145532043417	797
0.070513915965985	0.584983110485651	797
-0.091354740140601	0.488587101042758	794
0.019982603698515	0.412203218644808	794
0.03113829179298	0.448314246772383	196
0.111602139321358	0.115032192174277	19
0.045881223061766	0.191898853687731	19
-0.124704898663085	0.560865829191777	483
0.055813213753994	0.794133968522105	483
0.035470050899766	0.728532541317948	19
0.093194866746561	0.294599417390872	132
0.086974709097648	0.300489867595312	132
-0.027316078442733	0.560992848009529	193
0.099108388026996	0.24100697861066	2421
0.040695806494544	0.194898991065921	193
-0.057171369712911	0.299433731617199	43
0.096809060078104	0.347073923050767	281
-0.0888808963222339	0.480652430382028	281
-0.031014169835112	0.528122665717107	281
0.092155688576817	0.393193615010955	42
0.010916806745048	0.795943630866156	42
0.050352166917339	0.769690534280754	797
0.119776736663102	0.678900322548495	797
0.096702410267343	0.500335516232495	797
0.102159244370443	0.318671413093164	794
-0.050152495855006	0.284601586082933	794
0.00052291748462302	0.629616444230821	608
-0.0339888273307269	0.963435954599546	608
0.047288781032705	0.191911634434993	608
-0.06602523830901	0.530984625478626	196
0.102451212609133	0.399558886194241	672
-0.116991852317483	0.395309384154681	94
0.046594611929491	0.355336799590981	94
-0.071538775041022	0.436909038874704	19
-0.087822322723483	1.05066874033856	19
-0.00590588961512595	0.824395418730198	483
-0.00891695933363901	0.642505343936402	483
0.067473353552243	0.553227098509576	483
-0.027928528502998	0.350856783014665	132
-0.05162270032053	0.291211770729976	132
0.051630598805614	0.186588183863579	132
0.017485065619746	0.262850033805211	132
0.097547298169207	0.354024890859524	193
0.030037019715663	0.268302279210081	2421
0.112123061494307	0.114973131154919	193
0.046280064905647	1.07339848603731	281
0.011479664149787	1.00670603858159	281
-0.043539424480509	1.10178845395494	281
-0.051925220586165	0.936657167634477	281
0.105042414555839	0.702043230559904	29
-0.084604196768751	1.42505325436565	54
0.021506377183807	1.07909490480474	54
0.081578094717155	0.641102463800588	797
-0.095447310714575	0.972768495950236	54
0.075824407114502	0.802506970978257	608
-0.038765932032267	0.908049126938726	196
0.077331302512084	0.910132634103993	196
-0.10553033333776	0.503254234007974	94
0.043228939479282	0.777649986207886	19
0.031185903600381	0.622559076780309	19
0.117652971515066	0.50223850431918	19
0.084159004911334	0.594281892936113	483
-0.124523145262695	0.5743343168989	132
0.067800570419724	0.414041465054109	132
-0.113715998861377	0.399336147784988	193
-0.059527103256511	0.578560574074618	32
0.071109788276938	0.442035248336676	32
-0.101766589228742	0.496078597302645	32
0.091332088552118	0.296628206161642	43
0.00462989247314899	0.429733271093326	283
0.093489629509853	0.248171766842585	281
0.078179063953398	0.463454516006617	29
0.089762035834105	0.366601230302938	29
0.112123061494307	0.114973131154919	42
0.061336601153292	0.641974341492695	29
0.04261603933645	0.967980359971385	54
0.058548957322823	0.856122784013363	54
-0.017954395867082	0.488314732278896	54
-0.029688084464823	0.35676425552602	54
-0.051861021695976	0.293929001591822	54
-0.103669205242814	0.966110204450694	54
0.110582827463578	0.598272382205477	196
0.032818087627759	0.817918499214072	196
0.120141321680655	0.51121293500449	483
0.052804680851156	0.626638312689026	19
0.092878997348969	0.249082202978825	132
0.039672857206365	0.198570892006803	132
0.036757523485699	0.325986063644979	132
-0.041768916447986	0.358313886148371	132
-0.116991852317483	0.395309384154681	132
-0.09679853781212	0.224975642219076	193
-0.041279795172591	0.615050639834212	43
0.00746988059628301	0.426221481476009	43
-0.073962317801798	0.21927147799789	43
0.101931574143133	0.242477582539429	43
0.00658847474191998	2.04743564440478	281
0.033273757565552	0.267999122459075	281
0.070504821766236	0.43858836696951	29
0.112123061494307	0.114973131154919	42
0.057063880850019	0.657318648141301	29
0.103251926991845	0.627017310830149	29
0.120761504051612	0.424077180181066	1018
0.09578865483986	0.244744119206352	608
-0.114799679510466	0.397845510621254	608
0.026711891037852	0.864337688856528	196
-0.033323943806431	1.00118639177039	196
0.105855485888929	0.113658744219182	19
0.110813826690365	0.113772710115371	19
0.100569788167093	0.387859243858081	19
-0.045456345329528	1.05754824380097	19
-0.10171489831677	1.18606003513699	19
0.107781494165487	0.432403703979246	19
0.015462199960314	0.619491513069265	19
0.038984349277627	0.322192267953437	132
0.048760687282383	0.363800596815843	132
0.100205910385691	0.375991551699068	193
0.044566525318277	0.193089865031155	132
0.0377623355468	0.199688159930782	132
-0.097860790344398	0.609219101219869	43
0.034544566983886	0.267339320433025	43
-0.108972594969486	0.388631343638101	43
0.003839411623758	2.21756152193983	281
0.066509793908958	0.644148073239117	42
0.098315623341456	0.469058759207645	42
-0.084332852349826	1.12895736582924	54
0.046789819462855	0.525195296813024	54
-0.0290158981364	0.892577895131672	54
0.079615747998055	0.681523493766599	54
0.027998999942856	0.26699185779859	608
0.082569809326991	0.644371968761265	608
0.03834086617622	0.195036889389983	391
0.021936054227078	0.270793604740828	196
0.110813826690365	0.113772710115371	19
-0.043238813652912	0.752919655624048	19
0.00166163558041599	0.799960238036874	19
0.078817502278591	0.624866289573662	19
0.102387958220725	0.497568137308952	19
-0.042855677488555	0.877747241573958	483
0.064186868605629	0.403399790910068	19
-0.096373376518175	0.751587487987479	19
-0.075178167202589	0.430044492026073	132
-0.00591266473353502	0.471382385342429	132
0.09481520716789	0.327479782164289	132
0.111853708958516	0.112088272718431	132
0.096302239267247	0.283798069197518	132
-0.0325908853828339	0.535135018150868	2421
0.112911801013283	0.112883681223137	2421
0.11133387988801	0.113712652956432	43
0.030767485542511	0.26247653469592	43
0.096113825046948	0.353704152930771	43
0.038086165932687	0.323328363809417	283
-0.082441725769981	0.228844674254801	283
-0.0740405010173	1.22536803671458	281
0.124783508653266	0.631551649933268	281
0.023132745584837	0.634865371697854	42
0.073798073835503	0.717010842918694	29
0.020391093914477	0.782321848946477	54
-0.073025291266844	0.899558328924355	1018
-0.062554410121464	0.289492007931047	54
-0.025053361083536	0.898017572532073	54
-0.022388561213577	0.924954468612784	54
0.068667560477654	0.747423820761521	608
-0.086305815545455	0.436392931043957	608
0.039904706615939	0.198350876514301	391
-0.025582532240349	0.64061072874711	196
-0.021483701297199	0.480646171582912	196
0.105855485888929	0.113658744219182	94
0.111853708958516	0.112088272718431	19
-0.05272290831814	0.93290218600349	19
-0.09876412895432	0.999640163689445	19
0.057830846462496	0.708041344011849	483
0.085660375599072	0.605579987445818	483
-0.067864967521546	0.790393769379992	19
-0.077521294280186	0.4407689499871	132
-0.081499498028677	0.229220728538513	132
-0.054083659400514	0.297885786472831	132
0.048315648015441	0.194652911614615	132
-0.073962315854591	0.430478353916192	2421
-0.014742975277341	0.485251482353667	729
0.044143702725045	0.466057574514789	43
-0.056718342571828	0.508654594651305	43
0.096174666875753	0.290494548807859	43
-0.049074691388047	0.573849722822074	43
-0.082065968681697	0.230458165802187	283
0.099730460337496	0.526062006332703	281
0.120353129139609	0.614902593604736	54
-0.034696921049214	0.805589101207493	608
0.053311690824675	0.755676818043667	608
0.01956242175622	0.692963502570643	608
-0.0522072688274901	0.291100746784126	608
0.102477771199509	0.356413936435403	196
-0.056824895281587	0.589787385945629	672
0.041271793486379	0.195143571077156	196
0.114299951550314	0.112618511833295	19
-0.090347588014467	0.225628768631633	19
-0.086113553611644	0.22793864773109	19
0.060770983445767	0.707486305551933	19
-0.085159875480076	0.969907332873605	19
0.072968406496437	0.656052140005163	19
0.108787761316771	0.623129633405989	19
0.053082893615464	0.661424885928544	19
0.024230608543293	0.726621523115409	19
0.051029316521768	0.734419173714139	19
0.056395474371038	0.349370607231542	132
-0.077613347357024	0.446277276865965	132
0.04696555829762	0.195697318723232	132
0.106112415250477	0.116155148037716	132
0.043415611281046	0.197922002730223	132
0.04696555829762	0.195697318723232	132
-0.114561320237615	0.400474502838977	132
-0.00326747312360098	0.615251259784243	193
-0.026903295071648	0.518282450312066	729
0.100627474538643	0.360260356051683	43
-0.107956661400801	0.510834677026956	43
0.122566146779808	0.339215476975723	281
0.047066660943983	0.543062950919144	29
-0.08911468051201	0.573199995875226	29
0.013082962704307	0.568123591524501	29
-0.019871487727695	1.05928438593644	29
-0.036403250127015	1.1889399454771	29
-0.091520790308954	1.10633637370584	54
-0.027014505484135	1.02793762947046	54
-0.09604101265682	0.842245774974155	54
-0.015595733935568	0.487744792392866	54
0.084931406095889	0.51280322895782	54
0.097532219912732	0.249017201645339	608
0.075473335164793	0.578310099125218	196
0.071979141689457	0.603135939687214	196
0.056353885272117	0.760661766451015	196
-0.00516899626651901	0.391906660652538	196
0.04262280560762	0.197815059386246	19
0.031322339627252	0.273181200092021	19
-0.038428547015317	0.832281779150407	19
0.110066747237194	0.556645632784011	19
0.079186150218869	0.643472726508218	19
-0.025090742103734	0.841560800948929	19
-0.00693624598946996	0.729006653206442	19
-0.023365727152299	0.795506758509422	19
-0.055012011242405	0.298649339269476	19
0.033034339437389	0.329044338151478	132
0.104724499803065	0.383057730834167	729
-0.049022661436726	0.292868583830154	729
-0.081118508158911	0.225738968647028	729
0.036450499634144	0.436519217920996	729
0.053640952995593	0.353498933939093	729
-0.097518578974558	0.503283916870907	729
0.047757731573655	0.195150846424252	43
0.094377974909275	0.998966775481158	281
0.054408769647372	0.38641892826082	29
-0.122655360626981	1.17822689170385	29
0.035992883899052	0.774815296596102	54
0.000422572736235027	0.819027544172344	54
0.092888588056285	0.806133376434538	54
0.086135073586736	0.595401670257436	794
-0.020402130485514	0.764934579346894	608
0.106945447296083	0.561243781436388	608
0.020478394484388	0.677167728548232	608
-0.044669005712888	0.907001806148406	608
0.018553249167167	0.784560135945097	196
-0.076108733876512	0.928622036597716	196
-0.0914826313428559	0.2282979660464	19
-0.057542119193887	0.910915265240036	19
0.020037008109603	0.649527062867585	19
0.090650951472685	0.542995218189496	19
-0.0185096674037341	0.626433329778833	19
-0.078871189868218	0.865777410291224	19
0.05535248003479	0.628245840130874	19
0.05757853652215	0.605003745676626	19
0.021129274144166	0.609339599880844	19
-0.033476352925697	0.460205011239884	132
0.0460043049245	0.363578970595153	132
0.089288314125916	0.365057640243326	2421
-0.119270961607412	0.800359118263512	729
0.112123061494307	0.114973131154919	43
-0.086426040214859	0.23111507384329	43
0.101732421361801	0.284023040554041	43
-0.025566379644191	0.934832697805756	29
0.056990250145941	0.721190986051696	29
-0.110192574220756	0.795547807739258	29
0.110965290727233	0.477944192035154	29
0.04140701670952	0.753486710379018	29
-0.033120530281603	1.18179844670307	54
-0.00669144787652398	0.519844754100975	54
-0.104519617387096	1.22499818647397	54
0.035257586292921	0.562092076796	54
0.08334465790193	0.581868110901353	54
0.016861859893091	0.615647565646115	54
-0.037968009561019	0.673240777991172	608
0.096151663357185	0.420511572643027	608
-0.047125152623044	0.722134294556324	608
-0.063223249918118	0.845197046589304	196
0.013709108845013	0.56451259356248	196
0.058340296674512	0.421793201436242	196
-0.100901397648276	0.636552338895132	196
0.106228794659863	0.314875684231231	19
0.112103609859832	0.393142519486012	19
-0.016742094189846	0.399479253442145	19
0.057576822856461	0.43781593124305	19
-0.101842440647912	0.823164075786785	19
-0.070876657719442	0.647078328964706	19
0.024962054955203	0.640977851393895	19
0.103719585270216	0.441100300688742	132
0.076572192247745	0.465405378398486	132
0.00599440041010602	0.502528965341592	132
-0.06479569564787	0.712356420080368	132
0.040779526976568	0.322853746828688	19
0.095097684587835	0.293399956891264	193
-0.115168253580401	0.400635733477657	2421
-0.104799840770419	0.630631591775994	729
0.093166981011806	0.356217139972576	729
0.096726347650103	0.293263647241563	729
-0.028424368631824	0.35457404242536	729
0.094972138087249	0.246545375084527	1336
-0.058144566293838	0.294618387709278	43
0.033563741523605	1.95551762571148	281
0.056543540496822	1.60211729866873	281
0.080246724405179	1.84874303785467	281
0.043973464457907	0.197417117370018	42
0.076895607495498	0.629714156548381	29
0.11332067777127	1.04023412638473	54
0.100165404738621	0.903621715896289	54
-0.12189395013147	0.562182096478072	54
-0.00988115261990696	0.404499209423706	391
0.113032878057857	0.913589895559369	608
0.060783617078355	0.767894391886752	196
0.028402883616906	0.327451219029964	196
0.084710186139538	1.10457998125381	196
-0.121950688324959	1.60426095316114	196
0.094176618822287	0.501249393019441	19
0.031733037517787	0.709522987237437	19
-0.00392836030297705	0.663182697091677	19
0.089627337421353	0.249157612975791	19
0.047316364223426	0.829925646554593	19
-0.114799679510466	0.397845510621254	19
0.120082140736722	0.172880732698794	19
0.07600161362741	0.583252011314435	132
-0.026075046495873	0.567725487184838	19
-0.0155591906221	0.829451464603621	31
-0.081874867372603	0.229873084039577	729
0.027056718785354	0.539004554113858	1336
-0.048095872538539	0.740086639703727	1336
0.113433367963492	0.111280618271974	43
0.080804518153241	0.946599611375062	42
-0.038358675300992	0.826213138765133	29
-0.015775187071034	0.721208151550756	29
-0.101495822189587	0.823437898026461	54
0.031376222874012	0.601014388039498	54
-0.00698081691049901	0.511330529628263	54
0.06438239098179	0.458428562425135	54
0.025057212856732	0.838909274533046	608
0.122941355772209	0.472249333911284	391
0.087392903898328	0.417742418025456	196
0.01937056959299	0.785935699322466	196
-0.034076486933784	0.60484751459404	196
0.087451303738219	0.480458431233726	196
0.025933234197554	0.634522103843651	196
-0.022242844639859	0.337615832894431	19
-0.077323370346742	0.898988580348967	19
-0.040349015851847	0.769211694934143	19
-0.098085494005708	0.49814289843295	19
0.005706076701959	0.50276782220702	19
-0.00774499709761201	0.473496704661236	19
-0.07061172838959	0.606859702279486	19
0.08308542377775	0.539288478901559	132
0.119783688485643	0.421446962819939	132
0.03988243651886	0.555909807664285	19
0.023124264566747	0.45203848779779	19
-0.038509267907291	0.541516736044054	19
-0.014273673284822	0.659945903072324	193
0.068707381698722	0.371719218906707	193
0.106687822957803	0.274495484085904	31
-0.106989128360195	0.50378460813729	1019
0.10147945507209	0.358863393892797	1336
0.058460521672951	0.455460753116591	1336
0.092443994921534	0.362294851327101	1336
-0.039179648245896	0.36231999071068	43
0.112975890904445	1.55783568629997	281
-0.091645500651387	1.23944232801135	29
0.030622976379117	0.974426166058412	29
0.029780045898625	0.575433936088439	54
0.122441308171475	0.410790198453134	54
0.097071549853363	0.531052036792883	54
0.011038974174791	0.858433959962947	608
0.081801757030284	0.516027496094084	391
-0.116959367023416	1.26064450353904	196
-0.0258358365106079	0.996177132718936	196
0.06197586815227	0.38792985937526	196
0.096835326489084	0.244768098718742	19
-0.115758705996446	0.555135423220326	19
0.00628598693417998	0.755018291120266	19
-0.053704774845076	0.505157170948483	19
-0.058088688383097	0.729199923175805	132
0.087947600681617	0.448587653449889	132
0.033273757565552	0.267999122459075	19
0.09762488770532	0.443352306382093	193
-0.064208612096093	0.675384343825733	31
0.098308343829647	0.286308334477083	1019
0.071302768169678	0.504368503594673	729
-0.033071853901921	0.450759398988331	729
-0.0847532986098331	0.564019288560667	1336
0.048930046188953	0.452047082697288	1336
-0.111042848028703	0.511282179587858	43
-0.068376886262144	0.429596640810821	43
0.022339283687047	1.86625100071884	281
-0.02364980146701	0.820336839839872	54
0.086722891123117	0.502690844199791	54
-0.093077245515588	1.19478204532663	54
-0.041244121492039	0.465864214268457	54
0.080531299490005	0.459788958620895	54
0.059931698423389	0.422877600084053	608
-0.022722365098775	1.14792084237833	608
-0.083336446032337	0.97150069693134	608
0.119122387085504	0.494271998344062	391
-0.090484698428297	0.605806476907096	608
0.014078041255715	0.455596300432883	608
0.046934817828204	0.660172437542397	196
-0.0730905648403371	0.215308733663783	196
0.094544577745931	0.35793834497503	19
0.073791423260415	0.406457200504517	132
0.09657024427742	0.249384091053945	132
0.100876095124374	0.385913357363147	193
0.056135469327649	0.354349847977653	31
-0.038789707320677	0.451008292171891	729
-0.092385258336186	0.584952484515308	729
0.03735028200666	0.323429556182444	43
-0.122896891668525	0.574433777562025	43
-0.049340633184131	1.39133119879296	281
0.118610047360535	0.626576797055411	29
0.048476260162084	0.837449096549005	54
0.101319121138302	0.682334730573015	54
0.068142735893508	0.589728701671409	54
-0.090485795742464	0.590445436633415	54
0.117880464356431	0.369620577392515	54
-0.036484551408696	0.908182423193211	608
-0.040408037843417	0.363767812726554	608
-0.061906073468772	0.517798176557213	196
-0.033317474246593	0.933491251183295	196
-0.097805421187482	1.09225905000227	196
0.080808354586555	0.492762934121585	196
-0.060022448465639	0.292869412269226	196
-0.0809332359463391	0.225848918900511	196
-0.104562436690237	0.514583937922909	196
0.109257018555841	0.559892282126639	19
0.051976271973533	0.638963351263894	19
-0.019692776193907	0.72661575231447	19
-0.00370145349693096	0.686429358893489	19
-0.041016866267486	0.825039394776577	19
0.027335056949686	0.694294913220039	19
-0.096847307146962	0.587986231993957	19
-0.117946429687602	0.397009572207988	19
0.03351620666646	0.268863841146082	19
0.099413588139675	0.420162693452469	31
-0.087245755730482	0.231819826248083	2749
0.028090591379503	0.271800258162342	729
0.09942682507911	0.3192275384199	729
0.014729147226743	0.422275144220762	1336
0.023026318699409	0.272726290486643	1336
-0.00890806377451103	0.478711631260116	43
0.094538868075291	0.550473818915583	42
-0.095715398618611	1.08423347481486	42
0.113271343583745	0.734603769968551	42
0.123265366831005	0.57602822011408	54
0.103494345837581	0.495190929940796	54
-0.05032122827837	0.463306183047585	54
0.103247183214793	0.354715284918902	54
0.029032024744205	0.273945687653896	608
0.031830354844291	0.263126157576076	391
0.017922811082969	0.553877211418631	196
0.032017568087288	0.687769279377113	196
0.049796974160328	0.805444939709514	196
-0.086933810661484	0.225009301613626	196
-0.083415771078558	0.22815883731346	196
0.112123061494307	0.114973131154919	196
0.066211393240939	0.673100610418908	196
0.102991277572709	0.613974115563889	2600
0.063724615354984	0.38396330836932	19
0.085390966262606	0.582481235122049	19
-0.073890731169119	0.887298686745189	19
-0.107042456692023	0.510797796470317	31
-0.048333673119958	0.277478703591717	193
0.042888041441389	0.197051038353189	193
-0.117303721883573	0.382071227304645	193
0.074840018668006	0.587965796546909	193
-0.028272863591988	0.759528568785272	31
-0.082283654715912	0.227931457197007	1019
-0.081874867372603	0.229873084039577	1336
0.039345055394317	0.198502149827281	1336
0.034366623741769	0.437220063296875	43
0.120895930455166	0.712219074695919	29
-0.0286929647013791	1.08800552776755	29
0.069953075550793	0.925277603732751	608
0.042403737444699	0.932002559737898	608
-0.073175547418582	1.09508612589143	608
-0.034466565032769	1.10161629069735	196
-0.0904268074771269	0.703504802417282	196
0.00257490977570501	1.02494549034497	196
0.110963155429233	0.603848921820685	196
0.107994981600003	0.487179916410354	100
0.00418623221192899	0.652874483017983	100
0.10509542284856	0.238590117137445	196
0.108810355957882	0.113734591791858	196
-0.075996941195154	1.08246757841755	19
-0.038746686256216	0.884574270013442	19
0.097567429803988	0.6632526077836	19
0.022257634962962	0.754281826732582	2219
0.034957546576314	0.267818868716928	19
-0.015124393712291	0.395859691322804	193
-0.118687926649124	0.399885268622697	193
0.043876973517353	0.48990727041283	193
-0.00999871540744901	0.643430813999914	31
0.091573732287282	0.33545826849571	729
0.031123055156689	0.266801471646176	193
-0.087245755730482	0.231819826248083	31
0.091399642814062	0.293892194143756	43
0.105650073336531	1.31626868160836	281
0.070446987689125	0.989325727990612	29
0.052265790112849	0.812404302444032	29
0.047940794380994	0.922747930569623	29
0.116263923605768	0.507209597554951	29
0.093732002778226	0.600112313473655	29
0.013758601712176	0.86726139123212	54
0.041927777715196	0.748633636253231	608
0.111627061862373	0.691210285528266	608
0.04359432742689	0.847820634504038	608
0.099845674342449	0.416751739695701	54
0.013829249143094	0.526562817331936	196
0.092550506201176	0.600165137941948	196
0.038037442498338	0.325439313302128	100
0.00384053317190503	0.662964440087614	19
-0.048318508852553	0.821477725071362	1311
0.116102133560347	0.483963114445947	1311
0.080054363784407	0.671038521072715	19
0.013139004174738	0.71512478412297	19
0.038404115065234	0.657557872797841	2219
0.110555063424895	0.344460659960862	31
0.027468324758719	0.326910182721818	31
0.056847472875546	0.479533341937954	31
-0.027217822615371	0.347089048998445	31
-0.111262144841332	0.390156831277408	193
0.034603674397974	0.324288636117698	193
-0.00308674421055499	0.505994672004163	193
-0.041531534740916	0.690986995401146	193
-0.045247930244283	0.537802898485309	31
0.023237130165194	0.45247942818347	729
0.093297644769288	0.297832955046436	729
0.030037019715663	0.268302279210081	31
-0.117674259194803	0.568943568355435	43
-0.036305455468555	0.463262329467972	42
-0.079232218700197	0.434535066935024	29
-0.077453330390772	0.439862264781291	29
-0.00125876102698796	1.04172751650607	54
0.104153704130847	0.536228998006931	54
0.041705026704902	0.350747908718526	54
0.07536697514521	0.639291492240426	608
-0.11609758044722	0.38172246633218	608
-0.097685431642847	1.36688433114895	608
0.049059649289772	0.359390134298121	196
0.106908743623543	0.789704300882333	196
0.069373568947846	0.588103294018171	196
-0.0335685854129	1.19636193084588	196
0.058905589664949	0.71312757055918	196
0.117168803446657	0.899984587594565	2600
0.099277840160374	0.247223138656396	2600
-0.039179648245896	0.36231999071068	2600
0.034980816154625	0.321070552849274	2219
0.027536919710125	0.329770036622962	2219
0.100742334607235	0.608100577404826	31
0.054957953319581	0.392691846876267	31
-0.0454835741167841	0.539406751267617	193
0.123619879755039	0.513380517970172	193
-0.00363091975215701	0.58107307689068	43
-0.067914067429674	0.714963519244148	31
0.106112415250477	0.116155148037716	43
0.028689818166889	0.86423834907362	29
0.048258325991549	0.457622311444335	54
-0.0295457216103721	0.522575809998217	54
0.110927168925088	0.371574874674155	54
-0.010001874037457	0.606516697269185	54
0.0828819219299	0.45460283708876	54
0.100877811542249	0.55040370264896	54
0.00780072887008398	0.969445820314667	54
0.065351423259193	0.597759343645655	54
-0.102591138031207	1.17343684565934	54
-0.0874569527455959	1.25018378507185	608
-0.10474613055932	1.22340695433736	608
-0.094973142139455	0.588369686128046	608
0.00770916390224002	0.522720199376709	608
0.00431701273756402	0.862869911752278	54
-0.065580154663696	0.673428542820084	196
0.00659144084669999	0.695852651634688	196
-0.080426548024529	0.75639514574547	196
-0.020392430639866	0.55313842723741	196
0.053915829247309	0.517750539375894	100
0.036608610938111	0.915568831157813	2600
-0.077613347357024	0.446277276865965	1311
0.032397314927877	0.439375639530601	1311
-0.06684202295376	0.609890405899178	1313
0.054171197485279	0.518284905668312	1313
-0.090051342003869	0.70943831193396	1313
0.017247384267901	0.620387110057698	2219
-0.019509323568129	0.560596993511442	2219
-0.0176634943923339	0.489604377307819	2219
-0.107103431056926	0.764443400677828	2219
0.040370446144183	0.575892954752238	31
-0.04967043286804	0.629008522767881	31
0.061245190945082	0.721004893365902	31
-0.036064045832486	0.541765437590738	193
-0.111336850085077	0.506703760169313	193
0.00421602759999001	0.5941708771547	193
0.111298620088156	0.372474834165198	31
-0.068783380581819	0.437482425015669	31
-0.00328513791390905	0.515135582398773	193
0.060201635473014	0.38965190683196	31
0.033338925920593	0.324074885114635	43
-0.082284231500847	0.667819035358228	29
0.024422705364873	0.33059480464328	54
0.043973464457907	0.197417117370018	54
-0.054391218644293	0.288792818892102	54
0.061802597462473	0.453113083934147	54
-0.023751170156595	0.344811979186646	54
0.120889596240641	0.705771602112957	54
-0.059815317811491	1.12834673343617	608
-0.118698589450243	1.03390202277601	608
0.105711035528037	0.682778499704283	54
0.040575882886869	0.318706290812475	196
0.103785908915157	0.464002753040645	196
0.00372461722636802	0.790911462465521	196
0.063711446905859	0.385055174149792	2600
-0.026395138834333	0.350913447750979	2600
0.054378650413652	0.509916265647454	1311
-0.0886325758791971	0.228200779400233	1311
0.026063220372202	0.697177401573772	1311
0.052475117489186	0.354317641689994	19
0.094972138087249	0.246545375084527	1313
0.102135865042683	0.238343809764342	2219
0.034357451956513	0.330651292958194	2219
0.056006080475575	0.59592484571828	31
-0.0580837155731641	0.968517855848933	31
-0.029372711080532	0.72910322360477	31
0.094871285009082	0.601893620628864	31
0.024985397212499	0.552283428590518	31
-0.090429609173755	0.717127084650868	31
0.015091957087248	0.530717142067814	31
0.098269591916715	0.42100155220708	31
0.033654938790386	0.440817319228073	31
-0.074739754589168	0.872255743383374	31
-0.057794302990502	0.296051139657442	31
-0.100028335974861	0.740445534039134	31
0.059276627776845	0.408857652400385	31
0.099440290059439	0.358182480211244	31
-0.065829083653053	0.805418443631398	42
-0.120318718246669	0.569543549329466	42
0.02324136236133	0.194245193784207	29
0.021677527741776	0.267920033165923	54
-0.011392887585623	0.39909204459076	54
0.037840201449522	0.52795469288728	54
-0.044928238941041	1.14229772975684	54
0.0966880746531	0.746171191359675	54
0.104943611813161	0.317214043948857	54
0.090603076865704	0.428370149688045	54
-0.047686900440238	0.536779886189982	608
-0.043414534410129	1.00441810252167	54
-0.12157469723912	0.393815665630487	54
-0.119045266713539	0.550947495363539	196
-0.092146076700567	0.775372407910291	196
-0.036931246254724	0.453767182444474	196
-0.021891432308799	0.904882616964885	100
0.087644268438578	0.530912034228144	100
0.020636575417867	1.01407937586044	2600
0.092866433197792	0.245134811928046	2600
-0.114892414301967	0.377576851692325	19
0.046430222187106	0.191418187396254	1311
0.006729152351382	0.429392577667832	1311
0.039026125408469	0.260451992535235	1313
-0.035285772235447	0.358064260829944	1313
-0.109655819164606	0.79885464511977	2219
0.042064759041843	0.197598618138934	2219
0.028245438447762	0.718855540427073	31
-0.098335853463924	0.823400396991035	193
0.09804984851668	0.361155837388963	31
0.00313180993020901	0.606650840742934	31
-0.093719460150852	0.789920945150783	31
0.02435530459542	0.27285182311867	31
-0.102039239333035	0.631334889130797	31
-0.031998120871891	0.353463856416226	31
-0.0745109621162841	1.55119626165567	42
-0.094613383998845	0.847304097768892	42
0.000579343902313012	0.572789682931698	42
-0.103140646595055	0.757575021147698	42
0.05487605817838	0.507490707752306	29
-0.025902423750639	0.571307115202757	29
-0.116961387060801	0.648095068034733	54
-0.10520083448077	0.512630666236228	54
0.091991858781276	0.447478464907974	54
-0.070622082405714	0.548813913596727	54
-0.042599419182267	0.879948022105284	54
-0.049966970062596	0.990905751055146	54
-0.0455578165967741	0.93313003046703	54
0.074600531415517	0.822475241072978	608
0.047742106384674	0.772462072631362	608
0.121081638465432	0.502103135739139	608
-0.064270467750116	0.524897203861038	608
-0.020831262778807	0.627093733299345	196
0.057520338407311	0.630858203137659	196
0.072867634129128	0.542532419611399	196
-0.085309149989785	0.839456209574698	196
0.026895091970625	0.639964075993398	100
-0.07169678143996	1.21485077880292	100
0.09837312627449	0.413226873914741	100
0.056445222919531	0.391528438682805	100
0.00684276853562799	0.958669343338226	2600
-0.059115333171281	0.598751280720423	2600
0.096726347650103	0.293263647241563	2600
0.041717946524397	0.422727468154141	2600
-0.035777906592232	0.54185703616766	2600
-0.00896353902735603	0.403785452204884	1311
0.010600903243562	0.521181699263449	1311
0.119335588367283	0.472751844439569	1311
-0.0748995884211781	0.487611321743285	1313
-0.047866881507124	0.574705855889255	2219
-0.036797323735251	0.461611900175095	2219
0.003116954107935	0.499771251267357	2219
-0.058701484118025	0.51674668119684	2219
-0.00648711763709597	0.739057079355856	31
0.102720395865216	0.58052157905201	31
0.072810508856002	0.49334806446913	31
-0.108446071840124	0.765707643845974	31
0.095977692443095	0.388111869744174	31
0.021656728248839	0.734218968622927	193
-0.070610072239907	0.64487065209486	31
0.047833354615014	0.363674175541951	31
0.060841438626705	0.418618677723804	31
0.092579455731542	0.32911582810625	31
-0.077923215146445	0.443418420922133	31
-0.024912008145366	0.349626643876976	31
-0.013579151934939	1.43125072439684	42
-0.0381931752600631	1.0666905305139	42
-0.02161007267288	0.590723000520684	42
-0.053617567269312	0.881560325640037	29
-0.030361016918158	0.84638296731565	29
-0.119409508543779	0.693101502558926	29
0.045431060465577	0.361647660962642	54
0.060212941664543	0.384306968273487	54
0.096785035489235	0.329959163084675	54
-0.019983189485164	0.469118887001998	54
-0.039880044579963	0.816782815456625	54
0.015091957087248	0.530717142067814	608
-0.068068343454699	0.750269825082571	608
-0.037084230490989	0.747083396375735	608
-0.048718651415306	0.629657266861913	608
0.078034067662095	0.480905422019416	196
0.109699137494348	0.831290924513324	100
0.063459798413028	0.670757384994216	100
0.086986800512951	0.589901736920805	100
-0.08631423951342	0.575323955452564	2600
-0.07107676902511	0.805615234128618	1311
-0.017129021768999	0.560219421174462	1313
-0.063130137276575	0.600890229556964	1313
0.046598712963144	0.360820702415737	1313
-0.102413507367216	0.511219195365579	2219
-0.115334277458655	0.645814642950939	2219
0.109086701839994	0.429981087324821	31
-0.000329583969627012	0.610771975753987	31
-0.10265947133422	0.626502336298957	31
0.092791940558211	0.533249852133564	31
0.045782274114757	0.462424799761149	31
0.022959875972414	0.455870360497132	31
-0.0370187805957251	0.782823512596214	31
0.000773427004707006	0.574181546684595	193
0.012519277302207	0.429393955461503	193
-0.034338355282668	0.638786230456291	31
0.112028386639086	0.426614077284549	31
0.017624418856448	0.519496304673977	31
-0.079534588879737	0.441670301949038	31
-0.069828105673016	0.534252705442144	31
-0.08911468051201	0.573199995875226	31
0.021524808636201	0.450767509458307	31
0.051522171266488	0.360995982432958	31
-0.0242781360441791	0.565682497450803	29
0.051518103758421	0.352604251615881	29
0.095960592525314	0.384355301874799	29
0.047565861178285	0.364465950366158	54
-0.057753422116166	0.299600430019582	54
0.00831345158539798	0.941232415772665	54
0.0357679591823	0.894965939018713	54
0.042099588107652	0.781795758376195	608
-0.049469939624311	0.292378578259026	196
0.027100818245474	0.27269524488809	196
0.034453520327514	0.881286644173726	196
0.109825030382392	0.635721065320795	100
0.027332966149661	0.633798070323416	100
-0.113823333729657	1.24313392146363	100
0.090110164423193	0.856085993771811	599
0.092867045701291	0.326251072220553	2600
0.00136789197880399	0.668683652890747	1311
-0.0173635377609011	0.593519621915626	31
0.114315246848599	0.497500936817591	31
0.107534074485097	0.312426948574415	31
0.093968526737811	0.551877828931235	31
0.01434007869021	0.528448364202232	31
0.089215065404578	0.249183646293386	29
0.102798250118447	0.651255784948378	54
0.097270989923364	0.246460370268731	54
-0.114233416595066	0.911523404313927	54
-0.039955099308389	1.10552889438869	54
0.105229877280977	0.794028336968155	54
0.079263226821052	0.756736071037085	54
0.059802455064029	0.949991874096416	54
-0.012081250630387	1.20770388503902	54
-0.0841005798419761	1.44711420715827	54
-0.06114374710933	0.296132590163375	196
0.077112673005021	0.529821814917917	196
0.032924305638516	0.903219805460551	196
-0.013470766961471	0.890404887148529	100
0.00815582798596398	1.16024165493815	100
0.061750495343886	1.09798589871301	100
-0.049124440662632	1.00007290604604	100
-0.036068944602471	0.364634848063139	599
-0.0562166320576471	0.286798677434681	19
0.121127823961241	0.171371770585774	19
0.046430222187106	0.191418187396254	31
-0.029296134871223	0.34539070732456	31
-0.014257285811018	0.398446058649929	31
0.066120386695016	0.771277248772794	31
0.104242214180776	0.463211359301824	31
-0.020704434541793	0.614592739250343	31
-0.025545283104941	0.814761600225318	31
-0.088195419757266	0.577377011530507	31
-0.044037775235522	0.46615823323692	31
-0.022926934099147	0.635582748814801	31
0.102623252983934	0.387041083054382	31
0.046009649946263	0.367508456903931	29
0.108810355957882	0.113734591791858	29
-0.07535048582492	1.11057851054734	54
-0.096343674137371	0.712082711469238	54
-0.113381133478671	1.41222627661217	54
-0.074159777615972	0.430883860403571	391
-0.063608696962396	0.292059443202977	391
-0.119164329394652	0.389896683556407	54
0.091044810205587	0.297831405661894	54
0.00745254316925498	0.80798065914404	54
0.083943095053178	0.583841076213054	196
-0.116110593383775	0.380203384336117	196
-0.053181944306541	0.502962796743327	196
-0.023945927425355	0.70303306446377	196
-0.00707514663967901	1.04788021966462	196
-0.0108160262763231	0.93008031037238	100
0.03541880860486	0.469065930289835	599
0.07125489567934	0.867875796948604	599
0.011742124279753	0.531850857903202	19
0.098143132433117	0.247330801282501	19
-0.07836847578401	0.227502697104956	19
-0.114193422475992	0.395287539698662	31
-0.095562030384116	1.30698361298472	31
-0.023137327142426	0.870382171571027	31
0.097480023577127	0.325048557017407	31
0.089186762391148	0.564656985419019	31
0.040195783081023	0.506607360131487	31
-0.049246193511319	0.294096986386234	31
-0.087812170675417	0.231240314047897	193
0.020161234970724	0.689175145726836	31
0.085183699698591	0.572825517093663	31
0.019228009802656	0.420329759356696	31
0.104116781933156	0.429572156334686	31
-0.062642766066069	0.706007835574447	31
0.113150690650039	0.478168901040045	31
0.119623482440086	0.175702099840956	29
-0.072434973320836	0.428164608063272	29
-0.048276146767829	0.284860174291253	1198
0.034302764046892	0.265806874623824	54
-0.057777870599553	0.580190507093585	54
0.124760882217714	0.169301706234513	762
0.094898225720242	0.246168874000995	54
0.036970707031407	0.197196609261005	54
0.081883015907258	0.918134246039249	54
-0.085596635460784	1.77597978649661	54
-0.045485718053449	1.35920239422213	196
-0.063624843782323	0.420045524339752	196
-0.108382960580349	1.14027109672085	196
-0.00539883035542699	1.00321713914562	196
0.099886933836606	0.650573143850066	196
0.060996964807572	0.527405993403075	599
0.041751631716437	0.319192738921058	599
-0.0866795500923629	0.231015106598707	19
0.111829861945251	0.864905405526643	19
0.048339597124556	0.188160485835899	19
0.029032024744205	0.273945687653896	31
0.035205093281019	1.01309095311483	31
0.088468582103303	0.747259968486392	31
-0.0141007781804769	0.894772743216694	31
0.014992652162213	0.618257822035344	31
-0.060279851508559	0.931849052265865	31
-0.046710551562915	1.02934589922326	31
-0.020897488990948	0.688106222557644	31
-0.02858311722274	0.964443814931129	31
-0.027211057715085	0.635744851826096	31
-0.100495709187191	0.703556218994867	31
-0.083378437682564	0.877131494400335	31
0.096053385587271	0.394464149659996	31
0.071873195588054	0.682313066541586	31
-0.00455417997211804	0.461469095039553	31
-0.114652566177748	0.386046961902568	29
0.030477737694528	0.274037065143796	1198
-0.040506464476551	0.469707072638123	762
-0.120384038143203	0.820480458723679	54
0.015614591919286	0.515164528038604	54
-0.020557675182978	1.30282041669238	391
0.080163673095892	0.941851909010348	54
0.094688959875566	0.918223709570493	54
0.114553672892611	0.988193466038071	54
0.093489629509853	0.248171766842585	196
0.033418121663943	0.329071756347003	196
0.034471067784869	0.265424034668404	196
0.121363252204057	0.594621888326626	196
0.044340036177864	0.779777702151674	100
0.113923020141188	0.719297495846869	100
0.058383296873023	0.527899113320402	599
0.094710154947891	0.2439489834272	599
-0.082632648054503	0.230550960741628	19
0.037993939423732	0.199032119088873	2554
0.011841324138129	0.531992024555836	31
0.034541924759626	0.725271565426078	31
-0.083985245537986	0.847284962071349	31
-0.038657463304986	1.11296504894627	31
0.073095732610428	0.740706703424361	31
-0.067589743233013	0.852549427069021	31
-0.0826573861461391	1.29779836107759	31
0.016850050449976	0.726124991779087	31
0.110634839193702	0.486260824995602	31
0.101513589015552	0.356209094204673	31
0.048760687282383	0.363800596815843	31
0.111602139321358	0.115032192174277	31
0.050644696345961	0.352486033458866	29
0.049351442970794	0.359743574504766	29
-0.080529467287408	0.442416072452878	1198
-0.058558201966913	0.300448356876538	54
0.024713158164102	0.268583517988521	54
0.00657080569274798	0.953383235131959	54
0.119461145083242	0.462898767070179	54
0.079506368618749	0.83989233190555	54
0.090834414599492	0.86673615442617	391
-0.024358158694181	1.23058968873036	54
0.044698456644431	0.828107809766422	54
0.116501994840949	0.795959964467465	54
0.092343689439838	0.328811786366603	196
0.069564819860891	1.00001041618384	196
0.115716379656833	0.651113492741177	196
-0.036411429880745	0.962255254727193	196
-0.052306387271958	1.07771671982915	196
0.02516407132613	0.798675148511837	100
0.03214985658213	0.328339677259627	599
-0.109576756302783	0.390290262974103	19
-0.11212287703052	0.385611841855542	19
0.00171995715106399	1.0076241967851	19
-0.051861021695976	0.293929001591822	2554
-0.115540888005299	1.39829650087885	31
0.100640706739797	0.662706855504982	31
0.081309231637764	0.486805442844424	31
0.101752945047834	0.356903655256035	31
0.00638404871690701	0.598532550013278	31
0.075724333326909	0.765580802344752	31
0.028691557292925	0.270348069393495	31
-0.096229595898871	0.223162935558385	31
-0.122686123390042	0.825539382530559	31
-0.038095606007181	0.46643017564811	31
-0.03603645934775	0.362262893342748	31
0.009297648634507	0.535322096844164	31
-0.082065968681697	0.230458165802187	31
0.042857552425884	0.197703856707579	31
0.087224833344522	1.30641109333625	29
0.016660417449797	0.675924158158718	29
-0.104554060301787	1.08243720440105	1198
0.100336141639696	0.671125567807535	29
0.01324603194903	0.422720756878138	54
-0.120525126856837	0.566934496275112	54
-0.045458464167904	0.89146051054818	54
0.043814447102869	0.841256178464935	54
-0.050627136102917	0.896199880513478	54
0.063433223008794	0.4909373799712	54
-0.080745539009538	0.766558832934337	54
-0.117047747160439	1.15738914082979	54
0.055875276486942	0.560516072115418	196
0.095545863986006	0.417223528758822	196
0.072695920168569	0.571950654967512	196
0.105875066768368	0.39556278574956	100
0.047594055043346	0.454145590896065	196
0.060270406443596	0.668561889204757	196
0.006013501355915	0.605476839446238	100
0.071109924187261	0.475948458571751	100
0.096815855474627	0.331130022508683	100
0.072512207190553	0.675254573343846	599
0.044188555380167	0.502425838037854	19
-0.085733780789631	0.803938534559463	19
0.019764186702158	0.653838322721412	19
0.076748176403321	0.565276059481388	19
-0.091657725148221	0.775955931144817	19
0.037535547393265	0.740482881383658	31
0.107870595194996	0.556864538791623	31
0.097274464793019	0.517689003261185	31
-0.052214852180708	0.816193542622057	31
-0.100347856070684	0.745851384431787	31
-0.10265808248533	1.06437162351355	31
-0.118476316831001	0.924080505004534	31
0.112311274991736	0.110186461489912	31
0.015152441057381	0.697444453807056	31
-0.082712707710196	0.580325494887466	31
0.00211703027939902	0.569918091995073	31
0.052740057661347	0.351979804146013	31
0.058740944380211	0.391633670339054	31
-0.081308217797875	0.229779893299134	29
0.062119158602808	0.928828364459756	1198
-0.020583984284571	0.879833549589664	1198
0.064772145233071	1.07751734240222	29
-0.063015206426239	0.419838283945754	54
0.095014914557297	0.329068235223046	54
0.040494510567693	0.319247907964393	54
0.00378943745524701	1.01524670759806	54
0.009686693836923	0.797448814913924	54
0.066012049998669	0.538267504242668	54
0.092558437778336	0.292799929170548	54
-0.0637800117526241	1.08787587786298	54
0.058922093590649	0.986879594620183	54
0.124093967606385	0.367926060727774	196
0.011499702409288	0.511891117324263	196
0.07533186921734	0.758860729110009	196
0.112747512200175	0.841430131531699	196
-0.071853039994682	0.526012114137959	196
0.032101346707103	0.990434050061194	100
0.01518371402041	0.419272939764964	196
0.046903138286242	0.359636261896074	196
-0.086887720625065	0.43928188611611	196
-0.053764228638147	1.2402099024177	196
0.077415474512457	0.858966752054111	196
0.032842995669121	0.656434700965749	100
-0.099701667439187	1.19728818741029	100
0.106453853470739	0.729214507968463	599
0.080270749303253	0.982793404429756	599
0.095437822017957	0.249288352786296	599
-0.00896611439262496	1.10421291527123	19
0.123834611376679	0.306491192450765	19
0.097818885728258	0.357751168306089	31
0.064299260109626	0.785572762782529	31
0.055454097024217	0.791281021770347	31
0.026220564599722	0.791320464377622	31
-0.016595426853501	0.716221879283746	31
-0.114906294231639	1.03112682083859	31
-0.0336982616910611	0.845524493454381	31
-0.041582591707759	0.851488187847996	31
0.001124640585215	0.673267943536178	31
0.121010419951506	0.473967740426258	31
-0.073884480976343	0.832003023856607	31
0.116456953149352	0.528111921641796	31
0.099142500581108	0.468354592754612	31
0.120985302734702	0.468077805810304	436
-0.018939358674803	2.42161856463737	223
0.121543476914078	0.522097065332251	29
0.057316723781749	0.349110443832815	1198
-0.10674359806834	0.507376395317815	54
0.038752596609373	0.696316884191212	54
-0.061622265813234	0.910731534319062	54
0.091886294205209	0.335009074424712	54
-0.0293761426513111	1.24920663510268	54
0.044589346654239	0.611521973213629	54
0.061263894875144	0.77710373578119	54
0.124866232016847	0.532980836435702	54
-0.041824933816348	0.467202928378846	54
-0.107950109043556	1.80876358713494	54
0.080007660235397	0.576401366201909	196
0.107681513898566	0.783683319328554	196
0.021726303731682	0.83100640241364	196
0.060430742713087	0.540923229946285	100
0.029703121817541	1.41213070974311	599
0.020346138877389	0.266427610980516	31
0.095607448261804	0.245256667451286	31
0.091023118084433	0.325779049117929	31
-0.065970251834888	1.13994628301548	31
0.07181883931299	0.751785592662323	31
0.023466285526335	0.60096958405189	31
0.117095859620957	0.5589986516532	31
0.101333428192877	0.473228466354476	31
0.083157394743951	0.515710792762364	31
-0.067954411988793	0.807473242581704	31
-0.00886809624398399	0.87314063083104	31
-0.115619745812465	0.389812952147086	31
-0.077518496825647	0.724752782444878	31
-0.090660054444575	0.781997870021924	31
-0.038038069729942	0.359858136354049	31
0.022491844832473	0.6409342644521	31
0.087924190410487	0.296044615727593	31
0.026887925412969	0.272213465057962	31
0.055970461146095	0.179839480498331	1633
-0.00834615407566097	0.65146748040781	29
-0.110026933810139	0.87641862962627	1198
0.035508138414261	1.54779278190397	1198
0.055691180352161	0.426437506951202	1198
0.02159983956947	0.413905073573797	1198
-0.000322316980275961	0.37959054039034	54
0.090373951747667	1.00398434705463	54
-0.09825140972407	1.75293602265328	54
0.09014447790297	0.39225272919066	54
0.098148845809175	0.460468182325439	54
0.064981154849414	1.01834022046879	54
-0.106320587237441	1.24243975101419	54
-0.047424286062515	1.40840697226776	54
-0.112759119919713	0.691143565317028	54
0.064890927288053	0.922216730090873	196
0.046913225191046	0.832237660618564	196
0.107698149567257	0.862946012078257	196
-0.011568654786669	0.945455874663324	196
0.047667849494535	0.794815276066395	100
0.083163071347015	0.51514319399048	100
0.118861999721294	0.702870764553782	100
0.104651681991351	0.353271434161487	599
0.016036185293782	0.421939086007823	599
0.052439623956958	0.358118435714616	599
-0.098729629514666	0.503647691867257	19
0.096480954590479	0.290688273236643	19
0.06636867745306	0.418990423920328	31
0.025243500312401	0.686673165965931	31
0.117379345263815	0.494021918108051	31
0.016318359404833	0.640321041472298	31
0.053729556099101	0.498357740213766	31
-0.037765241378388	0.54503477805564	31
-0.035774120796651	0.36176359734923	31
-0.00199309576443396	1.13592530314575	223
-0.061882580542608	0.790714871882626	29
-0.0512606157080791	0.658983120730795	29
-0.079177473110176	0.658566664042265	29
-0.014241895362727	0.586913798998514	29
0.057572968297391	0.389070913148431	1198
-0.083102739519798	0.225844845103275	54
-0.066466620351745	0.427543107485422	54
-0.123727794929051	0.570531391000372	54
0.08618898295183	0.334379240606371	54
0.101223074860762	0.31824795782142	54
-0.0778242943058201	0.43847489493428	54
0.088955821747906	0.294981532967402	54
-0.10727978311076	0.382379075669247	54
-0.057556154196475	0.512287774555069	54
-0.07451065027694	0.5539878836171	196
-0.036064045832486	0.541765437590738	100
0.11133387988801	0.113712652956432	100
0.11133387988801	0.113712652956432	100
-0.092548695978823	0.225931975244107	100
0.101335525528033	0.382945182964907	100
0.05523298783993	0.388559248133622	599
-0.054665849890193	0.299063797909342	599
0.030280671587935	0.268225677691262	19
0.025800105443384	0.274147843318908	19
-0.062313490791494	0.296481963816883	31
0.027210691938173	0.330801510101561	31
-0.097158831217058	0.496623216872568	31
0.09390266928908	0.324633344521087	31
0.029875965454189	0.274655154287874	31
0.039130267553718	0.194509721026511	31
-0.0737611129287991	0.441112096017996	31
0.039576273058897	0.194336937586957	31
-0.060304960899159	0.293045307739866	31
0.047288781032705	0.191911634434993	31
0.115089536983158	0.112348134554799	31
-0.00351167241582995	0.639686940529152	223
0.00842142607464202	0.4898803071605	29
-0.081224434527492	0.554949249465148	29
-0.112470466930435	0.390492418747808	54
0.038321962764617	0.199537160848968	29
0.11239000863255	0.112944560089795	54
-0.087245755730482	0.231819826248083	54
0.112123061494307	0.114973131154919	54
0.011307422387239	0.258343980869765	54
-0.0858598839870131	0.230314192318227	196
0.022179352324885	0.272992334624286	196
-0.045525266429334	0.276871269901469	599
0.027489380813326	0.27240572128393	1109
0.121807559403719	0.175262214939502	19
-0.082065968681697	0.230458165802187	19
0.108280085847995	0.112742150793283	31
0.114823742585628	0.11255724030873	31
0.033454491579599	0.192213196512563	31
-0.063498109897483	0.290267390835914	31
-0.082849608363218	0.228720993086107	31
0.044208243085981	0.196626825000587	31
0.111602139321358	0.115032192174277	31
0.109340394058329	0.112518694557235	29
0.112123061494307	0.114973131154919	29
0.110293549194893	0.112333536245241	545
0.118333470475861	0.109009221620307	29
0.112123061494307	0.114973131154919	29
0.112911801013283	0.112883681223137	29
0.101367665604058	0.112957040771048	2709
0.111080992199109	0.11353931257781	54
0.110813826690365	0.113772710115371	196
0.114823742585628	0.11255724030873	287
0.120960393674932	0.586642728319264	1331
0.085007520113824	0.663036466019158	1331
0.076798761613118	0.673482401071909	2709
0.04363448281967	0.766402158300521	54
0.062683608881535	0.736133097730943	54
-0.110581641265738	0.39156623092571	506
-0.0858598839870131	0.230314192318227	506
0.076899591176607	0.749395970564086	196
-0.120737322632262	0.977729813478217	196
0.076021343740264	0.555197032300103	196
0.104821618898218	0.487152290159153	100
-0.082849608363218	0.228720993086107	100
0.060211625569621	0.783480105589584	287
-0.036605787698798	0.905321743434458	287
0.06965925811907	0.60221832833143	287
-0.035532907100822	0.851245075110573	287
-0.0675382595476131	0.889157428820521	287
-0.121857694108376	0.993619274875565	31
0.073809863912196	0.459265058386457	31
0.08376647395347	0.527552919125169	31
0.026249073113662	0.452902562732732	31
-0.083668742709217	0.226616320949797	31
-0.10516356708682	0.505438910350995	31
-0.034763418926738	1.13246530453391	612
-0.092743896068236	1.05747108952974	612
-0.00390041680555198	1.58243344241688	612
0.023329551665562	0.641210926857495	29
0.096199084471723	0.940725016544202	1331
-0.095822620055053	0.705410193750879	1331
-0.023091014374789	0.64310507152291	2709
-0.045786952691578	0.778920294205774	54
0.08551594321836	0.48086134745827	54
-0.04253065425805	0.921934808776856	54
0.07456724291996	0.468247055481868	54
-0.0672587821574861	0.98578529807722	196
0.080026208400414	0.390840303466852	100
0.100553357573058	0.663627353923696	100
0.091748055852167	0.569751202914407	100
-0.045538601365398	0.629250831503189	100
-0.112617558463018	0.802829941307135	100
0.075698233558311	0.457061357935819	100
-0.077076711326401	0.728297527001668	287
0.103398776574568	0.726452189493607	287
0.058971171611422	0.927037254234272	287
0.042745533398818	0.648510633210557	287
0.00692482567671499	0.531297282829135	287
0.093297644769288	0.297832955046436	287
-0.0000997902321809852	0.809661727994716	287
0.118773555089878	0.337182058363834	287
-0.078056983819436	1.20945666232047	31
-0.062989012096099	0.681420287313817	31
-0.032287710346549	0.454847326833767	31
0.090964150039626	0.290925717303487	31
0.025864421209382	0.898161881419989	31
0.057225196172332	0.652933611635063	31
0.115852842088652	0.587086134182151	31
0.039162035258728	0.557403364893114	31
-0.030687395449541	0.713070191166437	31
-0.00715518034399298	0.605054389457762	31
-0.0602511778550771	0.6030245642871	31
-0.054745724978666	1.04195309459113	31
-0.100504088075615	0.49704758914279	31
0.018178543464335	0.411486981020371	31
-0.105936350361595	0.632461248903612	31
0.038425763589631	0.260660233597313	31
-0.039793719474835	0.363563670251114	31
-0.044588182689527	1.28367942927648	612
0.005383178532679	0.716823546893969	612
0.081692474047742	0.457579771845538	29
-0.00516892586099205	0.534051514549505	1331
-0.099699830902801	1.49274817232462	2709
0.068466124316566	0.871593614880034	54
0.09308638975912	0.521550123849159	54
0.059480629468207	0.808268694392589	54
-0.073687948065483	1.33561893965314	54
0.068108083931849	0.638407199225681	506
-0.089081711059676	0.781798771162218	196
0.099333958344389	0.784650283513193	196
-0.123578615608382	0.692964448861304	100
0.047802970456349	0.424868886731769	287
0.084820227771971	1.01390829396193	287
-0.106903054214241	0.647949226471771	287
0.082723360016028	0.453982850900671	31
-0.035247367000566	0.534017719440271	31
0.090668211376182	0.411004413286681	31
-0.066415572195368	0.822486015799913	31
0.035654685253149	0.43645078075902	31
0.08311952707226	0.423927025541906	31
-0.057806463703726	0.910796722350896	31
0.119802306007274	0.478720809499491	31
0.122146392680816	0.425449549997798	31
0.120738078905307	0.414758736387266	31
-0.105014064225578	0.645678420840159	31
0.067684375761842	0.405003805716213	31
-0.063285716461613	0.606979234003134	31
0.098450827334481	1.31121361676674	612
-0.063370095614033	2.04024043925183	612
0.113612414040744	1.07660322972979	612
-0.031573608830005	1.80223303825107	612
-0.050793374797338	1.48808438555953	612
0.054383344139979	1.23411809536914	612
-0.081959982365597	1.81633526775563	612
0.037777070272558	0.7706116817564	1331
0.018813694321093	0.783050700540028	1331
0.047342442068066	0.608611956592694	1331
0.074049680582049	0.551775653182542	2709
-0.120123022317845	0.978114143063685	2709
0.057731950948684	0.750848571666679	2709
0.00760252120677901	0.910751288436964	2709
0.04231216404088	0.666474889537503	54
0.041334449410988	0.648724481241111	54
0.041348284392745	0.593513588416578	54
0.104903085607161	0.731202960470298	54
0.048259069514887	0.638842079361746	54
-0.039930041086705	0.997313517763878	54
-0.08101200885063	0.773340180581297	54
-0.096397271736215	0.932029317277275	54
-0.02967072611098	0.344352961957699	506
0.089801628949126	0.58261406269629	54
0.00899386497906002	1.00284647707273	196
0.038086165932687	0.323328363809417	100
-0.058199623123976	0.298204316658552	100
0.10710700147962	0.532344574636984	287
-0.057051795251383	0.816537070414796	287
-0.11119314419602	0.904626424180042	287
0.015400366494934	0.529617366900875	287
-0.010780305531242	0.8386980331818	287
0.00439236895018302	0.756662602839725	287
-0.033045451589976	0.800657981907128	31
0.060404515780698	0.608694752182558	31
0.00693975468045699	0.734600162060589	31
-0.038287260721078	0.721871502101221	31
0.026020311796871	0.328401562373332	31
0.108825552393963	0.403736046197797	31
-0.061832572570406	0.673306858404146	31
-0.016035516647921	0.55249339410283	31
0.050914971307345	0.354140806182969	31
0.032751385887553	0.658685134251355	31
0.06320169266391	0.616616928974374	31
0.045653117618068	0.492670903933337	31
0.0168074232678	0.419942251494495	31
0.094179355266365	0.366097919869635	31
0.097174845769799	1.29919598013646	612
0.013110240700124	1.4983073600728	612
-0.069649001703069	1.71810737010459	612
0.056129125896667	1.20345549227209	612
0.095931061163089	0.969109437190343	612
0.00405399101973097	1.12918519420626	612
-0.097031889799193	1.55666153339369	1331
0.099281158643899	0.765130854967485	1331
0.112288649154138	0.395780470072001	1331
0.124695017717254	0.621364420335258	2709
0.026130903026384	0.723207536561159	54
-0.0860745705046529	0.641650584423849	54
0.00857808333219401	0.866191306467577	54
-0.108852742869603	0.772985520123937	54
0.076823049817837	0.429737962374925	54
0.075447271252937	0.852008621264207	196
-0.066626687920498	0.526478393443731	196
-0.098654681294564	1.25168207931143	100
0.106714161891016	0.594935542727443	100
0.111233970053556	0.503116830098253	100
-0.113967343328762	0.555117040075578	287
-0.03680938987963	0.53388424719618	287
-0.00256386419561505	0.671083494050084	287
0.100876095124374	0.385913357363147	287
0.096589732246471	0.32262646584632	287
0.034376737890073	0.873168171255751	31
-0.0889160401824231	0.817473581928134	31
0.108769239595202	0.392874273369549	31
-0.049466194268436	0.617104864367071	31
-0.123184882526174	1.07944744345522	31
0.103825239227833	0.515544498686818	31
-0.0648051359774921	0.942574386484954	31
-0.09844074770357	0.496849427174727	31
-0.0578383318540781	0.514606865223073	31
-0.119034644289884	0.69950560558702	31
-0.017970395236432	0.689681916610433	31
0.092138359242072	0.39437140292659	31
0.09068048264254	0.290247634979518	31
-0.096377636780548	0.742297443802276	31
0.092945037355556	0.296551833369419	31
0.116269164985462	0.673911868597052	612
-0.067067105218185	1.26171925185841	612
-0.034999860631539	1.77094966905319	1331
-0.118950444881212	1.1694427484194	1331
0.037218110363642	0.195360817563378	2709
0.113178841668013	0.36705848913415	54
-0.027342317789171	0.594515741405196	54
-0.00503259429803604	0.58188001380241	54
-0.035161862965874	0.361099673307021	54
0.070731894678337	1.28870704669784	54
-0.031058179834051	0.706781611662511	196
-0.123303618213098	0.575973661422662	196
-0.079420912795275	0.43126204624663	196
-0.115869907484463	0.371970462387977	196
0.092878997348969	0.249082202978825	196
-0.083443133938489	0.873141145507143	100
-0.111479850547205	1.34912086601703	287
0.042011421606407	0.775337338467865	287
-0.089853493025304	1.1432704191455	287
-0.113744768124806	0.806669456265977	287
0.074174078958451	0.671020600950148	287
0.093654800938571	0.994565862185337	31
0.107433918045177	0.99816671803132	31
-0.062820932250231	0.525043940093056	31
0.027489380813326	0.27240572128393	31
0.084428473847232	0.70807287393396	31
0.025199038164729	0.273950616800281	31
-0.034151217597629	0.36496561974527	31
0.00119226686048701	0.630611166007945	31
-0.115310792725132	1.24856954989096	31
-0.120588426452397	1.45531823007353	31
-0.031578341291036	0.634206248185768	31
-0.081499498028677	0.229220728538513	31
-0.118791603208191	0.395094204780664	31
0.00271799884545498	1.00405752388171	31
-0.089071720268156	0.69827551716764	31
-0.036393416548722	0.680199848840836	31
0.066807508794399	2.35843318874446	612
-0.00370150458322105	2.13734018101659	612
0.053157784382572	2.09383553692176	612
0.089349789639198	1.64352521532929	612
0.062215341576603	0.470010004685248	612
-0.081599636522846	1.79940679178073	1331
0.013478416780937	0.89113404880524	1331
0.09657903735547	0.36264832451427	1331
-0.018291053460777	1.06006738419524	2709
-0.00590834234825699	1.27730645466241	2709
0.040913499895991	0.560402249575858	54
0.091757139930937	0.364895048568081	54
0.119148511735344	1.04842608320148	54
-0.080047982186594	1.12889155186222	54
0.063047886945025	1.05049064952656	54
0.092917424072802	0.364931145978109	506
0.031792455807887	0.440673727053496	196
-0.056036296515409	0.907194195904571	196
0.074077206302881	0.934747298811173	196
-0.0817486930461831	1.62891823026224	196
0.091172980701516	0.594679906954889	100
-0.073572292196423	0.647793245589151	31
-0.105199624694534	0.643779952417198	31
-0.017621379806092	0.402798064919067	31
-0.038782512428739	0.544033931124843	31
0.09413431041376	0.243740487271582	31
-0.122828530971226	0.953216002747163	31
0.087534195418652	0.583097011658895	31
0.095934404025223	0.285263308580116	31
0.00312129209344397	0.5515782963514	31
0.028276575564105	0.790912273675892	31
-0.084597100212056	0.440704958075009	31
0.068885067528968	0.583802172352043	31
-0.02339460382207	0.802083011484578	31
0.101223338936541	0.320698905202779	31
0.023706144031034	0.582287095374984	31
0.074672576895207	0.42752279158638	31
0.023833728425157	0.326094366677109	31
0.120383339641225	2.43247119379001	612
-0.03340041739691	1.96637296467838	612
0.01169776925811	1.16279245413535	612
-0.0773057336872111	1.92393411238246	612
0.013927600505592	1.04955193621256	612
-0.121095195077519	1.47967427137732	612
-0.074644286060451	1.05694950768465	1331
0.052161339198971	0.737271246701437	1331
-0.115137242894463	1.1102417491572	1331
0.084667649935829	0.777489397215842	1331
-0.023658689616757	0.980572150732307	29
-0.021270805128241	1.04903616806811	54
0.103810739634719	0.409315479740489	54
0.097492458025091	0.386287147542407	54
0.065616352031354	0.416368249311572	54
0.111044561818419	0.426902671113377	54
0.079011590270423	0.69096005604428	196
0.089209554110966	0.561415429267574	196
0.047523462332102	0.195197901983396	287
0.076147588418956	0.520056329986986	287
0.098019012677856	0.663841241649219	287
-0.087966630595515	1.22866673433557	31
0.069068710359731	0.661048221501184	31
0.027353855970502	0.74495110477075	31
-0.00124030192812097	0.820214051932044	31
0.045858553774855	0.577991096882615	31
-0.088478122362851	0.223812508447426	31
0.069098798074287	0.404813759750109	31
0.121760947439641	0.497427803961058	31
0.020843922914234	0.518093977028736	31
0.095879748387682	0.3633027339021	31
-0.113671244123884	0.555446929329089	31
-0.036305455468555	0.463262329467972	31
0.102563070977228	0.414481269216233	31
0.101307388028509	0.242031464370545	31
0.052336177855489	0.524870320758161	31
0.034888316427181	2.22425901429711	612
-0.0279296442358939	2.42338222037194	612
0.059086692515127	1.02566825271122	612
0.120283540467141	0.78042877705343	612
0.123712468929867	0.721983294600586	1331
-0.040755622206231	1.02579760179239	1331
-0.091826993784549	1.23887260324525	29
0.085241483571084	0.485188645957688	29
0.051595864322838	0.635370558531054	54
-0.05772241266572	0.669810499920612	54
0.077405429454928	0.625222738738958	196
0.039201337303626	0.80327293979085	196
0.035730384857113	0.568705043322653	31
0.077667830910735	0.620519665751873	31
0.111733055908759	0.597914597422103	31
-0.122409899983862	0.704053634680827	31
0.025038813463039	0.33035561789067	14
0.025101014866395	0.636135618396397	14
-0.034256962302755	0.891409715200632	31
0.068024169041002	0.557595645821065	31
-0.024421321680527	0.620514796643276	14
0.103485522030278	0.408228862762405	31
0.043573186437209	0.356783596792072	31
0.061693191315652	0.387303792362165	31
0.103577266957068	0.237469122982584	31
-0.025783991070941	0.350703177362599	31
0.113398532806809	0.368262383929344	31
-0.069887014313305	0.722117081953949	31
-0.075788220581425	0.43024792935348	31
0.123765284882703	2.05514969231726	612
0.023526263287703	2.21125593197409	612
0.121886026143591	1.50544478621011	612
0.067367285444646	1.21396838809928	612
-0.012782350327169	1.23932465886407	1331
0.064760292927117	0.696127226068251	1331
-0.041483569328444	0.613899958704213	1331
-0.085407959000548	1.12601198512628	54
0.104739770551727	0.317259816874405	54
0.067697886418218	0.528074863448554	54
-0.119984300500384	1.10140874102681	196
0.054518421677851	0.990460967874874	196
-0.00580329596475804	0.395185955696845	287
0.089230488198217	0.734579000085543	287
0.025499851615147	1.02927275653627	31
-0.031045369717811	0.891747519031545	31
0.036844441524602	0.935092029208321	31
-0.062857346009862	0.522236549714803	31
0.096500610145857	0.240802876062946	31
0.107204934001325	0.311463307042534	31
0.038321962764617	0.199537160848968	31
-0.0693942691795431	0.438174352382618	14
-0.080551888366701	0.225643184038845	31
0.107198345220075	0.372967986527428	31
0.029782148452081	0.263777646112705	31
0.124876334787902	0.341494444918684	31
0.012861383635066	2.32275145314585	612
0.078713041539423	1.63008312431462	612
0.112991377211422	0.574391084272969	612
0.0978821550636	0.999703114105522	612
0.0000561479256709907	1.13730467490408	1331
-0.048139757477946	1.02436864404786	29
0.042708173267822	0.504502628318249	29
-0.0956559787993701	0.504148114993844	506
0.094007293963801	0.552038107965899	54
-0.063299976852817	1.26224544846644	287
-0.0807417768971001	0.228548754592648	287
0.100590131121244	0.114938505707066	287
-0.0268524328872271	1.07781250498101	287
0.016208388230257	0.82422459980942	287
0.089224960764564	0.810149888277754	287
-0.012968802011972	1.0059077819711	31
0.095565298486068	0.291344722973374	31
-0.038050669314334	0.545205207744362	31
-0.009559653499011	0.397528848049272	31
0.043415611281046	0.197922002730223	14
0.122734618711781	0.442762440495681	31
-0.113109129427894	0.398024768391552	14
-0.081018791707943	0.937819038208095	31
0.068907035227452	0.475891792352039	31
-0.124092835167861	0.578212033412051	31
0.083086049428729	0.88114415733897	1331
0.055241040242744	0.909571191998654	29
0.069322986724188	0.814808537409767	29
-0.034412347558521	0.363600525681166	29
0.024862668100639	0.851449878116754	54
0.013971024715584	1.10653399490381	287
0.00289371207232902	0.790766815767098	287
-0.0858598839870131	0.230314192318227	287
0.105054262283189	0.723549384597437	287
0.115059278616952	0.737107216274917	287
-0.104981545076478	1.40505472686212	287
0.122991761608394	0.747205673215146	287
0.081993745554186	0.723860959929743	31
0.118693125724026	0.455241899395084	31
-0.082065968681697	0.230458165802187	31
-0.0842349550200731	0.22607389427452	31
-0.111868744656163	0.908576318248425	31
-0.053717899617387	0.294636146973436	31
-0.082065968681697	0.230458165802187	31
-0.053363614080398	0.295147794011653	31
-0.124283988852793	0.567001586545144	31
0.054061460891204	0.39743549047594	917
0.122484222112638	0.443103319509226	31
0.062099352962932	2.24828291916015	612
0.05620296189819	1.03651789225565	1331
-0.09221024635036	0.727022102117645	29
0.094168950380157	0.29383436612224	29
0.110825178608657	0.505462353563221	54
0.094183819175777	0.626392597458845	287
-0.062753686716179	1.07677646720614	287
0.043973464457907	0.197417117370018	287
0.115347306613337	0.110954114209396	287
0.085166756507368	0.299462527830005	287
-0.113060585554879	1.37294735645446	31
-0.011138179318099	0.915889889130743	31
-0.117768598036768	0.564578600370315	31
-0.030826734031399	0.3598151407103	31
0.042348596105899	0.367255626461353	31
0.044531112100656	0.196091216271099	31
-0.042010898181901	0.620898605150193	31
-0.114710498939498	0.391246202656633	14
-0.064910356812243	0.946825565355032	14
0.035546258841623	0.329861595613118	31
0.031712243573031	0.689078295575423	31
0.094584567540051	0.286516726228818	31
-0.00674187795535997	0.388448804512774	31
0.087004568068359	0.298041650150855	31
0.094955693807736	0.291620726098199	31
-0.115557640792058	0.39086116919788	31
0.065566651952569	2.02753294223216	612
0.122822991777806	1.12685758422604	612
-0.114968679040224	1.24599308262035	612
0.097371616909157	1.02916870976452	1331
0.12101317214297	0.876527372228413	1331
-0.081832640102569	1.01534996220066	29
0.024218044343624	1.1645981053325	29
0.039678786083603	0.873568668485098	29
0.026668556097819	0.769399344672566	29
-0.096137072366566	1.49897958687143	54
-0.096814869121537	1.62189344240447	287
-0.044139839236242	0.874562435035183	287
-0.059736216006932	0.291726413727981	100
-0.044684256160326	1.15638327902244	31
0.082062529419613	0.542044952918459	31
0.04115486652709	0.471618684948022	31
0.097050307684619	0.320864398671242	31
0.044919458505829	0.49629092813975	31
-0.053281948100436	0.281813776526238	31
0.04204828627404	0.804604619321005	14
0.03580013505482	0.26552471507547	14
0.04039640791338	0.60076794001355	31
0.06983732709504	0.372869304767977	31
0.04262280560762	0.197815059386246	31
0.081087368313397	0.539078063880085	31
0.083450751110618	0.695889611507945	29
-0.024582000808561	0.938066077004487	287
0.043711630492489	0.789880729591005	287
0.116120580679009	0.51849632830489	287
0.03213326877853	0.259344785212842	287
-0.07516523238347	0.438390759809923	287
0.11133387988801	0.113712652956432	287
0.050124717475325	0.918939120358475	287
0.047096871406043	1.02426753382106	31
0.101640746829472	0.824974913685872	287
0.048315648015441	0.194652911614615	31
0.120159885458294	0.369149887082508	31
0.07942433796804	0.487233572479329	31
0.030477737694528	0.274037065143796	31
-0.036391260956127	0.456502601223404	31
0.039225896545567	0.457071167586039	31
0.104849317345532	0.383621721332233	31
0.105873238954734	0.436767085618761	54
-0.079985477202539	0.224463114819652	287
-0.081756082135475	1.38675599219316	287
0.096931016795623	0.896830777255504	287
-0.061952716998537	0.524056074093996	31
0.046079388121772	0.461544493069815	31
-0.113809796666681	0.38784592285288	31
-0.055248276616239	0.299230658919866	31
-0.045715931140548	0.285678775201577	14
0.039672857206365	0.198570892006803	14
0.1000903347389	0.387434406027519	14
0.088234333706578	0.676322598543369	14
0.054195807661266	0.555973013052057	14
0.094547585649699	0.249687471354233	31
-0.05068823205845	0.55000550277284	31
-0.071706220571736	0.437034755499899	29
0.032073591528993	0.256495675744261	29
0.059594278935973	0.390301777957123	54
-0.049693898614995	0.286254713666957	287
0.111357892306346	0.873349897597349	287
-0.078451236710269	0.2204881926754	287
0.037993939423732	0.199032119088873	287
0.117120543235111	0.641120495082094	287
-0.077282050292673	1.57473745110518	287
0.100071547175255	0.702897605620965	31
-0.086426040214859	0.23111507384329	31
0.095086100717243	0.248535876017959	31
0.048315648015441	0.194652911614615	31
-0.057558196294346	0.294997461475723	31
0.100152178706093	0.608552803180388	14
0.038881383185385	0.198462405769007	14
-0.0807417768971001	0.228548754592648	14
0.05092134468196	0.355632300875204	14
-0.121574068330533	0.573358024257655	14
0.123712294847965	0.995068087040583	54
-0.070939401452537	0.520663526741749	54
0.044793351500267	0.366454498382034	54
0.103497102424039	0.237715088427232	287
0.060756884849438	0.388971428296221	287
-0.024497064263117	0.733728607573118	287
-0.086113553611644	0.22793864773109	287
0.104067318522614	0.112367205626376	287
0.040464151037934	0.197285393192558	287
-0.061802905509333	1.13724788404018	287
0.034471381493728	1.08181000417497	287
0.076169901261857	1.03752563321345	287
0.122296912290409	0.472881420610233	31
0.112969204459868	0.336092283140503	31
-0.038134918452702	0.362393353851191	31
0.01503257868038	0.425335495635126	31
0.10352982461802	0.112526825733564	14
-0.077546775909522	0.224430578335701	14
0.0893627624258	0.697226915263677	14
0.121294901098896	0.446529514728191	31
0.036033651816693	0.438098248041739	31
-0.099639948699215	1.15599047215017	29
0.020953454103871	1.07507435268007	29
0.043565638980253	0.534248525917279	29
0.030592619785414	0.261138309182658	29
0.02459538349905	0.55090968917025	54
0.073034154814821	0.886282322178224	54
0.07063383568776	1.08257438398895	54
-0.075071033579618	0.437213387638881	54
0.121067134299477	0.793364115400115	287
-0.049789768722568	1.10118612546536	287
-0.081859649670027	1.29529724999793	31
0.09214661791695	0.289315732517123	31
-0.013737120437078	0.551556527594203	31
-0.0144234312168821	0.486395100033283	31
0.016161146542656	0.416542974043564	14
0.111867990649127	0.111527541388821	14
-0.119912084930526	1.31244007073807	14
-0.083046650896436	1.18849220111737	14
0.124858928488101	0.408406952847124	14
0.11239000863255	0.112944560089795	31
-0.028940378901508	1.8335427655474	29
-0.07214687015792	1.30579554977526	29
0.095423510313682	0.24826351092798	29
0.00455154071429498	0.501353435095959	54
0.050616360026686	0.356241762288901	54
0.032474741151062	0.326113919951081	54
-0.058030691181527	0.293800994746215	551
0.06507643304584	0.692221223308482	287
0.09670906285766	0.876550613022731	287
-0.049106291749406	1.35055420837088	287
-0.077239286016319	0.226197788327762	287
0.043180646496689	0.197311888785559	287
0.036410884853493	0.196466634769974	287
-0.10972401114544	1.67963181469942	287
0.112616358209257	0.908192571925665	287
-0.103205500989683	1.77079856854163	287
0.055803482909513	0.351365072834532	287
0.120040826321967	0.724445561720476	31
-0.077070621798664	0.668027471510782	31
0.033338874368242	0.267756929703468	14
0.033761718497467	0.26144010689874	14
-0.0895317737225691	0.221763724815001	14
-0.009201854640423	0.511909459364808	14
0.015528467922177	0.426388593916809	14
0.024129536376165	0.583961246998551	14
-0.058380146035222	0.296788852974572	14
0.02773307927447	0.269452337682965	14
-0.054631541289429	0.502038315957628	14
0.048465017210662	0.488202322667921	31
-0.037622717914198	0.449747971689204	31
0.043216435166805	0.19638023438628	31
-0.0189902816406869	0.636092919658077	31
0.01545262399378	0.673649689061214	31
0.065433094491518	0.381637666051053	31
0.072335522692567	1.91470816455964	29
0.074294976233022	1.1704303058006	29
0.119400151839383	0.727222992095346	29
0.035565426869188	0.875587545631026	29
-0.063337490239507	0.512163859487527	54
-0.0180962496685	0.628049100618149	54
0.036130613606732	1.07554895795246	287
-0.041706142963278	1.27000110624937	287
0.06937390196992	0.984306844832063	287
-0.0846707999713791	1.53452893548033	287
0.085426355304728	0.677392257249135	287
-0.100591399329653	0.505027103661275	287
0.027760026665042	0.325313410953376	287
0.12486080357826	0.176396462973594	287
0.037550088005272	1.12986808830331	287
-0.062400079909222	1.29044181611096	287
0.095589312789626	0.817181994236969	287
0.034340785396353	0.916801333380155	31
0.019738533283927	0.588470054163232	31
0.079538801817806	0.513082503801312	14
-0.060023065320904	1.01879624914075	14
0.070557337438331	0.476361299466704	14
0.038440509156817	0.892529419263481	14
0.032744327873037	0.331702468239731	14
-0.061899022797953	0.917638136286476	31
-0.048187247992618	0.75383272697706	31
0.033137595173372	0.432450357402384	31
0.101339681018435	0.512640108959297	31
0.106330022428805	0.506719556832207	31
0.115922473096586	0.457118700171164	31
0.088065505502338	0.893538858641839	29
0.057924648295911	0.910914922137716	54
0.05473331862804	1.14417916197956	287
-0.026925297946879	1.11336732719614	287
0.041788687537527	0.993954429926698	287
0.041730992602812	0.890638682896703	287
0.114917522534548	0.877286917691734	287
0.065805605442715	0.420301167201786	287
0.111403613270715	0.370033029606072	287
0.103964095968044	0.845617153307044	31
-0.0317337997941179	0.843793483516595	14
-0.000920350962245964	0.666386599422763	14
0.107796381946965	0.555622562129095	14
-0.098263151488825	0.871386529238644	14
-0.058561810045197	0.741170358733919	14
0.116232746585243	0.580977846947988	14
-0.079010966836719	1.07554369047188	14
-0.0943517324463961	0.808756234093498	31
0.043470860873842	0.504942937219613	31
0.062446319217346	0.681229067565276	31
-0.035722321993966	0.680630594166729	31
0.100701294004495	0.479571293423549	31
-0.071543582324759	0.638305584884971	917
-0.00141117881194897	1.17333953665645	29
-0.017190688333215	0.560597114275886	29
0.026958013721352	0.447880466434552	29
0.118924943157527	0.627396301602033	54
-0.032602976183674	0.533043839122681	54
-0.035920616424072	0.447499599870482	287
-0.0506287962442969	0.294429831397353	287
0.000741346005819987	1.19976784772933	287
0.012906253847387	0.969647777726773	31
0.072708355075895	0.765636928995594	31
0.055803482909513	0.351365072834532	14
-0.00158105663131203	0.577069066389232	14
0.122951696649382	0.395627968049326	14
0.012519749828761	0.818284384776573	14
0.05096103285807	0.81794839935068	14
-0.043810565415267	0.466752215053684	14
0.015120033154078	0.583426408957589	14
-0.111733059798795	0.775842439442627	14
0.039706044412387	0.496404952602795	31
0.089767051324466	0.574277484517985	31
0.123434959780672	0.444910998512899	31
-0.047783905275244	0.612326157531764	31
-0.060116396179878	0.844974632744776	31
0.1173619369823	1.62404044666324	29
0.120894308499383	1.00119201205788	29
-0.01034087809929	0.466847673855556	287
0.091962315160452	0.425842497372866	287
0.107306876356177	0.524554679426462	287
0.066749666920263	0.499219313178543	287
-0.120976686547967	0.572667536836191	287
-0.063364226557093	0.523371339783646	287
0.023091380711904	0.450529442934375	287
0.012212448427283	1.29121268530462	31
0.111925988283567	0.59764505926473	14
0.00769721074708202	0.686675614009541	14
0.073119756415392	1.01257460377597	14
0.095535179966174	0.448392212222259	14
0.09360236779176	1.0403471435914	14
-0.0858598839870131	0.230314192318227	14
0.00614113205577299	0.553675993184738	31
-0.022496943562045	0.966009562896127	31
-0.0805117434946681	1.17756718920165	31
0.016664725762512	0.598796230449204	31
-0.032710310176111	1.84848721895376	1203
-0.079992253502023	1.58286584136659	1203
0.123687123645488	0.651923484469418	1203
-0.029249575284074	0.992312008684693	1203
0.062143816386692	2.01330542134902	29
-0.00810742621999605	0.914207086447479	29
0.012231395304973	0.7135120044483	29
-0.007146847485899	0.7685516711774	29
0.00670026562229298	0.695126805842112	29
0.067305169402339	1.45541618231459	29
0.045404153284512	1.06074139167906	29
0.036930870072862	0.59482621068693	54
0.025279579799932	0.539499012905224	54
-0.011261442388539	0.942968527152518	54
0.111187843574627	0.881035994064143	54
0.076761736416781	0.548115274073344	54
0.105146526978305	1.00725591016736	287
0.083033668105431	1.19608444281404	287
0.122462992484966	1.31450684720138	287
-0.093968269492956	0.707726014802689	287
-0.083592975201265	0.776272966241518	287
-0.111017529300022	0.773507337688978	287
0.090842631672423	0.819147786272182	287
0.098652862055924	0.617096278033456	287
-0.09828633422566	0.937120298364083	287
0.012330951680014	0.586845601608583	31
0.052524130600281	0.72548497943872	14
0.024746122301444	0.978722479698762	14
0.028301672797578	0.842982472475111	14
-0.103112199106614	1.13999540187502	14
-0.022643983846385	0.819497429178933	14
-0.09133859624788	1.3800555583583	329
0.068404956922772	0.842567175862119	329
-0.052592455014037	0.502341388483155	31
0.087815804754499	0.815652353671787	31
0.091573732287282	0.33545826849571	31
0.073638619735623	1.60193889075861	1203
0.016530221372762	1.66093972062999	1203
-0.026186378299616	0.704851955503467	29
0.087422081718398	0.903972473921999	54
-0.03288978023143	1.13820299949884	54
-0.069037312542697	1.4392317680766	54
0.124457836988325	0.705837670348421	54
-0.0587189971321001	0.706534238803207	54
0.121414011044732	0.693382913444787	287
0.114241533900869	0.778360385137014	287
0.105099720313499	0.899552346887193	287
0.040365794256371	1.00471146371736	287
0.103067657892199	0.837896011134152	287
0.097021382667809	0.24351710438021	287
-0.00470509429520905	1.10482697202807	287
0.096979669588701	0.881355595765324	287
0.123399330880799	0.653769537318519	287
0.093917660458222	0.906784751754958	287
-0.013858849891661	1.21849842874814	287
0.104301911596201	0.808792598627151	287
0.077838550678642	0.702175262736908	287
-0.122143985558047	0.843241678091617	14
-0.09781592700376	0.712337877714573	14
0.091639836550199	0.467352224630537	14
0.085933824472359	0.614868772322846	329
0.11949187551139	0.665198432611293	329
-0.102432802459549	0.514638354408361	14
-0.014308041708133	0.777509938849409	14
0.05032879560014	0.736214255354657	14
0.039049155995848	0.507199541479653	31
0.013308166390373	0.589689665286819	31
0.073501833023348	0.59694799517392	31
0.077938857499493	0.574033197185737	31
-0.025352170020051	0.783689296819383	31
0.121189396671842	1.81644451769603	1203
-0.02590210559926	2.11958613798858	1203
-0.00240731719860399	1.3050135614268	1203
-0.08594470079331	0.587661823544682	29
0.057572361809324	0.389965251975625	29
-0.0547448274637941	0.294858265108523	29
-0.0827554484402761	0.441961613307807	29
-0.07304387363079	1.77300340990428	54
0.06583689176137	1.00067523985517	54
0.077940285370097	1.00744414260154	287
0.069694486528358	1.02653537670094	287
0.121576794518621	0.174864355654995	67
0.115347306613337	0.110954114209396	287
0.023629895391514	0.271592199355168	287
0.107459339714931	0.584560699331201	287
-0.085062731220998	0.576787774962992	287
0.053389737670644	0.880261495432033	31
-0.036540257043711	1.11709632023015	31
-0.043195783773035	0.348648846692166	14
0.101691256211796	0.388865037235704	14
0.030390789325473	0.264739296190011	329
-0.097784724560235	1.19526314925667	329
0.110859323872536	0.721202016499741	329
-0.015170777725759	0.774546456565841	14
-0.119738092254547	1.42716526654852	14
-0.0829291807293851	0.769439834563569	31
0.090784881878907	0.360281084278508	31
-0.054274910770202	0.583848405065635	31
0.067073145521523	0.777704429741841	31
-0.011073171260763	0.722036998973816	31
-0.049456749474465	0.688163673011054	31
0.115037406408814	0.608121337790929	54
-0.083786105355451	1.34044643960954	287
0.015676026688219	1.18173814208424	287
0.115039370566037	0.497789460610063	287
0.048695970268917	0.607542342942462	31
-0.051798545257765	0.57664608870014	14
-0.039904269620528	0.468029776770205	14
-0.101040742861491	0.866385872388275	14
-0.01421902624029	0.400823433410288	329
0.052150427478699	0.923745198303076	329
0.106826290518251	0.760922189802257	329
0.02266440823715	0.606560072422347	31
0.051749706090563	0.391991786175353	31
0.02943875680719	0.268507152760996	31
-0.103076472313512	0.660709370879781	31
0.103410419119581	1.69841977836674	1203
0.0374311243294	2.14519008500439	1203
0.123183908805755	1.02905041657311	1203
0.050518884409658	0.531826241285659	54
0.094211577248711	0.294650456746033	54
0.051063520992505	1.20308384962109	54
-0.070382769013565	1.49616492413793	54
0.121807559403719	0.175262214939502	287
-0.114799679510466	0.397845510621254	287
0.049852410697922	0.88707769614206	287
0.078208038353183	0.883674577884456	287
-0.051760263698163	0.872892953088745	287
0.030923451986071	0.265935630561575	67
0.059555307497817	1.10641173598686	287
-0.063397309660487	0.527250933545545	287
0.089585780625021	0.387215956566844	14
0.096835326489084	0.244768098718742	14
0.052896924109588	0.822687235661549	14
0.099196097838374	0.279741935887159	14
-0.087374668372276	0.589675826989109	31
0.035593749522853	0.195917691382503	31
0.118754257261655	1.06212952031423	1203
0.040581325838321	0.724684119285668	29
-0.016486213181853	0.484402498353204	54
0.069018382699836	0.534175514427174	287
-0.054311925361037	0.291795517563335	287
-0.082849608363218	0.228720993086107	287
0.040992702516027	0.942159623318348	287
0.095127518918583	0.326381747405302	287
-0.056007969123363	0.29588179193304	287
0.065972156855411	0.831936347661807	31
-0.056378820089194	0.91197537977848	31
0.062828739504115	0.382371634169144	14
-0.04189945680061	0.362657376298611	14
0.104977012336617	0.457728854465459	14
-0.118317086496072	0.395650561855662	329
-0.086933810661484	0.225009301613626	14
0.112553075786209	0.691309952659484	31
0.020790236225198	0.509303682900988	31
-0.062113519528368	0.743488669377612	31
0.077818108886366	0.421617858233245	31
0.043415611281046	0.197922002730223	31
-0.112475275757255	0.775806638468011	31
0.059708008799168	0.659580158843055	31
0.077100148873249	0.686677125670735	31
-0.022900919604056	0.87314756467782	31
0.016221680354466	2.45263728870322	1203
0.041049302022457	1.67428174258845	1203
-0.039179648245896	0.36231999071068	54
0.061938662490098	0.417372773321735	287
-0.041847076520849	0.467108013913291	287
0.056740923073057	1.32804157291625	287
-0.027116127460174	1.60034005331626	287
0.086431893045065	0.965773968895721	287
0.042686397539725	0.699116405952679	31
0.026567549868597	0.496871310243663	14
0.040810368185161	0.363818375801905	14
-0.053026573409094	1.41302545677286	329
0.10338130026159	0.513231695324548	31
0.08492576796582	0.540909642879714	31
0.087068494502628	2.03966253796059	1203
0.048304158735268	1.72851023231247	1203
0.101865692644604	0.873425583949208	54
-0.045794174636237	0.61938987093835	287
-0.049474084052807	1.66479338297985	287
0.048638653923073	0.19097738019263	67
0.029826417283929	1.07519246182714	287
0.115979702230268	0.884099421894213	287
0.115703549390143	0.816891985460241	14
-0.124371256113496	0.389600698235032	31
0.102508047423626	0.323234755737733	31
0.083535726519326	0.456196234718113	31
0.119623482440086	0.175702099840956	14
-0.072997841217237	0.651338930347539	329
0.075516988779104	0.785344113345812	14
0.03457471456598	0.194615480412081	14
-0.090937438627492	1.2860320153934	14
-0.0191734819410601	0.699528328335395	31
0.050055979300184	0.595622547201445	31
0.099132187722533	0.354787511731014	31
-0.075702545347313	1.0118378577198	31
0.097147247439286	0.671775029886663	31
-0.013280260312755	0.40044368261243	233
0.096236402011807	0.519894013464694	233
0.019689487620436	1.99677537243341	1203
0.097736550726202	1.39138072080691	1203
0.043775890027703	0.749792960074398	54
0.117619231465306	0.538405507824401	54
-0.023800803093701	1.17025805819136	54
0.074126756062661	0.854472998324633	54
0.087921655915817	0.296217464313176	54
0.054068081790328	0.634540468742399	287
-0.049377421381432	0.547362124323799	287
0.023333513953208	1.09465676957481	287
0.031550731344371	0.33204736367152	287
-0.076453270987813	0.437863142335527	31
-0.071183725424347	0.644033675667515	31
0.065081718850724	0.419483687313031	31
-0.00608365641227604	0.389403712531795	31
0.11133387988801	0.113712652956432	14
0.106895142792059	0.114065326676144	14
-0.076982125918146	0.224335136500647	14
0.022892939532339	0.269677965359342	14
0.045562100774102	0.674050654346205	14
-0.0525819185331	0.48420998752624	464
0.025224532688449	0.629440390322089	31
-0.0510168792649191	0.735808982970952	31
0.010262500745337	0.423451621589666	31
-0.121913194266658	1.04181725565173	31
-0.085165353638372	0.655232180270378	54
0.116153861765071	0.782339219006194	54
-0.103080958699207	0.504438478067582	287
0.00241178050512297	0.66704135125529	287
0.060452355251334	0.975510389637216	287
-0.081985399256062	1.68763782328381	287
0.053013996292102	0.726242486747896	287
0.029530109279599	0.447608676731968	287
-0.017531204117438	1.18764441668954	287
0.11463908733201	0.792210147127724	287
0.11561420249907	0.11228656899571	606
0.114564643625589	0.110937634837806	606
-0.063670553554951	1.3546677277828	287
0.040783393129575	1.13490728740002	287
0.053053903156645	0.359918935014443	287
0.096992297905587	0.817863303870764	14
0.051819338216307	0.360090031254019	31
0.043738281853249	0.195991543635569	31
0.00219161487907799	0.486641681089699	31
-0.033318253787052	0.360091902148075	31
0.044766108565605	0.196127072599956	14
-0.10930761866323	0.764499004974861	329
-0.083595076390453	1.21024402199815	329
0.047757731573655	0.195150846424252	14
0.075515534771077	0.814094865370609	31
0.00195785903234902	0.599729921802413	31
0.091981756347349	0.362017931705028	31
-0.106435566446962	0.510620904688125	31
0.111602139321358	0.115032192174277	54
0.060730298886494	0.422214853945919	54
0.117750033238647	0.785104416691775	54
0.023957149662502	0.269484315726671	54
0.08805333334488	0.8101722247489	287
-0.070815469940558	1.27272669156125	287
0.105855485888929	0.113658744219182	287
0.040234181281016	0.95628796276888	31
-0.010653071066811	1.25326835631812	14
-0.108129036259938	0.385279484676354	31
0.038553785579531	0.19980113560382	31
0.114823742585628	0.11255724030873	31
-0.120611712033451	0.394556734973554	31
-0.049826007178829	0.294680286074608	14
-0.003864833080784	0.892253971552982	31
0.080587175729524	0.471256330646704	31
0.010893660701132	0.42889196413571	31
0.056418142298918	0.349938536018186	464
0.064434487512908	0.336414563922454	31
0.05948167187229	0.570829607813051	464
-0.08560696829641	0.226950352918593	464
-0.049636246801382	0.795321712252662	31
-0.02108369614315	0.812947056476972	31
-0.08507938135919	0.689383245683399	31
0.077938471752338	0.462466542695676	54
0.024561340724189	0.26927257501933	54
0.015360320317976	1.27883019032921	287
-0.076609849197564	0.64330164181142	67
0.074867285312771	0.486111602297137	67
0.112123061494307	0.114973131154919	67
-0.082258634579743	0.226170400043011	287
-0.086113553611644	0.22793864773109	287
0.118981331502409	0.628090354976815	287
-0.091169398800663	1.43494924801215	287
-0.064164599407134	1.30915834059049	287
0.112320193180072	0.942057478582519	287
-0.042326113797624	0.667677513733523	31
0.106268307939932	0.34685681437511	31
-0.100910050832132	0.510720644809938	31
0.111853708958516	0.112088272718431	31
0.038881383185385	0.198462405769007	31
0.029032024744205	0.273945687653896	14
0.032918283059979	0.264065078229674	329
-0.046745204605271	0.282950379140623	14
0.099732788539837	0.244861800204317	464
-0.095376370611869	0.908195657272454	464
-0.082681083890096	1.09661700069198	31
-0.099025211306159	0.828615945351928	31
0.102410785801078	0.342549892842663	31
-0.080210377681093	0.439571613103666	464
-0.123700369020213	0.917819462513678	464
0.102584014677911	0.409319513488609	31
0.064544659306661	0.374153685779275	31
0.096621513125003	0.601655732613578	31
0.099364218007544	0.239951352659633	54
-0.049469939624311	0.292378578259026	54
0.009052795657564	0.737253515677462	54
-0.010700896664654	1.16165664598021	54
0.062288771096816	1.09282023226996	54
0.066116249315525	1.11555021060257	54
-0.014101364205654	0.84223679566219	287
-0.016029739254467	0.617017056687403	287
-0.012672385763341	0.4792915185686	287
0.039694522142814	0.558994579049722	287
-0.049246193511319	0.294096986386234	67
-0.032640563750042	1.27266863508678	287
0.109824807080687	0.794275705000112	287
0.082581025367645	0.863780439506484	287
-0.074811172208445	1.41375180812433	287
-0.112273693937587	0.550686547551627	287
-0.114561320237615	0.400474502838977	287
0.033202008261151	0.571502615737071	31
-0.030356155221518	0.449209005863883	31
-0.050406054081796	0.294423790908254	31
-0.099362476291905	0.501222727954882	14
0.100605526054927	0.244001362475462	14
0.096921060662298	0.249947639727929	31
-0.082849608363218	0.228720993086107	31
-0.073358855198465	0.648171541163158	31
-0.091419910985844	1.19591401022352	329
0.061341801160522	0.423144428079272	464
0.064917618814233	0.410639037326356	464
0.040506245116821	0.63759147348236	464
-0.105915891447264	0.534657592845984	464
0.057329341935108	0.346849166501848	464
-0.014106640012814	0.835211071271804	31
-0.011711472864499	0.597462416445149	31
0.070757042950039	1.01051626843747	54
0.094076052778769	0.988147689640602	54
-0.056120534243561	1.5580347727511	54
0.039539765678079	0.978966967890254	54
0.038881383185385	0.198462405769007	621
-0.09009914022536	0.22419280428619	621
0.117839422240635	0.834707490082623	287
-0.107651188578109	1.04703530266927	287
-0.119970315212541	0.647777906598566	287
0.089620289515268	0.863789874341826	287
0.097457650303013	0.7967198102256	287
0.00311271928108903	1.28750405066756	287
0.018677054625096	1.23647678138727	287
0.09037326003946	0.879389225440612	287
-0.117936704023146	1.60365945968837	287
0.093445136865197	0.744263516278566	287
-0.0321544535901041	0.600207333061835	67
0.00701788245129698	1.10954896281131	287
-0.064362641058913	1.31138646761913	287
0.064185145924635	1.02806071297784	287
-0.062565903347438	1.33816900580851	287
-0.091196337682788	1.4537475082689	287
-0.06712558593176	1.30996696451568	287
0.10753667315085	0.656996010105258	31
0.100344969253027	0.245284685700402	31
0.062762460970319	0.415640632084788	31
0.062919980045836	0.767750012514477	329
0.038176048769736	0.88264748391376	329
0.106112415250477	0.116155148037716	464
-0.00622105921986804	0.799936996757383	464
-0.119108918478361	0.820576588557725	464
-0.078626069644499	0.225308110829672	464
-0.086914565087109	0.948526549290829	464
-0.020892218519045	0.564506968508885	464
-0.098031556007689	1.88043811535308	54
-0.069040445934386	1.51690573379164	54
-0.00739988292180605	1.26658878580268	54
0.00656567621037202	1.24438591207666	54
-0.114192597850864	1.48520136232213	287
-0.043146569123125	1.48810810788397	287
0.047719287652719	0.928979191421251	287
0.111602139321358	0.115032192174277	67
0.021801541548641	0.269096938897138	67
0.070141704632343	0.375089840529807	67
-0.015481910150823	0.401179515096627	287
0.104041650125333	0.780373710866556	287
0.002575326536772	1.1754120173508	287
0.05761531845749	0.966978231965471	287
0.074718286585788	0.955603020016907	287
-0.000198226185103012	1.06998673521397	287
0.012824432262953	1.09499723100908	287
0.036327129363534	1.08846179889809	31
-0.00946058876020695	1.1610875296664	31
0.105425644340643	0.864130731226385	31
0.077194849933627	0.868253896035957	31
0.122840298200753	0.701682531926147	31
0.05993352393165	0.391096611362821	31
0.099871383226436	0.377604810278498	31
0.01120772877316	0.948736278620479	329
0.107379050515001	0.349709383300656	329
-0.118078529110828	0.399083548023029	464
0.015810666237935	0.469743575830686	464
-0.077790433935653	0.55413026789279	464
0.071442917497701	0.426663539345907	464
-0.087245755730482	0.231819826248083	464
0.104237741187864	0.41191074947332	31
0.070472987195664	0.636911571399184	31
0.098947971553565	0.827367498047633	54
0.092873532014322	0.903286212001184	54
0.108177745706339	0.682237101580205	54
0.040218000808865	0.751648578392762	287
0.108915239936335	1.08261961278117	287
-0.079159571548267	1.07579873952931	287
-0.048662830140643	0.957599198284681	287
0.101616540470473	1.04258410073459	287
-0.045479420262183	1.2463020602751	287
-0.098574438226818	0.937076421681773	287
0.081128634276011	0.644398906188331	287
-0.017649732552069	1.38065759083296	287
0.00257822429619198	1.60622225810605	31
0.00919199952394101	0.791314755074025	31
-0.090001501928075	0.856531892253615	31
0.057488098060784	0.747702896854974	31
-0.019544163444767	0.869847003161435	31
-0.077572372717694	1.17001781308144	31
0.119182189488397	0.79563405343728	329
-0.123096507151091	0.965784403233129	329
0.123773236785117	0.473623790312884	329
-0.06379392090832	0.93560113382386	464
-0.109297464794774	1.77990729005928	464
0.012205274549318	0.591680412853734	464
-0.115999450650508	0.816420412293893	464
-0.071508206581868	1.14120867549372	464
-0.022848386363798	0.996699628185512	31
0.105156382021482	1.01395435444737	29
0.12409739044498	0.952327713607037	54
-0.062988853330622	1.354605955121	54
0.064746502297623	0.754769919374229	54
0.029492481456513	0.699636186987259	54
-0.06250241163389	1.06832774577397	287
-0.000281015375411031	0.759560889468251	287
-0.067184426088308	1.39946778507007	287
0.094990102514473	1.18023289143626	287
0.020981135125772	1.06362812753439	287
0.088638736042537	1.07302544209819	287
0.103901384366624	0.568873550914093	287
0.00735137502401201	0.994221135965143	287
0.052599842232328	1.23677842428318	287
0.121863281115681	0.488776364737919	287
0.00423147662370299	0.606768117078814	287
0.122303177922781	0.837354634626317	31
0.010643392009276	0.677984610432018	31
-0.012308007354604	0.612008818971061	31
-0.05361143817351	0.664767623043665	31
0.012794763824104	0.739853968967986	31
-0.031868759874776	0.86141764888168	31
-0.042425689841681	0.988784452317872	31
0.062708651230046	0.638354915355123	31
0.086359977626295	0.646227517531072	31
0.000711253431263992	0.569180947967664	329
0.045997615641056	1.02223546972668	329
0.072365423043955	0.607960358732444	464
0.085742470682461	0.811582798854939	464
-0.00220891685952096	1.22864293594738	464
0.00428064826175101	0.601343781640526	464
0.077884691550971	0.426661186122917	464
0.113043483801965	0.488154473848477	464
-0.015853836676336	0.619826927251297	464
-0.017869407941519	0.914589676429112	464
-0.084921541849455	1.13915164537353	31
0.118513808106207	0.744326444283915	54
0.121685189052347	0.621006488211495	54
0.03968743161161	0.73469589190974	54
0.026042205533688	1.21163471754149	54
0.042494383704472	0.978398542574602	54
0.047099413244235	1.01452889251009	54
-0.00285026358487295	0.989199389409497	54
-0.0712672917600931	0.532366079841026	67
0.094285327650069	0.248603199025271	67
0.074042140586932	1.02680089252265	287
-0.056923738314537	1.27967420373256	287
0.060718916614439	0.783868835219193	287
0.03803753993384	1.01631258011147	287
0.089877471549232	0.653496054659336	287
0.109023485784813	0.658540043747984	287
0.116155854822169	0.680677652835905	287
0.114092529223091	0.677849447742101	31
-0.044789645874595	1.19672567894474	31
-0.090509414676972	1.3645615448335	31
0.065844571042685	0.736772370192773	31
-0.09851367325255	1.10397672848238	31
-0.019378879379606	0.792585165207886	31
-0.000267135222491	0.630394288763775	31
-0.057172797554269	0.680535418307869	31
0.055471305716851	0.512983456184515	31
0.048733851815648	0.455162125923735	31
-0.079711062081867	1.03205482601984	31
0.095001165984439	0.410798777047116	31
0.11522078624114	0.637708377800353	329
-0.017215407847594	0.894581574487343	329
-0.065890047630451	1.08084302879805	329
-0.104265471183698	0.978473448631128	464
-0.012089459094348	1.01521861863197	464
-0.055926336894931	0.938430470225988	464
-0.098513777528817	0.950680253692573	464
-0.093341797527286	0.981023713350292	31
0.122694620697604	0.497034890762322	31
-0.016886165481961	1.38717933263554	54
-0.00473936972546296	1.30844792917537	54
0.051171324564227	1.13421634759954	54
-0.010988918434403	1.22325245848122	54
0.088154470922523	0.246152229469975	287
-0.02903301104365	0.344199396803665	287
0.088505918810528	0.296729386084681	287
0.061908255441687	1.01446995314185	287
-0.034244421479978	1.26667588214714	287
-0.02293155651422	0.748933239671088	287
0.116138640348068	0.11068858558371	287
0.112123061494307	0.114973131154919	287
-0.017024258801677	1.18803586462674	287
0.081831614712318	0.931888996066995	287
-0.121624503739896	1.51217490411641	287
0.099910601326447	0.874948412464594	287
0.07463338335781	0.909782774692113	31
-0.124839642627388	1.44922598541204	31
-0.082712707710196	0.580325494887466	31
0.05058094367534	0.362207534010855	31
-0.118156088562046	0.555410015452069	31
-0.036331908725261	0.360601003375914	31
-0.045362061570228	0.284426845709684	31
-0.059497067045955	0.999676056750611	329
-0.115172014346492	1.02038525700514	464
0.028404734170366	0.448414445365552	464
-0.01763580566498	0.556910753819236	464
-0.048466682146065	0.767743290223313	464
0.00884668941981998	0.787702456956786	31
0.047666894568988	0.528002979044845	31
-0.055431321401179	1.34858627708479	54
-0.122555798675956	0.902053213450621	54
0.080625388965636	0.770354409333234	54
0.10421727494315	0.725247738243035	54
0.084791965872463	0.703474435688558	54
0.124757788857562	0.469852306461182	54
0.103355247537078	0.315955820350544	287
-0.020133821567453	1.32305478406443	287
0.050092275842338	1.0318231638347	287
0.046490255611272	0.953480329469041	287
0.10424104775902	0.280503399071174	287
-0.03208392600023	1.25623259072836	287
0.093749225357801	0.839723544997536	287
-0.021860409338804	1.07015396737958	287
0.038648920839918	0.958480601303127	31
0.082466970683538	0.506123819469897	31
-0.075322030848572	0.719171880996058	31
-0.0973792945591651	0.717258252488212	31
-0.053566732445836	0.579830356444974	31
-0.031853995567286	0.521883417611008	31
-0.04627165792764	0.756506456199743	31
-0.062080018725204	0.668924555744674	31
0.035711455419625	0.886728760046303	329
0.034868094119828	0.764985493613182	464
0.108162680500557	0.508387477449149	464
-0.054049743075666	0.49904661353859	464
0.076475749244641	0.571607152027658	464
0.087275126314296	0.50590234133634	31
0.073127061885868	0.700020668924694	31
0.070886556617087	2.03347040748036	29
0.116880140864585	0.493912530082888	54
0.049566288268402	0.73784888678361	54
0.046759243900755	0.188989354935193	287
-0.029742782647064	0.774907652104605	287
0.108008851068912	0.407906645372826	287
0.045088554353311	0.193129873651916	67
0.106366896593577	0.113071891971668	287
0.038881383185385	0.198462405769007	287
-0.05480810475801	0.287644891599702	287
0.117726840490054	0.523247696326107	287
0.076599652784642	0.524228839315911	287
0.082383924813858	0.702587495464973	287
-0.049972556203235	0.9519192764224	287
0.062941735002906	0.594541192114427	31
-0.013825827720944	0.470916574367445	31
0.081458646609996	0.633951214064966	31
0.039195695843903	0.84539144996297	31
0.053935371631941	0.664456359725129	31
-0.100557950771129	0.492973231982976	14
0.025038813463039	0.33035561789067	31
-0.103067226971918	0.507784043758814	31
-0.0903867109087571	0.593543366883427	31
-0.037838646250779	0.954871104049155	329
0.052128606563672	0.35571469882097	464
-0.034712236914394	0.741741356885063	464
0.013407018668011	0.427268842670065	464
-0.018509896449339	0.562552223449484	464
0.037942147558964	0.261120551123235	464
0.097281854421108	0.242598143517701	31
-0.021816108048793	0.341478149717315	31
0.1130143927074	0.391756360133891	31
0.102442678337817	0.383768537592369	233
0.114783954761486	0.944244438422177	54
0.117548667084223	0.591533783879202	287
0.028324434239728	0.894511502990769	287
0.034013709523943	0.197062884908745	287
0.0671355958914	0.462883306457049	287
-0.081857315340901	1.58713377064895	287
0.043258790559705	0.983124259467963	31
0.107550924198613	0.510581986455967	31
0.096222698554386	0.843238058080131	31
0.031925225282434	1.10008202555706	31
0.106112415250477	0.116155148037716	31
-0.098956808927974	0.635258015566302	31
-0.058199623123976	0.298204316658552	62
-0.10091350888996	0.86601631926223	329
0.00515955689992997	0.902269449782439	1974
0.096648580784551	0.436969356447748	464
-0.106442310658032	0.64418156291315	464
0.086153531676551	0.591564898820503	31
-0.00697098965171905	0.819665227090157	54
0.028494727967899	0.580366877880872	54
0.097151203616145	0.984625730667288	54
0.067909249595639	0.642347700713651	54
0.014580799685376	1.06930044758078	54
0.046474832078574	0.669332339189717	287
0.096526274968674	0.952725745314261	287
-0.059501963949309	1.03343681389351	287
-0.118094137011705	1.26480081799982	287
-0.03158159134506	1.17564854271979	287
-0.116734250664618	1.64893650007905	287
0.119107276595593	0.892183789363559	287
-0.086652447796866	1.57616976249354	287
-0.0682151934701451	1.54447861882124	287
-0.09013789035618	1.54232986240986	287
0.064974399283903	0.414557112769764	287
0.040114547857407	1.08958256626737	31
0.026307837049768	1.02522676623894	31
0.094107526181988	0.904825106944795	31
0.096680028558822	0.330116568685883	14
0.086084825164544	0.29582436887495	14
0.014901104494387	0.419871215175582	31
0.035745148757137	0.841816174500959	329
-0.122061078093267	1.25513340166781	329
0.099169226152584	0.289527046343827	464
0.011380154548576	0.734449692367843	464
0.111607194627601	0.555196302633475	464
0.098009683468024	0.361119718756402	31
-0.056040332970118	0.961589768171937	31
-0.054354835153504	0.950462339238402	31
-0.037774063035979	0.355881174966087	31
0.00564983508661199	1.15074580182283	54
0.052606390876863	1.00151288753824	54
-0.026952237456027	1.10754174406682	54
-0.0280574335052261	1.07928792488839	287
0.036761434891507	1.02439304049908	287
0.099909737124279	0.401454123907445	287
0.112792040351949	0.718530024727835	287
-0.015353682163241	1.08056773552727	287
0.044877772150059	0.797831684622334	287
0.056553712922563	0.704699412040904	287
-0.086775857827708	0.223355501907715	67
-0.094419945010544	1.36343587801945	287
0.099205916118006	0.629979715091332	287
0.087104469949178	0.712263255014049	287
0.010220573886287	0.83046088131556	287
-0.105782686158781	1.17991487940281	287
-0.000799009082563029	0.965352993812219	31
-0.096428597107222	1.24545904657832	31
0.109367732788677	0.614543704729568	31
-0.035226249560713	1.17907995877801	31
-0.120645337917555	0.70810767693507	14
-0.0511771758365001	0.290389062267868	31
0.110813826690365	0.113772710115371	31
-0.01443054761782	0.481725902242544	31
-0.00650794848555603	0.388213039519261	31
0.036757523485699	0.325986063644979	31
-0.01629767670549	0.961033068600461	329
-0.075403809306956	1.02965753159566	464
-0.059008854885893	0.508930593245358	464
0.098551305361173	0.575763641991873	1974
0.031249620845856	0.328955375299314	464
0.105027850506756	0.400469811329407	464
0.107854471984045	0.459164231302126	31
0.107143817776208	0.680713031944443	54
-0.00836120412126595	0.585096408888535	54
0.025723718550134	0.999130137752107	54
-0.104607030720833	1.28845439314298	287
0.056944183121262	0.477310727026789	287
0.106793815880947	0.426011897533106	287
0.090239941810042	0.297331446965729	287
0.095464749071937	0.354747435441574	31
0.039420086246659	0.556425404342905	31
0.034631575716848	0.674794066892914	31
0.073676400868138	0.617236013253894	31
0.06308047507215	1.12172661763266	329
0.074037905005712	1.02097712682036	329
-0.030435488001306	0.358097128567853	329
0.025674828808063	0.452107919648544	329
0.010223563210264	0.495490781852542	329
0.094788392500139	0.68883127198314	464
-0.10935474162198	0.773188027525675	464
0.06654182277113	0.711728381071706	31
0.068148839470968	0.686971303436924	54
0.122490147737544	0.56310650873593	621
0.00556155623799098	1.15069089858195	287
0.063600613084437	0.503003875350397	67
-0.0181801093503881	0.820503996462892	287
0.119372266549254	0.521861199648476	287
-0.086161520576668	0.922416359553916	31
0.096252725100957	0.571454275998747	31
0.034296933114633	0.661324881785103	31
0.029052949175176	0.846690368791087	31
-0.089280950996728	1.00432540005516	31
0.018595974973913	0.772860775646461	31
-0.107377823146546	1.08096867617538	31
0.075505395754773	0.498371695067901	31
-0.096426664839508	0.902934937757926	62
-0.044245337089199	0.91289583248527	464
-0.054727548109604	1.13309010213499	464
0.073445160569604	0.765653027917179	464
-0.00909974001698999	0.86952698443997	1974
0.048410774171822	0.576187154412671	464
0.093165756986114	0.745506192098885	31
-0.044532993323491	0.620943992026017	31
0.072243904246862	0.579496333067591	233
0.079757700226675	1.77425006981884	29
0.09377616099853	1.58835180740515	29
0.032648507093485	0.621408702201118	287
0.098314104304614	0.656756578009611	287
0.047614513831078	0.96396282996494	287
-0.104799977233649	1.67015701318609	287
-0.042522825377649	1.23439158284579	287
0.078655703445125	0.859029399919838	287
-0.081370027729138	0.73532543020187	287
0.097694935562455	0.772595861422836	287
-0.020666566201198	0.819597708558248	287
0.074083621225128	0.670457258929848	287
-0.050927923789451	1.29122662811419	287
0.025685687483236	0.832483684837131	287
0.103050071865333	0.645885302495723	287
0.012119929506073	0.728930461861375	31
0.074873286505027	0.862130921464757	31
-0.02703909121402	0.821973572140971	31
0.094674435061218	0.602575954714207	31
-0.084810192159966	1.06546430504938	31
0.055727017490731	0.702396398906754	31
-0.06202499715993	0.674699019851516	329
0.033101096417721	0.700551036457215	329
-0.092735528248073	0.982179789991805	464
0.014197942419963	0.626856764255361	464
-0.023918569185222	0.761675837594137	464
0.092610292955671	0.354814406283804	464
0.040252258682417	0.67356674948306	464
-0.014513585851233	0.749332709726971	31
0.034266833490204	0.472072075709412	31
-0.02509929614155	0.566008185988225	29
0.045661813004892	1.17004418682294	54
0.113533128682689	0.904900216083843	54
0.099959750051856	0.358100450605654	54
-0.044215144076502	0.466736585740568	54
0.113070414321489	0.839051056450758	287
-0.029701093299499	1.08543872678201	287
0.046303552788382	0.560825110468727	287
0.020079176458048	1.09100127294871	287
-0.068390084475527	1.60153367004452	287
-0.0159445824853039	0.551797545556919	287
0.115089536983158	0.112348134554799	287
-0.087499856473756	0.227973061801536	67
0.099905538866365	0.770792575476111	287
0.075698438042558	0.946359803340883	287
0.061915185228337	0.417564952353528	287
0.00228229935259799	1.10798581969162	31
0.085420660320751	0.820763187310909	31
0.04330917873746	0.316547503979716	31
-0.045715931140548	0.285678775201577	31
0.046294525354484	0.360355227010834	31
-0.073018417318346	0.71802435554062	31
0.075133756962966	0.816734503803627	329
0.092162981327375	0.8033760464899	329
-0.03388454837113	0.457148732667669	62
0.015400366494934	0.529617366900875	464
0.092980550386895	0.329186853524136	54
0.040185503265567	0.318957884326767	287
-0.09030147758688	0.669557864436644	287
-0.030137578025533	1.51497769769519	287
0.020239262011432	1.07382076812899	287
0.016185781730758	1.19186778912437	287
-0.03601946405067	1.39421694266654	31
-0.101987116428843	0.614494087322359	31
-0.072414246276995	0.526813997091329	31
0.100374263975073	0.59185772789573	329
0.109383213012448	0.227230526459982	62
-0.026883380836466	1.039733370555	329
-0.040826663158985	1.26230109490229	464
0.096760967970651	0.242984441964649	464
0.121539886103684	0.423348637219648	464
0.029757293747296	0.268086497536621	464
-0.120384038143203	0.820480458723679	31
0.105489532152989	0.627172562412328	31
-0.060074598059323	0.671146359349304	54
0.0325932314129	0.605983976767333	54
0.051748154970702	1.07859878502877	287
0.086754807638338	0.912703819732544	287
-0.057455451533436	1.4451999165405	287
0.00598298868243202	0.929022184919467	287
-0.121828821365368	0.397444694730785	67
-0.074300621568862	0.434384347123589	67
0.068919152495839	0.932205238656149	287
0.094621414385846	0.364910679689013	287
-0.118922330129161	1.6499579497855	31
0.030721216504405	0.857978651974101	31
-0.020217040505077	1.35155544235985	31
-0.024628686365166	0.513766967172446	31
-0.062977072072021	0.917307611706035	31
-0.0223249934515219	1.30842619585634	329
0.066093723557179	0.376152690257324	329
0.071832098458129	0.987380984172557	329
0.028430201481326	0.273744300471972	464
-0.049358705430829	0.613016139689222	464
0.115787351394063	0.631672346881012	464
-0.07877025471038	1.11612467417955	464
-0.0893928857448289	0.706621842410825	233
0.07572122165632	0.678738168642083	233
0.124859722415031	1.11330356893104	54
0.084117091038803	0.507404130370078	621
-0.069916255085626	0.793491591520257	54
0.018172964176332	0.986489012761785	54
0.00685678812514701	0.68988192807928	287
0.00720028441773701	0.698513557579693	287
0.075430332550088	0.560028012199654	621
0.00028084117868199	0.673661655771146	67
0.0718937444953	0.507752703765955	287
0.067200481893279	0.523333967601656	287
0.103919142109285	0.591536039357091	287
-0.023541735388097	0.634202323757434	31
-0.117962718097838	1.00670193437343	31
0.103075185942989	0.441868423997292	31
0.084535295919883	0.479352487340633	31
0.024951257978017	1.17041320804996	31
0.111083397827455	0.713295956047019	31
-0.0713961767906111	1.24370072683402	329
-0.0916266219727579	0.699264340660697	464
0.105521373542254	0.888814580864608	464
0.086280919219332	0.605722692844059	464
0.087444321025682	0.643534689188782	464
0.01878202118242	0.968859880636165	464
-0.11647247705471	0.698555383663115	31
0.05326019520144	0.63343358912911	233
-0.016057697828498	0.745184249282898	621
0.114835415807945	0.810422643715562	287
-0.031439650032929	0.837901240663243	287
0.029785657033298	0.499911465461445	67
-0.11951024562966	1.07305241252339	287
0.094599936953345	0.556620801726388	287
0.121829688772447	0.732862769951019	31
0.112899756217482	0.594074291643017	31
-0.084933458600677	0.970629095513212	31
0.122794988102818	0.60905938467699	62
-0.010215184164623	0.763371165055469	31
-0.0102209843796049	0.683443246765329	329
0.070406923484353	0.730392460988797	329
0.021586841055568	0.893407840899433	329
0.086601495162106	0.456950991455618	464
-0.091066719767936	0.916991038137904	464
-0.0466982266891231	0.829010710198918	464
-0.065037865125781	0.739880154413275	464
0.111851733849858	0.477415860926854	31
-0.064251209998009	0.522845054757226	621
-0.043530686833045	0.361926665750205	31
0.103136929607157	0.352654371249911	31
0.091149502795256	0.608094200097512	329
0.098439512006959	0.869889967606678	329
-0.050684746604181	1.23244849136478	329
0.030477737694528	0.274037065143796	62
0.030126149790581	0.44351738183654	621
0.092184004353197	0.24976644338185	621
-0.089314821728419	1.95054926241199	621
-0.066467626234187	1.19690481714045	287
-0.089742201676024	1.24534715545831	287
-0.0751837320090361	1.0148003446274	287
0.036772281100354	0.328592166217811	287
0.036176580533935	0.326036978665702	287
0.096992298073521	0.290766579322662	31
0.083206220355551	1.1294048449432	31
0.088650463472047	0.294637367768065	31
0.042981871705014	0.52756987239593	62
0.082158261484072	0.965554686626896	62
0.000678563338179006	0.935964314321743	31
0.023119700834378	0.610211472330723	31
0.019693184263253	0.840370004364885	329
0.101367665604058	0.112957040771048	329
-0.01073641689744	1.09473488708608	329
0.094907636664251	0.86808419317208	329
0.044193092918453	0.587244361923038	31
0.1013219525628	0.242432538917703	31
-0.016245819383847	1.04669044326156	54
0.014488270854815	0.687320972075592	54
0.015997812419674	1.22813271822084	621
-0.066647446639313	0.716236100427172	621
0.096616915776453	0.329844693961797	621
0.09417447515346	0.624943453801678	621
0.096107239983052	0.245498217224435	621
-0.103038274642803	0.505472074951194	287
0.035237207269176	0.327671565967262	287
0.081832462942501	0.814145879835825	287
-0.079503787830286	0.57801814479374	287
-0.026526957307716	0.489790946898894	287
0.103434602527503	0.497692372435533	1259
0.038984349277627	0.322192267953437	1259
0.117122720188542	0.811718633548125	31
0.12145064842651	0.446022734012526	31
0.057839736858873	0.388779164332495	31
-0.114696554397369	0.79925497311963	31
0.045389186175748	0.361359514598856	31
-0.00357448819053496	1.13113928790352	31
0.083149495384459	0.591145573631758	31
0.116969373683514	0.516236881828978	31
0.080686952806453	0.866515029477656	62
-0.0882842094262269	1.37818361461304	62
0.084569242969973	0.816905561255542	329
-0.087799204269623	0.587897555377099	329
0.071745017948394	0.887059088022436	329
-0.056411205838624	1.19721719425985	54
0.075511760173919	0.432740071668865	621
-0.122498413038603	0.567071632069584	287
-0.067073293252001	1.17363495932135	287
0.053605833217052	0.900263626962666	287
-0.00921110895363397	0.398546190236959	287
-0.0728580138842	0.431911692817032	287
0.00733832952374902	0.496497049544383	1259
-0.037540822555162	0.350632669446458	1259
-0.058785340521872	0.492991372664754	1259
-0.029759009598132	0.356696798952288	31
0.090880542553038	0.36824033108566	31
0.046874795145137	0.700024643580346	31
-0.0766262382563651	0.968156123190802	31
0.013427778583167	0.528898828412991	31
-0.0329128249802561	0.717933552877824	31
-0.063874907378861	0.851497202434994	31
-0.036957817197542	0.637919716485573	31
-0.052038253028882	1.21003269244716	62
0.039505446191022	0.938761248724508	329
0.022940546833009	0.970639190697133	329
0.00850643780303501	1.01076299884861	329
-0.072126349186103	0.42476199484506	329
-0.046591433813968	0.696844045686302	464
0.099108388026996	0.24100697861066	31
-0.109815699816983	0.389730044294229	233
-0.0389900572052621	0.465415834771776	233
0.040695806494544	0.194898991065921	621
0.031969153004443	0.741668497512983	621
0.045615105961212	0.193470324607115	287
0.11561420249907	0.11228656899571	287
0.047757731573655	0.195150846424252	287
0.025199038164729	0.273950616800281	1259
0.047199609445477	0.194941439715104	1259
0.014085498005996	1.3778828460444	62
-0.07780377687633	0.227409118788387	31
-0.082441725769981	0.228844674254801	31
0.060308089101625	0.169148692768677	31
-0.0489140265272801	0.85435966404388	62
-0.086096149083086	0.949225869614754	31
0.066242935329597	0.94044151105145	62
0.028042293772374	0.773225737638494	62
-0.096688308321688	1.44359737349547	329
0.042843320812395	0.252066791543402	329
0.038275041514854	0.809653764564948	329
-0.02547335303818	1.08388036505072	329
-0.010609169223424	0.480335280540499	329
-0.00203804866016299	0.923511276551748	329
-0.030647383760582	0.834048674947324	464
0.081047596027861	0.785073234656369	464
-0.042972140859031	0.541728109823861	464
0.079030698446545	0.863968021817829	31
0.018213877101496	0.269406246276477	233
0.092311175512021	0.366255506700974	621
0.087927252347611	1.05794660656501	621
0.066822619466682	0.909231954493259	67
0.025285354048564	1.33122359556059	287
-0.049246193511319	0.294096986386234	1259
-0.124996261370843	0.553792490040128	31
0.094361648863808	0.248196848739537	31
0.01578245071425	1.09968580019959	31
-0.110639690310083	0.673172718423979	62
0.075108722008322	0.538426998176968	62
-0.034327953153631	1.19399207115681	464
0.03585219102852	0.327861216715975	464
-0.105141248915129	0.842405556486252	31
-0.022076662654931	0.340362833723745	233
-0.0343132158510699	0.362344639487148	54
-0.00711612279024099	0.390068817059656	621
-0.02567237209498	1.28953381373111	621
-0.058826328909627	0.972349243516375	287
0.12030223213529	0.500241550794058	287
-0.048011409612684	1.54412174459878	287
0.052659771622864	0.78805770785819	287
-0.036910540456618	0.361986755397067	62
-0.056007969123363	0.29588179193304	62
-0.049602977608323	0.292618855872072	1259
-0.101245619634461	0.497622019708776	1259
0.086924095250617	0.247483920908276	62
0.05321381831656	0.18575882562514	31
0.04696555829762	0.195697318723232	31
0.123070095097523	0.652042882400798	62
-0.083136509264829	1.13355464292841	62
0.067002491130746	0.531056492672948	62
0.016398406211308	0.786998932473888	62
0.065107288023046	0.896743447976909	62
0.014305165624479	1.05430906982974	62
0.067366984245167	0.520487987449032	329
0.100089054332976	0.287303089360338	464
-0.085834245206596	1.08935829779295	464
0.101899354202088	0.670406108160471	31
0.052575050153976	0.536396506180506	54
0.019479326395049	0.411305944767636	62
-0.026915740676577	0.344120541761598	62
0.020029774641609	0.418486751175884	62
0.119082872566196	0.651902917856281	62
0.051778278702092	0.346906945075216	31
0.078779942610623	0.915990400585411	62
0.109869577290802	0.809119378284236	62
-0.100591399329653	0.505027103661275	329
-0.03840084133637	1.35630026278796	329
-0.091731524324519	0.228844090841653	329
0.099277840160374	0.247223138656396	62
0.070372251417519	0.662088364195522	464
-0.023441993996603	0.868175165188983	31
0.031775286522793	0.592361709068605	54
0.080223501840094	0.832219197943448	287
-0.051437866018306	1.01609267073355	1259
-0.091365843183537	0.616496164199165	1259
0.107957093455524	0.348036399625597	62
0.121696763893586	0.910766568511466	62
0.00203381377394701	1.23613852856915	62
0.015286451350597	0.686508623198604	62
-0.074622596083769	1.26916546370043	62
-0.0626816654715821	1.06656845584019	464
0.073646853119677	0.545716301928894	464
0.018079716312169	0.956824664221856	464
0.040807583212067	0.817777152920474	31
0.113248835675845	0.397680157288066	233
-0.00177649742086705	1.23633108972123	54
0.048995886001981	0.927820365485845	287
0.081255514327828	0.746684820783814	621
0.112195534368964	0.746463160957991	621
0.113843342874832	0.219704973411177	67
0.031234664516812	0.264263163719123	67
0.03216740878481	0.27081114744086	67
0.00745647704214403	0.425692565635346	287
0.074201453038847	1.02403181628684	287
-0.00444076960635398	0.900098308566672	503
-0.0978262211208239	1.01173585845722	1259
-0.061861127271218	1.1804393470474	62
0.021201933714238	0.780312134439866	62
0.025923964657463	0.724157036005737	62
-0.029758673390371	0.709448649116272	62
0.108960188563462	0.59571618136923	62
-0.00480776439628905	0.9050228325079	62
0.038583550425557	0.429675049980794	62
0.116937316308588	0.653006625806269	62
0.05812401450307	0.814192263394921	464
-0.078436196054107	0.96254036821123	62
-0.059999614458765	0.887930927284966	464
-0.050845292461807	0.756509531735195	31
0.033025735176632	0.689679976782104	31
0.085175545108778	0.481524035143216	233
0.003758526173058	1.69355057084772	54
0.079032890393903	0.927527960704013	54
0.097532219912732	0.249017201645339	253
-0.111223865993353	0.645825773510406	621
0.027705342507287	0.271545661516491	287
-0.00088237966597704	1.06416829351738	503
0.02517047434054	0.902125383861771	62
0.108818845450447	0.679759780983114	62
-0.0711446341599929	0.645498999265941	62
-0.068384086224724	0.71580584274809	62
-0.056972065554976	0.2942667938639	62
0.031165072282286	0.265401461526353	62
0.047846261740924	0.18908390397072	62
0.041791334732292	0.841687661810072	62
0.050624447046916	0.870119886833993	464
-0.00489658704793405	0.63939913772792	62
-0.022108690765528	0.754783900231861	464
0.02018333816139	0.735146977999377	31
-0.116472623144	0.833642601725704	233
0.071229102919508	0.800359537959136	54
0.082835728443217	1.27329567155293	54
-0.104013926194928	0.644523279578226	287
0.066875147478868	0.624339094960244	621
-0.110441598299468	0.548331442636516	621
0.122920441401258	0.656715173969759	621
-0.00783599004736502	0.771611892196275	67
-0.043229718015009	0.834549243096967	67
-0.005093469355403	0.461505829870427	67
0.096249306479788	0.83017247832552	503
-0.034378618961101	1.08374501710775	503
0.053317101564169	0.773475527250211	503
-0.061824127167743	0.886702995615327	62
0.084143792616498	0.840793093078301	62
0.056868477825749	0.654131021058351	62
-0.0624477157048911	1.16488974105222	62
-0.121680259101954	0.572486035073391	62
0.032805200846978	0.57536826822524	62
0.12024345695775	0.372537856422041	62
0.093571415448563	0.571511700793571	62
-0.111023899977229	0.39205027742704	62
-0.000524110212464013	1.01731854843487	62
0.045743495715833	0.797099180855327	62
0.067017409266623	0.885320349170792	62
0.096039906837204	0.330614268439996	62
0.086862975700941	0.813884327266134	62
-0.058918232003584	0.296733330450495	464
-0.066848387627843	0.919454773870632	464
0.00284921309678698	0.814653610948865	464
-0.110581641265738	0.39156623092571	464
0.037948541885011	0.67432833268175	31
0.04508609061146	0.366682824805693	233
0.041121404014181	1.77103301953563	54
-0.069466544164181	1.86619648630687	54
0.074406113475632	1.0212391148146	287
0.097870505154635	0.701383457407099	287
0.085785961945502	0.5345166270705	621
0.103622676189962	0.901924297826459	621
-0.033392077596591	0.349608624747801	67
-0.032322526790179	0.668066315184842	67
-0.030778165871329	0.350602383993437	67
0.00745626932500698	1.08683675794179	62
-0.041643279776351	0.683599424230167	62
0.023129840902744	0.413575899494822	62
-0.062571722040955	1.01787372078617	62
0.1019510984676	0.739390791654866	62
0.065339122850269	0.44386217173569	464
0.038228520887166	0.646026164078002	31
-0.011078230718768	0.924637144538113	31
0.089663356600315	1.27627817695319	54
0.047173289716993	0.718413068403992	621
-0.037654196031356	0.912964121057332	621
0.107312967682358	0.651667467139643	503
-0.029470480179584	0.562934306785156	62
0.1032885000015	0.415311677663108	62
0.105568688103528	0.431456775495397	62
-0.065553961282662	0.604266480199259	62
-0.120177634397965	0.697876774900439	62
0.07000435734718	0.560786410459447	62
-0.116863631138233	0.777791066209469	62
-0.041403573705562	0.74915181573173	62
0.047571917533069	0.362860084224746	464
-0.099060631995186	0.816445567575752	464
-0.0804168534779251	0.845405206070778	464
0.02483899125179	0.776778372130429	287
-0.00105295429425001	0.876033347831947	287
0.056470928096614	0.412225019694101	67
0.03600048444924	0.511012814875883	67
0.00733832952374902	0.496497049544383	67
0.073088453017552	0.364290067174496	67
-0.053484985154486	0.891476323680619	503
-0.055597036710055	1.01952656847906	503
0.059175717557703	0.679820055594215	62
0.027122789488822	1.01488080639485	62
-0.068202815724417	0.882166433092641	62
-0.045473957023477	0.624518005062175	62
0.07313713501693	0.554988557868483	62
-0.00969061545143202	0.67519918317871	62
-0.02421760480275	0.951527176503095	62
-0.0873776741388051	0.946433870899977	62
-0.013272961082003	0.942544065143285	62
-0.089345033586092	0.698825298629016	62
-0.00300028163607202	0.514747530754829	464
0.033148494343575	0.570389887207269	233
0.008869057033841	0.635162889927462	233
0.093754444053535	0.471162563923884	67
0.013750905203627	0.511275697141454	503
-0.061531481017863	0.6565925492573	62
-0.099312228156729	0.754308253338479	62
0.092844423930728	0.45179324262494	62
-0.079081594404258	0.730495695783968	62
0.101810201290485	0.437467177949697	62
-0.087704018028641	1.00317796718815	62
-0.00719422563910199	0.934135269501938	62
0.103086518461036	0.386738309815743	62
0.001285066825645	0.918188212528229	464
0.075083778095093	0.796533809218339	31
-0.071590804842823	0.727294070038032	233
0.031206953853734	2.29428151403056	54
-0.05454287587078	0.502106874527562	287
0.083761358548319	0.640657006438077	621
0.036047837171683	0.991932948321512	67
0.00924422609308101	0.417521354149518	67
0.029195379103223	0.267262256797703	62
-0.028759613225845	1.02089058421143	62
0.102582209959557	0.275660210701064	62
-0.11212287703052	0.385611841855542	62
0.122133430714066	1.06687086521111	62
0.015129844257474	1.04449449051657	62
0.037700074682781	0.256646477909814	62
0.009760021250452	1.18161363372432	62
-0.021051332385753	0.850202684429799	62
0.033987266493789	0.3227448276043	464
0.027941249286531	0.840985449156379	464
-0.102494181546517	0.633878299556309	503
-0.018877346032482	0.563251746944921	62
-0.036096565197771	0.459093422094435	62
0.100977208828708	0.935529258884692	62
0.019960165135532	0.459289448768489	62
0.068942300298831	1.02472186796531	62
0.040771580530428	0.425302913365807	62
0.082914876068548	0.424511822476538	62
0.068395201625096	1.10240888115171	62
-0.124533694179552	1.66430466453713	62
-0.057336751413978	0.844701427810194	464
-0.087502499128293	1.07243698437776	31
0.071772171974211	0.496788526489336	287
-0.085304816813065	0.576305206332075	621
0.09271450772434	0.729660903927056	67
0.074038285160996	1.0599375172495	67
0.116839138016125	0.951428613145706	503
-0.018263889608082	0.482548289400066	62
0.084456917949639	0.295451479800607	62
0.031680547206661	0.269967506697194	62
-0.075828149862383	0.439865750254006	62
0.111853708958516	0.112088272718431	62
0.026241480833609	0.800198116196229	62
0.051528838613761	0.355905293364957	464
0.079662618291287	0.662346069903214	464
0.074255871832008	0.566407050177511	621
-0.018060189776685	0.617016447876917	62
-0.102389856401477	0.766964128294429	62
0.090534860039461	0.906809293931792	62
0.03908429304555	0.553484997986276	62
0.042783323480056	1.14306866893051	62
0.047083074924683	1.1391859976777	62
-0.045119024399316	1.2116481233297	62
-0.090598046043729	1.35498832450453	62
0.065985247625859	0.898795925380391	62
0.072331085737324	0.42609442786854	62
0.034055630342535	0.691503560882258	464
0.118490440199714	0.699234394180528	464
-0.045158690447986	1.01200410423804	31
0.108821913459361	0.344664870072689	233
0.117775536795138	0.322144931370601	655
-0.037930093482796	0.612432744529708	67
0.100871305236829	0.610149811993093	503
0.008301013928528	1.24384493139854	62
0.044302590921081	0.613316088199099	62
0.104511282529779	0.953029125826877	62
0.091405905163373	0.685600502047373	62
0.001292955908135	1.2268516727479	62
0.020644499494972	0.516717831272157	62
-0.095237763351137	1.18171235786844	31
-0.109276676454062	1.69195488907642	31
0.113563586616925	0.836572952098384	31
-0.0170454620701	1.17266326621885	62
-0.115933004537091	1.14514414978871	464
0.087538596321987	0.4295061599103	464
-0.0109916248258	0.827139330093627	464
-0.084162291704975	1.21229058210459	464
-0.076502731293886	0.974515976952395	464
-0.012227492059207	1.01683702476191	464
-0.02846581844747	1.01359645453086	464
0.094488794413049	0.671795129587971	464
-0.080118339667696	1.32261608875484	464
0.036222834806266	1.00006643131759	287
-0.067238881223859	1.32726465645918	655
0.020364646587781	0.845563309808201	62
0.037416965382671	0.682195457454236	62
0.067766869481315	0.996284239874827	62
0.051714994521469	0.684994937606114	62
0.047220776823748	0.689932745743843	62
0.028390080357029	0.663160780960133	62
-0.117550320624948	0.899170349428701	62
0.082354333946104	0.765395387927503	62
-0.022519390464946	0.874142372079415	62
0.049557519947913	0.957722537375054	31
0.044783200020256	0.96332923919183	31
-0.102204232963922	1.26337270225849	464
0.118224437886281	0.632214234188627	464
0.108476805337657	0.533744101195572	464
0.118186461071191	1.16703357060371	287
0.060609129392883	1.22340830949299	287
0.12259874955848	1.05112569429981	287
0.056684936892138	1.5060915995423	287
-0.034812871602998	0.357939469172819	655
0.105144924586591	0.516671292554726	655
0.025800105443384	0.274147843318908	655
0.030002353688412	1.37093009106604	503
0.105406525926155	0.632007452463678	62
0.037935856468734	0.562718761794915	62
-0.00774464749376502	0.399461571845209	62
-0.029561126584718	0.359095801970815	62
0.081616270568107	0.519725495745237	62
0.083448595317839	0.699873246047317	62
-0.093719637096627	1.46348605656612	464
-0.049768432479815	0.931037620160559	464
-0.016402697036466	0.840465873437634	31
-0.082845047766447	1.29565598761438	31
0.00976840806080298	0.551502947698336	233
0.052429765949809	0.520387944003608	233
-0.016844784939693	0.691447544470521	287
-0.018967598594651	1.99658271082598	287
0.094295070068071	1.45738630100065	287
0.042458383469759	1.26931729312359	287
0.120454314990223	0.367746763728816	655
0.111920002306838	1.25201728590782	503
0.045687119010635	1.29967106138871	503
0.00446306171269501	1.54561495601977	503
0.074285735358678	1.15066339972664	503
0.110169500477529	1.12533671588511	503
-0.059975869714755	1.92952460856307	503
0.00362177327531599	0.605035929204067	62
0.028769084297623	0.330858931794191	62
-0.106886519410318	0.936662408067041	62
0.040877409075912	1.22221789112155	62
-0.016650076565252	0.597241471794627	31
0.027454087605465	1.02335301918647	464
-0.0360540502569739	0.913273900492279	464
0.00732719021157202	0.599440544165331	464
0.04265695270042	0.197444510551641	464
-0.018749477162148	0.839868617800713	464
-0.016397094057528	0.789283079205393	31
0.111025959281118	0.722360686280817	31
-0.113256823094275	0.803041341868471	233
0.10402079848798	1.36817119309584	287
0.071941457402576	1.46421489485432	287
0.030756543716091	1.28238249292734	287
-0.061408270171484	1.9894408298765	503
-0.000761619835101035	1.72401620061595	503
-0.015038812717195	1.52149917488995	503
-0.0285132794701209	1.62483183869644	503
0.018019358076237	1.53078547116481	503
0.01930537512537	1.58995427807925	503
-0.090846571104652	1.99264499862373	503
0.068012331791537	0.65660458916227	503
0.121280814354786	0.467406403052092	503
-0.015057688171575	0.533705488340474	62
0.045355558189948	0.451933914839549	62
-0.091923659006941	1.74303578998682	62
0.00277613323042603	1.43757550831397	31
0.053699874740812	0.782683176473546	464
-0.012835276838142	1.31110273124812	464
-0.037966124167623	1.14476270046467	464
0.073410384342921	0.534574380829328	464
-0.01846226242525	0.876690176303928	464
-0.00912500957753304	0.518557212658608	464
0.091403898800297	0.818441253881776	31
-0.017889533717753	1.39307845468499	287
0.030134034047983	1.59307453891059	287
0.120861884581408	1.21923807890918	287
0.097776486008757	1.30431189203228	287
0.082765328949686	0.966902696017621	287
-0.03975024502354	1.58598645830571	287
0.095102662846756	1.17598849118269	287
0.010951733180298	1.52054520295527	287
-0.024015273686633	1.67510971515262	287
-0.119327740832984	1.82044682891733	287
-0.087499856473756	0.227973061801536	503
0.00816968446017302	1.27177555736085	503
0.074100851802523	0.994741351056171	503
0.073910655389038	1.0944920480127	503
0.00929890004078299	1.21875174011973	503
0.123091144503398	1.00197048825184	503
0.121629056302185	0.681165525408025	503
0.020755332059267	0.612839851221526	62
-0.020674393257507	0.74957204816284	62
-0.059901651058399	0.686663922457299	62
0.043180646496689	0.197311888785559	62
0.040989953305671	0.498381673052875	62
-0.0292439481286501	1.1217820402105	464
0.021810737429809	0.452528489774427	464
-0.002025156078583	0.848502687632619	464
-0.00876808630776504	0.649655212375748	464
0.031165072282286	0.265401461526353	31
0.115322777078551	0.48295377798105	31
0.030472352221599	0.711411199717408	233
0.102791556377686	1.55989148857762	287
-0.010103869889191	0.940615915523638	287
0.087523390337353	0.611850266160152	503
0.108059368100208	0.483742480162322	503
0.095611574290946	0.516798559735178	503
-0.00912571761116299	0.71241575492505	503
0.063520759186669	0.568681346793427	503
0.046452618268997	0.7592254313666	503
0.070829718602814	0.665609325915281	503
0.098801427199467	0.686627272543178	62
0.058167444840996	0.796000580006872	62
0.075591317501704	0.884385364156957	62
0.121973883198372	1.08141675878664	62
0.112506358691378	0.591980297350011	62
0.109851244137432	1.02317183630511	31
0.045114617506489	0.585425134564626	464
0.118483963703197	0.502254050323808	464
0.013801054391396	0.955595731623049	464
0.120434849605183	0.902900210151328	464
-0.032434712239237	1.28424885751589	464
0.094160370084533	0.986501554111504	464
0.010349609761873	1.43401188406779	31
-0.019390444938333	1.96350233939112	287
-0.044918667448974	2.09373600583071	287
-0.086798282570084	2.09685408001089	287
-0.00586295112871005	0.399887106053959	503
0.097533732857723	1.06808191706513	503
0.021475255493231	0.988152642721935	503
0.07692419211361	0.497041263546871	62
0.082458061023815	0.511974562126694	62
-0.00267077017541895	0.577750148037119	62
-0.101892547928266	1.67950453291847	62
-0.119154565494584	0.388845413832435	31
0.111875285385469	0.473033775633169	31
0.069764612387918	0.615061876110657	31
0.040466216747482	0.801192718928903	464
0.0687557657694	0.439278585190989	464
-0.111659367453749	0.766106740050557	464
-0.050986334391348	0.293279708813577	464
0.042046902062349	0.368800125071565	464
-0.0917438072208741	0.817354294138961	464
-0.022542497179865	0.925373864534018	464
-0.020492289188658	0.867513460091613	31
0.105568688103528	0.431456775495397	287
-0.078703349736201	0.220041910892849	67
0.100081102544228	1.13107933805366	503
0.087004548519976	1.06477152663095	503
0.072517699164851	1.25614159998322	503
0.015371962149306	0.593530629284954	62
0.085757530847459	0.635440788290835	62
0.110581717835406	0.945565243087799	176
-0.049332933326222	0.287486451991141	31
0.102245803530889	0.356051262108942	31
0.030895927516323	1.13150738695063	464
-0.120393766610132	0.919936590567752	464
0.099008652458537	0.719640070515207	464
0.013171043649568	0.773729248008689	464
0.034717050467508	0.568147354045	464
0.07067828246582	0.47205365136163	31
0.041699284224853	0.946837434554755	31
-0.088580375515452	1.47305579166863	31
-0.012465423851905	1.8428432109611	287
0.05804247582823	1.23562386523267	287
0.100084426951421	0.794405308533676	287
0.105219524382106	0.439317301214166	287
0.050887216509156	0.360379022952792	503
-0.00464206545173296	1.19468101969714	503
0.020511092909664	1.61120675272262	503
0.019681653331129	1.43119642450944	62
-0.077163711148821	0.649655330431373	62
0.085491261521302	0.475020562598086	62
-0.035406482704942	0.677022907878575	62
-0.082258634579743	0.226170400043011	62
-0.083163033915607	0.58260178191144	62
-0.040414626674207	0.353564087249541	62
0.014998169796257	0.52132618370995	62
-0.0954081641319759	0.931582476841894	62
0.054340266146791	0.588177211219798	62
0.040206940868291	0.320322533528691	62
-0.041209777894103	1.59216688937458	176
-0.00289563326464204	1.33951809638989	176
0.112123061494307	0.114973131154919	31
0.041023388805652	0.194520211756488	31
0.044208390668935	0.314760133367886	62
-0.038075757508125	1.28612772811814	31
0.027688399798136	0.543692612979532	464
-0.104282780018936	0.508135737905092	464
0.030477737694528	0.274037065143796	31
-0.095387721850392	0.629244058484936	31
-0.046696675932702	1.7265659051593	287
-0.075681903145682	0.437896533588926	62
0.116138640348068	0.11068858558371	67
0.076060628633581	1.18524145505536	503
0.018585553491182	1.60312490188315	503
-0.091897656781304	1.63685983516584	503
-0.038232159404882	0.69670712677674	62
0.075257239461199	0.439214821772965	62
0.026515921103286	0.505023573150864	62
0.075387262134749	0.468190620911337	62
0.04068939427727	0.468420856984671	62
0.04227659023707	0.718777052862911	62
-0.035973745559695	0.910823741790462	464
0.034357451956513	0.330651292958194	464
0.024727847993043	0.450070103146784	464
0.061404384257075	0.38161424434981	464
0.084024824390458	0.860393844408485	31
-0.032757151301645	1.33214059794894	287
0.085203821148029	0.900011198822825	287
-0.086426040214859	0.23111507384329	67
-0.049826007178829	0.294680286074608	67
-0.082031127561729	0.225649368388564	67
0.056739691483465	0.353737225039921	503
0.067989598870431	1.22492539507117	503
-0.034235302014742	0.634305336426743	62
-0.0807417768971001	0.228548754592648	62
0.019629185643137	0.408451337996579	62
-0.086522789226515	0.58932934620843	31
-0.00183267689734801	0.394904553698123	31
0.108622636941594	0.481373172890196	464
-0.090387013485366	0.434349978932899	464
-0.083613531452164	1.17949765602881	464
-0.078813854034042	1.06123367664008	464
-0.0523350577596809	0.292399398043092	464
0.072315715215376	0.489477362174027	31
-0.112314427567637	0.637741593739132	287
-0.0245247244367161	1.64996107903576	287
0.097936352493308	0.319641297828747	62
-0.115406183052334	0.399149972203432	62
0.038553785579531	0.19980113560382	67
0.096165234599851	0.763245331828878	503
0.054965543508059	0.395052671937155	62
0.032662210090825	0.195383323420915	62
0.027601840809019	0.269546896612232	62
0.032890543693689	0.444282444283049	62
0.03823740684152	0.254714595900014	1409
-0.068387498138246	0.427974502163633	1409
0.116433672198979	0.539939893627284	176
0.070810558686369	0.444477580474508	31
0.02604324507312	0.273676115099479	464
-0.066757139181113	1.16922687186455	464
-0.013407026431651	0.615148458203586	31
0.00114428034041503	1.05313238737719	31
-0.015595733935568	0.487744792392866	62
0.038069530758349	1.53114351949308	503
-0.050801784240292	1.03509211331553	503
-0.00296975731662397	1.34695342351758	503
0.043481975904779	1.06832295338184	176
0.03264966171026	1.18809665919909	31
0.019863749022451	0.760216241672444	31
0.095362126954634	0.598974923037891	464
0.109267604797647	0.557755682476835	464
0.068640178599016	0.446689707000627	464
0.077412425186088	0.881820413854943	464
-0.00677679862656799	0.889325521598835	464
-0.017723329628731	1.17864024488204	464
-0.029429428388277	1.11646548925999	31
0.093378365221852	0.832706185360349	31
0.116761507311145	0.492609450101964	31
0.009184631911481	0.822445046887131	287
0.021113993018315	1.50941944846312	287
-0.040707474628799	1.31141419401014	287
-0.11179271774818	2.23435226659958	287
0.041591806067124	2.27197189528718	503
-0.120941288305009	0.700345671865249	503
0.099841594895493	0.358320207268485	503
-0.0712672917600931	0.532366079841026	503
0.017608315237077	0.421907617830577	503
0.073327004089214	1.01039130855903	503
0.043741471370218	0.742064117910303	503
-0.091917987368058	0.588441327295725	503
0.05855551238316	0.955706935942996	62
-0.00113291204893795	0.613090195022966	176
0.107423158596091	0.112849552995292	31
0.100538449142308	0.356850147976722	31
0.055773183042991	1.15537004366634	31
0.090797500954113	0.734523397719845	31
0.058172404077501	0.391261514548352	31
0.087757378474546	0.818522087742259	464
0.063995437712307	1.10318280537767	464
-0.033613891166168	0.955423098164946	464
0.077099222793197	0.52208237447066	31
-0.026922735236777	0.763754782502464	287
0.093913637215198	0.547601236321629	287
0.10648208727713	1.06702825332491	287
-0.114263079921213	0.551750550606344	503
0.105018846706791	0.732946772724405	503
0.00522706950774199	0.42905050268647	227
-0.101827282819768	0.503077735746675	503
0.030631464860585	1.59530491886751	62
-0.00371826256686203	1.77979822841635	62
0.116720679888279	0.718415629477254	62
-0.024969619467945	1.22762573750755	62
0.034831847582424	1.21660892873966	176
0.041967624442206	1.03447424473987	176
-0.055357872290452	1.71474633426664	31
0.04502444020054	1.18637357040624	31
0.052628339366474	1.24595185004112	31
-0.00455445864508097	0.805803366271088	31
-0.108913237054653	1.44798800759194	464
-0.11505671677338	0.656088780250739	464
-0.00834511781795999	1.01402979753692	31
0.121447716960714	0.614341099326301	31
0.124413113869403	0.821483816446986	62
0.123759275448838	0.612752806949635	503
0.00583765420730997	0.922289900764089	503
-0.103348690483953	0.515392293618101	503
0.079665581300606	0.389748042627267	503
0.081751491336866	1.02223295898511	62
0.084872827235778	1.06662788600666	176
-0.055427542319938	1.48919291664773	176
-0.0810631858080551	1.70684435283994	31
0.041072859348913	1.12605159163142	31
0.093500540042167	0.895543406698741	287
-0.064228799993758	1.44596591549178	503
0.033811390192561	1.08810513371964	503
-0.050264413558935	0.290326040732589	227
-0.112778664053257	0.552700504520158	227
0.093228409416825	0.245397878567188	503
-0.031388021387457	0.352455780621582	503
-0.09307778227955	1.49563820419173	62
-0.013419001566537	0.672806889275962	62
-0.078409431928162	1.75475383547709	176
0.099671944919929	0.238556485346992	31
0.083907773861572	1.14994400595422	31
-0.098138700917013	0.505717354831002	31
0.123667624808392	0.397506082386713	287
0.040825747983135	0.255466180666993	333
-0.039443055278891	0.359670215547273	227
0.090351334035855	0.294463112164947	227
0.038881383185385	0.198462405769007	227
0.088140225802685	0.248615461609336	503
0.04265695270042	0.197444510551641	31
0.109164693895646	1.03927898773966	503
0.054388897762752	1.15935772696362	503
0.047035405135667	1.33653819683114	503
0.103315192841037	0.241107674462655	62
0.00602667658033601	1.42543983882538	62
0.010946094746873	1.21700585249623	176
0.00477318842431002	1.16139990807688	176
-0.049246193511319	0.294096986386234	176
-0.0522072688274901	0.291100746784126	618
-0.085293936863436	0.227254874156919	31
-0.027499385588687	0.347042405227876	31
-0.02482378561676	0.344134699213804	333
0.066302119310575	1.1333638693392	503
-0.082632648054503	0.230550960741628	227
0.034824505892947	1.2355274385147	62
0.092890101882964	0.762072442070658	62
0.111492877163988	0.820220006689607	176
-0.077239286016319	0.226197788327762	618
0.045615105961212	0.193470324607115	31
0.073913181591002	0.427288897242704	31
-0.052785325485634	0.293677663903112	31
0.095479081368252	0.393533787449605	31
-0.081308217797875	0.229779893299134	31
-0.0573948700953	0.299104696030174	62
-0.0522072688274901	0.291100746784126	333
-0.114110108320121	0.374788242754729	62
-0.035189026622383	0.44002977269058	227
0.102579113836342	0.281576180203423	503
0.037530322268716	0.19704535933923	503
0.077944274792765	0.803126949765206	176
0.043497522764893	0.643872444531554	176
-0.079419274517436	0.221258850479356	62
-0.115315278715809	1.9787595638089	503
-0.015742375616744	1.40416377976072	503
-0.048442578710061	0.292290357816374	62
-0.034577027617804	0.36188172289078	227
0.124695873762143	0.365447280732997	62
-0.0625504025333	0.297691638591998	62
0.090789621125891	0.775701731006065	62
0.042866419460653	1.42231511528839	62
0.015589436739984	0.887248923055773	62
0.075306641657628	0.51598858336916	62
0.121870742181426	0.678382994843874	176
0.084240441941145	0.655880268690494	176
-0.077303228039346	0.445729673021147	176
-0.117404639187948	1.17234293886908	176
-0.086795221230399	1.72797388816478	176
-0.104910471739253	1.05519161210398	31
0.058423697823955	0.54744352257026	31
0.115503461786103	0.64860558600023	287
0.048149814972076	0.915854508120595	503
-0.065341790067724	1.91522015247566	503
-0.0604114978989591	1.79130544799091	503
0.12291307212115	0.442590523704142	62
0.028031770330872	1.72749153959049	62
0.112656820584267	0.50168559484482	62
-0.098153426584198	0.488381825619185	62
0.094763631611777	0.327622166749349	62
0.07319912058879	1.0536641754112	62
0.044488266921384	0.885796130919852	62
0.061878260204271	1.30866356028225	62
0.011929527141825	1.29475553422184	62
0.099785454388916	0.638191437319673	62
-0.00166677492271305	0.976839965487778	62
0.04333785829786	1.31299652861845	176
-0.045240967055221	1.1877437827952	176
0.095059877167714	0.389131480044725	176
0.084610937940367	1.04746739203436	176
0.118928465256817	0.924857743772801	176
0.034703361466066	1.38972469921808	176
-0.061361888778232	0.52203105472535	83
-0.01235201310819	0.473863748655751	31
0.072264216080227	0.408608797152979	31
0.118602089014544	0.648635291232692	31
-0.013245840848453	0.473765405921887	31
-0.016829050498599	1.18147788372266	31
-0.024037157850281	0.80189765410896	31
0.09214661791695	0.289315732517123	31
0.124404309956262	1.59962037360086	287
0.054363376795123	1.64761886967457	62
-0.014234954830906	1.17015753159845	503
0.117820126562701	0.754059068589442	503
0.02562856515685	1.22177426039406	62
0.088693526056677	0.627427951139806	62
-0.013720321197042	0.68616949956883	503
-0.020596649434906	1.12928813571226	62
0.111781466084785	0.553777075439131	62
0.033880676383159	1.16776330745257	176
-0.040861028855142	0.623090895693713	176
0.011470548524481	1.43139258674209	176
-0.0897393148203049	1.83628038817993	176
0.074563583793391	1.12518995032089	83
0.083614704780118	1.26192241558949	83
-0.023737030028808	0.562137416134799	31
0.102312751389745	0.652017671208863	31
-0.113351068070576	1.91905202375762	31
0.108295497428506	0.839345085829024	31
0.079732842607651	0.424119110941825	31
0.097739460381904	0.362598597748457	62
-0.043096075713268	1.03982636362931	62
-0.030723418958657	1.0354708644062	503
0.06240634119511	0.643870853932832	62
-0.00712167022210297	0.906269428804774	62
-0.079634508756843	1.05577672623581	62
-0.037224192341031	1.54300599245035	176
-0.070098366881541	1.25598126174691	176
0.083626244871299	1.01026190173396	176
-0.088066111496496	0.228752102721505	176
-0.017129444379449	1.24007704374463	83
0.110669990138458	0.933186649183378	31
-0.015317741960034	0.71787781315192	31
0.044468009444593	0.877637490980675	31
0.006629616893503	0.86396262465866	31
0.028659445532764	0.939678883338725	31
0.066031361249566	0.727985019331151	31
-0.027765565225921	1.79141809138961	62
0.096944084063259	1.09005919970185	62
0.031158740934702	1.15525483731665	503
-0.00606472686904402	0.517206691870029	62
0.041243372439927	0.467385583027512	62
0.053520317916217	0.448676026880703	176
0.029303778023518	0.684366033243491	176
0.061654812450801	0.343691336699773	83
-0.032402001099835	0.362645995887582	31
-0.01376629679497	0.612903309630151	31
-0.0674870919670511	0.959458144844462	31
-0.116611758683417	1.13414196117896	62
0.094809911562383	0.248884279615106	62
0.068490912893453	1.29314174686836	62
-0.115038192657342	0.389488168034374	62
-0.067171872410329	0.428260261011559	62
0.058896886169124	1.14286951001382	176
0.06800628634249	0.879853078795664	83
0.093087441391226	0.330734478196939	83
0.12478507463362	0.460324008909087	31
-0.011521081957708	1.06099122254198	31
0.051925592085973	0.969085564681913	31
0.101117947230802	0.559084123813838	31
-0.021694659385388	0.399273913832942	62
-0.016646278508446	0.322422694371655	62
0.035350669324974	0.654310858860508	62
0.095614964604918	0.41954302463236	62
-0.077045001804647	0.655772885492764	1130
-0.0219255931540649	0.585181628945846	62
-0.07516523238347	0.438390759809923	62
0.066013793919322	0.443924258910579	62
-0.053363614080398	0.295147794011653	62
-0.083728732744642	0.867143581641608	62
-0.109445092499128	0.682160181576682	83
0.076489619194148	0.698510315307563	31
-0.077055438617868	0.846811778304567	31
0.109591067720713	0.481863719736891	62
0.042406858760462	0.247350039857603	62
-0.067234677434622	0.598530216598203	1130
0.040490076875865	0.322878727242239	62
-0.058419766346796	0.512215491212794	62
-0.0159335813140929	0.762120076729248	62
-0.060334871617142	0.602250285862815	62
0.075708271848647	0.731491801277682	62
0.021585951972565	1.03940056711281	31
-0.045853622922556	0.891243432531393	31
-0.081936040897874	1.4224932821702	31
0.086061449696841	0.510971143471606	31
0.09961820111987	0.890038724262879	31
0.078279438073106	0.660246128038847	1130
-0.074559194931404	1.1084632566407	1130
0.00342115370075502	0.806413772360463	83
0.109337699166426	0.580609712815497	83
0.095703187178733	0.730240639791705	83
-0.104271518416807	1.16884472913845	31
0.100738270900569	0.806664050181506	31
0.065432702132747	0.789680394189586	31
-0.048217466060016	1.0904124584933	31
-0.017367079693807	1.03423762074271	31
-0.06280278870019	1.36937201465645	31
0.055745155399643	2.39630683265201	287
-0.056391260708741	0.704175190587191	62
0.026135722809133	1.51262153969691	62
-0.093620873942991	1.32147247335446	62
-0.030407858624716	1.05735069859149	614
0.110971931206376	0.795384308381983	83
-0.024155278196531	0.628428126288846	31
0.084642131291978	1.03152181739488	31
0.10303479570031	0.496539918536081	31
-0.013635179562997	1.01053507284004	31
0.00374510959861801	1.1587739255593	31
0.023846001689669	1.20128757418726	31
0.081161159967338	1.01423149678794	31
0.097347986192397	0.355851779038744	31
0.110235880574167	0.676681443739832	62
0.047255651439088	1.12618834997743	62
0.027265673549937	1.25620159552133	62
0.027777681145824	0.94072003990632	62
0.056132721481282	0.60110852092306	1130
-0.076575114518341	0.834071012802525	1130
0.00217103237088401	0.753776374706536	1130
-0.049798008824896	0.680737414877892	1130
0.066085804063024	0.529073958026947	1130
0.028780261158287	0.720979083474697	614
-0.077187886602753	1.69427496027729	176
0.123829388243144	0.855279124526798	176
0.00672797858766899	0.590078569352739	83
0.023431735763964	1.04464551120167	31
0.068975917875753	0.792088310634977	83
0.110462715617895	0.574406261145687	83
0.00158904658160902	0.8347553558578	31
-0.092842076219232	1.3116321378556	31
-0.058427823498267	1.01176300664713	31
-0.051709113762471	1.2792597072491	31
-0.0547448274637941	0.294858265108523	62
-0.117946429687602	0.397009572207988	62
0.085101681889243	1.2834593255024	62
0.094365126074825	1.07395896092669	62
-0.081205797593683	1.7088175565479	62
0.082290924145841	0.569438531260819	62
-0.0682438152363311	0.430460416372851	1130
0.079824908884772	0.483039457768159	1130
0.099015788650954	0.246974089940951	1130
0.083696574325069	1.18971240036878	176
0.109660056676549	0.4321324754133	31
-0.008962488246265	1.00131021070734	31
-0.114688859702487	1.46066363984858	83
-0.0142474013060629	0.83709581213836	83
-0.106263932438234	1.0428321643039	83
0.110100375271586	0.484594124119201	31
-0.06199086292712	0.966242827829734	31
-0.058011623649579	0.908708045262617	31
0.00694090324422803	1.23278779993422	31
-0.078099350305553	1.5378703586832	31
-0.0369460321628829	0.363012701136604	62
0.035596598786459	0.31409819558261	62
-0.058423034149161	0.29173511656967	1130
0.000475819825746016	0.724178447197153	614
0.0666648978169	0.378291452370465	614
-0.030652886200871	1.57572767308407	176
-0.030174426265274	0.358838589289755	31
0.061610002603114	0.741108881396787	83
0.084218751716533	0.775203773827048	31
0.07068794975424	0.800530767659773	31
-0.05535180616286	1.47002255329129	31
0.016907329591285	1.27560571756046	31
0.032581907840702	1.57263848413269	287
0.062344200858932	0.937937532379021	62
0.03162716193766	1.36654385093616	62
-0.02704691546812	0.982578632185392	614
-0.117422521411491	0.994773661510401	614
0.014802942214879	1.17771731571235	614
-0.118039617959851	1.53531675809655	176
-0.034823179566544	1.14197020843593	176
0.113083261010201	1.07099180593071	176
-0.120891728613977	1.67973012252167	31
0.058227223908748	0.836489241477004	83
0.025743515588891	0.746048430899895	83
0.00397727061376002	0.924129519038394	83
-0.011416955824668	1.40394184587163	83
-0.10935139141766	1.18369551149293	83
-0.057926762925585	1.12248347397708	31
0.054661333354258	0.682008090024953	31
0.071367674705326	0.878267103721636	31
-0.113568740237791	1.40376997257146	31
-0.037936546917715	1.41808009559568	31
-0.018345401333504	0.867005899869655	31
-0.00329484481280995	1.21343006740085	31
0.079875648690963	2.38231506710832	287
0.067589066738266	1.36175013743173	287
-0.117775801943065	1.28620944340256	62
-0.106919579513121	1.40208992484521	62
-0.122345761516693	1.75576370004411	62
0.1046312466069	0.855044954193052	62
0.06276784697188	0.998457549071353	62
0.097446369109612	0.71085513500793	62
0.09679933858322	0.700001720240374	1130
0.069512731811037	0.395326512571538	1130
0.030722769857004	0.738317094461681	31
0.018295559896907	0.961227174436814	83
0.052723932731704	0.802298630483929	31
-0.119555468105188	1.19977050074086	31
0.095671436562223	0.765360755419452	31
0.054312494224385	0.815868032925691	31
0.003991733924051	0.889629624818661	31
0.086579280556887	0.8319440896045	31
0.114049387759945	0.784646684330425	287
-0.099392301932826	1.80147910237546	287
0.115756338989553	0.551084821537415	62
0.055903776580518	0.953977451761652	62
0.055794898052953	0.866914681765394	62
-0.092790177819964	1.31898446464383	62
0.03044948626788	0.988161446579065	1130
0.123621094074951	0.6672133097915	1130
-0.122677389405914	1.70989800404362	62
0.078261336774177	0.623924651517926	176
-0.025683271180835	1.67126866950591	176
0.036573768023381	1.09672141437624	176
0.085669482815271	0.885283235241814	83
-0.069208403939215	1.54809427453323	31
0.00696759882747799	1.15137659885017	31
-0.0536578164134081	1.35277077674606	31
-0.014449419134787	1.18989194630097	31
0.071361179657799	0.902979859505317	31
-0.0525772529622059	1.39548455962612	31
-0.040461965748073	1.33566355233104	31
0.047190497331795	0.684594595127468	62
-0.00667188660090701	0.860222319928914	62
0.100045752733586	0.415265838033796	287
0.101862479091233	0.379707364998592	287
0.106126377470131	0.450842167695217	287
-0.10760767174583	0.650245475339405	287
-0.123693334554271	0.820563551328693	287
0.038472306411561	1.3177956072932	62
0.074097383113238	1.15515664178512	62
0.03564770339556	1.31668290681914	62
0.094818735440436	0.775289812302492	62
-0.040419311503163	1.04624179310637	62
-0.052082654760204	1.20202459841804	1130
0.01989450618805	1.393186732083	176
0.083789573267518	0.484226548588253	176
0.089712420731928	0.408980050760468	176
0.047270087234132	1.08168095507956	176
-0.06413160746251	0.669953688215267	31
0.065243304347927	1.00745917925507	31
0.091059389714495	0.831217545354138	31
-0.0177791080673489	0.880351620560655	31
0.006661881469331	0.491225970418639	31
0.036855032007829	0.891871508323609	31
0.086153623670176	0.893196452700837	31
0.102343527157756	0.412970408884345	31
-0.083074832821897	0.768320278579765	62
-0.011243654274221	0.713208478845629	62
-0.114561320237615	0.400474502838977	62
0.098216196965491	0.288118795258022	287
-0.092539038754324	1.86257387417603	287
0.020267314259331	1.26764861072926	287
0.113682131470401	1.07962791316825	287
0.00240102944131798	1.50260992241583	287
-0.093476534782338	1.40046060171763	62
-0.035268771194637	0.78021668269559	62
-0.00555226799511999	0.395991740455662	614
0.0278462952597	0.271798049310183	83
0.017276273042548	1.22740131532577	31
-0.090438652670749	0.805932615059407	31
0.062505047244381	0.860772913225591	31
0.076820942027392	0.852759530374712	31
0.052422304317872	0.187835024995828	287
0.12486080357826	0.176396462973594	62
0.065869526707969	1.42062186563333	287
0.078714327174554	1.44250588537161	287
0.064161397791322	1.28028164311587	614
0.086626197424577	0.24579114034364	62
0.102403777399674	0.3769144265656	62
0.106290612537123	0.474185384460429	1130
-0.020598527951698	0.48519598574967	614
-0.074879581111705	0.431145903257277	614
0.105081048564416	1.08230182530694	176
0.014432555450889	1.41197038017694	176
0.018324402186905	1.22293597600903	31
0.017837171718174	0.89819338270927	31
-0.082057055790969	1.21560937557113	31
-0.10774867577414	0.986358627372348	31
0.055952886682571	1.02620458471384	31
-0.033638669018637	0.534799542064862	31
0.111731397419823	0.338021907488862	62
0.07757114880668	0.296884348372775	62
-0.072848738035981	0.443561157328658	287
0.065357990412555	1.45261315092254	287
0.089929390239961	1.39289943041305	287
-0.025447148512095	0.558694164531867	62
-0.051582934764189	1.85454485789389	614
0.068486676157564	0.556889178758014	62
-0.047112631638598	0.936893671787804	176
0.100292252630484	1.02932197915564	83
0.032525536750831	0.269129780814838	83
-0.053827347077544	0.590388336295363	31
0.094412990625369	1.17047952544094	31
0.019385658670368	0.459160259646472	31
0.023060355991086	0.895909507562978	31
-0.054192553359216	0.296806516289122	31
0.018246006627705	0.926799453098693	31
0.00817410076174602	0.7861726294132	31
0.121802682491956	0.863808975801425	31
0.030194034876156	1.2867027369949	62
0.0000516021114200238	0.422581382434201	62
-0.083163033915607	0.58260178191144	62
0.070663776467382	0.474972973320645	176
0.084690174091541	0.617912398709478	31
0.106110555755788	0.866331158868277	31
0.064581309150555	0.728569674135196	62
0.095802211383862	0.291239017244229	287
0.067346157158839	1.43557643276576	287
0.017489713544906	1.48227379177054	614
0.117292119699856	0.777836087006634	614
0.010741848735668	0.427588008892054	614
0.052172118194481	0.738509604058463	62
0.100344969253027	0.245284685700402	176
-0.00385852410660204	0.675585340720751	176
0.059743517292167	1.22554694573896	31
-0.021133057317681	0.487831982325049	31
0.10486825312919	0.867333620861227	31
0.098090434983851	0.591770016709692	31
-0.034633460625481	0.78103261710678	31
-0.026574780133931	1.09398590954676	31
0.045125591388975	0.948139805810483	31
0.091919699131214	0.603385837377496	31
0.096253073998062	1.22747082031869	287
0.11251974294087	1.18009892905664	62
0.020128746155203	1.26888778738071	62
-0.047153819789669	0.622061755184297	62
-0.100350047333782	0.799871245369484	62
0.08066859116005	0.422233731580992	614
0.030620875311675	0.537718223737143	614
0.094254685232261	0.705051314204589	62
-0.0909091571638509	1.84362763567356	176
0.119500993951407	0.891169357159509	176
-0.019091621479796	0.486913519256604	31
-0.101797895954282	1.3419851116591	31
0.018135666712952	0.854336822664356	31
0.056528806270351	0.481475061145355	31
-0.115216804125835	0.951885220534259	62
0.095544235191458	1.06688897480967	287
0.110032520830765	0.903839625522541	287
-0.058055019956198	1.63051474607569	62
0.050925765591972	1.33426947411701	62
0.094167085070764	1.08345698462286	62
0.013907326785437	1.28035350628003	614
0.00818648835722402	1.26494716098447	614
0.067617486869747	0.858574222589541	614
0.056231555224748	0.97747981875059	614
0.090902023051409	0.491650699566113	614
0.019493407914395	0.700405727051142	62
0.063419952044805	0.958295762554387	176
0.00241769631205202	1.27945851491879	176
0.121684873524008	0.377838173741532	83
-0.068623882553849	1.10808404990129	31
-0.039967716009732	1.21199079315569	31
0.122213190963054	0.760234962735476	31
0.044923462787265	0.910032219418139	31
0.082078291644583	0.699713407862429	31
0.100844422856943	0.640382930808638	31
-0.104524554176933	1.5579853883726	31
0.00637189062399601	1.01976745519877	62
0.123617139922374	0.728747526650425	62
0.116504009927632	0.741575727962021	614
-0.029131874085307	1.42372072358297	614
0.096362651671425	0.738236633910209	614
-0.0488822330925101	1.2383046322307	614
-0.069747652207679	1.23907933947917	614
0.089278063194522	0.673817899620511	614
-0.090786499783599	1.29520504504595	614
0.00237361591058899	1.291183298486	62
0.067443749870035	1.14339674973316	31
-0.026235286283116	1.424260127307	31
-0.021040247261616	0.930011815932232	31
0.046863076179333	0.767572650422894	31
0.012654004334727	0.861976894556455	31
0.11740817494927	0.804311436738004	31
0.110168765479265	0.80471526036811	31
-0.083718377920288	1.49904505497677	31
0.097502225924954	0.654843539195329	31
0.120909754294499	0.770934717741952	31
-0.0804463482612739	1.49275193347625	31
0.120042607731942	0.869891004493927	31
-0.048162687191867	0.96368997766179	287
0.074976738824462	0.707890184578638	287
-0.0316856998319	1.08554808850098	287
0.056956556804385	0.725716248199042	62
-0.102305582329767	1.9976190629417	62
-0.0318350057739371	1.11755179691112	614
0.102200106442055	1.00675979831532	614
0.090029023057511	0.619182674896223	614
0.053111441089356	1.03074092012234	614
0.037346258545336	1.04661711696085	614
-0.036422734529747	1.20666203122139	614
0.095997284384886	0.809117395672532	614
0.085814219706437	0.787321562899291	614
-0.122343641151338	1.74937353650555	614
0.102864741963776	0.645747992572414	614
0.037875942591624	0.914882171242424	62
0.079235531117624	0.896703224622092	62
0.110606890451066	0.701255023505941	176
0.110293549194893	0.112333536245241	31
0.099641793796099	0.736517944946762	31
0.104686872645256	0.9157629711877	31
0.09389149627916	1.16298704932208	31
0.04315190612728	0.667742043147312	31
0.058478161798287	1.11179189231849	31
0.00959994189642799	1.03129413145207	31
0.00953259805192203	0.948448327225669	31
-0.033840959797627	1.1219898413808	31
-0.038749262004523	1.28350193968555	31
-0.018856183404631	1.22582200556107	31
-0.078721042890506	1.19056039461135	31
0.042963326757726	0.743845890988962	31
0.00492921359939402	1.23238280409333	31
0.098033413197323	0.554736241371678	31
-0.017167795389876	0.967672460840828	31
0.09426725651916	1.57009396795238	287
0.117678217024263	1.39309606830016	62
-0.00938802671629602	1.88871987865974	614
0.105448300864525	0.941739209685241	614
-0.00578658173102498	1.6784972983588	614
-0.0574087154248451	1.34142340091185	614
-0.096585274312344	1.6673608777467	614
0.102038146039878	0.90821386363869	62
0.120776506911866	1.11693946764403	62
0.088205641861711	1.1504678092317	31
0.063309053904594	1.01630574934175	31
0.103555849170603	1.09047951727796	31
-0.104741189735054	0.646593366438489	31
0.035305361526531	1.03395950136623	31
0.00435774532462402	1.3515902262102	31
0.010167578981385	1.12718951179001	31
-0.063317839987386	0.604863956095883	31
0.104129042012745	0.321668670082017	31
-0.0768900568639061	1.2536342216818	287
0.088186586447233	0.860897492953365	287
0.00701092420300498	1.10319981257346	287
0.087227133921808	1.24817073484781	614
0.074309850164555	1.32857697767972	614
-0.05819263729174	1.86231997401455	614
-0.058401591287823	1.79768884593684	614
0.050773793473575	1.49412842661336	614
-0.110240457729333	1.56851380779896	614
0.00108026593017102	1.41590695476454	614
0.092531831624567	0.842137804958504	614
0.107429301923797	1.22799472085264	62
0.057551352383478	1.3345593356302	62
0.100988586612053	1.27811246317116	62
0.026137548297082	1.41930374467716	62
-0.080594810472878	1.58622634814323	62
-0.079544466823634	1.10173812118752	287
0.118462091704173	0.747910726384725	287
-0.05495392943246	1.10953238543516	287
0.115789748665678	0.935171427898337	614
-0.028371278266374	1.71438502553209	614
-0.025815446908962	1.95814812651027	614
0.070182403415242	0.989850105279927	614
0.031215135458355	1.28785750438405	614
0.00148143528807199	1.5170669263926	614
0.000445418645630025	1.26197425160312	614
0.00236394378818899	1.74133699987066	62
0.062820375252018	0.626528311605679	31
0.011764407767209	1.12109518452228	448
0.00743359772555402	1.0334548962885	31
0.052347949369387	0.924368219220553	31
0.043415611281046	0.197922002730223	162
-0.056007969123363	0.29588179193304	162
-0.05978735766559	0.296151637194913	62
0.032289485582713	0.695448786102416	62
-0.018593843917335	0.628329106047389	31
0.015235100317167	0.425509390462474	162
-0.061193700231885	0.290931368559201	162
0.042888041441389	0.197051038353189	62
0.111853708958516	0.112088272718431	1618
0.097108651214013	0.239061880692528	62
0.098269842779494	1.18537131057076	614
0.018438619732106	1.25848869345085	31
-0.048442578710061	0.292290357816374	31
0.075454194743836	0.597325559395231	31
0.030395235206533	0.571718711306972	31
-0.017979355951062	0.399021643176532	287
0.059086800419645	1.07480493378385	62
0.057798226583024	0.830813669693473	62
-0.099378144716218	1.41519982727226	62
0.030399762786504	0.571790397507508	62
0.072659151002451	0.915558100520554	62
-0.088335679277691	1.14098409256266	31
0.06656159814399	1.09391683834004	31
-0.027691694074702	0.799998491518557	31
-0.048666612908322	0.292620495523214	31
0.12438382000572	0.660331943775086	31
0.107185564876038	0.234897556418732	31
0.042597580304769	0.495241131676686	31
0.016905651255465	0.582921326425671	31
-0.073044571993615	0.428368207560812	62
0.109010255776356	0.344877551127666	287
0.048196855575421	0.459410966726294	162
-0.012106231377795	0.484760184225529	162
0.017749392508853	1.31741388168888	31
-0.097487311285756	0.500622695360079	31
-0.052777466965755	1.24809101379788	31
0.051020259048075	0.752446968330983	162
-0.054395727346794	2.19706974134036	62
0.028654441248955	1.49336233814494	31
-0.096788612715006	0.819233120947123	31
0.023140844569675	0.549149437334403	31
0.105333309549184	0.53094884132593	31
-0.072833627428163	0.21805266530638	162
0.115998114539144	0.779756985240956	62
-0.00656622318025102	1.3469926593058	31
0.062871893324561	0.560450519927148	31
-0.054520887758845	0.295473214741605	62
0.049497017717629	0.543398350468001	287
-0.07937339903256	0.209949030954742	287
0.112911801013283	0.112883681223137	162
0.115735402105067	0.554378666624043	31
0.064827265748404	0.800170647242163	31
-0.030781045328483	0.484745962776492	31
0.023597216435403	0.739624927135564	31
0.039113424792125	0.199650098479209	31
-0.034971666524157	0.462062499380557	31
0.042097263430197	0.197596168935613	31
-0.093645296573397	0.588482453379683	62
0.042984708456483	0.191682346261693	162
0.11133387988801	0.113712652956432	162
0.118333470475861	0.109009221620307	62
-0.082065968681697	0.230458165802187	31
0.061965621067151	0.748330909568549	31
-0.055461882316252	0.925258270270865	31
-0.107768947775173	0.951285265197612	31
-0.00823934251913205	0.47072143134555	31
0.045088554353311	0.193129873651916	162
0.090586660022204	0.648827937815786	62
0.112487760406229	0.960431008205	62
-0.0120881439048141	0.54952295368749	31
0.082434770335238	0.777498482920519	31
0.1085610826579	0.735615399383496	31
0.053231582715873	0.392386795761609	31
0.041688600395505	0.460124468190202	31
-0.078061529945624	0.224126743967893	31
-0.100263571318522	0.511107967146571	162
0.106112415250477	0.116155148037716	162
-0.079190817443659	0.225403106439413	62
-0.052604010975341	0.881183056573426	62
0.108347954612904	0.534224253598079	62
0.084189486591435	0.676634074274486	62
-0.013916865091118	1.14808606450666	31
-0.063969652195221	0.589149509796142	62
0.029157442504846	0.267014236142369	62
0.048315648015441	0.194652911614615	62
-0.078626069644499	0.225308110829672	62
0.025649275672419	0.273740395719026	62
0.042064759041843	0.197598618138934	287
-0.01487114360443	0.398908202243081	287
-0.117946429687602	0.397009572207988	162
0.028552972268486	0.269246713894493	162
0.044531112100656	0.196091216271099	162
0.074761600739179	0.745402394482013	62
0.030335887934108	0.769800350129132	62
0.039113424792125	0.199650098479209	62
0.056818452663758	0.55409002121088	31
0.110163131185246	0.639075912425178	31
0.065362324468766	0.565409500272017	31
0.069948907520833	0.414189139769679	448
0.054151755936101	0.521080557198241	31
0.00407846968503101	0.657353034239603	31
-0.031871300450756	0.447156481563238	162
0.065866610959071	1.00258135918225	62
-0.09832854154431	1.24767366308731	31
0.052915573984176	1.03388052580358	31
0.048395510000269	1.01614106312719	31
0.089116601717043	0.572888673280733	31
0.054753387259056	0.478373091239256	31
0.072868857257238	0.574595747446985	31
-0.068519794404957	0.633878205286443	31
0.018046780818194	0.557969850143841	31
-0.121304520471677	1.05968870991644	31
0.034302764046892	0.265806874623824	62
-0.0547448274637941	0.294858265108523	62
0.101803313521982	0.230523955022478	162
0.043216435166805	0.19638023438628	162
0.092990602266656	0.297901571254942	162
-0.091364835651474	0.484956424695507	162
0.114299951550314	0.112618511833295	62
0.05782652703762	0.699549452225747	560
-0.027504459921687	0.935144257700942	62
-0.0869924056963211	0.230539916127221	448
-0.076379999265122	0.444274244604882	31
0.024483295645927	0.72148287125817	31
0.106639551297304	0.11488364968898	62
-0.0482555699648169	0.458299736264871	162
-0.053588554092553	0.292825106837486	162
-0.082952566073203	0.217954333205504	510
0.03424259816929	0.197859954675779	510
0.034013709523943	0.197062884908745	62
-0.083958762287729	0.226470686444405	62
-0.081308217797875	0.229779893299134	62
-0.065285974686554	1.30403850962877	560
0.025739780554061	0.721373156321014	62
-0.08062724480221	1.25256888870998	31
-0.068249942201796	0.641060804052222	31
0.100324852730266	0.236630755046641	62
-0.113809796666681	0.38784592285288	162
-0.026764128218332	1.68273312398044	560
0.111602139321358	0.115032192174277	510
-0.081308217797875	0.229779893299134	510
0.037333620716318	0.685183214218144	560
-0.02093689717697	0.68373641774908	62
-0.115339105214613	1.30077014801047	31
0.112123061494307	0.114973131154919	31
0.04070975443898	1.28393378701513	31
-0.082438036698653	0.680986212673671	31
0.096098358663889	0.327467819632554	162
0.11561420249907	0.11228656899571	62
0.112123061494307	0.114973131154919	62
0.04521666021964	1.17742751256178	560
0.008751012063338	0.831961924904819	560
-0.0486071247521051	1.61666558991196	62
0.061502150675902	0.712296333203676	62
0.011081582561987	1.25886585561799	62
0.028248555133356	1.27287035017857	31
-0.020970542693042	1.64065543839897	31
0.097021382667809	0.24351710438021	31
0.074058321086755	0.946588000396048	31
0.117146314458329	0.17285330797127	62
0.1103649425748	2.10662604671333	287
0.042406858760462	0.247350039857603	162
-0.114947523522587	0.390085146048426	62
-0.077320043974134	0.216984852328106	62
0.079028013381778	0.97597824802398	62
0.107086933485492	0.485441911015712	62
0.047038184568935	1.29277312851326	31
0.114475022054624	1.03195789050453	31
-0.030515795786573	0.349998025487054	31
0.083359088707731	1.19606366402143	31
0.097443001733452	0.247947487066389	31
-0.091309681046568	0.694429252815164	560
-0.00187039005388601	0.509560607219746	560
-0.0100339805340171	0.478225654990582	62
0.029273947981927	0.274449189425089	62
0.113677895834054	0.881781720659389	560
0.041160548700336	0.720231230636217	62
-0.109786296054019	1.08957732319355	62
0.108915129065479	0.343071444516437	31
-0.048718651415306	0.629657266861913	31
0.029147490594698	0.766950694731563	31
0.067055438148787	0.805069682612704	31
-0.116057340012901	0.550543457517695	31
0.09184183676498	0.290137749112784	31
0.044500483323782	1.19715821385053	560
0.06768391574548	0.418258713378793	62
0.000286194877682	1.21070282468284	31
-0.057397215690692	1.41978454077832	31
0.081799754296831	1.10987338410976	31
0.069867407110541	1.1198745007863	62
-0.036687073618545	0.604454914941384	560
0.03290932910554	0.658754507827201	62
-0.028404915398939	0.710035020802884	62
-0.073420832860796	1.47189526455685	31
0.02985697873006	0.923890016360137	31
-0.068308480338509	0.612457386413035	31
0.09115180222059	0.667939392043126	31
0.037951845541761	1.07060509224397	31
-0.030409675898478	1.18074132982219	31
0.12208688205749	0.918665513790917	31
-0.082241840408071	0.920578578900938	31
0.106247103285957	0.658497084023329	31
0.081419766207148	0.461913266899899	62
0.015018025907167	1.31198106379695	560
0.121828885739382	0.768677398385464	560
0.050333111701571	1.01081358883661	560
-0.065270526213123	1.0264095187147	62
0.059643281162107	0.812054166350236	62
-0.097651657962303	1.71976336605098	31
0.00766555072776698	0.805853983046576	31
-0.059897275251256	0.911185596721901	31
0.039794434352057	1.33244958862197	31
-0.03425231388488	1.64912941265728	31
0.096072635594963	0.805552112186355	31
0.029811880535613	1.01581420685633	31
-0.106559564888094	1.67458760728711	31
-0.031621323597175	2.20498129618783	560
0.122698054895806	1.19825043816258	560
0.081363223656377	1.21417991717317	560
0.043031534604418	2.33312593031619	560
0.010050531739922	1.27067486660918	560
-0.00933799723336504	1.13608449839691	560
0.099413303686752	0.585106602888543	62
-0.0481377102568	1.07486510898734	560
0.106586816849487	0.755878776922477	62
-0.061145813058377	1.45356061871008	62
-0.00991852426218198	1.26269113386303	62
-0.078084889223932	2.33212821620154	62
0.013053802766216	1.65064807953122	31
0.068632193241697	2.11328797158318	31
0.034301930353589	1.89624746777546	31
-0.00336879034844295	1.63865245337635	31
0.103710534410211	1.10981954365257	31
-0.090628127611132	1.45016595362916	560
0.031423939518164	1.44636283467385	560
-0.0334299223226709	1.88153645489821	560
-0.047147085558935	1.54972342765446	560
-0.077847054189693	0.824302857080551	62
0.06654500695248	0.505797386715857	62
-0.04604189825547	0.466105168085972	62
-0.00262647332120003	1.5489006773008	62
0.054353987195419	1.24647353569441	31
-0.00676840784595401	0.400901784583509	31
0.12134538254568	0.873161047005345	62
0.050766963543914	0.988783042568396	31
-0.015984905249662	1.01458133607046	31
-0.0110851633382481	0.399148696280702	31
-0.095309363332312	1.51976669915422	31
0.022794098913563	1.28183225013465	31
0.08753884857389	1.82007516507617	560
0.029597035286821	2.13027684429164	560
0.101439703311731	1.04144218681824	560
0.002705117552671	0.699269600381676	560
0.031322097231802	0.711149329780715	560
-0.124148844500715	0.830554597614494	62
0.00315565517776301	0.429849420965652	62
0.116607118505603	1.05376120551511	62
0.077626498816005	0.636643870673666	62
-0.091145981517786	1.15811643894277	31
0.098929887479713	0.85175478869981	31
-0.109193773782949	0.96010090388201	31
0.053195253070204	0.397899806748133	31
-0.012552725815891	1.22525783764494	31
0.059333170188371	0.791926145184166	31
-0.110827618211896	1.84982821324701	31
-0.015317156771896	1.03685019133214	31
-0.038471211818397	0.746933063298319	62
0.029453083783596	1.26527956831351	560
0.080738457336995	0.739456310316335	560
-0.084091852641016	0.665286739573401	62
0.017885939694285	0.408894799239032	62
0.116695547463894	1.03806544770018	31
-0.058878642668084	1.12944638660722	31
-0.0491266665764471	1.30014797609342	31
0.02438551937909	0.454209207758782	31
0.055465457901283	0.935619126843345	31
0.015237256872546	1.46821769770727	31
0.00601592962796299	1.23397787335023	560
-0.123983741348387	1.23285350470314	560
-0.0806582676680701	0.579332387239529	62
-0.00421933708759303	0.464191703540921	62
-0.120423290771618	0.699525741245823	62
-0.064233612245123	0.519128696727315	62
-0.053999756487776	1.67742360479168	62
0.00466952944994498	1.27319060412527	31
0.060250575229717	0.793304799647892	31
0.118218335383439	0.428181614050786	62
0.072239641985648	1.65755148497145	560
0.06459055125881	0.384749059266054	62
0.093807101147213	0.334448501630692	62
-0.082072125409828	1.03380269104659	31
0.012574102492858	0.53244342664058	1813
0.071734136165439	0.573883231422542	1813
0.011585123733442	1.3147788877886	1813
-0.090266127507219	1.66159379194006	1813
0.002895532331182	1.22835582336317	1813
-0.025798804914319	0.655688842927363	62
-0.013658969691142	0.923195776819294	560
0.067776642872088	0.448211411634398	560
-0.039513117949898	0.457557868167294	62
-0.116014361555134	0.679344458440987	62
0.098821866661816	0.60456659349896	62
-0.108474843150998	0.982327603318774	62
-0.042372322143262	0.786571118728382	62
0.101981189899388	0.979635150556842	1813
0.087628356605869	0.955371050645213	1813
0.00458051630199602	0.930018964525673	31
0.078152188652539	0.5938675377774	560
0.0216192895842	0.409302356324428	62
-0.046142076616581	1.53140829149152	62
0.056227575914709	1.03061135249656	31
0.048596051271549	0.448769272060656	1813
0.107263918312855	0.680674696133972	1813
-0.094780275872145	1.81933141580195	1813
0.020118808894993	0.947469512735244	31
0.101921252803257	2.08946453658236	560
-0.095362214737995	0.496815112565031	62
-0.019713047248529	0.542957725619325	560
0.043080663572172	0.523785889794289	62
-0.0368091340730921	0.355684153023722	62
-0.038125562212488	0.350173191222704	62
0.096810263431359	0.517653549566925	62
0.097102676754199	0.421250644615801	62
0.093400928072099	0.248020727558265	62
-0.022566380441039	1.01912727171043	31
-0.106665632115543	1.12222152502708	62
0.064123435056958	0.938430563886459	1813
-0.074956195774381	1.72095427200362	31
-0.051002156998299	2.23851594981528	560
-0.051278730047834	0.289068500317413	62
0.010364244720928	0.689100693631206	62
0.117145658247666	0.586753701042312	31
-0.00865487011902499	0.464365293648699	560
-0.079121759249605	0.899822195855332	560
-0.111262144841332	0.390156831277408	62
0.119742126274644	0.386064007800636	62
-0.013409683194596	0.658075872166287	62
-0.019091621479796	0.486913519256604	62
0.046119519208402	0.307475132914654	62
0.089820894642135	0.300594598197441	563
0.029787764546539	0.765058507570902	31
-0.00227860982139305	0.508993162118595	31
0.050219386316054	1.13072512424815	31
0.12484304459761	0.536174263364284	31
0.097632803242703	0.277247630161593	1813
0.034520463298758	1.06164054576455	1813
-0.014876375462872	1.21283071409064	62
0.033752994400581	1.42646032869347	62
-0.112739777683268	2.09141250992987	62
0.049469196017579	0.710209621479629	560
-0.066837686021799	0.855679645010429	560
-0.06580999699746	0.608223166176151	62
-0.10597391424832	0.942338133331593	62
0.103444505890309	0.743683651121336	62
0.02037457484973	1.4487697900779	31
0.023341500093273	1.42391856431746	31
0.065448392674032	1.17779905903244	31
-0.041043997791999	1.63193146319846	1813
0.00332268992958601	1.50469415878457	1813
0.05047011847418	1.25628796422938	1813
0.087116348087676	0.985300922753227	62
0.117725293573109	1.02640806394998	560
0.035999012026484	0.599488811795844	560
0.095090111852003	0.293832579331968	560
0.031923620240201	0.581183305068432	560
-0.021880115049872	0.690183162639543	62
0.123636898039869	0.366348075648682	62
0.099992228566888	1.0389339210205	62
0.028119249357225	1.03161600303241	31
-0.058957622791596	1.00111932806563	62
-0.00594113317589395	1.28259161215545	1813
0.082442769065548	0.82200479122036	62
0.090438750564241	0.472357819504074	560
-0.0251490851092751	0.885626308441663	560
0.09603681188762	0.434154718361606	560
-0.083766633554906	0.226437544952762	62
0.031828794822417	0.830513406554543	62
-0.111262144841332	0.390156831277408	62
-0.0175618591144791	1.29476055161573	31
0.036355392642889	0.88814991347421	31
0.067036102684126	0.799301060260911	31
0.075171885922532	0.430676146056815	31
0.112293754544584	0.928590015888139	1813
0.123461003382182	0.988092473666432	62
0.005365495512065	1.18070715358378	62
0.069206233735514	0.411992498009542	560
0.105115645523549	0.279852726983787	62
-0.120455192624211	1.17169140648486	560
0.100592989144799	1.23946587570151	62
0.013259878207032	1.17700597651524	1813
-0.067399826304628	1.21262132677357	1813
0.031314127343302	1.00132070886852	62
-0.014562512397021	0.545445369084738	560
-0.123394579910691	0.566487726496598	560
0.076908922090337	0.397086917217388	560
0.106594088523042	0.431229293112134	560
-0.046455446087595	0.919719852931727	560
0.077523115892878	0.677351870984405	62
-0.026150804814878	0.767728722824261	31
-0.022484597764463	1.52868673860985	31
0.116474202050129	0.507443475478739	1813
-0.05419437479113	1.41538673387062	1813
-0.017039142001199	0.966398011940665	1813
0.00787913429603199	0.553265869687672	1813
0.009126886481921	1.36095214113681	62
0.084398079519123	0.444839019236969	560
0.054710945443074	0.770702891425396	560
0.059791915779991	1.33608635811231	62
-0.08319314715793	1.63156693178007	31
0.065315255614705	0.854443493663278	31
0.093662166404123	1.09277043569508	62
-0.039767304615919	0.680659460172543	62
-0.057506399267284	0.726649219865474	560
-0.018072400471202	0.726491314209997	560
0.09050220208544	0.249187052377822	560
0.122128834824175	0.459966412123733	560
0.038540811375226	0.472241182595694	560
0.030276172028236	0.609645162691821	560
0.098868097288031	0.290450403235062	915
0.029746463843608	0.325816924993909	62
0.015136539314122	0.622144790606649	62
0.109401570339707	0.916380880667251	62
-0.063819131625402	1.00762523078892	31
0.001964957738817	1.43427077973946	62
0.031725318445155	0.563514857807793	62
0.079981874990345	1.49805292163684	560
0.108591330686146	0.73870595956283	560
0.077385481215976	0.696050482904486	560
0.113110903503346	0.641775235099035	560
-0.082965988562535	0.853092524113966	560
0.093976079922939	0.445388302180559	560
-0.0407994025032	1.27016158076288	31
-0.051927313904878	1.41701130954677	31
0.089921834702296	1.1227065523004	1813
-0.00113598654632596	1.12218053157805	1813
-0.068341440833178	1.55012458762382	62
-0.058966228115848	0.296401349297715	560
0.082915148402207	0.585361671042268	560
-0.105883817715404	0.956006117992398	560
-0.0101887239661	0.402063480250216	560
0.123854930379328	0.419947293846608	62
-0.00910537028348402	1.58585630930163	31
-0.0240598456065561	0.940706987891473	31
-0.103063288186777	1.23061455599801	62
0.053754010309111	1.76132421635088	560
-0.00528776984922796	0.905742630059281	560
-0.098559326487327	0.720466053786952	560
-0.08423971665702	0.740554479621682	560
0.04414462803812	0.363411563230557	560
0.115507073642851	0.610083679411152	560
0.083975320876899	0.61007993278566	560
0.04512965573289	1.39240319797399	31
0.013998501915206	1.15104466628789	31
0.013495010678799	1.27047655741811	1813
-0.00689573063986504	0.516106835760019	62
0.120095189635336	1.07790361050531	62
0.053681877918202	0.933536103375511	62
0.062144802644379	0.832499753506962	62
-0.049015645419324	1.00521014122202	560
-0.035895325652154	1.73447314003913	560
0.079396051713998	0.792424740514623	560
0.084193457879772	0.513115130039898	62
0.085092468598905	0.482225393812307	62
0.08601231288806	1.14545538209441	62
0.0730114017654	1.30231454098866	62
-0.0115486284383201	0.65681751654141	62
0.11691637604043	0.853220843974517	1813
0.019009518361276	1.45707717343853	1825
-0.055972001076021	0.719263493218308	62
0.107954561187823	0.743036876819042	62
0.049550950417248	1.00633445351209	560
0.052132137449651	1.68694290919061	62
0.058175244250744	0.508701407760965	62
0.098067921863153	0.503736314864345	62
0.039634465729872	1.59266938196119	62
0.09154283102128	1.46978902893553	1825
-0.00911963581794895	1.43442847545666	1825
-0.046743110665496	1.70107947755158	560
-0.043078717722414	1.57700943885441	560
-0.026265896364273	1.68771595156221	560
0.103168448994023	1.67985128033172	560
0.072402184338688	1.25655064284997	560
0.043151870702065	1.11406956378134	560
0.120492696700819	1.24833133204894	62
0.019333175865954	0.735849687252573	62
0.068637417859138	1.68237392346679	62
0.024702313656034	0.683705950956585	1825
0.10753929197208	1.69107446361436	560
0.061967876119984	0.773791063367848	560
-0.027684743201124	0.865598241169658	560
-0.048481679155561	0.761495893509576	560
-0.01704129361648	1.00290681904896	560
0.079189319670313	0.484554872381712	560
0.026594799547884	1.27445232520995	62
0.031625725594902	0.965113743852714	62
0.044141542372055	0.664011797071345	62
-0.102562112528858	1.17346819342316	62
-0.097431274821948	1.51519441821753	1825
0.102694616925105	1.17294847199534	1825
-0.011295881039477	0.656409227438332	560
0.029051815097049	0.582030144352764	560
0.106004793596198	0.349131109014474	560
0.102003317498518	0.657714343225835	62
0.114239348099523	0.638323757676462	62
-0.00829008968716205	0.952193591650984	1825
0.038467896592667	1.26018956619006	1825
0.00784308083423801	1.42887666017023	1825
-0.022449460487433	0.552825820489765	62
0.12142309923004	0.736517232132787	1825
0.120404551374188	0.594666449019123	560
0.054865904577747	0.621760991355766	560
-0.030271137688206	1.46730510055952	1825
0.082608937401124	0.990593403766225	1825
0.00586908165948802	0.495183615332382	1825
0.082255647846587	0.544703156504067	62
0.027510564458161	0.32711720537821	560
-0.083008122490192	0.573303752643484	62
0.054309995409139	0.352477817493326	62
0.065858914041065	0.857758150707345	1825
0.105902115409662	0.867619040959438	1825
-0.072362552952835	1.4792467860249	1825
-0.056411522449928	1.93323000181961	1825
0.040499700461713	0.654130123085314	62
0.057706816511738	1.13925957980736	62
0.090184286825577	0.862605272216048	1825
-0.064609847869162	0.516689355280529	1825
0.055118584609107	0.758095284133068	1825
0.042390947100094	1.17064069200245	1825
0.03531719574536	1.32688558625058	1825
0.038282173974669	0.798759787688698	386
0.026922551139039	0.330430656440913	560
-0.048563853509319	0.810671858967029	62
0.032313178204091	1.08010778864136	1825
0.015306481409262	0.89466464801234	1825
0.09520575564272	0.999942918519248	1825
-0.06304883596986	1.29474166721886	1825
-0.089487561386678	1.28832021750072	1825
0.059613905935462	1.32621090207555	1825
0.102857867101042	0.461151439738718	386
0.088815325475466	0.298468939665101	386
0.075173240719462	0.522041238758587	560
0.087933453025046	0.854229696068513	1825
0.057808217653413	0.983263934787552	1825
0.012130232192239	0.992470186153474	1825
0.085527841982681	0.799904231333509	1825
0.086038754201836	1.27551771283179	1825
0.04053890504084	0.970803236185901	62
-0.00972604677811795	0.796959633674696	560
-0.0833397336337161	0.689760655567008	386
0.043406674041753	0.622248527175548	386
0.083905255785012	1.03073711468538	62
0.059263783944848	0.743060825161936	1825
0.054373135019577	0.396575675034235	1825
-0.118848625871089	2.10747326016418	1825
0.111445755245439	1.15503295572578	1825
-0.11889172908398	0.933533758943211	386
-0.050048286015056	0.879904167860805	560
0.016817192487183	0.421143891642921	386
0.039113424792125	0.199650098479209	386
0.114180927038326	0.452630715070541	386
0.092136273521164	0.694920816818381	386
-0.00773289834778501	0.463345324507396	783
-0.00511984255417497	0.611131200845204	62
0.100089262964561	1.08062010373163	62
-0.111841636471813	1.52927051233058	1825
0.039334773495112	0.87634457878372	1825
0.111030373718722	1.68731847120807	1447
0.014419894810279	0.986159346697061	560
0.07368814470541	0.8481050762326	62
0.066624137807	1.03086916214675	1825
-0.0128155757606691	1.64347205373701	1825
-0.0560751774745	1.38385491906342	1825
-0.061228665573966	1.69712038459052	1825
0.07692272056573	0.848599623444822	1825
0.077819376391349	1.92516739865425	1447
0.017311794049103	2.32969711855452	1447
0.118026855981719	0.527074316548471	62
0.037785475389462	0.771685372079144	62
0.029321640531865	1.47564344527845	1825
-0.0543457292484491	1.30311923469215	1825
0.089690130689823	0.739861170624339	1825
0.019587086278004	0.853319827581746	560
0.079655424421812	1.08257380883423	62
0.113933461811144	0.391253932070629	1825
0.080761781523132	0.770694290095182	1825
0.093510430147136	0.452373557466703	1825
0.119993213344347	2.42882951939939	1447
0.00211703027939902	0.569918091995073	62
0.048401670991472	0.861082245411718	62
0.09191201071399	1.03562384172037	1825
0.046207069353938	0.729434752226055	560
-0.075488310867859	1.05371111440245	62
-0.092672707672516	1.75497734707142	1825
0.026472937162131	1.11275569688734	1825
0.076091087793591	0.881637453537199	1825
0.097086180902144	0.283808880911884	386
-0.081457350854413	0.653180287531377	62
0.00723942322245202	0.80238259724835	1825
0.105713400433666	0.534705954290562	1825
0.010489930968955	0.493365511335301	1825
0.09831613655389	0.789271081329311	1825
0.116017421679658	0.557769472733108	1825
-0.121412653561276	1.00046798874034	62
0.042097263430197	0.197596168935613	386
-0.056062870866423	1.16123304929471	1825
-0.090607139365816	0.925033620434112	1825
-0.023188906452539	0.484942613370354	1825
-0.065547914356113	0.683641919469575	62
0.05680534046877	1.26940194879896	1825
0.07150010382861	0.876202095400674	1825
-0.024967739431944	1.32281479254952	1825
0.060563860574822	0.719215919182589	1825
-0.037954298525992	1.07807529253916	1825
-0.062460956635379	0.508169169463295	1825
0.068786709204717	1.15894702219398	62
-0.01152365047465	0.589368047678989	62
-0.00274786985452002	0.680214797581029	62
-0.094294544579948	0.611129160207037	62
0.117360859026165	0.742218991652788	1825
0.028618811223477	1.12783743702265	1825
-0.056395349629387	0.876916007840289	62
-0.099497760016511	0.837702398074647	62
0.06578154578994	0.920243762251482	62
0.121923386331554	0.486351942844531	1825
0.079489665947022	0.507521854781825	1825
-0.014746182696611	1.5496413298593	1825
-0.00235914935205706	0.986367190170353	1825
-0.061062428771704	0.918535097816732	62
0.011584044570828	0.798737798568939	62
0.10261321481405	1.21001140627578	62
0.066256073488525	1.71745178438562	62
0.013906010821569	0.622446941337826	62
0.110813826690365	0.113772710115371	62
0.09647134545108	1.21979447550729	62
0.093777952178156	0.937926662587545	1825
-0.064024968522057	0.693691277355666	1825
0.025814645231031	1.8780345210044	62
0.018092506170989	1.94872016647514	62
0.035347169912992	2.10250688432146	62
0.062023751289699	1.26346987097678	62
-0.08906512362794	0.983950242501255	1825
0.000688831259555989	1.09891357175168	1825
0.026571847116155	0.943519597980499	62
-0.060978073180347	1.33566576749491	1825
0.046231132374829	0.774910868868617	1825
0.03597051410521	1.78713857060245	62
-0.113205142380239	0.55516392538226	1825
-0.013134569663141	0.587315363746793	62
0.077726300208123	0.809734433953885	1825
0.017622469439249	0.976909551488821	1825
0.005435112943104	1.49704800497954	62
0.010037281384942	0.749340923556765	62
0.00121081275697599	0.754573268782971	62
0.033951779834976	1.14736074175668	62
0.036628157551296	0.862886248286635	62
-0.011926484847254	0.71980311377431	1825
0.111408764276994	0.72815003815551	1825
-0.109492928970201	1.45783802887003	1825
0.087943782951693	0.807253536123801	1825
-0.039207215414531	0.788922386217615	62
0.116275542252345	1.28184069709895	62
-0.092883261053337	2.36632999302896	62
0.117067294105328	0.904051776060085	1825
0.124736436298121	0.821087957173189	1825
-0.033766354870446	0.597753088441806	62
0.077601607814287	0.465181111547464	62
-0.00300201938875	1.72690333491015	62
0.055009861474181	1.263893780394	62
0.096605725320378	1.04922103525158	62
0.036163462463282	0.611055606925187	62
0.002892372284093	0.60330456788254	1825
-0.01053954634614	1.2752269550165	62
0.090098937540736	0.872620060223257	62
0.090136413011108	0.604427810506508	1825
0.049094276381485	0.491511452947226	1825
0.041494713238087	1.0836921819559	1825
0.00607873265095399	0.861187877297918	1825
0.04269872677336	0.364541962700484	1825
0.00731444865168801	0.538336112391477	1825
0.032293908959333	1.04853925347763	62
-0.011069729035176	0.713505236680729	62
-0.096197658949761	1.20982186532828	1825
0.035203717085174	0.476310081202664	1825
0.050841903444097	0.95042178475571	62
-0.00338951802362097	0.675109049309713	1825
0.07255812668502	0.625573592944322	1825
0.100413999945728	0.625702308606002	1825
0.036970456432059	0.725708559383125	62
0.027019119225756	0.888596473085111	1825
-0.054414725452677	1.01789034994472	62
0.00379468447449399	1.0031774652914	1825
-0.089821770747593	1.03453509970434	1825
0.022156147214432	0.748822561715388	1825
0.070424590782593	0.504171229139875	1825
0.02365752030909	0.629397270903055	1825
0.120866073187741	0.540204952729777	1825
-0.017873126789601	0.872600785110551	62
0.041185940931424	1.05267340474525	62
-0.035996144395576	0.743341326581382	1825
0.085245908132121	0.639703291367362	1825
-0.02374032955334	1.12875144176899	1825
0.047408299523521	0.781283837979671	1825
0.071014625654118	1.60133373182428	62
0.026275773034533	0.449613074655906	62
-0.085340152947338	0.58262949236797	62
-0.033130944110948	0.353339209113028	1825
0.11734673421977	0.64607327503279	62
0.088039854132168	0.295864157384685	62
0.020729427579332	0.272124650702006	1825
0.093831072476591	0.329376945524744	62
0.030399275786164	0.813199899947354	62
0.046713590512609	0.758989986308307	62
0.114880254104507	0.429737744347824	62
0.01254526148824	0.840542886950355	62
-0.092027965441677	0.608688062126339	62
0.061487990214706	1.51593070850964	62
-0.063805261015853	1.41874745758119	62
0.074409188535182	0.887264295432462	62
0.108748533424768	0.783656158946827	62
0.046309731561582	0.366432856166186	62
0.122793263967017	2.25694014256352	62
0.086944121691568	0.628255627509298	62
0.033799355658239	0.835168202153701	62
0.05084572767998	0.65088720104249	62
0.098150046566205	0.943503577557539	62
0.065428395960759	0.837713617067929	62
0.023451104130457	0.983195348279131	62
0.113767941202987	0.7387861499571	62
0.067999320645038	0.725994176654275	62
0.119057220943824	0.686654955089661	62
0.072286066281545	0.819527120012246	62
-0.069136792960374	0.715006554587716	62
0.116440644964471	0.568238216610941	62
0.022235753610067	0.729242425321907	62
0.057436202736465	0.713946587046323	62
-0.04967043286804	0.629008522767881	62
0.10632240498686	0.776499732658253	62
-0.072763784804618	1.09244244298235	62
0.05724823929773	0.87660045973394	62
0.123061847074115	0.767253928997571	62
0.077220164102192	0.884126873975111	62
0.072193912835522	0.866581713600285	62
-0.037602099014487	0.604529319018028	62
-0.039157019278548	1.07898303685039	62
0.111898305851464	0.625422695918912	62
-0.115076957745841	1.16503381056215	62
0.00385499176854098	0.891347677543763	62
0.088707130579019	0.64763569215116	62
0.070253245094701	0.770863485315473	62
0.112051392991306	0.569033923186123	62
0.11133387988801	0.113712652956432	62
0.119891125978779	0.656214431445374	62
0.108413131217583	0.511177348652955	62
0.017625257237274	0.981531213031889	62
-0.104557919746439	1.19899152293385	62
0.106502188035005	0.633238869794085	62
0.071454276711066	0.551645342203115	62
0.064854106546919	0.939415499613716	62
-0.031606548599864	1.41346900535653	62
0.00182555841402099	1.17738873381011	62
0.109229216163037	0.880573606056182	62
0.029082584166145	0.762084045088083	62
0.082156199425356	0.828811006546543	62
-0.031964315871016	1.00411451201039	62
-0.024147207414432	0.625515823468052	62
0.019587825527764	0.412153636154274	62
0.099253833856731	0.355325680820874	62
0.079078790316861	0.622338993635913	62
0.045888472619631	0.99606333858847	989
0.074995186016169	2.39572602075939	62
-0.077554978962053	2.48512665439107	989
0.060855580058485	1.68835519853885	989
0.025972782070178	0.454066213612347	989
0.114168363998267	2.00707720142595	62
0.030089124606888	2.0083659931871	62
-0.026661755590605	1.90961649245868	989
-0.024239701524751	1.84809820232661	989
-0.059076737223736	1.7436093545768	989
-0.037222219948035	1.98946249814639	989
0.025762008638801	1.40338737725655	989
0.094283300271964	1.23145743627586	989
0.023295837589407	1.0148170046789	989
0.087194541659029	1.23043597413462	62
0.104550035835033	1.10414883425883	62
-0.0382150749060261	1.32990333470642	989
-0.045625002948559	1.85595781587923	989
0.083523345340236	1.40617724600183	989
-0.022162628897082	0.959023318057631	989
0.092954930717783	1.00080905203926	989
0.038568981881509	0.195198776855246	62
0.111519097435238	0.961519429483412	62
0.118216421030096	0.746490708809518	989
0.018665485633796	0.520971659097554	989
0.095271084113484	0.78811592130811	989
0.072718179915278	1.44385084660566	989
0.00173366908545902	0.666583431246615	989
-0.00494674466521505	1.35884530295873	989
0.061865202604128	0.882188712957778	62
-0.02995082532093	1.2212049553267	989
-0.048520309514285	0.796912068400509	989
0.104867140546452	1.2264924742539	989
0.00776868110121898	1.33090356629498	989
0.122693228760104	1.1289806533911	989
0.079515101711904	1.07442147875052	989
0.099300499060847	1.28508315772596	62
0.097853807500287	1.31255096866369	989
0.045427509101853	1.52407746782699	989
0.11852645387471	0.633736500714688	989
-0.078170980959644	2.22939566806404	62
-0.021637278445424	1.14489776884575	62
0.113070243315852	1.04521878907903	989
0.069992679389574	1.06999549110344	989
-0.091772007888669	1.58270235792276	62
0.043012687874167	0.867200898122178	62
-0.0431697248121971	1.67739320677232	62
-0.076653723454334	1.45321542207841	62
-0.036073039006484	0.717146937338482	989
-0.06563677621273	2.00431363933688	989
0.098448535470941	1.75955824120154	62
0.046973660530318	1.74540642046332	62
-0.091791831578262	2.41808595716193	62
-0.070882297969861	1.4365195650045	989
0.099262558868085	1.41330626398631	62
0.080924893783019	1.73735747868881	62
0.090861984301125	0.632858121610421	989
0.119921307160189	2.03913498476404	62
0.00880805874521001	1.20448654513353	62
0.112123061494307	0.114973131154919	62
0.077499086928921	0.55365139694644	989
-0.005239378501946	0.942636611844777	62
-0.013405697061889	1.04862622150864	989
0.00655402770854702	1.07019986277737	62
0.037187958115675	0.473649093760708	62
-0.050059166066374	1.92418586401714	62
0.027471979911906	1.27002706232755	62
0.018697832140485	1.79700968321999	62
0.018342187621448	1.67487640516088	62
0.00942207840484	0.857139200473805	62
0.030906794574079	1.82616384177924	62
0.091916592753031	1.27021299059804	62
0.030104535336285	1.73395749231938	62
0.069945605852667	1.51404997128471	62
0.060958952628114	1.56608229891702	62
-0.096532155470463	2.26239132015629	62
-0.060838126941615	2.08322446325111	62
0.020762836875815	1.73864488814164	62
0.023934785969186	1.01648034098416	62
0.00820436102476702	0.980826030812183	62
0.115806132897635	1.43256888352889	62
-0.0160918748655911	1.86972210954713	62
0.029364473735207	2.24705365354627	62
0.060533866427968	1.76495205053547	62
0.116028628521712	1.4792630272961	62
