x	y
0.263071991836176	0.275995080891107
-0.186706560112598	0.161650089152459
-0.834885468188873	1.13100470137855
-0.131166368824736	0.0955728674578656
0.558808024810748	0.496357321680037
-0.244466668081936	0.192142322435698
0.316559278223989	0.278368245629822
-0.0175888303419943	0.0124850040418864
0.31072390246171	0.277419224271792
-0.771837592077745	0.832123551214392
0.0639572445569959	0.0445003475909105
0.00580298311669434	0.00346535181291557
0.0166479459313244	0.0106769988433578
-0.723306870475235	0.846705228488272
-0.614575139715623	0.681964255235393
0.617342138453918	0.599926227937214
-0.775421371141145	0.805101862296106
0.133038157845527	0.0922163347456529
-0.0625668950934056	0.0501645782814089
0.429622579420709	0.448662825639426
-0.355151499478685	0.317858614034288
-0.331856924454203	0.277704284644023
-0.770485915085516	0.887539304553971
0.110109467378336	0.069712195752822
-0.0126990936956681	0.00749978867790487
-0.840234867350963	0.978078191467587
0.344345978490486	0.251274510086886
-1.03883906382687	1.30474129627112
-0.224482564194775	0.176733030920735
0.134376116027804	0.0974928451382318
-0.952795379671847	0.888570081666864
0.0123274177492314	0.00793629015632399
0.0429564833938766	0.0300085172965862
-1.01105032986817	1.05228525683578
-0.92250878849256	0.987833301845648
0.348244868586349	0.26181867455458
0.233237624647211	0.175577023587962
-1.25261898841192	1.29615753341701
0.0896756042424474	0.0509079741697375
-2.51492378199632	2.37012708389382
0.225317060056647	0.142308169504159
0.432195708659521	0.255691682318846
0.259931716325493	0.147651948334663
0.138526610610775	0.145018679023729
0.900803391863889	1.8601845308889
-0.218544979456637	0.320130917854837
0.54028405295365	0.555264781565628
0.892897066714122	0.814944402204386
0.0139707638445222	0.00897591488571415
-0.405803935963727	0.24875017456871
-0.217877847932076	0.148885197248725
-0.22096626845166	0.125474272221591
-0.0102636901040538	0.00605849179459151
-0.620987185105104	0.569787136649801
-0.0109041103974383	0.00643542583890687
1.39790483641028	0.843312429550933
1.43386694076835	1.77719909155373
0.23364258533788	0.139897578475379
0.786843515739651	0.532559026484727
-0.354269610002558	0.225172628899919
-0.316851471213894	0.238513330712217
-0.436043612195206	0.379850295352246
0.839255420128577	0.669122540598244
-0.5116379088647	0.827567338860204
0.197480068985085	0.251211723414784
-0.367514619516814	0.517046930719902
0.503934884223366	0.560421846444861
0.733882746773475	0.743619012317473
0.232244031884854	0.139199278152568
0.663838658934679	0.518238353924945
-0.404927694368281	0.246149149475348
-0.760425962787734	0.598212479546893
-0.311562341575036	0.158534455516731
-0.614323115266484	0.399498058054623
0.623054923650373	0.503200681471617
-0.867158104830072	0.579368578568374
-0.216828935533576	0.126758128997994
0.471630961909308	0.167165777345701
0.238989420051404	0.153387593283049
-0.658402120019927	0.475286430475375
0.247634928632118	0.150055959524608
0.0980211567289665	0.0320153185205947
0.642144994130565	0.392250080360611
-1.00851275712711	0.61354748271596
0.110919226921233	0.0735905836849507
0.0860910742366985	0.0400367666737129
-0.61453810160694	0.386295323026041
0.381476451967613	0.149051633133095
-0.0982293433468195	0.0462846500680506
-0.0439199801889805	0.0304556075168632
1.07150053026147	1.0284197091249
1.29419759227143	1.1185965003154
-0.159266390117483	0.183312453219891
0.602374642851879	0.912150108302319
0.274784384067917	0.49454969068551
-0.160844953554172	0.117704930593731
1.03008625847945	0.725717373704455
0.485222435914806	0.268382371219709
0.501620225271261	0.376604973778536
0.958091903102922	0.835918731241736
-0.219369814297509	0.124541691845606
-0.173664051398925	0.104011447994458
-0.570016264467493	0.434160807055071
-0.972575669175129	0.799181255435252
0.888593033318364	0.574452856723041
-0.669303762897495	0.32589877152953
-1.00999343694713	0.616311997528901
0.294043760774324	0.1428327913514
-0.528489359336137	0.347989549664085
0.541559077365864	0.262968859269525
-1.66669163503025	1.27530213318583
2.07790709526844	1.98940882988596
0.467898548511952	0.825065650500936
0.357233760453199	0.609952275288954
0.496084267057028	0.756520356120177
0.583247396835504	0.494330577054854
-0.563696054189366	0.525820194118257
0.103634846500231	0.0595319893307447
-1.29422427186363	0.975196654153742
0.0851143203002379	0.039067114155124
-0.124023938039653	0.0553599756945389
-1.23057014516308	0.698812458788379
-0.308548126669192	0.159386249760237
-0.182876237495519	0.108630205874485
0.0866889617471616	0.0402673102014369
0.640687974830802	0.40404467129253
1.21198552664334	0.659345006544456
-1.22238194685382	0.69363933078627
1.00125860967542	0.478929450611341
0.440481732740537	0.26267716476563
0.336142779876848	0.148627271902018
0.106699312271987	0.0317396669326602
0.0801421821592519	0.029458628849479
-0.210702528665477	0.0785542323168561
-0.406860069069271	0.249350942489022
-0.367382620932789	0.172981447021192
-0.160151993438767	0.0655352078497395
-0.37513919642174	0.176396462973594
-0.091040387718101	0.0431717076441268
0.502118005632984	0.604634806696887
0.211655483685251	0.24051226327162
0.234650889664722	0.270768616226688
0.202097536929926	0.266362669581299
0.217477388383833	0.382914085586106
-0.325435365647014	0.275293540855194
-0.0759955674669225	0.0387976125891391
-0.097768626970439	0.0478683956534084
-0.0333661134049429	0.0190461675524625
0.340297017909297	0.250316603873418
-0.3564342769875	0.266517404067989
0.830814114616777	0.803765613204711
0.293400686128821	0.138398436310377
0.439878698395342	0.263643056606572
1.40260426868568	0.816588820874016
0.551676352482202	0.480158117559957
-0.125086164219104	0.0562919377277448
-0.221202738841164	0.155985212969341
0.361068889346979	0.25699184061679
-0.47056124319281	0.268507152760996
-0.410738666994064	0.296855969936498
0.957044152070972	0.843082420744074
-0.217343544024776	0.254869660922041
0.375232051962051	0.696480185249824
-0.180166288937915	0.214694419098846
-0.147860940727301	0.09277477226171
-0.671320283707563	0.556858730334194
-1.08339961147969	0.449912801072639
-0.31000431826315	0.157428097424031
-0.26092270044763	0.140810757689311
0.576590648878182	0.383832896710603
0.629177839118979	0.290539095322918
1.02927332484422	0.610555982008989
0.0841209275426252	0.042160247665506
-0.207173367943097	0.0763232828711131
0.075671808703396	0.0310875902664687
-0.481666094606141	0.266369366075738
0.981322514149073	0.359607857634117
-0.300936312952917	0.201985174984568
-0.264497404854952	0.143159438312529
1.18695687133029	0.780331476074155
-0.460886575207875	0.199650098479209
0.091783419043569	0.0460698170033933
0.0886851644586668	0.0299012989852218
-0.102199991712433	0.0493427098876785
0.629400582139045	0.290654080819333
0.924459423610687	0.698068934149864
-1.28321791380037	1.65620395574277
1.33567544057633	0.949524819906155
2.20618342832747	1.55514096808496
0.532755967786384	0.838229641341461
0.167125761516446	0.239667254352024
0.528909901636454	0.54701662530621
0.338804271511696	0.259307839369363
-1.39712390998584	0.875722168152702
0.24299670624001	0.146902251096686
0.289691527600606	0.139607201340616
0.686767429561061	0.621855625949464
0.226875890518989	0.17117421200838
-0.715428209814106	0.42851163965363
0.111470202738618	0.0674851909332011
-0.868193784667219	0.671979473178796
-0.46723067629028	0.269350052473361
0.949621484631136	0.830006820919894
0.657314756959685	0.50151809054542
0.627830792533072	0.29035646345063
0.0978168440161787	0.0439472149366644
-0.184038027194456	0.128531207060057
0.546026207873928	0.385491350527964
0.615421439023612	1.06086165684314
0.215107030320255	0.276105757957832
-0.346795958936913	0.478107404447243
-0.459793059131709	0.320322533528691
-0.503658459298314	0.395602446090278
-0.0129981677218032	0.00763128134397943
1.26306938931574	1.21939586078497
-0.863064910241105	0.746707067219579
-0.294768767817506	0.194389918431412
0.731915579793513	0.526355953134154
-0.996217910217643	0.671020327151875
0.00611345236921828	0.00366460201928473
0.729872779400923	0.653185018302887
-0.852877526961655	0.723767311988724
0.471870437354975	0.256626193958926
-1.54796687323572	0.81541040729579
0.921693248016626	0.933070490846844
0.843259579794575	0.683889354841659
0.447120817241402	0.260875372307961
-0.2168756636222	0.125550368137222
0.532020828685936	0.261628886380367
-0.30450618930661	0.154844034841863
0.37247414273431	0.252462110084591
2.29943293023007	1.14280452226975
0.646683237205925	0.39812662784483
0.120922341586159	0.0770695101270086
-0.610107598701007	0.381598872649765
0.146131326302243	0.128509397580525
0.479137264361896	0.26629920759056
1.48994479385822	2.05070957887661
0.238302369381816	0.352801581800717
0.357359274237254	0.589736483378088
0.0760709284892844	0.0861967528838614
0.235967072282152	0.348940361049166
0.0392801541871913	0.0483162759703974
0.328316500652365	0.357552831895207
1.24254475811321	1.83994622295575
0.551054602538821	0.485696490906812
0.843968789932964	1.05180941510766
1.16181501538422	1.2992090769993
1.25043983503731	1.68102870931456
-0.0664646306779939	0.0529681305444465
0.225935067593119	0.156717286370087
0.617688666102479	0.769965670232546
0.983661509314451	0.953056136104776
0.458298869133934	0.374764547072701
0.740313226054409	0.834435308739117
-0.0143165258749435	0.00833827407357492
-0.0720597306041867	0.0489322534997771
-0.00557300312250898	0.00336281630056742
-0.94998477542002	0.883114224509739
0.140039754519171	0.107140475359795
0.683933516546933	1.27760835093536
-0.136338507331724	0.17194671515901
-0.220801206760653	0.298379285053193
0.392344678130625	0.370557519760692
0.213839083238452	0.193893030319487
0.224647428874718	0.19139425906835
0.565009919122639	0.579949201712996
0.124078743694865	0.0829525367609768
-0.755422448608108	0.601904440783124
-0.520327440568168	0.482458452383256
-0.698911018484162	0.684207066465737
0.8737908455226	1.20329446443469
-0.0992121052855034	0.0655926590713439
0.68211878755775	0.61556782955515
0.649177617178915	0.607230090080789
1.17674657223673	1.18467026342132
1.01258599008837	1.08533252007083
0.735964588226954	0.74292591096195
0.100884495982823	0.0580549264930795
0.0876821890211327	0.0403079941358815
-0.367513947018938	0.267503939343361
-0.766545029565994	0.6871029877852
-0.689292144827067	0.607416501334529
0.439266013235913	0.263003267665621
-0.141579593049272	0.0878764867673648
0.549854929767512	0.478498741005776
0.77508342314323	0.757056465692889
0.335788769566288	0.369434443385875
1.24775949317104	1.4265752692064
0.326585412813807	0.501210021267198
0.292703857517501	0.454003760695999
0.418477613127768	0.655438465078224
0.391277637498535	0.532061146543599
0.157513765789803	0.179048303702571
0.60565361304376	0.917686909531889
-0.0744956667875992	0.0732026908554795
-0.120745604248249	0.123204653323671
-0.334712237189619	0.327352670925744
-0.272779765268761	0.310379185732707
-0.0198066117069363	0.016488899715754
-0.350350035555603	0.392042599294073
-0.0117533620146202	0.00999694634412074
0.073039820887929	0.0689095709655864
0.415726144829028	0.604331520382686
-0.38254524279044	0.442852170902566
0.259100502843625	0.272563014782455
-0.68052776605409	0.839063464880048
0.25668586290158	0.290934477291699
0.986610728503672	1.47605528877814
0.397330530364827	0.442022435075603
0.351603234305632	0.432601296065717
0.957925102686644	1.91992725030764
0.485218537582576	0.629698534011483
0.3966650715997	0.451054800583472
-0.33826697793301	0.420070081052651
0.569759321210291	0.658965185917933
-0.084344961109524	0.0806401098997147
0.0374015888600706	0.0325310115545688
0.00305800008796198	0.00247952287498763
0.20910245075464	0.227047518478553
-0.0674094712467378	0.0645419137597138
0.0293116588692542	0.0240125449810051
-0.308064256622687	0.351529330259728
-0.151646594368796	0.149268468708098
-0.581749673062521	0.839050517332642
0.265560541473581	0.289046868323651
-0.514720175554285	0.482816585764672
-0.400935591582396	0.44675462931804
-0.56381228519505	0.785465325527128
0.345500722732063	0.35679390083051
-0.458533504726434	0.50486831360842
0.57231562836265	0.657427037690725
0.55381041820096	0.730585113824073
0.485237138229794	0.77082844237665
0.272650020803947	0.361442012467128
0.196659587823278	0.230294798906771
-0.169163356121108	0.191054699290055
0.0393624730878235	0.0388464619275979
-0.595419479478188	0.845530272712148
-0.455474772998024	0.634101738413189
0.0835059846054034	0.0870975665548508
-0.324545507165369	0.431912751479624
0.299336457765099	0.363269306303688
-0.203754286589307	0.234268786939526
-0.154073842289244	0.164700161472951
0.377150581226453	0.365645602254581
-0.19796763680599	0.160419393738791
-0.0793628195049295	0.0618696000634917
0.0507878376333003	0.0458819463813961
-0.17142678375292	0.18311220076137
-0.0860338062123703	0.0823030942848628
0.85222182803461	1.34347320342715
0.108899780540314	0.108493038896432
-0.226175705084554	0.236222296682212
-0.507338687765534	0.738168191184371
-0.302752413647745	0.348454710814762
-0.45766915959049	0.582250711340996
0.169468782334254	0.204603185043584
-0.00378955452240709	0.00320371695007536
-0.38279833286845	0.442952886691398
-0.12159011618183	0.113188784029389
0.217194310406004	0.247383823538138
-0.192061247889454	0.198181511318937
-0.129603199781055	0.131321435020823
-0.42462729735666	0.466278304104829
-0.00985899294152675	0.00722385061043664
-0.39654443444332	0.515449269808914
0.843882177538739	1.59008771885875
0.208600651666012	0.193130928832241
0.4645491491898	0.690388613579627
0.112847939262748	0.117390518196795
-0.649524019154062	1.19370272273133
0.201699515163242	0.237443941735502
0.205667005961952	0.252154462093531
0.0515888684679198	0.0481940367113629
-0.153481662946798	0.193485953527635
-0.540743023201156	0.808358394189263
-0.440698961813517	0.412940167213394
-0.0492272852083507	0.0339418974338623
0.275145201588128	0.290102302842714
-0.0863748743422672	0.0812094307821924
0.422685448961136	0.608642343823226
0.025427487564746	0.0226827844868406
0.380699459883877	0.440695288898027
-0.519456045076174	0.734953612764957
0.0205796200389717	0.0187472804120805
-0.242478292430598	0.269820688791993
-0.835386759344022	1.20893900686418
-0.368466424409902	0.52183694645007
0.171833949727957	0.1915744031949
0.132556263345649	0.137615890555254
-0.373148329858866	0.416734128892284
0.427387366958001	0.512640081353123
-0.533781201286306	0.742059988722336
0.16380934126684	0.177562327353032
0.352768828144613	0.442711808091085
-0.290957802673125	0.271753417004632
-0.161089838021966	0.155917662229783
-0.296395724602202	0.431626903131938
0.109344060682595	0.102875098622852
-0.143056124657484	0.12843529233067
0.403602340184804	0.451956256296049
-0.444419802713224	0.514867277381721
-0.828411307557292	1.16813939019481
-0.0562555826082382	0.0498911586101109
-0.348175962276577	0.390925916526126
0.055767044224896	0.0522664555228819
-0.00103313729624679	0.000826654455177831
0.594197238920311	0.59226826208808
0.471672504024154	0.460661781741804
-0.22330475868611	0.272759217953303
-0.0469105298242792	0.0429432518095111
0.10633288362654	0.0955957994319622
0.519158619575729	0.552646629880632
0.0306785218988912	0.0248919122076064
0.271166047305141	0.254537339322757
-0.0441402334795081	0.0399249105356886
-0.502267252328319	0.604530356502874
0.800051119287501	1.26926405314155
-0.0089610357658735	0.00843304587188879
0.42209355885958	0.443441030143071
-0.324570093547205	0.274091751908067
0.144186394393467	0.130320450996408
-0.0188276740086308	0.0159091062437788
-0.232807136719114	0.219714573121609
-0.400131111009496	0.444571889944756
-0.0193978039041315	0.0140637215008278
0.33380008117991	0.344978721723044
0.15790110793889	0.150934607147121
0.49503064171797	0.513329133896163
0.382895492084462	0.36182599467613
-0.068906565053887	0.0535976798011402
-0.0368411695314254	0.0257430383490313
-0.25061406819328	0.197593772645383
0.600568073725642	0.660027765937978
0.223789183539015	0.163482154833143
0.533703824232204	0.542790190462756
-0.0672386795278392	0.0526348459645439
0.12675665626352	0.0907946417995223
1.46559205034532	2.49791786075567
0.0411949362444223	0.0346040864762147
0.343143797798104	0.362748589775306
0.479876272098854	0.377824661474271
-0.863752702618904	0.743906963658265
0.306360612905452	0.261321789427213
-0.138802048450302	0.102731650927306
0.378341782295101	0.366347812434593
-0.453690268438418	0.366432856166186
-0.0312839967116793	0.0219476235227884
-0.143715188238189	0.0887119158245618
0.150770282679888	0.123508080516573
-0.572059440020058	0.43169473795239
0.0550402577767328	0.0407597158453441
0.156053643304964	0.127660409217291
-0.142588618918547	0.103107836346714
0.367126643200169	0.259675219388506
0.660896792534569	0.613305808179143
-0.177532930365427	0.123349546855072
1.17619481795759	1.33851316609128
-0.067944567076556	0.0464420183435613
1.08129286129149	1.14853791515175
0.576656042608584	0.371047646070282
0.337314621371922	0.362567019400277
0.474176815424763	0.548951457676616
0.672090170896776	0.877129812278981
-0.0862589177203939	0.0722022356166177
0.213955926523908	0.188529063077413
0.570309614993733	0.664449740372852
-0.0328033802715025	0.0265075750098151
0.293866751738508	0.353817383330867
0.487451999232862	0.545614919296508
0.278093746182185	0.275649693460245
0.0141102611597844	0.0105414883834172
-0.00463867732588827	0.00340385920719644
0.376609148463611	0.363386424718417
0.214526130943953	0.198844057295928
-0.275408038238066	0.232221144529817
0.367451835984239	0.361770055011183
-0.115124637176112	0.115445047501064
-0.162565623004242	0.130242529967506
-0.110665144339551	0.0849722396078357
-0.774689480623135	0.946736352595496
-0.568934077843428	0.603023321752805
-0.219013745841129	0.210786580075725
0.0530015041887896	0.0387171917491872
0.0766329511890085	0.057685311304033
-0.299302142688161	0.254973631347755
0.601082676246143	0.761317896935028
0.290734468239638	0.267018107204964
0.360249361004158	0.254788321235674
0.717258224847894	0.615695191890129
0.152807746930046	0.139154958663965
0.134042230296155	0.096477698648941
0.612020062111282	1.25143791469036
0.301345825660044	0.483682353024912
0.466668843411295	0.824823056359247
-0.350727862039536	0.503711800216179
-0.328492068720861	0.352562372420596
0.0327990687350435	0.0275206396451258
-0.182361472671407	0.149770362847146
-0.370960336638881	0.334758078080032
-0.288970796436996	0.240292799645679
-0.984145151568272	1.41132870417403
-0.680070798064213	0.604946907336754
0.453435015362672	0.455542532893072
0.21150811578157	0.174202783340998
-0.604970052908896	0.723654326813711
-0.720460425067027	0.745002982576823
0.00912905730541927	0.00549875640345825
-0.261634571943325	0.262236728325572
-0.0179121711070772	0.0126097545346607
0.134150690948492	0.109282167685586
0.233443311696783	0.150890618853153
-0.941280419638331	0.941874277306381
-0.1039739670057	0.0792478845923213
0.564889588226414	0.490328793149834
0.8818525155695	0.791316207588647
0.476176705979292	0.36846102117753
1.19262665028796	2.52841305754997
0.424586870733324	0.459023914813133
0.31800143502856	0.354672362743613
0.220506902116982	0.184978679149903
0.087845531200917	0.0750298474378793
0.489431832314022	0.626687493508837
0.0660368171197368	0.0501706025627046
-0.341050644487536	0.359923662741533
0.157463181894041	0.147823702821336
-0.730921623307701	0.863980228797137
0.832667024774341	1.23776794198
-0.632440808045063	0.775855070192519
-0.24784115820656	0.215384478528547
0.157105345008735	0.14017716325229
-0.125449358709294	0.104036400333835
-0.460130344245718	0.551393151380821
-0.445933367600665	0.392663982859028
-0.157507011965429	0.130881134283324
-0.258175447904077	0.240873459923039
0.411329042375469	0.436977614632772
0.398304341367709	0.352078192276648
-0.670377273286949	0.790525131994423
0.133872901899085	0.107818554227646
0.613301541602034	0.598003396946464
-0.0023379441564567	0.00174260569317677
-0.471132747308074	0.546766276598471
-0.402295512018433	0.391826996061424
1.26872853522473	1.24033697297158
0.398799265169135	0.531780375644396
0.266507272617835	0.3536963222114
0.0789945681354648	0.0652908599577242
0.143166897979485	0.120002864010992
0.370147997909002	0.438926888521768
-0.0989042061123383	0.0945355788165605
0.265243086192005	0.285094502749038
-0.291693454742249	0.33485381749423
0.0268988109471811	0.025305283106863
-0.12882658600121	0.118807443165182
0.078073146868669	0.079249486375755
0.316073276083439	0.357110787016665
-0.245342028149748	0.268835952252228
0.0626499602742887	0.0591678272215625
-0.0234085136889836	0.0192961178115715
0.425270396561977	0.4451249945276
-0.368236193301857	0.4283793167817
-0.184524979478801	0.177800091490234
-0.412786958898638	0.483197213191114
-0.422547244243867	0.498205662954005
0.221001634646219	0.193497001276567
-0.13305564768203	0.120383069595148
-0.161709072675178	0.161619530194183
-0.389281270412768	0.456285027268711
-0.311891494450325	0.288964962275542
0.758860087602178	1.01003659197908
0.251711225003733	0.300449335864612
0.478117956799579	0.267241836576087
0.607868889566453	0.724670987235465
0.93464158691433	1.30908268212112
-0.0110331693912581	0.0103704105919581
0.338518783650634	0.343999803575551
0.409216158165403	0.531786863699707
0.110683181770234	0.114423649429858
0.0570969883479766	0.0517557341602832
-0.134491549234509	0.132050873567197
0.167753600003515	0.178166120222767
-0.000613516206909039	0.000535689926799929
0.160566120835358	0.171317923995049
0.161564860528072	0.173948875038598
-0.273738685035272	0.277477671191588
-0.055835631722736	0.0504516592583554
0.02500120838685	0.023452716635245
0.46641219779134	0.622187013323103
-0.291677015712147	0.33391797477867
-0.199661495926087	0.220637218620615
0.504307901807561	0.636305995621555
-0.034303840499699	0.0317149143355422
0.427592844465785	0.536298168044002
1.06618992714861	1.54303069409123
0.39235138632307	0.443448137444369
0.861501704737856	1.26933441385116
0.153040755473525	0.120701031433844
0.43547156890134	0.251244642494114
-0.228268779804419	0.158428828563952
0.169560239380875	0.177203582142516
0.720598731300912	1.22103872480485
0.397273398330751	0.500146021537385
0.216167452397603	0.218974067140194
0.491240632884491	0.825272664239202
-0.247731615578025	0.283656598797797
0.51130800194228	0.768413784249052
1.07757879335805	2.20709357878998
0.551249349933623	0.923189079256817
0.367202046417248	0.504058099626088
-0.264430534614506	0.33840395364984
0.489904901309313	0.603002831671761
0.199495264502373	0.20977282483262
-0.0382028963925816	0.037675212688658
-0.496276431936611	0.777545426251131
0.19837942019706	0.220176915884891
0.869884014195984	1.92772807886177
-0.066148176549654	0.0648276892974243
-0.211036382594976	0.228996404332791
0.368873868870193	0.527181029319126
0.250873557844536	0.291773908533915
0.155862455153753	0.171734000748162
0.564477917786745	0.746555025975925
-0.0954764386700966	0.0726725215171129
-0.084947503259265	0.0883331061871411
0.154522480351693	0.151094458510435
0.123383946812861	0.0859757766179349
0.750932308606367	0.878892043545149
0.801729881342376	1.12223592678588
0.057335888485211	0.0523001963146114
0.658279547171776	1.08743014511418
0.064963290081627	0.0625472989495883
-0.125551633564095	0.129657610034426
0.265468138663559	0.297246610914559
1.03970935924928	2.18146874716363
0.207227042970241	0.251385408768841
0.17444364021859	0.20216194775152
0.210325324725487	0.263452804002539
0.860868644750041	1.95958014474802
-0.158248325524353	0.166239692351157
0.033228561575142	0.0323053367649918
0.732023726173052	1.30176269467488
0.0105497308707828	0.00990487307421318
-0.123819927332011	0.12338287812779
0.941857811134712	1.8125772330087
0.256035619302298	0.301890411355814
0.59324051949394	1.02656288115462
-0.493072155172176	0.783709584148441
0.171923809708114	0.195311617973812
-0.0942899381882417	0.0954816191068845
0.115541386823471	0.129438771231372
-0.105455277706992	0.105965924175109
0.507778791743916	0.377866525662657
-0.607042626710246	0.383359202331507
0.13495212148643	0.0986273008500163
0.136386381873189	0.0999305404891359
0.216816812335108	0.224177922869477
0.214994393362238	0.228527871179573
0.699278906369346	1.11943413532622
-0.564132211530099	0.770795732126643
-0.211983984270261	0.285298330309967
0.0979894371917204	0.103215745343808
0.65518787302986	1.05443647781121
0.0703127762638344	0.074653414014758
0.027010573285176	0.0256388381246049
0.313675087467068	0.515911127278472
0.52958691981408	1.00544144098416
0.135883699217912	0.147528096146268
0.0211804636109396	0.0206969983554313
0.543333096027955	0.859375211839166
0.0922347805442233	0.103086205618056
-0.167849758684755	0.179614433576871
-0.160040429587121	0.158483294956836
-0.58926844345235	0.813511077447552
0.2555281775228	0.336756861543121
0.316378851311863	0.481119491004934
0.388235850859417	0.523646370092038
0.155538770981359	0.149692461723645
-1.02881680381416	2.29469721975605
0.0200258096868456	0.0184553050122829
-0.658627172866302	1.07051750794877
-0.250607537589351	0.194610069185754
0.0974389349603908	0.0567921099000041
-0.353380752274833	0.226206102057251
0.436110978669103	0.44094958370615
0.0676754887901166	0.0640944382340845
0.133520581050903	0.149902610669173
0.272813201097145	0.289611614963969
0.675265079562915	1.11346536529827
0.0569363270747628	0.0637579118197753
-0.637361851966955	1.03123391881428
-0.165893175838594	0.195428284067912
0.322349470134029	0.427687374709129
0.425397791861444	0.60497747113872
-0.263469359520121	0.385411450065509
0.18094197163068	0.234247828504677
0.43316394795676	0.593328282938797
-0.185689402900051	0.228299988236671
-0.476290442387043	0.748625077771932
0.334666259211704	0.460099876552007
0.397529165126548	0.541270485342616
0.620039504260943	0.945901076356012
0.0101221992913708	0.0107070184704321
-0.164439525910854	0.196657390787914
0.0815367858126209	0.0934990630365081
0.130511852116094	0.14837571658766
-0.12907665502609	0.147303120792457
0.0693126850482876	0.066834490683993
0.211466790505672	0.22153082996292
0.385572302199937	0.539383583094355
0.11777341146271	0.11732774724748
0.244820686383509	0.300036417166795
-0.669636922179035	0.806483452005985
0.307101963838202	0.254014823570375
-0.309364469429481	0.159161810640063
-0.874457073185675	0.664610706659048
1.35567757267725	2.80713516713004
0.121874810080455	0.129833935160473
0.110448823896665	0.127818921500473
0.62818242729511	1.06978637708279
0.319237503535005	0.474755770427013
0.272761215327505	0.296505438135741
-0.158177738674156	0.186037172225624
-0.315465809739242	0.400190026918129
0.253415586627212	0.362340610510674
-0.104148348082406	0.115211601073009
-0.00528262196615592	0.00580388152515901
0.0529287040301025	0.0563518352527038
0.122004024491265	0.125356574476541
0.691984315388024	1.43185716086187
-0.587869823270741	0.986841686622782
-0.176163467310808	0.191675991249187
0.0190202135523209	0.0169874174596049
-0.22500299286205	0.26177884588996
-0.115950985419501	0.138385124172834
0.376156768723327	0.532668456834282
0.0459445571723977	0.0470278843973302
0.25770052257506	0.304627043628278
-0.50367091382554	0.681382773034211
0.0255831555236725	0.0241084453914701
-0.259938321607726	0.280615733417527
0.0982729347958408	0.0945139715207025
-0.896830259595718	1.6111132567241
-0.108066812314296	0.0831051350455246
0.090381583438375	0.0377904629273067
-0.254309316114755	0.139294679217509
0.544027538319344	0.637978232056406
0.22097448170725	0.261314594268102
0.687684389775233	1.22438207845965
0.710709144508499	1.25345306085032
0.196185836854097	0.247078019320336
0.43340003960052	0.797786169856821
0.311572323786013	0.475501610920177
-0.165743943973073	0.233247382348699
0.104638705275596	0.11906348789024
1.03766677493315	2.43435103315332
0.370025723344491	0.630869616358954
0.166614614894981	0.2116509915977
-0.534964949439028	0.847813150173499
0.048141213259169	0.0537815306160835
0.559388299965164	1.10037645589641
0.665522064397914	1.2339112241834
0.38526176331344	0.608824123166491
0.528254533283427	0.803002179067309
-0.0505662513911537	0.0539401793969931
-0.263555077135728	0.363315478625544
0.0608080574480356	0.0668284516984621
0.266152286706173	0.32016285456512
0.104649663969192	0.124465043291692
-0.428939526980169	0.678829966901814
0.266409262115844	0.302380110994602
-0.192681176280792	0.189501405264621
0.243034878407492	0.303508290397613
-0.00993845332525521	0.0100774778361801
-0.0302647268351528	0.0304066919308552
0.503063972955848	0.479347781846955
-0.85186862352047	0.723663737872025
-0.509315106116745	0.39384959315986
0.206550352999706	0.216890336694426
0.228004207852652	0.177920512239268
0.392901522010295	0.443146409265628
-0.520795066765289	0.695500875654251
0.318451282703524	0.379975944811422
0.0085571659451185	0.00842175071028504
0.59918304159173	0.952462672659876
0.0446980551680685	0.044680318997305
0.606488488911212	0.985866881300744
0.398819744396201	0.591893078508376
0.180708209961936	0.210121262218764
-0.207656156965989	0.267966412493769
0.220658264571873	0.296562306529129
0.0668302573287891	0.0742905226702143
-0.314464382376654	0.426359524690446
0.386067527465727	0.559747060547026
-0.214618235945539	0.265452564833605
0.337924520778275	0.46311497567007
0.30090748729031	0.402875100500522
0.383049803949514	0.505946507204496
-0.286154072622598	0.332079432102237
-0.0476972674153687	0.0567982081267548
-0.0588552364166554	0.0628608693406731
-0.388877506541793	0.512822222047854
0.240519981861095	0.296770471337516
-0.77338846135757	1.40895228310212
-0.195325621293741	0.225453043325335
-0.58014857728516	0.736590245448127
0.305412964048635	0.400709743380405
-0.0734347202185211	0.0869908767058685
0.0460314603638777	0.0425844210659267
0.665599435368017	0.847822685791346
-0.574532085615157	0.435618204414951
0.0122677422820139	0.0108362132843542
0.315621553746381	0.261338332397449
0.525196484192068	0.352794615774659
0.507694561707365	0.710020358098694
-0.388469648258555	0.526782451097691
0.0298363218681622	0.0287297209868034
0.131960961985979	0.140739196638418
0.247202587492586	0.313272471030423
0.551618330399995	0.997581963087574
-0.0515705044792911	0.0550449896000115
0.225259177705008	0.278979760205912
0.309772200678124	0.44831919038717
-0.262221060276501	0.387555569137133
0.426722201033344	0.672355900120011
0.525625679558486	0.832346880250549
0.294263341149074	0.398541902601775
0.316772873834539	0.472649788073369
-0.0678499104389472	0.0712840063162173
-0.0639042788310085	0.0633044237450411
-0.660232248787058	1.09297916043389
0.39797604803382	0.563708434902407
0.174736764906444	0.232841489981767
0.189539725293202	0.245205484966054
-0.600148445417551	0.938452248208777
0.224765487271699	0.307704398602419
-0.029580416585108	0.0299828361607548
-0.328822564087702	0.449108301113389
0.0909377715284341	0.0774936339780969
0.477987113109453	0.685766779402722
-0.126306800653584	0.145287109128919
-0.388243444757054	0.529305104110995
-0.560493325880868	0.519574758642271
-0.0332400494453352	0.0185709598167017
0.109010579003283	0.104680129911033
0.69018122764561	1.1894738520163
-0.0803963357033447	0.0849970823953939
-0.169106277700865	0.201217811359044
0.088346401256437	0.108927589170741
-0.0216085553483525	0.0196240525652582
-0.571700294683464	1.03062203063332
0.0632373902892565	0.06612358489699
-0.315651362650906	0.440237963113971
0.242300275337529	0.364786020426795
-0.331769855682387	0.495671799689145
0.334283443828208	0.444151926267183
0.183123026411389	0.222903844528748
-0.178556440248984	0.233891174207876
0.0108625425176224	0.0110228155697572
-0.000743220632531322	0.000754391865235395
0.0923796439076307	0.0973645259192852
-0.0129473819635709	0.0105981915815423
0.133321817381522	0.163765191681289
0.123072883636299	0.143570927528758
-0.734772635943159	1.12909201457845
-0.16018973748976	0.210042140274542
0.214947364372829	0.259941933489241
0.280831676138054	0.335044297238175
0.21293723996694	0.182366058376706
-0.376000915139184	0.557165632911504
-0.149698913670372	0.171366865365907
-0.236573160577999	0.258892202794476
0.635564719548265	0.778572647506617
0.21357966901953	0.215299421303169
0.314918209471496	0.371904891765358
1.28759420734219	2.77114037989667
0.354829516977398	0.435625985637554
-0.450918240839237	0.718517227856502
-0.272516609935611	0.346133066589311
-0.187690122412638	0.22064857416216
1.05380809664018	2.02280534569447
-0.123740783072966	0.149690956433407
-0.115298482383637	0.127956117127398
0.179462918641478	0.240542443409345
0.261245592730757	0.254080237324844
0.21560870376649	0.263869124790646
-0.295883308047689	0.418394918947416
-0.244914446236773	0.328320402790359
-0.365294080426604	0.458778228816526
0.474878710066035	0.667093023439012
0.355284399410603	0.433551820389083
0.0988148574782165	0.11997261120235
-0.00507119012945359	0.00553303687169962
-0.00678674110599156	0.0068779516092947
0.321354296419107	0.395468217849152
-0.505600330889752	0.781471777459633
-0.867003541222664	1.30490985690308
-0.212103317202026	0.245341304735507
0.410113027930551	0.577194713306986
0.121108229812055	0.125918864518885
-0.355077301741548	0.50325704133888
0.553404210898787	0.638745105655543
0.10581968164706	0.104241623184997
0.0618589848475381	0.0569313697338298
0.477797657164844	0.70151470136
0.15913648835088	0.155403345622932
-0.184076574705734	0.195363821795483
0.47020037385246	0.675499651746578
-0.120132912520538	0.123039955132498
0.553068746155074	0.795715541322531
-0.362733785135918	0.502538179789016
0.190309110354233	0.213248786144851
-0.51140394163394	0.775284218353789
-0.0868264411171695	0.0809276014935892
0.285604752379135	0.352101588804849
0.0431275440592254	0.0443829373009586
0.33649791674618	0.431144404907199
-0.100896454291508	0.0970001869143923
-0.744271640577035	1.14247937973138
0.867711797554811	1.44325101233543
0.802086236495761	1.47848993324385
0.126384105123428	0.132226828494836
-0.377801300853097	0.472407287261151
0.404401350671953	0.51154263432913
-0.504366217539336	0.531386112004302
-0.317359315466754	0.395219969018924
0.630958366850319	0.971815969163647
0.568941208599623	0.969515419866475
0.331494845417685	0.450291084252013
0.147824587813834	0.150491979377411
0.468236367552405	0.453204628921928
0.281304188164431	0.265418628834495
-0.303239063665457	0.327052530037087
-0.955407474395825	1.59160593269817
0.0343245555023902	0.028930738667884
-0.469610953575204	0.632679497000947
-0.175918247462209	0.156747703594834
0.382589580060692	0.438204089928633
-0.269316910288542	0.271699701935975
-0.0324449877828122	0.0291993231133146
-0.111955423124164	0.122069949116812
0.248467189914297	0.272942735994655
0.919232049581448	1.41529896428147
0.0716331649863666	0.0597246258320362
0.853811311305517	1.35360384820457
0.809089282800793	1.44007006448607
0.701338002477932	1.0604040605772
0.49210216203011	0.552859945478994
0.294200238575116	0.277010898599509
-0.241217084337542	0.20936015847781
-0.189586577615268	0.197852203608926
0.246927886927132	0.302024327622071
0.39237389541236	0.428272156407148
0.169569316115051	0.195414241485566
-0.257438948008868	0.314317049254717
0.429062106937344	0.625273236946782
-0.080564551332116	0.0848301297753545
0.58466451721207	0.924928120078214
0.158931883118275	0.21461617452023
-0.34071455711994	0.450418985198601
0.307607773007076	0.367520326199562
0.390321392927944	0.418789207402995
0.120091679439724	0.134237797500567
0.109654744387087	0.113615392823628
0.547151787855838	0.777438627486434
-0.101605163182169	0.0951460068636775
-0.275442370151551	0.338706857313243
-0.258202577302157	0.326163153994873
-0.240550499049568	0.261049719859094
-0.460056331583501	0.551824650373396
-0.316482128104278	0.363135723054387
0.212684643224049	0.238194397194415
0.115895390015589	0.1030033508174
0.0102892452567105	0.00951551058830718
0.565640630404352	0.815526754037552
0.02034932624229	0.0161550037552051
-0.00252136793229053	0.0020904528993131
-0.18949493045076	0.196536369647427
-0.584812218609977	0.850216660412971
-0.00433625970300957	0.00388124529177208
-0.15250251078061	0.163362667268829
0.487395904927162	0.559664682297763
0.338016549269835	0.442279792653088
-0.145514710830511	0.152878608948006
0.0711830703769593	0.0673810334973144
0.220004294370194	0.199083888615442
-0.0450926669595794	0.0413968483616282
0.281112078290557	0.270043424269889
-0.496241818417432	0.754964876366507
0.331786735558485	0.445336416791687
0.205903141385123	0.198713260545659
-0.56202499715993	0.674699019851516
-0.0837094994660948	0.0729915212056197
-0.628815127300323	0.866396955050108
-0.0219309866983079	0.0218698538224724
0.613198121998364	0.907533469583684
0.288878785239041	0.372446809291257
0.356297040714125	0.569615393739074
0.148062815765111	0.194333497892051
-0.0929371534300383	0.1075298782251
0.130360344742829	0.185196780204586
0.283655155787142	0.404636968195525
0.207325858588702	0.254348273475426
0.319239985457927	0.247811552859769
0.160188769899093	0.167942678767861
0.215082752600596	0.213859498774746
-0.690966207228817	0.93446889173849
0.221074283636644	0.200210931364875
-0.59091112894386	0.817128262457612
1.02391458068906	1.56200158004084
0.160454281442801	0.153671067640457
0.646682586336176	0.706567842442727
0.69346531736208	0.976127226995591
-0.073927881444414	0.0705129085911622
0.286021750653174	0.267206805617453
0.389689255929513	0.4503864326359
0.161864167838542	0.145095660941057
0.488833991277754	0.604197045387868
0.129920404205535	0.102808818823174
-0.441295079841759	0.484399179839244
0.163703314457964	0.163443449922004
-0.0181551417204224	0.0152031204107856
-0.190683533590845	0.233637865138021
0.0121376924257606	0.0108070406438891
0.685351163948934	1.02150342149982
0.681883510701472	1.45910767795931
0.213762927890272	0.247561471781344
0.204051544010136	0.20913887516067
0.0699102399948949	0.0571591473947944
0.324646655689796	0.26793891549453
-0.104036482659566	0.117187526091712
0.117871475572449	0.138188322554634
-0.0112098185271114	0.00934745361095493
0.915718986807157	1.06984845903916
0.280461065914753	0.271698451427364
0.517464190723004	0.709565735134114
0.14803090372809	0.137221667452618
0.215187519088182	0.227737376031181
0.302482334344143	0.37860175400143
-0.287620948425647	0.311206832380507
-0.450462650296276	0.638568028143106
-0.247281587136896	0.333758597721036
0.340747424371054	0.444437603580866
0.340780696053919	0.430297969365079
0.211229178901568	0.244122793196464
0.243332195234851	0.325939333851705
0.23688995304249	0.281491674600056
0.924596586306691	1.971647460467
0.0534371153660282	0.0544128073306156
0.196755356646257	0.243613044395969
-0.0716897068838791	0.0612105082491528
0.343182216392507	0.463965001505386
0.32556886503056	0.447725127269854
0.593101733331789	0.902255101221179
0.55715661327368	0.884849327916072
0.208353206738141	0.307955025053727
1.01758357139504	1.390816795515
0.917369274468027	0.698950757913814
-0.0271786824067099	0.0285831479727228
0.00740780994710069	0.00696938968506134
-0.058347501233405	0.0403039777134832
0.36889791363602	0.445955154333427
0.212826833518454	0.165804360831734
-0.0751364413649271	0.0569650887719302
0.306673971502212	0.382753230971818
0.116318268218708	0.145164407330036
0.322034394106791	0.448260945783944
-0.056760164819375	0.0669597353448774
0.0322971994435997	0.0377592207663434
0.11536152090181	0.153276541547843
0.0531763860297013	0.0534119567473444
0.128504917979393	0.149182707578126
0.278536057302492	0.438473619758934
1.25992556042043	2.52918598423774
0.39515068742608	0.645990415960872
0.44803798782163	0.785372107731507
0.239423052630561	0.365457586211331
0.139589794441114	0.15145068819182
0.162828926575105	0.187766607049448
0.38455102603563	0.492189168075314
0.334989317667781	0.354736537454949
0.099642281184747	0.0529165514542143
-0.215321294864812	0.22474194550407
-0.591226294626449	0.836170743729015
-0.853498661777868	0.918456649466686
0.589899552983395	0.591644816218981
0.304935981034181	0.373542062131986
0.377251154203555	0.437665405672374
-0.122853562897113	0.132414557363112
0.986428615795523	0.964487664397664
-0.520400694774221	0.653687853704432
0.716366731504783	1.02396408659384
0.411574861158648	0.612792775735787
0.636728254235955	1.25756363341645
0.363117584211452	0.561121352863368
0.0100778691599061	0.0111934999746659
0.300833104710758	0.405955671651969
0.405190767485172	0.774819274401377
0.455038130710125	0.771333850253677
0.302256435898276	0.501140575957494
-0.542402557487346	0.905695064566752
0.236110833476715	0.319871829788979
0.223865227941223	0.225085348524159
0.273988731137334	0.393747545142356
0.327908882693702	0.455994950862588
0.377888429784236	0.52803892246368
0.520127298265736	0.748656033227824
0.312451806143461	0.262415764308419
1.02039354045119	0.608228281592439
0.0049353694858295	0.00339962600482503
0.689398110788133	1.18701390774621
0.698283535083381	1.36184146013637
-0.426633616509643	0.50284743668502
-0.0343858315280371	0.0243557898669705
0.707506356515302	1.05700506673049
0.365582635525341	0.527845690653275
0.058540065315806	0.059572783875391
-0.682973327576937	1.17129912047974
0.415376269648211	0.532998116432251
0.300835159694217	0.297596432454002
0.084963646255908	0.0908824344862537
0.634621449266239	1.08776273947546
0.925476203585128	2.13654939214081
0.806744701108591	1.74746017607082
0.158432442224814	0.224272087652764
0.343017002873658	0.490573843033015
0.181791286335132	0.252166766882996
-0.477299704802364	0.835243665703175
0.4373731649434	0.660557944113708
0.0426338085311143	0.0536134454459945
-0.235123232440215	0.355106851844881
-0.283374215491965	0.358591069555794
0.199211741199153	0.274111243051206
0.421021136413507	0.455834076665235
-0.217815293124939	0.255589236360615
0.105646565863752	0.129808002087668
0.124457615399886	0.134996275073933
0.474212670566166	0.542509573916565
0.00412188880685799	0.00322818424742375
0.774938718297014	0.642638702664742
-0.345475104344416	0.223554881259615
0.120772857947493	0.125941504197669
0.128875135570919	0.1485359364157
-0.0390891414445142	0.027225291694895
0.29732747228844	0.276612097608962
-0.130938662295093	0.131536080509054
0.466482592667142	0.685042599100378
0.0224981144746037	0.017098734446926
0.211738520791661	0.19579742821037
0.576912354799971	0.588659911779202
-1.05116918813132	1.76471393420621
-0.59248484780372	0.779912528280331
0.583236419746549	1.034365667278
0.844078211029756	1.72706314680183
0.211286392201717	0.254124363825636
0.00205321135922271	0.00225857975726373
0.341741046223318	0.520119792920747
0.379876575083885	0.6254356803329
0.117757625997342	0.138542201759233
0.216130752995805	0.307853224454807
-0.211981837276154	0.272835179625414
0.327976598773322	0.529473435555642
-0.447959181095619	0.691293506364957
0.247235312272209	0.322126376103663
0.0258935910647839	0.0233244325390887
-0.0259527742469813	0.0282464648765011
0.323968914367883	0.470538684374676
0.222498947953675	0.282477100444868
0.205262537221018	0.223556933650871
-0.278073492341103	0.281976877368522
0.0566713794081517	0.0417109666379602
0.23745278779979	0.164728390391094
0.238989420051404	0.153387593283049
-0.320724217305724	0.373887127772129
-0.00802718492101641	0.00745800381072957
-0.080186242023527	0.0511688556494811
-0.0188358346968915	0.013656640154731
-0.304248468119871	0.34337040902313
-0.0151349099035081	0.00886041167257092
0.567317244281185	0.737304169992774
-0.302051226822356	0.333315049202233
0.211344003803538	0.284556446654535
0.354175784546079	0.506519666476821
0.274111752373238	0.378667141167973
-0.113545034808303	0.133230698472803
-0.00678741964111934	0.00687862503298823
0.104888362214546	0.129098217640347
0.00896043023913452	0.0092437898753423
-0.437265703122448	0.771302387580748
-0.161579278034202	0.221013924677132
0.190050556275888	0.244893256061697
-0.0714318436718813	0.07494388381917
0.0883373334376737	0.0960140826536247
0.955693037826129	2.39008193566322
-0.00388799048411603	0.0032340761021465
0.491682877626321	0.827949186654543
-0.0375239324569828	0.034883151523295
0.335943856931315	0.442016927128753
0.248638443649985	0.295498946115718
0.219098515733225	0.271383554069083
-0.646992402586444	0.81027623701882
0.352229298333436	0.264486921233285
0.562492181129214	0.49100357063206
-0.345702348833524	0.217208068031686
0.412668811423249	0.522666144364559
0.204584485019899	0.213026663378131
1.3388605599125	2.24946144887163
-1.09996151532263	1.4216818706735
0.569011451980198	0.801835945359347
0.195979093046008	0.209896995812662
-0.0600561876974269	0.0413048541334757
-0.0787187043609228	0.0524056536448491
-0.00994450370501063	0.00840252165262547
-0.0779095259346035	0.075657130528613
-0.0945165745711271	0.102359299754318
0.0363845551960188	0.0344826982267053
0.0567740908450938	0.0587078963921159
-0.304518551696685	0.458868153410671
0.703078147784912	1.21544286344704
0.00900006355234783	0.00980376872668099
0.457513458399399	0.789408766259719
-0.36083914784672	0.531360228014287
-0.070311005802293	0.0874867124955074
-0.381903296638519	0.634025852892033
-0.157472312814371	0.197676378009861
-0.104825183664929	0.106941079694878
-0.0336379121383254	0.0308366020757857
-0.0266985663653397	0.0268354495811524
-0.309729427376931	0.411042293686081
0.0983013391715458	0.109133690736265
0.059549253107304	0.0640453170726067
0.675229174378651	0.94603992107204
-0.272092392825364	0.332577566090401
0.256567836593089	0.273271968138152
0.210154896969562	0.194790078292988
0.559060683285471	0.490670682448137
0.136643110093022	0.0980130770331014
0.822954618169679	1.30416690480601
0.498873595194338	0.815966249727643
0.533933166758205	0.485294549303757
-0.242409576146597	0.190224748669957
0.0629904315500243	0.0611224705083882
-0.437840736039311	0.567690845975631
0.0483514541544737	0.0440881903952035
-0.0960820763909817	0.0912591998843651
0.267324901355353	0.305523027998873
0.100638535466404	0.0915822087481503
-0.342857681401227	0.386999373259915
0.00246644311210166	0.00213955404582343
0.721775028315534	1.17234424019908
0.33926375065599	0.479767060659218
0.0650658482163283	0.072996213137144
0.53313048449848	0.953932964212217
0.140303981135849	0.198788578505863
0.0408484960886555	0.0481311802960909
0.216467459315582	0.312595632377216
0.66039978931775	1.40923745595244
0.0456951016731406	0.0464628057309741
0.0870556567120981	0.096673717537401
-0.0238301127990969	0.021698996534697
-0.226479240279123	0.294257967949949
0.73472776489416	0.415207017538296
-0.00126311145164404	0.000647048431926326
-0.764262226979191	0.823702848091353
-0.360667131268662	0.323540802319328
-0.717566491860984	0.741973711052738
-0.348698835395781	0.223826193602719
1.16792034206787	1.26553348760328
0.0850617934737194	0.039580767241093
0.839667366705722	0.675129438753814
-0.349566604487986	0.220318603667282
1.26589207894712	0.547095100965219
0.38690849947455	0.154440061925014
0.110797460980716	0.0665936096141082
-0.149339517741022	0.0940726882747636
-1.09447856475728	0.436597847592178
-0.21003224353924	0.0779775566915001
0.0844644592108922	0.0393498032116042
0.499580683957321	0.376029965763499
0.209289222897135	0.152752849578473
0.383682736117861	0.348964898602243
-0.139750692317434	0.057942324626658
0.077692317339041	0.0382457898621128
-0.1848738214594	0.110833073966635
0.225681224017247	0.162138282007611
-0.0679119605002882	0.0460402179780085
0.784441357765319	0.670947096715192
-0.322767043255172	0.24287748268084
-0.324277296127005	0.270866463295731
-0.499814814480751	0.455930504137046
0.734038345704457	0.730332722962382
0.0583138789154097	0.0418058954558503
-0.127003456215177	0.0958347240399671
-0.370719025353067	0.359457633572004
-0.160039202678752	0.0980705566108573
1.17254784398322	1.6356414177534
-0.0432780408401327	0.0302575886065553
0.245809158296956	0.138564727487697
-0.175302718927969	0.105981938000174
0.659541016432055	0.680286323821544
-1.28376343609132	1.46290942464478
0.883795486713875	0.564653711048975
-0.724538409007489	0.429052217510802
-0.0315361318761151	0.0180188570243645
-0.535774120796651	0.36176359734923
1.00555762051879	0.48434826747026
1.78049518067476	0.691222989977495
-0.775622638237998	0.26848481112963
0.426186995037427	0.24822156035393
0.497577305121366	0.372438964932979
0.543996971066152	0.276315852652187
-0.875664693361867	0.664821407161169
-0.618186248884592	0.392606790317904
0.254805539207637	0.145592252741216
0.457732493999008	0.3685162767592
-0.209356251027529	0.0782718484875473
-0.47376375697122	0.328325233691165
-0.0117491920057696	0.00679017253536932
0.0899557866747962	0.0452426614836926
0.0960082896884978	0.0543366078402075
-0.256254106237318	0.176335282002955
0.409578020590085	0.345808077557202
-0.640904951645646	0.633758126546447
-0.457346107072379	0.365839330046943
0.00275649887329342	0.00170983851010824
-0.0802869153913663	0.0544124099497516
0.90274946409641	1.01884036292754
0.242045155432116	0.155074888529974
0.300006118180722	0.146248486929023
0.0906174707155895	0.0304322117217034
0.474634780663378	0.16805670041674
2.06366095368151	0.91678363659059
-1.15716217916048	0.779615743869727
0.632937964366051	0.294423976931815
-1.8713168194195	0.768414689200016
0.624325944969053	0.193381339624786
0.624587867128508	0.198927485591104
0.285713271982243	0.134897261037908
-0.71576080884073	0.427089819786673
0.544216439335198	0.277767450445
0.338519347687213	0.147419024931542
0.72190625790937	0.415610787441739
0.0879604446267417	0.0363922420585405
0.471076673695397	0.166541185671661
0.477717684506237	0.256618284604147
0.731411511907629	0.420960980372021
-0.371025950620015	0.173676503247711
-0.281249299204303	0.0929621295643582
0.546248300458953	0.270418344257506
-0.563135106253252	0.297306625474342
0.0870724578093317	0.036002156396949
-0.709330590431156	0.404411605356166
-1.07380777102392	0.966524002278105
-0.619907468619551	0.397605839476434
-0.864164498971604	0.74367807107118
1.28811549965333	1.09871749024263
2.3033601711863	1.15148127459307
0.330036493253211	0.145441913385551
-1.0585627007214	0.494006175954152
1.42763936896362	0.464536479293759
1.39270867058679	0.849626314995306
0.758357898025528	0.313711768687353
-1.87667883549	0.762759171301989
0.936949289040237	0.252050724097018
0.160933101379453	0.0319961864807483
0.373158403954638	0.144672411151374
0.135596455100736	0.0339972077852912
-0.66865276006115	0.328424120940636
0.989252198674506	0.37562194001783
0.0999442495168229	0.0291325638836982
-0.262810939230568	0.143065811581888
1.33567544057633	0.949524819906155
0.758357898025528	0.313711768687353
0.0948206933734276	0.0390966609545145
0.46830515386813	0.168128835688071
0.47094984479121	0.163260542101033
0.470266087570668	0.166982479585464
2.06837461113384	0.915250761667758
0.766889093308957	0.315803246862395
0.0841091128948487	0.034759796333328
0.297082217861827	0.142603449897905
-1.33787632750483	0.617834232014522
1.97380475978639	0.507300323751526
3.25457929268649	1.1044747742561
0.135971937439255	0.0340016318793727
-1.56222758829049	0.565621995014074
-1.78463242356912	0.426932892345841
-1.78465645045878	0.426908302872845
1.97380475978639	0.507300323751526
2.75955089979932	0.83241767638386
0.936949289040237	0.252050724097018
0.160740188615653	0.0319518046826111
0.136398040912652	0.0345708776686656
0.160933101379453	0.0319961864807483
0.939905545020263	0.248831364854085
0.463715278648218	0.164054883443642
0.136398040912652	0.0345708776686656
0.161561791226678	0.0319809243486957
-2.57293681855607	0.711530396312166
-0.640318820067368	0.157107672439797
-1.78463242356912	0.426932892345841
0.936949289040237	0.252050724097018
0.161561791226678	0.0319809243486957
0.939905545020263	0.248831364854085
0.627544602140403	0.19579358232226
0.136823965097013	0.034232136419998
0.939905545020263	0.248831364854085
-0.639682584148206	0.157127056635448
0.936135362615267	0.248516942959805
1.97380475978639	0.507300323751526
-0.639682584148206	0.157127056635448
-0.0240429739950924	0.0135919110988298
0.699742450601781	0.631927896166223
0.411632301082168	0.350587100630151
0.358377170211951	0.249613934949666
-1.41790436473917	1.60123800423666
0.295330678864388	0.142290131439832
-0.159449628196282	0.0653191671193121
-0.456819353503311	0.197311888785559
1.22413835091933	0.640903289794845
-2.83166268402482	1.88397524729429
-0.0761603189616837	0.0502742881539918
-1.33359222034214	1.22846966474037
0.231494103356784	0.157324911531726
0.230594411028897	0.155286776935554
-1.15901721575358	0.794860718446409
-0.860887472723839	0.582485293037492
-0.519964271893301	0.483340305627039
0.337105831643408	0.260147912901364
0.330568349221209	0.252629424234272
0.552131863616789	0.581547474710488
0.404485532904462	0.363622549508918
-0.513229659436388	0.482812330186706
0.44890563462802	0.462589182186198
-0.488672926880572	0.42909549138845
-0.0433873629062518	0.0301670585284825
0.112348501067355	0.0711853029409516
-0.168547679434109	0.137252340019711
0.716928887908812	0.531138468335846
0.0598673567025978	0.0442676214657711
1.06317641381041	1.02799350065274
0.436591968605177	0.256805792105891
-0.318691697043415	0.240889882030809
0.0996703777266055	0.0621098505040408
-0.209850042592952	0.118611307768161
0.443417434296535	0.374736845919793
0.611585650351682	0.594600665519831
0.448929548151939	0.447756861922379
-0.105349344899265	0.0690495431750021
-0.864070445539359	0.750379714672704
0.231784784388317	0.301424324636778
0.135785126263424	0.165197563596996
0.163602302183777	0.189391738914146
0.518924959070647	0.705243570186706
0.835864879369645	1.63523817975283
-0.0321461395661345	0.0297485877263307
0.691270647573021	0.932615994102166
-0.76219239465092	0.665312606226064
0.916695741258862	0.936126436266516
-0.0436707962673553	0.0432472458726513
-0.269465900496768	0.329846114042246
-0.0538952277270362	0.0424600532937881
-0.402342688222256	0.383107023459821
0.0391674404665549	0.0380800239345484
0.340128419830639	0.492781847735123
-0.428732869957568	0.566618312314363
-0.056162550625128	0.059369176327532
-0.131655877215305	0.140180760793197
0.285415133806939	0.325990020535306
0.102555978803555	0.120315126243258
-0.316601512554857	0.479212998071925
0.0550324774206553	0.061077623638729
0.0415368789316739	0.0475708739995883
-0.112384300576301	0.135215185305629
0.0876084041068937	0.10803460979565
-0.29846968971082	0.449936633871181
-0.00147702689814658	0.00155579873886055
0.273544456242787	0.412307083930718
0.149675947078003	0.188525391001758
-0.0467165977843933	0.0504616920818829
0.202532557048604	0.240826647975166
0.000813835689626313	0.000754205998170734
0.48278918618256	0.777020117085592
-0.0838300311257492	0.0876254472672541
0.610519722358892	0.924202316202107
-0.0849174863008461	0.0748364147146057
0.317926772805377	0.410675217793556
0.350920643828019	0.465933743816057
0.0558998429529492	0.0507313531276345
0.421521121185444	0.614345375045529
0.192775034988579	0.237589233453457
-0.720030049475537	1.15971742424281
-0.577709137996137	1.11099745796483
0.368865686357451	0.483342152803666
0.812826000050159	1.45894344965774
0.125728794620412	0.13705525916762
-0.397479397012779	0.521872960915077
-0.176743311998589	0.218152243393264
-0.0062151827053978	0.00455368428320369
0.891881219396998	0.996617149100576
0.218459806931348	0.188502261223891
-0.00443476346302626	0.00454900359916174
-0.0390958033084644	0.0415561592338196
0.322713599956787	0.359386189532156
-0.421488739424183	0.460936371142477
0.105885415610299	0.105937586093637
-0.549150594113924	0.793094930876958
-0.213536523986439	0.26895119780323
0.110651830493161	0.106591154983321
0.1656869257213	0.169294502163964
0.0788993670513909	0.0817760434696559
0.0622702992766087	0.0638084767044324
0.432022639589045	0.543588291799936
-0.367656934555168	0.487526764715814
0.427858246929505	0.695016454475491
0.056414048855478	0.0526893905264141
-0.361657582832659	0.430935545427185
0.17242688162958	0.19948634950002
-0.0957580705769377	0.0986123776456312
-0.35793784400831	0.518274853863272
0.2940923887743	0.374638156295932
-0.305927300489792	0.402088602754556
-0.0797980162592944	0.0809254441678446
0.011517367833092	0.0112674119621084
-0.00341819911446803	0.00320391667445635
0.12251920362602	0.135868324140748
-0.0224580969266008	0.0218933057890174
-0.0975693465407814	0.0925522032844131
-0.343477234878392	0.421220490904241
0.0292495781204686	0.0275179246695881
0.0785316339628677	0.0813605643038136
0.482239562598451	0.66956290854943
0.314351064005651	0.370472882603858
-0.366655430895745	0.507094891926495
-0.255977717943954	0.315170812802063
0.530744931417926	0.829165450196214
-0.023154133119833	0.0229572432813822
0.30817319209814	0.340632350807714
0.35470414552385	0.338093466516044
0.726186845491559	0.627943492132711
0.118100059122464	0.0760608480430545
0.260125852597127	0.304279657046283
-0.53108377153549	0.840606671158984
-1.44506197334421	2.19701046677355
0.141429124479291	0.120784370955612
0.373428100205015	0.520080989085107
0.327274600405474	0.435386086110239
-0.738100693747554	1.31963203675057
-0.693885988026908	1.17462981915072
0.15755842522545	0.168190293416006
-0.0439495072661716	0.0351239157861722
-0.359853806384115	0.454895004769717
0.0110702323632133	0.0115214959377875
-0.255292779096356	0.280045635385543
-0.203054944138355	0.257876917450332
0.798151068970498	1.43935134337064
0.583259280753509	1.07131371051729
0.400845026787089	0.672147837535917
-0.034602938994859	0.0315677427143752
-0.112248167106069	0.128388193848877
0.67530677351179	1.13839288063185
0.492073090064606	0.683071888540945
-0.0404843241941675	0.0326855286412922
0.0513224480720927	0.0457647145732782
0.215674491150964	0.293906593654037
-0.102795782255519	0.0965176085963126
-0.057206337829927	0.0613910700501155
-1.04700057162269	1.74888540832326
0.310942777918615	0.255459820703869
0.723056627498245	0.813870322926164
-0.161670031688723	0.160395522063961
0.55750846891708	0.955060789685117
0.456726584730206	0.631716565711545
0.0449167617375931	0.0392762384099638
0.374466148965767	0.512062310445268
-0.0510081463665196	0.0458654507552962
-0.639015315806765	0.944358039279454
-0.921801482374916	1.92863284563289
-0.455692856672285	0.578742274516875
0.442213781819589	0.53609822350912
0.615414071897053	0.951000688921959
1.08480640889956	1.63454151049597
0.563355120507105	0.479489626938443
0.171371917020387	0.178476809277419
-0.408624301325914	0.554328019309227
-0.198650053092356	0.174946787736313
0.0905209470057909	0.077079374695631
0.0823149016020607	0.0792871760627451
-0.0618269286129397	0.0541062614891535
0.248275836669863	0.294495493516987
0.353269896138326	0.436309637129263
0.212910060537594	0.242185712398275
-0.319759966930983	0.418988403066568
-0.183377287862427	0.228332077770295
0.210352640231052	0.25054643987642
-0.347621010533165	0.456081280731558
-0.000582186504818514	0.00054783087979098
0.212655660835167	0.251106975894407
0.124466950721251	0.137171722158176
0.526627114651507	0.80739497355004
-0.216542085468385	0.191238766874984
0.84757180735875	1.71513323488481
0.0203827504400959	0.0184697501421572
0.165419664926912	0.191712763393241
-0.682058606747057	1.22025198253326
0.268132019901087	0.298227867678357
0.261960281640931	0.314746465833438
0.0235819741862953	0.0226309046363512
-0.30579685522254	0.344005968237433
-0.0785377006371852	0.0760075577602423
-0.239982496102966	0.209464342830846
0.270274657088292	0.270461946180915
0.77325778237066	1.32959808377361
0.66489321800216	1.17304854772087
-0.61297425037694	1.03092605232044
0.522026229393082	0.636739930384245
0.00359139922690474	0.00246051979075026
-0.0918080483281971	0.0982114160698387
0.16728783403902	0.176480175973067
0.317520737113839	0.427660001488536
-0.0820752868938131	0.0922774932754127
-0.376186796030129	0.569152040022107
-0.142457193416703	0.161224659245236
-0.0256793089443402	0.0232939881412666
-0.00103127444655237	0.00102413685936152
0.12721982058456	0.135407650180634
-0.0204949604389902	0.0215502529571573
-0.405443119931811	0.701023711429139
0.78523390341252	1.36015189894215
-0.0256974295496444	0.0239691755178659
-0.0209636250875848	0.0170127079847473
-0.282085227797493	0.344042558993731
0.0628758865531239	0.0584327281632558
-0.583898679522535	0.72783211284194
0.455584106922803	0.60750314073565
0.265111869321218	0.278945403095511
-0.0836881202856235	0.0795448219012499
-0.12778504490234	0.129162611016479
0.266449886117604	0.297684180135619
0.401742246200277	0.52841539843016
-0.503842065789333	0.608259686297333
0.28533778358639	0.289112154547589
-0.373996348743389	0.433990140126021
-0.362085518395993	0.449070791798127
0.504026495723081	0.634124408175973
-0.11147279637463	0.141345805639901
0.0216665249016452	0.0257299455946001
0.255223973047436	0.360302757803513
0.0980378995854025	0.100676726335749
-0.0565379789973894	0.0515008392010097
-0.0199354935925895	0.0143055504372774
-0.0908414041979981	0.0768681712617761
0.760293227264949	1.42264623005354
0.825021365155106	1.39887607881899
0.76517310781227	1.35036238562833
-0.0732424505481427	0.0657058502112349
0.0434736349155778	0.0438138964415081
0.0203510516068209	0.0199099488369156
0.173977434515398	0.19534063294416
0.028647080116505	0.0303950380049526
-0.467727903660905	0.657974686634753
-0.0633720093511148	0.0616168011421498
-0.273236307663202	0.311285098192843
0.1717319853805	0.196645185501881
0.455114866111688	0.738599382456384
0.371667716797874	0.452828498683917
0.206583057580525	0.22260117491665
-0.033714121998889	0.030466839579149
0.652078111934954	0.855098487898644
0.366946882153841	0.42809629247246
0.307638591852873	0.38242915021163
0.805508804849567	1.24594493561666
-0.355905175463847	0.424195359639981
-0.0380314560534641	0.0364977943899068
-0.405359048300139	0.505852475445222
-0.229701284475437	0.269150875580602
0.111248486653948	0.104343044726808
0.719489974664092	1.0711527393139
0.887194823863773	1.7930411306988
0.833037342178527	1.25007712221847
0.115370528132538	0.117292122912143
0.308815349334264	0.395952279903666
0.320345056186026	0.439947024930489
0.00432574176774883	0.00460666935818903
0.0661260802695433	0.0608682454194551
0.552974994046314	0.906449409227222
0.550141969564945	0.536058618628813
0.733322318424736	0.999379192677621
0.0765907370420596	0.0602716094889502
-0.0869801398655018	0.0758131411027532
0.292627392672489	0.359471733892303
-0.0169552764502378	0.0142908119272375
-0.466049402480342	0.564130925493062
0.737925468413344	1.30555291595136
-0.196895469936282	0.203829642640029
-0.204566459697113	0.213023187289895
0.30455346832599	0.372433188966219
-0.656268439615646	0.988208636967166
-0.0269108043841082	0.0248831928434191
0.526504231399397	0.710707784689643
-0.0319517044432235	0.0315064299981576
-0.373515090313388	0.482275047682428
-0.384619413934641	0.543160734430197
-0.270275061944404	0.356274702856266
0.404219374270548	0.582106108845546
0.393704861427476	0.519838746551458
-0.449074717514749	0.605679261614647
-0.316754022944151	0.424823848814662
0.155765343970348	0.138467137521904
0.147304576206503	0.152106677300377
0.609394070988528	0.918768847945229
-0.187641778945531	0.235292246154431
0.918668581715743	1.86399456752184
-0.0963281973737793	0.106412238362438
-0.18750124596826	0.182660453734623
-0.1769532231856	0.171067049073619
0.300068401060646	0.369114641328577
0.260513585183729	0.291553297740275
-0.141196979816183	0.141587152793301
0.264115447288321	0.295083711850882
0.59376738571778	0.890493114185272
0.255096302488334	0.287455251043098
0.542124470849405	0.730755162001194
0.220768079822242	0.243719507118885
1.06033119085247	1.90892928540688
0.453278449280673	0.617279813728902
0.364910596970517	0.428395880548275
0.0207592887377379	0.0136993479150587
0.223101496277613	0.182219703215043
0.371485874291393	0.440050057229081
-0.225984928915985	0.211137913521168
0.275758277268184	0.291877225074769
0.0863248998098014	0.0762836098716925
0.152361631679017	0.143517464224237
0.0336834397590607	0.0282083404094436
0.233211959056782	0.309774854016002
0.180622144289911	0.209638419814853
0.264317965147843	0.287135664938537
-0.0636394064112919	0.0662387146771735
0.272906004607269	0.29578663008567
-0.757426412651359	1.49143700447949
-0.294425761992026	0.357129856243326
-0.022871776692674	0.023502276904479
0.247259479819141	0.307956944310254
0.282275914233111	0.360397259160351
-0.0874050612511669	0.0832048097395507
-0.10274157773122	0.0974725500345933
-0.00654731809589091	0.00667495224973739
-0.27854452817484	0.320537452522202
-0.111820702877818	0.104104897096115
0.0411968006417074	0.036502110506196
-0.613930934046738	0.645640388588967
0.0596035902877957	0.0558220241456807
0.0488814979557047	0.0445198891904674
-0.000122500116846222	0.0000617338547462008
0.104165495853456	0.0977752364228146
-0.0139293589471561	0.0130814579794144
-0.225088105241522	0.234068529602862
-0.30305395456309	0.378012879481248
0.127368278331925	0.14561728533085
0.14165868656426	0.181920017266622
0.411499458609427	0.535106349679058
0.512332689431504	0.752731438172879
0.423706776356472	0.612218365535759
0.378750312212294	0.357515637626356
0.105474817484639	0.104362056199788
-0.46622009342626	0.476559303897575
-0.00546226911242748	0.00401146382397869
0.0836618745151191	0.0720119645674155
0.582816433810359	0.751721226765782
0.355040544200679	0.448782205867572
0.015565531604436	0.0136605811229067
0.0466008786278754	0.0409486040392066
0.239008637822365	0.276587121371401
0.30272008471912	0.421492446674317
0.284206505981649	0.375009414701056
0.109825252431872	0.128828959985669
-0.191733149969907	0.226101438905177
-0.264593056593261	0.326183217244641
-0.0154830380440725	0.0166126242692872
0.700756476591912	1.26741750760047
0.141046200420732	0.168125343323269
-0.366537159006562	0.458293176094051
0.176483709421195	0.20466684480379
0.464771489448554	0.67967079622417
0.0162798402199945	0.0152487134342563
-0.00386299004612372	0.00324755387365218
-0.106920645226045	0.0917686565734567
0.401043102614619	0.351980211322643
-0.0816693556953705	0.0703060096918581
-0.033906102585945	0.0336975196099571
-0.596711998834924	1.00093576214601
-0.105538649480747	0.120132228983224
-0.396895469624089	0.520567968570567
-0.343079573451271	0.460208794394226
0.610901058137205	0.939869205637499
0.74487765911043	1.37571269828428
0.236552589827349	0.143304769076583
0.357257886127439	0.248523850266088
0.0398615697931366	0.0398212328332522
0.450094966795421	0.621988098011604
0.982454934834087	0.948562768521536
0.0398614765923768	0.0281406295051797
0.271312328535888	0.283714511178391
-0.0178511135302849	0.0148939639809627
0.0948545717807465	0.0874454349147871
-0.0785223296231832	0.0595274112107415
0.415120032689998	0.800552902689587
0.435050728450099	0.676186774041738
0.337551625019352	0.518211808280381
-0.17650351925344	0.22180703419733
-0.309656724618767	0.440213019576823
-0.709727302572795	1.37566719635957
-0.363745236938819	0.490596870732831
0.0257616550463457	0.0281675708467292
0.118430601063746	0.130327270252379
-0.647042002675207	1.28413087357358
-0.365888042242021	0.473539062295807
0.0497269268480876	0.0356141682924935
0.439499923061037	0.371056640157575
-0.247039332563597	0.254754817112742
0.0472484372739803	0.0482042979260128
-0.0918060900306545	0.108222243434802
-0.0103850024779726	0.00949219835677844
-0.636293528901497	1.04817716286335
-0.123951393280605	0.156004741164698
-0.290851827413298	0.466693132778549
-0.252529596689557	0.353993683005343
-0.508118384713029	0.705746591387044
-0.564257374000463	0.877115445421097
-0.590174251533773	1.0715539723542
0.240478016751098	0.292970912040761
0.337875262395338	0.441472200383646
0.0474265665903119	0.0472595034269303
0.544449439332342	0.482373174220305
0.340915977506074	0.422182490961467
1.05528808064038	1.43992394795117
0.00965232474851825	0.00893112520073465
0.371834452086433	0.44168355329491
0.216855096001554	0.289069776897194
-0.28426090365294	0.4541584409644
0.276500137474299	0.443205559860606
-0.131224524596025	0.169933743936881
0.356321435165912	0.570754070831221
0.159164712343812	0.182603033422902
-0.517426837387216	1.01708531858516
-0.145886903264736	0.173315437809871
-0.735127714595678	1.51920641052655
-0.379741270476218	0.462591563747175
-0.323462558481771	0.289337379302669
0.0257590007055503	0.0164213508613241
0.592108839763913	0.670325580263054
-0.0983357503532584	0.100219871885598
-0.126509082513031	0.107073831139147
-0.0725131477736458	0.0754857466516288
-0.111220775808187	0.130556393456775
-0.370603070130235	0.567546622214045
-0.456939273999736	0.679538396125595
0.55596896221334	0.881610129468579
-0.300764545132003	0.399709715308345
-0.0357969829807973	0.0362094412936153
-0.00640484339221208	0.00464235597582232
-0.0264637158421163	0.0233081483706449
0.769103978046404	0.648439635781141
0.624892834404802	0.589346583678876
0.528093698730774	0.724768401900582
0.10214535748541	0.131066700998201
0.1542950969458	0.197406987368739
0.104368385177948	0.123849224909213
-0.184506004604723	0.194229255870131
-0.332003562354956	0.507544642985243
-0.00832911961583525	0.00835321549389545
0.0745972220744595	0.0767965643517869
-0.190326281448232	0.244991046531843
-0.792049716364958	1.33524512072594
0.026274123058964	0.0172625957016079
0.234448400245902	0.179872892005919
-0.101372281701165	0.0856496004648896
-0.328837157752186	0.390501093377676
0.0227373916999291	0.0206697590210801
-0.182892550729335	0.19224594283963
-0.154125664035226	0.164631964977437
-0.57006602998008	0.98114845039233
-0.180018972568958	0.226301626493137
0.0690089808270741	0.0793362769055454
-0.259837648872258	0.317516108825482
0.342832845141006	0.440634553338733
0.357624851529605	0.489767118239027
0.27626094606379	0.279079136788922
0.273307449651804	0.296465258709964
0.30569747862261	0.256376112495733
0.625009217318828	0.603071452194947
0.228123524999284	0.219111098362961
0.361169310476321	0.594479096933576
-0.203848828899981	0.283524664917195
0.300958844329301	0.48043612070565
0.490444711688755	0.782458499776422
0.207203793004737	0.276680554117695
-0.1050176094736	0.128191848659422
0.0121622922256616	0.0119927325031396
0.452806419607828	0.677669944537086
0.244910229550554	0.329288447708721
-0.11945957224127	0.147823186506724
-0.502893313142848	0.797735402319494
0.100588884338614	0.115489982929424
-0.428077525230514	0.606960929797902
0.121516219878654	0.0877661154434865
0.291552928317578	0.259659544471466
0.0940918660273079	0.0789009336818995
-0.330947373555123	0.354723325515313
-0.169919163842746	0.21493029568836
-0.0952206747170122	0.106646442191114
-0.247559131254941	0.316928676800314
0.0696586459547787	0.0775585034028608
-0.0154286560734278	0.0154852797078215
-0.439140737825049	0.74298751478941
-0.873484451928431	2.07419373373853
-0.045393933435416	0.0518761178090416
-0.0275388874571006	0.031470471871834
-0.200335239488469	0.256415774110073
-0.20052118041219	0.242613551032094
0.348333435827485	0.438484231865842
0.371970815976324	0.449338477917216
0.622263312366938	0.839738663150414
-0.176429086379095	0.104966468298567
0.384953717221971	0.497878194592677
-0.0911875911495137	0.0879708910032078
-0.210962660074352	0.261856851243916
0.191982795650448	0.267599244441288
-0.330597333197533	0.460552979742231
-0.137318459347432	0.17409536561342
0.143049334739563	0.169107168507792
0.513945227324395	0.942392437914243
-0.151490008203989	0.171750652677441
0.116180247526291	0.142543847242194
0.509149576030072	0.949150712466823
-0.297216648769038	0.446935948182385
0.603859686331976	1.20915363936693
-0.893094690628142	1.87630764858809
-0.431916548376957	0.61513894148396
-0.522032952660665	0.564663656054574
0.588629593180937	0.5890391939309
-0.450509672167539	0.456105145157857
-0.710543553902523	1.09448124120922
-0.278418352314942	0.346643086005538
-0.0292367398886023	0.0311317563145002
0.0286678233681361	0.0295271534702475
-0.160337364714223	0.186479616146127
0.0404379638435275	0.0509527460304349
-0.0958498358527007	0.114791316432771
0.153906335189408	0.223691283069621
0.125954929463296	0.18514688528541
0.1902443324565	0.279747984151458
0.500958853307998	0.973953868508166
0.0815983378367027	0.105001405754297
0.421909635668103	0.741133286711131
-0.192282535233843	0.29841278115854
0.469707140267946	1.08242543530574
0.158033996751668	0.154054419399835
0.173450224609806	0.284906077455319
-0.177214592568967	0.279069762686218
-0.00747861957417351	0.00908465694026964
-0.609958447094613	1.38682234962202
0.143266072127483	0.194573529400364
0.114010756904975	0.172830642763671
0.334441013709698	0.656277808769708
0.113563122641393	0.149848228561804
-0.36220555225181	0.617787652085274
0.355060779878943	0.598676090773813
-0.20889429633659	0.315731977712027
0.601513995415298	1.4605850410513
0.506999521267507	1.00060667393096
-0.243779562545624	0.406423703281035
-0.467414506920467	0.851373578663537
-0.526965481103062	0.642413321334936
-0.502585675370134	0.633640140534749
-0.0425076113315982	0.0474865233434194
0.0367358226071547	0.0476275843103194
-0.366882073431393	0.653301617055418
0.250280094372615	0.386752449967779
-0.158969048228317	0.24751111772025
0.157197865878256	0.220885519798325
0.730480011839661	1.58677083844068
0.188129849591639	0.261497305173709
0.368130075746492	0.629182697271431
-0.448350894397621	0.610164630986713
0.877041666824159	1.5598438344117
-0.121271105412792	0.0897957804871228
0.0230240704582026	0.0274228687403921
0.0271495502036848	0.0344793537021307
-0.149837624070041	0.136362928995227
-0.0359734920969078	0.0322072163000958
0.0480563644057931	0.0538747190666065
-0.0761769975461515	0.107607219285127
-0.0184790442395046	0.0215576741715809
-0.142508626912779	0.194303596272123
0.20893411319319	0.33391728551584
0.0567761076310358	0.0709123425680479
1.1388704028415	3.14884733546931
0.0307131553803051	0.0370139834060408
0.245570796830224	0.335895743908946
-0.634368014445231	1.37267779626346
-0.289655431311919	0.453102387836471
0.202211979549828	0.284812911415095
0.0666619892298316	0.0741447748838893
0.675436338594169	0.943373732439622
-0.210002825705033	0.199960092343279
0.124850463193717	0.152039503051392
0.0870986974668347	0.105388530024708
0.0543337841378289	0.0587355297967747
0.0980829512321761	0.122543697005971
-0.148432993673748	0.20829850899075
0.0323685671749978	0.0349540070369833
0.0731023337472412	0.0825454640900711
-0.719458149302728	1.60123403794578
0.0493068744389161	0.0546671311927502
-0.0875928001448957	0.107596940861064
-0.133933431266093	0.136601224009098
0.0344686966590739	0.0326643583294427
0.015305653302544	0.0153930260252737
0.0733158000389098	0.0721623226461085
0.722910666103334	0.979056799740301
0.224030256904941	0.162486826614285
0.222005400254502	0.179875570554051
0.606294868017467	1.02098645259427
-0.55674018776335	1.07927210087409
0.412923121946042	0.363538132506387
0.404178383162205	0.518340005727659
0.201308359974609	0.231259165333353
0.104106132662305	0.102302999881177
0.167422388777219	0.18952755007798
-0.0315973513936799	0.0283518623668554
-0.0172795967370913	0.0188359407494767
0.070553194274847	0.0849764703549818
0.347323894020414	0.527068811061413
-0.165709008937048	0.195538719978268
0.166536987837258	0.183134637446856
0.827471546499534	1.86653206133967
0.403273418300284	0.631576640437597
0.0108630259162246	0.0094048178679483
0.73387719054564	1.46962068507018
-0.364672981521947	0.505132706595696
-0.0748521733508328	0.0793931619529892
-0.322940136265138	0.484298656778373
-0.198082192187056	0.246572453979693
-0.468312513726666	0.699999008542536
0.0334581997857385	0.0318248074792484
-0.590285747951	0.584478214277237
-0.242853882187122	0.259258924232913
-0.364029262566065	0.499032613588168
0.0328153448906918	0.0346215458754222
-0.278162006927526	0.374024011132154
-0.462887056873265	0.601461416262289
-0.000805694873529845	0.000635125830342044
-0.270352636490611	0.341002037291084
-0.151244996774139	0.171203238023243
0.221476110943371	0.319943457796616
-0.249119110631891	0.346084059907317
-0.000574092813929555	0.000498535047628888
-0.388981956758429	0.537812068153948
0.818739707780668	1.50395185454429
0.0691680402248427	0.0650342879123091
0.996953110471033	1.57797143004959
0.587588121125229	0.497141210136145
0.738583471885113	0.752497633166607
-0.618433243514128	1.23300182833657
-0.300686578688628	0.398396073661664
-0.776621887081573	0.9069744239492
0.109225325562178	0.102806417843638
-0.0196256432693285	0.0183822269430603
-0.404007127098242	0.547666537083823
0.0784415277414398	0.0834051018245653
0.266758410938102	0.332598441476318
0.0349922833716164	0.0287046994642525
0.600035135590625	0.888971779766463
-1.48662762715906	4.19316077626754
-0.152203155542251	0.171294928613235
-0.176388680520286	0.218232368037701
-0.313270670046125	0.365630789357469
0.0229961205261322	0.0214785421587587
-0.201434002224073	0.239666939661388
0.378829311744776	0.640341053898464
0.169894800900103	0.190239633917318
0.437975455485967	0.612168458318406
0.129394452145283	0.134918250811877
0.484550140604315	0.69732268249264
0.42157834218138	0.67618422048519
-0.266027374767351	0.374693730006614
-0.0418211581040612	0.0387844390342557
0.137696710565918	0.145881096755115
-0.197924692302469	0.190152182231102
-0.373800503550279	0.30668051811157
0.256254397175773	0.256992649552198
-0.222527633152582	0.245025232593812
0.507359081942114	0.70835911295818
-0.0211594770189715	0.0189577954535254
-0.307238887980749	0.387320259881553
0.110746351042941	0.113065522260553
0.0988183072089495	0.0901128408907509
-0.298729016041988	0.361395725473146
-0.644155768092151	0.966214365295329
-0.233533730451953	0.220486401769235
1.1444290657487	2.07474318184762
0.142128123000005	0.178063394466163
0.16184029669356	0.198983313176614
0.347019528869621	0.450448433602861
0.291087799920981	0.381797406810992
-0.153764033497854	0.195465910070709
0.511922433498347	0.872387921166093
0.386290113418719	0.514556394142661
0.285293828425136	0.368852526089643
0.00682417125722718	0.00661129062382016
0.350222634809992	0.446641044033846
0.00598869621533356	0.00469596586815593
-0.175173132186616	0.104862563660086
-0.122715275223154	0.092487623234476
0.473601309347633	0.810155999600752
-0.523671837358361	0.876886870380725
0.0874480761438443	0.0688037062574575
-0.0211134920751387	0.0173436206343131
-0.229733893176138	0.279731440775041
-0.31330252990531	0.415166532197693
-0.11846147587335	0.128250844394058
0.12600901994206	0.131926704772719
-0.412065039396378	0.563178183513212
-0.102487539118277	0.0949567282609926
-0.162235000346332	0.1849300383119
-1.09312697773786	2.26391077948027
0.124737935954419	0.135056584431437
-0.204842313593933	0.20717170814564
0.641090839697576	0.924812273289098
0.21895628028217	0.223262363980602
-0.0531840630630215	0.0483825507743165
0.105008852175016	0.0965421030244554
0.0457658757627887	0.0401279026472583
0.149478015621722	0.158513939044788
0.536258461712506	0.719305985285188
-0.0427185176928603	0.0343147626961952
0.0479217128463441	0.0417477566619154
-0.252602414561914	0.275499949917212
0.0181702067451979	0.0161618273473007
0.105101728136312	0.112169022496021
-0.693632492148037	0.948370596208423
-0.757038315745359	0.707341115591477
-0.400125635403726	0.350173090345697
-0.303574519773381	0.342808193882983
-0.716293137826139	0.836665080111729
0.675227785150865	0.927148003290433
-0.423076791343448	0.465973981893006
0.242681334110954	0.289106988680014
-0.0455738339527449	0.0367633149914298
-0.210983163466612	0.188508281286023
0.0511054594271819	0.0469662854872024
-0.252832668689737	0.276807750220113
-0.358012555026096	0.399561365864368
0.0615906015635378	0.0589444487187583
0.492902497377863	0.633926933970761
-0.273437434516613	0.29266181280398
0.443915804106413	0.527404405494895
0.0869284197950703	0.0727349931752371
0.143721009924091	0.130074423111815
0.021733942938236	0.0252978427125323
0.0885812930650522	0.073851845689088
-0.249237644120194	0.249314137104205
0.0479084719717848	0.0402231427920293
0.495431691004957	0.685002475404424
0.266384127879789	0.317141640877618
0.166178920836052	0.169749606717192
0.259346391738144	0.316633783190489
0.352681470943508	0.448415727062468
-0.585295967546112	0.981782403970215
0.254183079623495	0.311689013653303
-0.40129891217874	0.501544795449948
0.00484501771668079	0.00577348064276957
0.109057553247541	0.12746710423494
-0.0774518113427391	0.0816483093390601
0.0529067886803819	0.052800123254023
0.350089993689388	0.5012759634805
0.0075363720233562	0.00626418883698678
0.210763740000458	0.24459913987901
0.142958640890019	0.181096364373989
0.420585704685745	0.524107972826703
0.55590377367764	0.738520229119307
0.868130232374677	1.19164901821857
-0.422425904223068	0.449595648321563
0.649766227654118	0.618337084435853
0.152368248159552	0.139174700060062
-0.0383413442479304	0.031071530750247
0.731878284402758	0.917311060105164
-0.208882871983874	0.181319379362661
0.15655571523913	0.127540998994318
-0.170991653503217	0.135160052282495
0.0963309818461626	0.081836858312458
-0.0213427836052297	0.0178282980271084
0.331740495073837	0.358302548088418
0.487608952190432	0.610675372372225
0.0520943877744646	0.0447897362986156
0.542279266081761	0.653693488285802
-0.263357537274573	0.361832459506361
0.264968765716656	0.412087027888153
-0.516182046372308	0.865468629244894
-0.444199423589595	0.543105031921363
0.0210755718159625	0.0159483414097632
-0.0166404205287201	0.0139636704967194
0.347656019704451	0.362450374681467
0.064149656662288	0.0616986017343154
0.673673630173853	0.707128052610896
0.406848658764351	0.460321570939761
0.0751742362473103	0.0588762225563672
-0.199434863735808	0.191488917138089
-0.0566027629809358	0.0499923535354038
-0.271031785965016	0.233345110597275
0.372370113596419	0.5052965573849
0.17072088740455	0.171206593015396
0.365059270883568	0.350002668421281
0.387091781328373	0.457608631004029
0.219914285954595	0.173517667206425
0.808444732992599	1.29582485463954
-0.0479148232185158	0.061175306933211
0.168775135833758	0.182175302083449
0.410199291135449	0.531661975768154
0.100036151895691	0.0904509817372687
-0.143264887566991	0.14217548191218
-0.126370630345693	0.107030245939125
0.419063817326979	0.574360642719829
0.155382104355637	0.146893726683671
-0.106769494514576	0.099286113389529
0.339910900824219	0.404674861613249
0.0559484887584621	0.061688704378512
0.154878829013582	0.196487266451995
0.422536684789559	0.525502453092079
-0.0572567643588942	0.0510348334707024
-0.193333289394823	0.282612494640291
-0.789816762344426	1.4341880098846
0.337613899881081	0.476894421645018
-0.774801092286913	1.21238575914959
-0.413066716951149	0.583546806253294
-0.185106985289355	0.196916509534952
-0.467983784959746	0.740780707337731
-0.800526467795239	2.04998361294613
0.642948694165633	0.781371535604234
0.882198265720947	1.10540506945059
0.390858847385833	0.358560973737393
0.445037417205684	0.45797502141347
0.234818972073507	0.174196593097201
-0.333018764245926	0.342777573448689
0.222313901662109	0.201462179744195
0.913266839092949	0.879234526722828
0.00499665739445123	0.00390829736165136
-0.200197867980174	0.159272012651341
0.946260879832369	1.20602903106932
0.645845456062937	0.702830779012523
0.289561638827161	0.283991950761035
0.148336096021838	0.13737808831516
1.00967882644461	1.11541663702156
-0.00586135362223191	0.00407838234138365
-0.0665701161604121	0.0515954531606108
0.0255662812774582	0.027648367390347
0.0515456668959242	0.0636862347315982
-0.232108858665141	0.313275981491384
0.436018990555042	0.459755524083135
0.581537130579081	0.740834724129151
-0.175606475520403	0.122099298087507
1.31921488025393	1.75301032257828
-0.306256040487431	0.321129568405825
0.59327216528284	0.591020671774844
0.26602174118201	0.264376027292565
-0.180825800866829	0.127512305942955
-0.0990533498796633	0.0757322069654258
0.086483822856732	0.0718031413245791
0.489408920065408	0.434365211412227
0.364761927977385	0.347211690004114
0.157261384860508	0.14949631201301
-0.742502997548475	0.965590522465931
0.608330093398408	0.91817360304366
-0.17587228021281	0.159811526146686
0.931916038484925	1.33876287455231
-0.249130119876803	0.252645729417483
0.136368244647501	0.111345703833956
0.40430239393686	0.429276949767414
0.526080923197573	0.638327897995619
-0.0430512493311728	0.0433563753882837
-0.533015094773197	0.718077798649105
-0.580327907361781	0.93739750098471
0.590293641296067	0.811537607897168
0.260541326365242	0.300330656642504
0.554944994086969	0.793206133860711
-0.52698133239199	0.72344977905444
-0.448356211905436	0.718969315698556
0.332601414165512	0.359562232620584
0.0485695167619126	0.0348808862856261
0.4575159494122	0.457161269415844
0.217785216824036	0.203637133721391
0.445787010726655	0.355419482669931
0.214847863682346	0.183803270541508
0.803916847009897	1.04790900551
-0.426811596459517	0.435176143780438
0.306281505306453	0.275016175590502
-0.317002324413157	0.310477360729306
0.0149945582490843	0.0116166312280566
0.365373210232055	0.350998964622354
-1.87842122774698	2.33934244863055
-0.260132842211908	0.244412682700375
-0.0603320420137881	0.0412283360399644
-0.871727285734104	1.32616171121866
-0.339757078572886	0.331144582860224
-0.135732613125803	0.136144077416604
0.404506644889738	0.581239756373008
0.252718381036089	0.270012637045037
-0.0997427274343933	0.0833066101266375
0.210945261600796	0.185222931196394
0.318122822324097	0.271544288785121
-0.7627908050594	0.771023313511481
0.222670460899884	0.181593410972856
-0.620865866471879	0.692360457071978
0.299751452211626	0.273426361399126
-0.564415271761977	0.60306377688947
-0.179637105724449	0.139583256073434
0.0326881886278707	0.024876096528822
-0.627010012693552	0.693794315234678
0.203222269210737	0.184075470936265
0.35779415981042	0.448934011836731
0.0928093447718267	0.0886198062457924
0.071857780438686	0.0734097258457511
0.0776521927552302	0.0791471752820471
-0.0788388970731433	0.0873120396762547
0.115812614453241	0.113489521426979
-0.239495035555056	0.277591857224861
-0.289506813789302	0.342518920736266
-0.616910440439139	0.795368975061382
0.472307743291218	0.454752878725855
0.119924435612491	0.128069903974434
-0.141432106554526	0.10559107471189
-0.773699960344852	0.805579338811532
-0.449362830366939	0.570982055996917
-0.0917459506639331	0.0882019609258437
-0.166841252707386	0.183071603098771
0.149731673023403	0.148558963385874
-1.1870461972957	2.24307302132903
-0.417271046406603	0.4252481187637
-1.45957675379447	2.95446522081963
-0.631839553262118	0.908460862071601
0.00500871931497076	0.00432934068506632
-0.400961712523091	0.474134822834858
1.0309536377209	1.59731711134195
0.585790181603022	0.798972204271384
-0.12385747648213	0.102979410722343
0.661240862431378	0.834342459747797
-0.329639809873421	0.337334079844993
0.494168600171301	0.551739463129366
-0.0875254049727334	0.0751473838468672
0.108781140026303	0.106170158204227
0.278924985698708	0.268096676047354
0.162046651750354	0.159312645497519
-0.108449776956384	0.0924122458866389
-0.441383160699676	0.346799037642276
0.506103660568181	0.471630057176686
0.341497831173233	0.368696444070942
-0.260248931242362	0.245618373820871
-0.247894846749978	0.255509740552357
-0.393106789883023	0.379332815645841
0.747795812553722	0.928064698309613
-0.170230804765444	0.13934621972056
0.513498592697364	0.443917679769457
0.299695261976749	0.282441350507133
0.00978086350941302	0.00690764129018731
0.348481605137847	0.371314948085538
-0.217590648506506	0.206021737810687
0.408186924039691	0.446105954760229
-0.544373677162875	0.716758782054609
-0.0771511068806407	0.0805666785007312
0.500426796761174	0.76695586474604
0.285709607606778	0.435990341861427
0.126314540878177	0.138316192235293
-0.0777965051907566	0.0731413027626197
0.303242682881193	0.463014303377918
0.124793258313043	0.132455334708584
0.0205490892075724	0.0163554214728726
-0.0682996181993024	0.0726202988354816
0.0401119300470687	0.0344516242504945
-0.58187238220747	0.65557912412131
0.12120948069315	0.121593233597786
0.101426321327483	0.112449840979886
-0.0415227725651852	0.0436141963423568
-0.428278702552743	0.570877627672507
0.27323659710376	0.270130992394393
0.469736687105204	0.677391706077571
-0.114764281005977	0.127214332640939
0.0441368351307239	0.0365022338670121
0.145142608057156	0.139443019620735
0.344274134830094	0.4262509483952
-1.17310278537634	2.10296867006587
0.22538504146068	0.237575781197932
0.259728975372528	0.27490765796754
0.452938660992088	0.532306101017475
0.379200018963795	0.444811520551349
0.158180055531791	0.157935657288513
0.0267590723317186	0.0217215710848936
-0.24349485961769	0.252373922095644
-0.0510357255687162	0.0456122166133442
-0.644402324075806	0.639897681689199
0.485383037812105	0.458094488520483
0.10361653586893	0.0963552790706723
-0.164125209003648	0.176039327077753
-0.127385573358034	0.119555995908572
0.466821282427257	0.539646812635968
0.458154230765199	0.46190665745465
-0.484742492100616	0.670915500226798
-0.831161419068209	1.04422442840836
-0.502653707814011	0.632814220051399
-0.179457971819435	0.191854287787201
0.161222805185088	0.155156727809226
-0.689346103673824	1.09892459331522
-0.268762564674733	0.29461593257043
0.107104144200284	0.125403835417145
0.582728545535355	0.744811256881714
0.254762684414648	0.320400213052931
0.720507372725756	1.34520500956073
0.486361839732548	0.633491832031939
0.356122196576987	0.448380658290219
0.390826457524859	0.617935009319194
-0.0241712420091088	0.0236391858507592
0.0374007818920681	0.0389843399097329
-0.132388633127561	0.124091185331288
-0.114843593969909	0.085950733130006
0.00561593809263973	0.00391290768032415
0.846869377003205	1.83062206996966
0.287508022048315	0.249351867689184
0.0842457225017448	0.0716061602145909
0.254269897657812	0.335780391575223
0.116663092280086	0.120260053721419
0.365205566849925	0.452853585543747
0.162779072366396	0.192291799494506
0.164165142677852	0.170710035826504
0.287188977311834	0.279079844820009
0.485680433717502	0.623348669943303
0.208518282540016	0.183767917617402
0.413959168643468	0.527106246289167
0.165722033731075	0.168717991521075
-0.249980450161631	0.254975161082549
0.0138939371876729	0.0137472129123807
0.351033604988238	0.35406082034114
0.216400931799023	0.182108219932567
0.641709614948608	0.832801733358032
0.120095090411874	0.122000302699565
-0.159685445976314	0.141601161495617
0.0162527067106145	0.0129728856383406
0.0505545899148976	0.0358206261883969
0.513670663785182	0.613830988811025
-0.121905464085644	0.121015578582007
0.162291656195827	0.174509443950534
-0.0863665424297298	0.0835231650661803
-0.120737417123194	0.10378109332264
0.0451615088153191	0.0397023408437429
-0.022491820697462	0.0157961104257946
0.0555948632445935	0.0492004849687876
-0.322289204486029	0.358983973809818
-0.436080258257941	0.528422772128243
0.761756052230194	1.15917932027855
0.977467938194355	1.81375308227204
0.651261351022059	1.14085845499909
0.255182455880955	0.315456167928227
-0.0326658237307093	0.035673435653032
0.610420043132911	0.961924467917976
0.390491561645117	0.452112882550731
-0.0232158683908639	0.0213141002747282
0.031345633068178	0.0248417531785319
-0.0128762860108441	0.0132294249195079
0.20387327329645	0.26818184370644
0.155313236063418	0.132174379378971
-0.219992198629174	0.192828586383364
-1.0995157872799	1.64286193263659
-0.443588799511562	0.47591639195604
-0.319431686361526	0.311292942742489
-0.22855102601232	0.180210208162691
0.639311041423625	0.775853784466263
0.083104738545273	0.0717513908838229
0.212146163722478	0.210661992464311
-0.0322429026399619	0.0318784363372868
0.113825272314768	0.115690986794617
-0.179073013768295	0.184406747289949
0.215819018378267	0.206542084951135
-0.466811499530385	0.526825123739984
-0.223058319302356	0.193938467619237
-0.319615733655106	0.266523277114311
0.852794305236871	1.00514838123252
-0.677857861768987	0.805116907912791
-0.363891622980365	0.378269926896214
0.0124571915301318	0.00968630027671569
-0.23012721330625	0.213761651522814
0.488467651918502	0.469225551274417
0.722948351946476	0.915901981383293
0.484270944662102	0.529856234550023
0.023272377935373	0.0272380106604462
0.258722940282841	0.282184339338489
-0.124672286872957	0.116824246004546
-0.0173968607657148	0.0159240691400358
0.277218035083994	0.29613215778704
-0.0672195305464036	0.0923486183349267
0.187816679931757	0.258184752147488
0.505505998454433	0.469266078465254
0.645541659415288	0.605246473131416
-0.307606317671423	0.20219532705948
0.791864942216068	0.552224681771416
0.398864513027491	0.254434056679895
0.225046284383471	0.164948464407416
0.540244940722524	0.380324297809694
0.027173974864463	0.0181430324774553
-0.0944527669938754	0.0623223495277826
0.254526175232751	0.350361738241889
-0.348366828439626	0.340955647876617
-1.05313450989623	1.02598165744847
-0.407969365803152	0.333209610937472
0.241905126570705	0.133730293816525
0.125302285722085	0.0842211072918388
0.403873980836078	0.258578600393996
0.229572141446591	0.169985250273739
-0.402551107576261	0.243384416235134
-0.0049729817694192	0.00301323578176983
-0.29334072904123	0.193907537708771
0.994543519556093	0.97606242177424
0.539669610050745	0.648864430680181
-0.0836340493829073	0.0645885764380384
-0.11392414125894	0.0954315591733273
0.0927579228349125	0.134357560702361
0.366787586514424	0.540939034759507
-0.156708030390775	0.153947860901138
0.612760227680105	0.492740889498158
-0.341037634470106	0.337490515984808
-0.0563701784637322	0.0444460667161128
-0.145005677673989	0.0913603200462328
-0.0322343075343975	0.0183148372171742
0.982434000691409	0.951631951478301
0.115116376915832	0.069155238692994
0.420701951416859	0.365882145283067
0.839125682486182	0.789203597999487
0.675334496776456	0.613849524436441
0.247046468891974	0.140673500133895
0.717415257313464	0.531106256256324
0.347441784444217	0.238598931285876
0.262934465721058	0.136851002441207
0.825511873263922	0.899547273765749
0.545703588218967	0.469501620251641
0.453738195365042	0.628690475465464
0.1545363310132	0.15046811237783
-0.438067688243941	0.38774652641666
0.131297473755171	0.0979653989822715
0.0950090979418569	0.0314575348485671
0.501048543298582	0.462468329557129
0.430007885135422	0.35585788928275
-0.847617007597741	0.899597306740952
0.364369435482339	0.258337610268117
0.724703637086408	0.418942909308191
0.583368603488978	0.393945356273807
0.340582848404973	0.262508200733355
1.27074083618856	1.22545300826682
0.340269920578227	0.52742084274608
-0.127437287408645	0.147253490602523
-0.498912069058304	0.685541462081131
0.259534893827212	0.273377269194238
-0.513246896949046	0.552522121466942
-0.651303482094702	1.06529248823114
0.00225560519106523	0.00220664900402551
0.0289824774480926	0.0311581131957836
0.17728254615907	0.223111434732511
0.424261164812824	0.535981963683631
0.0165927762825634	0.0146803811585515
0.293172600840459	0.370372778722374
0.333305452327639	0.441981959125642
0.671402940327745	0.96017281959651
-0.0247911275933279	0.0232175739943471
-0.049358641990584	0.0444126547688372
0.0982474360843608	0.092059629045183
-0.487961345433222	0.531611730696785
-0.592107682263777	0.706561525725946
-0.367736095744958	0.410656951963912
0.35980171692357	0.349631366441126
0.670928806249287	0.864950783753078
0.349137944986715	0.351470088481763
-0.374931956734627	0.393122882725788
0.0747055539107476	0.0714628146399691
0.147217031299416	0.13624042288133
0.0755158362812299	0.0610611356149875
-0.667481533520717	0.957708638110681
0.2622878690389	0.286467275941042
0.0863303398556894	0.0702179678753885
-0.285327186975482	0.263324533984321
-0.0161734709176267	0.0114403808272483
0.106972447491183	0.0999677606998484
0.401009999530031	0.366707235663321
-0.299513563926721	0.288094022592956
-1.02588008217271	1.60581365570241
-0.786103213763222	1.19909284782046
0.213886197093941	0.201064100031797
0.421961137198964	0.504573265044142
0.561838166379072	0.794927746177225
0.684879611413857	1.42510014242775
0.441789066568702	0.747740989303174
-0.140618342741121	0.18234543296291
-0.00672053096094301	0.00687370533291206
-0.0358190568723446	0.0327913304578775
-0.0247347440132818	0.0174237140276034
-1.01544641705119	1.88744425549343
-0.404765193499295	0.676283218703618
-0.10210933766421	0.123024092817902
-0.205699164807291	0.262519285289555
-0.0093160176001678	0.0086015292722794
-0.469946761133079	0.692881465739346
-0.269817084388155	0.394715088255564
0.339222760991762	0.422734565144105
-0.252301846025497	0.257169798123054
0.120185498799326	0.0813243256961824
-0.0250307455003507	0.0180628308027966
-0.108135136382517	0.132800532056834
0.320920809433565	0.357637146891904
0.578349374919999	1.09630969577801
0.0342679010197689	0.0379282093335167
0.0284576616360276	0.0292275618014961
0.882999435471078	1.78099280430595
0.297046448592359	0.422973437361076
-0.0202891240319237	0.0190005735507766
-0.783443578761604	1.25045861717073
-0.236017312193023	0.260879680656174
0.784056388451131	1.43903952269532
0.15665450655415	0.166114556981173
0.0491070374833793	0.0424524659690439
0.53151922221317	0.709529584292142
0.252556226933206	0.317837888702691
-0.0645482143312904	0.0582049784690187
0.148519737053494	0.119107207888038
0.0141633675152036	0.0112770157692542
0.580133784342402	0.867661337675136
-0.182174598075908	0.191690400355028
0.117923926463746	0.120447706229334
0.331950979096951	0.375877553884647
0.724427758996178	1.15652241280939
-0.477968007827581	0.640692239176626
-0.0290523824088332	0.0257614989359329
0.113571531382931	0.107239602031062
-0.0244622458402864	0.0242804737948843
0.541233122661357	0.83718121011864
-0.6619759423607	1.07691941836063
0.275673433228187	0.291107078594
0.738088528865798	1.01141408796268
0.156204671505348	0.202928810121258
0.358422059348647	0.444633401899938
0.742034029705343	1.16133086659533
-0.966135766134458	1.14523180344205
-0.361659679390264	0.419932858931144
0.296488188456602	0.403293343969089
0.412617316831248	0.623962253432243
0.152073548752799	0.193035296917155
-0.275657715768216	0.352313760361242
0.386046033055303	0.526987027600857
0.418421119938745	0.615659103918304
-0.0946393425133395	0.0911088069671988
0.00513086345508562	0.00384789581438742
-0.180142157974254	0.106629465370566
0.370780171603368	0.263174400647429
-0.412312209973331	0.395119458515238
0.511377140400064	0.717261599240902
0.45691070045729	0.622601449638695
0.222578291606361	0.235776717377421
-0.192322660940155	0.234471589918236
0.387576945777833	0.644385969690791
0.00425301435165582	0.00420892845102955
0.0489729088834507	0.0524291353659257
-0.0231080017556704	0.0232353336973108
0.115251578435591	0.137354134129259
-0.190910868943321	0.2369749845932
0.554874227789394	0.849485687277035
-0.163988544237792	0.131473027853858
0.566734654545497	0.866892332691301
0.216611426535051	0.223092458884461
0.0618535798969968	0.0590555930641603
0.391499473660588	0.595501214614736
-0.484633635738881	0.667518717905955
-0.0145803751491629	0.0133298235464243
0.418153138258085	0.572537883025953
-0.170745642054049	0.213213107508026
-0.0182526576343981	0.0198057090015014
0.254032452459626	0.315874472421382
-0.298306120139503	0.360909647552998
0.152975415225504	0.168237868216192
0.73462170173224	1.08365128096601
0.361034081279956	0.435049917119079
0.171360032801368	0.188753853054485
0.611974657534215	0.754126030158003
-0.601003990896005	0.622221062703563
0.0919363359003112	0.0526406199771167
-0.433389568821319	0.408848494727746
0.304254539265944	0.381097419440104
0.0805115532054787	0.0914002883002756
0.322032515866957	0.409951619499077
0.552429555727961	0.768243688942691
0.133210797985472	0.133207869065911
0.399957142807881	0.431903208827623
0.0208268813679259	0.0132553312600442
-0.149094402103418	0.123132970702859
0.0828229598460304	0.0377442861673811
0.0139749376815366	0.012685744652227
0.203491343857167	0.190149307903203
1.03172376616031	1.22357338377838
0.344823227586542	0.254964578563336
0.475216094420854	0.617249069984924
0.46572786109336	0.68332357186
0.111283913050734	0.128824268274397
0.412826224945141	0.673332578972673
-0.105945939371086	0.115102576712235
-0.446962868146534	0.577705421266323
0.568846197909645	0.972283076119161
-0.640983424063256	0.908962225841762
-0.0407246278056275	0.0405404664270731
0.26081172018076	0.303280070366541
-0.0745947646822732	0.0744931605912548
0.0095144489534196	0.00793751195026774
0.385343669338819	0.432330733816548
0.134994820735061	0.103174441434644
0.04299833109912	0.0370331847196438
0.00257181438620407	0.00234322336308313
-0.231463750369765	0.267981117791911
-0.197295165935174	0.20865794220915
-0.40350536745071	0.58107048018781
-0.175572952223965	0.197081172464287
0.268799266211646	0.34174037146709
0.774680907794475	1.58876730422785
0.528177525179754	0.775646672263915
0.628389701261649	1.04661977696846
0.0747971380495765	0.0741982240782387
0.311392610187483	0.42330935176762
0.300328380916465	0.391035231473538
0.0661527387323408	0.0661017210928124
-0.46607912627261	0.528083635500293
-0.474961186536961	0.33035561789067
0.267723476800095	0.284224126729641
0.211196908204574	0.259272344834779
0.32783195274901	0.430816105745241
-0.235670691106456	0.319559621703162
-0.420338725189242	0.614133513457672
-0.000737628364354483	0.000682824173006083
-0.110131508399298	0.100651492376826
0.0447178359965793	0.037208087119428
0.0490160326663304	0.0342156407685247
0.920696810212401	0.693770266419751
0.382226195726632	0.365593506439007
0.157569039778145	0.155933446057407
0.748548289441629	0.984680496375144
-0.618798390972699	1.07363402974521
0.0210036821298181	0.0234880368506587
-0.0087972400514049	0.0081439941973491
-0.312347146304458	0.406991440820078
0.249747137326368	0.310957346830866
0.301717994942181	0.391939348800236
0.28537287539361	0.401617876209374
-0.346369086723248	0.507622888522718
0.180243597171275	0.221569473569877
-0.163953111437766	0.195420120977129
0.231388519222548	0.170732489249348
0.223134413344277	0.200597607265077
0.209739961316143	0.207676459372123
0.539239301264244	0.792759687253474
0.35944646753864	0.462831686009108
0.209757288170228	0.280439689100743
-0.23454936306635	0.265139421524026
-0.203011345432794	0.252621021792547
0.0287398138690776	0.0302034885086684
-0.327612109975939	0.487294808249479
-0.0360872448476826	0.0388362852738858
0.065337888254173	0.0729041835905963
0.0171453815257538	0.0155315106374013
0.202384001897711	0.260963624109081
-0.100655114473584	0.10744602265362
-0.374373096220248	0.478808410246411
0.571941460344559	0.654473895914035
-0.186812562570556	0.134003399512109
-0.585736521067455	0.835548833067433
-0.164466351861175	0.196184203505944
-0.0768573021835344	0.0903132530122896
0.154670681000004	0.201470045384833
-0.0793658101118473	0.0883207035722278
-0.0925640755576945	0.0890042898577572
-0.496101109457439	0.755101314599691
0.202371966259184	0.199033393254932
-0.511644589933615	0.540840280050695
0.0909785439526293	0.0489942881580238
-0.251777974858368	0.195614439431978
0.284408330432823	0.350667727215469
0.40895377641334	0.362331402463029
0.921025628537941	1.29207057978476
-0.197047131587595	0.223830790792477
0.81052579982937	1.49834720762241
0.262977722446627	0.314194924755347
0.437245306501139	0.603856610668782
0.137962865263582	0.114999290475127
0.0581812288558281	0.0719583463620627
-0.17561641528784	0.1972394854056
-0.326857279059004	0.490614251202628
0.169782956274044	0.204569648391092
-0.154040813654704	0.182279130525114
-0.201315239779653	0.249618716058955
0.0727411839481132	0.0713529899062033
0.0311696916986938	0.0365965085434174
0.419581249291836	0.512004899071817
0.124898469341303	0.0860202200761267
0.702559620179253	0.713201467483878
0.306900923718433	0.27518606405789
0.0530543306886537	0.0485545906156763
0.325175107166122	0.388514350462538
0.204374555201644	0.242590428679773
0.0206610978377311	0.0183250034602589
0.0493496834782506	0.0433403829428278
-0.407098582264242	0.495588432653918
0.36897995801288	0.533653324795346
0.0786531093254099	0.0815610428266204
-0.595550829893353	1.03104856871192
0.370573104967366	0.637966450975673
0.0902228617051321	0.103198278779098
0.522981600174318	0.619973489114083
0.870178964577998	1.17132587377373
0.709219533635952	1.12083431256188
0.307810549018105	0.37496790256924
-0.0250550479046885	0.0263151567631056
0.237854703085273	0.290431610875105
-0.518910782490424	0.684609286356556
-0.542472423653954	0.547933935733869
0.10801111017026	0.0991626879801465
0.0485142531846348	0.0483995314122295
0.06618563439087	0.0731689160046755
-0.468560748550505	0.881426480348037
0.53208735265129	0.854353996141663
0.420202871341763	0.586224028340674
0.113210468320207	0.124425819712722
0.0506504698437835	0.0441228510187799
0.324535863423441	0.339602094116361
0.465679929642211	0.356621130813192
-0.191148713759069	0.134202590197371
0.0272763400439645	0.0258422760389727
-0.0618828128200592	0.0643758081276127
0.234758805297513	0.183895223652138
0.423445789794509	0.440295843392251
-0.0108093422631682	0.0100506470360206
0.0435708102255124	0.043550408523075
0.49377577431369	0.689203518101279
0.334984022272802	0.452573015664392
-0.208646913287165	0.227765408609344
-0.417729890406502	0.632682480710953
0.127453363183026	0.129758900233505
-0.0852067012695469	0.0872249655477171
0.163558087828946	0.166401852673596
0.805514642092356	1.03423130204675
-0.236455238845136	0.272985654334387
-0.270524659893154	0.313471348617388
0.692078053839949	1.09720709133326
0.265582509571102	0.276523121771552
0.137168209532249	0.150757639376256
0.317947506916417	0.342376308503694
0.0347542050862525	0.031559466876414
-0.211616303943272	0.205680171627374
0.0937250669184658	0.0882960601799912
0.219331448469335	0.255671803110983
0.343612242049722	0.466023678463152
0.264361821070408	0.29038613727382
0.311129399444291	0.400372778960576
0.513686526671095	0.767648090061574
0.471030921223091	0.663548937576829
0.408579176392194	0.599690108972867
0.139442043908982	0.113315251245745
0.665121031743125	1.22283867371003
0.866201810780123	2.21980113408541
-0.403498333340658	0.700310856997527
0.0135191272747779	0.0136886306333851
-0.758705713333506	1.19783939087112
0.0423717921743691	0.0292622603690018
-0.452647861272591	0.626194170554881
-0.160634511180403	0.221755217966616
-0.0792531811579126	0.100779172480893
-0.102261501570183	0.13463013858466
0.0308857041930846	0.0325685288644172
-0.816406473097957	1.57652974106701
0.021623124905655	0.0225492028701775
-0.31999836076324	0.488586608602428
0.65443247378542	0.913723645075595
0.600753229987943	0.675552028937438
0.260886728561289	0.358414821629791
0.450362037472834	0.908780163935227
-0.122228800872535	0.0991235567647526
-0.0209034201873038	0.0169443432543907
-0.189861187831734	0.209938401641065
0.634593059965565	1.23073506982251
0.0835465126851437	0.0834001313667566
0.0592897322737741	0.0667585064314802
0.465260442823066	0.446118020174935
0.0941595387422052	0.0822080728579056
0.0685674349469951	0.0636564123523023
0.163928047513801	0.193302529103179
-0.666021797776615	0.983018614147317
0.0149558998877436	0.0129095995635842
0.13505191051743	0.154044633363426
0.0382049202374559	0.0375890419132528
0.155116195026458	0.189864932012013
0.367757680162559	0.480302543937171
0.176390802570859	0.225068486397828
0.173601698721578	0.235581686188652
-0.0169759857786432	0.0173877763553128
0.00296709272411641	0.00276505773075355
0.485306180273842	0.831357655913386
0.404351612252451	0.562156471721578
0.262078120677401	0.283412418142855
0.0241321114005549	0.0265717969872022
0.478268002216823	0.923015085668199
-0.547594251876517	0.719075818659115
0.418284641180502	0.609870377724592
0.102267432798618	0.13549171034658
0.138531260780299	0.202686932179273
-0.0117002020962723	0.0143822670847596
0.0615280688496649	0.0733543361361876
-0.301226058231951	0.404036313344998
-0.302025807163216	0.320475301362379
-0.757582112533225	1.25836305922011
0.103560001568517	0.132016774160674
-0.014924488851528	0.0171142784975673
0.0255765043213152	0.0317360324370527
0.477325811757527	0.854686940997828
0.430203355590298	0.879699122734642
0.0624129052852162	0.0781106466384692
0.411432054604693	0.680586327245584
0.211785380204306	0.218325737279274
0.556687693518222	0.803355670193335
0.203724468577205	0.288621072358348
0.133960499249494	0.160901567772408
0.305258176284261	0.263597268317934
0.461124778997682	0.440489736723247
0.568972530765422	0.804480116020216
0.0192786955599603	0.0170537629135442
0.507177147202095	0.764417539153596
0.0542893986597061	0.0508078469391614
0.383709713929312	0.52140096494899
0.157691608251605	0.182312263082954
-0.0498246987349975	0.048732658495075
-0.17774407423872	0.202052044589306
0.416216003616629	0.627178034707821
0.052886625200976	0.0552257557497434
0.05675934885969	0.0583603237938434
0.306471553665167	0.376773303042451
0.341889775504034	0.449097672815139
0.3676777956537	0.561396915123914
0.508666569045575	0.776752025324319
0.798446651638119	1.38180236485111
0.369209623217478	0.537351460786599
0.16627495791841	0.184761802879782
0.294788222093965	0.413600368974145
0.250243802660144	0.324863941605653
0.418625480438143	0.613356256431763
0.253666552088127	0.294160953601138
0.673874892377054	1.3032900297012
-0.396806106003062	0.672927125436451
0.315279606713492	0.338825731331901
-0.348651480195385	0.462559098956645
0.193615384634487	0.279317304663031
0.247178989416349	0.390755609885996
0.136935434482338	0.183648759257537
0.72796146571695	1.38596530536301
0.0980987650567412	0.106408097638885
0.288067722149687	0.272622370476017
-0.410234050952434	0.673060607475508
0.146431850696206	0.221025291435759
0.0568156248463167	0.0729818672369296
-0.334076222682445	0.619557917483353
0.307688486905263	0.490802546761832
-0.0443167259896296	0.046713173031777
0.477104688088843	0.946311259419801
0.777531253385489	1.51650632490611
0.896384996399172	1.46225607712887
1.10982223611589	1.38461591495119
-0.0185494729092289	0.0148077806507749
-0.135579003200886	0.13865788432533
0.416661923418145	0.533575411069816
0.24981420175378	0.283522987530222
0.932185722497856	1.506890565887
0.247648311852541	0.288437939877281
0.219909008459023	0.220754430147809
0.124022466105799	0.116480468786706
0.407499835015538	0.522125288070981
0.160591294974578	0.180025886983156
-0.115869334582895	0.119053255498383
0.127910102173473	0.141406963627646
0.484767988298744	0.616593421844186
0.212087695035422	0.280074488934838
0.446398688356368	0.586126362584647
0.311820383806928	0.385020665393642
0.307663094149198	0.498735634413792
0.694471765858898	1.57685376725461
0.256032763028961	0.389253932614003
-0.632167160105423	1.35227933973337
0.233262469798802	0.277593568270148
-0.0931093197797282	0.0724101774938656
-0.490433452168811	0.881901424422243
-0.0122105320851747	0.0140134555352768
0.0196985149350968	0.0229035215652459
-0.145866780090389	0.200644290597469
-0.0800077419245651	0.0869814586931723
0.390886378272155	0.650614938231498
0.0928647564844131	0.105157815840355
0.309607601675696	0.493720675964655
0.3258275919097	0.353752233006222
0.214808676863618	0.2187163700776
0.268952351768363	0.295960779227651
0.145960021045055	0.129096941046938
-0.181457957629333	0.163543223223263
0.853355840986856	1.24165414853744
0.0132565367683848	0.010500770316444
0.783679919712692	1.1704149692845
-0.0257648312967935	0.0213109134819167
0.385145218768904	0.429320940029237
-0.160741926441477	0.144156878702796
0.15194591557089	0.141289719060713
0.595816467108805	0.818413071790374
0.443442004000693	0.518260960233358
0.260586958334963	0.261865798279995
0.0376213929279337	0.0370421964178405
0.117612023576364	0.147635890266206
-0.159670347515408	0.20633476225775
0.132538787057944	0.164888752397745
-0.177069360889629	0.23079469344434
-0.00982519627514755	0.00993933201695181
-0.67978777430925	0.803508289302103
-0.114005588208233	0.121959131460984
0.0452037835238637	0.0534314471342081
-0.393336615610418	0.669488951472568
-0.560984480142981	1.08805361357106
0.592161112969602	1.00204880004246
0.0924495994439691	0.099866483192775
-0.163501253939371	0.202710510111573
0.203209705328687	0.256896493945125
0.157197504322414	0.15222625791422
0.779389243569651	0.669924107551668
-0.0255399624986572	0.0180460536254543
0.220410644068271	0.190287800476918
-0.0540151509048214	0.0436512276539154
0.0064272539520553	0.00378683778012142
0.228183984599052	0.201653586619743
-0.737119463712521	0.855690255672142
0.141857001831681	0.115729583047359
-0.921101982502576	1.39326424539215
0.643314779214136	0.750589268076995
0.820109162214435	0.778464315765501
-0.106682022597917	0.146954958711169
-0.155600716755317	0.20900911201646
0.0241365282712744	0.0280164313509585
0.0272966430552236	0.0319949629604793
0.0284946202895443	0.0294641447374592
-0.197616536873395	0.218581295717512
-0.310542696344612	0.481572548940043
-0.368830790037835	0.657769167656967
0.0514092149313864	0.067826953353424
-0.156294968511211	0.197592315951554
-0.545893665549191	0.922684659486299
0.266755286344242	0.427714240408793
0.176688036035955	0.2462798316951
0.0627670447134997	0.0794417764301748
1.25899692655486	3.04948842799287
0.663598367891148	0.94033696188762
0.340025081253924	0.454518127522387
-0.0540224843765947	0.0431194931961146
0.0373797303020508	0.0256801536806199
0.456257765816008	0.457063409998314
0.411214860371447	0.369776413030286
0.338484840319926	0.348626693692198
-0.425279007284858	0.402477615245713
0.227734019381464	0.165520889641299
0.232749336400962	0.186680775445567
-0.083709878983621	0.0637612009491832
-0.33974771250286	0.329429322560454
0.291649547463229	0.261823422103344
-0.244893790765512	0.252712200693172
0.11686603505093	0.111858119170968
0.534567869908271	0.625735555380628
-0.508267305971762	0.707403829270975
-0.52626764917098	1.4454224386937
0.257589461268993	0.362012801019702
-0.189836602219358	0.193690827419076
-0.756813313242961	1.25515352810876
-0.4393325688649	0.455458992928455
0.160663794226065	0.150355656042856
0.256705919643081	0.448326586565721
0.583009142789835	0.495663900990636
0.919798233592051	0.691609061062253
0.898499306293488	0.572326261647321
-0.358379813154324	0.224595860370236
-0.646810398000042	0.466764144966011
-0.717569119917939	0.433600094743218
-0.0939493369813887	0.0453286407373168
0.423719079946913	0.347202606569907
0.328758359459362	0.252507826368242
0.377563372833492	0.149171015618543
0.612058634912289	0.482948793005184
-0.0879608997809708	0.0571097133172555
-0.0241815737554012	0.0168548538872458
0.0415567468905384	0.0658004233407501
0.754384437094098	1.56262478408934
0.404237117542891	0.358384102564753
0.215899099645674	0.174353264237555
0.503616680075915	0.380178343612961
0.428157586950848	0.246746686158177
0.213065606883749	0.278656607890583
0.32755755999991	0.143182331444152
-0.57780377687633	0.227409118788387
-1.33145269084931	0.615002111111108
0.0770500707702513	0.0317570072743285
-0.666814577529028	0.327425188952633
-0.716579678391943	0.428236203974186
-0.451684351984559	0.194652911614615
0.477517740842752	0.26665652228711
-0.166520512066881	0.135433675984771
-0.590227368716451	1.23821015140809
0.509720415459459	0.704520665828213
-0.344471301054622	0.271717423649837
0.620433405580217	0.69067174372936
0.12204022283773	0.0855886514429089
0.819570912380529	0.774725873300605
0.152698606848257	0.121377742053807
-0.0443150238117278	0.0356174233665952
-0.028777720375352	0.0230207564081425
0.078198238556911	0.0924417062991404
0.28457999612217	0.420257231539678
0.123684160362469	0.137144127346049
0.0225041616587361	0.0248187773479544
0.458200369651738	0.531490345177464
0.207379485660979	0.206901782191242
0.839598275964757	0.434512861050536
-1.22123974528703	1.0687270662401
-0.160388599860845	0.0658414163169882
-0.555012011242405	0.298649339269476
0.438725276698114	0.420177479663346
0.821961062295872	0.889984062594271
0.830744694115985	0.884144803071884
0.0168756932448077	0.0128942807329781
-0.0271038530207846	0.0325340093962085
-0.286515911378789	0.349141267677281
0.130518249625681	0.0950157277745566
0.474933367808614	0.536551043494449
-0.165030981715132	0.132783983269191
-0.125846936103098	0.0806174308346167
-0.00724889384858152	0.00526203304179107
0.129682372712095	0.0900192646388753
-0.60977978930302	0.767806063546189
0.286003527416307	0.403525687320403
-0.00386546536261918	0.00446350841341725
0.109842400921579	0.147573439095712
0.408553605058646	0.698903077780217
0.038186750514887	0.0363188809920448
0.09255710764487	0.0307440152231264
0.594863326149776	0.594020738233994
0.527285683299773	0.478780092769341
1.02730158128515	1.20374496547248
0.491006370355415	0.473000308724118
0.596626221419115	1.27293421841104
0.213306125448613	0.221619741706343
0.617018850994598	0.505429940725211
0.0909145001351126	0.0519839045647376
-0.135542672135105	0.099866112636977
-0.0534060818397643	0.0292375038490115
0.0806485563778027	0.0652174228311174
-0.245636204001007	0.213961866392946
0.4430890700414	0.513214179060038
0.68611409763311	1.05130428038067
0.0335297751405853	0.0384483956015395
0.180821670127492	0.277359276033563
-0.043761166538619	0.0400135707175748
0.690407032122779	0.97689293929862
-1.11159107230729	0.879309614612605
-1.55000299672449	0.803063137319097
0.140510839973213	0.121423021955067
-0.046962016174079	0.0604895169528804
-0.152798073301228	0.195929153826085
-0.11493045287736	0.0956612261607624
-0.475981670783071	0.580026633057869
-0.626923214917991	0.893566389250097
-0.23549721680103	0.226285537256885
0.10461959392955	0.0973882749951231
0.493977544672411	0.673052934117297
-0.194935606860895	0.201954720194607
0.0686244858974409	0.0937980720259627
-0.12984139241029	0.214808255272352
0.0536660948652714	0.0553685925369741
0.321662605055942	0.538961768582721
0.100517498740399	0.120685949739037
0.215748071691848	0.265987283320394
0.301329245326041	0.436461794260247
0.535974688438935	0.943794859454639
1.03621944651101	2.22970151699095
0.285979672004167	0.390160249471639
-0.0925056634828211	0.0974922197958443
0.318138873740373	0.465941185356689
0.0256970016774305	0.0293212631729208
-0.0219104561654395	0.0251138592676009
0.378245601013505	0.485789594895234
-0.0473875265313671	0.0460159594170366
0.138866557775745	0.165746887737775
0.0681565499563167	0.0694340734065536
0.210386752356707	0.202270824735509
0.181806183641253	0.27140367647554
0.268818816399405	0.485782440591381
0.104565702654983	0.101673531406963
0.346741385452485	0.50788788206969
-0.222600271878673	0.327048786101855
0.28424263644694	0.466754736768995
-0.0336721383913104	0.0372870419831388
0.20059482557846	0.211595236965738
0.00168320621765096	0.00158054594780835
-0.461262568586277	0.708973063023232
0.0076854658822368	0.00769571871653257
0.101252290972044	0.120080324673054
0.397636474717412	0.513122442508431
0.255430312311215	0.27973842443827
0.8002128692481	1.19303516917401
0.0665381311812798	0.0710454399203072
-0.269395092418244	0.40292661032463
-0.734016889711171	1.58511316563849
0.122054585721197	0.128413925187663
0.0548087298986494	0.0525238040327242
-0.150037098225156	0.199577595250744
0.302893846170664	0.456129731300197
0.316348500959127	0.444065130541161
0.189873030569701	0.224407526528184
-0.331102766856764	0.373759922055466
0.25191741725607	0.321353277126527
-0.0347152133373961	0.0282135489787849
0.338888011555299	0.355612323063145
0.104706893294396	0.113208884347674
0.0873835154786401	0.106105831719241
-0.383879224222725	0.595606591170808
0.177237203680285	0.22114009636592
-0.369814494749032	0.6098647594784
-0.0469377020824394	0.0488337061455447
-0.226141090232206	0.327918040864548
0.159599049233727	0.22324280405797
0.728942292133408	1.06911247968921
0.202088149069706	0.245350633148104
0.140373484364123	0.143113605601767
0.0286630336886779	0.027557675772955
0.0315747427014461	0.0307052225418378
0.269236821684955	0.294211100711158
0.469424688368352	0.718795135302027
0.0438927497655877	0.0524982548089598
0.0847159265970194	0.0989510874857779
0.090953293216022	0.109925799032885
0.0954790383318228	0.125541288073505
-0.0279097188182073	0.0313390775872382
0.328305240819215	0.582143800511219
0.120925627887185	0.162339515895794
-0.0449971449154164	0.0508905405303522
0.103120112260738	0.123627427512104
0.0774938506245735	0.0942662789627364
0.666617395038029	1.38685957953685
0.163360540984178	0.166303334547077
0.492185301225404	0.468868468763452
-0.255243869813511	0.260812435502564
-0.140153318820663	0.210660826127495
0.379949005621299	0.803631083084191
-0.431519125377599	0.564056925587557
0.0453779559426808	0.0463516506279542
0.060406667429324	0.0825636265838369
0.0294732375323823	0.0345122968374646
-0.00582350899410251	0.00675569821328918
0.20716257016742	0.269051781454595
0.0296235504778864	0.0338228908734833
0.0975888356251371	0.110201920846064
0.0515314807314791	0.0535346001871503
0.293911268450271	0.381485063712434
0.0643105265039717	0.0735235090218554
0.15600424296838	0.209016843506662
0.287052687246788	0.373944625160261
0.148598237413112	0.179652999707788
0.0987332037356412	0.108218312306575
0.159191230353322	0.14998274426786
0.461730145855261	0.457838337529923
-0.322315340620196	0.345223945749778
0.0162634911968108	0.0196709070084062
-0.419464356979206	0.78975788229687
0.489798835547034	0.613247493965321
-0.328844744407083	0.409942763358819
-0.31602769932862	0.472307262749601
0.542361302140063	1.06810186283551
0.166745726321596	0.2129182133286
0.00799091789691784	0.00768838306129441
0.439233852398612	0.70934645986979
0.195572409861094	0.272355760585223
0.0990643538175301	0.109861478147271
0.116137852522054	0.149741725245729
0.557193971556582	1.01134448587736
0.196546769991657	0.239006757825884
0.532946535988169	0.800889014390814
-0.0386915338791328	0.0413442514294792
0.313323978705663	0.459172333676795
0.0688089242573454	0.073100516627048
0.549951413849161	0.800467706174314
0.213511498015433	0.235185532099425
-0.514897644707232	1.08695983209762
-0.267994873159916	0.435870908783146
0.292772858766287	0.337408063808816
0.158973033063267	0.194585330923368
0.121952455080247	0.157398803497686
-0.329231084895819	0.608825747711419
-0.021348774812344	0.0242255563613857
0.615160822925857	1.22327962667834
-0.00928533380839474	0.00777761769176698
-0.0723270732965114	0.0640314372294284
0.00566701573450684	0.00443960716143598
0.0186083184836089	0.0143660876636587
0.604886512724348	0.904776970062412
0.364541153825772	0.704859753835208
0.359148937780704	0.493125784503626
-0.16518690897249	0.179882171630701
0.720764719156549	0.912309463196544
0.787330030254954	0.945757463647546
0.463685930899445	0.46324457537931
0.405906840232645	0.512986540406914
0.0464387459990877	0.0488139005654833
-0.17005096878068	0.251047733983354
0.283446975699887	0.452461298503919
0.190386667436204	0.24543481287263
0.229590749418753	0.28952717102879
0.18185878988554	0.25418883088541
0.428437858099992	0.763541199841173
0.273259509631034	0.390067698859601
0.208281309528755	0.290533791237538
0.137647874802979	0.154254597322031
1.03610531482553	0.744237532730723
0.271218580538956	0.143722983161184
-0.0686536894790513	0.0841633691086183
0.20744441496258	0.21845021082639
0.438709193574791	0.3642428409696
-0.570568673071387	0.934098686419467
-0.193417880522945	0.276047624182283
0.0660620644510403	0.0828559431717812
0.000926424698969912	0.000628832830301407
0.36619387636986	0.348399943046163
0.14529006689128	0.172029239756837
0.299583609986108	0.145277617147665
0.0957277817618352	0.052048829247091
-1.11398156421395	2.29656890528813
-0.137659863512282	0.167255728215535
-0.177543105162319	0.234617207213725
0.622812822756798	0.503354527529387
0.560640703249078	0.487914408123309
-0.0573413447390737	0.0755381213953501
0.243326939806376	0.305268330972531
1.04881545004535	0.88130367814952
0.138370108300467	0.152121815852348
0.315703051323896	0.265806425416819
1.06629159525981	1.02615756235366
0.251034868957946	0.141541822522518
0.384891422143276	0.150454044907761
1.46846905113995	1.55434158293906
0.983415655601752	0.964418544550439
-1.15640410177104	1.88945582735221
0.0438030231202754	0.0462174980050171
-0.249050526631785	0.345978374570661
-1.24391726130388	1.65931168682887
-0.0580445593505661	0.0393866970213052
0.256231108498561	0.327809785064426
0.673370112084407	0.767320940554775
0.37234787636676	0.359173234176819
0.0652235051005659	0.0682454914025545
0.641486752465574	0.603839476836578
0.0972318182404738	0.0914599682203875
0.753879852075356	1.36756781418352
0.302036551886568	0.332545371333657
-0.0615429766975272	0.053308304315047
0.950307707087757	1.4034650480885
0.484485069632243	0.878876777448425
0.525277295164749	0.465844581038555
-0.0641083824782084	0.0777452742965378
0.358750505942133	0.373140941686487
0.373337226466302	0.262363233199197
0.829597472327786	0.789944197035576
-0.0895482479207744	0.0691156112453823
-0.0469449895787534	0.0468562737892159
-0.120239543943292	0.171069061188241
0.0853972916526791	0.114691055104792
-0.0746443487654507	0.0585603638849556
0.70892732923382	0.98214973149828
0.566686054100772	1.47015984916955
0.423885085538133	0.769325561306162
0.0297226703102913	0.0276839498684662
0.206134268049328	0.212298477615536
0.0880296936356811	0.0751885244031819
0.51771843206773	0.704036379929112
0.965415328295573	1.11541161130793
0.435829706529459	0.454249835332446
0.62693086559604	1.21462211786135
0.376238525941733	0.439256058673833
0.416016999347689	0.360565958336643
0.510462606047361	0.477090339331477
0.474191776231997	0.524384591804082
0.450610545795595	0.364868363950233
0.113171744387793	0.114433067354181
-0.173791751551584	0.204912895645105
-0.390608999116118	0.662749181444331
0.132361360250195	0.154688372041283
0.394661200772419	0.582291838926135
-0.295754237510325	0.467823598986221
-0.442081237172883	0.731347560169835
0.16040697975864	0.219798302815531
0.0738087428802576	0.0805394160900649
0.223789183539015	0.163482154833143
0.424273491083231	0.588466596555615
1.16622177418325	1.29933440816396
0.457407126861214	0.434593428945084
0.0403563363723735	0.0273721612289804
0.285390310694018	0.257994457644865
0.707347465040692	1.40895973197157
0.0640518781054341	0.0842984873111441
-0.102901857419134	0.161072397705763
0.150838400685436	0.140031668941722
-0.434200998582954	0.451921538860991
0.197610874863625	0.349047709316796
0.808183111587824	2.26605985218743
0.167125804495492	0.211803149089486
-0.0314793108067561	0.0282866946061684
0.875342878634954	1.47758704331862
0.155821278635961	0.166668423971844
0.0598981539217936	0.0614852493627897
-0.0396601306888639	0.0417982405570295
-0.439534624872881	0.677703609491505
-0.0562977510121121	0.0639067084976221
-0.0933475219568946	0.130819796216697
-0.233155170004231	0.340681782712675
0.0741343729417035	0.100342881520767
-0.069923706496424	0.0902153474616084
0.221878293277566	0.220614589407416
0.221942250611362	0.261023895637101
0.00706289179088465	0.00692902240189
-0.0471202732244264	0.0497228058726458
0.777240964170928	1.62303535845759
0.120882104467717	0.131614766927333
-0.0331574945713987	0.0306064412265598
-0.508361204121266	0.585096408888535
0.464473243883514	0.687859191758571
-0.0181637161772223	0.0219441059681734
-0.520807257109811	1.08678531353795
-0.0495516515491628	0.0556917419088053
0.929096022715438	1.5810982722306
0.00224220296616851	0.0031922720822062
0.352648455665966	0.518441342958979
-0.191811912312641	0.154070260952048
0.406574876924823	0.36462977837598
1.31030104529403	1.8978788899141
0.405337186010066	0.361667012267442
0.118385311031547	0.114872386393192
0.0863428230679467	0.10194967285672
0.0643929320906423	0.0957885131777158
-0.198628352692292	0.342460497963182
-0.0665533255051802	0.0519015523473241
-0.0404269416626951	0.0322434564591581
0.196437412292169	0.365431738555429
0.238780730375065	0.432096320855386
-0.0145610070988355	0.0144008165838349
0.545444937893184	1.21977514916922
-0.252685230877851	0.381847072293494
-0.208355526736428	0.21734283230731
0.12230328722851	0.122417680516727
0.267162623094955	0.274405217183068
0.575783353138168	0.806721893135903
0.320096052510936	0.439629485792625
-0.229918936961476	0.325912788869136
0.0945190666083018	0.125147226961574
0.476882977252472	0.89307718390194
0.414193626173892	0.67394363682028
0.312939163408702	0.538540596234342
0.327060021855298	0.49367559377548
1.26595819565197	2.38008446013877
0.40929133214374	0.444146510037088
0.449227166282313	0.661381610879991
0.215558295637231	0.364967081661203
0.424594370463471	0.758883420512965
-0.135783765495133	0.124422688738154
-0.838681393424388	1.43331702958999
0.387538371675297	0.439318836469518
0.499749602044961	0.884176314723195
0.270453600718885	0.489700186463407
0.632715785532061	0.293709556160749
-0.452008413188756	0.192002900601999
-1.33756959915552	0.619692253887167
-1.89682517756866	1.20061074406941
-0.121085028691086	0.054166572783298
0.0842430309281638	0.0316564340067244
0.249143905061743	0.150344575536828
0.101559120909749	0.0298697845061873
0.985959486319092	0.370182885853567
0.556873363207149	0.651340068883489
0.488012934592193	0.466247875542241
-1.2813849408581	2.17913285591629
0.128038771432707	0.147824754970867
-0.0139597392862118	0.0140082255732166
0.0303976168217821	0.0316482087460186
-0.0158836598202895	0.0149385523936121
0.722307677455888	1.25030715172256
0.939877678535024	1.11134381432973
0.199385949049195	0.205803884567617
-0.0924715418438485	0.111835833975843
-0.181094510322767	0.308420528875921
0.0670821452969234	0.0941052787112467
-0.476739274985122	1.02406697944897
0.34824702988291	0.563069846567202
-0.0393945377040874	0.0422285343923343
0.209774156685631	0.325234255656591
0.564097992339172	1.07200443318528
0.0701799950818785	0.0808482073901957
-0.321772364598173	0.503667568693167
0.220446179884896	0.255972426444585
-0.04419890135645	0.0440183900616042
0.0851457363736366	0.0918333788994862
0.420584393162402	0.361828535193009
1.32123976613202	0.930294610434059
0.0606811424315869	0.0711201773175023
-0.285027055787345	0.470419008860567
-0.39305468106984	0.627516072843099
0.0853090650866337	0.0951949023869382
0.216929442609291	0.29139956512237
0.299175611723965	0.377250370288738
0.810758921123174	0.968403466033232
0.653742876753864	0.495914588299085
0.741108354895192	0.744865007494839
0.21005462782931	0.219936318043715
0.0590742550204336	0.0704964574620538
-0.236154498397251	0.353390873713561
-0.00034390474243139	0.00028086281051168
-0.00481392515298341	0.00492880169592431
0.400848315426358	0.656317533966454
0.0846991616446749	0.0981984617789804
0.386769607777702	0.523532686826041
0.771039531804228	0.738370460610694
0.334422658932312	0.599423859759622
-0.00974125698305224	0.0116829329302299
-0.0905258074972892	0.117779582883227
0.183249388778848	0.239519838482934
0.542896697828203	1.01610928700627
0.855048285449169	1.89384571193634
0.595924138203846	1.02377300438121
0.651331250585551	0.758110711307476
0.381726387190086	0.737344284199215
-0.323211077758406	0.64642421382092
0.177340965872868	0.29213089205186
0.231069606770757	0.330254971931522
0.283585974498793	0.408323127528131
0.629048066891943	1.35395299768293
0.1577688159629	0.160843927677951
0.548577002542786	0.651033711875313
0.339560500650855	0.700532105545814
0.0365025249701772	0.0488009475367446
-0.207821610329706	0.291248724171169
0.374682920958328	0.658477978552412
0.0726040755116376	0.0896837520488857
0.204712527795001	0.261480997592695
0.266233496565999	0.269790193700201
1.11524854334314	1.47675720884055
0.118061746285527	0.162110271757372
0.0897031782902	0.127549329089954
0.332194026389535	0.57537324822886
-0.333992934005355	0.543067972410505
0.51244854841061	0.993158478147623
-0.175776957980955	0.251356957551
0.600473371667071	0.952367117699872
0.292064360739946	0.272260967802613
0.173088777862231	0.230882165356979
0.0329412914594155	0.0370250449152464
0.277235222846954	0.407215051521911
0.339615784470198	0.5211077350324
-0.228386036197286	0.335563156365182
-0.068948425595322	0.0726201559960022
0.522057847374012	1.05390892299866
-0.0426896775966053	0.0486933428803495
0.248318385871107	0.360709649783019
0.223092862549068	0.30693158876606
-0.017108922230733	0.0161189760248841
0.600636152028565	0.758948699253956
0.833292225148111	1.88665500844916
0.0364078598622525	0.0418274799496831
0.756175139007199	1.15998450042063
0.731530987264241	1.57592061613144
