x	y	clickSelects
0.02945531173618	1.51223909906728	282
-0.10910707647669	1.9653118072405	165
0.11914631252008	1.58470828388289	165
-0.0499082018264601	1.78386826668428	277
0.00565175604401991	2.40230028699316	277
-0.0269084754192901	2.15179212427531	277
-0.0026189884119201	1.29615753341701	195
-0.10054368417836	1.63270047639012	11
-0.0890518108754199	1.38475633708946	11
0.08594013329731	0.806580172492629	11
0.08635457107887	0.355678869647947	11
0.08110423217824	0.35597088188107	297
0.0859621987071599	0.35723664848931	297
0.08554001154562	0.357121750207972	129
0.08720094621311	0.350436388922643	252
0.0867778469752101	0.355792058501662	252
0.08899332036748	0.351987418753263	528
0.0253741554581699	0.693553119915076	11
0.0859621987071599	0.35723664848931	11
0.08593111840664	0.350297532778869	46
0.08554001154562	0.357121750207972	11
0.0802918032269499	0.357407509139933	485
0.0224996025711699	1.05487322412543	154
0.08723257692464	0.777479712482481	154
0.08568879911581	0.787092715146763	154
0.0859621987071599	0.35723664848931	384
-0.09202529522229	0.628747678223887	143
0.0833092545060601	0.348525620929045	1003
0.0861491227987901	1.11635101682362	277
-0.0442242718636301	0.975196654153742	195
0.0194298548369201	0.698812458788379	195
0.02761805314618	0.69363933078627	195
-0.08587606798073	0.615845916163624	11
0.09356812784842	1.36594236579457	11
-0.0980147635147599	2.23816081914269	11
0.08853201107762	0.80092709564996	11
0.0168811922755601	0.696129793000797	11
0.0859621987071599	0.35723664848931	11
-0.0875695991555201	0.619692253887167	11
0.0523573892658	1.27732980153274	11
0.08720094621311	0.350436388922643	154
0.0859621987071599	0.35723664848931	129
-0.09202529522229	0.628747678223887	252
0.0837435925496599	0.352286373904616	927
0.08511764830228	0.351686421365815	817
0.08511764830228	0.351686421365815	817
0.0863842099036201	0.351828762907309	1659
0.08635457107887	0.355678869647947	282
-0.0332179138003701	1.65620395574277	195
0.08072117175836	0.353442487812182	200
-0.00912787996445008	1.27502716941421	11
0.0863842099036201	0.351828762907309	748
-0.0351796506936199	0.932764733779787	11
0.08072117175836	0.353442487812182	139
-0.04034142158718	0.968062744309366	171
0.08110423217824	0.35597088188107	85
0.0155123789479299	0.699312745969347	291
0.07986225393948	0.353511217859612	2768
-0.07786049523578	0.595203328815894	1074
0.08554001154562	0.357121750207972	1074
0.0859621987071599	0.35723664848931	205
0.06362243747875	2.10900025649738	277
0.0432159582126399	1.32165656492985	11
0.08110423217824	0.35597088188107	485
0.0257586781650601	0.702006140494017	148
0.08417774668827	0.348452703172148	85
-0.0928506928053201	0.61881718200679	129
0.07986225393948	0.353511217859612	528
-0.08284253727627	0.61695772724414	143
0.08511764830228	0.351686421365815	143
-0.0928506928053201	0.61881718200679	2467
0.08635457107887	0.355678869647947	1659
0.08067358118966	0.352113595115163	169
-0.10677385078336	1.82760388556406	11
0.0176884548013501	0.68172704917519	11
0.08110423217824	0.35597088188107	139
0.08593111840664	0.350297532778869	148
0.0802918032269499	0.357407509139933	148
0.08147766384904	0.785917445791061	154
0.08593111840664	0.350297532778869	85
0.0859621987071599	0.35723664848931	143
-0.10498340159295	2.10740418777269	11
0.0438527619089999	1.2910449827147	11
-0.0873691365456499	0.625452101317025	11
-0.09202529522229	0.628747678223887	11
-0.0391257643381799	0.953560510365725	11
0.0953040620233501	0.775265058774138	11
0.0894202380526801	0.352096613802028	139
0.08899332036748	0.351987418753263	213
0.08110423217824	0.35597088188107	148
0.08554001154562	0.357121750207972	171
0.0802918032269499	0.357407509139933	343
0.0758213062769899	0.348135022331946	528
0.0859621987071599	0.35723664848931	874
0.0815347016979899	0.352043699849502	2113
0.08072117175836	0.353442487812182	205
0.08635457107887	0.355678869647947	114
-0.0268609858600499	1.46307450847736	15
0.0802918032269499	0.357407509139933	297
-0.0860402993998901	0.616480820417971	85
0.0863842099036201	0.351828762907309	85
0.08554001154562	0.357121750207972	541
0.0867778469752101	0.355792058501662	71
-0.0834053223570901	0.615637061214785	528
0.08635457107887	0.355678869647947	528
0.08593111840664	0.350297532778869	874
0.0859621987071599	0.35723664848931	143
0.0863842099036201	0.351828762907309	1081
0.08635457107887	0.355678869647947	114
0.08635457107887	0.355678869647947	169
0.0481010506058801	1.69855386631342	11
0.0919552013828999	1.37523677267987	11
0.02023608277842	0.711366387704013	15
-0.09228620616897	0.62202873637367	15
0.08593111840664	0.350297532778869	11
-0.08644037268085	0.619862369426233	139
0.0199891069068501	0.696385068821578	148
0.0859621987071599	0.35723664848931	1375
0.0191166799325899	0.708673093023593	528
0.0833092545060601	0.348525620929045	1067
0.0652931228571101	1.54915476602511	11
-0.0897687826881299	0.619482112062155	11
0.02456749793208	0.704638102756207	11
0.08110423217824	0.35597088188107	148
0.08635457107887	0.355678869647947	154
0.08635457107887	0.355678869647947	1375
0.0815347016979899	0.352043699849502	171
0.0863842099036201	0.351828762907309	379
0.0863842099036201	0.351828762907309	71
0.08554001154562	0.357121750207972	143
-0.0788832354181499	1.23761576957125	15
0.08554001154562	0.357121750207972	11
0.0867778469752101	0.355792058501662	148
0.08554001154562	0.357121750207972	280
0.08554001154562	0.357121750207972	370
0.0784611953538401	0.344667320052681	205
0.08720094621311	0.350436388922643	2836
0.08554001154562	0.357121750207972	2624
-0.0921515020558901	1.58334700507121	11
0.0952231282851199	1.58975520677124	11
0.0283330560608599	0.676514056894296	46
-0.0398290641307	0.940889101038025	11
0.0956554561751599	0.790147582040505	11
0.0253741554581699	0.693553119915076	154
0.08593111840664	0.350297532778869	379
-0.09202529522229	0.628747678223887	71
0.0859621987071599	0.35723664848931	528
0.0867778469752101	0.355792058501662	528
0.0867778469752101	0.355792058501662	71
0.08511764830228	0.351686421365815	71
0.08554001154562	0.357121750207972	650
0.08554001154562	0.357121750207972	370
0.08417774668827	0.348452703172148	2473
-0.0856750766019301	0.629964134350056	11
0.0863842099036201	0.351828762907309	11
0.0863842099036201	0.351828762907309	379
0.0802918032269499	0.357407509139933	650
0.08899332036748	0.351987418753263	650
0.08554001154562	0.357121750207972	370
0.08899332036748	0.351987418753263	370
-0.08284253727627	0.61695772724414	114
0.08554001154562	0.357121750207972	2624
-0.08844056295058	0.614661424305528	420
0.08635457107887	0.355678869647947	1719
0.10615477070249	2.44714665316947	651
-0.04507571698497	0.956459780998226	11
0.08860387569839	0.7996189702495	11
0.0871179876130499	0.809203868576482	11
0.0900182077126599	0.803010995365035	11
0.01967648684737	0.71130858208893	11
0.08554001154562	0.357121750207972	148
0.08417774668827	0.348452703172148	171
0.07986225393948	0.353511217859612	171
0.08554001154562	0.357121750207972	280
0.08554001154562	0.357121750207972	71
0.0885662235348199	0.34673927137164	756
0.0863842099036201	0.351828762907309	650
0.0885662235348199	0.34673927137164	143
0.0859621987071599	0.35723664848931	169
0.08072117175836	0.353442487812182	169
0.0482900899987999	1.50057361019975	165
0.0754881535805601	1.12830546573713	11
0.08676476675702	0.800670092761833	11
0.0355924340406899	1.00874048841626	11
0.0895748261737801	0.792023972665121	11
0.08635457107887	0.355678869647947	148
0.08899332036748	0.351987418753263	280
0.0263157360188	0.698696783066224	280
0.0867778469752101	0.355792058501662	71
0.08511764830228	0.351686421365815	370
-0.10234300646562	2.26422234626677	1511
0.0894202380526801	0.352096613802028	11
0.0247563852070201	1.06493736422486	207
0.0198355463773301	0.692940411755695	11
0.08635457107887	0.355678869647947	11
0.06874955958033	1.53825945636693	11
0.0176884548013501	0.68172704917519	11
0.08554001154562	0.357121750207972	154
-0.0906361424108899	0.618746767151707	154
-0.0868042440593899	0.629769731935243	129
-0.0870048830243599	0.621029218978779	171
0.0867778469752101	0.355792058501662	516
0.0802918032269499	0.357407509139933	280
0.0894202380526801	0.352096613802028	280
0.0894202380526801	0.352096613802028	280
0.0859621987071599	0.35723664848931	8
0.0859621987071599	0.35723664848931	756
0.08635457107887	0.355678869647947	650
0.08511764830228	0.351686421365815	114
-0.0468720965643199	1.82215205657384	1511
0.0287342363348999	0.698124906188002	11
0.08635457107887	0.355678869647947	11
-0.01860107620274	1.27185793113837	11
0.0193628003486199	0.701129544947733	15
-0.0870521662766299	0.617039068443576	11
0.0835015070777301	0.796406225178223	1571
-0.0862395574593999	0.631174105042113	158
-0.09115785182895	0.618961705601459	129
0.0802918032269499	0.357407509139933	280
0.0867778469752101	0.355792058501662	280
0.08720094621311	0.350436388922643	8
0.08554001154562	0.357121750207972	1664
0.08635457107887	0.355678869647947	756
0.08110423217824	0.35597088188107	370
-0.09115785182895	0.618961705601459	165
-0.0440523481119599	0.958110613874947	111
-0.0468620465530001	0.968388978287891	11
0.0215445288469101	1.47597613712442	564
0.07986225393948	0.353511217859612	15
0.0865291790967799	0.809108657952244	11
0.08635457107887	0.355678869647947	11
0.08635457107887	0.355678869647947	1465
-0.0906361424108899	0.618746767151707	1412
0.08554001154562	0.357121750207972	492
-0.0875695991555201	0.619692253887167	171
0.0833092545060601	0.348525620929045	71
0.0859621987071599	0.35723664848931	1664
0.0750110312308101	0.34948213637977	1453
0.0863842099036201	0.351828762907309	1453
0.08635457107887	0.355678869647947	71
0.0859621987071599	0.35723664848931	427
0.0815347016979899	0.352043699849502	650
-0.03276294472825	1.47764603689173	11
-0.0457561278791401	0.988491389381619	207
0.0700602183713299	0.339667981824094	207
0.0863842099036201	0.351828762907309	11
0.12267469653749	1.1822436434584	11
0.0859621987071599	0.35723664848931	11
0.07538336321367	0.348308282244291	1465
0.0867778469752101	0.355792058501662	8
0.08899332036748	0.351987418753263	8
-0.0914608577731899	0.632108105324877	71
0.08635457107887	0.355678869647947	1453
0.0867778469752101	0.355792058501662	143
0.08554001154562	0.357121750207972	1719
0.0968944683394899	1.53931296563135	35
0.12295636495259	1.15800024436824	11
-0.08644037268085	0.619862369426233	1412
0.02376114396391	0.695722704218771	154
0.08635457107887	0.355678869647947	150
0.08554001154562	0.357121750207972	171
0.08593111840664	0.350297532778869	171
-0.0870048830243599	0.621029218978779	129
0.08511764830228	0.351686421365815	8
0.08635457107887	0.355678869647947	8
0.07986225393948	0.353511217859612	71
0.08554001154562	0.357121750207972	414
0.0859621987071599	0.35723664848931	872
0.0867778469752101	0.355792058501662	1453
0.08554001154562	0.357121750207972	71
0.08511764830228	0.351686421365815	370
-0.00450110644812995	1.25966712119684	130
0.0833092545060601	0.348525620929045	207
0.0802918032269499	0.357407509139933	11
-0.0843469450921699	0.612671128407819	1412
0.0295405240372499	0.68721377365053	150
0.0867778469752101	0.355792058501662	129
0.0859621987071599	0.35723664848931	8
0.08635457107887	0.355678869647947	872
0.08984697671035	0.346869790227819	805
0.0863842099036201	0.351828762907309	71
-0.0914608577731899	0.632108105324877	370
0.0867778469752101	0.355792058501662	370
0.08110423217824	0.35597088188107	1041
0.0492582601118301	1.67847458218985	35
0.08417774668827	0.348452703172148	273
-0.0419128630369601	0.989651259737773	11
-0.0682540957894799	1.17376607607595	11
0.0989083340527399	0.767167853639843	11
-0.09593967423584	0.620520166704934	465
0.0859621987071599	0.35723664848931	11
0.0243952768227	0.704900564774626	11
0.0893384415557501	0.778854896559811	11
0.0867778469752101	0.355792058501662	11
0.0216021394128501	0.706955034392252	150
0.08593111840664	0.350297532778869	150
0.0867778469752101	0.355792058501662	8
-0.0875695991555201	0.619692253887167	8
-0.0870048830243599	0.621029218978779	71
-0.08731229818293	0.617891497962559	8
0.08072117175836	0.353442487812182	71
0.0802918032269499	0.357407509139933	946
0.0894202380526801	0.352096613802028	370
0.08554001154562	0.357121750207972	370
0.08984697671035	0.346869790227819	143
0.08554001154562	0.357121750207972	143
0.08554001154562	0.357121750207972	1793
0.0863842099036201	0.351828762907309	1794
0.08554001154562	0.357121750207972	87
0.0859621987071599	0.35723664848931	1054
0.08554001154562	0.357121750207972	150
0.0815347016979899	0.352043699849502	8
0.0863842099036201	0.351828762907309	1223
-0.0834053223570901	0.615637061214785	71
0.0859621987071599	0.35723664848931	946
0.08635457107887	0.355678869647947	761
0.08417774668827	0.348452703172148	761
-0.08644037268085	0.619862369426233	143
-0.0731204914789401	1.24498411807673	130
-0.0821112064476699	2.47863476915836	130
-0.0895369065657401	1.43607984377197	11
0.0147058661569299	0.687380748532258	207
0.0238379332612	0.703754740446967	11
0.08511764830228	0.351686421365815	1949
0.08110423217824	0.35597088188107	8
0.0802918032269499	0.357407509139933	1896
0.0859621987071599	0.35723664848931	71
0.08554001154562	0.357121750207972	71
0.07986225393948	0.353511217859612	872
0.05174329699777	1.32951973898461	303
0.11931630729452	1.16353250298494	130
-0.0906361424108899	0.618746767151707	273
0.0273765720605299	1.03774960648494	273
0.08635457107887	0.355678869647947	11
0.0950685789037999	0.791102972819712	118
-0.0875695991555201	0.619692253887167	150
0.08554001154562	0.357121750207972	71
0.08635457107887	0.355678869647947	650
0.08720094621311	0.350436388922643	650
0.08899332036748	0.351987418753263	143
0.0802918032269499	0.357407509139933	165
0.0246439348335299	0.701883429352783	35
-0.0903326016505701	0.62892338816335	273
-0.0864881862454501	0.617095767628753	273
0.08072117175836	0.353442487812182	87
0.08635457107887	0.355678869647947	11
0.0270596467045701	0.687501683876013	1238
0.08554001154562	0.357121750207972	150
0.0867778469752101	0.355792058501662	180
0.08635457107887	0.355678869647947	299
0.0867778469752101	0.355792058501662	2468
-0.0862395574593999	0.631174105042113	8
0.08554001154562	0.357121750207972	872
-0.0526241069093401	0.961026671666122	273
-0.0967618434919	0.610976434153099	273
-0.0410614402849701	0.987360237554364	11
-0.0751744623294399	1.20696944318102	11
-0.0286979237729801	1.41537314780613	11
0.0895748261737801	0.792023972665121	118
0.0913306974402499	0.789083878817612	1569
-0.08089036442484	0.611037850171035	8
0.08417774668827	0.348452703172148	650
0.08635457107887	0.355678869647947	71
0.08899332036748	0.351987418753263	167
0.0894202380526801	0.352096613802028	452
0.0894202380526801	0.352096613802028	801
0.0859621987071599	0.35723664848931	264
0.1022855405441	1.95224693572669	11
0.02354062683474	1.05905358039826	11
0.0903969866754699	0.793742931359669	11
0.0255093364719501	0.700554081526988	11
0.09297717623469	0.785084839673769	2481
0.07986225393948	0.353511217859612	601
0.08417774668827	0.348452703172148	299
-0.0928506928053201	0.61881718200679	8
0.0802918032269499	0.357407509139933	995
0.08635457107887	0.355678869647947	622
0.08593111840664	0.350297532778869	1793
0.08635457107887	0.355678869647947	1793
0.08067358118966	0.352113595115163	118
0.0257586781650601	0.702006140494017	601
0.0252014111516301	0.703021516927203	299
0.08635457107887	0.355678869647947	299
0.08554001154562	0.357121750207972	8
0.08511764830228	0.351686421365815	170
0.0867778469752101	0.355792058501662	71
0.08635457107887	0.355678869647947	167
0.08635457107887	0.355678869647947	2202
0.0758213062769899	0.348135022331946	1793
0.08072117175836	0.353442487812182	264
0.0802918032269499	0.357407509139933	264
0.10475979242982	1.52452442607199	111
0.12301892391929	1.12782703399559	11
0.09167086278168	1.35381189808887	11
0.0295405240372499	0.68721377365053	118
0.08635457107887	0.355678869647947	38
0.0251275285602	0.702145442683849	8
-0.0845467315382999	0.61567377471376	1533
0.08635457107887	0.355678869647947	71
-0.08644037268085	0.619862369426233	71
0.08720094621311	0.350436388922643	71
0.07986225393948	0.353511217859612	170
0.08635457107887	0.355678869647947	170
0.0867778469752101	0.355792058501662	143
0.08511764830228	0.351686421365815	275
0.0790096572879	1.12563710141369	11
0.0298946115466501	1.0320040610515	11
0.0913306974402499	0.789083878817612	11
-0.08644037268085	0.619862369426233	11
0.0295405240372499	0.68721377365053	68
-0.08587606798073	0.615845916163624	68
0.08635457107887	0.355678869647947	8
0.0815347016979899	0.352043699849502	8
0.08720094621311	0.350436388922643	8
-0.0843469450921699	0.612671128407819	1620
-0.09228620616897	0.62202873637367	995
-0.0856750766019301	0.629964134350056	71
0.0867778469752101	0.355792058501662	143
0.08067358118966	0.352113595115163	143
0.0863842099036201	0.351828762907309	143
0.0859621987071599	0.35723664848931	143
0.1232053165822	1.14073877262456	11
0.0798700819188301	1.09519249547429	11
0.08816770197221	0.774742747850477	11
0.0750110312308101	0.34948213637977	288
0.07464100940765	0.762366943188491	471
0.08554001154562	0.357121750207972	118
0.0859621987071599	0.35723664848931	118
-0.0881345212181099	0.6155636769699	38
0.0885662235348199	0.34673927137164	38
0.08554001154562	0.357121750207972	8
0.08072117175836	0.353442487812182	1469
-0.08587606798073	0.615845916163624	8
0.0863842099036201	0.351828762907309	71
0.08554001154562	0.357121750207972	1080
0.0867778469752101	0.355792058501662	170
0.08554001154562	0.357121750207972	170
-0.0921040341107899	0.604358014079979	303
0.01825384278844	1.04586777876993	130
0.021512965339	1.4995237373549	127
0.0863842099036201	0.351828762907309	273
-0.04361892563376	1.78254026695757	11
-0.0425199242030601	0.970070717228754	125
0.0261659326844099	1.03960847145499	118
-0.08644037268085	0.619862369426233	601
0.08511764830228	0.351686421365815	977
0.08899332036748	0.351987418753263	6
0.0859621987071599	0.35723664848931	71
0.0802918032269499	0.357407509139933	71
0.08554001154562	0.357121750207972	71
0.08635457107887	0.355678869647947	167
0.0859621987071599	0.35723664848931	264
0.03337953560883	1.69944310608557	63
0.0216021394128501	0.706955034392252	474
0.0192908774501399	1.89424502619105	474
0.0859621987071599	0.35723664848931	1485
0.00950791896051006	1.67987150468925	11
-0.0762895595589801	1.21875581381236	68
-0.0897687826881299	0.619482112062155	68
0.08984697671035	0.346869790227819	118
0.08554001154562	0.357121750207972	601
0.0950685789037999	0.791102972819712	977
0.02681233791537	0.685064624322974	38
0.0906085723558501	0.805526462379799	8
0.0867778469752101	0.355792058501662	2193
0.08554001154562	0.357121750207972	71
0.0867778469752101	0.355792058501662	622
0.08593111840664	0.350297532778869	242
0.0928291414648901	1.37652683562124	651
0.07940396124659	1.12845239720695	983
-0.0405768538447	1.62654927767928	11
0.08643145907407	1.35650300698596	11
0.0147058661569299	0.687380748532258	38
0.08554001154562	0.357121750207972	38
0.0815347016979899	0.352043699849502	8
0.0867778469752101	0.355792058501662	6
0.08554001154562	0.357121750207972	170
0.08554001154562	0.357121750207972	622
0.0867778469752101	0.355792058501662	264
0.08110423217824	0.35597088188107	264
0.0859621987071599	0.35723664848931	264
0.0273150363840999	1.03938908861336	273
0.08511764830228	0.351686421365815	288
0.0252014111516301	0.703021516927203	8
0.0859621987071599	0.35723664848931	8
0.08720094621311	0.350436388922643	6
0.0867778469752101	0.355792058501662	1209
0.0758213062769899	0.348135022331946	1209
0.00677330573248991	1.65361090466466	130
-0.0510792695837401	0.962580889789504	474
0.08110423217824	0.35597088188107	323
-0.0388718089373701	0.966734608506041	323
0.02709068374527	1.521060963099	11
0.0863842099036201	0.351828762907309	288
-0.0903326016505701	0.62892338816335	288
0.0247563852070201	1.06493736422486	11
0.09332362780999	0.77657619208396	68
0.0298946115466501	1.0320040610515	68
0.08593111840664	0.350297532778869	38
0.08554001154562	0.357121750207972	2017
0.0802918032269499	0.357407509139933	1209
0.08635457107887	0.355678869647947	71
0.08072117175836	0.353442487812182	385
0.08110423217824	0.35597088188107	167
0.0859621987071599	0.35723664848931	2802
0.08554001154562	0.357121750207972	275
0.12328816568462	2.19111297840041	35
0.0263157360188	0.698696783066224	273
0.07538336321367	0.348308282244291	323
-0.0914608577731899	0.632108105324877	288
0.08110423217824	0.35597088188107	87
0.0298495809012	0.693847558641882	288
0.01712632871736	0.683047072878784	1608
0.01967648684737	0.71130858208893	8
0.0859621987071599	0.35723664848931	1099
0.08593111840664	0.350297532778869	264
0.0827946440641501	0.773676001127882	127
0.0287342363348999	0.698124906188002	11
-0.0862395574593999	0.631174105042113	125
0.08110423217824	0.35597088188107	11
0.0930282147846999	0.773343721585662	11
0.0802918032269499	0.357407509139933	73
0.08072117175836	0.353442487812182	1608
0.0859621987071599	0.35723664848931	6
-0.0862395574593999	0.631174105042113	71
0.0802918032269499	0.357407509139933	1194
0.08984697671035	0.346869790227819	1249
0.08635457107887	0.355678869647947	816
0.0273150363840999	1.03938908861336	303
-0.0862395574593999	0.631174105042113	681
0.0183107183364699	0.696264848958603	474
0.08110423217824	0.35597088188107	474
-0.0396452227141499	1.66501685632199	35
-0.0434556600062499	0.959583942131742	35
-0.04396793186021	0.984859295610579	983
0.01328996519587	1.04944479752889	11
-0.08644037268085	0.619862369426233	11
0.08593111840664	0.350297532778869	125
0.01967648684737	0.71130858208893	131
0.0863842099036201	0.351828762907309	1323
0.0859621987071599	0.35723664848931	77
0.08720094621311	0.350436388922643	264
0.0185566618872399	0.702970411648682	303
0.0863842099036201	0.351828762907309	474
-0.0820152222085799	0.616154963453901	474
-0.0967184171986199	1.64148857848183	35
-0.0422742584649101	1.67063364349144	651
-0.0337634360913199	1.46290942464478	195
0.02134090208776	1.06611276149841	189
0.0867778469752101	0.355792058501662	1290
0.08593111840664	0.350297532778869	323
0.0700602183713299	0.339667981824094	1038
0.07986225393948	0.353511217859612	323
0.0859621987071599	0.35723664848931	288
0.08593111840664	0.350297532778869	988
0.08635457107887	0.355678869647947	1323
0.0815347016979899	0.352043699849502	77
-0.04225617099274	0.981255187070854	63
-0.08948968226881	1.44308524165231	63
-0.0862395574593999	0.631174105042113	1829
0.09283782083952	0.779615743869727	195
0.0241464568988501	0.691597188882022	908
-0.07537531697911	1.23301959310504	35
0.0252014111516301	0.703021516927203	983
0.08720094621311	0.350436388922643	983
0.0867778469752101	0.355792058501662	127
0.0252014111516301	0.703021516927203	11
0.08635457107887	0.355678869647947	11
0.0859621987071599	0.35723664848931	11
0.08067358118966	0.352113595115163	988
-0.0870048830243599	0.621029218978779	63
0.08110423217824	0.35597088188107	63
0.09037414904061	0.807426618734837	63
-0.08644037268085	0.619862369426233	63
-0.0849111909268401	0.616644350818079	474
0.08984697671035	0.346869790227819	35
0.0848809444960199	0.792423412783796	908
0.02495241117799	0.703880766273682	35
0.0102168831720599	0.677094232069794	35
-0.08787632750483	0.617834232014522	195
0.02777195273446	0.674192542764884	189
0.0867778469752101	0.355792058501662	983
0.0802918032269499	0.357407509139933	983
0.08072117175836	0.353442487812182	111
0.0859621987071599	0.35723664848931	1685
0.08635457107887	0.355678869647947	11
0.08635457107887	0.355678869647947	11
0.08635457107887	0.355678869647947	125
0.08072117175836	0.353442487812182	988
0.0859621987071599	0.35723664848931	63
0.08635457107887	0.355678869647947	63
0.08554001154562	0.357121750207972	130
0.08899332036748	0.351987418753263	35
0.0859621987071599	0.35723664848931	35
0.08511764830228	0.351686421365815	983
0.08417774668827	0.348452703172148	204
0.0830835588258001	1.14062783722363	63
0.0837435925496599	0.352286373904616	63
0.08554001154562	0.357121750207972	474
-0.0766345689003301	1.23724784051107	35
0.02929201337316	0.697118999051136	35
0.00111641258365003	1.27138483723093	908
-0.09705542348818	1.63011660809721	908
-0.08359222034214	1.22846966474037	195
0.0909827842464199	0.794860718446409	195
0.0252014111516301	0.703021516927203	983
-0.0862395574593999	0.631174105042113	983
-0.0862395574593999	0.631174105042113	11
0.0894202380526801	0.352096613802028	11
0.08899332036748	0.351987418753263	11
0.08899332036748	0.351987418753263	369
0.08554001154562	0.357121750207972	288
0.0867778469752101	0.355792058501662	470
0.08554001154562	0.357121750207972	108
0.0867778469752101	0.355792058501662	8
0.0201220420008299	1.06848065862799	127
0.0997926637503499	1.57886957379953	11
0.12460778411207	1.41041516058278	11
-0.0060708019178799	1.27690466732109	11
0.0287602547129699	1.0687270662401	125
0.0891206179886099	0.795978444021283	988
-0.09650536232198	0.618592506456047	2826
-0.0851108013427899	0.625779641039831	2826
0.0859621987071599	0.35723664848931	1193
0.08635457107887	0.355678869647947	837
0.0867778469752101	0.355792058501662	2086
0.08511764830228	0.351686421365815	57
0.08072117175836	0.353442487812182	57
0.08984697671035	0.346869790227819	741
0.0867778469752101	0.355792058501662	741
-0.0060708019178799	1.27690466732109	11
-0.000414834213299908	1.27375100701183	11
0.08594013329731	0.806580172492629	125
-0.0912005306475701	0.615573971978862	406
-0.0875695991555201	0.619692253887167	1193
-0.04034142158718	0.968062744309366	1193
0.0859621987071599	0.35723664848931	108
-0.0870048830243599	0.621029218978779	108
0.0885662235348199	0.34673927137164	6
0.0867778469752101	0.355792058501662	1099
0.0802918032269499	0.357407509139933	57
0.08511764830228	0.351686421365815	17
0.0921143856662601	1.36310823000052	63
0.02929201337316	0.697118999051136	11
0.08978429602628	0.807331812545498	11
-0.0733573715867599	1.21197895366403	11
0.08554001154562	0.357121750207972	369
-0.0868042440593899	0.629769731935243	73
0.08110423217824	0.35597088188107	429
0.0802918032269499	0.357407509139933	8
0.0885662235348199	0.34673927137164	8
0.08072117175836	0.353442487812182	1017
-0.0862395574593999	0.631174105042113	2037
0.08720094621311	0.350436388922643	1099
0.08554001154562	0.357121750207972	51
0.08720094621311	0.350436388922643	57
0.02687258485774	0.692530198903209	119
-0.0908966266307201	0.632179419989469	73
0.0867778469752101	0.355792058501662	1193
0.0815347016979899	0.352043699849502	1193
0.02023608277842	0.711366387704013	725
-0.0862395574593999	0.631174105042113	2384
0.0867778469752101	0.355792058501662	1099
0.0784611953538401	0.344667320052681	647
0.0802918032269499	0.357407509139933	61
0.0859621987071599	0.35723664848931	816
0.0859621987071599	0.35723664848931	408
0.11834160098248	1.18215346956098	11
0.08554001154562	0.357121750207972	73
0.08067358118966	0.352113595115163	73
-0.0820152222085799	0.616154963453901	1193
0.08635457107887	0.355678869647947	725
0.0264942729142501	0.685803520686784	214
0.08554001154562	0.357121750207972	429
0.0802918032269499	0.357407509139933	1295
0.08110423217824	0.35597088188107	1099
0.0802918032269499	0.357407509139933	1099
0.08554001154562	0.357121750207972	57
0.08511764830228	0.351686421365815	61
0.0200595156063901	1.04748598055204	36
0.0160742375927101	0.697927633213266	73
-0.09172192589164	0.622088991993712	108
0.07986225393948	0.353511217859612	1525
0.08635457107887	0.355678869647947	61
-0.0908966266307201	0.632179419989469	61
0.02568734804582	0.69659627071345	17
0.06036814886512	1.54085664448742	130
0.0936593854214101	0.791752236524761	406
-0.0463805584408301	0.944363258719526	406
0.0838577293790901	0.796873313821944	288
-0.0862395574593999	0.631174105042113	73
-0.0914608577731899	0.632108105324877	537
-0.0873691365456499	0.625452101317025	537
0.0859621987071599	0.35723664848931	537
0.0191166799325899	0.708673093023593	358
0.0863842099036201	0.351828762907309	108
0.08554001154562	0.357121750207972	214
0.0802918032269499	0.357407509139933	842
0.08720094621311	0.350436388922643	8
0.0863842099036201	0.351828762907309	8
0.08554001154562	0.357121750207972	6
0.08720094621311	0.350436388922643	6
0.0859621987071599	0.35723664848931	6
0.0859621987071599	0.35723664848931	6
0.08593111840664	0.350297532778869	61
0.08635457107887	0.355678869647947	61
0.0250297563159601	1.05236958908703	11
-0.0953741933126999	0.618633188669899	406
0.08554001154562	0.357121750207972	288
0.08593111840664	0.350297532778869	73
0.08720094621311	0.350436388922643	537
0.08593111840664	0.350297532778869	537
0.08554001154562	0.357121750207972	537
0.08635457107887	0.355678869647947	358
0.0863842099036201	0.351828762907309	358
-0.09172192589164	0.622088991993712	6
0.08110423217824	0.35597088188107	2748
0.08554001154562	0.357121750207972	580
0.08635457107887	0.355678869647947	17
0.08720094621311	0.350436388922643	973
0.02852653720095	1.04217615814525	983
-0.0449044810221999	0.980857222637372	11
0.09004682431766	0.779252399390891	18
-0.0870521662766299	0.617039068443576	18
-0.0917942590915199	0.605138796909221	515
0.07986225393948	0.353511217859612	537
0.08554001154562	0.357121750207972	108
0.08593111840664	0.350297532778869	358
-0.0870521662766299	0.617039068443576	108
0.08635457107887	0.355678869647947	108
0.0859621987071599	0.35723664848931	505
-0.0860402993998901	0.616480820417971	6
0.08899332036748	0.351987418753263	130
0.0742322264212301	2.05692264077104	130
0.0490712531219599	1.31907021903972	11
-0.0765895787167299	1.2351281615265	125
-0.0977412258315	1.65757182532934	369
-0.0854756423146901	0.617800241724817	73
0.0863842099036201	0.351828762907309	358
0.08072117175836	0.353442487812182	108
0.0867778469752101	0.355792058501662	214
0.08720094621311	0.350436388922643	6
0.0867778469752101	0.355792058501662	212
0.0859621987071599	0.35723664848931	1924
0.0863842099036201	0.351828762907309	580
0.08554001154562	0.357121750207972	229
0.08635457107887	0.355678869647947	61
0.08635457107887	0.355678869647947	17
0.0238756841277701	1.06788040270046	983
-0.0113831330974801	1.25166153163201	983
-0.0868042440593899	0.629769731935243	11
-0.0860402993998901	0.616480820417971	406
0.02737040105225	0.688310667303675	406
0.0287342363348999	0.698124906188002	18
0.08554001154562	0.357121750207972	73
-0.0826786497441601	1.21567113893737	515
0.08635457107887	0.355678869647947	537
0.0750110312308101	0.34948213637977	358
0.0863842099036201	0.351828762907309	358
0.0859621987071599	0.35723664848931	1303
0.08554001154562	0.357121750207972	214
0.0191166799325899	0.708673093023593	214
0.0859621987071599	0.35723664848931	51
0.0859621987071599	0.35723664848931	61
0.08720094621311	0.350436388922643	61
0.0863842099036201	0.351828762907309	1001
0.0437706387819701	1.31312818242628	63
-0.01552166892211	1.28185728348583	682
0.12487498403843	0.871623371369712	546
0.08433674920702	2.21372258618385	983
-0.0196061128154701	1.78505409205339	983
-0.00382746743651996	1.29802529531574	983
0.0508583959626501	1.68787852799573	983
0.12328904391846	1.16769119467967	983
0.08554001154562	0.357121750207972	11
0.08603703673898	1.1135734629328	11
-0.09202529522229	0.628747678223887	406
-0.0831409003049799	0.610766029679033	18
0.08635457107887	0.355678869647947	6
0.08593111840664	0.350297532778869	168
0.08554001154562	0.357121750207972	6
-0.09122918930789	0.597415436769708	1099
0.0867778469752101	0.355792058501662	17
0.10038580989596	1.78955862265751	63
-0.00574944035908009	1.27466447831623	36
0.08720094621311	0.350436388922643	214
-0.0854756423146901	0.617800241724817	858
0.0802918032269499	0.357407509139933	168
0.0859621987071599	0.35723664848931	1099
0.0859621987071599	0.35723664848931	212
0.08110423217824	0.35597088188107	1489
0.08593111840664	0.350297532778869	1112
0.0802918032269499	0.357407509139933	60
0.02656525742247	0.687091005098931	11
0.0887531890598601	0.777812749072133	109
-0.0900719604284099	0.618804092060113	406
-0.09228620616897	0.62202873637367	554
-0.0851108013427899	0.625779641039831	181
0.08984697671035	0.346869790227819	8
0.0255093364719501	0.700554081526988	858
0.0815347016979899	0.352043699849502	168
0.08635457107887	0.355678869647947	498
0.0859621987071599	0.35723664848931	229
0.0859621987071599	0.35723664848931	60
-0.0361344321169299	1.64843240841874	11
-0.0760200653684899	1.24527178288881	18
0.0867778469752101	0.355792058501662	214
0.0745742023431799	0.34965580639375	214
0.09332362780999	0.77657619208396	8
0.08554001154562	0.357121750207972	858
0.08110423217824	0.35597088188107	168
-0.0822799573256301	0.615802745175666	6
0.08511764830228	0.351686421365815	51
0.0885662235348199	0.34673927137164	51
0.08554001154562	0.357121750207972	965
0.08554001154562	0.357121750207972	1489
0.0758213062769899	0.348135022331946	1489
0.07801952160216	0.344839899598007	1411
0.0894202380526801	0.352096613802028	1411
0.0867778469752101	0.355792058501662	17
0.02100968864552	1.0709165231361	18
-0.08950798455586	0.615710211810229	73
-0.0897687826881299	0.619482112062155	1140
-0.0868042440593899	0.629769731935243	8
0.0692532476399199	0.340921197151582	168
0.08511764830228	0.351686421365815	57
0.0750110312308101	0.34948213637977	965
0.08635457107887	0.355678869647947	229
0.0859621987071599	0.35723664848931	1411
0.08554001154562	0.357121750207972	17
0.08593111840664	0.350297532778869	17
-0.08176074921268	1.22969949341211	11
-0.04169667424251	0.939501774953065	73
-0.0420394669900801	0.947447293347008	36
0.0255093364719501	0.700554081526988	36
0.0859621987071599	0.35723664848931	8
0.0859621987071599	0.35723664848931	858
-0.0875695991555201	0.619692253887167	6
0.08554001154562	0.357121750207972	514
0.08110423217824	0.35597088188107	6
0.0802918032269499	0.357407509139933	57
0.08110423217824	0.35597088188107	57
-0.0814526908493101	0.615002111111108	17
0.08984697671035	0.346869790227819	17
0.0867778469752101	0.355792058501662	2122
0.02360333351796	1.52776825959224	983
0.0867778469752101	0.355792058501662	406
-0.09228620616897	0.62202873637367	73
0.08635457107887	0.355678869647947	554
-0.0849111909268401	0.616644350818079	858
-0.0862395574593999	0.631174105042113	815
0.08899332036748	0.351987418753263	815
0.07986225393948	0.353511217859612	445
0.08072117175836	0.353442487812182	6
0.08554001154562	0.357121750207972	1462
0.0894202380526801	0.352096613802028	1462
0.08635457107887	0.355678869647947	17
-0.0878970429510599	1.43003715768481	130
0.06046520099608	2.22408621779848	35
0.0808812777255199	0.782923843762293	983
0.08409360705864	0.795174423225563	73
0.02128960717136	0.694237975108062	73
0.02593431980716	0.691147978492673	36
-0.0868042440593899	0.629769731935243	73
0.0867778469752101	0.355792058501662	554
0.0859621987071599	0.35723664848931	181
0.0859621987071599	0.35723664848931	8
0.0859621987071599	0.35723664848931	8
0.0885662235348199	0.34673927137164	815
0.0815347016979899	0.352043699849502	815
0.08554001154562	0.357121750207972	51
0.08554001154562	0.357121750207972	51
0.0867778469752101	0.355792058501662	57
0.08554001154562	0.357121750207972	17
-0.03505181130581	0.952503595218186	27
0.08511764830228	0.351686421365815	406
0.0223613167153001	1.05528748405922	73
-0.08731229818293	0.617891497962559	73
-0.0868042440593899	0.629769731935243	73
0.02495241117799	0.703880766273682	73
0.0216021394128501	0.706955034392252	18
0.0745742023431799	0.34965580639375	168
0.08593111840664	0.350297532778869	514
0.0859621987071599	0.35723664848931	57
-0.0908966266307201	0.632179419989469	51
0.0867778469752101	0.355792058501662	1462
0.08554001154562	0.357121750207972	17
-0.09316527628652	1.64594150312888	111
0.000380303817719918	2.21925054649841	983
-0.0843469450921699	0.612671128407819	109
-0.05715203965843	0.949956420396279	554
0.0287991708102	1.03143279173544	181
0.08554001154562	0.357121750207972	6
-0.07342748910891	1.25014336499486	445
-0.04362911004735	0.96374986647429	445
0.0758213062769899	0.348135022331946	6
0.08554001154562	0.357121750207972	451
0.0894202380526801	0.352096613802028	51
0.0867778469752101	0.355792058501662	57
0.08511764830228	0.351686421365815	965
0.0894202380526801	0.352096613802028	1462
0.0802918032269499	0.357407509139933	17
0.0867778469752101	0.355792058501662	304
0.08554001154562	0.357121750207972	304
0.0891410794696701	1.38449311145052	983
-0.0961963127793	0.609158553986361	33
0.08391027870321	0.782951405253259	406
0.08984697671035	0.346869790227819	73
-0.0912005306475701	0.615573971978862	18
0.0815347016979899	0.352043699849502	1181
0.09037414904061	0.807426618734837	554
0.0867778469752101	0.355792058501662	445
0.0867778469752101	0.355792058501662	6
0.0859621987071599	0.35723664848931	51
0.08067358118966	0.352113595115163	51
0.0745742023431799	0.34965580639375	51
0.0859621987071599	0.35723664848931	57
0.08899332036748	0.351987418753263	965
0.08593111840664	0.350297532778869	1462
0.0629538027043	2.24307302132903	195
0.0859621987071599	0.35723664848931	532
0.0447340593105801	1.32254610820241	109
0.08593111840664	0.350297532778869	116
0.08554001154562	0.357121750207972	73
0.0241464568988501	0.691597188882022	181
0.08593111840664	0.350297532778869	181
0.08635457107887	0.355678869647947	201
0.0867778469752101	0.355792058501662	8
0.0859621987071599	0.35723664848931	8
0.08720094621311	0.350436388922643	51
0.07689721462366	2.10296867006587	195
0.08171562292506	1.13204426778785	983
0.0243952768227	0.704900564774626	983
-0.01137377374219	1.29085742495148	33
-0.0132774757580301	1.27822024475551	532
0.09283782083952	0.779615743869727	406
0.08511764830228	0.351686421365815	406
0.0210426211978001	0.709474969648677	18
0.08554001154562	0.357121750207972	554
-0.0967618434919	0.610976434153099	108
0.0859621987071599	0.35723664848931	70
-0.0851108013427899	0.625779641039831	6
0.0802918032269499	0.357407509139933	446
-0.0820152222085799	0.616154963453901	6
0.08593111840664	0.350297532778869	6
0.0758213062769899	0.348135022331946	6
0.0867778469752101	0.355792058501662	51
0.08635457107887	0.355678869647947	51
0.08593111840664	0.350297532778869	51
0.08554001154562	0.357121750207972	51
0.0859621987071599	0.35723664848931	17
0.08198467325279	1.82349458556648	130
0.06624242749162	1.52896169731742	331
-0.0584407731701	1.99813771471129	11
0.0260660528493799	0.69435433931501	11
-0.1009976331778	0.603500039383825	11
-0.0699681416175799	1.21272664682009	33
0.09526734771017	0.771267173843549	406
0.0895748261737801	0.792023972665121	406
-0.09593967423584	0.620520166704934	18
0.08899332036748	0.351987418753263	2361
0.0750110312308101	0.34948213637977	1181
0.08593111840664	0.350297532778869	554
0.0191166799325899	0.708673093023593	201
0.0867778469752101	0.355792058501662	271
0.0859621987071599	0.35723664848931	168
0.08511764830228	0.351686421365815	51
0.08072117175836	0.353442487812182	507
-0.0463176668900001	1.69533358299588	983
0.07545825350185	1.12140797250533	613
-0.04310720791206	0.983515854827622	109
-0.0771970608958199	1.23178185869353	406
0.0166987288359599	1.05453609195508	406
0.0863842099036201	0.351828762907309	406
0.02023608277842	0.711366387704013	18
0.08511764830228	0.351686421365815	18
0.08635457107887	0.355678869647947	18
0.0802918032269499	0.357407509139933	181
-0.0881345212181099	0.6155636769699	70
-0.09202529522229	0.628747678223887	6
0.0859621987071599	0.35723664848931	6
0.08554001154562	0.357121750207972	6
0.08899332036748	0.351987418753263	6
0.08554001154562	0.357121750207972	902
0.0859621987071599	0.35723664848931	57
0.0750110312308101	0.34948213637977	203
0.08067358118966	0.352113595115163	17
0.0894202380526801	0.352096613802028	17
0.0863842099036201	0.351828762907309	17
0.0702087000098499	1.53918634264097	35
-0.0856750766019301	0.629964134350056	613
-0.0906361424108899	0.618746767151707	73
0.0867778469752101	0.355792058501662	73
0.08110423217824	0.35597088188107	201
0.0863842099036201	0.351828762907309	95
-0.09122918930789	0.597415436769708	70
0.0867778469752101	0.355792058501662	6
-0.09593967423584	0.620520166704934	511
0.08651508661992	0.799453644770618	511
-0.0856750766019301	0.629964134350056	2
0.08110423217824	0.35597088188107	57
0.0859621987071599	0.35723664848931	57
0.0894202380526801	0.352096613802028	57
0.0894202380526801	0.352096613802028	507
0.0885662235348199	0.34673927137164	393
0.0837435925496599	0.352286373904616	17
0.0265089260701299	1.5089088747722	546
0.02079546787246	0.708833611803891	532
0.01495030767385	0.697867212558844	27
-0.09593967423584	0.620520166704934	109
-0.00973721140954997	1.28181316836437	406
-0.0785809174976999	1.39207182787055	406
-0.03854517177868	1.62328556224344	73
0.0892246863361501	0.78483130471206	201
-0.0870048830243599	0.621029218978779	70
0.0937935373599901	0.775186713143314	70
-0.0856750766019301	0.629964134350056	446
-0.0455304019815199	0.983970275933368	511
-0.0820152222085799	0.616154963453901	168
-0.0856750766019301	0.629964134350056	57
0.0859621987071599	0.35723664848931	507
0.0745742023431799	0.34965580639375	393
0.09326038855235	0.779498610454861	17
-0.08592441214143	0.614008108452674	17
0.08554001154562	0.357121750207972	17
0.0867778469752101	0.355792058501662	17
0.08554001154562	0.357121750207972	304
0.08110423217824	0.35597088188107	304
0.00424996852805992	1.67675360088038	2111
0.0816566981881099	1.91382824909603	983
0.0879899207944901	1.56500875886098	192
0.0869617697317899	1.10258886705766	983
0.04440986149348	1.31341652613393	613
0.09682850398373	0.781539109944953	27
-0.0822799573256301	0.615802745175666	18
0.07538336321367	0.348308282244291	3
0.08067358118966	0.352113595115163	70
-0.0854756423146901	0.617800241724817	6
0.0802918032269499	0.357407509139933	6
0.0863842099036201	0.351828762907309	271
0.0859621987071599	0.35723664848931	271
0.08593111840664	0.350297532778869	511
0.0863842099036201	0.351828762907309	168
-0.08284253727627	0.61695772724414	168
0.08984697671035	0.346869790227819	51
0.0859621987071599	0.35723664848931	2412
0.08067358118966	0.352113595115163	1200
0.08554001154562	0.357121750207972	17
-0.0634642925548099	2.02165765062023	983
-0.0868042440593899	0.629769731935243	406
-0.0870521662766299	0.617039068443576	3
-0.09202529522229	0.628747678223887	3
0.08110423217824	0.35597088188107	70
0.0859621987071599	0.35723664848931	51
0.08593111840664	0.350297532778869	51
0.08593111840664	0.350297532778869	1396
0.08554001154562	0.357121750207972	877
-0.09593967423584	0.620520166704934	877
0.0867778469752101	0.355792058501662	133
0.0867778469752101	0.355792058501662	133
-0.0686879982289501	1.21909298564098	130
0.09624209781196	0.787048918578477	11
0.08720094621311	0.350436388922643	73
0.08067358118966	0.352113595115163	3
0.08720094621311	0.350436388922643	6
0.0859621987071599	0.35723664848931	1212
0.08635457107887	0.355678869647947	549
0.0859621987071599	0.35723664848931	1023
0.0867778469752101	0.355792058501662	17
0.08635457107887	0.355678869647947	304
0.0859621987071599	0.35723664848931	304
0.08720094621311	0.350436388922643	304
0.01519457699071	0.691479192838435	331
-0.03732952814152	1.67233212066128	705
0.0938941167783101	0.786753640291525	33
0.08720094621311	0.350436388922643	11
0.0802918032269499	0.357407509139933	11
-0.0868042440593899	0.629769731935243	318
0.08635457107887	0.355678869647947	318
0.0822862578271799	1.09400291956103	18
0.09119869874611	0.805619636366397	3
0.08511764830228	0.351686421365815	549
0.0867778469752101	0.355792058501662	549
-0.0912005306475701	0.615573971978862	2
0.08593111840664	0.350297532778869	2291
0.0859621987071599	0.35723664848931	2743
0.08072117175836	0.353442487812182	197
0.0859621987071599	0.35723664848931	304
0.0198355463773301	0.692940411755695	983
-0.0856750766019301	0.629964134350056	406
-0.0457561278791401	0.988491389381619	3
0.0837435925496599	0.352286373904616	3
0.0859621987071599	0.35723664848931	3
0.0863842099036201	0.351828762907309	95
-0.0908966266307201	0.632179419989469	201
0.08594013329731	0.806580172492629	201
0.0290433328311901	0.685234931572618	1941
0.08511764830228	0.351686421365815	70
0.08492160139175	0.778001998999384	70
-0.0837829046671099	0.603081890246297	70
-0.0881345212181099	0.6155636769699	191
0.08554001154562	0.357121750207972	197
0.08635457107887	0.355678869647947	304
0.08110423217824	0.35597088188107	1886
0.08511764830228	0.351686421365815	17
0.0238379332612	0.703754740446967	983
-0.11272748671602	1.98916230610548	192
0.0785085792090901	1.12999139861176	33
0.0890169388094599	1.36443156824963	27
-0.07003800765196	1.16418916801111	73
0.0189657048310199	1.04216887757123	18
-0.0879342350624199	0.61543923271656	18
-0.0562926590055499	0.943209584987632	3
-0.0377689567253801	0.940742134280588	3
-0.0825779586461299	0.614837681649623	152
-0.04550121421799	0.976450107077633	201
0.0867778469752101	0.355792058501662	117
0.0859621987071599	0.35723664848931	117
0.08635457107887	0.355678869647947	549
0.0859621987071599	0.35723664848931	549
0.0867778469752101	0.355792058501662	12
0.08720094621311	0.350436388922643	939
0.08635457107887	0.355678869647947	197
0.0328523132404801	1.85308981452416	331
-0.05236849317213	0.968310705969325	130
0.01661850649825	1.49563163815395	130
0.10505206356269	2.33861295047336	705
0.0831168406149301	1.12128086813466	705
0.08374881155835	1.35864230824786	27
0.02821377725323	1.06920989991766	109
-0.09115785182895	0.618961705601459	406
0.0199229518125601	0.706799346788183	152
0.08072117175836	0.353442487812182	152
0.08072117175836	0.353442487812182	1212
0.02135464227602	0.703190131268845	117
0.08899332036748	0.351987418753263	117
0.08554001154562	0.357121750207972	1442
0.08720094621311	0.350436388922643	939
0.0815347016979899	0.352043699849502	191
0.02798153648914	1.03326129816233	192
-0.0112276428698901	1.25370701377518	33
0.0219171944929899	0.68227220512151	3
-0.0854756423146901	0.617800241724817	3
-0.0862395574593999	0.631174105042113	271
0.08635457107887	0.355678869647947	549
0.0802918032269499	0.357407509139933	2
0.08110423217824	0.35597088188107	191
0.0894202380526801	0.352096613802028	2398
0.0802918032269499	0.357407509139933	17
0.02774400406595	1.45827000514669	406
-0.0493723279210601	0.983902586641038	406
-0.0928506928053201	0.61881718200679	3
0.0867778469752101	0.355792058501662	37
0.0859621987071599	0.35723664848931	201
0.0802918032269499	0.357407509139933	1780
0.08593111840664	0.350297532778869	191
0.08635457107887	0.355678869647947	1827
0.08110423217824	0.35597088188107	2301
0.0859621987071599	0.35723664848931	17
0.12078892775168	1.17563298843295	406
0.09037414904061	0.807426618734837	73
-0.0834053223570901	0.615637061214785	3
0.08554001154562	0.357121750207972	73
0.0867778469752101	0.355792058501662	3
-0.1009976331778	0.603500039383825	3
0.08635457107887	0.355678869647947	271
0.0815347016979899	0.352043699849502	117
0.08899332036748	0.351987418753263	57
0.0815347016979899	0.352043699849502	191
0.08554001154562	0.357121750207972	814
0.08635457107887	0.355678869647947	649
-0.0981894838419499	1.44616308644655	983
0.08794316701626	0.803237974962335	27
-0.0934153859453	0.609869945727091	406
-0.0868042440593899	0.629769731935243	18
-0.0862395574593999	0.631174105042113	73
0.0802918032269499	0.357407509139933	73
0.0252014111516301	0.703021516927203	37
-0.0862395574593999	0.631174105042113	378
0.08554001154562	0.357121750207972	1115
-0.0862395574593999	0.631174105042113	1115
-0.0908966266307201	0.632179419989469	271
0.0216021394128501	0.706955034392252	1212
0.08593111840664	0.350297532778869	117
0.0802918032269499	0.357407509139933	1092
0.08554001154562	0.357121750207972	1092
0.0859621987071599	0.35723664848931	1623
0.0859621987071599	0.35723664848931	12
0.07538336321367	0.348308282244291	57
0.08067358118966	0.352113595115163	814
-0.00638412508645003	1.30556962226444	331
0.11830856830568	2.48405323841875	2111
-0.0914608577731899	0.632108105324877	73
0.0867778469752101	0.355792058501662	18
-0.0840280161376901	0.594317761749212	37
0.0216021394128501	0.706955034392252	2521
0.0863842099036201	0.351828762907309	1115
0.08110423217824	0.35597088188107	1115
0.0894202380526801	0.352096613802028	123
0.08984697671035	0.346869790227819	123
0.0815347016979899	0.352043699849502	6
0.0859621987071599	0.35723664848931	271
0.0859621987071599	0.35723664848931	117
0.0837435925496599	0.352286373904616	1623
0.0867778469752101	0.355792058501662	2797
-0.0837829046671099	0.603081890246297	1394
0.0867778469752101	0.355792058501662	57
0.08554001154562	0.357121750207972	57
0.0867778469752101	0.355792058501662	57
0.08554001154562	0.357121750207972	57
0.0867778469752101	0.355792058501662	191
0.0987042181119899	2.24684659037605	705
0.0271045378255299	1.01338582864591	33
-0.0876163523790301	0.6138736618902	73
0.08554001154562	0.357121750207972	73
-0.04430798559211	0.982438562582162	709
0.02264071623695	0.693189699054351	37
0.01719073771054	0.679358973671376	41
0.0815347016979899	0.352043699849502	123
0.08554001154562	0.357121750207972	271
0.0863842099036201	0.351828762907309	117
0.08554001154562	0.357121750207972	1092
0.08635457107887	0.355678869647947	2
0.08635457107887	0.355678869647947	1011
-0.0917651252829501	0.606729318560054	57
0.0859621987071599	0.35723664848931	814
-0.08009427601646	1.23006889836979	130
-0.0760251487460599	1.24260444322148	35
0.0838696015836799	1.87318729219124	35
0.08935798941986	0.783304088759575	983
0.08593111840664	0.350297532778869	1291
-0.0848070097589799	1.2292057145422	1291
0.08110423217824	0.35597088188107	1161
-0.0914608577731899	0.632108105324877	3
0.0767042394912001	1.1316765828495	117
0.0826743148779801	0.802183203596613	57
-0.0906361424108899	0.618746767151707	197
0.08635457107887	0.355678869647947	17
0.0859621987071599	0.35723664848931	17
-0.09115785182895	0.618961705601459	705
0.08554001154562	0.357121750207972	705
-0.0814526908493101	0.615002111111108	195
0.08554001154562	0.357121750207972	1291
-0.09890481818697	1.58340157596168	73
-0.0851108013427899	0.625779641039831	18
-0.0332509869097899	0.921865792859981	37
0.0867778469752101	0.355792058501662	37
0.0867778469752101	0.355792058501662	37
-0.10444986788088	1.83653070140266	41
0.0859621987071599	0.35723664848931	271
0.08720094621311	0.350436388922643	271
0.08511764830228	0.351686421365815	271
0.08072117175836	0.353442487812182	1921
-0.0851108013427899	0.625779641039831	57
0.0859621987071599	0.35723664848931	17
0.0815347016979899	0.352043699849502	17
0.0251275285602	0.702145442683849	331
0.0287602547129699	1.0687270662401	195
-0.04467643411989	0.981752886346981	983
0.0690640403968801	1.11168211898797	192
0.08554001154562	0.357121750207972	37
-0.08284253727627	0.61695772724414	375
0.0201692485412199	0.686409895899588	84
0.02250897473498	1.0619519830964	117
0.0261659326844099	1.03960847145499	117
-0.0851108013427899	0.625779641039831	1011
0.0802918032269499	0.357407509139933	454
0.08554001154562	0.357121750207972	17
-0.00450110644812995	1.25966712119684	35
-0.0528798485931199	0.934225647584037	983
-0.0868042440593899	0.629769731935243	613
0.0894202380526801	0.352096613802028	73
0.08072117175836	0.353442487812182	18
-0.08731229818293	0.617891497962559	37
0.0241464568988501	0.691597188882022	271
-0.09228620616897	0.62202873637367	271
0.0246439348335299	0.701883429352783	84
0.02842407403459	0.682918786021331	84
-0.0925844150628901	1.46602650883909	117
0.06214576718895	1.50973721084661	117
0.0863842099036201	0.351828762907309	12
0.08554001154562	0.357121750207972	1126
-0.0870048830243599	0.621029218978779	197
0.08110423217824	0.35597088188107	745
0.0894202380526801	0.352096613802028	17
0.0863842099036201	0.351828762907309	298
0.0891410794696701	1.38449311145052	35
-0.0882818652513899	1.21635366653193	983
0.02400725601443	0.704585755161447	27
0.0774788274390401	1.11889957918876	37
-0.0862395574593999	0.631174105042113	41
0.08554001154562	0.357121750207972	271
0.0922510184826399	0.776503143641043	57
0.08635457107887	0.355678869647947	298
0.0802918032269499	0.357407509139933	17
0.0247563852070201	1.06493736422486	556
0.12295949830959	1.16187803441625	556
-0.0318564877765799	1.44132000159858	983
0.0739820849869399	1.09414474949158	983
0.08110423217824	0.35597088188107	18
-0.04071947009476	0.984385044515314	37
0.0821899187419399	1.13264162955936	95
0.0802918032269499	0.357407509139933	2811
0.09743313271552	1.33720523118937	117
0.08511764830228	0.351686421365815	745
0.08110423217824	0.35597088188107	17
0.08110423217824	0.35597088188107	17
0.0815347016979899	0.352043699849502	17
0.0811880472952899	1.11454738398109	613
0.0843304453048299	1.12697927101385	310
0.06811924585049	1.51454060285897	637
0.08554001154562	0.357121750207972	665
-0.09172192589164	0.622088991993712	18
0.0252014111516301	0.703021516927203	365
-0.0862395574593999	0.631174105042113	123
-0.0914608577731899	0.632108105324877	84
0.0859621987071599	0.35723664848931	84
0.08554001154562	0.357121750207972	84
0.08110423217824	0.35597088188107	336
0.08635457107887	0.355678869647947	12
0.0867778469752101	0.355792058501662	12
0.0859621987071599	0.35723664848931	57
0.08072117175836	0.353442487812182	17
0.02360283804799	1.06138734228705	33
-0.03359166273102	0.938913130863902	613
0.12317702903422	1.55304077476497	637
0.09119869874611	0.805619636366397	109
-0.0845467315382999	0.61567377471376	665
0.02817624964109	0.697004128986084	37
0.0859621987071599	0.35723664848931	37
0.01358177828092	0.681605810145461	117
0.08511764830228	0.351686421365815	117
0.0837435925496599	0.352286373904616	1127
0.08593111840664	0.350297532778869	2626
0.08072117175836	0.353442487812182	439
0.0867778469752101	0.355792058501662	72
0.0859621987071599	0.35723664848931	1411
0.08899332036748	0.351987418753263	298
0.0958448066516699	1.36243701630297	192
-0.08754070930055	1.4340832819707	637
0.0177627037786401	1.52392684930136	637
-0.00414942180850009	1.3020237926567	637
-0.0868042440593899	0.629769731935243	73
0.08554001154562	0.357121750207972	37
-0.09228620616897	0.62202873637367	37
0.00677845820431999	1.18194233844297	37
-0.09228620616897	0.62202873637367	84
-0.09228620616897	0.62202873637367	117
0.08899332036748	0.351987418753263	1127
0.0859621987071599	0.35723664848931	1063
0.0894202380526801	0.352096613802028	439
-0.0822799573256301	0.615802745175666	72
0.08554001154562	0.357121750207972	17
0.0762136830374001	1.12461461623637	33
-0.0903326016505701	0.62892338816335	33
-0.0873691365456499	0.625452101317025	1236
-0.0851108013427899	0.625779641039831	73
0.0865291790967799	0.809108657952244	37
0.0859621987071599	0.35723664848931	37
0.08554001154562	0.357121750207972	37
0.02895340004035	1.04276029267376	365
0.0881795183249801	0.785439474618159	202
0.02481377972016	0.693512076590471	202
0.08110423217824	0.35597088188107	84
0.08417774668827	0.348452703172148	84
0.0867778469752101	0.355792058501662	57
-0.0853608438201901	0.605068864031833	72
0.08720094621311	0.350436388922643	101
0.0863842099036201	0.351828762907309	101
0.0354899765699599	1.72080425447672	637
0.0243952768227	0.704900564774626	637
-0.03564558643892	0.96027323032475	637
-0.0864881862454501	0.617095767628753	73
0.0224091210725901	0.691879553397497	37
0.07538336321367	0.348308282244291	37
-0.0386180014964299	0.959357847460149	37
-0.0791847742765299	1.23661293136113	84
0.02593431980716	0.691147978492673	84
0.08554001154562	0.357121750207972	117
0.0802918032269499	0.357407509139933	1127
0.0859621987071599	0.35723664848931	1127
0.08110423217824	0.35597088188107	1063
0.0885662235348199	0.34673927137164	439
0.0802918032269499	0.357407509139933	439
0.08635457107887	0.355678869647947	203
0.0867778469752101	0.355792058501662	1635
0.12383287897962	1.16800431630018	705
0.09735886885275	1.34342076146363	983
0.0111028437260601	0.666168397492202	33
0.0199891069068501	0.696385068821578	73
0.08635457107887	0.355678869647947	441
0.0160742375927101	0.697927633213266	37
0.0201220420008299	1.06848065862799	365
0.08635457107887	0.355678869647947	41
0.02023608277842	0.711366387704013	164
0.0859621987071599	0.35723664848931	117
0.08110423217824	0.35597088188107	434
0.08554001154562	0.357121750207972	1372
0.08635457107887	0.355678869647947	57
0.0867778469752101	0.355792058501662	439
0.07986225393948	0.353511217859612	1635
0.0859621987071599	0.35723664848931	17
0.08110423217824	0.35597088188107	101
-0.00178626332751008	1.67599359606234	33
-0.05654790484079	0.950100843149223	33
-0.0914608577731899	0.632108105324877	1016
0.0859621987071599	0.35723664848931	73
0.0802918032269499	0.357407509139933	136
-0.08644037268085	0.619862369426233	37
-0.0432255361748799	0.949425608937763	84
0.08067358118966	0.352113595115163	117
-0.0834053223570901	0.615637061214785	117
0.0894202380526801	0.352096613802028	117
0.0859621987071599	0.35723664848931	832
0.08110423217824	0.35597088188107	57
0.0867778469752101	0.355792058501662	72
0.0829026663521	0.78433996389279	556
-0.08075180131157	2.14843588512022	983
0.0790096572879	1.12563710141369	983
0.08554001154562	0.357121750207972	1236
0.0867778469752101	0.355792058501662	136
0.08554001154562	0.357121750207972	136
0.08168023146082	1.13018969667866	37
0.08067358118966	0.352113595115163	37
0.08110423217824	0.35597088188107	2807
0.08554001154562	0.357121750207972	202
0.08554001154562	0.357121750207972	202
0.0252014111516301	0.703021516927203	72
0.08593111840664	0.350297532778869	1403
-0.0789853629145201	0.595080242630627	546
0.0349080139593001	2.16316735215797	35
-0.08587606798073	0.615845916163624	556
-0.0951181497368201	0.607845049915638	33
0.08554001154562	0.357121750207972	33
0.08417774668827	0.348452703172148	310
0.08635457107887	0.355678869647947	1236
0.10822225566389	1.76050920593378	637
0.08720094621311	0.350436388922643	1016
0.0867778469752101	0.355792058501662	136
0.0750110312308101	0.34948213637977	136
0.01891091887399	1.49882533156644	84
-0.08844056295058	0.614661424305528	832
0.08978429602628	0.807331812545498	72
0.02320103576901	0.695680159634985	17
0.0255093364719501	0.700554081526988	546
-0.0427160467918899	0.962313031586485	833
0.08110423217824	0.35597088188107	33
0.0859621987071599	0.35723664848931	1016
0.08110423217824	0.35597088188107	37
0.02940205587961	1.49678325127752	1042
0.09585855692738	0.769131196574	72
0.0894202380526801	0.352096613802028	72
0.08554001154562	0.357121750207972	1635
0.03137761783229	1.04857721224561	17
0.08593111840664	0.350297532778869	17
-0.09172192589164	0.622088991993712	1403
0.0940107190570001	0.779742661128198	546
0.0893384415557501	0.778854896559811	546
0.12110584664006	1.17781313629836	35
0.09359589822896	1.88945582735221	195
0.00608273869611997	1.65931168682887	195
0.0210426211978001	0.709474969648677	983
0.02264071623695	0.693189699054351	983
0.08554001154562	0.357121750207972	33
-0.0851108013427899	0.625779641039831	33
-0.0908966266307201	0.632179419989469	33
0.0867778469752101	0.355792058501662	365
-0.00641520598611001	1.65631243017979	1042
0.0221614468384299	0.701341590531614	981
-0.09593967423584	0.620520166704934	17
0.0867778469752101	0.355792058501662	1403
0.08511764830228	0.351686421365815	17
0.01959131604229	0.683132906229071	17
0.0166329406988599	1.02519194162795	546
-0.00622534180750001	1.25567622263504	35
-0.01316381729776	1.83462923661972	33
0.0864293412587001	1.89622432152723	33
0.0155123789479299	0.699312745969347	27
0.0199229518125601	0.706799346788183	33
0.0240862490656	0.6984732521364	406
0.0815347016979899	0.352043699849502	136
0.02023608277842	0.711366387704013	37
0.0781863170480901	1.14029411939396	37
0.0750110312308101	0.34948213637977	202
0.0867778469752101	0.355792058501662	813
0.0859621987071599	0.35723664848931	72
-0.0388718089373701	0.966734608506041	72
0.0867778469752101	0.355792058501662	17
0.08072117175836	0.353442487812182	17
-0.10025687855568	1.6575865416665	33
0.08568879911581	0.787092715146763	37
-0.0870048830243599	0.621029218978779	37
-0.10388732378718	1.63122687751808	37
0.08899332036748	0.351987418753263	41
0.07986225393948	0.353511217859612	981
0.10571846557602	1.55350174978038	84
0.08072117175836	0.353442487812182	832
0.0712029158854199	1.12132379292014	72
0.0484193121054199	1.3462678407702	72
-0.04285920964364	0.958468647675085	17
0.0837435925496599	0.352286373904616	17
0.02842407403459	0.682918786021331	17
0.08554001154562	0.357121750207972	1299
0.0239098445913299	0.665243237622292	637
0.0859621987071599	0.35723664848931	458
0.08720094621311	0.350436388922643	1773
0.09424622532556	0.792868232569493	37
0.0267259388074801	1.05340808463685	1042
-0.0860402993998901	0.616480820417971	981
0.08984697671035	0.346869790227819	12
0.0806638255219401	0.794830849750118	72
0.0859621987071599	0.35723664848931	17
0.0863842099036201	0.351828762907309	983
0.0859621987071599	0.35723664848931	33
0.08511764830228	0.351686421365815	33
0.0859621987071599	0.35723664848931	27
-0.08284253727627	0.61695772724414	1104
0.08110423217824	0.35597088188107	637
-0.02507445848162	1.46875584042326	41
0.08511764830228	0.351686421365815	981
0.0954028437222001	1.33939111582269	84
-0.0881345212181099	0.6155636769699	117
0.08554001154562	0.357121750207972	1125
-0.05082492355397	0.978242192186885	72
-0.04851812119352	0.976422087459764	72
-0.0860402993998901	0.616480820417971	72
0.08554001154562	0.357121750207972	142
-0.0496274038484701	0.981707831212911	1496
0.11972826280413	2.3901143028396	33
0.0770137366543799	1.89506760035286	33
0.0252014111516301	0.703021516927203	33
-0.0799277574500601	1.20566545942224	33
0.0221614468384299	0.701341590531614	1104
0.08635457107887	0.355678869647947	73
0.03164974280024	1.05305200718515	406
0.0256245694628301	1.04108715532115	37
0.0853508500436499	0.8013933622806	37
-0.00350524504020999	1.28149913081791	1042
0.0909827842464199	0.794860718446409	1042
-0.0900719604284099	0.618804092060113	117
-0.0881345212181099	0.6155636769699	12
0.08554001154562	0.357121750207972	813
0.0815347016979899	0.352043699849502	813
0.08554001154562	0.357121750207972	72
-0.0860402993998901	0.616480820417971	142
-0.0851108013427899	0.625779641039831	17
0.0885662235348199	0.34673927137164	17
-0.0401624949210799	2.34155972292326	546
0.0948280778955799	1.35554948111236	263
0.11205031978159	1.38579302651818	33
0.0835305662328301	1.37802463279178	33
-0.0722540303357999	1.22005926351864	140
0.0252598337439001	0.68248007079975	136
0.0867778469752101	0.355792058501662	458
0.08635457107887	0.355678869647947	136
0.08720094621311	0.350436388922643	1351
0.08511764830228	0.351686421365815	1042
0.0859621987071599	0.35723664848931	981
0.08554001154562	0.357121750207972	84
0.0867778469752101	0.355792058501662	117
0.0867778469752101	0.355792058501662	1125
0.0859621987071599	0.35723664848931	1125
0.0867778469752101	0.355792058501662	813
0.08688163324305	0.805041816322597	72
0.0863842099036201	0.351828762907309	17
0.08635457107887	0.355678869647947	17
0.0481726710872299	1.31965676226005	263
0.09297717623469	0.785084839673769	950
0.0894202380526801	0.352096613802028	55
0.0199229518125601	0.706799346788183	983
-0.04541530605468	0.986517349894866	983
0.0989642054544499	2.2626282075957	33
-0.08950798455586	0.615710211810229	33
-0.0903326016505701	0.62892338816335	33
-0.09650536232198	0.618592506456047	33
-0.0822799573256301	0.615802745175666	140
0.0885662235348199	0.34673927137164	136
0.0815347016979899	0.352043699849502	136
0.08984697671035	0.346869790227819	136
0.02495241117799	0.703880766273682	37
0.08720094621311	0.350436388922643	1042
0.08635457107887	0.355678869647947	981
0.0859621987071599	0.35723664848931	981
0.0251275285602	0.702145442683849	84
0.08072117175836	0.353442487812182	559
0.0863842099036201	0.351828762907309	72
0.0238379332612	0.703754740446967	72
0.0322624267579199	0.670813381523553	17
0.08067358118966	0.352113595115163	185
0.07908151462792	1.11999137739393	33
-0.08645009403989	1.21940803667491	33
0.02432104096869	0.693305426679145	962
-0.0222648520959501	1.97905487565569	73
-0.0873691365456499	0.625452101317025	136
0.08554001154562	0.357121750207972	136
-0.09650536232198	0.618592506456047	136
-0.0423771403063	0.967835239672939	37
0.02351241595889	1.04280568943431	1042
0.0859621987071599	0.35723664848931	981
0.08593111840664	0.350297532778869	981
-0.01549238223276	1.28968040702064	117
0.00111641258365003	1.27138483723093	117
0.08554001154562	0.357121750207972	117
0.08511764830228	0.351686421365815	1125
0.0216021394128501	0.706955034392252	72
-0.0831409003049799	0.610766029679033	72
0.0216021394128501	0.706955034392252	72
0.0867778469752101	0.355792058501662	17
0.0802918032269499	0.357407509139933	17
-0.0840280161376901	0.594317761749212	17
0.08110423217824	0.35597088188107	17
0.08511764830228	0.351686421365815	17
0.09483844365062	1.31934750487409	983
0.04606127595878	1.66962356908345	192
0.0471207046065001	1.71007867194876	1030
0.1244292970697	1.77779268040463	73
-0.07537531697911	1.23301959310504	73
-0.0851108013427899	0.625779641039831	136
0.0859621987071599	0.35723664848931	136
0.0894202380526801	0.352096613802028	136
-0.0862395574593999	0.631174105042113	1037
0.03620681556544	1.31802276243819	84
0.08554001154562	0.357121750207972	117
0.08720094621311	0.350436388922643	142
0.0171973175876701	0.682395823862038	17
0.08554001154562	0.357121750207972	17
0.0867778469752101	0.355792058501662	2566
-0.0851108013427899	0.625779641039831	546
0.02400725601443	0.704585755161447	35
-0.0875695991555201	0.619692253887167	195
0.0859621987071599	0.35723664848931	263
0.08554001154562	0.357121750207972	983
0.08110423217824	0.35597088188107	192
-0.0856750766019301	0.629964134350056	33
0.07801952160216	0.344839899598007	33
0.0867778469752101	0.355792058501662	33
-0.0313849408581	2.17913285591629	195
0.12293414783301	1.18948059212194	950
0.12321327318921	1.37980730612862	192
0.0216021394128501	0.706955034392252	1030
-0.10135262190578	1.62217835623371	962
-0.09172192589164	0.622088991993712	136
0.0859621987071599	0.35723664848931	136
0.08554001154562	0.357121750207972	981
0.08110423217824	0.35597088188107	30
0.0894202380526801	0.352096613802028	84
0.08593111840664	0.350297532778869	1125
0.08899332036748	0.351987418753263	72
0.08554001154562	0.357121750207972	72
0.0859621987071599	0.35723664848931	17
0.0508760349167601	2.00903071481886	33
0.02079546787246	0.708833611803891	136
-0.03722646328705	0.956778160789126	136
0.0193628003486199	0.701129544947733	37
0.0940309881043999	1.3657379672364	1037
-0.0229186908002299	1.47860005239287	981
0.0220801852204999	0.687783919354963	981
0.0909827842464199	0.794860718446409	981
0.0867778469752101	0.355792058501662	117
0.02489242975999	0.683780681342625	559
-0.0870048830243599	0.621029218978779	2305
0.08720094621311	0.350436388922643	565
0.0983204116946399	0.768079170040884	661
0.02023608277842	0.711366387704013	81
0.0843292283229999	0.779184531222885	136
0.12235490771302	1.15882456213667	136
0.0102168831720599	0.677094232069794	41
0.08554001154562	0.357121750207972	1037
0.02079546787246	0.708833611803891	30
0.08720094621311	0.350436388922643	12
0.08720094621311	0.350436388922643	835
0.0815347016979899	0.352043699849502	72
0.08720094621311	0.350436388922643	642
0.0891206179886099	0.795978444021283	661
0.0894202380526801	0.352096613802028	136
0.08635457107887	0.355678869647947	84
-0.0854756423146901	0.617800241724817	84
0.08635457107887	0.355678869647947	117
-0.0856750766019301	0.629964134350056	1125
0.0330685138610001	0.670420472331388	1125
0.0867778469752101	0.355792058501662	72
0.0859621987071599	0.35723664848931	72
0.08720094621311	0.350436388922643	17
0.02489242975999	0.683780681342625	33
0.08409360705864	0.795174423225563	33
0.02127988580486	1.0515177624891	637
-0.0903326016505701	0.62892338816335	136
0.02825399250612	1.04289567480256	136
0.0867778469752101	0.355792058501662	41
-0.07020605238428	1.20870617128213	1037
0.0815347016979899	0.352043699849502	901
-0.0794860595315099	1.22219462862511	871
0.02945462718617	0.674257975481317	981
-0.06989910712656	1.22369311736491	30
0.08635457107887	0.355678869647947	84
0.0887748381989499	1.34127636874892	559
0.0238379332612	0.703754740446967	1125
-0.0834053223570901	0.615637061214785	72
0.0859621987071599	0.35723664848931	72
0.0867778469752101	0.355792058501662	2244
-0.0820152222085799	0.616154963453901	590
-0.0906361424108899	0.618746767151707	642
0.08883855410313	1.35460702271715	637
-0.0370450793819901	1.6724220564956	637
0.0489826193647001	1.31302723714165	73
-0.0499713996876101	0.980612513052656	637
-0.0748663813034101	1.20666474059663	136
-0.0962959665308101	1.45000547087338	1352
-0.0854546682620601	1.46423152709473	1037
-0.0848070097589799	1.2292057145422	559
0.02128960717136	0.694237975108062	326
0.0867778469752101	0.355792058501662	12
0.08899332036748	0.351987418753263	12
-0.0875695991555201	0.619692253887167	2241
0.0867778469752101	0.355792058501662	590
0.08899332036748	0.351987418753263	642
-0.0110893923442901	1.27681911777421	55
-0.0475829042529901	0.964322723795894	33
0.0915683469767501	0.793902219528091	136
-0.0903326016505701	0.62892338816335	41
0.08110423217824	0.35597088188107	41
0.08417774668827	0.348452703172148	41
0.0750110312308101	0.34948213637977	41
0.0950685789037999	0.791102972819712	84
-0.0427160467918899	0.962313031586485	84
-0.01449259491379	1.26113679282882	559
-0.0416586864888699	0.985745133510673	1125
-0.09172192589164	0.622088991993712	72
0.08110423217824	0.35597088188107	1384
0.08720094621311	0.350436388922643	1322
0.0221614468384299	0.701341590531614	2241
0.07986225393948	0.353511217859612	642
0.08554001154562	0.357121750207972	642
0.0802918032269499	0.357407509139933	964
-0.0210284669290699	2.12997956634772	55
0.08509619916016	0.788303670463901	33
-0.0614397862082901	2.0032408236729	73
0.0812558583938101	0.798997017387518	81
-0.0306133524233301	1.64364640625058	73
-0.07754559408367	1.24649893473118	136
-0.07950889915238	1.40848860414062	41
0.0894202380526801	0.352096613802028	1058
0.0894202380526801	0.352096613802028	342
0.0894202380526801	0.352096613802028	72
0.08635457107887	0.355678869647947	12
0.08635457107887	0.355678869647947	72
0.0859621987071599	0.35723664848931	520
-0.0824320240784999	1.39681846276015	33
0.08077484308576	1.09530971490688	140
-0.04396793186021	0.984859295610579	2898
0.08072117175836	0.353442487812182	1058
0.0871179876130499	0.809203868576482	84
0.08635457107887	0.355678869647947	342
0.08511764830228	0.351686421365815	1079
-0.0854756423146901	0.617800241724817	418
0.08554001154562	0.357121750207972	12
0.0867778469752101	0.355792058501662	72
0.08554001154562	0.357121750207972	12
0.08554001154562	0.357121750207972	1
0.08635457107887	0.355678869647947	142
0.0867778469752101	0.355792058501662	642
0.08554001154562	0.357121750207972	964
0.04403355078945	2.25553905125983	33
-0.0324611776286601	1.47593726561508	33
-0.0423771403063	0.967835239672939	140
-0.00679450989276997	1.21746507390804	140
0.12487919511139	1.13240646458402	2418
-0.0842513450687901	1.45311539082981	136
0.01631919995928	0.697508693876274	136
0.0863842099036201	0.351828762907309	10
0.09526734771017	0.771267173843549	84
-0.08884410729847	1.43399935056849	84
-0.0079184745646399	1.30707824229623	559
0.0867778469752101	0.355792058501662	418
0.08593111840664	0.350297532778869	418
0.08072117175836	0.353442487812182	12
0.0867778469752101	0.355792058501662	72
0.0241464568988501	0.691597188882022	12
0.0224091210725901	0.691879553397497	523
-0.0906361424108899	0.618746767151707	590
0.08635457107887	0.355678869647947	17
0.08635457107887	0.355678869647947	1165
0.0885662235348199	0.34673927137164	590
0.0780333180649699	1.13708670287398	73
-0.0854756423146901	0.617800241724817	136
0.0895748261737801	0.792023972665121	136
0.0287342363348999	0.698124906188002	136
-0.0816201281806399	1.23492938959836	84
0.08635457107887	0.355678869647947	84
0.08635457107887	0.355678869647947	857
0.08554001154562	0.357121750207972	1079
0.08554001154562	0.357121750207972	626
0.08554001154562	0.357121750207972	142
0.07986225393948	0.353511217859612	590
-0.01005300170835	2.37054745851471	263
-0.0396039201304299	1.66587722043415	33
-0.0445343972038501	2.48289218523881	637
0.09419944844663	1.79632978879829	81
0.0155123789479299	0.699312745969347	136
0.0247380756431701	1.07770616223072	136
0.0155123789479299	0.699312745969347	136
0.0863842099036201	0.351828762907309	136
-0.0851108013427899	0.625779641039831	30
-0.0903326016505701	0.62892338816335	30
0.0894202380526801	0.352096613802028	432
0.08635457107887	0.355678869647947	686
-0.0866051623261299	0.612401213177274	686
0.0232803803484301	0.700324101417774	866
-0.0921040341107899	0.604358014079979	626
0.0867778469752101	0.355792058501662	142
0.0867778469752101	0.355792058501662	523
0.0859621987071599	0.35723664848931	178
0.08511764830228	0.351686421365815	590
0.08067358118966	0.352113595115163	1843
0.08840307160744	0.783177299493724	922
0.02048289204664	0.709418809051534	2418
-0.0461299836134801	0.983761029663128	2418
0.0994960200200099	0.764257831624711	1030
0.08110423217824	0.35597088188107	73
0.07538336321367	0.348308282244291	73
-0.0914608577731899	0.632108105324877	73
0.0867778469752101	0.355792058501662	136
0.0867487484660701	0.798967246737553	136
0.08072117175836	0.353442487812182	136
0.0940107190570001	0.779742661128198	12
-0.0928506928053201	0.61881718200679	866
-0.0784228266264999	0.596281410075843	415
0.08110423217824	0.35597088188107	142
-0.08644037268085	0.619862369426233	293
-0.0870521662766299	0.617039068443576	590
0.0863842099036201	0.351828762907309	964
0.10125317926195	1.32844559626589	33
-0.0782888109689599	1.23873463426811	1102
0.0808598887736001	1.11942079786763	1102
-0.0392729854745999	0.945375820231551	73
0.02495241117799	0.703880766273682	136
-0.0876163523790301	0.6138736618902	41
0.08554001154562	0.357121750207972	41
0.01438802362196	0.693248089529072	41
-0.0906361424108899	0.618746767151707	1305
-0.0856750766019301	0.629964134350056	84
0.08635457107887	0.355678869647947	84
-0.0100173410253399	1.27451835962023	84
0.0802918032269499	0.357407509139933	117
0.0859621987071599	0.35723664848931	117
0.0867778469752101	0.355792058501662	117
-0.0870048830243599	0.621029218978779	117
0.08984697671035	0.346869790227819	432
0.07986225393948	0.353511217859612	686
0.08635457107887	0.355678869647947	72
0.0802918032269499	0.357407509139933	12
0.0848809444960199	0.792423412783796	12
-0.0870521662766299	0.617039068443576	859
0.08720094621311	0.350436388922643	859
0.08554001154562	0.357121750207972	859
0.07986225393948	0.353511217859612	230
0.0867778469752101	0.355792058501662	530
0.08247709947848	1.14158031046943	2418
-0.0848528947842999	1.46026492237144	1102
0.04475491857446	1.30699802643669	73
-0.0867484748408001	0.614797476100846	2246
-0.07537531697911	1.23301959310504	81
0.0258313777494701	1.03721517732172	73
-0.01299307175053	1.28958671901024	136
0.0936593854214101	0.791752236524761	23
-0.0903326016505701	0.62892338816335	1286
-0.08644037268085	0.619862369426233	431
0.0859621987071599	0.35723664848931	432
0.0863842099036201	0.351828762907309	1
0.08635457107887	0.355678869647947	530
0.00356420598974005	1.67724269875013	33
0.0579208473158901	1.289268275698	2418
-0.0845467315382999	0.61567377471376	136
-0.0856750766019301	0.629964134350056	136
-0.0876163523790301	0.6138736618902	432
0.0859621987071599	0.35723664848931	12
0.08635457107887	0.355678869647947	12
-0.0496274038484701	0.981707831212911	415
0.0787050262962199	0.756523340981338	859
0.08899332036748	0.351987418753263	964
0.0279391526519099	1.50378782011191	2418
-0.0906361424108899	0.618746767151707	1603
0.08635457107887	0.355678869647947	1286
-0.0914608577731899	0.632108105324877	84
0.0918974504415599	0.774117014453824	84
0.08368978766866	1.13703894313135	84
0.08110423217824	0.35597088188107	1204
0.0859621987071599	0.35723664848931	12
0.08899332036748	0.351987418753263	1
0.07986225393948	0.353511217859612	1
0.0859621987071599	0.35723664848931	178
0.08554001154562	0.357121750207972	590
0.0859621987071599	0.35723664848931	829
0.05428005686633	1.27432749176447	55
-0.0822799573256301	0.615802745175666	73
0.0889890663752899	0.788790043454118	41
0.08511764830228	0.351686421365815	10
0.0859621987071599	0.35723664848931	10
0.02023608277842	0.711366387704013	4
0.0859621987071599	0.35723664848931	432
0.09624209781196	0.787048918578477	415
0.08554001154562	0.357121750207972	859
0.0263157360188	0.698696783066224	1
-0.0795062468613199	1.24182403164022	950
-0.0100173410253399	1.27451835962023	55
0.0909637641845899	0.805080373067946	55
0.07800404845908	0.785430611210103	55
0.0328207162313601	0.669879389479936	55
0.0374462635288999	1.71525968427585	1102
-0.0373441828008201	0.94690285621767	73
-0.0906361424108899	0.618746767151707	73
-0.09258993912258	0.619407277867785	13
-0.0032479482758101	1.28582779078906	13
0.0859621987071599	0.35723664848931	136
0.08072117175836	0.353442487812182	136
-0.01137377374219	1.29085742495148	309
-0.0113380219377399	1.83984811617901	10
0.0812558583938101	0.798997017387518	84
0.0867778469752101	0.355792058501662	80
0.0863842099036201	0.351828762907309	1456
0.08984697671035	0.346869790227819	12
-0.04564631755875	0.940528407825741	65
0.12092425761807	0.864593869315543	12
0.08554001154562	0.357121750207972	293
0.03137761783229	1.04857721224561	732
0.0745742023431799	0.34965580639375	178
0.08554001154562	0.357121750207972	964
-0.0769362076295099	1.25195495778851	45
0.08720094621311	0.350436388922643	555
0.0257586781650601	0.702006140494017	73
0.0867778469752101	0.355792058501662	23
-0.0866051623261299	0.612401213177274	23
0.08511764830228	0.351686421365815	1495
0.08554001154562	0.357121750207972	2265
0.0270596467045701	0.687501683876013	65
0.02817624964109	0.697004128986084	859
-0.0497312213565899	0.96995089460653	950
0.0116666273110499	0.657046915557352	55
0.0412810025819501	2.27699561830699	55
-0.02874817134333	1.45699378537895	637
0.0859621987071599	0.35723664848931	136
0.0894202380526801	0.352096613802028	136
0.02817624964109	0.697004128986084	23
0.0944814658281501	0.789992999187577	23
-0.0868042440593899	0.629769731935243	30
0.0940107190570001	0.779742661128198	84
-0.11030248714605	1.79549638603778	65
0.07986225393948	0.353511217859612	964
0.0863842099036201	0.351828762907309	964
0.0913306974402499	0.789083878817612	263
0.0263157360188	0.698696783066224	55
-0.0268590715035	1.98390131591713	192
0.0191166799325899	0.708673093023593	55
0.0248167834491799	1.0510410642929	55
0.0815347016979899	0.352043699849502	13
-0.0864881862454501	0.617095767628753	30
0.08110423217824	0.35597088188107	432
-0.0923595357076299	0.606938736223689	2265
0.08635457107887	0.355678869647947	1009
-0.0467298052980101	0.980454656787225	65
0.09121652010438	1.57696681550136	65
0.07603680491475	1.1426394303603	65
-0.0322710427414199	1.48975526284968	12
0.0191166799325899	0.708673093023593	24
0.08635457107887	0.355678869647947	79
0.0859621987071599	0.35723664848931	1
0.09344432550849	1.56624174142181	45
0.0236582689734499	1.89388169883632	55
-0.0787116915077599	1.22882226059469	55
0.0210426211978001	0.709474969648677	55
0.0243952768227	0.704900564774626	55
0.03225553766754	1.05089981108328	73
-0.09904569787591	0.585553098870855	136
0.08635457107887	0.355678869647947	13
0.0105388461033999	0.669370524316712	30
-0.07020605238428	1.20870617128213	4
0.0863842099036201	0.351828762907309	4
0.0859621987071599	0.35723664848931	256
0.0859621987071599	0.35723664848931	964
0.074065014781	1.09846692894981	55
-0.0851108013427899	0.625779641039831	55
-0.0843469450921699	0.612671128407819	13
-0.0421671833866	0.971916033992176	10
0.11979098683028	1.43791478828735	241
-0.09928485628049	1.62999550779117	241
-0.0644488492105499	2.00692147560364	241
0.0859621987071599	0.35723664848931	4
0.0802918032269499	0.357407509139933	338
-0.07510946121169	1.24828824245542	65
-0.01442160515633	1.36432151999743	65
0.0859621987071599	0.35723664848931	964
0.02023608277842	0.711366387704013	263
0.0304069390642601	0.687753897410351	263
0.0853290994448901	0.79930094906931	55
-0.0460111787666	0.987687525717376	55
0.08899332036748	0.351987418753263	13
0.0867778469752101	0.355792058501662	309
0.0508673580386001	1.33620928497108	309
-0.0868042440593899	0.629769731935243	30
0.0859621987071599	0.35723664848931	635
0.08899332036748	0.351987418753263	65
0.0191166799325899	0.708673093023593	65
0.0802918032269499	0.357407509139933	256
0.0210426211978001	0.709474969648677	263
0.02023608277842	0.711366387704013	55
0.0157569949138701	0.696072245825615	73
0.08554001154562	0.357121750207972	13
0.0815347016979899	0.352043699849502	13
0.08899332036748	0.351987418753263	23
0.0859621987071599	0.35723664848931	23
0.0863842099036201	0.351828762907309	4
0.0889431881592699	1.35159164852588	65
-0.0999866449428899	1.97496477293519	859
-0.0449310602303401	0.981072267984645	24
-0.0814526908493101	0.615002111111108	79
-0.03445827174072	0.940870843841314	263
0.03015757410969	0.667582418747398	263
0.08025772764312	0.778836785342521	396
0.01089581195663	0.969387137384657	55
0.08326614182784	0.800935387981282	55
0.0859621987071599	0.35723664848931	13
0.0815347016979899	0.352043699849502	562
0.0390159066848801	2.34406345173986	309
0.02320103576901	0.695680159634985	4
0.08554001154562	0.357121750207972	1256
-0.0814526908493101	0.615002111111108	2543
0.08511764830228	0.351686421365815	2543
-0.0928506928053201	0.61881718200679	13
0.0198143018655399	1.53177002194563	23
-0.0721541067879501	1.19702619328355	23
0.08635457107887	0.355678869647947	635
0.0867778469752101	0.355792058501662	635
0.0802918032269499	0.357407509139933	635
0.02513813276586	1.0257040617228	65
-0.0862395574593999	0.631174105042113	1025
0.0256245694628301	1.04108715532115	396
0.0168811922755601	0.696129793000797	55
0.0263157360188	0.698696783066224	55
-0.0870048830243599	0.621029218978779	55
-0.04635266823077	0.98399760710021	55
-0.0462663664326299	0.967259160839017	55
0.08183841277728	1.10978544588582	55
0.09714385712369	0.76406370316364	55
0.0152675912264	0.686046910486739	55
0.0913306974402499	0.789083878817612	81
0.0277262448797999	1.50825814798999	4
0.08635457107887	0.355678869647947	12
0.02351776235342	1.0741061298025	65
0.0246439348335299	0.701883429352783	79
0.0750110312308101	0.34948213637977	457
0.08511764830228	0.351686421365815	457
-0.0785765236935101	1.22863166868952	45
0.12350504594672	1.37450907631716	45
0.0280875235566	0.676918842302602	396
-0.04067890437744	0.962761734785237	55
0.0534207477915101	1.29124364018845	55
0.0863842099036201	0.351828762907309	13
-0.0856750766019301	0.629964134350056	13
0.08720094621311	0.350436388922643	309
-0.09480545450464	1.42831386685814	30
0.08984697671035	0.346869790227819	4
0.0863842099036201	0.351828762907309	635
0.08635457107887	0.355678869647947	1
0.0936593854214101	0.791752236524761	55
0.0340129245776399	1.02095621316517	55
-0.0358841726143599	2.15992014178048	81
0.07801952160216	0.344839899598007	73
-0.0908966266307201	0.632179419989469	13
0.08554001154562	0.357121750207972	13
0.08072117175836	0.353442487812182	362
-0.08731229818293	0.617891497962559	362
0.0279406768294299	1.0431910145372	13
0.0802918032269499	0.357407509139933	309
0.08899332036748	0.351987418753263	12
0.0802918032269499	0.357407509139933	12
0.0301659838475601	1.05047015840375	65
-0.037088940129	0.967307043471156	65
0.02232526105196	0.684593862566216	65
-0.0888260724102901	1.44021057614213	12
0.0894202380526801	0.352096613802028	2982
0.02264071623695	0.693189699054351	79
0.0244831098021601	1.06682843834644	55
0.0439443589609501	1.71922489477086	81
-0.0856750766019301	0.629964134350056	362
-0.0868042440593899	0.629769731935243	362
0.0859621987071599	0.35723664848931	23
0.0867778469752101	0.355792058501662	309
0.0893900437302999	0.774775054795667	241
0.0859621987071599	0.35723664848931	494
-0.0843090899657399	1.2076471199257	12
0.08635457107887	0.355678869647947	457
0.08720094621311	0.350436388922643	1
-0.0390204585829601	0.952256929579431	55
-0.0754159642144501	1.24466441643487	73
0.0459524957447699	1.31530446962811	55
-0.08644037268085	0.619862369426233	13
0.02681233791537	0.685064624322974	13
0.0859621987071599	0.35723664848931	13
0.03058357629853	1.05709424334546	44
-0.0421220370688999	0.967494105627239	2005
0.08110423217824	0.35597088188107	23
-0.0856750766019301	0.629964134350056	12
0.0859621987071599	0.35723664848931	494
0.0865291790967799	0.809108657952244	65
-0.0210376256777101	1.44099167756343	65
0.0198483831998	1.06330302075787	65
0.08554001154562	0.357121750207972	457
0.08511764830228	0.351686421365815	457
0.0867778469752101	0.355792058501662	457
0.0859621987071599	0.35723664848931	308
0.02228617434423	1.47982905677817	81
0.08635457107887	0.355678869647947	13
-0.0831409003049799	0.610766029679033	13
0.08554001154562	0.357121750207972	736
0.0255602574085501	1.03707850000052	241
0.0867778469752101	0.355792058501662	236
-0.03333792348638	0.925619253483786	65
0.02048289204664	0.709418809051534	65
0.0254502484808701	0.686999618160133	65
0.0802918032269499	0.357407509139933	24
0.0205481483852299	0.690988164119515	55
-0.0856750766019301	0.629964134350056	55
0.08720094621311	0.350436388922643	55
0.07986225393948	0.353511217859612	636
0.0184663565172201	0.68309890255502	55
0.0230322442015301	0.691498593632662	55
0.08072117175836	0.353442487812182	362
-0.0910437104939401	1.41564871194426	925
0.02400725601443	0.704585755161447	925
-0.0973275814206001	0.609134654582718	44
0.0863842099036201	0.351828762907309	309
0.0298309333578499	1.04503063985265	309
0.08553682410089	1.362924428426	623
-0.0897687826881299	0.619482112062155	79
0.08554001154562	0.357121750207972	2543
0.01825036820488	0.677382760039957	45
0.02079546787246	0.708833611803891	396
-0.0510792695837401	0.962580889789504	55
0.08072117175836	0.353442487812182	636
-0.09579316982953	1.74363116726434	238
0.01967648684737	0.71130858208893	55
0.0802918032269499	0.357407509139933	2218
-0.0849111909268401	0.616644350818079	925
0.0191166799325899	0.708673093023593	925
0.0243952768227	0.704900564774626	166
0.0859621987071599	0.35723664848931	236
0.0255602574085501	1.03707850000052	12
0.0802918032269499	0.357407509139933	12
0.08554001154562	0.357121750207972	12
0.08110423217824	0.35597088188107	457
-0.0167659271204601	1.84898457205146	45
0.11639951653641	1.38122664460939	55
0.000233349007429995	1.26400368579058	55
0.0913306974402499	0.789083878817612	324
0.0265050012286701	1.5231782198962	55
0.0802918032269499	0.357407509139933	13
-0.09736091002849	1.63367534301219	44
0.0189657048310199	1.04216887757123	23
-0.0849111909268401	0.616644350818079	30
-0.0914608577731899	0.632108105324877	30
0.08593111840664	0.350297532778869	12
-0.0457561278791401	0.988491389381619	236
0.0803375500052499	1.13015828230973	12
0.08635457107887	0.355678869647947	79
0.0916771089873301	0.76146614054494	55
0.08635457107887	0.355678869647947	55
0.0167906523631001	0.661835461641399	324
0.02929201337316	0.697118999051136	636
-0.0856750766019301	0.629964134350056	13
-0.0914608577731899	0.632108105324877	13
-0.0873662642089501	1.22267850779053	623
0.0707139260471401	1.51670809217204	623
0.0820738071531899	0.785967798173569	65
0.08554001154562	0.357121750207972	209
0.0815347016979899	0.352043699849502	79
0.0252014111516301	0.703021516927203	79
0.0909637641845899	0.805080373067946	55
0.0670503106632501	1.52645126156968	55
-0.0868042440593899	0.629769731935243	55
0.08735408563323	0.803149656794164	238
0.08554001154562	0.357121750207972	362
0.0859621987071599	0.35723664848931	23
0.08554001154562	0.357121750207972	23
0.0835015070777301	0.796406225178223	49
0.08417774668827	0.348452703172148	1642
0.08593111840664	0.350297532778869	308
-0.0903326016505701	0.62892338816335	55
0.02307004884473	1.86040435449212	55
-0.0532250364443101	0.965989340630662	59
0.0191166799325899	0.708673093023593	636
0.09342438764116	0.780674768911666	55
0.0257586781650601	0.702006140494017	73
0.08509619916016	0.788303670463901	13
0.03009843433412	0.68623763569735	23
-0.0934153859453	0.609869945727091	23
0.08592221319991	0.800702467264319	30
0.0297020886326	1.06478774669444	30
0.08072117175836	0.353442487812182	887
0.08720094621311	0.350436388922643	79
0.0950685789037999	0.791102972819712	174
0.08554001154562	0.357121750207972	174
0.07985781667154	1.14671880067448	55
0.09254521130253	1.37698937269479	55
0.08899332036748	0.351987418753263	73
-0.0860402993998901	0.616480820417971	362
-0.0814526908493101	0.615002111111108	400
0.08617521021639	0.795577430908609	23
0.0802918032269499	0.357407509139933	309
0.08635457107887	0.355678869647947	49
0.0487517992367901	1.32719320376405	65
0.0335527394273401	1.02383090264587	65
0.0802918032269499	0.357407509139933	79
0.06149090524518	1.73626252539394	45
0.0277161702336	1.44854958141878	55
0.08139417280366	1.14115851969948	55
0.0954191985183801	0.788799103710202	324
-0.0487734956727599	0.984109460917293	13
0.08635457107887	0.355678869647947	115
-0.0908966266307201	0.632179419989469	23
-0.03802304600684	0.964530485399149	1734
0.0253741554581699	0.693553119915076	24
0.08635457107887	0.355678869647947	24
0.0859621987071599	0.35723664848931	24
0.08899332036748	0.351987418753263	79
0.08110423217824	0.35597088188107	79
0.08720094621311	0.350436388922643	174
-0.0715423763166201	1.19269750866846	328
0.02248491480596	2.00302852109299	328
-0.0969180428163201	1.45035703339462	45
0.0907285644511799	0.787601799617887	55
-0.08980749464972	1.43396872173301	55
0.0198483831998	1.06330302075787	55
0.04349760663011	1.32497311223878	55
0.0257586781650601	0.702006140494017	59
0.0252598337439001	0.68248007079975	324
0.07986225393948	0.353511217859612	324
0.0867778469752101	0.355792058501662	23
0.08554001154562	0.357121750207972	23
0.08984697671035	0.346869790227819	23
0.08635457107887	0.355678869647947	49
0.0514079945841299	1.68963327406613	30
-0.0400502823006801	1.78963806287042	65
0.0466202863463701	1.33207516670648	65
0.02440182098038	1.06634702982092	65
0.08635457107887	0.355678869647947	24
-0.0856750766019301	0.629964134350056	174
0.0802918032269499	0.357407509139933	174
0.0293682673378399	1.06766918976294	45
0.0954191985183801	0.788799103710202	55
0.0857047987181401	0.807281603664307	324
-0.0822799573256301	0.615802745175666	557
-0.000372719015959921	1.26619284064647	13
0.08067358118966	0.352113595115163	23
0.08110423217824	0.35597088188107	23
0.0758213062769899	0.348135022331946	1287
0.10581032747006	1.98041805373523	309
0.0750110312308101	0.34948213637977	236
0.0235807734121301	1.05296069530379	236
0.09202376693215	0.790252976912481	65
0.0859621987071599	0.35723664848931	79
0.0859621987071599	0.35723664848931	79
0.08635457107887	0.355678869647947	174
0.08072117175836	0.353442487812182	2801
0.0692575559437301	1.10456218960313	328
-0.08818074469694	0.605048879524248	362
0.08110423217824	0.35597088188107	362
-0.101685048217	2.16390504308316	309
0.0859621987071599	0.35723664848931	30
0.08635457107887	0.355678869647947	30
0.07986225393948	0.353511217859612	810
-0.08844056295058	0.614661424305528	238
0.0907456415377199	0.792177762675997	238
-0.0922660109818401	1.6465252806762	557
0.0269657975514199	0.674571385068444	362
0.08899332036748	0.351987418753263	23
-0.0198825934851301	1.46610359234023	236
0.0867778469752101	0.355792058501662	236
-0.0306299909065499	1.60318858350593	1966
0.0232680198787201	1.06627314287259	24
0.08635457107887	0.355678869647947	472
-0.0842513450687901	1.45311539082981	55
-0.02282241294478	1.48191431401411	238
0.01094480588716	2.37414572712861	81
-0.04204380330845	0.952914270381815	13
0.02929201337316	0.697118999051136	115
0.0921536750351299	0.79078911738727	44
-0.06778275612525	1.21018484056792	49
-0.0860402993998901	0.616480820417971	49
0.0936593854214101	0.791752236524761	241
-0.0866051623261299	0.612401213177274	30
0.0750110312308101	0.34948213637977	236
0.08635457107887	0.355678869647947	236
0.06738898371483	1.1104324159827	65
0.01923892743638	1.06303230669038	65
0.0298309333578499	1.04503063985265	1966
-0.04110425117355	1.67404117349597	1966
0.08511764830228	0.351686421365815	24
0.08511764830228	0.351686421365815	24
0.08593111840664	0.350297532778869	24
0.0243952768227	0.704900564774626	472
0.08554001154562	0.357121750207972	79
-0.00746590179953999	1.22354203512648	81
-0.03827728329839	0.969364816872514	115
0.08594013329731	0.806580172492629	236
0.0986737807378999	0.756218802694647	30
0.0152675912264	0.686046910486739	810
-0.0849111909268401	0.616644350818079	236
0.08899332036748	0.351987418753263	308
0.08635457107887	0.355678869647947	308
-0.09650536232198	0.618592506456047	308
0.0859621987071599	0.35723664848931	308
0.0867778469752101	0.355792058501662	308
0.12029619605865	1.81740582358638	45
-0.09686253708647	1.65927685023695	238
0.02534930618405	1.03885700684723	238
-0.0110625567228999	1.40618493610971	23
0.07986225393948	0.353511217859612	44
0.0435489396311399	1.34320925364396	746
0.08635457107887	0.355678869647947	236
0.08511764830228	0.351686421365815	236
0.07986225393948	0.353511217859612	102
-0.0868042440593899	0.629769731935243	65
0.0771051493952299	1.1315597838238	65
0.02817624964109	0.697004128986084	1966
0.0859621987071599	0.35723664848931	308
-0.0914608577731899	0.632108105324877	502
0.0698884207655199	1.45389346477371	59
-0.03421857972953	1.45551030235448	238
-0.0863351542661901	1.45389317139324	81
-0.0726220341022299	1.20759342751057	362
0.0263903105124099	1.07246988868471	23
0.0800534903958501	0.771283782425461	23
0.02761805314618	0.69363933078627	23
-0.04456375986301	0.988931993810139	746
0.09632271221324	0.756063306264107	49
-0.0856750766019301	0.629964134350056	30
0.0802918032269499	0.357407509139933	236
0.08554001154562	0.357121750207972	236
0.0863842099036201	0.351828762907309	236
0.0867778469752101	0.355792058501662	364
-0.0914608577731899	0.632108105324877	65
-0.0868042440593899	0.629769731935243	65
0.0802918032269499	0.357407509139933	24
0.0867778469752101	0.355792058501662	113
0.0802918032269499	0.357407509139933	308
-0.0640034224780199	2.01935918560682	55
0.02821377725323	1.06920989991766	59
-0.10132341831107	2.26606139238499	59
0.09407330905345	1.03416563610592	238
-0.00880795004119994	1.28358968291364	81
-0.10342839208417	1.41725986708186	81
0.0921536750351299	0.79078911738727	362
0.0570020705918199	1.29257603235323	23
-0.04310720791206	0.983515854827622	23
-0.0514240426341499	0.971636306022576	23
0.0115885587134601	0.678730141775671	236
0.08593111840664	0.350297532778869	236
0.08511764830228	0.351686421365815	24
0.04601377605373	1.71516931921686	81
0.0995979181331601	2.28449407548305	81
0.03252808183579	1.04553733474322	115
0.08473574518019	0.795100595405053	362
0.0812634886580601	1.13568978731585	23
0.0573237161306199	1.28774870137264	1419
0.0908694855555301	0.762734990938084	1419
0.08554001154562	0.357121750207972	236
0.08593111840664	0.350297532778869	236
0.08899332036748	0.351987418753263	24
0.07986225393948	0.353511217859612	24
0.0859621987071599	0.35723664848931	24
0.08554001154562	0.357121750207972	535
-0.09292056811955	1.43935589081118	59
-0.0186916800302099	1.47267194202858	81
0.05150917967083	1.33005954301629	13
-0.0782747158159101	1.23318132444958	23
-0.01012503323667	1.2818223946204	236
0.0894202380526801	0.352096613802028	236
0.08720094621311	0.350436388922643	236
-0.08644037268085	0.619862369426233	236
0.08635457107887	0.355678869647947	236
0.08635457107887	0.355678869647947	236
-0.0875695991555201	0.619692253887167	364
0.08635457107887	0.355678869647947	1117
0.0243952768227	0.704900564774626	12
0.0802918032269499	0.357407509139933	24
0.08899332036748	0.351987418753263	113
0.08187040947364	1.1399425735999	145
-0.0742185167426099	2.46535201249156	23
0.0867778469752101	0.355792058501662	23
0.0926334699604101	1.34219931165818	643
0.0802918032269499	0.357407509139933	2935
-0.0418670747937899	0.955107719633382	12
-0.0789853629145201	0.595080242630627	12
0.0815347016979899	0.352043699849502	24
0.08511764830228	0.351686421365815	113
0.0802918032269499	0.357407509139933	258
-0.0309632346087101	1.47715511785921	55
0.0735045890308299	2.07210658213037	238
0.0224091210725901	0.691879553397497	238
-0.04550121421799	0.976450107077633	81
0.0867778469752101	0.355792058501662	362
-0.0862395574593999	0.631174105042113	362
0.08110423217824	0.35597088188107	362
0.0867778469752101	0.355792058501662	362
0.0936593854214101	0.791752236524761	362
0.02456749793208	0.704638102756207	362
0.08110423217824	0.35597088188107	23
0.0640915484675499	1.51140463302978	23
0.0863842099036201	0.351828762907309	23
0.0538056419616599	1.65557747656433	746
0.08635457107887	0.355678869647947	236
0.08554001154562	0.357121750207972	236
0.0252014111516301	0.703021516927203	600
-0.10550216003937	0.585269127731769	113
0.06085174224658	2.33227815999418	238
-0.0141953606706999	2.33220300687117	81
-0.00670712556424991	1.30807203290033	362
0.0260078576532801	0.688065232146453	23
0.0903969866754699	0.793742931359669	49
-0.10124965822164	0.594662965349542	236
-0.0868042440593899	0.629769731935243	236
0.08720094621311	0.350436388922643	65
0.08720094621311	0.350436388922643	24
0.0784611953538401	0.344667320052681	24
0.08511764830228	0.351686421365815	1302
0.0859621987071599	0.35723664848931	535
0.08554001154562	0.357121750207972	258
0.10114934738115	2.35593470852854	324
0.08072117175836	0.353442487812182	690
0.10631229856804	1.95227270048167	362
0.0601859238271501	1.55001510401742	362
-0.0961963127793	0.609158553986361	23
-0.0822799573256301	0.615802745175666	23
0.0290433328311901	0.685234931572618	49
-0.0449044810221999	0.980857222637372	236
0.0240862490656	0.6984732521364	24
-0.0862395574593999	0.631174105042113	258
0.0221709863481601	1.86186669994851	141
0.0635180838410001	1.49715443653508	59
0.08605723375451	0.790260654404941	324
0.0554246012578901	1.3003459975241	73
-0.0539191179541001	0.946125525203861	362
0.08554001154562	0.357121750207972	23
0.0638197796591999	1.53273217948426	1419
0.0082401465317401	1.69573066778223	1419
-0.0868042440593899	0.629769731935243	49
-0.0860402993998901	0.616480820417971	236
0.07226888070393	1.12301721099431	236
0.08187040947364	1.1399425735999	236
0.08720094621311	0.350436388922643	643
0.08554001154562	0.357121750207972	236
0.0815347016979899	0.352043699849502	662
0.0867778469752101	0.355792058501662	662
0.08899332036748	0.351987418753263	24
0.08511764830228	0.351686421365815	1796
0.0147058661569299	0.687380748532258	141
0.0871179876130499	0.809203868576482	59
-0.0807027274733401	1.23446821657741	13
0.0195108794566501	1.06656861448698	362
-0.0735898227549401	1.230904177053	23
0.0320588083694899	1.49916555156117	267
0.0867778469752101	0.355792058501662	236
0.0918057407853701	0.78909727487012	236
0.0215083833160301	1.03978990502631	236
0.08554001154562	0.357121750207972	600
0.08635457107887	0.355678869647947	24
0.08593111840664	0.350297532778869	24
0.0232680198787201	1.06627314287259	238
-0.080409221399	1.21008366155303	362
0.08072117175836	0.353442487812182	23
0.08984697671035	0.346869790227819	23
0.0802918032269499	0.357407509139933	23
-0.0629307759615301	1.95016711779283	1419
0.0138255266436	0.682381235228093	236
0.08110423217824	0.35597088188107	1938
0.0263903105124099	1.07246988868471	236
0.0232680198787201	1.06627314287259	236
0.08554001154562	0.357121750207972	24
0.0867778469752101	0.355792058501662	12
0.0867778469752101	0.355792058501662	24
0.0867778469752101	0.355792058501662	24
0.02376114396391	0.695722704218771	24
0.08635457107887	0.355678869647947	1981
0.08720094621311	0.350436388922643	59
0.0758213062769899	0.348135022331946	23
-0.0856750766019301	0.629964134350056	23
-0.0908966266307201	0.632179419989469	23
0.08554001154562	0.357121750207972	236
0.08899332036748	0.351987418753263	236
0.09424622532556	0.792868232569493	236
0.0191166799325899	0.708673093023593	24
0.08720094621311	0.350436388922643	24
0.0833092545060601	0.348525620929045	24
-0.0764037924918599	2.16147004341889	585
0.0325098805147299	0.669425734497404	13
0.0820373418957201	1.1052083577922	1035
0.07487976293134	1.12245446516168	362
-0.10018583464676	1.9642495080624	362
0.0440970440442801	1.32408913234042	23
0.09013945989896	0.79243909835017	49
0.0288967361419601	1.02780080070688	1419
-0.0404693124923901	0.934417059569967	1419
0.08417774668827	0.348452703172148	236
0.0924849981493201	0.782850904467381	24
0.08067358118966	0.352113595115163	24
-0.0421220370688999	0.967494105627239	24
0.0230322442015301	0.691498593632662	662
0.08554001154562	0.357121750207972	24
0.0243952768227	0.704900564774626	172
0.08635457107887	0.355678869647947	258
0.08899332036748	0.351987418753263	906
0.08511764830228	0.351686421365815	308
0.11005161116378	1.52161259040088	59
0.12294621851637	1.16569832514733	13
-0.07282007561992	1.25059068563653	362
0.00395978655375995	1.68560222846531	23
0.08417774668827	0.348452703172148	300
0.08635457107887	0.355678869647947	600
0.02128960717136	0.694237975108062	24
-0.0864881862454501	0.617095767628753	24
0.0107814435356699	0.680415124093916	24
0.08593111840664	0.350297532778869	906
0.07986225393948	0.353511217859612	906
0.08511764830228	0.351686421365815	906
0.0802918032269499	0.357407509139933	308
0.0201220420008299	1.06848065862799	380
0.08417774668827	0.348452703172148	300
0.0298309333578499	1.04503063985265	300
0.08554001154562	0.357121750207972	236
0.0815347016979899	0.352043699849502	236
-0.0834053223570901	0.615637061214785	600
-0.09228620616897	0.62202873637367	906
-0.0422629968547401	0.954667864893261	23
-0.0801009803302	1.23677067085167	903
0.0867778469752101	0.355792058501662	49
0.08110423217824	0.35597088188107	348
0.08554001154562	0.357121750207972	1454
0.0859621987071599	0.35723664848931	258
0.0859621987071599	0.35723664848931	1928
-0.10449806916079	1.9296268249166	13
-0.0944878130361899	1.59601370069618	362
-0.08452850383568	1.46028822971215	23
0.00264333892094992	1.67360280502632	23
0.08720094621311	0.350436388922643	236
0.0802918032269499	0.357407509139933	236
0.02481377972016	0.693512076590471	236
0.02456749793208	0.704638102756207	236
0.0867778469752101	0.355792058501662	24
0.0252014111516301	0.703021516927203	24
0.0802918032269499	0.357407509139933	258
0.07394112049862	0.748104436315762	141
-0.00257835390660999	1.83297258739676	362
0.0397122259921401	2.03733912476534	23
-0.0912200897826201	1.63183731843437	23
0.0863842099036201	0.351828762907309	236
0.0867778469752101	0.355792058501662	236
0.02354062683474	1.05905358039826	236
-0.0873691365456499	0.625452101317025	24
-0.0908966266307201	0.632179419989469	1570
0.08899332036748	0.351987418753263	258
-0.0856750766019301	0.629964134350056	931
-0.0768893513312301	1.23901623717695	362
0.0724675559924799	1.48539293102661	362
0.0974987191787699	0.759949302402087	1128
0.0859621987071599	0.35723664848931	348
0.07869149847729	1.11456114237376	300
0.08110423217824	0.35597088188107	24
0.02909464850428	1.07165997929635	145
0.02073159202494	1.06876139410805	55
-0.0434840100937901	1.75642500793716	141
0.07985781667154	1.14671880067448	585
-0.0240126407185699	2.09966974818456	362
0.0926292207903301	0.772015286002186	236
0.12325179081525	0.868995032982481	300
0.0802918032269499	0.357407509139933	302
0.08635457107887	0.355678869647947	539
0.08540638208498	1.34291598471118	585
0.0863842099036201	0.351828762907309	23
0.0750110312308101	0.34948213637977	20
0.08635457107887	0.355678869647947	897
0.12431111356584	1.417596488162	141
-0.00518368704267003	1.84790988051231	362
-0.0814526908493101	0.615002111111108	1128
0.08720094621311	0.350436388922643	853
0.08635457107887	0.355678869647947	236
0.08635457107887	0.355678869647947	20
0.0802918032269499	0.357407509139933	539
0.0815347016979899	0.352043699849502	897
0.0212847293368299	1.06140320326601	141
0.02333040587289	1.499903616112	585
0.0234468026601	0.70200098203065	269
0.0238379332612	0.703754740446967	50
-0.0820152222085799	0.616154963453901	1128
0.0867778469752101	0.355792058501662	267
0.09121967057104	0.788003626990717	183
-0.0481749027715299	0.981223144138465	183
-0.10124965822164	0.594662965349542	853
0.0859621987071599	0.35723664848931	20
0.08067358118966	0.352113595115163	24
0.08554001154562	0.357121750207972	24
0.08554001154562	0.357121750207972	897
0.0392510069507901	1.32064159674071	145
-0.0728140213534501	1.20722600880216	141
-0.08950798455586	0.615710211810229	2478
0.0804655195980299	1.14423822018951	585
0.0193628003486199	0.701129544947733	585
-0.08787632750483	0.617834232014522	13
-0.08544485335756	1.41193110362431	362
-0.0402352522220799	1.63273110648851	362
0.0802918032269499	0.357407509139933	23
-0.02081413087086	1.42405095000838	49
0.08511602593124	0.804773354514557	300
0.08107299114322	1.1388110224756	300
0.08720094621311	0.350436388922643	236
0.0815347016979899	0.352043699849502	1644
0.08554001154562	0.357121750207972	258
-0.0817175823615801	0.611830100698017	897
0.02079546787246	0.708833611803891	2478
-0.09455271862908	0.606045124797451	2478
0.1248008122712	1.19353830868726	141
-0.09593967423584	0.620520166704934	50
-0.0047150825776201	1.26658218070624	49
-0.0914608577731899	0.632108105324877	183
-0.08587606798073	0.615845916163624	300
0.08635457107887	0.355678869647947	24
0.08593111840664	0.350297532778869	1644
0.08635457107887	0.355678869647947	236
-0.0834053223570901	0.615637061214785	24
0.0234468026601	0.70200098203065	2335
0.08635457107887	0.355678869647947	23
-0.0868042440593899	0.629769731935243	236
0.08720094621311	0.350436388922643	24
0.09297717623469	0.785084839673769	20
0.08511764830228	0.351686421365815	1787
0.08899332036748	0.351987418753263	24
0.08110423217824	0.35597088188107	258
0.09551019532269	1.93113101412164	145
0.0436177888375799	1.66700350858825	362
-0.09996111889249	2.26215241438523	23
-0.0849111909268401	0.616644350818079	290
0.0867778469752101	0.355792058501662	50
0.0867778469752101	0.355792058501662	49
0.02400725601443	0.704585755161447	1884
0.08511764830228	0.351686421365815	104
0.08511764830228	0.351686421365815	24
0.08635457107887	0.355678869647947	258
0.0867778469752101	0.355792058501662	2206
-0.0860402993998901	0.616480820417971	2335
0.00253231524315001	1.69628235532556	362
-0.0856750766019301	0.629964134350056	50
-0.0856750766019301	0.629964134350056	183
-0.0784127286694001	1.21578556801807	183
-0.0431157073516899	0.977271886479688	24
0.0859621987071599	0.35723664848931	1644
0.0859621987071599	0.35723664848931	1644
0.08067358118966	0.352113595115163	236
0.08554001154562	0.357121750207972	24
0.0859621987071599	0.35723664848931	24
0.000286684447639907	2.0019802386115	585
0.0764157428592101	1.12195664043171	585
0.0921536750351299	0.79078911738727	696
0.0863842099036201	0.351828762907309	50
0.0815347016979899	0.352043699849502	1466
-0.0391257643381799	0.953560510365725	183
0.0867778469752101	0.355792058501662	236
0.0863842099036201	0.351828762907309	300
0.08110423217824	0.35597088188107	924
0.08554001154562	0.357121750207972	924
-0.0908966266307201	0.632179419989469	20
0.0865291790967799	0.809108657952244	24
0.08110423217824	0.35597088188107	24
0.07986225393948	0.353511217859612	258
-0.07417106758618	2.32385553930038	141
0.01631919995928	0.697508693876274	269
0.0249020418355499	1.04870790428344	269
0.12114842222455	1.58233059525747	362
0.0802918032269499	0.357407509139933	290
0.0291319318849399	1.0400770618864	49
0.01799643256437	0.690951033332431	183
-0.0807027274733401	1.23446821657741	49
0.0863842099036201	0.351828762907309	49
-0.0856750766019301	0.629964134350056	236
0.0867778469752101	0.355792058501662	236
-0.0856750766019301	0.629964134350056	236
0.08720094621311	0.350436388922643	24
0.0867778469752101	0.355792058501662	718
-0.06146245107274	1.82281767380498	413
0.12426279078078	0.876250544327951	290
0.06959693043713	1.52240804383225	23
-0.0741983013788401	1.23897678116724	49
0.0954191985183801	0.788799103710202	407
0.0798056818311701	1.12183292673161	419
0.0264373873003401	1.0421979723105	419
0.08593111840664	0.350297532778869	236
-0.0870048830243599	0.621029218978779	161
-0.00759592239716	1.29846624468885	290
0.0821899187419399	1.13264162955936	50
0.0914562995077399	0.76798194972854	50
-0.09115785182895	0.618961705601459	50
-0.0404644322110801	0.986184784535494	49
-0.08844056295058	0.614661424305528	300
0.0210426211978001	0.709474969648677	419
-0.09172192589164	0.622088991993712	236
-0.09202529522229	0.628747678223887	104
0.07986225393948	0.353511217859612	24
-0.0974157478542399	1.79883939449359	585
-0.0433723409689899	0.977533403169143	585
-0.01137377374219	1.29085742495148	290
-0.0906939118572301	1.44193133339806	23
-0.0873691365456499	0.625452101317025	290
0.0859621987071599	0.35723664848931	49
0.08554001154562	0.357121750207972	419
0.0802918032269499	0.357407509139933	419
0.0859621987071599	0.35723664848931	236
-0.0870048830243599	0.621029218978779	236
0.08554001154562	0.357121750207972	236
0.08635457107887	0.355678869647947	20
0.08593111840664	0.350297532778869	24
0.0251275285602	0.702145442683849	258
0.08984588517179	2.12294785690483	141
0.0802918032269499	0.357407509139933	1466
-0.0912005306475701	0.615573971978862	1466
-0.0405978099851501	0.960993985683067	1466
0.0918974504415599	0.774117014453824	49
0.0294396337756599	1.0240166257754	49
0.0826743148779801	0.802183203596613	49
0.0815347016979899	0.352043699849502	49
0.08110423217824	0.35597088188107	407
-0.0951013127248801	1.61284606281083	49
0.0859621987071599	0.35723664848931	20
0.08511764830228	0.351686421365815	20
0.0750110312308101	0.34948213637977	1738
0.0867778469752101	0.355792058501662	20
0.08110423217824	0.35597088188107	24
0.08593111840664	0.350297532778869	161
0.08511764830228	0.351686421365815	258
0.0859621987071599	0.35723664848931	718
-0.0274569243715901	1.45581187229737	50
0.0784032077182499	1.12657106666701	882
0.09297717623469	0.785084839673769	49
-0.0881345212181099	0.6155636769699	791
-0.0861848573340001	0.605839137917604	236
0.08067358118966	0.352113595115163	341
0.08067358118966	0.352113595115163	1738
0.0867778469752101	0.355792058501662	64
0.0859621987071599	0.35723664848931	24
-0.0906361424108899	0.618746767151707	161
0.0859621987071599	0.35723664848931	161
0.0588431967091001	1.2704811921179	141
0.0719329040099299	1.75165776048606	141
0.0907285644511799	0.787601799617887	49
0.0252014111516301	0.703021516927203	49
0.07538336321367	0.348308282244291	20
0.0867778469752101	0.355792058501662	161
0.0264046167134699	0.669511449924093	2176
-0.0497312213565899	0.96995089460653	141
-0.0782888109689599	1.23873463426811	2974
-0.0829002554073399	0.597263959938735	49
0.0750110312308101	0.34948213637977	161
0.0561248022043099	1.29785795770225	585
0.02699837154498	1.07411714378868	585
-0.05186895847093	1.78923518877527	2974
-0.02319250113202	1.40798999133054	290
0.09239157595029	0.788150035509216	157
-0.04250991639802	0.988027435116085	217
0.0842924446569	0.790048909154432	49
-0.0917942590915199	0.605138796909221	49
-0.0906361424108899	0.618746767151707	49
0.0863842099036201	0.351828762907309	49
-0.09172192589164	0.622088991993712	791
0.08593111840664	0.350297532778869	236
0.0894202380526801	0.352096613802028	236
0.08554001154562	0.357121750207972	236
0.08593111840664	0.350297532778869	64
0.0863842099036201	0.351828762907309	64
0.0802918032269499	0.357407509139933	64
0.07986225393948	0.353511217859612	20
0.08554001154562	0.357121750207972	161
-0.0860402993998901	0.616480820417971	290
0.11737258397609	1.16684008029717	882
0.0251275285602	0.702145442683849	217
-0.08587606798073	0.615845916163624	843
0.02495241117799	0.703880766273682	236
0.0859621987071599	0.35723664848931	236
0.0205481483852299	0.690988164119515	236
0.0837435925496599	0.352286373904616	24
0.12413296601956	1.13557571123342	2176
0.09632119166911	2.26805376592495	145
-0.0431157073516899	0.977271886479688	23
-0.0796180541501199	1.22240655171591	23
0.08139417280366	1.14115851969948	217
0.01541895010381	0.663445666557582	49
-0.0908966266307201	0.632179419989469	419
0.08635457107887	0.355678869647947	1807
0.0857047987181401	0.807281603664307	410
0.0863842099036201	0.351828762907309	300
0.08635457107887	0.355678869647947	236
0.08593111840664	0.350297532778869	64
0.08720094621311	0.350436388922643	64
0.08072117175836	0.353442487812182	24
0.08072117175836	0.353442487812182	1810
0.10451966294833	1.95564425426613	145
0.0415673598238999	2.02189830732409	145
-0.00687475939439008	2.32434478566848	141
0.0308885885482699	1.49308512038885	585
-0.02302265556017	1.47442880156622	290
-0.00791984739884999	1.26778325574915	882
0.0210426211978001	0.709474969648677	217
-0.0906361424108899	0.618746767151707	419
0.02761805314618	0.69363933078627	236
0.01631919995928	0.697508693876274	64
-0.08787632750483	0.617834232014522	24
0.0867778469752101	0.355792058501662	161
-0.09053497667177	1.57130309822066	585
0.08981095409506	0.790484501693214	882
0.08853201107762	0.80092709564996	268
0.08473919682995	1.05785861615715	217
-0.000579990987430001	1.22282547665746	217
0.08554001154562	0.357121750207972	69
0.0802918032269499	0.357407509139933	300
-0.09563098913746	0.601351434452306	64
0.0863842099036201	0.351828762907309	64
0.0859621987071599	0.35723664848931	64
-0.02832322014015	2.38572339656172	141
0.08349779209495	1.09670077422519	585
0.10010790908171	1.29090098020212	2974
0.02238793929904	1.06085188914171	217
0.01775083361261	0.690832171933325	217
-0.09097337385314	0.604376390390662	489
0.09307230975261	0.788497704212659	64
-0.0856750766019301	0.629964134350056	64
0.0859621987071599	0.35723664848931	161
0.08110423217824	0.35597088188107	161
0.08110423217824	0.35597088188107	161
0.0950685789037999	0.791102972819712	290
0.07985781667154	1.14671880067448	290
0.08593111840664	0.350297532778869	217
-0.0881345212181099	0.6155636769699	64
-0.0460111787666	0.987687525717376	24
-0.04198161542294	1.67842296116768	2176
0.07986225393948	0.353511217859612	585
-0.02513073150921	1.50117573982976	696
-0.0701980975281	1.21990097302217	217
-0.0853119687802999	0.60615048877271	217
0.0874827499061901	1.11305476693638	78
0.08635457107887	0.355678869647947	69
-0.0870048830243599	0.621029218978779	611
0.08720094621311	0.350436388922643	611
0.08554001154562	0.357121750207972	64
0.08554001154562	0.357121750207972	161
0.08067358118966	0.352113595115163	258
0.08272617811463	1.12264408620776	141
0.09056077131507	1.34541736863329	141
-0.02213641425997	1.48549531666072	290
0.0812634886580601	1.13568978731585	1367
-0.09115785182895	0.618961705601459	217
0.09326038855235	0.779498610454861	217
0.0815347016979899	0.352043699849502	217
0.08554001154562	0.357121750207972	64
0.08984697671035	0.346869790227819	64
0.0894202380526801	0.352096613802028	64
0.0859621987071599	0.35723664848931	24
0.08554001154562	0.357121750207972	161
0.0867778469752101	0.355792058501662	268
-0.01145651705621	1.27955024573344	217
-0.0409347246337399	0.970308042003736	217
0.09037414904061	0.807426618734837	217
0.08635457107887	0.355678869647947	64
-0.0868042440593899	0.629769731935243	24
0.0802918032269499	0.357407509139933	161
0.0859621987071599	0.35723664848931	161
-0.00478334484173004	1.28113122700297	585
-0.0875695991555201	0.619692253887167	290
0.03133132931248	1.48092207708827	50
0.08072117175836	0.353442487812182	268
-0.0788832354181499	1.23761576957125	49
-0.0914608577731899	0.632108105324877	49
0.0863842099036201	0.351828762907309	327
0.08635457107887	0.355678869647947	300
-0.0900719604284099	0.618804092060113	936
-0.08731229818293	0.617891497962559	64
-0.0881345212181099	0.6155636769699	611
-0.0908966266307201	0.632179419989469	64
-0.0364951222634	0.962463967191951	585
0.09674188505847	1.36268816693095	585
0.0444154203682601	1.32795907487226	290
0.0252014111516301	0.703021516927203	290
-0.07541165404759	1.23712481754354	881
0.02848589836482	0.688405999726459	268
-0.05022604401551	0.981505298812131	217
-0.0897687826881299	0.619482112062155	217
0.0867778469752101	0.355792058501662	300
0.02400725601443	0.704585755161447	611
-0.0875695991555201	0.619692253887167	611
0.0220801852204999	0.687783919354963	64
-0.0862395574593999	0.631174105042113	161
0.0867778469752101	0.355792058501662	371
0.00307926603509001	1.25100759434053	290
0.08171562292506	1.13204426778785	217
0.0909637641845899	0.805080373067946	49
-0.0889442146486901	0.606751804674965	611
-0.0917942590915199	0.605138796909221	611
0.08593111840664	0.350297532778869	161
0.0683230176474901	1.11059109204094	290
0.08998448181361	0.776056357256849	50
-0.0903326016505701	0.62892338816335	217
-0.04504326698093	0.939122257891124	1055
0.02848589836482	0.688405999726459	64
0.06190763871826	2.09329601074128	141
-0.0517280210123801	1.93705337885438	290
-0.08360185306614	1.44509797122295	122
0.0210426211978001	0.709474969648677	217
0.02848589836482	0.688405999726459	397
0.0794279116535099	0.784253349229646	1055
0.0859621987071599	0.35723664848931	69
0.08635457107887	0.355678869647947	300
0.0863842099036201	0.351828762907309	64
0.08554001154562	0.357121750207972	609
0.0859621987071599	0.35723664848931	609
0.08720094621311	0.350436388922643	325
0.0859621987071599	0.35723664848931	161
0.08554001154562	0.357121750207972	258
0.0815347016979899	0.352043699849502	371
0.1005424229634	2.24575149327749	141
0.06148274300225	2.30167481328933	141
-0.00574944035908009	1.27466447831623	585
0.00577201293876994	1.63521401488846	290
-0.09037169932676	1.437325692776	290
-0.03216520126337	1.47974451302403	290
-0.0856750766019301	0.629964134350056	671
0.0210426211978001	0.709474969648677	49
0.0246439348335299	0.701883429352783	69
0.0859621987071599	0.35723664848931	155
0.08635457107887	0.355678869647947	64
0.08635457107887	0.355678869647947	64
0.0859621987071599	0.35723664848931	609
0.08593111840664	0.350297532778869	161
0.08635457107887	0.355678869647947	161
0.0867778469752101	0.355792058501662	161
-0.05257951535962	1.8437450687723	290
0.0640375408495	1.55241088057622	290
0.0863842099036201	0.351828762907309	671
-0.0961963127793	0.609158553986361	2129
0.08635457107887	0.355678869647947	1205
0.08511764830228	0.351686421365815	64
0.08511764830228	0.351686421365815	64
-0.0914608577731899	0.632108105324877	609
-0.08587606798073	0.615845916163624	325
0.0859621987071599	0.35723664848931	161
0.0833092545060601	0.348525620929045	161
-0.00674742651645999	1.25438044706993	141
0.0210426211978001	0.709474969648677	671
-0.0857273262584901	1.21263529791495	217
0.0255093364719501	0.700554081526988	49
0.0232803803484301	0.700324101417774	397
-0.0908966266307201	0.632179419989469	64
0.08110423217824	0.35597088188107	64
0.0867778469752101	0.355792058501662	609
0.0802918032269499	0.357407509139933	161
-0.0854756423146901	0.617800241724817	2454
0.08593111840664	0.350297532778869	258
0.07603680491475	1.1426394303603	585
0.0243952768227	0.704900564774626	671
0.02842407403459	0.682918786021331	217
-0.0897692527171701	1.44229237143949	217
-0.0908966266307201	0.632179419989469	217
0.0950685789037999	0.791102972819712	49
0.02895340004035	1.04276029267376	217
-0.04541530605468	0.986517349894866	217
0.0863842099036201	0.351828762907309	49
0.0859621987071599	0.35723664848931	397
-0.0851108013427899	0.625779641039831	69
-0.0908966266307201	0.632179419989469	1057
0.08067358118966	0.352113595115163	1057
0.0802918032269499	0.357407509139933	609
-0.03827728329839	0.969364816872514	141
-0.0953864181683699	1.80994095654377	290
0.02562232202452	1.0698740295521	290
0.0152675912264	0.686046910486739	217
0.08110423217824	0.35597088188107	397
-0.08089036442484	0.611037850171035	397
-0.00317364806294007	1.24961072497741	49
-0.08089036442484	0.611037850171035	397
0.0238379332612	0.703754740446967	397
-0.0854756423146901	0.617800241724817	2129
-0.0864881862454501	0.617095767628753	69
0.0867778469752101	0.355792058501662	1057
0.0867778469752101	0.355792058501662	1057
0.0857047987181401	0.807281603664307	325
0.0859621987071599	0.35723664848931	1782
0.0945968152563099	0.776744127087871	141
0.0219576640924399	1.0541096126987	141
-0.0026189884119201	1.29615753341701	290
-0.0813114140615601	1.23563239566213	50
0.0216021394128501	0.706955034392252	397
-0.0825779586461299	0.614837681649623	2325
0.08554001154562	0.357121750207972	2129
0.0802918032269499	0.357407509139933	64
0.08720094621311	0.350436388922643	161
-0.10215276285369	1.7585240972885	290
-0.0152058304801701	1.40502021795076	122
0.0215083833160301	1.03978990502631	300
0.08593111840664	0.350297532778869	69
0.08899332036748	0.351987418753263	161
0.0661291637200501	2.05843096999292	290
0.0743824698478599	1.13360467930822	529
0.0248167834491799	1.0510410642929	397
-0.04127287164912	0.960192187091725	397
0.0948328296347201	0.791909929609557	2325
0.08554001154562	0.357121750207972	64
0.0867778469752101	0.355792058501662	64
0.08635457107887	0.355678869647947	161
0.07986225393948	0.353511217859612	161
0.0863842099036201	0.351828762907309	161
0.08593111840664	0.350297532778869	1232
-0.0209740306523001	2.02845133185466	198
-0.03814963566384	1.66217966242741	290
0.08628115912158	0.783178738494389	52
0.0256827435362601	1.05720203150201	52
-0.08644037268085	0.619862369426233	397
0.08984697671035	0.346869790227819	397
0.0802918032269499	0.357407509139933	69
0.0252014111516301	0.703021516927203	300
-0.0817175823615801	0.611830100698017	69
0.08067358118966	0.352113595115163	69
0.08554001154562	0.357121750207972	1057
-0.08644037268085	0.619862369426233	64
0.0863842099036201	0.351828762907309	64
0.07986225393948	0.353511217859612	161
0.08635457107887	0.355678869647947	161
-0.0908966266307201	0.632179419989469	258
0.0863842099036201	0.351828762907309	1577
0.0997926637503499	1.57886957379953	266
-0.09383991811677	1.4443406201555	290
0.0238379332612	0.703754740446967	397
0.08554001154562	0.357121750207972	397
0.0863842099036201	0.351828762907309	64
0.0232803803484301	0.700324101417774	64
0.0867778469752101	0.355792058501662	161
0.08593111840664	0.350297532778869	161
0.08554001154562	0.357121750207972	1577
0.0863842099036201	0.351828762907309	1577
-0.0779595537475	1.35317895438284	25
0.10642392185236	1.57707071763318	145
0.0113457894611	0.680416762680354	146
0.12393550417433	1.58131133848254	290
-0.04396793186021	0.984859295610579	52
0.02096034832868	0.687057273332848	397
0.08067358118966	0.352113595115163	56
-0.0814526908493101	0.615002111111108	56
0.08899332036748	0.351987418753263	64
0.0859621987071599	0.35723664848931	64
0.07986225393948	0.353511217859612	161
0.0867778469752101	0.355792058501662	161
0.08554001154562	0.357121750207972	69
0.0815347016979899	0.352043699849502	69
0.08072117175836	0.353442487812182	64
-0.0868042440593899	0.629769731935243	64
0.08984697671035	0.346869790227819	161
0.08635457107887	0.355678869647947	161
0.02489242975999	0.683780681342625	258
0.08896053815724	0.794623943285532	2370
0.08243920570732	0.799144266061384	579
0.0867778469752101	0.355792058501662	161
0.0859621987071599	0.35723664848931	161
0.0891942049694801	0.804804209574595	146
0.0771474338701299	1.11357079718888	290
0.0283467515413201	1.03502369715665	397
-0.06996207915324	1.19765700264728	397
-0.09593967423584	0.620520166704934	69
0.08899332036748	0.351987418753263	69
0.02761805314618	0.69363933078627	74
-0.08592441214143	0.614008108452674	56
-0.0822799573256301	0.615802745175666	64
-0.0854756423146901	0.617800241724817	64
0.08635457107887	0.355678869647947	64
0.0802918032269499	0.357407509139933	161
-0.0870048830243599	0.621029218978779	161
0.08493690158853	1.12604053175694	266
0.05243046799291	1.32659947674044	146
0.0681691724983999	1.53134368409334	491
0.0290433328311901	0.685234931572618	397
0.08635457107887	0.355678869647947	392
0.0238379332612	0.703754740446967	69
-0.09228620616897	0.62202873637367	2370
0.08554001154562	0.357121750207972	64
0.0867778469752101	0.355792058501662	961
0.09297717623469	0.785084839673769	146
0.0474997618552	1.34596409702142	491
-0.0908966266307201	0.632179419989469	74
0.08635457107887	0.355678869647947	64
0.08635457107887	0.355678869647947	64
0.0859621987071599	0.35723664848931	64
-0.09228620616897	0.62202873637367	64
0.0322624267579199	0.670813381523553	266
-0.11470353009907	2.10652568134703	146
-0.04071947009476	0.984385044515314	146
0.0837435925496599	0.352286373904616	49
-0.09455271862908	0.606045124797451	69
0.08554001154562	0.357121750207972	935
-0.0871702312376099	0.602917552940229	361
0.0859621987071599	0.35723664848931	64
0.08511764830228	0.351686421365815	453
0.0700184794179599	1.95664080983091	198
0.0757277571046999	1.74265996031304	198
-0.09115785182895	0.618961705601459	49
0.08110423217824	0.35597088188107	49
0.0894202380526801	0.352096613802028	397
0.08594013329731	0.806580172492629	397
0.08635457107887	0.355678869647947	935
0.0191166799325899	0.708673093023593	1332
-0.0871702312376099	0.602917552940229	74
0.08720094621311	0.350436388922643	74
0.0815347016979899	0.352043699849502	161
0.08635457107887	0.355678869647947	161
0.0863842099036201	0.351828762907309	453
0.06415611964257	1.51398145177818	141
-0.1076623738635	1.76334467327222	529
0.08816770197221	0.774742747850477	49
-0.08787632750483	0.617834232014522	397
0.0859621987071599	0.35723664848931	40
0.08635457107887	0.355678869647947	679
-0.0843469450921699	0.612671128407819	69
0.08554001154562	0.357121750207972	361
0.0863842099036201	0.351828762907309	64
0.0115885587134601	0.678730141775671	161
0.08593111840664	0.350297532778869	453
-0.0731656476901199	1.2227714470551	25
-0.0900916850333899	1.44396299230803	141
-0.0906361424108899	0.618746767151707	146
0.0950685789037999	0.791102972819712	1587
0.0891838747232501	1.09660461191716	1587
-0.0658372387191499	1.19077990321443	491
0.0909827842464199	0.794860718446409	703
-0.00727882306408989	1.28427810020551	703
0.02023608277842	0.711366387704013	529
0.02400725601443	0.704585755161447	49
-0.00664983116437989	1.66919699632591	679
-0.0481749027715299	0.981223144138465	56
0.0862933344317101	0.807373788350785	56
-0.0822799573256301	0.615802745175666	361
0.08899332036748	0.351987418753263	64
0.0157569949138701	0.696072245825615	161
-0.0350184512398699	1.6616577285989	1587
-0.09097337385314	0.604376390390662	49
0.12453851579115	0.869325891994541	215
0.0191166799325899	0.708673093023593	56
0.08067358118966	0.352113595115163	64
0.0867778469752101	0.355792058501662	161
0.11003497076472	2.3535403537467	266
0.08984697671035	0.346869790227819	146
-0.0241747061570701	2.02906355541151	491
-0.0405797818914699	1.61409693419327	703
-0.0496274038484701	0.981707831212911	529
-0.0868042440593899	0.629769731935243	40
0.0235283537025801	0.692256070244874	110
-0.0908966266307201	0.632179419989469	69
0.08554001154562	0.357121750207972	74
0.0238379332612	0.703754740446967	64
0.0912865509045499	1.36109343775456	146
-0.04694944637056	0.976290992733351	529
0.0216021394128501	0.706955034392252	529
-0.08644037268085	0.619862369426233	1422
-0.08284253727627	0.61695772724414	110
0.0867778469752101	0.355792058501662	56
0.08720094621311	0.350436388922643	74
0.0859621987071599	0.35723664848931	435
0.08635457107887	0.355678869647947	210
-0.0916576754089999	1.47377491561391	141
0.12389285543242	1.17206806689062	146
-0.09287741684855	1.44842343926481	703
0.08511764830228	0.351686421365815	28
0.08635457107887	0.355678869647947	2923
0.0802918032269499	0.357407509139933	2327
-0.0785814423620199	1.22564252615695	1170
-0.0135121171596599	1.27508998676195	40
0.08635457107887	0.355678869647947	74
-0.0862395574593999	0.631174105042113	64
0.0859621987071599	0.35723664848931	161
0.08720094621311	0.350436388922643	258
-0.0151365958492	1.28523963080675	266
-0.0419128630369601	0.989651259737773	146
-0.0481809101964199	0.920990202962472	146
0.0758213062769899	0.348135022331946	529
0.0815347016979899	0.352043699849502	2923
0.08554001154562	0.357121750207972	397
0.08554001154562	0.357121750207972	1422
0.0199229518125601	0.706799346788183	56
-0.0868042440593899	0.629769731935243	2925
0.08511764830228	0.351686421365815	435
-0.07481766128054	1.20784860637778	266
-0.0868042440593899	0.629769731935243	146
-0.0416586864888699	0.985745133510673	1321
0.0250121917692601	1.06958537888963	28
0.0837435925496599	0.352286373904616	397
-0.0868042440593899	0.629769731935243	40
0.08554001154562	0.357121750207972	74
0.08554001154562	0.357121750207972	210
0.0859621987071599	0.35723664848931	161
-0.02351389197579	1.47936893469661	146
0.09191456511384	1.53906358000142	703
-0.0876163523790301	0.6138736618902	703
0.02929201337316	0.697118999051136	529
-0.0906361424108899	0.618746767151707	74
0.08635457107887	0.355678869647947	210
0.08110423217824	0.35597088188107	161
0.0867778469752101	0.355792058501662	258
0.12427875928004	1.37892051830709	141
0.08899332036748	0.351987418753263	146
0.07662076485381	1.48924306866725	146
0.0747858349409301	1.11707371527925	703
0.0174553714429799	1.50546349090272	529
0.08593111840664	0.350297532778869	40
0.0833092545060601	0.348525620929045	161
0.08067358118966	0.352113595115163	5
0.08368978766866	1.13703894313135	141
0.11731922276891	0.84433460513375	141
0.00708853040230006	1.18191307657375	397
-0.0862395574593999	0.631174105042113	28
-0.0906361424108899	0.618746767151707	1170
-0.0856750766019301	0.629964134350056	589
0.08635457107887	0.355678869647947	487
-0.0471053269891499	0.928356535240856	74
0.0905786785848099	0.774873931932009	74
0.0820016418306	1.135756452391	266
-0.0856750766019301	0.629964134350056	703
-0.0462639655404	2.35690211605483	703
0.0198483831998	1.06330302075787	28
0.0344308292222599	1.0216262766819	487
0.08554001154562	0.357121750207972	487
0.08635457107887	0.355678869647947	110
0.08593111840664	0.350297532778869	110
0.0708215585324801	1.51201631939244	56
0.02495241117799	0.703880766273682	74
-0.0373441828008201	0.94690285621767	64
0.0867778469752101	0.355792058501662	5
-0.00200867783471992	1.66529227825175	25
-0.11371711516772	2.14606119426024	86
-0.04407690034128	0.978866151183297	141
0.0618222656863101	1.25011880704077	146
0.0875819801242299	0.769401641625633	146
0.08635457107887	0.355678869647947	215
0.0815347016979899	0.352043699849502	487
0.08554001154562	0.357121750207972	110
-0.04179098788813	0.936543189208613	64
0.0110238640387299	0.675427553344757	161
0.01629156058142	2.02416909594779	703
0.0626697173333901	1.4692648665068	703
0.0903969866754699	0.793742931359669	28
0.0230322442015301	0.691498593632662	221
0.0199229518125601	0.706799346788183	74
0.08752220387397	1.56988130389359	146
0.12339729625605	1.38767665514949	146
0.0949734266292701	1.36510516483878	529
0.0447340593105801	1.32254610820241	28
0.0944717454527599	1.87923211189122	28
-0.0873691365456499	0.625452101317025	397
0.0207295335209099	0.691769810403889	28
-0.0908966266307201	0.632179419989469	487
0.0802918032269499	0.357407509139933	74
0.08110423217824	0.35597088188107	607
0.0859621987071599	0.35723664848931	161
0.08417774668827	0.348452703172148	161
0.0956554561751599	0.790147582040505	864
-0.07749656377056	1.23859513703221	146
-0.0849111909268401	0.616644350818079	529
-0.03901537433485	0.962448252849707	215
-0.0875695991555201	0.619692253887167	215
0.0837435925496599	0.352286373904616	607
0.09223946235807	1.37992000359917	266
0.0222332656978801	1.06491039694151	141
0.02135464227602	0.703190131268845	529
-0.02421566841322	1.46463518879166	529
0.08899332036748	0.351987418753263	161
0.10372397528847	2.29737517980249	146
0.06386906387575	1.50456979867598	529
-0.00775080564882003	1.24322199104374	28
0.0867778469752101	0.355792058501662	1210
-0.0851108013427899	0.625779641039831	110
0.0242935981971999	1.04171390716544	1775
0.0918057407853701	0.78909727487012	1775
-0.0875695991555201	0.619692253887167	56
-0.0851108013427899	0.625779641039831	607
-0.00249835309086	1.26795468057255	64
-0.07729836859905	0.591529835392627	64
-0.08284253727627	0.61695772724414	735
-0.10531271619018	1.79879592363245	703
0.0865646851194299	1.3547178109077	529
0.0575990183024999	1.29183943163118	529
-0.0951181497368201	0.607845049915638	28
-0.09228620616897	0.62202873637367	1210
-0.03771260025899	0.936876798901926	1425
0.0257586781650601	0.702006140494017	110
-0.09266967477106	0.596790406981883	74
-0.0400851728113301	0.962944623919808	1143
0.08067358118966	0.352113595115163	64
0.0287342363348999	0.698124906188002	64
0.0837435925496599	0.352286373904616	64
0.0979017512981	2.29748370368181	266
0.0648945791000399	1.54947200193637	266
0.0243952768227	0.704900564774626	1021
0.0257586781650601	0.702006140494017	1021
-0.0856750766019301	0.629964134350056	1021
0.0243952768227	0.704900564774626	2270
0.09239157595029	0.788150035509216	74
0.08794316701626	0.803237974962335	64
0.0814899420889501	0.796584642278346	64
0.0815347016979899	0.352043699849502	161
-0.03854021774667	1.63465127727299	146
0.0863229852962499	1.11481742305759	529
-0.0536640927780501	0.944545939058607	28
-0.08644037268085	0.619862369426233	286
0.08511764830228	0.351686421365815	1210
0.08554001154562	0.357121750207972	1425
-0.0851108013427899	0.625779641039831	2270
0.08635457107887	0.355678869647947	607
0.0867778469752101	0.355792058501662	367
0.0520632368946801	1.27947356126682	28
-0.0419128630369601	0.989651259737773	28
-0.0854756423146901	0.617800241724817	286
0.02929201337316	0.697118999051136	215
-0.0455304019815199	0.983970275933368	110
-0.0870521662766299	0.617039068443576	64
0.0859621987071599	0.35723664848931	735
0.0894202380526801	0.352096613802028	5
0.0635539748888201	2.2972744261096	25
0.0408000897904	2.03503833830298	141
-0.0499713996876101	0.980612513052656	110
0.08984697671035	0.346869790227819	56
0.0859621987071599	0.35723664848931	64
0.08072117175836	0.353442487812182	2428
0.01984844528653	1.04789412232581	266
0.10762030861923	1.73089981897854	49
-0.0452762079260101	0.981545890307804	49
0.0262469565358101	0.684715439196997	49
-0.08644037268085	0.619862369426233	243
0.08593111840664	0.350297532778869	1021
0.08511764830228	0.351686421365815	56
0.0859621987071599	0.35723664848931	56
0.0867778469752101	0.355792058501662	56
0.0867778469752101	0.355792058501662	64
0.0815347016979899	0.352043699849502	607
0.08511764830228	0.351686421365815	735
0.0915632769928001	1.9607371663754	141
0.0790096572879	1.12563710141369	141
0.09600533214587	0.783266842095796	2360
-0.0217311329794501	1.97936338898605	146
-0.0921040341107899	0.604358014079979	49
0.08899332036748	0.351987418753263	49
0.01227544652186	1.85439057713234	670
0.0240862490656	0.6984732521364	28
0.0802918032269499	0.357407509139933	2717
-0.0912940621927301	1.45446461811394	28
0.0523409425882	1.32199716015322	28
0.08605723375451	0.790260654404941	807
-0.0409347246337399	0.970308042003736	807
0.08554001154562	0.357121750207972	64
0.08511764830228	0.351686421365815	2428
0.0867778469752101	0.355792058501662	735
0.12477959905273	1.18304117624952	49
-0.10553464277001	1.95887559708089	49
0.0246439348335299	0.701883429352783	49
-0.0347085355035399	2.15191029881811	670
0.0788330592315001	0.787150221213913	28
0.0859621987071599	0.35723664848931	110
0.08720094621311	0.350436388922643	64
0.0837435925496599	0.352286373904616	735
0.08072117175836	0.353442487812182	5
-0.0848083938968101	1.2251384876765	146
0.0682587200325	1.72244432433238	28
0.0867778469752101	0.355792058501662	199
0.08984697671035	0.346869790227819	28
0.0815347016979899	0.352043699849502	64
0.0894202380526801	0.352096613802028	735
0.08593111840664	0.350297532778869	735
0.12084839308497	1.16758584674694	575
-0.0449310602303401	0.981072267984645	266
0.03068696730737	1.48487862558194	141
-0.00445974607589994	1.27898105837227	141
-0.02803665887509	1.47918381638324	146
0.0867778469752101	0.355792058501662	49
0.0815347016979899	0.352043699849502	199
0.08110423217824	0.35597088188107	199
0.08110423217824	0.35597088188107	74
0.08511764830228	0.351686421365815	74
-0.04067890437744	0.962761734785237	607
0.0867778469752101	0.355792058501662	2428
0.0257586781650601	0.702006140494017	575
0.0444154203682601	1.32795907487226	266
0.0862933344317101	0.807373788350785	266
-0.0914608577731899	0.632108105324877	266
-0.04285920964364	0.958468647675085	146
0.08984697671035	0.346869790227819	353
0.0859621987071599	0.35723664848931	64
0.0867778469752101	0.355792058501662	1178
0.0859621987071599	0.35723664848931	1178
0.08730944168439	1.35632237330554	266
0.02023608277842	0.711366387704013	146
0.00408353916889004	2.20187542657876	146
0.09121967057104	0.788003626990717	49
0.0475441182294401	1.7024159122241	49
0.08635457107887	0.355678869647947	49
0.0344308292222599	1.0216262766819	243
0.08593111840664	0.350297532778869	199
0.07696774321584	1.13959782572945	28
0.08368978766866	1.13703894313135	215
-0.0843469450921699	0.612671128407819	74
-0.0862395574593999	0.631174105042113	64
0.0894202380526801	0.352096613802028	64
0.0802918032269499	0.357407509139933	64
0.08110423217824	0.35597088188107	91
0.07906723444461	0.781646824968337	575
-0.0829002554073399	0.597263959938735	25
0.0275267664498999	0.676893397609261	146
0.08806353144303	2.20838857699376	146
-0.0481749027715299	0.981223144138465	670
-0.0908966266307201	0.632179419989469	49
0.0298309333578499	1.04503063985265	243
-0.0856750766019301	0.629964134350056	28
0.0270431595004399	1.04476871205245	807
0.08067358118966	0.352113595115163	353
0.0859621987071599	0.35723664848931	56
0.08110423217824	0.35597088188107	74
0.0227226179392399	0.694071030310549	74
0.08899332036748	0.351987418753263	64
0.0802918032269499	0.357407509139933	218
0.0922611910477	0.746582979710038	2633
0.08635457107887	0.355678869647947	2633
0.0859621987071599	0.35723664848931	49
0.08067358118966	0.352113595115163	243
0.07538336321367	0.348308282244291	64
0.08554001154562	0.357121750207972	64
0.08072117175836	0.353442487812182	16
0.08554001154562	0.357121750207972	218
-0.0526241069093401	0.961026671666122	266
0.0932628542734399	1.36572225678736	188
0.0291319318849399	1.0400770618864	28
0.0863842099036201	0.351828762907309	353
0.08554001154562	0.357121750207972	2297
0.0859621987071599	0.35723664848931	56
0.08593111840664	0.350297532778869	74
-0.0854756423146901	0.617800241724817	64
0.08635457107887	0.355678869647947	218
0.08899332036748	0.351987418753263	218
0.0224091210725901	0.691879553397497	2633
0.0923152120042099	1.78728613675491	188
0.0904943787791599	1.9023625805051	146
0.0815347016979899	0.352043699849502	28
0.0867778469752101	0.355792058501662	28
-0.09255383976205	1.43321608848312	28
-0.00590612687005998	1.25184873713689	28
0.08735408563323	0.803149656794164	28
0.0883707206241899	0.792212399359878	807
-0.0871702312376099	0.602917552940229	64
0.0802918032269499	0.357407509139933	91
0.0183107183364699	0.696264848958603	218
0.0959803324211199	0.744667396430763	146
-0.03472240211233	1.65663410068312	28
0.08635457107887	0.355678869647947	199
0.0207295335209099	0.691769810403889	28
0.0909827842464199	0.794860718446409	28
0.0859621987071599	0.35723664848931	16
0.01967648684737	0.71130858208893	146
0.0101634438498299	1.61393553298677	670
0.0291319318849399	1.0400770618864	49
0.02134090208776	1.06611276149841	28
-0.0271801608217599	1.46425068656739	28
-0.08284253727627	0.61695772724414	215
-0.04012313017452	0.977033179707173	28
0.0230322442015301	0.691498593632662	28
0.08899332036748	0.351987418753263	90
0.08554001154562	0.357121750207972	76
0.0859621987071599	0.35723664848931	468
0.0867778469752101	0.355792058501662	91
0.0802918032269499	0.357407509139933	218
-0.03359166273102	0.938913130863902	699
0.12484800010111	1.13451361439776	28
0.0885662235348199	0.34673927137164	90
0.0859621987071599	0.35723664848931	90
0.0885662235348199	0.34673927137164	91
0.08635457107887	0.355678869647947	16
0.08554001154562	0.357121750207972	16
0.10711333391178	1.2780942881014	141
0.0428935072852601	1.72638243443926	47
0.08554001154562	0.357121750207972	28
-0.03927112977435	0.974794505103553	28
0.02495241117799	0.703880766273682	28
0.0815347016979899	0.352043699849502	353
0.08554001154562	0.357121750207972	353
-0.0820152222085799	0.616154963453901	91
0.0859621987071599	0.35723664848931	218
0.0587218911088301	1.50994811348012	146
-0.0136384504856399	2.49441501830617	146
0.0909827842464199	0.794860718446409	699
-0.0872473268202601	1.41039505400494	28
0.08554001154562	0.357121750207972	28
-0.09468345364478	1.42387762046666	28
-0.0493723279210601	0.983902586641038	28
0.08720094621311	0.350436388922643	28
0.08554001154562	0.357121750207972	76
0.08899332036748	0.351987418753263	16
0.08554001154562	0.357121750207972	156
0.0919552013828999	1.37523677267987	266
-0.04757654904633	0.974939043359339	266
0.07306100177606	2.29720446268512	188
0.0728741833334099	1.52450466904931	49
0.09844781263569	1.52307796116643	699
0.08067358118966	0.352113595115163	28
0.0867778469752101	0.355792058501662	64
0.08720094621311	0.350436388922643	64
0.0802918032269499	0.357407509139933	91
0.08635457107887	0.355678869647947	16
0.0867778469752101	0.355792058501662	16
0.0984948679017801	1.58245041866795	188
-0.06875268073227	1.21636288411312	146
-0.05296985518665	0.969789578885278	824
0.02079546787246	0.708833611803891	64
-0.0788832354181499	1.23761576957125	76
0.0263157360188	0.698696783066224	76
0.08554001154562	0.357121750207972	2633
0.0191166799325899	0.708673093023593	49
0.08554001154562	0.357121750207972	28
-0.0719477324484401	1.21727064402476	824
-0.0923595357076299	0.606938736223689	90
0.03195103691551	0.666394264584862	16
0.0895501178582101	0.794702032761884	16
0.0864736221523501	1.35593281922481	28
-0.08644037268085	0.619862369426233	28
-0.0868042440593899	0.629769731935243	824
0.0956554561751599	0.790147582040505	16
0.09356812784842	1.36594236579457	699
0.12450817168019	1.16600004450925	49
0.0921536750351299	0.79078911738727	49
0.08554001154562	0.357121750207972	28
0.0859621987071599	0.35723664848931	90
0.08635457107887	0.355678869647947	76
0.0894202380526801	0.352096613802028	16
0.0838577293790901	0.796873313821944	266
0.11950888086489	1.82061064792703	188
0.10478508959104	1.56001997405127	366
0.0711531066525599	2.02410870234907	366
0.09394602096695	1.32020610261399	49
-0.0455304019815199	0.983970275933368	49
-0.0853119687802999	0.60615048877271	28
0.0784611953538401	0.344667320052681	90
0.08554001154562	0.357121750207972	1649
0.0867778469752101	0.355792058501662	1649
0.0802918032269499	0.357407509139933	16
0.01499926203067	1.04165325055073	266
0.08362159627001	0.787605522392373	47
-0.0840280161376901	0.594317761749212	49
0.08635457107887	0.355678869647947	28
0.08593111840664	0.350297532778869	28
-0.0873691365456499	0.625452101317025	28
0.0867778469752101	0.355792058501662	90
0.0254502484808701	0.686999618160133	90
-0.0942325925548899	1.78633592007605	47
0.08592221319991	0.800702467264319	49
0.08635457107887	0.355678869647947	28
0.08067358118966	0.352113595115163	28
0.08554001154562	0.357121750207972	704
0.08554001154562	0.357121750207972	2706
0.11237872563547	1.68572981450936	47
0.0152822814342899	1.97541189758179	49
0.0784611953538401	0.344667320052681	90
0.08554001154562	0.357121750207972	16
0.0867778469752101	0.355792058501662	793
-0.0845467315382999	0.61567377471376	25
0.08770655901741	0.80685758056452	266
0.0155123789479299	0.699312745969347	29
0.0859621987071599	0.35723664848931	28
-0.0897622595416301	1.46932411142763	56
-0.0362395973080001	0.965096216567975	56
0.08110423217824	0.35597088188107	312
0.0750110312308101	0.34948213637977	2706
0.0867778469752101	0.355792058501662	1749
0.0874827499061901	1.11305476693638	266
0.0210426211978001	0.709474969648677	28
-0.0813114140615601	1.23563239566213	56
0.08417774668827	0.348452703172148	90
0.0885662235348199	0.34673927137164	90
0.07986225393948	0.353511217859612	404
0.02079546787246	0.708833611803891	90
0.08554001154562	0.357121750207972	16
0.08635457107887	0.355678869647947	793
0.08720094621311	0.350436388922643	49
-0.09228620616897	0.62202873637367	28
0.05532414630756	1.54519696624537	49
-0.0856750766019301	0.629964134350056	28
0.0859621987071599	0.35723664848931	90
0.0252014111516301	0.703021516927203	90
0.08554001154562	0.357121750207972	16
-0.0469832749200001	0.967474855603973	469
0.0889262300136799	1.35644902634956	28
-0.0875695991555201	0.619692253887167	28
0.0894202380526801	0.352096613802028	90
0.08511764830228	0.351686421365815	90
-0.0181718396025701	2.01739484330048	47
-0.10085072003106	1.97008851632392	47
-0.0179231114803899	1.83070495965463	28
-0.0854756423146901	0.617800241724817	849
0.08554001154562	0.357121750207972	90
0.0815347016979899	0.352043699849502	404
0.0867778469752101	0.355792058501662	90
-0.0822799573256301	0.615802745175666	1749
0.12477959905273	1.18304117624952	266
-0.0039384815077701	1.66218460235145	366
0.0826088796312301	1.12717619165402	28
0.08554001154562	0.357121750207972	90
0.08593111840664	0.350297532778869	16
0.08720094621311	0.350436388922643	16
0.0750110312308101	0.34948213637977	16
0.08635457107887	0.355678869647947	16
-0.0716419548196601	1.17956759516435	266
0.0229955079247799	1.06243056359484	47
-0.10128586445504	1.78937352017668	28
0.08720094621311	0.350436388922643	1358
0.0867778469752101	0.355792058501662	56
0.0815347016979899	0.352043699849502	56
0.08635457107887	0.355678869647947	90
0.08635457107887	0.355678869647947	90
0.08554001154562	0.357121750207972	16
0.0250741467799001	1.0158140177017	266
0.08147766384904	0.785917445791061	47
0.0534046425883801	1.29023034429019	366
0.03339317353736	1.85105281615426	366
0.02259148640371	1.4788617222681	28
-0.0363748399847399	0.943086188855468	28
-0.0837829046671099	0.603081890246297	56
0.0867778469752101	0.355792058501662	16
0.0863842099036201	0.351828762907309	53
0.0197127014273799	1.96060962295175	47
0.0867778469752101	0.355792058501662	544
-0.0288771368071801	1.46037374716901	28
0.0191166799325899	0.708673093023593	99
-0.0864881862454501	0.617095767628753	90
0.08635457107887	0.355678869647947	1111
0.0252014111516301	0.703021516927203	16
-0.0820152222085799	0.616154963453901	16
0.0210426211978001	0.709474969648677	29
0.01978514421622	1.06379032914597	28
-0.0417837950098401	0.968023468022803	56
-0.0923595357076299	0.606938736223689	1111
0.08554001154562	0.357121750207972	16
0.08554001154562	0.357121750207972	16
0.00411146453422995	1.79047946678705	1275
0.01003626487461	1.64626976462166	1180
0.0216021394128501	0.706955034392252	28
0.08110423217824	0.35597088188107	28
0.0765549378450301	1.09627927377073	28
0.08511764830228	0.351686421365815	175
-0.0695926961109901	1.21626712439327	56
0.0859621987071599	0.35723664848931	56
0.08720094621311	0.350436388922643	16
-0.0868042440593899	0.629769731935243	726
-0.01427386926495	1.27902924923071	29
-0.0953741933126999	0.618633188669899	49
0.0867778469752101	0.355792058501662	544
0.0210426211978001	0.709474969648677	28
-0.0868042440593899	0.629769731935243	28
-0.0856750766019301	0.629964134350056	99
0.09178858705576	0.80328232048359	206
0.08720094621311	0.350436388922643	16
0.08635457107887	0.355678869647947	16
0.0867778469752101	0.355792058501662	16
0.12456229269306	1.38835278300293	47
0.0262603502033301	1.49559801217011	66
-0.08040198059452	1.24224365035749	28
0.0894202380526801	0.352096613802028	544
0.08326614182784	0.800935387981282	175
0.08635457107887	0.355678869647947	677
0.08720094621311	0.350436388922643	90
0.08110423217824	0.35597088188107	16
0.0863842099036201	0.351828762907309	16
0.08432849753838	0.767410528435716	266
-0.04757654904633	0.974939043359339	66
-0.04336066654071	0.971521016554749	16
0.0894202380526801	0.352096613802028	16
0.0867778469752101	0.355792058501662	929
0.07253049268677	1.49651886877608	28
0.0863842099036201	0.351828762907309	190
-0.05063995055272	0.920003029090117	47
0.06964458763202	2.09022146498154	366
0.0837435925496599	0.352286373904616	929
0.08110423217824	0.35597088188107	677
0.08720094621311	0.350436388922643	677
-0.08587606798073	0.615845916163624	99
0.0867778469752101	0.355792058501662	99
0.0859621987071599	0.35723664848931	16
0.0290433328311901	0.685234931572618	266
0.0915531416301201	0.800050876642963	246
0.02817624964109	0.697004128986084	366
0.0815347016979899	0.352043699849502	929
0.08720094621311	0.350436388922643	544
0.08720094621311	0.350436388922643	90
0.0867778469752101	0.355792058501662	16
0.08899332036748	0.351987418753263	16
-0.0825779586461299	0.614837681649623	16
-0.0856750766019301	0.629964134350056	16
-0.09593967423584	0.620520166704934	702
-0.00667469892993	1.28199373545338	28
0.08720094621311	0.350436388922643	19
0.0989368694723001	1.34907277340143	28
-0.0790104087160699	1.22871477020242	28
0.0216021394128501	0.706955034392252	28
-0.09258993912258	0.619407277867785	677
0.08899332036748	0.351987418753263	99
0.08735408563323	0.803149656794164	16
0.0867778469752101	0.355792058501662	16
0.0875669799340699	1.10286077041103	702
0.0918057407853701	0.78909727487012	246
0.0267259388074801	1.05340808463685	47
-0.0661059016513099	1.9865453121631	366
-0.08592441214143	0.614008108452674	677
0.0859621987071599	0.35723664848931	99
0.08110423217824	0.35597088188107	90
-0.09115785182895	0.618961705601459	90
-0.0928506928053201	0.61881718200679	1160
-0.10442540733186	2.26244917084609	366
-0.0463838854926799	0.96766018312417	99
0.0863842099036201	0.351828762907309	99
-0.09172192589164	0.622088991993712	16
-0.0421220370688999	0.967494105627239	16
0.0115885587134601	0.678730141775671	16
-0.09172192589164	0.622088991993712	16
0.02096034832868	0.687057273332848	246
0.0218650611990401	1.51971550657263	47
-0.0383053906744799	0.9483318732285	29
0.05824494757946	1.27947486570849	366
0.03123464946779	1.01134999939837	366
-0.0854756423146901	0.617800241724817	366
-0.00610179328692007	1.30392118798734	366
-0.0229012146777901	1.44907150964232	28
0.0270431595004399	1.04476871205245	28
-0.0906361424108899	0.618746767151707	206
0.0859621987071599	0.35723664848931	90
0.0863842099036201	0.351828762907309	423
0.0837435925496599	0.352286373904616	16
0.0909827842464199	0.794860718446409	16
0.0276061937365999	1.07305273195319	246
-0.1082731350939	1.80752823105162	366
0.0726098192031901	1.75112361214204	366
0.08635457107887	0.355678869647947	19
-0.0410614402849701	0.987360237554364	175
-0.0973275814206001	0.609134654582718	16
0.0206611745089	2.31424517109771	366
0.0613520979220199	2.07084551587933	366
0.0155816457648601	2.00610246291211	366
0.01878249184797	1.61669698171986	19
0.0240862490656	0.6984732521364	28
0.0243952768227	0.704900564774626	28
0.08110423217824	0.35597088188107	206
0.08984697671035	0.346869790227819	16
0.08635457107887	0.355678869647947	16
0.0139420007597399	1.63638820785933	366
-0.0364078677653701	1.66428727859169	366
0.0260199564125001	2.19465606008595	366
-0.09593967423584	0.620520166704934	28
0.08651508661992	0.799453644770618	19
-0.0961963127793	0.609158553986361	16
0.0252014111516301	0.703021516927203	16
-0.09603731484275	0.590101928889998	16
0.0199229518125601	0.706799346788183	29
-0.02240090051265	1.47967118810908	29
-0.0861439583247601	1.44203190019395	29
0.0257586781650601	0.702006140494017	29
0.0210426211978001	0.709474969648677	366
-0.0493723279210601	0.983902586641038	28
-0.0868042440593899	0.629769731935243	28
-0.09027271325458	1.55417682143942	99
0.0253639063400799	1.06388901521752	99
0.09191551904761	0.78358251508815	19
0.08635457107887	0.355678869647947	16
0.07986225393948	0.353511217859612	16
-0.0186916800302099	1.47267194202858	16
0.08110423217824	0.35597088188107	16
-0.0929061754120399	1.43543677186727	16
-0.0856750766019301	0.629964134350056	16
0.0802918032269499	0.357407509139933	16
0.0255093364719501	0.700554081526988	366
0.08326614182784	0.800935387981282	428
0.08635457107887	0.355678869647947	28
0.0239098445913299	0.665243237622292	28
0.0194298548369201	0.698812458788379	28
-0.0701980975281	1.21990097302217	99
-0.0457561278791401	0.988491389381619	16
-0.0451598251462999	0.990108031095625	29
-0.0961963127793	0.609158553986361	29
0.08554001154562	0.357121750207972	175
0.08440789323182	1.08993866464432	99
0.08651508661992	0.799453644770618	16
0.08554001154562	0.357121750207972	16
0.02737040105225	0.688310667303675	16
-0.0903326016505701	0.62892338816335	29
0.0280875235566	0.676918842302602	47
0.0867778469752101	0.355792058501662	254
0.0859621987071599	0.35723664848931	421
0.08593111840664	0.350297532778869	421
0.08720094621311	0.350436388922643	28
0.0867778469752101	0.355792058501662	694
0.0867778469752101	0.355792058501662	16
-0.0784560631747799	1.24350970203103	254
-0.00414942180850009	1.3020237926567	366
-0.04056835027874	1.64916792160466	366
0.06406920838953	1.50702267894617	19
-0.09202529522229	0.628747678223887	28
-0.0232058768280801	1.48788120733934	16
0.02825399250612	1.04289567480256	16
0.09830955062584	1.54133081418826	366
0.12239178697831	2.17431051193917	366
-0.0488748186899299	0.967852201704394	28
-0.0834053223570901	0.615637061214785	1201
0.0832247748261199	1.37039782002861	16
0.02048289204664	0.709418809051534	16
0.0487734535136299	1.31212492564358	29
-0.04164374589738	1.65360596858867	47
-0.0849111909268401	0.616644350818079	654
-0.000948976365809928	2.21740644836883	19
0.08349779209495	1.09670077422519	1601
0.0199891069068501	0.696385068821578	16
-0.0119369728070999	1.82731689553394	16
0.08067358118966	0.352113595115163	193
-0.0702688871013799	1.21869200727827	16
0.0238379332612	0.703754740446967	16
0.0833092545060601	0.348525620929045	254
-0.0854756423146901	0.617800241724817	366
-0.08009427601646	1.23006889836979	366
-0.0849111909268401	0.616644350818079	654
0.09356254180733	0.779636448841084	28
-0.07087669993628	1.21543348261153	1601
-0.09273409084147	1.63298846119627	16
-0.0967618434919	0.610976434153099	194
0.0859621987071599	0.35723664848931	970
0.08554001154562	0.357121750207972	16
0.0945929102168399	1.32590510221297	194
0.0815347016979899	0.352043699849502	28
0.0859621987071599	0.35723664848931	421
0.0863842099036201	0.351828762907309	19
-0.04198161542294	1.67842296116768	16
0.08075207755594	1.12471737519475	16
0.00268164108459001	1.69775729481156	16
0.0919552013828999	1.37523677267987	16
-0.0867484748408001	0.614797476100846	2020
0.0468642064865099	1.89107758677168	194
0.05975777313178	2.45047931855012	29
0.02663106780297	1.87729168999309	366
0.0152675912264	0.686046910486739	16
-0.0868042440593899	0.629769731935243	16
0.0893553448834199	0.771755674841922	16
0.0918534475966899	1.35902342634832	246
0.1243051275627	1.57698224104697	366
-0.08577856859709	1.45264401176565	366
0.07750734954698	1.11438139589243	16
0.08554001154562	0.357121750207972	16
0.0894202380526801	0.352096613802028	16
0.08511764830228	0.351686421365815	19
0.0708966696195601	1.1222420770474	654
-0.10831611994554	1.93422427550564	654
0.0746585917593201	1.75519697978647	654
0.00123275225291009	1.65553240012223	1344
0.0815347016979899	0.352043699849502	724
0.0584182369008299	2.01114793926062	47
0.02135464227602	0.703190131268845	724
0.08511764830228	0.351686421365815	34
0.08635457107887	0.355678869647947	16
0.0232803803484301	0.700324101417774	16
0.08860387569839	0.7996189702495	16
-0.08644037268085	0.619862369426233	193
-0.0655970334783	1.17343403454577	1120
-0.04250991639802	0.988027435116085	2096
0.0848809444960199	0.792423412783796	366
0.08554001154562	0.357121750207972	513
-0.10626475833758	1.61475645140641	246
0.08593111840664	0.350297532778869	366
-0.0862395574593999	0.631174105042113	19
-0.0831409003049799	0.610766029679033	513
-0.0175197894891199	2.01027113166541	19
-0.09097337385314	0.604376390390662	19
-0.07628237296628	1.23647960925716	16
0.12469944974242	2.18583939503285	366
-0.07396283546045	1.21290938237338	2329
0.0769338976307701	1.1334975326547	2329
-0.09228620616897	0.62202873637367	16
-0.0967618434919	0.610976434153099	193
0.0738616507342	2.27923444537583	47
0.0241280392296801	1.07740572742309	366
0.0863842099036201	0.351828762907309	654
0.0188703920289901	0.69876840088836	654
0.06779281706188	1.53997339942924	2329
-0.0160858895052101	1.44158640972103	724
0.08187040947364	1.1399425735999	366
-0.0876163523790301	0.6138736618902	724
0.08635457107887	0.355678869647947	792
-0.09114744753007	1.58341163569682	19
0.0246439348335299	0.701883429352783	34
0.02495241117799	0.703880766273682	187
0.12031337424467	1.60017255992292	19
0.0837435925496599	0.352286373904616	19
0.0830305204955599	0.79510845562312	19
0.0859621987071599	0.35723664848931	34
0.0936593854214101	0.791752236524761	149
0.0837435925496599	0.352286373904616	29
-0.02909596901959	1.44129662501887	366
0.08554001154562	0.357121750207972	851
0.08720094621311	0.350436388922643	19
-0.09172192589164	0.622088991993712	149
0.02313369093778	1.45683538405461	29
0.08720094621311	0.350436388922643	366
0.0857047987181401	0.807281603664307	366
0.02929201337316	0.697118999051136	366
-0.09172192589164	0.622088991993712	724
-0.0860402993998901	0.616480820417971	34
0.08635457107887	0.355678869647947	739
0.0885081368734899	1.34259132637001	366
-0.0111329811715599	1.26662595962694	29
-0.0820152222085799	0.616154963453901	187
-0.0863351542661901	1.45389317139324	187
0.08635457107887	0.355678869647947	739
0.12316310788075	1.81103213591897	366
0.0212832841778301	1.49912490507359	366
0.08417774668827	0.348452703172148	724
-0.0823391079920699	1.43154653705241	187
-0.0903326016505701	0.62892338816335	149
0.08984697671035	0.346869790227819	1717
0.0202738950541601	1.02260960465282	29
0.06406904998067	1.5403314662742	134
0.03133008899818	1.02870182506695	724
0.0174429720111799	0.691563710442185	724
-0.08869964935643	0.60597102735225	149
0.02358945510411	0.692581305313281	134
0.0894202380526801	0.352096613802028	19
0.0171973175876701	0.682395823862038	193
0.08171562292506	1.13204426778785	366
0.02425319244587	0.691036669710748	633
-0.09228620616897	0.62202873637367	138
0.08554001154562	0.357121750207972	193
0.08554001154562	0.357121750207972	594
-0.0804360507998001	1.37506984159215	246
0.00381797184415	2.01459301885458	29
0.0971707824794701	1.35482097202885	19
-0.0695998785229699	1.21303850716081	187
0.0258945658382199	1.01967746737598	193
0.0745742023431799	0.34965580639375	193
0.0238379332612	0.703754740446967	1427
0.07226888070393	1.12301721099431	366
0.08735408563323	0.803149656794164	19
0.02761805314618	0.69363933078627	19
-0.0875695991555201	0.619692253887167	149
0.0224091210725901	0.691879553397497	138
0.0609822380759	1.89457553481341	366
0.09589144833888	0.776310532175204	19
0.0275267664498999	0.676893397609261	2343
0.08720094621311	0.350436388922643	2888
0.04277608107495	2.25543725933881	366
-0.0437117277583401	0.98127752782126	261
-0.0862395574593999	0.631174105042113	149
-0.0404644322110801	0.986184784535494	138
0.08593111840664	0.350297532778869	594
0.0579979272397	1.6338749287878	366
0.07977907582262	1.06994114377097	19
-0.0532250364443101	0.965989340630662	19
-0.00201508964599006	1.29091352091502	19
0.09016035117171	0.793131855701067	19
0.11180237739116	2.01141254073949	194
0.08554001154562	0.357121750207972	261
0.07986225393948	0.353511217859612	1647
0.0918057407853701	0.78909727487012	193
0.0188703920289901	0.69876840088836	366
0.0859621987071599	0.35723664848931	19
-0.0862395574593999	0.631174105042113	1260
-0.08644037268085	0.619862369426233	19
0.0815347016979899	0.352043699849502	187
0.07986225393948	0.353511217859612	1647
-0.06644334871862	1.18918734333433	138
-0.04343684318596	1.68217760921023	493
0.0906781027839001	1.08196009886088	134
0.0579847294012901	1.53448399214817	134
0.07776987608511	0.768921083156823	187
-0.0908966266307201	0.632179419989469	121
0.0700602183713299	0.339667981824094	1260
0.02238793929904	1.06085188914171	19
0.0816127987011901	0.78470823768377	1647
0.00278476088199997	1.66579172127436	1647
0.0859621987071599	0.35723664848931	121
-0.00443204799073005	1.29473999890391	19
0.01438802362196	0.693248089529072	121
0.12259552380634	1.16131738498796	29
-0.0325658999493501	1.48887481179996	186
-0.0862395574593999	0.631174105042113	249
-0.0205189719525101	1.48596214369652	193
-0.0411906849583801	0.965791610625521	121
0.04484338439535	1.32119231100582	366
-0.0966571947908199	1.44352149576764	19
0.0791929656489601	0.776167500902308	134
-0.00923586728159997	1.28609382868091	29
0.0785599036426701	1.11172775442592	54
-0.07749656377056	1.23859513703221	54
0.0347658424750801	1.02651933939871	366
0.0834035265544999	1.13849762714646	19
-0.0814526908493101	0.615002111111108	249
0.0924849981493201	0.782850904467381	187
0.11064925316161	1.15758259402944	194
0.01428943827292	0.666645926353523	29
0.0859621987071599	0.35723664848931	186
-0.0428554536658801	1.67806668221778	366
0.08853201107762	0.80092709564996	366
-0.0837829046671099	0.603081890246297	134
-0.00802588871921994	1.26833667481732	193
0.0459969884209499	1.3021566479551	121
0.08984697671035	0.346869790227819	186
0.00325136016402006	1.24335065455506	366
-0.00113104642866002	1.25860432505361	366
0.07924623886273	0.773404721006303	366
0.0859621987071599	0.35723664848931	1273
0.0867778469752101	0.355792058501662	19
0.0863842099036201	0.351828762907309	134
0.0802918032269499	0.357407509139933	261
0.0000372326399700196	2.17170434388056	261
0.08611254389099	1.34451010681457	261
0.08635457107887	0.355678869647947	121
-0.0864881862454501	0.617095767628753	54
-0.0332509869097899	0.921865792859981	134
-0.08644037268085	0.619862369426233	194
-0.0897687826881299	0.619482112062155	54
0.0956246085215999	0.774998968801223	366
-0.0903326016505701	0.62892338816335	196
0.0863842099036201	0.351828762907309	75
-0.0851108013427899	0.625779641039831	409
0.08511764830228	0.351686421365815	409
0.0859621987071599	0.35723664848931	19
0.0867778469752101	0.355792058501662	193
0.0863842099036201	0.351828762907309	121
0.0160848864933301	1.0469115396743	501
-0.0898448992105501	1.45953555738483	29
0.0248409639620899	2.19192486797031	54
-0.07221289633046	1.24799338122256	54
0.0940761023188199	1.36485240165895	366
-0.09968221894834	1.92379102166474	54
0.0199891069068501	0.696385068821578	261
0.0887688726381901	0.785506559979649	54
0.09187619081119	1.31472503331393	366
0.02320103576901	0.695680159634985	409
0.08067358118966	0.352113595115163	984
0.08554001154562	0.357121750207972	193
0.0238379332612	0.703754740446967	121
0.08635457107887	0.355678869647947	58
0.0289824039859501	0.686145360751396	409
0.0830305204955599	0.79510845562312	363
-0.0898448992105501	1.45953555738483	501
0.02324441433377	1.074914528466	54
0.03984961110995	1.32272447657706	19
0.02432104096869	0.693305426679145	2433
0.08511764830228	0.351686421365815	2433
0.0194298548369201	0.698812458788379	984
0.0288193017762599	1.51326024541902	501
-0.0489703518594999	1.82282547721836	366
0.0760963123824601	1.13135128394636	261
-0.09593967423584	0.620520166704934	261
-0.03683384408054	0.967338911015706	363
0.07694602325103	1.50011692021297	501
0.04625911070149	1.69163786408816	88
0.02243679185626	1.50470363075912	54
-0.03421857972953	1.45551030235448	54
0.04514490076782	1.66274482800022	196
0.0261486946345999	1.86618114793335	19
0.0246439348335299	0.701883429352783	409
0.00743100940125996	2.23969458510695	2130
-0.0294438432448101	1.4964036051856	2130
-0.0417837950098401	0.968023468022803	363
-0.0510792695837401	0.962580889789504	363
0.0414359274662901	1.71338582491899	88
0.08736042321866	1.09465726110507	29
0.0867778469752101	0.355792058501662	366
-0.00450110644812995	1.25966712119684	366
0.0210426211978001	0.709474969648677	409
-0.00261319564522999	1.82165238215735	19
0.0238379332612	0.703754740446967	193
0.08072117175836	0.353442487812182	121
0.0751223759928401	1.50376979462115	366
0.0867778469752101	0.355792058501662	19
0.09231723853104	1.56312696635405	120
0.0859621987071599	0.35723664848931	261
0.0837435925496599	0.352286373904616	2341
0.07787189409088	1.10573910038515	2341
-0.08587606798073	0.615845916163624	196
0.02777195273446	0.674192542764884	19
-0.08787632750483	0.617834232014522	2819
-0.08731229818293	0.617891497962559	261
-0.0848997509418301	1.39344530667829	363
0.0867778469752101	0.355792058501662	1374
0.08554001154562	0.357121750207972	58
-0.0771888779709899	1.22992847885488	88
0.02079546787246	0.708833611803891	88
0.02495241117799	0.703880766273682	54
-0.0862395574593999	0.631174105042113	19
-0.0832086263743601	1.68947917829386	19
-0.09059398383622	0.609903485829649	54
0.0802918032269499	0.357407509139933	19
0.02842407403459	0.682918786021331	19
-0.0862395574593999	0.631174105042113	2819
0.0272708959707599	1.07493367635053	501
0.0874696953230001	0.800044858666963	88
-0.00628418674881992	1.29167623536303	54
0.0298495809012	0.693847558641882	54
0.0815347016979899	0.352043699849502	676
-0.0856750766019301	0.629964134350056	19
0.0269104300648	1.0317405351044	120
0.07986225393948	0.353511217859612	19
0.08899332036748	0.351987418753263	261
0.02320103576901	0.695680159634985	29
-0.0868042440593899	0.629769731935243	676
0.11799322742308	1.98033905478508	120
-0.0731204914789401	1.24498411807673	19
-0.0875695991555201	0.619692253887167	19
0.11959756702148	1.18014079629393	261
0.0890060748153201	1.56592313828196	261
0.07538336321367	0.348308282244291	32
-0.0451598251462999	0.990108031095625	602
0.0863842099036201	0.351828762907309	1374
0.09261392846929	0.788010260892923	409
-0.0484308409446601	0.972599091974599	261
0.02495241117799	0.703880766273682	54
-0.0953741933126999	0.618633188669899	19
0.0984545855805601	1.32475414032866	409
-0.0493723279210601	0.983902586641038	88
0.0863842099036201	0.351828762907309	54
-0.0713391277242601	1.20949547447882	54
0.02656525742247	0.687091005098931	196
-0.09172192589164	0.622088991993712	19
-0.0861848573340001	0.605839137917604	19
0.11681834198828	1.16574912455732	120
-0.08083102889843	1.21979097020178	366
0.0993957456307399	1.74458207619862	261
0.07986225393948	0.353511217859612	1464
0.0802918032269499	0.357407509139933	1926
-0.0392351394511801	0.941043335006826	391
-0.0300846422882399	1.60831027651301	261
0.0863842099036201	0.351828762907309	1926
0.01828865016347	1.46074993952964	366
0.05595442695152	1.87142535999207	29
0.0352560578488901	0.995105650431375	120
0.08072117175836	0.353442487812182	193
0.0247032497305599	0.68841101492696	32
0.0956554561751599	0.790147582040505	29
-0.07779582078536	1.23243546844144	196
-0.0968550001419199	0.590829411967045	475
0.0530039457148499	1.30783521440447	32
-0.0409347246337399	0.970308042003736	54
0.0487520653079101	1.32285334905312	196
0.0859621987071599	0.35723664848931	602
0.0867778469752101	0.355792058501662	32
0.0359476561268099	1.73427087969071	29
-0.00514554628674002	1.26963270213062	54
0.08554001154562	0.357121750207972	276
0.0837435925496599	0.352286373904616	521
0.0158291039145899	0.6816506335384	521
0.0295405240372499	0.68721377365053	120
0.0859621987071599	0.35723664848931	193
-0.0201888410877	2.11344399738754	32
0.02737040105225	0.688310667303675	32
0.04789474503057	1.31206923674818	32
0.0964785986407099	0.775385108001517	32
-0.0864211509836399	1.46128122895549	29
0.0999935220268	2.17071344073018	54
0.08554001154562	0.357121750207972	521
0.08635457107887	0.355678869647947	521
0.0219499723563701	1.06036292064179	32
0.0802918032269499	0.357407509139933	938
-0.0862395574593999	0.631174105042113	19
-0.0593186813511	1.99449811653121	1263
0.08635457107887	0.355678869647947	120
0.08942760464447	0.797849229010454	354
-0.08222955534925	1.22617004943323	54
-0.0861021979312999	1.41678535401312	196
-0.0820152222085799	0.616154963453901	521
0.08554001154562	0.357121750207972	521
-0.04034142158718	0.968062744309366	1263
-0.07245324341307	1.20864813166257	475
-0.0915386005198799	0.606172888235229	475
0.08554001154562	0.357121750207972	193
0.0194298548369201	0.698812458788379	196
0.0863842099036201	0.351828762907309	196
0.08067358118966	0.352113595115163	276
0.12110584664006	1.17781313629836	29
-0.0454673942744901	1.66079365825045	196
0.0802918032269499	0.357407509139933	276
0.02929201337316	0.697118999051136	475
-0.0442242718636301	0.975196654153742	802
0.0932628542734399	1.36572225678736	32
0.08899332036748	0.351987418753263	938
-0.09040835396554	0.596669079522063	521
0.0185647070874699	1.03225608121163	32
-0.04541530605468	0.986517349894866	32
0.0428983093709201	1.29024176452727	26
0.0374294673907101	1.75087202994023	1805
0.02764869451426	1.04500395543689	354
-0.0807102059600799	1.23151607686176	54
0.08554001154562	0.357121750207972	32
-0.0817175823615801	0.611830100698017	54
-0.0997362960577299	1.80900959811497	193
0.0867778469752101	0.355792058501662	521
0.0863842099036201	0.351828762907309	521
0.0252014111516301	0.703021516927203	120
0.08067358118966	0.352113595115163	193
0.0187098920842399	0.686985628796823	320
0.08110423217824	0.35597088188107	320
0.0891206179886099	0.795978444021283	26
0.1195834169211	1.17248981605222	1805
-0.0873691365456499	0.625452101317025	521
0.11955037716292	1.17394438587012	120
0.02848589836482	0.688405999726459	1805
-0.0864881862454501	0.617095767628753	54
-0.10314223520814	1.97071831612368	196
0.0837435925496599	0.352286373904616	521
-0.0776783694130501	1.23563937517956	32
0.0300099597102801	1.49270517648917	54
-0.0860402993998901	0.616480820417971	475
0.0915683469767501	0.793902219528091	193
0.08984697671035	0.346869790227819	32
-0.08731229818293	0.617891497962559	54
0.0859621987071599	0.35723664848931	391
0.02255880299761	1.05108165906427	196
-0.0788832354181499	1.23761576957125	19
0.08635457107887	0.355678869647947	910
0.08554001154562	0.357121750207972	196
0.0244831098021601	1.06682843834644	475
0.08720094621311	0.350436388922643	32
-0.0212757985409	2.1170373029258	391
-0.02725363503546	1.46118619996412	475
0.06730493098866	1.53290565261576	475
0.0291319318849399	1.0400770618864	32
0.0894202380526801	0.352096613802028	32
0.12475940547344	1.14150123767515	32
0.08554001154562	0.357121750207972	32
0.0263157360188	0.698696783066224	32
0.0750110312308101	0.34948213637977	29
0.02264071623695	0.693189699054351	391
0.0948328296347201	0.791909929609557	910
-0.0928506928053201	0.61881718200679	32
0.0835835947161301	1.10867322225859	32
-0.0908966266307201	0.632179419989469	29
0.03225553766754	1.05089981108328	29
0.02825399250612	1.04289567480256	2766
0.0859621987071599	0.35723664848931	94
0.01631919995928	0.697508693876274	32
-0.0460981853490501	0.96888639838611	32
-0.0461299836134801	0.983761029663128	1271
0.06003357853794	1.27323909099852	1271
0.09297717623469	0.785084839673769	1271
0.01495030767385	0.697867212558844	32
0.0909637641845899	0.805080373067946	32
0.0835015070777301	0.796406225178223	32
-0.0428554536658801	1.67806668221778	1018
0.0802918032269499	0.357407509139933	1072
-0.08201816721416	1.43949349096515	354
-0.0431157073516899	0.977271886479688	797
0.08635457107887	0.355678869647947	19
0.08568879911581	0.787092715146763	193
-0.04127287164912	0.960192187091725	374
0.0216021394128501	0.706955034392252	1072
0.0239098445913299	0.665243237622292	797
0.09237823745695	0.798273271029916	2766
-0.0856750766019301	0.629964134350056	19
-0.0451598251462999	0.990108031095625	19
0.0309945176723701	1.04905221048127	32
0.07637513958783	1.50299204684537	54
-0.0458762219315501	0.978255214596618	132
0.0867778469752101	0.355792058501662	94
0.0867778469752101	0.355792058501662	132
-0.0982940247938	2.03654839513322	32
0.08554001154562	0.357121750207972	1327
-0.0851108013427899	0.625779641039831	797
0.0867778469752101	0.355792058501662	94
-0.08512253415266	1.40605610350025	483
0.02737040105225	0.688310667303675	193
-0.08644037268085	0.619862369426233	32
-0.0260518852156599	1.46891110591117	32
-0.0186414755747699	1.27239909869019	1438
0.10236432525067	1.54748906486406	483
-0.03351640843802	1.64923904971616	19
0.12386279995701	0.878824215598342	193
-0.0452762079260101	0.981545890307804	32
-0.09167040785849	1.45278149021207	43
0.0659505822225701	1.53252040173112	608
-0.07628237296628	1.23647960925716	1438
-0.0794919902028499	1.23878594174186	193
-0.05243092750932	1.78078125043989	483
0.1247531676495	1.15922091427052	1781
-0.0849111909268401	0.616644350818079	32
0.0924849981493201	0.782850904467381	43
0.0804695109467399	1.9448297759459	196
0.0937246123748601	1.37281164044994	132
-0.02486002087039	1.44917816353712	132
0.02079546787246	0.708833611803891	94
-0.07238997568238	2.14402621061592	19
-0.0866462791229199	1.41351774391243	132
0.09039409437343	1.09491568055227	32
0.0902518518850699	0.782884542835498	32
-0.08787632750483	0.617834232014522	43
0.0986888628401801	1.54011180528585	608
-0.00892330550837994	1.30401405703363	608
-0.09122918930789	0.597415436769708	94
-0.0856750766019301	0.629964134350056	193
0.0893384415557501	0.778854896559811	193
0.0745742023431799	0.34965580639375	32
0.0272708959707599	1.07493367635053	43
0.0174429720111799	0.691563710442185	19
0.05975963568489	1.24852709871325	193
-0.0345211090054001	1.44702714824633	283
0.0867778469752101	0.355792058501662	94
0.0233468195868301	0.666506523726464	132
-0.07786049523578	0.595203328815894	790
0.0915683469767501	0.793902219528091	32
-0.08644037268085	0.619862369426233	43
-0.0562926590055499	0.943209584987632	43
-0.05312434839569	1.90327504311214	94
-0.0405978099851501	0.960993985683067	283
0.12079177095358	1.14998260282252	29
0.0863842099036201	0.351828762907309	94
-0.09172192589164	0.622088991993712	2421
0.0895738097759999	1.37154206683687	29
0.02071542422115	0.668323666925005	794
0.03984961110995	1.32272447657706	608
-0.0853608438201901	0.605068864031833	94
0.0887953641591801	0.770890145562805	483
0.08554001154562	0.357121750207972	2421
-0.0725747387668101	2.31772063100321	29
0.0185566618872399	0.702970411648682	54
-0.0451598251462999	0.990108031095625	196
0.0940107190570001	0.779742661128198	94
-0.0914608577731899	0.632108105324877	132
-0.03657889515179	0.948132678780007	193
0.0863842099036201	0.351828762907309	19
-0.08205458153524	1.23514176607546	19
0.10344134849112	1.31810038118619	29
-0.00445974607589994	1.27898105837227	608
0.0831139980984801	1.93564622313896	19
0.0833092545060601	0.348525620929045	132
0.0802918032269499	0.357407509139933	132
0.0983204116946399	0.768079170040884	729
0.0857047987181401	0.807281603664307	43
0.0863842099036201	0.351828762907309	196
0.0867778469752101	0.355792058501662	19
0.02544020199547	0.676431605928537	43
0.12491065790415	1.72878730150626	29
0.0781863170480901	1.14029411939396	19
0.12020095147349	1.39499953424108	19
0.0861491227987901	1.11635101682362	1336
0.0994057455956201	1.3292878388045	54
0.0915683469767501	0.793902219528091	54
0.0299760411443699	1.06385953672308	19
-0.0862395574593999	0.631174105042113	729
0.0467017539527901	2.03436018517784	54
0.07019423203661	1.53442065985957	43
0.12393550417433	1.58131133848254	19
0.07029321351736	2.04579556942362	729
-0.09276468052908	1.61028160487713	196
0.07702389933565	1.12495916325026	729
0.0480990342958001	1.34506464203833	43
0.0215738877832301	1.51487420312871	196
0.08554001154562	0.357121750207972	196
0.08511602593124	0.804773354514557	19
0.102922743656	1.31789755488398	193
0.0210426211978001	0.709474969648677	193
0.0894202380526801	0.352096613802028	196
0.0875819801242299	0.769401641625633	19
0.08417774668827	0.348452703172148	1633
-0.09202529522229	0.628747678223887	1633
0.10058634465179	1.5574720639498	54
0.07986225393948	0.353511217859612	196
0.0859621987071599	0.35723664848931	2749
-0.0928506928053201	0.61881718200679	2749
-0.03118025406987	1.63151236564626	196
0.09968234390209	1.77561278005706	31
-0.0793088808623099	1.20668351218839	196
0.0113457894611	0.680416762680354	196
0.07966260208743	0.781691398982034	31
0.05358011317719	1.32238176807063	54
0.11986236825607	2.20176602498183	608
0.08199674788124	1.71799070521372	1311
-0.02482911283808	2.04123151418857	31
-0.01299307175053	1.28958671901024	31
0.0413806030823201	1.307882973699	42
0.08793480197435	0.793673192358619	54
-0.0816402696116301	1.2211693869905	54
-0.0481749027715299	0.981223144138465	54
0.07763182412001	1.12527472103638	608
-0.0361803331489501	1.63963012707227	31
0.0396790505540501	1.72402531837506	54
-0.0437117277583401	0.98127752782126	608
0.0287602547129699	1.0687270662401	2219
-0.09285759936254	1.6537809748512	193
-0.04034142158718	0.968062744309366	31
-0.08947340871772	1.41928218746695	54
0.0906136238411901	1.56316346448164	1311
-0.0208087949432101	1.48197249086861	1313
-0.0725135813821201	1.239261492473	2219
0.0341239376597	1.84568080371622	31
-0.10133826509895	2.0931064717961	31
0.04043145803389	1.71933306173417	31
-0.06929343619775	1.22274931950072	31
-0.09163894141114	1.43840173864938	31
0.0731158039065301	1.5180035657902	54
-0.0781040104430999	1.23522799588981	31
-0.0862395574593999	0.631174105042113	31
0.0745610589499801	1.12814818887996	196
0.08978909936158	1.09686930099846	1311
0.0322109059422699	1.04435157580638	1313
0.00623284597025009	2.05976840289074	31
-0.0238845123961799	1.45909005650681	31
0.0210426211978001	0.709474969648677	19
0.02495241117799	0.703880766273682	1313
0.02488072693029	0.687932598765596	31
-0.04084299461163	0.950367171636196	54
0.12411666600384	1.15326948643843	54
0.0909637641845899	0.805080373067946	29
0.11568934268749	1.92223670584355	599
-0.0851108013427899	0.625779641039831	19
-0.09097337385314	0.604376390390662	54
0.10692597672684	1.97202642188358	31
0.09781142525553	1.98817033089498	31
0.0921536750351299	0.79078911738727	31
0.05682715889169	2.1191511698135	54
-0.0788832354181499	1.23761576957125	2554
0.01822287869038	1.05605883146802	31
0.0851023439285901	1.35131590809538	54
-0.0768893513312301	1.23901623717695	599
0.04479081171747	1.27380206745925	31
-0.00788317446810005	1.28383410595108	31
-0.0998777264618001	1.63580142550289	31
-0.0756756285171401	1.23086910927486	31
-0.04392826333282	1.79916980079673	1198
-0.0787650744255399	1.22434989435234	599
0.0820838375119599	1.34918940291111	19
0.02821377725323	1.06920989991766	1109
0.02646562505663	1.89037346198333	29
0.00941526939681991	1.66741856617909	54
-0.0451526767417101	0.948441793424129	196
0.08147766384904	0.785917445791061	1109
0.0891942049694801	0.804804209574595	19
-0.09172192589164	0.622088991993712	1467
-0.0820152222085799	0.616154963453901	31
0.0210426211978001	0.709474969648677	31
0.08511764830228	0.351686421365815	31
0.0256376115332799	1.05391764206672	54
0.0867778469752101	0.355792058501662	54
0.08110423217824	0.35597088188107	54
0.0762136830374001	1.12461461623637	54
0.0829026663521	0.78433996389279	196
0.0863842099036201	0.351828762907309	287
0.0859621987071599	0.35723664848931	287
0.0950685789037999	0.791102972819712	1109
0.0234468026601	0.70200098203065	31
0.0113457894611	0.680416762680354	31
0.08554001154562	0.357121750207972	31
0.0815347016979899	0.352043699849502	31
-0.0834053223570901	0.615637061214785	436
0.08720094621311	0.350436388922643	545
0.08554001154562	0.357121750207972	545
0.0859621987071599	0.35723664848931	2838
0.0885662235348199	0.34673927137164	599
0.08635457107887	0.355678869647947	1109
0.08635457107887	0.355678869647947	29
0.07864171605907	1.14318034003968	29
0.09589144833888	0.776310532175204	29
0.0859621987071599	0.35723664848931	1331
0.0859621987071599	0.35723664848931	2709
0.08067358118966	0.352113595115163	2709
0.0859621987071599	0.35723664848931	54
0.08554001154562	0.357121750207972	2838
0.08720094621311	0.350436388922643	2838
0.07801952160216	0.344839899598007	2838
0.0859621987071599	0.35723664848931	2838
-0.01556185869882	2.49646716530747	54
-0.03229957693587	1.44536671213958	1298
0.00796803788356004	1.68641896009502	54
0.0969486477511501	1.77752566976476	100
0.10256665375854	1.77250709218031	31
-0.0861021979312999	1.41678535401312	31
0.11787049315004	1.39847151318937	287
0.00930115226788009	1.68767371930857	31
0.0770876644184999	1.94515867807625	31
0.024399549667	1.04059860095792	31
-0.08884410729847	1.43399935056849	31
0.10138917385586	1.98442165224034	54
-0.11827060174035	2.49158230750796	196
0.02106657522342	1.05501006195904	287
0.11991069008191	2.42454283033147	31
0.10459089764029	1.93256744592483	31
0.05825346640059	1.87524420924851	1331
0.0238379332612	0.703754740446967	196
0.07703517418248	2.46657832486711	196
0.08794316701626	0.803237974962335	287
0.0853508500436499	0.8013933622806	31
0.0941716447821299	1.58789413319291	31
0.0557115601514699	1.29874040808009	54
-0.0387871612464299	1.6745745145447	31
0.08110423217824	0.35597088188107	31
0.04419386690159	2.44047433616346	31
0.0910686601286499	1.73321274540851	31
0.0247335171971099	1.4894557395444	31
0.0863842099036201	0.351828762907309	31
0.0837435925496599	0.352286373904616	100
0.0833698547369901	1.12518866688536	506
0.08899332036748	0.351987418753263	287
0.0863842099036201	0.351828762907309	287
0.0894202380526801	0.352096613802028	287
0.08899332036748	0.351987418753263	31
-0.08950798455586	0.615710211810229	31
-0.02027727969215	1.41840211398779	196
0.124792442318	1.16985494226874	31
-0.08284253727627	0.61695772724414	31
0.0256376115332799	1.05391764206672	54
0.0239098445913299	0.665243237622292	506
0.0863842099036201	0.351828762907309	100
0.02023608277842	0.711366387704013	287
-0.0822799573256301	0.615802745175666	287
-0.0856750766019301	0.629964134350056	14
0.0321823862647299	0.993834503859075	31
-0.0862395574593999	0.631174105042113	100
-0.00791984739884999	1.26778325574915	31
0.0799345273549199	1.12578745221922	31
-0.0862395574593999	0.631174105042113	31
0.02929201337316	0.697118999051136	14
-0.10838500778034	2.15488060185393	31
0.0251275285602	0.702145442683849	287
0.09016035117171	0.793131855701067	31
0.09261392846929	0.788010260892923	31
0.0945968152563099	0.776744127087871	29
0.0821576245122799	1.13500939333144	29
0.04719437856246	2.03092328325412	31
0.02135464227602	0.703190131268845	14
0.0867778469752101	0.355792058501662	287
-0.08736170684822	1.43271962494885	917
0.0216021394128501	0.706955034392252	287
-0.0497082420502	0.92873987597454	287
-0.0556883334874301	0.943346195042882	287
0.10489244852035	2.16603498572859	14
0.0869821436379701	0.782721416200761	14
0.02477508309527	1.51113092430876	287
0.02341177998438	2.19802779619908	287
-0.10359779796217	1.6050807975123	287
0.07667295957389	1.10809720323713	14
-0.09115785182895	0.618961705601459	287
0.12477959905273	1.18304117624952	287
-0.03937201093474	1.65071398316311	14
0.02971478666396	1.82677380087857	31
0.08720094621311	0.350436388922643	287
-0.0396123369741499	0.966338134845888	31
0.08072117175836	0.353442487812182	287
0.08635457107887	0.355678869647947	67
0.0859621987071599	0.35723664848931	287
0.01631919995928	0.697508693876274	31
0.0252014111516301	0.703021516927203	14
-0.1009676796674	1.80706471450078	54
0.0913306974402499	0.789083878817612	551
0.02400725601443	0.704585755161447	287
0.0872472286527	1.11185922173609	31
-0.0740351369564001	1.24666386574603	31
0.07986225393948	0.353511217859612	606
0.0815347016979899	0.352043699849502	287
-0.0962475760455199	1.65236641875886	31
0.00718426176304998	1.65586804009796	31
0.02764869451426	1.04500395543689	14
0.0815347016979899	0.352043699849502	67
0.0263157360188	0.698696783066224	606
0.01271730459698	0.675412287181647	464
-0.0862395574593999	0.631174105042113	54
0.0867778469752101	0.355792058501662	606
0.08067358118966	0.352113595115163	287
-0.04432867467642	1.81969761700567	31
-0.09115785182895	0.618961705601459	31
0.0557170971626799	2.4986674568768	31
0.05256878970752	1.53545053484558	464
0.0859621987071599	0.35723664848931	606
0.07964676412507	1.11881527149062	31
0.0295405240372499	0.68721377365053	31
0.00620622840624008	1.6567373705874	31
0.09424979341795	1.32001296653176	329
-0.04127287164912	0.960192187091725	464
0.0859621987071599	0.35723664848931	621
0.08554001154562	0.357121750207972	287
-0.0864211509836399	1.46128122895549	464
-0.0103336594969501	2.36481292852781	31
0.11036761258262	1.95306973042904	31
0.08554001154562	0.357121750207972	464
0.06402794932416	2.14518871359609	31
0.08635457107887	0.355678869647947	287
0.0715593753906101	1.96171097494821	464
-0.00615264217938005	1.82070177344583	31
0.02023608277842	0.711366387704013	287
0.0888829911746001	0.793387201648388	31
0.0788330592315001	0.787150221213913	31
0.0859621987071599	0.35723664848931	329
-0.03541583237589	1.46840657069839	464
0.0185566618872399	0.702970411648682	287
0.08635457107887	0.355678869647947	329
0.0705744601866001	2.24783058216382	464
0.00909469263904006	2.03585948228642	464
-0.07623501231668	2.33963759461224	287
0.08184765173108	0.800385579373597	31
0.09841508653578	2.47208220526491	464
0.0295405240372499	0.68721377365053	464
-0.03811781425619	1.45668731931919	31
0.0802540153323901	1.94498504357784	464
-0.0645349791649199	2.00407632811853	31
-0.1119735104624	2.42954417585397	287
0.08605723375451	0.790260654404941	287
-0.0747685371032301	1.22743757129364	31
0.0154050770284899	1.50812247142148	31
0.0453995454874701	1.7019958235678	31
-0.0423771403063	0.967835239672939	1259
0.07702389933565	1.12495916325026	31
-0.00759946873351991	1.28175072885006	31
0.08511764830228	0.351686421365815	329
0.0508648243688401	1.63919329636226	233
-0.08731229818293	0.617891497962559	62
-0.07786049523578	0.595203328815894	31
-0.0870048830243599	0.621029218978779	31
-0.11382930598532	2.30967932807151	31
0.0174429720111799	0.691563710442185	1259
-0.0862395574593999	0.631174105042113	1259
-0.0845467315382999	0.61567377471376	62
0.02023608277842	0.711366387704013	31
0.09899364665462	1.28901723064657	62
0.0867778469752101	0.355792058501662	329
-0.0418219400473501	2.25781618771596	31
-0.08089036442484	0.611037850171035	62
0.0255093364719501	0.700554081526988	62
-0.04031466481012	0.946086098098583	329
0.0849015544527201	1.12130787077953	31
0.12167651563323	1.15208172511582	62
0.0843292283229999	0.779184531222885	233
-0.0411906849583801	0.965791610625521	67
0.0199891069068501	0.696385068821578	62
-0.0643342447442601	2.15430666267323	233
0.1184894303894	1.40064308097839	62
0.02135464227602	0.703190131268845	233
-0.04024758556556	1.63682349319902	233
0.0147934932661999	1.04696525212534	62
0.0216021394128501	0.706955034392252	655
0.0863842099036201	0.351828762907309	503
0.0423754408031301	1.31674979208261	62
-0.00782121374232991	1.85950499618166	464
-0.0186916800302099	1.47267194202858	31
0.08362159627001	0.787605522392373	503
0.0953040620233501	0.775265058774138	464
-0.04502215407715	0.958966397929734	464
-0.09122918930789	0.597415436769708	62
0.0724994133002499	1.49937470435793	62
0.0808598887736001	1.11942079786763	31
0.04501482296369	1.32707269958673	503
0.10570289960417	1.95078688075825	31
-0.0351796506936199	0.932764733779787	227
0.0846854674302899	0.791175762770129	227
-0.05116649272223	0.953959166132836	227
0.0251275285602	0.702145442683849	227
0.0956554561751599	0.790147582040505	464
-0.04851812119352	0.976422087459764	62
-0.0837829046671099	0.603081890246297	503
0.0241464568988501	0.691597188882022	62
0.02096034832868	0.687057273332848	62
0.0276794293314999	0.678086198364729	62
0.0420395158687701	1.73093035368842	31
-0.0848528947842999	1.46026492237144	62
0.0224091210725901	0.691879553397497	62
-0.0448196704766399	0.982471824664327	62
0.09503391170534	0.779688293011611	62
0.0487520653079101	1.32285334905312	62
0.04604656254272	1.32837995246945	62
0.00424996852805992	1.67675360088038	62
0.0497311041922901	1.88416170356928	83
0.0863842099036201	0.351828762907309	62
0.10356062998808	0.726640623618588	62
0.11520702522929	2.45483340200409	31
-0.0465785727410799	1.80305349635563	1130
0.07837360223436	1.08637217810737	1130
-0.0943488252318501	1.65716385803367	31
0.0161140280354199	1.05656389391519	1130
0.08554001154562	0.357121750207972	176
-0.04407690034128	0.978866151183297	287
0.0976393851202699	1.35526158347752	62
0.0253639063400799	1.06388901521752	31
-0.0961963127793	0.609158553986361	31
0.0854692074716099	0.792496432634685	31
0.0804847970696601	1.07192147461269	162
0.0863842099036201	0.351828762907309	31
0.02023608277842	0.711366387704013	31
-0.08644037268085	0.619862369426233	62
-0.0851108013427899	0.625779641039831	287
0.0160742375927101	0.697927633213266	162
-0.0908966266307201	0.632179419989469	31
0.08110423217824	0.35597088188107	31
-0.0853608438201901	0.605068864031833	510
0.0802918032269499	0.357407509139933	31
0.08635457107887	0.355678869647947	448
-0.04697843432634	0.964343261852963	287
0.0298495809012	0.693847558641882	162
-0.0851108013427899	0.625779641039831	62
0.0252014111516301	0.703021516927203	162
-0.0843469450921699	0.612671128407819	62
0.12146717134418	1.15686550519745	62
0.08184765173108	0.800385579373597	31
0.12207363983264	1.79048481108678	62
0.0241249547471101	1.04457783460228	62
0.0859621987071599	0.35723664848931	62
0.02907365848553	1.04235075337042	62
0.0204575990731599	1.06068553045934	62
0.0921422815489401	0.791612301660582	62
0.0461411059356001	1.64714564378756	560
-0.0491318463127	1.82484365623193	62
-0.0346678435599601	1.6387517383569	560
0.0194658624635	1.89961235149579	560
0.00636951722252999	0.647497781547309	62
-0.00167126665591999	2.19585269002978	62
-0.0437117277583401	0.98127752782126	560
0.08133080490148	1.87611906266131	62
0.0956554561751599	0.790147582040505	783
-0.04801803487931	0.912035979771224	560
-0.11439066473449	1.78997484530558	62
0.0219576640924399	1.0541096126987	386
-0.0907715317814199	1.45196311395084	62
0.0894202380526801	0.352096613802028	62
-0.0843469450921699	0.612671128407819	62
